<?xml version="1.0" encoding="UTF-8"?>
<entity_profile>
<cart><id_cart><![CDATA[21712]]></id_cart>
<id_shop_group><![CDATA[1]]></id_shop_group>
<id_shop><![CDATA[1]]></id_shop>
<id_address_delivery><![CDATA[10629]]></id_address_delivery>
<id_address_invoice><![CDATA[10629]]></id_address_invoice>
<id_carrier><![CDATA[156]]></id_carrier>
<id_currency><![CDATA[1]]></id_currency>
<id_customer><![CDATA[4833]]></id_customer>
<id_guest><![CDATA[5110901]]></id_guest>
<id_lang><![CDATA[1]]></id_lang>
<recyclable><![CDATA[0]]></recyclable>
<gift><![CDATA[0]]></gift>
<gift_message><![CDATA[]]></gift_message>
<mobile_theme><![CDATA[0]]></mobile_theme>
<delivery_option><![CDATA[a:1:{i:10629;s:4:"156,";}]]></delivery_option>
<secure_key><![CDATA[cda9f16604b4a15e469cc0421d931860]]></secure_key>
<allow_seperated_package><![CDATA[0]]></allow_seperated_package>
<date_add><![CDATA[2019-11-10 12:08:18]]></date_add>
<date_upd><![CDATA[2019-11-12 15:55:19]]></date_upd>
</cart>
<cart><id_cart><![CDATA[21713]]></id_cart>
<id_shop_group><![CDATA[1]]></id_shop_group>
<id_shop><![CDATA[1]]></id_shop>
<id_address_delivery><![CDATA[10630]]></id_address_delivery>
<id_address_invoice><![CDATA[10630]]></id_address_invoice>
<id_carrier><![CDATA[156]]></id_carrier>
<id_currency><![CDATA[1]]></id_currency>
<id_customer><![CDATA[4834]]></id_customer>
<id_guest><![CDATA[5064119]]></id_guest>
<id_lang><![CDATA[1]]></id_lang>
<recyclable><![CDATA[0]]></recyclable>
<gift><![CDATA[0]]></gift>
<gift_message><![CDATA[]]></gift_message>
<mobile_theme><![CDATA[0]]></mobile_theme>
<delivery_option><![CDATA[a:1:{i:10630;s:4:"156,";}]]></delivery_option>
<secure_key><![CDATA[82f597d33e35a1cbb39592dfd0b06b6b]]></secure_key>
<allow_seperated_package><![CDATA[0]]></allow_seperated_package>
<date_add><![CDATA[2019-11-10 15:33:39]]></date_add>
<date_upd><![CDATA[2019-11-19 09:39:53]]></date_upd>
</cart>
<cart><id_cart><![CDATA[21735]]></id_cart>
<id_shop_group><![CDATA[1]]></id_shop_group>
<id_shop><![CDATA[1]]></id_shop>
<id_address_delivery><![CDATA[10638]]></id_address_delivery>
<id_address_invoice><![CDATA[10638]]></id_address_invoice>
<id_carrier><![CDATA[155]]></id_carrier>
<id_currency><![CDATA[1]]></id_currency>
<id_customer><![CDATA[4836]]></id_customer>
<id_guest><![CDATA[5130881]]></id_guest>
<id_lang><![CDATA[1]]></id_lang>
<recyclable><![CDATA[0]]></recyclable>
<gift><![CDATA[0]]></gift>
<gift_message><![CDATA[]]></gift_message>
<mobile_theme><![CDATA[0]]></mobile_theme>
<delivery_option><![CDATA[a:1:{i:10638;s:4:"155,";}]]></delivery_option>
<secure_key><![CDATA[72335fd9db6222204235ed8db356cf70]]></secure_key>
<allow_seperated_package><![CDATA[0]]></allow_seperated_package>
<date_add><![CDATA[2019-11-16 14:09:01]]></date_add>
<date_upd><![CDATA[2019-11-22 13:44:55]]></date_upd>
</cart>
<cart><id_cart><![CDATA[21740]]></id_cart>
<id_shop_group><![CDATA[1]]></id_shop_group>
<id_shop><![CDATA[1]]></id_shop>
<id_address_delivery><![CDATA[10630]]></id_address_delivery>
<id_address_invoice><![CDATA[10630]]></id_address_invoice>
<id_carrier><![CDATA[156]]></id_carrier>
<id_currency><![CDATA[1]]></id_currency>
<id_customer><![CDATA[4837]]></id_customer>
<id_guest><![CDATA[5064119]]></id_guest>
<id_lang><![CDATA[1]]></id_lang>
<recyclable><![CDATA[0]]></recyclable>
<gift><![CDATA[0]]></gift>
<gift_message><![CDATA[]]></gift_message>
<mobile_theme><![CDATA[0]]></mobile_theme>
<delivery_option><![CDATA[a:2:{i:10640;s:4:"156,";i:10630;s:4:"156,";}]]></delivery_option>
<secure_key><![CDATA[0a99b7d9e4e47a6f924c3d943e893a9a]]></secure_key>
<allow_seperated_package><![CDATA[0]]></allow_seperated_package>
<date_add><![CDATA[2019-11-17 11:46:39]]></date_add>
<date_upd><![CDATA[2019-11-19 12:43:29]]></date_upd>
</cart>
<cart><id_cart><![CDATA[21760]]></id_cart>
<id_shop_group><![CDATA[1]]></id_shop_group>
<id_shop><![CDATA[1]]></id_shop>
<id_address_delivery><![CDATA[10654]]></id_address_delivery>
<id_address_invoice><![CDATA[10654]]></id_address_invoice>
<id_carrier><![CDATA[127]]></id_carrier>
<id_currency><![CDATA[1]]></id_currency>
<id_customer><![CDATA[4840]]></id_customer>
<id_guest><![CDATA[5106378]]></id_guest>
<id_lang><![CDATA[1]]></id_lang>
<recyclable><![CDATA[0]]></recyclable>
<gift><![CDATA[0]]></gift>
<gift_message><![CDATA[]]></gift_message>
<mobile_theme><![CDATA[0]]></mobile_theme>
<delivery_option><![CDATA[a:1:{i:10654;s:4:"127,";}]]></delivery_option>
<secure_key><![CDATA[3cc3274b188f1af15e0068ec3fa8c3bb]]></secure_key>
<allow_seperated_package><![CDATA[0]]></allow_seperated_package>
<date_add><![CDATA[2019-11-24 09:56:28]]></date_add>
<date_upd><![CDATA[2019-11-24 09:56:33]]></date_upd>
</cart>
<cart><id_cart><![CDATA[21692]]></id_cart>
<id_shop_group><![CDATA[1]]></id_shop_group>
<id_shop><![CDATA[1]]></id_shop>
<id_address_delivery><![CDATA[10658]]></id_address_delivery>
<id_address_invoice><![CDATA[10658]]></id_address_invoice>
<id_carrier><![CDATA[155]]></id_carrier>
<id_currency><![CDATA[1]]></id_currency>
<id_customer><![CDATA[3583]]></id_customer>
<id_guest><![CDATA[5084619]]></id_guest>
<id_lang><![CDATA[5]]></id_lang>
<recyclable><![CDATA[0]]></recyclable>
<gift><![CDATA[0]]></gift>
<gift_message><![CDATA[]]></gift_message>
<mobile_theme><![CDATA[0]]></mobile_theme>
<delivery_option><![CDATA[a:1:{i:10658;s:4:"155,";}]]></delivery_option>
<secure_key><![CDATA[2007be1f90ee151cde58329babb4c92b]]></secure_key>
<allow_seperated_package><![CDATA[0]]></allow_seperated_package>
<date_add><![CDATA[2019-11-24 20:18:34]]></date_add>
<date_upd><![CDATA[2019-11-24 20:18:43]]></date_upd>
</cart>
</entity_profile>
