<?xml version="1.0" encoding="UTF-8"?>
<entity_profile>
<currency><id_currency><![CDATA[1]]></id_currency>
<name><![CDATA[Euro]]></name>
<iso_code><![CDATA[EUR]]></iso_code>
<iso_code_num><![CDATA[978]]></iso_code_num>
<blank><![CDATA[1]]></blank>
<sign><![CDATA[€]]></sign>
<format><![CDATA[2]]></format>
<decimals><![CDATA[1]]></decimals>
<conversion_rate><![CDATA[1.000000]]></conversion_rate>
<deleted><![CDATA[0]]></deleted>
<active><![CDATA[1]]></active>
<datashop id_shop="1" conversion_rate="1.000000"></datashop>
</currency>
</entity_profile>
