<?xml version="1.0" encoding="UTF-8"?>
<entity_profile>
<customer_group><id_customer><![CDATA[996]]></id_customer>
<id_group><![CDATA[3]]></id_group>
</customer_group>
<customer_group><id_customer><![CDATA[997]]></id_customer>
<id_group><![CDATA[2]]></id_group>
</customer_group>
<customer_group><id_customer><![CDATA[998]]></id_customer>
<id_group><![CDATA[3]]></id_group>
</customer_group>
<customer_group><id_customer><![CDATA[999]]></id_customer>
<id_group><![CDATA[3]]></id_group>
</customer_group>
<customer_group><id_customer><![CDATA[1000]]></id_customer>
<id_group><![CDATA[3]]></id_group>
</customer_group>
<customer_group><id_customer><![CDATA[1001]]></id_customer>
<id_group><![CDATA[3]]></id_group>
</customer_group>
<customer_group><id_customer><![CDATA[1002]]></id_customer>
<id_group><![CDATA[3]]></id_group>
</customer_group>
<customer_group><id_customer><![CDATA[1003]]></id_customer>
<id_group><![CDATA[2]]></id_group>
</customer_group>
<customer_group><id_customer><![CDATA[1004]]></id_customer>
<id_group><![CDATA[2]]></id_group>
</customer_group>
<customer_group><id_customer><![CDATA[1005]]></id_customer>
<id_group><![CDATA[2]]></id_group>
</customer_group>
<customer_group><id_customer><![CDATA[1006]]></id_customer>
<id_group><![CDATA[2]]></id_group>
</customer_group>
<customer_group><id_customer><![CDATA[1007]]></id_customer>
<id_group><![CDATA[3]]></id_group>
</customer_group>
<customer_group><id_customer><![CDATA[1008]]></id_customer>
<id_group><![CDATA[2]]></id_group>
</customer_group>
<customer_group><id_customer><![CDATA[1009]]></id_customer>
<id_group><![CDATA[2]]></id_group>
</customer_group>
<customer_group><id_customer><![CDATA[1010]]></id_customer>
<id_group><![CDATA[2]]></id_group>
</customer_group>
<customer_group><id_customer><![CDATA[1011]]></id_customer>
<id_group><![CDATA[2]]></id_group>
</customer_group>
<customer_group><id_customer><![CDATA[1012]]></id_customer>
<id_group><![CDATA[2]]></id_group>
</customer_group>
<customer_group><id_customer><![CDATA[1013]]></id_customer>
<id_group><![CDATA[2]]></id_group>
</customer_group>
<customer_group><id_customer><![CDATA[1014]]></id_customer>
<id_group><![CDATA[2]]></id_group>
</customer_group>
<customer_group><id_customer><![CDATA[1015]]></id_customer>
<id_group><![CDATA[3]]></id_group>
</customer_group>
<customer_group><id_customer><![CDATA[1016]]></id_customer>
<id_group><![CDATA[3]]></id_group>
</customer_group>
<customer_group><id_customer><![CDATA[1017]]></id_customer>
<id_group><![CDATA[3]]></id_group>
</customer_group>
<customer_group><id_customer><![CDATA[1018]]></id_customer>
<id_group><![CDATA[3]]></id_group>
</customer_group>
<customer_group><id_customer><![CDATA[1019]]></id_customer>
<id_group><![CDATA[2]]></id_group>
</customer_group>
<customer_group><id_customer><![CDATA[1020]]></id_customer>
<id_group><![CDATA[3]]></id_group>
</customer_group>
<customer_group><id_customer><![CDATA[1021]]></id_customer>
<id_group><![CDATA[3]]></id_group>
</customer_group>
<customer_group><id_customer><![CDATA[1022]]></id_customer>
<id_group><![CDATA[2]]></id_group>
</customer_group>
<customer_group><id_customer><![CDATA[1023]]></id_customer>
<id_group><![CDATA[2]]></id_group>
</customer_group>
<customer_group><id_customer><![CDATA[1024]]></id_customer>
<id_group><![CDATA[3]]></id_group>
</customer_group>
<customer_group><id_customer><![CDATA[1025]]></id_customer>
<id_group><![CDATA[2]]></id_group>
</customer_group>
<customer_group><id_customer><![CDATA[1026]]></id_customer>
<id_group><![CDATA[3]]></id_group>
</customer_group>
<customer_group><id_customer><![CDATA[1027]]></id_customer>
<id_group><![CDATA[3]]></id_group>
</customer_group>
<customer_group><id_customer><![CDATA[1028]]></id_customer>
<id_group><![CDATA[2]]></id_group>
</customer_group>
<customer_group><id_customer><![CDATA[1029]]></id_customer>
<id_group><![CDATA[2]]></id_group>
</customer_group>
<customer_group><id_customer><![CDATA[1030]]></id_customer>
<id_group><![CDATA[2]]></id_group>
</customer_group>
<customer_group><id_customer><![CDATA[1031]]></id_customer>
<id_group><![CDATA[2]]></id_group>
</customer_group>
<customer_group><id_customer><![CDATA[1032]]></id_customer>
<id_group><![CDATA[2]]></id_group>
</customer_group>
<customer_group><id_customer><![CDATA[1033]]></id_customer>
<id_group><![CDATA[3]]></id_group>
</customer_group>
<customer_group><id_customer><![CDATA[1034]]></id_customer>
<id_group><![CDATA[3]]></id_group>
</customer_group>
<customer_group><id_customer><![CDATA[1035]]></id_customer>
<id_group><![CDATA[3]]></id_group>
</customer_group>
<customer_group><id_customer><![CDATA[1036]]></id_customer>
<id_group><![CDATA[2]]></id_group>
</customer_group>
<customer_group><id_customer><![CDATA[1037]]></id_customer>
<id_group><![CDATA[2]]></id_group>
</customer_group>
<customer_group><id_customer><![CDATA[1038]]></id_customer>
<id_group><![CDATA[3]]></id_group>
</customer_group>
<customer_group><id_customer><![CDATA[1039]]></id_customer>
<id_group><![CDATA[3]]></id_group>
</customer_group>
<customer_group><id_customer><![CDATA[1040]]></id_customer>
<id_group><![CDATA[2]]></id_group>
</customer_group>
<customer_group><id_customer><![CDATA[1041]]></id_customer>
<id_group><![CDATA[2]]></id_group>
</customer_group>
<customer_group><id_customer><![CDATA[1042]]></id_customer>
<id_group><![CDATA[3]]></id_group>
</customer_group>
<customer_group><id_customer><![CDATA[1043]]></id_customer>
<id_group><![CDATA[2]]></id_group>
</customer_group>
<customer_group><id_customer><![CDATA[1044]]></id_customer>
<id_group><![CDATA[3]]></id_group>
</customer_group>
<customer_group><id_customer><![CDATA[1045]]></id_customer>
<id_group><![CDATA[3]]></id_group>
</customer_group>
<customer_group><id_customer><![CDATA[1046]]></id_customer>
<id_group><![CDATA[3]]></id_group>
</customer_group>
<customer_group><id_customer><![CDATA[1047]]></id_customer>
<id_group><![CDATA[2]]></id_group>
</customer_group>
<customer_group><id_customer><![CDATA[1048]]></id_customer>
<id_group><![CDATA[3]]></id_group>
</customer_group>
<customer_group><id_customer><![CDATA[1049]]></id_customer>
<id_group><![CDATA[3]]></id_group>
</customer_group>
<customer_group><id_customer><![CDATA[1050]]></id_customer>
<id_group><![CDATA[3]]></id_group>
</customer_group>
<customer_group><id_customer><![CDATA[1051]]></id_customer>
<id_group><![CDATA[2]]></id_group>
</customer_group>
<customer_group><id_customer><![CDATA[1052]]></id_customer>
<id_group><![CDATA[3]]></id_group>
</customer_group>
<customer_group><id_customer><![CDATA[1053]]></id_customer>
<id_group><![CDATA[2]]></id_group>
</customer_group>
<customer_group><id_customer><![CDATA[1054]]></id_customer>
<id_group><![CDATA[2]]></id_group>
</customer_group>
<customer_group><id_customer><![CDATA[1055]]></id_customer>
<id_group><![CDATA[2]]></id_group>
</customer_group>
<customer_group><id_customer><![CDATA[1056]]></id_customer>
<id_group><![CDATA[2]]></id_group>
</customer_group>
<customer_group><id_customer><![CDATA[1057]]></id_customer>
<id_group><![CDATA[3]]></id_group>
</customer_group>
<customer_group><id_customer><![CDATA[1058]]></id_customer>
<id_group><![CDATA[3]]></id_group>
</customer_group>
<customer_group><id_customer><![CDATA[1059]]></id_customer>
<id_group><![CDATA[3]]></id_group>
</customer_group>
<customer_group><id_customer><![CDATA[1060]]></id_customer>
<id_group><![CDATA[2]]></id_group>
</customer_group>
<customer_group><id_customer><![CDATA[1061]]></id_customer>
<id_group><![CDATA[2]]></id_group>
</customer_group>
<customer_group><id_customer><![CDATA[1062]]></id_customer>
<id_group><![CDATA[2]]></id_group>
</customer_group>
<customer_group><id_customer><![CDATA[1063]]></id_customer>
<id_group><![CDATA[2]]></id_group>
</customer_group>
<customer_group><id_customer><![CDATA[1064]]></id_customer>
<id_group><![CDATA[3]]></id_group>
</customer_group>
<customer_group><id_customer><![CDATA[1065]]></id_customer>
<id_group><![CDATA[3]]></id_group>
</customer_group>
<customer_group><id_customer><![CDATA[1066]]></id_customer>
<id_group><![CDATA[2]]></id_group>
</customer_group>
<customer_group><id_customer><![CDATA[1067]]></id_customer>
<id_group><![CDATA[2]]></id_group>
</customer_group>
<customer_group><id_customer><![CDATA[1068]]></id_customer>
<id_group><![CDATA[3]]></id_group>
</customer_group>
<customer_group><id_customer><![CDATA[1069]]></id_customer>
<id_group><![CDATA[2]]></id_group>
</customer_group>
<customer_group><id_customer><![CDATA[1070]]></id_customer>
<id_group><![CDATA[3]]></id_group>
</customer_group>
<customer_group><id_customer><![CDATA[1071]]></id_customer>
<id_group><![CDATA[3]]></id_group>
</customer_group>
<customer_group><id_customer><![CDATA[1072]]></id_customer>
<id_group><![CDATA[2]]></id_group>
</customer_group>
<customer_group><id_customer><![CDATA[1073]]></id_customer>
<id_group><![CDATA[2]]></id_group>
</customer_group>
<customer_group><id_customer><![CDATA[1074]]></id_customer>
<id_group><![CDATA[2]]></id_group>
</customer_group>
<customer_group><id_customer><![CDATA[1075]]></id_customer>
<id_group><![CDATA[3]]></id_group>
</customer_group>
<customer_group><id_customer><![CDATA[1076]]></id_customer>
<id_group><![CDATA[3]]></id_group>
</customer_group>
<customer_group><id_customer><![CDATA[1077]]></id_customer>
<id_group><![CDATA[2]]></id_group>
</customer_group>
<customer_group><id_customer><![CDATA[1078]]></id_customer>
<id_group><![CDATA[3]]></id_group>
</customer_group>
<customer_group><id_customer><![CDATA[1079]]></id_customer>
<id_group><![CDATA[3]]></id_group>
</customer_group>
<customer_group><id_customer><![CDATA[1080]]></id_customer>
<id_group><![CDATA[2]]></id_group>
</customer_group>
<customer_group><id_customer><![CDATA[1081]]></id_customer>
<id_group><![CDATA[2]]></id_group>
</customer_group>
<customer_group><id_customer><![CDATA[1082]]></id_customer>
<id_group><![CDATA[3]]></id_group>
</customer_group>
<customer_group><id_customer><![CDATA[1083]]></id_customer>
<id_group><![CDATA[3]]></id_group>
</customer_group>
<customer_group><id_customer><![CDATA[1084]]></id_customer>
<id_group><![CDATA[2]]></id_group>
</customer_group>
<customer_group><id_customer><![CDATA[1085]]></id_customer>
<id_group><![CDATA[3]]></id_group>
</customer_group>
<customer_group><id_customer><![CDATA[1086]]></id_customer>
<id_group><![CDATA[3]]></id_group>
</customer_group>
<customer_group><id_customer><![CDATA[1087]]></id_customer>
<id_group><![CDATA[3]]></id_group>
</customer_group>
<customer_group><id_customer><![CDATA[1088]]></id_customer>
<id_group><![CDATA[2]]></id_group>
</customer_group>
<customer_group><id_customer><![CDATA[1089]]></id_customer>
<id_group><![CDATA[2]]></id_group>
</customer_group>
<customer_group><id_customer><![CDATA[1090]]></id_customer>
<id_group><![CDATA[2]]></id_group>
</customer_group>
<customer_group><id_customer><![CDATA[1091]]></id_customer>
<id_group><![CDATA[3]]></id_group>
</customer_group>
<customer_group><id_customer><![CDATA[1092]]></id_customer>
<id_group><![CDATA[2]]></id_group>
</customer_group>
<customer_group><id_customer><![CDATA[1093]]></id_customer>
<id_group><![CDATA[2]]></id_group>
</customer_group>
<customer_group><id_customer><![CDATA[1094]]></id_customer>
<id_group><![CDATA[3]]></id_group>
</customer_group>
<customer_group><id_customer><![CDATA[1095]]></id_customer>
<id_group><![CDATA[3]]></id_group>
</customer_group>
<customer_group><id_customer><![CDATA[1096]]></id_customer>
<id_group><![CDATA[3]]></id_group>
</customer_group>
<customer_group><id_customer><![CDATA[1097]]></id_customer>
<id_group><![CDATA[3]]></id_group>
</customer_group>
<customer_group><id_customer><![CDATA[1098]]></id_customer>
<id_group><![CDATA[3]]></id_group>
</customer_group>
<customer_group><id_customer><![CDATA[1099]]></id_customer>
<id_group><![CDATA[3]]></id_group>
</customer_group>
<customer_group><id_customer><![CDATA[1100]]></id_customer>
<id_group><![CDATA[3]]></id_group>
</customer_group>
<customer_group><id_customer><![CDATA[1101]]></id_customer>
<id_group><![CDATA[2]]></id_group>
</customer_group>
<customer_group><id_customer><![CDATA[1102]]></id_customer>
<id_group><![CDATA[3]]></id_group>
</customer_group>
<customer_group><id_customer><![CDATA[1103]]></id_customer>
<id_group><![CDATA[2]]></id_group>
</customer_group>
<customer_group><id_customer><![CDATA[1104]]></id_customer>
<id_group><![CDATA[3]]></id_group>
</customer_group>
<customer_group><id_customer><![CDATA[1105]]></id_customer>
<id_group><![CDATA[2]]></id_group>
</customer_group>
<customer_group><id_customer><![CDATA[1106]]></id_customer>
<id_group><![CDATA[2]]></id_group>
</customer_group>
<customer_group><id_customer><![CDATA[1107]]></id_customer>
<id_group><![CDATA[2]]></id_group>
</customer_group>
<customer_group><id_customer><![CDATA[1108]]></id_customer>
<id_group><![CDATA[2]]></id_group>
</customer_group>
<customer_group><id_customer><![CDATA[1109]]></id_customer>
<id_group><![CDATA[2]]></id_group>
</customer_group>
<customer_group><id_customer><![CDATA[1110]]></id_customer>
<id_group><![CDATA[2]]></id_group>
</customer_group>
<customer_group><id_customer><![CDATA[1111]]></id_customer>
<id_group><![CDATA[2]]></id_group>
</customer_group>
<customer_group><id_customer><![CDATA[1112]]></id_customer>
<id_group><![CDATA[2]]></id_group>
</customer_group>
<customer_group><id_customer><![CDATA[1113]]></id_customer>
<id_group><![CDATA[2]]></id_group>
</customer_group>
<customer_group><id_customer><![CDATA[1114]]></id_customer>
<id_group><![CDATA[2]]></id_group>
</customer_group>
<customer_group><id_customer><![CDATA[1115]]></id_customer>
<id_group><![CDATA[2]]></id_group>
</customer_group>
<customer_group><id_customer><![CDATA[1116]]></id_customer>
<id_group><![CDATA[2]]></id_group>
</customer_group>
<customer_group><id_customer><![CDATA[1117]]></id_customer>
<id_group><![CDATA[3]]></id_group>
</customer_group>
<customer_group><id_customer><![CDATA[1118]]></id_customer>
<id_group><![CDATA[3]]></id_group>
</customer_group>
<customer_group><id_customer><![CDATA[1119]]></id_customer>
<id_group><![CDATA[3]]></id_group>
</customer_group>
<customer_group><id_customer><![CDATA[1120]]></id_customer>
<id_group><![CDATA[2]]></id_group>
</customer_group>
<customer_group><id_customer><![CDATA[1121]]></id_customer>
<id_group><![CDATA[3]]></id_group>
</customer_group>
<customer_group><id_customer><![CDATA[1122]]></id_customer>
<id_group><![CDATA[2]]></id_group>
</customer_group>
<customer_group><id_customer><![CDATA[1123]]></id_customer>
<id_group><![CDATA[2]]></id_group>
</customer_group>
<customer_group><id_customer><![CDATA[1124]]></id_customer>
<id_group><![CDATA[2]]></id_group>
</customer_group>
<customer_group><id_customer><![CDATA[1125]]></id_customer>
<id_group><![CDATA[2]]></id_group>
</customer_group>
<customer_group><id_customer><![CDATA[1126]]></id_customer>
<id_group><![CDATA[2]]></id_group>
</customer_group>
<customer_group><id_customer><![CDATA[1127]]></id_customer>
<id_group><![CDATA[2]]></id_group>
</customer_group>
<customer_group><id_customer><![CDATA[1128]]></id_customer>
<id_group><![CDATA[2]]></id_group>
</customer_group>
<customer_group><id_customer><![CDATA[1129]]></id_customer>
<id_group><![CDATA[3]]></id_group>
</customer_group>
<customer_group><id_customer><![CDATA[1130]]></id_customer>
<id_group><![CDATA[2]]></id_group>
</customer_group>
<customer_group><id_customer><![CDATA[1131]]></id_customer>
<id_group><![CDATA[2]]></id_group>
</customer_group>
<customer_group><id_customer><![CDATA[1132]]></id_customer>
<id_group><![CDATA[2]]></id_group>
</customer_group>
<customer_group><id_customer><![CDATA[1133]]></id_customer>
<id_group><![CDATA[2]]></id_group>
</customer_group>
<customer_group><id_customer><![CDATA[1134]]></id_customer>
<id_group><![CDATA[2]]></id_group>
</customer_group>
<customer_group><id_customer><![CDATA[1135]]></id_customer>
<id_group><![CDATA[2]]></id_group>
</customer_group>
<customer_group><id_customer><![CDATA[1136]]></id_customer>
<id_group><![CDATA[2]]></id_group>
</customer_group>
<customer_group><id_customer><![CDATA[1137]]></id_customer>
<id_group><![CDATA[2]]></id_group>
</customer_group>
<customer_group><id_customer><![CDATA[1138]]></id_customer>
<id_group><![CDATA[2]]></id_group>
</customer_group>
<customer_group><id_customer><![CDATA[1139]]></id_customer>
<id_group><![CDATA[2]]></id_group>
</customer_group>
<customer_group><id_customer><![CDATA[1140]]></id_customer>
<id_group><![CDATA[2]]></id_group>
</customer_group>
<customer_group><id_customer><![CDATA[1141]]></id_customer>
<id_group><![CDATA[2]]></id_group>
</customer_group>
<customer_group><id_customer><![CDATA[1142]]></id_customer>
<id_group><![CDATA[2]]></id_group>
</customer_group>
<customer_group><id_customer><![CDATA[1143]]></id_customer>
<id_group><![CDATA[2]]></id_group>
</customer_group>
<customer_group><id_customer><![CDATA[1144]]></id_customer>
<id_group><![CDATA[2]]></id_group>
</customer_group>
<customer_group><id_customer><![CDATA[1145]]></id_customer>
<id_group><![CDATA[2]]></id_group>
</customer_group>
<customer_group><id_customer><![CDATA[1146]]></id_customer>
<id_group><![CDATA[2]]></id_group>
</customer_group>
<customer_group><id_customer><![CDATA[1147]]></id_customer>
<id_group><![CDATA[3]]></id_group>
</customer_group>
<customer_group><id_customer><![CDATA[1148]]></id_customer>
<id_group><![CDATA[2]]></id_group>
</customer_group>
<customer_group><id_customer><![CDATA[1149]]></id_customer>
<id_group><![CDATA[2]]></id_group>
</customer_group>
<customer_group><id_customer><![CDATA[1150]]></id_customer>
<id_group><![CDATA[2]]></id_group>
</customer_group>
<customer_group><id_customer><![CDATA[1151]]></id_customer>
<id_group><![CDATA[2]]></id_group>
</customer_group>
<customer_group><id_customer><![CDATA[1152]]></id_customer>
<id_group><![CDATA[3]]></id_group>
</customer_group>
<customer_group><id_customer><![CDATA[1153]]></id_customer>
<id_group><![CDATA[3]]></id_group>
</customer_group>
<customer_group><id_customer><![CDATA[1154]]></id_customer>
<id_group><![CDATA[2]]></id_group>
</customer_group>
<customer_group><id_customer><![CDATA[1155]]></id_customer>
<id_group><![CDATA[3]]></id_group>
</customer_group>
<customer_group><id_customer><![CDATA[1156]]></id_customer>
<id_group><![CDATA[3]]></id_group>
</customer_group>
<customer_group><id_customer><![CDATA[1157]]></id_customer>
<id_group><![CDATA[3]]></id_group>
</customer_group>
<customer_group><id_customer><![CDATA[1158]]></id_customer>
<id_group><![CDATA[2]]></id_group>
</customer_group>
<customer_group><id_customer><![CDATA[1159]]></id_customer>
<id_group><![CDATA[3]]></id_group>
</customer_group>
<customer_group><id_customer><![CDATA[1160]]></id_customer>
<id_group><![CDATA[2]]></id_group>
</customer_group>
<customer_group><id_customer><![CDATA[1161]]></id_customer>
<id_group><![CDATA[2]]></id_group>
</customer_group>
<customer_group><id_customer><![CDATA[1162]]></id_customer>
<id_group><![CDATA[2]]></id_group>
</customer_group>
<customer_group><id_customer><![CDATA[1163]]></id_customer>
<id_group><![CDATA[3]]></id_group>
</customer_group>
<customer_group><id_customer><![CDATA[1164]]></id_customer>
<id_group><![CDATA[3]]></id_group>
</customer_group>
<customer_group><id_customer><![CDATA[1165]]></id_customer>
<id_group><![CDATA[2]]></id_group>
</customer_group>
<customer_group><id_customer><![CDATA[1166]]></id_customer>
<id_group><![CDATA[2]]></id_group>
</customer_group>
<customer_group><id_customer><![CDATA[1167]]></id_customer>
<id_group><![CDATA[2]]></id_group>
</customer_group>
<customer_group><id_customer><![CDATA[1168]]></id_customer>
<id_group><![CDATA[3]]></id_group>
</customer_group>
<customer_group><id_customer><![CDATA[1169]]></id_customer>
<id_group><![CDATA[2]]></id_group>
</customer_group>
<customer_group><id_customer><![CDATA[1170]]></id_customer>
<id_group><![CDATA[3]]></id_group>
</customer_group>
<customer_group><id_customer><![CDATA[1171]]></id_customer>
<id_group><![CDATA[2]]></id_group>
</customer_group>
<customer_group><id_customer><![CDATA[1172]]></id_customer>
<id_group><![CDATA[2]]></id_group>
</customer_group>
<customer_group><id_customer><![CDATA[1173]]></id_customer>
<id_group><![CDATA[3]]></id_group>
</customer_group>
<customer_group><id_customer><![CDATA[1174]]></id_customer>
<id_group><![CDATA[3]]></id_group>
</customer_group>
<customer_group><id_customer><![CDATA[1175]]></id_customer>
<id_group><![CDATA[2]]></id_group>
</customer_group>
<customer_group><id_customer><![CDATA[1176]]></id_customer>
<id_group><![CDATA[2]]></id_group>
</customer_group>
<customer_group><id_customer><![CDATA[1177]]></id_customer>
<id_group><![CDATA[2]]></id_group>
</customer_group>
<customer_group><id_customer><![CDATA[1178]]></id_customer>
<id_group><![CDATA[3]]></id_group>
</customer_group>
<customer_group><id_customer><![CDATA[1179]]></id_customer>
<id_group><![CDATA[3]]></id_group>
</customer_group>
<customer_group><id_customer><![CDATA[1180]]></id_customer>
<id_group><![CDATA[3]]></id_group>
</customer_group>
<customer_group><id_customer><![CDATA[1181]]></id_customer>
<id_group><![CDATA[3]]></id_group>
</customer_group>
<customer_group><id_customer><![CDATA[1182]]></id_customer>
<id_group><![CDATA[3]]></id_group>
</customer_group>
<customer_group><id_customer><![CDATA[1183]]></id_customer>
<id_group><![CDATA[2]]></id_group>
</customer_group>
<customer_group><id_customer><![CDATA[1184]]></id_customer>
<id_group><![CDATA[2]]></id_group>
</customer_group>
<customer_group><id_customer><![CDATA[1185]]></id_customer>
<id_group><![CDATA[3]]></id_group>
</customer_group>
<customer_group><id_customer><![CDATA[1186]]></id_customer>
<id_group><![CDATA[2]]></id_group>
</customer_group>
<customer_group><id_customer><![CDATA[1187]]></id_customer>
<id_group><![CDATA[3]]></id_group>
</customer_group>
<customer_group><id_customer><![CDATA[1188]]></id_customer>
<id_group><![CDATA[3]]></id_group>
</customer_group>
<customer_group><id_customer><![CDATA[1189]]></id_customer>
<id_group><![CDATA[3]]></id_group>
</customer_group>
<customer_group><id_customer><![CDATA[1190]]></id_customer>
<id_group><![CDATA[2]]></id_group>
</customer_group>
<customer_group><id_customer><![CDATA[1191]]></id_customer>
<id_group><![CDATA[2]]></id_group>
</customer_group>
<customer_group><id_customer><![CDATA[1192]]></id_customer>
<id_group><![CDATA[2]]></id_group>
</customer_group>
<customer_group><id_customer><![CDATA[1193]]></id_customer>
<id_group><![CDATA[3]]></id_group>
</customer_group>
<customer_group><id_customer><![CDATA[1194]]></id_customer>
<id_group><![CDATA[3]]></id_group>
</customer_group>
<customer_group><id_customer><![CDATA[1195]]></id_customer>
<id_group><![CDATA[3]]></id_group>
</customer_group>
<customer_group><id_customer><![CDATA[1196]]></id_customer>
<id_group><![CDATA[2]]></id_group>
</customer_group>
<customer_group><id_customer><![CDATA[1197]]></id_customer>
<id_group><![CDATA[3]]></id_group>
</customer_group>
<customer_group><id_customer><![CDATA[1198]]></id_customer>
<id_group><![CDATA[3]]></id_group>
</customer_group>
<customer_group><id_customer><![CDATA[1199]]></id_customer>
<id_group><![CDATA[3]]></id_group>
</customer_group>
<customer_group><id_customer><![CDATA[1200]]></id_customer>
<id_group><![CDATA[3]]></id_group>
</customer_group>
<customer_group><id_customer><![CDATA[1201]]></id_customer>
<id_group><![CDATA[2]]></id_group>
</customer_group>
<customer_group><id_customer><![CDATA[1202]]></id_customer>
<id_group><![CDATA[3]]></id_group>
</customer_group>
<customer_group><id_customer><![CDATA[1203]]></id_customer>
<id_group><![CDATA[2]]></id_group>
</customer_group>
<customer_group><id_customer><![CDATA[1204]]></id_customer>
<id_group><![CDATA[3]]></id_group>
</customer_group>
<customer_group><id_customer><![CDATA[1205]]></id_customer>
<id_group><![CDATA[2]]></id_group>
</customer_group>
<customer_group><id_customer><![CDATA[1206]]></id_customer>
<id_group><![CDATA[2]]></id_group>
</customer_group>
<customer_group><id_customer><![CDATA[1207]]></id_customer>
<id_group><![CDATA[3]]></id_group>
</customer_group>
<customer_group><id_customer><![CDATA[1208]]></id_customer>
<id_group><![CDATA[2]]></id_group>
</customer_group>
<customer_group><id_customer><![CDATA[1209]]></id_customer>
<id_group><![CDATA[2]]></id_group>
</customer_group>
<customer_group><id_customer><![CDATA[1210]]></id_customer>
<id_group><![CDATA[3]]></id_group>
</customer_group>
<customer_group><id_customer><![CDATA[1211]]></id_customer>
<id_group><![CDATA[3]]></id_group>
</customer_group>
<customer_group><id_customer><![CDATA[1212]]></id_customer>
<id_group><![CDATA[2]]></id_group>
</customer_group>
<customer_group><id_customer><![CDATA[1213]]></id_customer>
<id_group><![CDATA[2]]></id_group>
</customer_group>
<customer_group><id_customer><![CDATA[1214]]></id_customer>
<id_group><![CDATA[3]]></id_group>
</customer_group>
<customer_group><id_customer><![CDATA[1215]]></id_customer>
<id_group><![CDATA[3]]></id_group>
</customer_group>
<customer_group><id_customer><![CDATA[1216]]></id_customer>
<id_group><![CDATA[2]]></id_group>
</customer_group>
<customer_group><id_customer><![CDATA[1217]]></id_customer>
<id_group><![CDATA[3]]></id_group>
</customer_group>
<customer_group><id_customer><![CDATA[1218]]></id_customer>
<id_group><![CDATA[3]]></id_group>
</customer_group>
<customer_group><id_customer><![CDATA[1219]]></id_customer>
<id_group><![CDATA[3]]></id_group>
</customer_group>
<customer_group><id_customer><![CDATA[1220]]></id_customer>
<id_group><![CDATA[3]]></id_group>
</customer_group>
<customer_group><id_customer><![CDATA[1221]]></id_customer>
<id_group><![CDATA[3]]></id_group>
</customer_group>
<customer_group><id_customer><![CDATA[1222]]></id_customer>
<id_group><![CDATA[2]]></id_group>
</customer_group>
<customer_group><id_customer><![CDATA[1223]]></id_customer>
<id_group><![CDATA[2]]></id_group>
</customer_group>
<customer_group><id_customer><![CDATA[1224]]></id_customer>
<id_group><![CDATA[2]]></id_group>
</customer_group>
<customer_group><id_customer><![CDATA[1225]]></id_customer>
<id_group><![CDATA[2]]></id_group>
</customer_group>
<customer_group><id_customer><![CDATA[1226]]></id_customer>
<id_group><![CDATA[3]]></id_group>
</customer_group>
<customer_group><id_customer><![CDATA[1227]]></id_customer>
<id_group><![CDATA[2]]></id_group>
</customer_group>
<customer_group><id_customer><![CDATA[1228]]></id_customer>
<id_group><![CDATA[2]]></id_group>
</customer_group>
<customer_group><id_customer><![CDATA[1229]]></id_customer>
<id_group><![CDATA[2]]></id_group>
</customer_group>
<customer_group><id_customer><![CDATA[1230]]></id_customer>
<id_group><![CDATA[2]]></id_group>
</customer_group>
<customer_group><id_customer><![CDATA[1231]]></id_customer>
<id_group><![CDATA[2]]></id_group>
</customer_group>
<customer_group><id_customer><![CDATA[1232]]></id_customer>
<id_group><![CDATA[2]]></id_group>
</customer_group>
<customer_group><id_customer><![CDATA[1233]]></id_customer>
<id_group><![CDATA[3]]></id_group>
</customer_group>
<customer_group><id_customer><![CDATA[1234]]></id_customer>
<id_group><![CDATA[3]]></id_group>
</customer_group>
<customer_group><id_customer><![CDATA[1235]]></id_customer>
<id_group><![CDATA[2]]></id_group>
</customer_group>
<customer_group><id_customer><![CDATA[1236]]></id_customer>
<id_group><![CDATA[3]]></id_group>
</customer_group>
<customer_group><id_customer><![CDATA[1237]]></id_customer>
<id_group><![CDATA[3]]></id_group>
</customer_group>
<customer_group><id_customer><![CDATA[1238]]></id_customer>
<id_group><![CDATA[3]]></id_group>
</customer_group>
<customer_group><id_customer><![CDATA[1239]]></id_customer>
<id_group><![CDATA[3]]></id_group>
</customer_group>
<customer_group><id_customer><![CDATA[1240]]></id_customer>
<id_group><![CDATA[3]]></id_group>
</customer_group>
<customer_group><id_customer><![CDATA[1241]]></id_customer>
<id_group><![CDATA[3]]></id_group>
</customer_group>
<customer_group><id_customer><![CDATA[1242]]></id_customer>
<id_group><![CDATA[2]]></id_group>
</customer_group>
<customer_group><id_customer><![CDATA[1243]]></id_customer>
<id_group><![CDATA[3]]></id_group>
</customer_group>
<customer_group><id_customer><![CDATA[1244]]></id_customer>
<id_group><![CDATA[3]]></id_group>
</customer_group>
<customer_group><id_customer><![CDATA[1245]]></id_customer>
<id_group><![CDATA[3]]></id_group>
</customer_group>
<customer_group><id_customer><![CDATA[1246]]></id_customer>
<id_group><![CDATA[3]]></id_group>
</customer_group>
<customer_group><id_customer><![CDATA[1247]]></id_customer>
<id_group><![CDATA[2]]></id_group>
</customer_group>
<customer_group><id_customer><![CDATA[1248]]></id_customer>
<id_group><![CDATA[3]]></id_group>
</customer_group>
<customer_group><id_customer><![CDATA[1249]]></id_customer>
<id_group><![CDATA[2]]></id_group>
</customer_group>
<customer_group><id_customer><![CDATA[1250]]></id_customer>
<id_group><![CDATA[2]]></id_group>
</customer_group>
<customer_group><id_customer><![CDATA[1251]]></id_customer>
<id_group><![CDATA[3]]></id_group>
</customer_group>
<customer_group><id_customer><![CDATA[1252]]></id_customer>
<id_group><![CDATA[3]]></id_group>
</customer_group>
<customer_group><id_customer><![CDATA[1253]]></id_customer>
<id_group><![CDATA[3]]></id_group>
</customer_group>
<customer_group><id_customer><![CDATA[1254]]></id_customer>
<id_group><![CDATA[3]]></id_group>
</customer_group>
<customer_group><id_customer><![CDATA[1255]]></id_customer>
<id_group><![CDATA[3]]></id_group>
</customer_group>
<customer_group><id_customer><![CDATA[1256]]></id_customer>
<id_group><![CDATA[3]]></id_group>
</customer_group>
<customer_group><id_customer><![CDATA[1257]]></id_customer>
<id_group><![CDATA[3]]></id_group>
</customer_group>
<customer_group><id_customer><![CDATA[1258]]></id_customer>
<id_group><![CDATA[2]]></id_group>
</customer_group>
<customer_group><id_customer><![CDATA[1259]]></id_customer>
<id_group><![CDATA[3]]></id_group>
</customer_group>
<customer_group><id_customer><![CDATA[1260]]></id_customer>
<id_group><![CDATA[3]]></id_group>
</customer_group>
<customer_group><id_customer><![CDATA[1261]]></id_customer>
<id_group><![CDATA[3]]></id_group>
</customer_group>
<customer_group><id_customer><![CDATA[1262]]></id_customer>
<id_group><![CDATA[3]]></id_group>
</customer_group>
<customer_group><id_customer><![CDATA[1263]]></id_customer>
<id_group><![CDATA[3]]></id_group>
</customer_group>
<customer_group><id_customer><![CDATA[1264]]></id_customer>
<id_group><![CDATA[3]]></id_group>
</customer_group>
<customer_group><id_customer><![CDATA[1265]]></id_customer>
<id_group><![CDATA[3]]></id_group>
</customer_group>
<customer_group><id_customer><![CDATA[1266]]></id_customer>
<id_group><![CDATA[3]]></id_group>
</customer_group>
<customer_group><id_customer><![CDATA[1267]]></id_customer>
<id_group><![CDATA[2]]></id_group>
</customer_group>
<customer_group><id_customer><![CDATA[1268]]></id_customer>
<id_group><![CDATA[2]]></id_group>
</customer_group>
<customer_group><id_customer><![CDATA[1269]]></id_customer>
<id_group><![CDATA[2]]></id_group>
</customer_group>
<customer_group><id_customer><![CDATA[1270]]></id_customer>
<id_group><![CDATA[2]]></id_group>
</customer_group>
<customer_group><id_customer><![CDATA[1271]]></id_customer>
<id_group><![CDATA[3]]></id_group>
</customer_group>
<customer_group><id_customer><![CDATA[1272]]></id_customer>
<id_group><![CDATA[3]]></id_group>
</customer_group>
<customer_group><id_customer><![CDATA[1273]]></id_customer>
<id_group><![CDATA[2]]></id_group>
</customer_group>
<customer_group><id_customer><![CDATA[1274]]></id_customer>
<id_group><![CDATA[2]]></id_group>
</customer_group>
<customer_group><id_customer><![CDATA[1275]]></id_customer>
<id_group><![CDATA[3]]></id_group>
</customer_group>
<customer_group><id_customer><![CDATA[1276]]></id_customer>
<id_group><![CDATA[2]]></id_group>
</customer_group>
<customer_group><id_customer><![CDATA[1277]]></id_customer>
<id_group><![CDATA[3]]></id_group>
</customer_group>
<customer_group><id_customer><![CDATA[1278]]></id_customer>
<id_group><![CDATA[3]]></id_group>
</customer_group>
<customer_group><id_customer><![CDATA[1279]]></id_customer>
<id_group><![CDATA[3]]></id_group>
</customer_group>
<customer_group><id_customer><![CDATA[1280]]></id_customer>
<id_group><![CDATA[3]]></id_group>
</customer_group>
<customer_group><id_customer><![CDATA[1281]]></id_customer>
<id_group><![CDATA[2]]></id_group>
</customer_group>
<customer_group><id_customer><![CDATA[1282]]></id_customer>
<id_group><![CDATA[2]]></id_group>
</customer_group>
<customer_group><id_customer><![CDATA[1283]]></id_customer>
<id_group><![CDATA[3]]></id_group>
</customer_group>
<customer_group><id_customer><![CDATA[1284]]></id_customer>
<id_group><![CDATA[3]]></id_group>
</customer_group>
<customer_group><id_customer><![CDATA[1285]]></id_customer>
<id_group><![CDATA[3]]></id_group>
</customer_group>
<customer_group><id_customer><![CDATA[1286]]></id_customer>
<id_group><![CDATA[2]]></id_group>
</customer_group>
<customer_group><id_customer><![CDATA[1287]]></id_customer>
<id_group><![CDATA[2]]></id_group>
</customer_group>
<customer_group><id_customer><![CDATA[1288]]></id_customer>
<id_group><![CDATA[4]]></id_group>
</customer_group>
<customer_group><id_customer><![CDATA[1289]]></id_customer>
<id_group><![CDATA[2]]></id_group>
</customer_group>
<customer_group><id_customer><![CDATA[1290]]></id_customer>
<id_group><![CDATA[2]]></id_group>
</customer_group>
<customer_group><id_customer><![CDATA[1291]]></id_customer>
<id_group><![CDATA[3]]></id_group>
</customer_group>
<customer_group><id_customer><![CDATA[1292]]></id_customer>
<id_group><![CDATA[3]]></id_group>
</customer_group>
<customer_group><id_customer><![CDATA[1293]]></id_customer>
<id_group><![CDATA[3]]></id_group>
</customer_group>
<customer_group><id_customer><![CDATA[1294]]></id_customer>
<id_group><![CDATA[3]]></id_group>
</customer_group>
<customer_group><id_customer><![CDATA[1295]]></id_customer>
<id_group><![CDATA[3]]></id_group>
</customer_group>
<customer_group><id_customer><![CDATA[1296]]></id_customer>
<id_group><![CDATA[2]]></id_group>
</customer_group>
<customer_group><id_customer><![CDATA[1297]]></id_customer>
<id_group><![CDATA[3]]></id_group>
</customer_group>
<customer_group><id_customer><![CDATA[1298]]></id_customer>
<id_group><![CDATA[3]]></id_group>
</customer_group>
<customer_group><id_customer><![CDATA[1299]]></id_customer>
<id_group><![CDATA[3]]></id_group>
</customer_group>
<customer_group><id_customer><![CDATA[1300]]></id_customer>
<id_group><![CDATA[2]]></id_group>
</customer_group>
<customer_group><id_customer><![CDATA[1301]]></id_customer>
<id_group><![CDATA[3]]></id_group>
</customer_group>
<customer_group><id_customer><![CDATA[1302]]></id_customer>
<id_group><![CDATA[2]]></id_group>
</customer_group>
<customer_group><id_customer><![CDATA[1303]]></id_customer>
<id_group><![CDATA[3]]></id_group>
</customer_group>
<customer_group><id_customer><![CDATA[1304]]></id_customer>
<id_group><![CDATA[3]]></id_group>
</customer_group>
<customer_group><id_customer><![CDATA[1305]]></id_customer>
<id_group><![CDATA[3]]></id_group>
</customer_group>
<customer_group><id_customer><![CDATA[1306]]></id_customer>
<id_group><![CDATA[3]]></id_group>
</customer_group>
<customer_group><id_customer><![CDATA[1307]]></id_customer>
<id_group><![CDATA[3]]></id_group>
</customer_group>
<customer_group><id_customer><![CDATA[1308]]></id_customer>
<id_group><![CDATA[3]]></id_group>
</customer_group>
<customer_group><id_customer><![CDATA[1309]]></id_customer>
<id_group><![CDATA[2]]></id_group>
</customer_group>
<customer_group><id_customer><![CDATA[1310]]></id_customer>
<id_group><![CDATA[3]]></id_group>
</customer_group>
<customer_group><id_customer><![CDATA[1311]]></id_customer>
<id_group><![CDATA[3]]></id_group>
</customer_group>
<customer_group><id_customer><![CDATA[1312]]></id_customer>
<id_group><![CDATA[3]]></id_group>
</customer_group>
<customer_group><id_customer><![CDATA[1313]]></id_customer>
<id_group><![CDATA[2]]></id_group>
</customer_group>
<customer_group><id_customer><![CDATA[1314]]></id_customer>
<id_group><![CDATA[2]]></id_group>
</customer_group>
<customer_group><id_customer><![CDATA[1315]]></id_customer>
<id_group><![CDATA[2]]></id_group>
</customer_group>
<customer_group><id_customer><![CDATA[1316]]></id_customer>
<id_group><![CDATA[3]]></id_group>
</customer_group>
<customer_group><id_customer><![CDATA[1317]]></id_customer>
<id_group><![CDATA[3]]></id_group>
</customer_group>
<customer_group><id_customer><![CDATA[1318]]></id_customer>
<id_group><![CDATA[3]]></id_group>
</customer_group>
<customer_group><id_customer><![CDATA[1319]]></id_customer>
<id_group><![CDATA[2]]></id_group>
</customer_group>
<customer_group><id_customer><![CDATA[1320]]></id_customer>
<id_group><![CDATA[3]]></id_group>
</customer_group>
<customer_group><id_customer><![CDATA[1321]]></id_customer>
<id_group><![CDATA[3]]></id_group>
</customer_group>
<customer_group><id_customer><![CDATA[1322]]></id_customer>
<id_group><![CDATA[3]]></id_group>
</customer_group>
<customer_group><id_customer><![CDATA[1323]]></id_customer>
<id_group><![CDATA[3]]></id_group>
</customer_group>
<customer_group><id_customer><![CDATA[1324]]></id_customer>
<id_group><![CDATA[3]]></id_group>
</customer_group>
<customer_group><id_customer><![CDATA[1325]]></id_customer>
<id_group><![CDATA[3]]></id_group>
</customer_group>
<customer_group><id_customer><![CDATA[1326]]></id_customer>
<id_group><![CDATA[2]]></id_group>
</customer_group>
<customer_group><id_customer><![CDATA[1327]]></id_customer>
<id_group><![CDATA[2]]></id_group>
</customer_group>
<customer_group><id_customer><![CDATA[1328]]></id_customer>
<id_group><![CDATA[2]]></id_group>
</customer_group>
<customer_group><id_customer><![CDATA[1329]]></id_customer>
<id_group><![CDATA[3]]></id_group>
</customer_group>
<customer_group><id_customer><![CDATA[1330]]></id_customer>
<id_group><![CDATA[2]]></id_group>
</customer_group>
<customer_group><id_customer><![CDATA[1331]]></id_customer>
<id_group><![CDATA[2]]></id_group>
</customer_group>
<customer_group><id_customer><![CDATA[1332]]></id_customer>
<id_group><![CDATA[3]]></id_group>
</customer_group>
<customer_group><id_customer><![CDATA[1333]]></id_customer>
<id_group><![CDATA[2]]></id_group>
</customer_group>
<customer_group><id_customer><![CDATA[1334]]></id_customer>
<id_group><![CDATA[2]]></id_group>
</customer_group>
<customer_group><id_customer><![CDATA[1335]]></id_customer>
<id_group><![CDATA[2]]></id_group>
</customer_group>
<customer_group><id_customer><![CDATA[1336]]></id_customer>
<id_group><![CDATA[3]]></id_group>
</customer_group>
<customer_group><id_customer><![CDATA[1337]]></id_customer>
<id_group><![CDATA[3]]></id_group>
</customer_group>
<customer_group><id_customer><![CDATA[1338]]></id_customer>
<id_group><![CDATA[2]]></id_group>
</customer_group>
<customer_group><id_customer><![CDATA[1339]]></id_customer>
<id_group><![CDATA[2]]></id_group>
</customer_group>
<customer_group><id_customer><![CDATA[1340]]></id_customer>
<id_group><![CDATA[2]]></id_group>
</customer_group>
<customer_group><id_customer><![CDATA[1341]]></id_customer>
<id_group><![CDATA[3]]></id_group>
</customer_group>
<customer_group><id_customer><![CDATA[1342]]></id_customer>
<id_group><![CDATA[4]]></id_group>
</customer_group>
<customer_group><id_customer><![CDATA[1343]]></id_customer>
<id_group><![CDATA[3]]></id_group>
</customer_group>
<customer_group><id_customer><![CDATA[1344]]></id_customer>
<id_group><![CDATA[3]]></id_group>
</customer_group>
<customer_group><id_customer><![CDATA[1345]]></id_customer>
<id_group><![CDATA[3]]></id_group>
</customer_group>
<customer_group><id_customer><![CDATA[1346]]></id_customer>
<id_group><![CDATA[2]]></id_group>
</customer_group>
<customer_group><id_customer><![CDATA[1347]]></id_customer>
<id_group><![CDATA[3]]></id_group>
</customer_group>
<customer_group><id_customer><![CDATA[1348]]></id_customer>
<id_group><![CDATA[3]]></id_group>
</customer_group>
<customer_group><id_customer><![CDATA[1349]]></id_customer>
<id_group><![CDATA[3]]></id_group>
</customer_group>
<customer_group><id_customer><![CDATA[1350]]></id_customer>
<id_group><![CDATA[2]]></id_group>
</customer_group>
<customer_group><id_customer><![CDATA[1351]]></id_customer>
<id_group><![CDATA[2]]></id_group>
</customer_group>
<customer_group><id_customer><![CDATA[1352]]></id_customer>
<id_group><![CDATA[3]]></id_group>
</customer_group>
<customer_group><id_customer><![CDATA[1353]]></id_customer>
<id_group><![CDATA[2]]></id_group>
</customer_group>
<customer_group><id_customer><![CDATA[1354]]></id_customer>
<id_group><![CDATA[3]]></id_group>
</customer_group>
<customer_group><id_customer><![CDATA[1355]]></id_customer>
<id_group><![CDATA[3]]></id_group>
</customer_group>
<customer_group><id_customer><![CDATA[1356]]></id_customer>
<id_group><![CDATA[2]]></id_group>
</customer_group>
<customer_group><id_customer><![CDATA[1357]]></id_customer>
<id_group><![CDATA[3]]></id_group>
</customer_group>
<customer_group><id_customer><![CDATA[1358]]></id_customer>
<id_group><![CDATA[3]]></id_group>
</customer_group>
<customer_group><id_customer><![CDATA[1359]]></id_customer>
<id_group><![CDATA[3]]></id_group>
</customer_group>
<customer_group><id_customer><![CDATA[1360]]></id_customer>
<id_group><![CDATA[3]]></id_group>
</customer_group>
<customer_group><id_customer><![CDATA[1361]]></id_customer>
<id_group><![CDATA[3]]></id_group>
</customer_group>
<customer_group><id_customer><![CDATA[1362]]></id_customer>
<id_group><![CDATA[3]]></id_group>
</customer_group>
<customer_group><id_customer><![CDATA[1363]]></id_customer>
<id_group><![CDATA[3]]></id_group>
</customer_group>
<customer_group><id_customer><![CDATA[1364]]></id_customer>
<id_group><![CDATA[3]]></id_group>
</customer_group>
<customer_group><id_customer><![CDATA[1365]]></id_customer>
<id_group><![CDATA[3]]></id_group>
</customer_group>
<customer_group><id_customer><![CDATA[1366]]></id_customer>
<id_group><![CDATA[3]]></id_group>
</customer_group>
<customer_group><id_customer><![CDATA[1367]]></id_customer>
<id_group><![CDATA[3]]></id_group>
</customer_group>
<customer_group><id_customer><![CDATA[1368]]></id_customer>
<id_group><![CDATA[2]]></id_group>
</customer_group>
<customer_group><id_customer><![CDATA[1369]]></id_customer>
<id_group><![CDATA[3]]></id_group>
</customer_group>
<customer_group><id_customer><![CDATA[1370]]></id_customer>
<id_group><![CDATA[2]]></id_group>
</customer_group>
<customer_group><id_customer><![CDATA[1371]]></id_customer>
<id_group><![CDATA[2]]></id_group>
</customer_group>
<customer_group><id_customer><![CDATA[1372]]></id_customer>
<id_group><![CDATA[2]]></id_group>
</customer_group>
<customer_group><id_customer><![CDATA[1373]]></id_customer>
<id_group><![CDATA[3]]></id_group>
</customer_group>
<customer_group><id_customer><![CDATA[1374]]></id_customer>
<id_group><![CDATA[2]]></id_group>
</customer_group>
<customer_group><id_customer><![CDATA[1375]]></id_customer>
<id_group><![CDATA[2]]></id_group>
</customer_group>
<customer_group><id_customer><![CDATA[1376]]></id_customer>
<id_group><![CDATA[2]]></id_group>
</customer_group>
<customer_group><id_customer><![CDATA[1377]]></id_customer>
<id_group><![CDATA[3]]></id_group>
</customer_group>
<customer_group><id_customer><![CDATA[1378]]></id_customer>
<id_group><![CDATA[2]]></id_group>
</customer_group>
<customer_group><id_customer><![CDATA[1379]]></id_customer>
<id_group><![CDATA[2]]></id_group>
</customer_group>
<customer_group><id_customer><![CDATA[1380]]></id_customer>
<id_group><![CDATA[3]]></id_group>
</customer_group>
<customer_group><id_customer><![CDATA[1381]]></id_customer>
<id_group><![CDATA[3]]></id_group>
</customer_group>
<customer_group><id_customer><![CDATA[1382]]></id_customer>
<id_group><![CDATA[4]]></id_group>
</customer_group>
<customer_group><id_customer><![CDATA[1383]]></id_customer>
<id_group><![CDATA[2]]></id_group>
</customer_group>
<customer_group><id_customer><![CDATA[1384]]></id_customer>
<id_group><![CDATA[3]]></id_group>
</customer_group>
<customer_group><id_customer><![CDATA[1385]]></id_customer>
<id_group><![CDATA[3]]></id_group>
</customer_group>
<customer_group><id_customer><![CDATA[1386]]></id_customer>
<id_group><![CDATA[3]]></id_group>
</customer_group>
<customer_group><id_customer><![CDATA[1387]]></id_customer>
<id_group><![CDATA[3]]></id_group>
</customer_group>
<customer_group><id_customer><![CDATA[1388]]></id_customer>
<id_group><![CDATA[3]]></id_group>
</customer_group>
<customer_group><id_customer><![CDATA[1389]]></id_customer>
<id_group><![CDATA[3]]></id_group>
</customer_group>
<customer_group><id_customer><![CDATA[1390]]></id_customer>
<id_group><![CDATA[3]]></id_group>
</customer_group>
<customer_group><id_customer><![CDATA[1391]]></id_customer>
<id_group><![CDATA[2]]></id_group>
</customer_group>
<customer_group><id_customer><![CDATA[1392]]></id_customer>
<id_group><![CDATA[2]]></id_group>
</customer_group>
<customer_group><id_customer><![CDATA[1393]]></id_customer>
<id_group><![CDATA[2]]></id_group>
</customer_group>
<customer_group><id_customer><![CDATA[1394]]></id_customer>
<id_group><![CDATA[3]]></id_group>
</customer_group>
<customer_group><id_customer><![CDATA[1395]]></id_customer>
<id_group><![CDATA[3]]></id_group>
</customer_group>
<customer_group><id_customer><![CDATA[1396]]></id_customer>
<id_group><![CDATA[2]]></id_group>
</customer_group>
<customer_group><id_customer><![CDATA[1397]]></id_customer>
<id_group><![CDATA[3]]></id_group>
</customer_group>
<customer_group><id_customer><![CDATA[1398]]></id_customer>
<id_group><![CDATA[3]]></id_group>
</customer_group>
<customer_group><id_customer><![CDATA[1399]]></id_customer>
<id_group><![CDATA[2]]></id_group>
</customer_group>
<customer_group><id_customer><![CDATA[1400]]></id_customer>
<id_group><![CDATA[3]]></id_group>
</customer_group>
<customer_group><id_customer><![CDATA[1401]]></id_customer>
<id_group><![CDATA[3]]></id_group>
</customer_group>
<customer_group><id_customer><![CDATA[1402]]></id_customer>
<id_group><![CDATA[2]]></id_group>
</customer_group>
<customer_group><id_customer><![CDATA[1403]]></id_customer>
<id_group><![CDATA[2]]></id_group>
</customer_group>
<customer_group><id_customer><![CDATA[1404]]></id_customer>
<id_group><![CDATA[2]]></id_group>
</customer_group>
<customer_group><id_customer><![CDATA[1405]]></id_customer>
<id_group><![CDATA[3]]></id_group>
</customer_group>
<customer_group><id_customer><![CDATA[1406]]></id_customer>
<id_group><![CDATA[2]]></id_group>
</customer_group>
<customer_group><id_customer><![CDATA[1407]]></id_customer>
<id_group><![CDATA[2]]></id_group>
</customer_group>
<customer_group><id_customer><![CDATA[1408]]></id_customer>
<id_group><![CDATA[2]]></id_group>
</customer_group>
<customer_group><id_customer><![CDATA[1409]]></id_customer>
<id_group><![CDATA[3]]></id_group>
</customer_group>
<customer_group><id_customer><![CDATA[1410]]></id_customer>
<id_group><![CDATA[2]]></id_group>
</customer_group>
<customer_group><id_customer><![CDATA[1411]]></id_customer>
<id_group><![CDATA[2]]></id_group>
</customer_group>
<customer_group><id_customer><![CDATA[1412]]></id_customer>
<id_group><![CDATA[2]]></id_group>
</customer_group>
<customer_group><id_customer><![CDATA[1413]]></id_customer>
<id_group><![CDATA[2]]></id_group>
</customer_group>
<customer_group><id_customer><![CDATA[1414]]></id_customer>
<id_group><![CDATA[3]]></id_group>
</customer_group>
<customer_group><id_customer><![CDATA[1415]]></id_customer>
<id_group><![CDATA[2]]></id_group>
</customer_group>
<customer_group><id_customer><![CDATA[1416]]></id_customer>
<id_group><![CDATA[3]]></id_group>
</customer_group>
<customer_group><id_customer><![CDATA[1417]]></id_customer>
<id_group><![CDATA[3]]></id_group>
</customer_group>
<customer_group><id_customer><![CDATA[1418]]></id_customer>
<id_group><![CDATA[3]]></id_group>
</customer_group>
<customer_group><id_customer><![CDATA[1419]]></id_customer>
<id_group><![CDATA[3]]></id_group>
</customer_group>
<customer_group><id_customer><![CDATA[1420]]></id_customer>
<id_group><![CDATA[2]]></id_group>
</customer_group>
<customer_group><id_customer><![CDATA[1421]]></id_customer>
<id_group><![CDATA[2]]></id_group>
</customer_group>
<customer_group><id_customer><![CDATA[1422]]></id_customer>
<id_group><![CDATA[2]]></id_group>
</customer_group>
<customer_group><id_customer><![CDATA[1423]]></id_customer>
<id_group><![CDATA[3]]></id_group>
</customer_group>
<customer_group><id_customer><![CDATA[1424]]></id_customer>
<id_group><![CDATA[2]]></id_group>
</customer_group>
<customer_group><id_customer><![CDATA[1425]]></id_customer>
<id_group><![CDATA[2]]></id_group>
</customer_group>
<customer_group><id_customer><![CDATA[1426]]></id_customer>
<id_group><![CDATA[2]]></id_group>
</customer_group>
<customer_group><id_customer><![CDATA[1427]]></id_customer>
<id_group><![CDATA[2]]></id_group>
</customer_group>
<customer_group><id_customer><![CDATA[1428]]></id_customer>
<id_group><![CDATA[3]]></id_group>
</customer_group>
<customer_group><id_customer><![CDATA[1429]]></id_customer>
<id_group><![CDATA[2]]></id_group>
</customer_group>
<customer_group><id_customer><![CDATA[1430]]></id_customer>
<id_group><![CDATA[3]]></id_group>
</customer_group>
<customer_group><id_customer><![CDATA[1431]]></id_customer>
<id_group><![CDATA[2]]></id_group>
</customer_group>
<customer_group><id_customer><![CDATA[1432]]></id_customer>
<id_group><![CDATA[2]]></id_group>
</customer_group>
<customer_group><id_customer><![CDATA[1433]]></id_customer>
<id_group><![CDATA[3]]></id_group>
</customer_group>
<customer_group><id_customer><![CDATA[1434]]></id_customer>
<id_group><![CDATA[3]]></id_group>
</customer_group>
<customer_group><id_customer><![CDATA[1435]]></id_customer>
<id_group><![CDATA[2]]></id_group>
</customer_group>
<customer_group><id_customer><![CDATA[1436]]></id_customer>
<id_group><![CDATA[3]]></id_group>
</customer_group>
<customer_group><id_customer><![CDATA[1437]]></id_customer>
<id_group><![CDATA[3]]></id_group>
</customer_group>
<customer_group><id_customer><![CDATA[1438]]></id_customer>
<id_group><![CDATA[3]]></id_group>
</customer_group>
<customer_group><id_customer><![CDATA[1439]]></id_customer>
<id_group><![CDATA[2]]></id_group>
</customer_group>
<customer_group><id_customer><![CDATA[1440]]></id_customer>
<id_group><![CDATA[3]]></id_group>
</customer_group>
<customer_group><id_customer><![CDATA[1441]]></id_customer>
<id_group><![CDATA[3]]></id_group>
</customer_group>
<customer_group><id_customer><![CDATA[1442]]></id_customer>
<id_group><![CDATA[2]]></id_group>
</customer_group>
<customer_group><id_customer><![CDATA[1443]]></id_customer>
<id_group><![CDATA[3]]></id_group>
</customer_group>
<customer_group><id_customer><![CDATA[1444]]></id_customer>
<id_group><![CDATA[3]]></id_group>
</customer_group>
<customer_group><id_customer><![CDATA[1445]]></id_customer>
<id_group><![CDATA[2]]></id_group>
</customer_group>
<customer_group><id_customer><![CDATA[1446]]></id_customer>
<id_group><![CDATA[3]]></id_group>
</customer_group>
<customer_group><id_customer><![CDATA[1447]]></id_customer>
<id_group><![CDATA[3]]></id_group>
</customer_group>
<customer_group><id_customer><![CDATA[1448]]></id_customer>
<id_group><![CDATA[2]]></id_group>
</customer_group>
<customer_group><id_customer><![CDATA[1449]]></id_customer>
<id_group><![CDATA[2]]></id_group>
</customer_group>
<customer_group><id_customer><![CDATA[1450]]></id_customer>
<id_group><![CDATA[2]]></id_group>
</customer_group>
<customer_group><id_customer><![CDATA[1451]]></id_customer>
<id_group><![CDATA[3]]></id_group>
</customer_group>
<customer_group><id_customer><![CDATA[1452]]></id_customer>
<id_group><![CDATA[3]]></id_group>
</customer_group>
<customer_group><id_customer><![CDATA[1453]]></id_customer>
<id_group><![CDATA[3]]></id_group>
</customer_group>
<customer_group><id_customer><![CDATA[1454]]></id_customer>
<id_group><![CDATA[3]]></id_group>
</customer_group>
<customer_group><id_customer><![CDATA[1455]]></id_customer>
<id_group><![CDATA[3]]></id_group>
</customer_group>
<customer_group><id_customer><![CDATA[1456]]></id_customer>
<id_group><![CDATA[3]]></id_group>
</customer_group>
<customer_group><id_customer><![CDATA[1457]]></id_customer>
<id_group><![CDATA[2]]></id_group>
</customer_group>
<customer_group><id_customer><![CDATA[1458]]></id_customer>
<id_group><![CDATA[3]]></id_group>
</customer_group>
<customer_group><id_customer><![CDATA[1459]]></id_customer>
<id_group><![CDATA[3]]></id_group>
</customer_group>
<customer_group><id_customer><![CDATA[1460]]></id_customer>
<id_group><![CDATA[3]]></id_group>
</customer_group>
<customer_group><id_customer><![CDATA[1461]]></id_customer>
<id_group><![CDATA[3]]></id_group>
</customer_group>
<customer_group><id_customer><![CDATA[1462]]></id_customer>
<id_group><![CDATA[2]]></id_group>
</customer_group>
<customer_group><id_customer><![CDATA[1463]]></id_customer>
<id_group><![CDATA[2]]></id_group>
</customer_group>
<customer_group><id_customer><![CDATA[1464]]></id_customer>
<id_group><![CDATA[3]]></id_group>
</customer_group>
<customer_group><id_customer><![CDATA[1465]]></id_customer>
<id_group><![CDATA[2]]></id_group>
</customer_group>
<customer_group><id_customer><![CDATA[1466]]></id_customer>
<id_group><![CDATA[2]]></id_group>
</customer_group>
<customer_group><id_customer><![CDATA[1467]]></id_customer>
<id_group><![CDATA[3]]></id_group>
</customer_group>
<customer_group><id_customer><![CDATA[1468]]></id_customer>
<id_group><![CDATA[2]]></id_group>
</customer_group>
<customer_group><id_customer><![CDATA[1469]]></id_customer>
<id_group><![CDATA[3]]></id_group>
</customer_group>
<customer_group><id_customer><![CDATA[1470]]></id_customer>
<id_group><![CDATA[3]]></id_group>
</customer_group>
<customer_group><id_customer><![CDATA[1471]]></id_customer>
<id_group><![CDATA[3]]></id_group>
</customer_group>
<customer_group><id_customer><![CDATA[1472]]></id_customer>
<id_group><![CDATA[3]]></id_group>
</customer_group>
<customer_group><id_customer><![CDATA[1473]]></id_customer>
<id_group><![CDATA[3]]></id_group>
</customer_group>
<customer_group><id_customer><![CDATA[1474]]></id_customer>
<id_group><![CDATA[2]]></id_group>
</customer_group>
<customer_group><id_customer><![CDATA[1475]]></id_customer>
<id_group><![CDATA[3]]></id_group>
</customer_group>
<customer_group><id_customer><![CDATA[1476]]></id_customer>
<id_group><![CDATA[3]]></id_group>
</customer_group>
<customer_group><id_customer><![CDATA[1477]]></id_customer>
<id_group><![CDATA[3]]></id_group>
</customer_group>
<customer_group><id_customer><![CDATA[1478]]></id_customer>
<id_group><![CDATA[3]]></id_group>
</customer_group>
<customer_group><id_customer><![CDATA[1479]]></id_customer>
<id_group><![CDATA[3]]></id_group>
</customer_group>
<customer_group><id_customer><![CDATA[1480]]></id_customer>
<id_group><![CDATA[3]]></id_group>
</customer_group>
<customer_group><id_customer><![CDATA[1481]]></id_customer>
<id_group><![CDATA[3]]></id_group>
</customer_group>
<customer_group><id_customer><![CDATA[1482]]></id_customer>
<id_group><![CDATA[3]]></id_group>
</customer_group>
<customer_group><id_customer><![CDATA[1483]]></id_customer>
<id_group><![CDATA[3]]></id_group>
</customer_group>
<customer_group><id_customer><![CDATA[1484]]></id_customer>
<id_group><![CDATA[3]]></id_group>
</customer_group>
<customer_group><id_customer><![CDATA[1485]]></id_customer>
<id_group><![CDATA[3]]></id_group>
</customer_group>
<customer_group><id_customer><![CDATA[1486]]></id_customer>
<id_group><![CDATA[3]]></id_group>
</customer_group>
<customer_group><id_customer><![CDATA[1487]]></id_customer>
<id_group><![CDATA[3]]></id_group>
</customer_group>
<customer_group><id_customer><![CDATA[1488]]></id_customer>
<id_group><![CDATA[2]]></id_group>
</customer_group>
<customer_group><id_customer><![CDATA[1489]]></id_customer>
<id_group><![CDATA[3]]></id_group>
</customer_group>
<customer_group><id_customer><![CDATA[1490]]></id_customer>
<id_group><![CDATA[2]]></id_group>
</customer_group>
<customer_group><id_customer><![CDATA[1491]]></id_customer>
<id_group><![CDATA[3]]></id_group>
</customer_group>
<customer_group><id_customer><![CDATA[1492]]></id_customer>
<id_group><![CDATA[2]]></id_group>
</customer_group>
<customer_group><id_customer><![CDATA[1493]]></id_customer>
<id_group><![CDATA[3]]></id_group>
</customer_group>
<customer_group><id_customer><![CDATA[1494]]></id_customer>
<id_group><![CDATA[3]]></id_group>
</customer_group>
<customer_group><id_customer><![CDATA[1495]]></id_customer>
<id_group><![CDATA[3]]></id_group>
</customer_group>
</entity_profile>
