<?xml version="1.0" encoding="UTF-8"?>
<entity_profile>
<customer_group><id_customer><![CDATA[1496]]></id_customer>
<id_group><![CDATA[2]]></id_group>
</customer_group>
<customer_group><id_customer><![CDATA[1497]]></id_customer>
<id_group><![CDATA[2]]></id_group>
</customer_group>
<customer_group><id_customer><![CDATA[1498]]></id_customer>
<id_group><![CDATA[3]]></id_group>
</customer_group>
<customer_group><id_customer><![CDATA[1499]]></id_customer>
<id_group><![CDATA[3]]></id_group>
</customer_group>
<customer_group><id_customer><![CDATA[1500]]></id_customer>
<id_group><![CDATA[2]]></id_group>
</customer_group>
<customer_group><id_customer><![CDATA[1501]]></id_customer>
<id_group><![CDATA[3]]></id_group>
</customer_group>
<customer_group><id_customer><![CDATA[1502]]></id_customer>
<id_group><![CDATA[2]]></id_group>
</customer_group>
<customer_group><id_customer><![CDATA[1503]]></id_customer>
<id_group><![CDATA[3]]></id_group>
</customer_group>
<customer_group><id_customer><![CDATA[1504]]></id_customer>
<id_group><![CDATA[3]]></id_group>
</customer_group>
<customer_group><id_customer><![CDATA[1505]]></id_customer>
<id_group><![CDATA[3]]></id_group>
</customer_group>
<customer_group><id_customer><![CDATA[1506]]></id_customer>
<id_group><![CDATA[3]]></id_group>
</customer_group>
<customer_group><id_customer><![CDATA[1507]]></id_customer>
<id_group><![CDATA[3]]></id_group>
</customer_group>
<customer_group><id_customer><![CDATA[1508]]></id_customer>
<id_group><![CDATA[3]]></id_group>
</customer_group>
<customer_group><id_customer><![CDATA[1509]]></id_customer>
<id_group><![CDATA[2]]></id_group>
</customer_group>
<customer_group><id_customer><![CDATA[1510]]></id_customer>
<id_group><![CDATA[3]]></id_group>
</customer_group>
<customer_group><id_customer><![CDATA[1511]]></id_customer>
<id_group><![CDATA[3]]></id_group>
</customer_group>
<customer_group><id_customer><![CDATA[1512]]></id_customer>
<id_group><![CDATA[3]]></id_group>
</customer_group>
<customer_group><id_customer><![CDATA[1513]]></id_customer>
<id_group><![CDATA[2]]></id_group>
</customer_group>
<customer_group><id_customer><![CDATA[1514]]></id_customer>
<id_group><![CDATA[3]]></id_group>
</customer_group>
<customer_group><id_customer><![CDATA[1515]]></id_customer>
<id_group><![CDATA[2]]></id_group>
</customer_group>
<customer_group><id_customer><![CDATA[1516]]></id_customer>
<id_group><![CDATA[2]]></id_group>
</customer_group>
<customer_group><id_customer><![CDATA[1517]]></id_customer>
<id_group><![CDATA[3]]></id_group>
</customer_group>
<customer_group><id_customer><![CDATA[1518]]></id_customer>
<id_group><![CDATA[2]]></id_group>
</customer_group>
<customer_group><id_customer><![CDATA[1519]]></id_customer>
<id_group><![CDATA[2]]></id_group>
</customer_group>
<customer_group><id_customer><![CDATA[1520]]></id_customer>
<id_group><![CDATA[3]]></id_group>
</customer_group>
<customer_group><id_customer><![CDATA[1521]]></id_customer>
<id_group><![CDATA[3]]></id_group>
</customer_group>
<customer_group><id_customer><![CDATA[1522]]></id_customer>
<id_group><![CDATA[3]]></id_group>
</customer_group>
<customer_group><id_customer><![CDATA[1523]]></id_customer>
<id_group><![CDATA[3]]></id_group>
</customer_group>
<customer_group><id_customer><![CDATA[1524]]></id_customer>
<id_group><![CDATA[2]]></id_group>
</customer_group>
<customer_group><id_customer><![CDATA[1525]]></id_customer>
<id_group><![CDATA[2]]></id_group>
</customer_group>
<customer_group><id_customer><![CDATA[1526]]></id_customer>
<id_group><![CDATA[2]]></id_group>
</customer_group>
<customer_group><id_customer><![CDATA[1527]]></id_customer>
<id_group><![CDATA[3]]></id_group>
</customer_group>
<customer_group><id_customer><![CDATA[1528]]></id_customer>
<id_group><![CDATA[2]]></id_group>
</customer_group>
<customer_group><id_customer><![CDATA[1529]]></id_customer>
<id_group><![CDATA[2]]></id_group>
</customer_group>
<customer_group><id_customer><![CDATA[1530]]></id_customer>
<id_group><![CDATA[2]]></id_group>
</customer_group>
<customer_group><id_customer><![CDATA[1531]]></id_customer>
<id_group><![CDATA[3]]></id_group>
</customer_group>
<customer_group><id_customer><![CDATA[1532]]></id_customer>
<id_group><![CDATA[2]]></id_group>
</customer_group>
<customer_group><id_customer><![CDATA[1533]]></id_customer>
<id_group><![CDATA[3]]></id_group>
</customer_group>
<customer_group><id_customer><![CDATA[1534]]></id_customer>
<id_group><![CDATA[2]]></id_group>
</customer_group>
<customer_group><id_customer><![CDATA[1535]]></id_customer>
<id_group><![CDATA[2]]></id_group>
</customer_group>
<customer_group><id_customer><![CDATA[1536]]></id_customer>
<id_group><![CDATA[2]]></id_group>
</customer_group>
<customer_group><id_customer><![CDATA[1537]]></id_customer>
<id_group><![CDATA[2]]></id_group>
</customer_group>
<customer_group><id_customer><![CDATA[1538]]></id_customer>
<id_group><![CDATA[2]]></id_group>
</customer_group>
<customer_group><id_customer><![CDATA[1539]]></id_customer>
<id_group><![CDATA[2]]></id_group>
</customer_group>
<customer_group><id_customer><![CDATA[1540]]></id_customer>
<id_group><![CDATA[2]]></id_group>
</customer_group>
<customer_group><id_customer><![CDATA[1541]]></id_customer>
<id_group><![CDATA[3]]></id_group>
</customer_group>
<customer_group><id_customer><![CDATA[1542]]></id_customer>
<id_group><![CDATA[3]]></id_group>
</customer_group>
<customer_group><id_customer><![CDATA[1543]]></id_customer>
<id_group><![CDATA[2]]></id_group>
</customer_group>
<customer_group><id_customer><![CDATA[1544]]></id_customer>
<id_group><![CDATA[3]]></id_group>
</customer_group>
<customer_group><id_customer><![CDATA[1545]]></id_customer>
<id_group><![CDATA[3]]></id_group>
</customer_group>
<customer_group><id_customer><![CDATA[1546]]></id_customer>
<id_group><![CDATA[2]]></id_group>
</customer_group>
<customer_group><id_customer><![CDATA[1547]]></id_customer>
<id_group><![CDATA[2]]></id_group>
</customer_group>
<customer_group><id_customer><![CDATA[1548]]></id_customer>
<id_group><![CDATA[2]]></id_group>
</customer_group>
<customer_group><id_customer><![CDATA[1549]]></id_customer>
<id_group><![CDATA[2]]></id_group>
</customer_group>
<customer_group><id_customer><![CDATA[1550]]></id_customer>
<id_group><![CDATA[3]]></id_group>
</customer_group>
<customer_group><id_customer><![CDATA[1551]]></id_customer>
<id_group><![CDATA[3]]></id_group>
</customer_group>
<customer_group><id_customer><![CDATA[1552]]></id_customer>
<id_group><![CDATA[3]]></id_group>
</customer_group>
<customer_group><id_customer><![CDATA[1553]]></id_customer>
<id_group><![CDATA[3]]></id_group>
</customer_group>
<customer_group><id_customer><![CDATA[1554]]></id_customer>
<id_group><![CDATA[3]]></id_group>
</customer_group>
<customer_group><id_customer><![CDATA[1555]]></id_customer>
<id_group><![CDATA[3]]></id_group>
</customer_group>
<customer_group><id_customer><![CDATA[1556]]></id_customer>
<id_group><![CDATA[2]]></id_group>
</customer_group>
<customer_group><id_customer><![CDATA[1557]]></id_customer>
<id_group><![CDATA[3]]></id_group>
</customer_group>
<customer_group><id_customer><![CDATA[1558]]></id_customer>
<id_group><![CDATA[3]]></id_group>
</customer_group>
<customer_group><id_customer><![CDATA[1559]]></id_customer>
<id_group><![CDATA[3]]></id_group>
</customer_group>
<customer_group><id_customer><![CDATA[1560]]></id_customer>
<id_group><![CDATA[3]]></id_group>
</customer_group>
<customer_group><id_customer><![CDATA[1561]]></id_customer>
<id_group><![CDATA[3]]></id_group>
</customer_group>
<customer_group><id_customer><![CDATA[1562]]></id_customer>
<id_group><![CDATA[3]]></id_group>
</customer_group>
<customer_group><id_customer><![CDATA[1563]]></id_customer>
<id_group><![CDATA[2]]></id_group>
</customer_group>
<customer_group><id_customer><![CDATA[1564]]></id_customer>
<id_group><![CDATA[3]]></id_group>
</customer_group>
<customer_group><id_customer><![CDATA[1565]]></id_customer>
<id_group><![CDATA[3]]></id_group>
</customer_group>
<customer_group><id_customer><![CDATA[1566]]></id_customer>
<id_group><![CDATA[3]]></id_group>
</customer_group>
<customer_group><id_customer><![CDATA[1567]]></id_customer>
<id_group><![CDATA[3]]></id_group>
</customer_group>
<customer_group><id_customer><![CDATA[1568]]></id_customer>
<id_group><![CDATA[3]]></id_group>
</customer_group>
<customer_group><id_customer><![CDATA[1569]]></id_customer>
<id_group><![CDATA[3]]></id_group>
</customer_group>
<customer_group><id_customer><![CDATA[1570]]></id_customer>
<id_group><![CDATA[3]]></id_group>
</customer_group>
<customer_group><id_customer><![CDATA[1571]]></id_customer>
<id_group><![CDATA[3]]></id_group>
</customer_group>
<customer_group><id_customer><![CDATA[1572]]></id_customer>
<id_group><![CDATA[2]]></id_group>
</customer_group>
<customer_group><id_customer><![CDATA[1573]]></id_customer>
<id_group><![CDATA[3]]></id_group>
</customer_group>
<customer_group><id_customer><![CDATA[1574]]></id_customer>
<id_group><![CDATA[2]]></id_group>
</customer_group>
<customer_group><id_customer><![CDATA[1575]]></id_customer>
<id_group><![CDATA[3]]></id_group>
</customer_group>
<customer_group><id_customer><![CDATA[1576]]></id_customer>
<id_group><![CDATA[3]]></id_group>
</customer_group>
<customer_group><id_customer><![CDATA[1577]]></id_customer>
<id_group><![CDATA[3]]></id_group>
</customer_group>
<customer_group><id_customer><![CDATA[1578]]></id_customer>
<id_group><![CDATA[3]]></id_group>
</customer_group>
<customer_group><id_customer><![CDATA[1579]]></id_customer>
<id_group><![CDATA[2]]></id_group>
</customer_group>
<customer_group><id_customer><![CDATA[1580]]></id_customer>
<id_group><![CDATA[3]]></id_group>
</customer_group>
<customer_group><id_customer><![CDATA[1581]]></id_customer>
<id_group><![CDATA[2]]></id_group>
</customer_group>
<customer_group><id_customer><![CDATA[1582]]></id_customer>
<id_group><![CDATA[3]]></id_group>
</customer_group>
<customer_group><id_customer><![CDATA[1583]]></id_customer>
<id_group><![CDATA[3]]></id_group>
</customer_group>
<customer_group><id_customer><![CDATA[1584]]></id_customer>
<id_group><![CDATA[3]]></id_group>
</customer_group>
<customer_group><id_customer><![CDATA[1585]]></id_customer>
<id_group><![CDATA[3]]></id_group>
</customer_group>
<customer_group><id_customer><![CDATA[1586]]></id_customer>
<id_group><![CDATA[3]]></id_group>
</customer_group>
<customer_group><id_customer><![CDATA[1587]]></id_customer>
<id_group><![CDATA[2]]></id_group>
</customer_group>
<customer_group><id_customer><![CDATA[1588]]></id_customer>
<id_group><![CDATA[3]]></id_group>
</customer_group>
<customer_group><id_customer><![CDATA[1589]]></id_customer>
<id_group><![CDATA[3]]></id_group>
</customer_group>
<customer_group><id_customer><![CDATA[1590]]></id_customer>
<id_group><![CDATA[3]]></id_group>
</customer_group>
<customer_group><id_customer><![CDATA[1591]]></id_customer>
<id_group><![CDATA[2]]></id_group>
</customer_group>
<customer_group><id_customer><![CDATA[1592]]></id_customer>
<id_group><![CDATA[2]]></id_group>
</customer_group>
<customer_group><id_customer><![CDATA[1593]]></id_customer>
<id_group><![CDATA[2]]></id_group>
</customer_group>
<customer_group><id_customer><![CDATA[1594]]></id_customer>
<id_group><![CDATA[3]]></id_group>
</customer_group>
<customer_group><id_customer><![CDATA[1595]]></id_customer>
<id_group><![CDATA[3]]></id_group>
</customer_group>
<customer_group><id_customer><![CDATA[1596]]></id_customer>
<id_group><![CDATA[3]]></id_group>
</customer_group>
<customer_group><id_customer><![CDATA[1597]]></id_customer>
<id_group><![CDATA[3]]></id_group>
</customer_group>
<customer_group><id_customer><![CDATA[1598]]></id_customer>
<id_group><![CDATA[3]]></id_group>
</customer_group>
<customer_group><id_customer><![CDATA[1599]]></id_customer>
<id_group><![CDATA[3]]></id_group>
</customer_group>
<customer_group><id_customer><![CDATA[1600]]></id_customer>
<id_group><![CDATA[3]]></id_group>
</customer_group>
<customer_group><id_customer><![CDATA[1601]]></id_customer>
<id_group><![CDATA[3]]></id_group>
</customer_group>
<customer_group><id_customer><![CDATA[1602]]></id_customer>
<id_group><![CDATA[2]]></id_group>
</customer_group>
<customer_group><id_customer><![CDATA[1603]]></id_customer>
<id_group><![CDATA[2]]></id_group>
</customer_group>
<customer_group><id_customer><![CDATA[1604]]></id_customer>
<id_group><![CDATA[3]]></id_group>
</customer_group>
<customer_group><id_customer><![CDATA[1605]]></id_customer>
<id_group><![CDATA[3]]></id_group>
</customer_group>
<customer_group><id_customer><![CDATA[1606]]></id_customer>
<id_group><![CDATA[3]]></id_group>
</customer_group>
<customer_group><id_customer><![CDATA[1607]]></id_customer>
<id_group><![CDATA[3]]></id_group>
</customer_group>
<customer_group><id_customer><![CDATA[1608]]></id_customer>
<id_group><![CDATA[3]]></id_group>
</customer_group>
<customer_group><id_customer><![CDATA[1609]]></id_customer>
<id_group><![CDATA[2]]></id_group>
</customer_group>
<customer_group><id_customer><![CDATA[1610]]></id_customer>
<id_group><![CDATA[3]]></id_group>
</customer_group>
<customer_group><id_customer><![CDATA[1611]]></id_customer>
<id_group><![CDATA[2]]></id_group>
</customer_group>
<customer_group><id_customer><![CDATA[1612]]></id_customer>
<id_group><![CDATA[3]]></id_group>
</customer_group>
<customer_group><id_customer><![CDATA[1613]]></id_customer>
<id_group><![CDATA[2]]></id_group>
</customer_group>
<customer_group><id_customer><![CDATA[1614]]></id_customer>
<id_group><![CDATA[3]]></id_group>
</customer_group>
<customer_group><id_customer><![CDATA[1615]]></id_customer>
<id_group><![CDATA[3]]></id_group>
</customer_group>
<customer_group><id_customer><![CDATA[1616]]></id_customer>
<id_group><![CDATA[3]]></id_group>
</customer_group>
<customer_group><id_customer><![CDATA[1617]]></id_customer>
<id_group><![CDATA[3]]></id_group>
</customer_group>
<customer_group><id_customer><![CDATA[1618]]></id_customer>
<id_group><![CDATA[2]]></id_group>
</customer_group>
<customer_group><id_customer><![CDATA[1619]]></id_customer>
<id_group><![CDATA[3]]></id_group>
</customer_group>
<customer_group><id_customer><![CDATA[1620]]></id_customer>
<id_group><![CDATA[3]]></id_group>
</customer_group>
<customer_group><id_customer><![CDATA[1621]]></id_customer>
<id_group><![CDATA[3]]></id_group>
</customer_group>
<customer_group><id_customer><![CDATA[1622]]></id_customer>
<id_group><![CDATA[2]]></id_group>
</customer_group>
<customer_group><id_customer><![CDATA[1623]]></id_customer>
<id_group><![CDATA[2]]></id_group>
</customer_group>
<customer_group><id_customer><![CDATA[1624]]></id_customer>
<id_group><![CDATA[2]]></id_group>
</customer_group>
<customer_group><id_customer><![CDATA[1625]]></id_customer>
<id_group><![CDATA[3]]></id_group>
</customer_group>
<customer_group><id_customer><![CDATA[1626]]></id_customer>
<id_group><![CDATA[2]]></id_group>
</customer_group>
<customer_group><id_customer><![CDATA[1627]]></id_customer>
<id_group><![CDATA[3]]></id_group>
</customer_group>
<customer_group><id_customer><![CDATA[1628]]></id_customer>
<id_group><![CDATA[3]]></id_group>
</customer_group>
<customer_group><id_customer><![CDATA[1629]]></id_customer>
<id_group><![CDATA[3]]></id_group>
</customer_group>
<customer_group><id_customer><![CDATA[1630]]></id_customer>
<id_group><![CDATA[3]]></id_group>
</customer_group>
<customer_group><id_customer><![CDATA[1631]]></id_customer>
<id_group><![CDATA[3]]></id_group>
</customer_group>
<customer_group><id_customer><![CDATA[1632]]></id_customer>
<id_group><![CDATA[3]]></id_group>
</customer_group>
<customer_group><id_customer><![CDATA[1633]]></id_customer>
<id_group><![CDATA[3]]></id_group>
</customer_group>
<customer_group><id_customer><![CDATA[1634]]></id_customer>
<id_group><![CDATA[2]]></id_group>
</customer_group>
<customer_group><id_customer><![CDATA[1635]]></id_customer>
<id_group><![CDATA[3]]></id_group>
</customer_group>
<customer_group><id_customer><![CDATA[1636]]></id_customer>
<id_group><![CDATA[3]]></id_group>
</customer_group>
<customer_group><id_customer><![CDATA[1637]]></id_customer>
<id_group><![CDATA[2]]></id_group>
</customer_group>
<customer_group><id_customer><![CDATA[1638]]></id_customer>
<id_group><![CDATA[3]]></id_group>
</customer_group>
<customer_group><id_customer><![CDATA[1639]]></id_customer>
<id_group><![CDATA[3]]></id_group>
</customer_group>
<customer_group><id_customer><![CDATA[1640]]></id_customer>
<id_group><![CDATA[2]]></id_group>
</customer_group>
<customer_group><id_customer><![CDATA[1641]]></id_customer>
<id_group><![CDATA[3]]></id_group>
</customer_group>
<customer_group><id_customer><![CDATA[1642]]></id_customer>
<id_group><![CDATA[2]]></id_group>
</customer_group>
<customer_group><id_customer><![CDATA[1643]]></id_customer>
<id_group><![CDATA[3]]></id_group>
</customer_group>
<customer_group><id_customer><![CDATA[1644]]></id_customer>
<id_group><![CDATA[2]]></id_group>
</customer_group>
<customer_group><id_customer><![CDATA[1645]]></id_customer>
<id_group><![CDATA[3]]></id_group>
</customer_group>
<customer_group><id_customer><![CDATA[1646]]></id_customer>
<id_group><![CDATA[2]]></id_group>
</customer_group>
<customer_group><id_customer><![CDATA[1647]]></id_customer>
<id_group><![CDATA[3]]></id_group>
</customer_group>
<customer_group><id_customer><![CDATA[1648]]></id_customer>
<id_group><![CDATA[3]]></id_group>
</customer_group>
<customer_group><id_customer><![CDATA[1649]]></id_customer>
<id_group><![CDATA[3]]></id_group>
</customer_group>
<customer_group><id_customer><![CDATA[1650]]></id_customer>
<id_group><![CDATA[3]]></id_group>
</customer_group>
<customer_group><id_customer><![CDATA[1651]]></id_customer>
<id_group><![CDATA[2]]></id_group>
</customer_group>
<customer_group><id_customer><![CDATA[1652]]></id_customer>
<id_group><![CDATA[3]]></id_group>
</customer_group>
<customer_group><id_customer><![CDATA[1653]]></id_customer>
<id_group><![CDATA[2]]></id_group>
</customer_group>
<customer_group><id_customer><![CDATA[1654]]></id_customer>
<id_group><![CDATA[3]]></id_group>
</customer_group>
<customer_group><id_customer><![CDATA[1655]]></id_customer>
<id_group><![CDATA[3]]></id_group>
</customer_group>
<customer_group><id_customer><![CDATA[1656]]></id_customer>
<id_group><![CDATA[2]]></id_group>
</customer_group>
<customer_group><id_customer><![CDATA[1657]]></id_customer>
<id_group><![CDATA[3]]></id_group>
</customer_group>
<customer_group><id_customer><![CDATA[1658]]></id_customer>
<id_group><![CDATA[3]]></id_group>
</customer_group>
<customer_group><id_customer><![CDATA[1659]]></id_customer>
<id_group><![CDATA[2]]></id_group>
</customer_group>
<customer_group><id_customer><![CDATA[1660]]></id_customer>
<id_group><![CDATA[2]]></id_group>
</customer_group>
<customer_group><id_customer><![CDATA[1661]]></id_customer>
<id_group><![CDATA[2]]></id_group>
</customer_group>
<customer_group><id_customer><![CDATA[1662]]></id_customer>
<id_group><![CDATA[3]]></id_group>
</customer_group>
<customer_group><id_customer><![CDATA[1663]]></id_customer>
<id_group><![CDATA[3]]></id_group>
</customer_group>
<customer_group><id_customer><![CDATA[1664]]></id_customer>
<id_group><![CDATA[3]]></id_group>
</customer_group>
<customer_group><id_customer><![CDATA[1665]]></id_customer>
<id_group><![CDATA[3]]></id_group>
</customer_group>
<customer_group><id_customer><![CDATA[1666]]></id_customer>
<id_group><![CDATA[3]]></id_group>
</customer_group>
<customer_group><id_customer><![CDATA[1667]]></id_customer>
<id_group><![CDATA[3]]></id_group>
</customer_group>
<customer_group><id_customer><![CDATA[1668]]></id_customer>
<id_group><![CDATA[2]]></id_group>
</customer_group>
<customer_group><id_customer><![CDATA[1669]]></id_customer>
<id_group><![CDATA[3]]></id_group>
</customer_group>
<customer_group><id_customer><![CDATA[1670]]></id_customer>
<id_group><![CDATA[3]]></id_group>
</customer_group>
<customer_group><id_customer><![CDATA[1671]]></id_customer>
<id_group><![CDATA[2]]></id_group>
</customer_group>
<customer_group><id_customer><![CDATA[1672]]></id_customer>
<id_group><![CDATA[3]]></id_group>
</customer_group>
<customer_group><id_customer><![CDATA[1673]]></id_customer>
<id_group><![CDATA[2]]></id_group>
</customer_group>
<customer_group><id_customer><![CDATA[1674]]></id_customer>
<id_group><![CDATA[2]]></id_group>
</customer_group>
<customer_group><id_customer><![CDATA[1675]]></id_customer>
<id_group><![CDATA[2]]></id_group>
</customer_group>
<customer_group><id_customer><![CDATA[1676]]></id_customer>
<id_group><![CDATA[2]]></id_group>
</customer_group>
<customer_group><id_customer><![CDATA[1677]]></id_customer>
<id_group><![CDATA[3]]></id_group>
</customer_group>
<customer_group><id_customer><![CDATA[1678]]></id_customer>
<id_group><![CDATA[3]]></id_group>
</customer_group>
<customer_group><id_customer><![CDATA[1679]]></id_customer>
<id_group><![CDATA[3]]></id_group>
</customer_group>
<customer_group><id_customer><![CDATA[1680]]></id_customer>
<id_group><![CDATA[3]]></id_group>
</customer_group>
<customer_group><id_customer><![CDATA[1681]]></id_customer>
<id_group><![CDATA[3]]></id_group>
</customer_group>
<customer_group><id_customer><![CDATA[1682]]></id_customer>
<id_group><![CDATA[3]]></id_group>
</customer_group>
<customer_group><id_customer><![CDATA[1683]]></id_customer>
<id_group><![CDATA[2]]></id_group>
</customer_group>
<customer_group><id_customer><![CDATA[1684]]></id_customer>
<id_group><![CDATA[3]]></id_group>
</customer_group>
<customer_group><id_customer><![CDATA[1685]]></id_customer>
<id_group><![CDATA[3]]></id_group>
</customer_group>
<customer_group><id_customer><![CDATA[1686]]></id_customer>
<id_group><![CDATA[3]]></id_group>
</customer_group>
<customer_group><id_customer><![CDATA[1687]]></id_customer>
<id_group><![CDATA[3]]></id_group>
</customer_group>
<customer_group><id_customer><![CDATA[1688]]></id_customer>
<id_group><![CDATA[2]]></id_group>
</customer_group>
<customer_group><id_customer><![CDATA[1689]]></id_customer>
<id_group><![CDATA[2]]></id_group>
</customer_group>
<customer_group><id_customer><![CDATA[1690]]></id_customer>
<id_group><![CDATA[3]]></id_group>
</customer_group>
<customer_group><id_customer><![CDATA[1691]]></id_customer>
<id_group><![CDATA[3]]></id_group>
</customer_group>
<customer_group><id_customer><![CDATA[1692]]></id_customer>
<id_group><![CDATA[3]]></id_group>
</customer_group>
<customer_group><id_customer><![CDATA[1693]]></id_customer>
<id_group><![CDATA[3]]></id_group>
</customer_group>
<customer_group><id_customer><![CDATA[1694]]></id_customer>
<id_group><![CDATA[3]]></id_group>
</customer_group>
<customer_group><id_customer><![CDATA[1695]]></id_customer>
<id_group><![CDATA[3]]></id_group>
</customer_group>
<customer_group><id_customer><![CDATA[1696]]></id_customer>
<id_group><![CDATA[3]]></id_group>
</customer_group>
<customer_group><id_customer><![CDATA[1697]]></id_customer>
<id_group><![CDATA[3]]></id_group>
</customer_group>
<customer_group><id_customer><![CDATA[1698]]></id_customer>
<id_group><![CDATA[2]]></id_group>
</customer_group>
<customer_group><id_customer><![CDATA[1699]]></id_customer>
<id_group><![CDATA[2]]></id_group>
</customer_group>
<customer_group><id_customer><![CDATA[1700]]></id_customer>
<id_group><![CDATA[3]]></id_group>
</customer_group>
<customer_group><id_customer><![CDATA[1701]]></id_customer>
<id_group><![CDATA[2]]></id_group>
</customer_group>
<customer_group><id_customer><![CDATA[1702]]></id_customer>
<id_group><![CDATA[2]]></id_group>
</customer_group>
<customer_group><id_customer><![CDATA[1703]]></id_customer>
<id_group><![CDATA[2]]></id_group>
</customer_group>
<customer_group><id_customer><![CDATA[1704]]></id_customer>
<id_group><![CDATA[3]]></id_group>
</customer_group>
<customer_group><id_customer><![CDATA[1705]]></id_customer>
<id_group><![CDATA[3]]></id_group>
</customer_group>
<customer_group><id_customer><![CDATA[1706]]></id_customer>
<id_group><![CDATA[2]]></id_group>
</customer_group>
<customer_group><id_customer><![CDATA[1707]]></id_customer>
<id_group><![CDATA[3]]></id_group>
</customer_group>
<customer_group><id_customer><![CDATA[1708]]></id_customer>
<id_group><![CDATA[3]]></id_group>
</customer_group>
<customer_group><id_customer><![CDATA[1709]]></id_customer>
<id_group><![CDATA[3]]></id_group>
</customer_group>
<customer_group><id_customer><![CDATA[1710]]></id_customer>
<id_group><![CDATA[3]]></id_group>
</customer_group>
<customer_group><id_customer><![CDATA[1711]]></id_customer>
<id_group><![CDATA[2]]></id_group>
</customer_group>
<customer_group><id_customer><![CDATA[1712]]></id_customer>
<id_group><![CDATA[3]]></id_group>
</customer_group>
<customer_group><id_customer><![CDATA[1713]]></id_customer>
<id_group><![CDATA[3]]></id_group>
</customer_group>
<customer_group><id_customer><![CDATA[1714]]></id_customer>
<id_group><![CDATA[3]]></id_group>
</customer_group>
<customer_group><id_customer><![CDATA[1715]]></id_customer>
<id_group><![CDATA[2]]></id_group>
</customer_group>
<customer_group><id_customer><![CDATA[1716]]></id_customer>
<id_group><![CDATA[3]]></id_group>
</customer_group>
<customer_group><id_customer><![CDATA[1717]]></id_customer>
<id_group><![CDATA[3]]></id_group>
</customer_group>
<customer_group><id_customer><![CDATA[1718]]></id_customer>
<id_group><![CDATA[3]]></id_group>
</customer_group>
<customer_group><id_customer><![CDATA[1719]]></id_customer>
<id_group><![CDATA[3]]></id_group>
</customer_group>
<customer_group><id_customer><![CDATA[1720]]></id_customer>
<id_group><![CDATA[3]]></id_group>
</customer_group>
<customer_group><id_customer><![CDATA[1721]]></id_customer>
<id_group><![CDATA[2]]></id_group>
</customer_group>
<customer_group><id_customer><![CDATA[1722]]></id_customer>
<id_group><![CDATA[3]]></id_group>
</customer_group>
<customer_group><id_customer><![CDATA[1723]]></id_customer>
<id_group><![CDATA[3]]></id_group>
</customer_group>
<customer_group><id_customer><![CDATA[1724]]></id_customer>
<id_group><![CDATA[2]]></id_group>
</customer_group>
<customer_group><id_customer><![CDATA[1725]]></id_customer>
<id_group><![CDATA[2]]></id_group>
</customer_group>
<customer_group><id_customer><![CDATA[1726]]></id_customer>
<id_group><![CDATA[3]]></id_group>
</customer_group>
<customer_group><id_customer><![CDATA[1727]]></id_customer>
<id_group><![CDATA[3]]></id_group>
</customer_group>
<customer_group><id_customer><![CDATA[1728]]></id_customer>
<id_group><![CDATA[2]]></id_group>
</customer_group>
<customer_group><id_customer><![CDATA[1729]]></id_customer>
<id_group><![CDATA[2]]></id_group>
</customer_group>
<customer_group><id_customer><![CDATA[1730]]></id_customer>
<id_group><![CDATA[3]]></id_group>
</customer_group>
<customer_group><id_customer><![CDATA[1731]]></id_customer>
<id_group><![CDATA[2]]></id_group>
</customer_group>
<customer_group><id_customer><![CDATA[1732]]></id_customer>
<id_group><![CDATA[3]]></id_group>
</customer_group>
<customer_group><id_customer><![CDATA[1733]]></id_customer>
<id_group><![CDATA[2]]></id_group>
</customer_group>
<customer_group><id_customer><![CDATA[1734]]></id_customer>
<id_group><![CDATA[3]]></id_group>
</customer_group>
<customer_group><id_customer><![CDATA[1735]]></id_customer>
<id_group><![CDATA[2]]></id_group>
</customer_group>
<customer_group><id_customer><![CDATA[1736]]></id_customer>
<id_group><![CDATA[2]]></id_group>
</customer_group>
<customer_group><id_customer><![CDATA[1737]]></id_customer>
<id_group><![CDATA[3]]></id_group>
</customer_group>
<customer_group><id_customer><![CDATA[1738]]></id_customer>
<id_group><![CDATA[3]]></id_group>
</customer_group>
<customer_group><id_customer><![CDATA[1739]]></id_customer>
<id_group><![CDATA[3]]></id_group>
</customer_group>
<customer_group><id_customer><![CDATA[1740]]></id_customer>
<id_group><![CDATA[2]]></id_group>
</customer_group>
<customer_group><id_customer><![CDATA[1741]]></id_customer>
<id_group><![CDATA[3]]></id_group>
</customer_group>
<customer_group><id_customer><![CDATA[1742]]></id_customer>
<id_group><![CDATA[2]]></id_group>
</customer_group>
<customer_group><id_customer><![CDATA[1743]]></id_customer>
<id_group><![CDATA[2]]></id_group>
</customer_group>
<customer_group><id_customer><![CDATA[1744]]></id_customer>
<id_group><![CDATA[2]]></id_group>
</customer_group>
<customer_group><id_customer><![CDATA[1745]]></id_customer>
<id_group><![CDATA[2]]></id_group>
</customer_group>
<customer_group><id_customer><![CDATA[1746]]></id_customer>
<id_group><![CDATA[2]]></id_group>
</customer_group>
<customer_group><id_customer><![CDATA[1747]]></id_customer>
<id_group><![CDATA[2]]></id_group>
</customer_group>
<customer_group><id_customer><![CDATA[1748]]></id_customer>
<id_group><![CDATA[2]]></id_group>
</customer_group>
<customer_group><id_customer><![CDATA[1749]]></id_customer>
<id_group><![CDATA[3]]></id_group>
</customer_group>
<customer_group><id_customer><![CDATA[1750]]></id_customer>
<id_group><![CDATA[3]]></id_group>
</customer_group>
<customer_group><id_customer><![CDATA[1751]]></id_customer>
<id_group><![CDATA[3]]></id_group>
</customer_group>
<customer_group><id_customer><![CDATA[1752]]></id_customer>
<id_group><![CDATA[3]]></id_group>
</customer_group>
<customer_group><id_customer><![CDATA[1753]]></id_customer>
<id_group><![CDATA[3]]></id_group>
</customer_group>
<customer_group><id_customer><![CDATA[1754]]></id_customer>
<id_group><![CDATA[3]]></id_group>
</customer_group>
<customer_group><id_customer><![CDATA[1755]]></id_customer>
<id_group><![CDATA[2]]></id_group>
</customer_group>
<customer_group><id_customer><![CDATA[1756]]></id_customer>
<id_group><![CDATA[2]]></id_group>
</customer_group>
<customer_group><id_customer><![CDATA[1757]]></id_customer>
<id_group><![CDATA[2]]></id_group>
</customer_group>
<customer_group><id_customer><![CDATA[1758]]></id_customer>
<id_group><![CDATA[3]]></id_group>
</customer_group>
<customer_group><id_customer><![CDATA[1759]]></id_customer>
<id_group><![CDATA[2]]></id_group>
</customer_group>
<customer_group><id_customer><![CDATA[1760]]></id_customer>
<id_group><![CDATA[2]]></id_group>
</customer_group>
<customer_group><id_customer><![CDATA[1761]]></id_customer>
<id_group><![CDATA[2]]></id_group>
</customer_group>
<customer_group><id_customer><![CDATA[1762]]></id_customer>
<id_group><![CDATA[2]]></id_group>
</customer_group>
<customer_group><id_customer><![CDATA[1763]]></id_customer>
<id_group><![CDATA[2]]></id_group>
</customer_group>
<customer_group><id_customer><![CDATA[1764]]></id_customer>
<id_group><![CDATA[2]]></id_group>
</customer_group>
<customer_group><id_customer><![CDATA[1765]]></id_customer>
<id_group><![CDATA[3]]></id_group>
</customer_group>
<customer_group><id_customer><![CDATA[1766]]></id_customer>
<id_group><![CDATA[4]]></id_group>
</customer_group>
<customer_group><id_customer><![CDATA[1767]]></id_customer>
<id_group><![CDATA[3]]></id_group>
</customer_group>
<customer_group><id_customer><![CDATA[1768]]></id_customer>
<id_group><![CDATA[3]]></id_group>
</customer_group>
<customer_group><id_customer><![CDATA[1769]]></id_customer>
<id_group><![CDATA[2]]></id_group>
</customer_group>
<customer_group><id_customer><![CDATA[1770]]></id_customer>
<id_group><![CDATA[2]]></id_group>
</customer_group>
<customer_group><id_customer><![CDATA[1771]]></id_customer>
<id_group><![CDATA[2]]></id_group>
</customer_group>
<customer_group><id_customer><![CDATA[1772]]></id_customer>
<id_group><![CDATA[2]]></id_group>
</customer_group>
<customer_group><id_customer><![CDATA[1773]]></id_customer>
<id_group><![CDATA[3]]></id_group>
</customer_group>
<customer_group><id_customer><![CDATA[1774]]></id_customer>
<id_group><![CDATA[2]]></id_group>
</customer_group>
<customer_group><id_customer><![CDATA[1775]]></id_customer>
<id_group><![CDATA[2]]></id_group>
</customer_group>
<customer_group><id_customer><![CDATA[1776]]></id_customer>
<id_group><![CDATA[3]]></id_group>
</customer_group>
<customer_group><id_customer><![CDATA[1777]]></id_customer>
<id_group><![CDATA[3]]></id_group>
</customer_group>
<customer_group><id_customer><![CDATA[1778]]></id_customer>
<id_group><![CDATA[2]]></id_group>
</customer_group>
<customer_group><id_customer><![CDATA[1779]]></id_customer>
<id_group><![CDATA[2]]></id_group>
</customer_group>
<customer_group><id_customer><![CDATA[1780]]></id_customer>
<id_group><![CDATA[2]]></id_group>
</customer_group>
<customer_group><id_customer><![CDATA[1781]]></id_customer>
<id_group><![CDATA[3]]></id_group>
</customer_group>
<customer_group><id_customer><![CDATA[1782]]></id_customer>
<id_group><![CDATA[2]]></id_group>
</customer_group>
<customer_group><id_customer><![CDATA[1783]]></id_customer>
<id_group><![CDATA[2]]></id_group>
</customer_group>
<customer_group><id_customer><![CDATA[1784]]></id_customer>
<id_group><![CDATA[2]]></id_group>
</customer_group>
<customer_group><id_customer><![CDATA[1785]]></id_customer>
<id_group><![CDATA[3]]></id_group>
</customer_group>
<customer_group><id_customer><![CDATA[1786]]></id_customer>
<id_group><![CDATA[3]]></id_group>
</customer_group>
<customer_group><id_customer><![CDATA[1787]]></id_customer>
<id_group><![CDATA[3]]></id_group>
</customer_group>
<customer_group><id_customer><![CDATA[1788]]></id_customer>
<id_group><![CDATA[3]]></id_group>
</customer_group>
<customer_group><id_customer><![CDATA[1789]]></id_customer>
<id_group><![CDATA[2]]></id_group>
</customer_group>
<customer_group><id_customer><![CDATA[1790]]></id_customer>
<id_group><![CDATA[3]]></id_group>
</customer_group>
<customer_group><id_customer><![CDATA[1791]]></id_customer>
<id_group><![CDATA[2]]></id_group>
</customer_group>
<customer_group><id_customer><![CDATA[1792]]></id_customer>
<id_group><![CDATA[2]]></id_group>
</customer_group>
<customer_group><id_customer><![CDATA[1793]]></id_customer>
<id_group><![CDATA[3]]></id_group>
</customer_group>
<customer_group><id_customer><![CDATA[1794]]></id_customer>
<id_group><![CDATA[3]]></id_group>
</customer_group>
<customer_group><id_customer><![CDATA[1795]]></id_customer>
<id_group><![CDATA[3]]></id_group>
</customer_group>
<customer_group><id_customer><![CDATA[1796]]></id_customer>
<id_group><![CDATA[3]]></id_group>
</customer_group>
<customer_group><id_customer><![CDATA[1797]]></id_customer>
<id_group><![CDATA[2]]></id_group>
</customer_group>
<customer_group><id_customer><![CDATA[1798]]></id_customer>
<id_group><![CDATA[2]]></id_group>
</customer_group>
<customer_group><id_customer><![CDATA[1799]]></id_customer>
<id_group><![CDATA[2]]></id_group>
</customer_group>
<customer_group><id_customer><![CDATA[1800]]></id_customer>
<id_group><![CDATA[3]]></id_group>
</customer_group>
<customer_group><id_customer><![CDATA[1801]]></id_customer>
<id_group><![CDATA[3]]></id_group>
</customer_group>
<customer_group><id_customer><![CDATA[1802]]></id_customer>
<id_group><![CDATA[2]]></id_group>
</customer_group>
<customer_group><id_customer><![CDATA[1803]]></id_customer>
<id_group><![CDATA[2]]></id_group>
</customer_group>
<customer_group><id_customer><![CDATA[1804]]></id_customer>
<id_group><![CDATA[2]]></id_group>
</customer_group>
<customer_group><id_customer><![CDATA[1805]]></id_customer>
<id_group><![CDATA[3]]></id_group>
</customer_group>
<customer_group><id_customer><![CDATA[1806]]></id_customer>
<id_group><![CDATA[3]]></id_group>
</customer_group>
<customer_group><id_customer><![CDATA[1807]]></id_customer>
<id_group><![CDATA[2]]></id_group>
</customer_group>
<customer_group><id_customer><![CDATA[1808]]></id_customer>
<id_group><![CDATA[2]]></id_group>
</customer_group>
<customer_group><id_customer><![CDATA[1809]]></id_customer>
<id_group><![CDATA[3]]></id_group>
</customer_group>
<customer_group><id_customer><![CDATA[1810]]></id_customer>
<id_group><![CDATA[3]]></id_group>
</customer_group>
<customer_group><id_customer><![CDATA[1811]]></id_customer>
<id_group><![CDATA[3]]></id_group>
</customer_group>
<customer_group><id_customer><![CDATA[1812]]></id_customer>
<id_group><![CDATA[3]]></id_group>
</customer_group>
<customer_group><id_customer><![CDATA[1813]]></id_customer>
<id_group><![CDATA[3]]></id_group>
</customer_group>
<customer_group><id_customer><![CDATA[1814]]></id_customer>
<id_group><![CDATA[2]]></id_group>
</customer_group>
<customer_group><id_customer><![CDATA[1815]]></id_customer>
<id_group><![CDATA[3]]></id_group>
</customer_group>
<customer_group><id_customer><![CDATA[1816]]></id_customer>
<id_group><![CDATA[2]]></id_group>
</customer_group>
<customer_group><id_customer><![CDATA[1817]]></id_customer>
<id_group><![CDATA[2]]></id_group>
</customer_group>
<customer_group><id_customer><![CDATA[1818]]></id_customer>
<id_group><![CDATA[2]]></id_group>
</customer_group>
<customer_group><id_customer><![CDATA[1819]]></id_customer>
<id_group><![CDATA[3]]></id_group>
</customer_group>
<customer_group><id_customer><![CDATA[1820]]></id_customer>
<id_group><![CDATA[2]]></id_group>
</customer_group>
<customer_group><id_customer><![CDATA[1821]]></id_customer>
<id_group><![CDATA[2]]></id_group>
</customer_group>
<customer_group><id_customer><![CDATA[1822]]></id_customer>
<id_group><![CDATA[2]]></id_group>
</customer_group>
<customer_group><id_customer><![CDATA[1823]]></id_customer>
<id_group><![CDATA[2]]></id_group>
</customer_group>
<customer_group><id_customer><![CDATA[1824]]></id_customer>
<id_group><![CDATA[2]]></id_group>
</customer_group>
<customer_group><id_customer><![CDATA[1825]]></id_customer>
<id_group><![CDATA[3]]></id_group>
</customer_group>
<customer_group><id_customer><![CDATA[1826]]></id_customer>
<id_group><![CDATA[2]]></id_group>
</customer_group>
<customer_group><id_customer><![CDATA[1827]]></id_customer>
<id_group><![CDATA[2]]></id_group>
</customer_group>
<customer_group><id_customer><![CDATA[1828]]></id_customer>
<id_group><![CDATA[3]]></id_group>
</customer_group>
<customer_group><id_customer><![CDATA[1829]]></id_customer>
<id_group><![CDATA[2]]></id_group>
</customer_group>
<customer_group><id_customer><![CDATA[1830]]></id_customer>
<id_group><![CDATA[2]]></id_group>
</customer_group>
<customer_group><id_customer><![CDATA[1831]]></id_customer>
<id_group><![CDATA[3]]></id_group>
</customer_group>
<customer_group><id_customer><![CDATA[1832]]></id_customer>
<id_group><![CDATA[3]]></id_group>
</customer_group>
<customer_group><id_customer><![CDATA[1833]]></id_customer>
<id_group><![CDATA[2]]></id_group>
</customer_group>
<customer_group><id_customer><![CDATA[1834]]></id_customer>
<id_group><![CDATA[3]]></id_group>
</customer_group>
<customer_group><id_customer><![CDATA[1835]]></id_customer>
<id_group><![CDATA[2]]></id_group>
</customer_group>
<customer_group><id_customer><![CDATA[1836]]></id_customer>
<id_group><![CDATA[3]]></id_group>
</customer_group>
<customer_group><id_customer><![CDATA[1837]]></id_customer>
<id_group><![CDATA[3]]></id_group>
</customer_group>
<customer_group><id_customer><![CDATA[1838]]></id_customer>
<id_group><![CDATA[3]]></id_group>
</customer_group>
<customer_group><id_customer><![CDATA[1839]]></id_customer>
<id_group><![CDATA[3]]></id_group>
</customer_group>
<customer_group><id_customer><![CDATA[1840]]></id_customer>
<id_group><![CDATA[2]]></id_group>
</customer_group>
<customer_group><id_customer><![CDATA[1841]]></id_customer>
<id_group><![CDATA[2]]></id_group>
</customer_group>
<customer_group><id_customer><![CDATA[1842]]></id_customer>
<id_group><![CDATA[2]]></id_group>
</customer_group>
<customer_group><id_customer><![CDATA[1843]]></id_customer>
<id_group><![CDATA[3]]></id_group>
</customer_group>
<customer_group><id_customer><![CDATA[1844]]></id_customer>
<id_group><![CDATA[3]]></id_group>
</customer_group>
<customer_group><id_customer><![CDATA[1845]]></id_customer>
<id_group><![CDATA[2]]></id_group>
</customer_group>
<customer_group><id_customer><![CDATA[1846]]></id_customer>
<id_group><![CDATA[3]]></id_group>
</customer_group>
<customer_group><id_customer><![CDATA[1847]]></id_customer>
<id_group><![CDATA[3]]></id_group>
</customer_group>
<customer_group><id_customer><![CDATA[1848]]></id_customer>
<id_group><![CDATA[3]]></id_group>
</customer_group>
<customer_group><id_customer><![CDATA[1849]]></id_customer>
<id_group><![CDATA[3]]></id_group>
</customer_group>
<customer_group><id_customer><![CDATA[1850]]></id_customer>
<id_group><![CDATA[2]]></id_group>
</customer_group>
<customer_group><id_customer><![CDATA[1851]]></id_customer>
<id_group><![CDATA[2]]></id_group>
</customer_group>
<customer_group><id_customer><![CDATA[1852]]></id_customer>
<id_group><![CDATA[3]]></id_group>
</customer_group>
<customer_group><id_customer><![CDATA[1853]]></id_customer>
<id_group><![CDATA[3]]></id_group>
</customer_group>
<customer_group><id_customer><![CDATA[1854]]></id_customer>
<id_group><![CDATA[3]]></id_group>
</customer_group>
<customer_group><id_customer><![CDATA[1855]]></id_customer>
<id_group><![CDATA[3]]></id_group>
</customer_group>
<customer_group><id_customer><![CDATA[1856]]></id_customer>
<id_group><![CDATA[2]]></id_group>
</customer_group>
<customer_group><id_customer><![CDATA[1857]]></id_customer>
<id_group><![CDATA[2]]></id_group>
</customer_group>
<customer_group><id_customer><![CDATA[1858]]></id_customer>
<id_group><![CDATA[2]]></id_group>
</customer_group>
<customer_group><id_customer><![CDATA[1858]]></id_customer>
<id_group><![CDATA[4]]></id_group>
</customer_group>
<customer_group><id_customer><![CDATA[1859]]></id_customer>
<id_group><![CDATA[3]]></id_group>
</customer_group>
<customer_group><id_customer><![CDATA[1860]]></id_customer>
<id_group><![CDATA[4]]></id_group>
</customer_group>
<customer_group><id_customer><![CDATA[1861]]></id_customer>
<id_group><![CDATA[2]]></id_group>
</customer_group>
<customer_group><id_customer><![CDATA[1862]]></id_customer>
<id_group><![CDATA[2]]></id_group>
</customer_group>
<customer_group><id_customer><![CDATA[1863]]></id_customer>
<id_group><![CDATA[2]]></id_group>
</customer_group>
<customer_group><id_customer><![CDATA[1864]]></id_customer>
<id_group><![CDATA[2]]></id_group>
</customer_group>
<customer_group><id_customer><![CDATA[1865]]></id_customer>
<id_group><![CDATA[2]]></id_group>
</customer_group>
<customer_group><id_customer><![CDATA[1866]]></id_customer>
<id_group><![CDATA[3]]></id_group>
</customer_group>
<customer_group><id_customer><![CDATA[1867]]></id_customer>
<id_group><![CDATA[3]]></id_group>
</customer_group>
<customer_group><id_customer><![CDATA[1868]]></id_customer>
<id_group><![CDATA[2]]></id_group>
</customer_group>
<customer_group><id_customer><![CDATA[1869]]></id_customer>
<id_group><![CDATA[2]]></id_group>
</customer_group>
<customer_group><id_customer><![CDATA[1870]]></id_customer>
<id_group><![CDATA[2]]></id_group>
</customer_group>
<customer_group><id_customer><![CDATA[1871]]></id_customer>
<id_group><![CDATA[2]]></id_group>
</customer_group>
<customer_group><id_customer><![CDATA[1872]]></id_customer>
<id_group><![CDATA[3]]></id_group>
</customer_group>
<customer_group><id_customer><![CDATA[1873]]></id_customer>
<id_group><![CDATA[3]]></id_group>
</customer_group>
<customer_group><id_customer><![CDATA[1874]]></id_customer>
<id_group><![CDATA[2]]></id_group>
</customer_group>
<customer_group><id_customer><![CDATA[1875]]></id_customer>
<id_group><![CDATA[2]]></id_group>
</customer_group>
<customer_group><id_customer><![CDATA[1876]]></id_customer>
<id_group><![CDATA[2]]></id_group>
</customer_group>
<customer_group><id_customer><![CDATA[1877]]></id_customer>
<id_group><![CDATA[2]]></id_group>
</customer_group>
<customer_group><id_customer><![CDATA[1878]]></id_customer>
<id_group><![CDATA[2]]></id_group>
</customer_group>
<customer_group><id_customer><![CDATA[1879]]></id_customer>
<id_group><![CDATA[3]]></id_group>
</customer_group>
<customer_group><id_customer><![CDATA[1880]]></id_customer>
<id_group><![CDATA[3]]></id_group>
</customer_group>
<customer_group><id_customer><![CDATA[1881]]></id_customer>
<id_group><![CDATA[2]]></id_group>
</customer_group>
<customer_group><id_customer><![CDATA[1882]]></id_customer>
<id_group><![CDATA[2]]></id_group>
</customer_group>
<customer_group><id_customer><![CDATA[1883]]></id_customer>
<id_group><![CDATA[2]]></id_group>
</customer_group>
<customer_group><id_customer><![CDATA[1884]]></id_customer>
<id_group><![CDATA[3]]></id_group>
</customer_group>
<customer_group><id_customer><![CDATA[1885]]></id_customer>
<id_group><![CDATA[2]]></id_group>
</customer_group>
<customer_group><id_customer><![CDATA[1886]]></id_customer>
<id_group><![CDATA[2]]></id_group>
</customer_group>
<customer_group><id_customer><![CDATA[1887]]></id_customer>
<id_group><![CDATA[2]]></id_group>
</customer_group>
<customer_group><id_customer><![CDATA[1888]]></id_customer>
<id_group><![CDATA[3]]></id_group>
</customer_group>
<customer_group><id_customer><![CDATA[1889]]></id_customer>
<id_group><![CDATA[3]]></id_group>
</customer_group>
<customer_group><id_customer><![CDATA[1890]]></id_customer>
<id_group><![CDATA[2]]></id_group>
</customer_group>
<customer_group><id_customer><![CDATA[1891]]></id_customer>
<id_group><![CDATA[2]]></id_group>
</customer_group>
<customer_group><id_customer><![CDATA[1892]]></id_customer>
<id_group><![CDATA[3]]></id_group>
</customer_group>
<customer_group><id_customer><![CDATA[1893]]></id_customer>
<id_group><![CDATA[3]]></id_group>
</customer_group>
<customer_group><id_customer><![CDATA[1894]]></id_customer>
<id_group><![CDATA[3]]></id_group>
</customer_group>
<customer_group><id_customer><![CDATA[1895]]></id_customer>
<id_group><![CDATA[3]]></id_group>
</customer_group>
<customer_group><id_customer><![CDATA[1896]]></id_customer>
<id_group><![CDATA[3]]></id_group>
</customer_group>
<customer_group><id_customer><![CDATA[1897]]></id_customer>
<id_group><![CDATA[3]]></id_group>
</customer_group>
<customer_group><id_customer><![CDATA[1898]]></id_customer>
<id_group><![CDATA[2]]></id_group>
</customer_group>
<customer_group><id_customer><![CDATA[1899]]></id_customer>
<id_group><![CDATA[2]]></id_group>
</customer_group>
<customer_group><id_customer><![CDATA[1900]]></id_customer>
<id_group><![CDATA[3]]></id_group>
</customer_group>
<customer_group><id_customer><![CDATA[1901]]></id_customer>
<id_group><![CDATA[2]]></id_group>
</customer_group>
<customer_group><id_customer><![CDATA[1902]]></id_customer>
<id_group><![CDATA[3]]></id_group>
</customer_group>
<customer_group><id_customer><![CDATA[1903]]></id_customer>
<id_group><![CDATA[3]]></id_group>
</customer_group>
<customer_group><id_customer><![CDATA[1904]]></id_customer>
<id_group><![CDATA[3]]></id_group>
</customer_group>
<customer_group><id_customer><![CDATA[1905]]></id_customer>
<id_group><![CDATA[2]]></id_group>
</customer_group>
<customer_group><id_customer><![CDATA[1906]]></id_customer>
<id_group><![CDATA[3]]></id_group>
</customer_group>
<customer_group><id_customer><![CDATA[1907]]></id_customer>
<id_group><![CDATA[2]]></id_group>
</customer_group>
<customer_group><id_customer><![CDATA[1908]]></id_customer>
<id_group><![CDATA[3]]></id_group>
</customer_group>
<customer_group><id_customer><![CDATA[1909]]></id_customer>
<id_group><![CDATA[2]]></id_group>
</customer_group>
<customer_group><id_customer><![CDATA[1910]]></id_customer>
<id_group><![CDATA[3]]></id_group>
</customer_group>
<customer_group><id_customer><![CDATA[1911]]></id_customer>
<id_group><![CDATA[3]]></id_group>
</customer_group>
<customer_group><id_customer><![CDATA[1912]]></id_customer>
<id_group><![CDATA[4]]></id_group>
</customer_group>
<customer_group><id_customer><![CDATA[1913]]></id_customer>
<id_group><![CDATA[3]]></id_group>
</customer_group>
<customer_group><id_customer><![CDATA[1914]]></id_customer>
<id_group><![CDATA[2]]></id_group>
</customer_group>
<customer_group><id_customer><![CDATA[1915]]></id_customer>
<id_group><![CDATA[2]]></id_group>
</customer_group>
<customer_group><id_customer><![CDATA[1916]]></id_customer>
<id_group><![CDATA[3]]></id_group>
</customer_group>
<customer_group><id_customer><![CDATA[1917]]></id_customer>
<id_group><![CDATA[2]]></id_group>
</customer_group>
<customer_group><id_customer><![CDATA[1918]]></id_customer>
<id_group><![CDATA[3]]></id_group>
</customer_group>
<customer_group><id_customer><![CDATA[1919]]></id_customer>
<id_group><![CDATA[2]]></id_group>
</customer_group>
<customer_group><id_customer><![CDATA[1920]]></id_customer>
<id_group><![CDATA[3]]></id_group>
</customer_group>
<customer_group><id_customer><![CDATA[1921]]></id_customer>
<id_group><![CDATA[3]]></id_group>
</customer_group>
<customer_group><id_customer><![CDATA[1922]]></id_customer>
<id_group><![CDATA[3]]></id_group>
</customer_group>
<customer_group><id_customer><![CDATA[1923]]></id_customer>
<id_group><![CDATA[2]]></id_group>
</customer_group>
<customer_group><id_customer><![CDATA[1924]]></id_customer>
<id_group><![CDATA[2]]></id_group>
</customer_group>
<customer_group><id_customer><![CDATA[1925]]></id_customer>
<id_group><![CDATA[2]]></id_group>
</customer_group>
<customer_group><id_customer><![CDATA[1926]]></id_customer>
<id_group><![CDATA[3]]></id_group>
</customer_group>
<customer_group><id_customer><![CDATA[1927]]></id_customer>
<id_group><![CDATA[3]]></id_group>
</customer_group>
<customer_group><id_customer><![CDATA[1928]]></id_customer>
<id_group><![CDATA[2]]></id_group>
</customer_group>
<customer_group><id_customer><![CDATA[1929]]></id_customer>
<id_group><![CDATA[2]]></id_group>
</customer_group>
<customer_group><id_customer><![CDATA[1930]]></id_customer>
<id_group><![CDATA[3]]></id_group>
</customer_group>
<customer_group><id_customer><![CDATA[1931]]></id_customer>
<id_group><![CDATA[2]]></id_group>
</customer_group>
<customer_group><id_customer><![CDATA[1932]]></id_customer>
<id_group><![CDATA[3]]></id_group>
</customer_group>
<customer_group><id_customer><![CDATA[1933]]></id_customer>
<id_group><![CDATA[2]]></id_group>
</customer_group>
<customer_group><id_customer><![CDATA[1934]]></id_customer>
<id_group><![CDATA[2]]></id_group>
</customer_group>
<customer_group><id_customer><![CDATA[1935]]></id_customer>
<id_group><![CDATA[2]]></id_group>
</customer_group>
<customer_group><id_customer><![CDATA[1936]]></id_customer>
<id_group><![CDATA[2]]></id_group>
</customer_group>
<customer_group><id_customer><![CDATA[1937]]></id_customer>
<id_group><![CDATA[2]]></id_group>
</customer_group>
<customer_group><id_customer><![CDATA[1938]]></id_customer>
<id_group><![CDATA[2]]></id_group>
</customer_group>
<customer_group><id_customer><![CDATA[1939]]></id_customer>
<id_group><![CDATA[2]]></id_group>
</customer_group>
<customer_group><id_customer><![CDATA[1940]]></id_customer>
<id_group><![CDATA[2]]></id_group>
</customer_group>
<customer_group><id_customer><![CDATA[1941]]></id_customer>
<id_group><![CDATA[3]]></id_group>
</customer_group>
<customer_group><id_customer><![CDATA[1942]]></id_customer>
<id_group><![CDATA[3]]></id_group>
</customer_group>
<customer_group><id_customer><![CDATA[1943]]></id_customer>
<id_group><![CDATA[3]]></id_group>
</customer_group>
<customer_group><id_customer><![CDATA[1944]]></id_customer>
<id_group><![CDATA[2]]></id_group>
</customer_group>
<customer_group><id_customer><![CDATA[1945]]></id_customer>
<id_group><![CDATA[2]]></id_group>
</customer_group>
<customer_group><id_customer><![CDATA[1946]]></id_customer>
<id_group><![CDATA[2]]></id_group>
</customer_group>
<customer_group><id_customer><![CDATA[1947]]></id_customer>
<id_group><![CDATA[2]]></id_group>
</customer_group>
<customer_group><id_customer><![CDATA[1948]]></id_customer>
<id_group><![CDATA[2]]></id_group>
</customer_group>
<customer_group><id_customer><![CDATA[1949]]></id_customer>
<id_group><![CDATA[2]]></id_group>
</customer_group>
<customer_group><id_customer><![CDATA[1950]]></id_customer>
<id_group><![CDATA[2]]></id_group>
</customer_group>
<customer_group><id_customer><![CDATA[1951]]></id_customer>
<id_group><![CDATA[2]]></id_group>
</customer_group>
<customer_group><id_customer><![CDATA[1952]]></id_customer>
<id_group><![CDATA[2]]></id_group>
</customer_group>
<customer_group><id_customer><![CDATA[1953]]></id_customer>
<id_group><![CDATA[3]]></id_group>
</customer_group>
<customer_group><id_customer><![CDATA[1954]]></id_customer>
<id_group><![CDATA[2]]></id_group>
</customer_group>
<customer_group><id_customer><![CDATA[1955]]></id_customer>
<id_group><![CDATA[2]]></id_group>
</customer_group>
<customer_group><id_customer><![CDATA[1956]]></id_customer>
<id_group><![CDATA[2]]></id_group>
</customer_group>
<customer_group><id_customer><![CDATA[1957]]></id_customer>
<id_group><![CDATA[2]]></id_group>
</customer_group>
<customer_group><id_customer><![CDATA[1958]]></id_customer>
<id_group><![CDATA[2]]></id_group>
</customer_group>
<customer_group><id_customer><![CDATA[1959]]></id_customer>
<id_group><![CDATA[2]]></id_group>
</customer_group>
<customer_group><id_customer><![CDATA[1960]]></id_customer>
<id_group><![CDATA[2]]></id_group>
</customer_group>
<customer_group><id_customer><![CDATA[1961]]></id_customer>
<id_group><![CDATA[2]]></id_group>
</customer_group>
<customer_group><id_customer><![CDATA[1962]]></id_customer>
<id_group><![CDATA[3]]></id_group>
</customer_group>
<customer_group><id_customer><![CDATA[1963]]></id_customer>
<id_group><![CDATA[2]]></id_group>
</customer_group>
<customer_group><id_customer><![CDATA[1964]]></id_customer>
<id_group><![CDATA[3]]></id_group>
</customer_group>
<customer_group><id_customer><![CDATA[1965]]></id_customer>
<id_group><![CDATA[3]]></id_group>
</customer_group>
<customer_group><id_customer><![CDATA[1966]]></id_customer>
<id_group><![CDATA[4]]></id_group>
</customer_group>
<customer_group><id_customer><![CDATA[1967]]></id_customer>
<id_group><![CDATA[4]]></id_group>
</customer_group>
<customer_group><id_customer><![CDATA[1968]]></id_customer>
<id_group><![CDATA[4]]></id_group>
</customer_group>
<customer_group><id_customer><![CDATA[1969]]></id_customer>
<id_group><![CDATA[2]]></id_group>
</customer_group>
<customer_group><id_customer><![CDATA[1970]]></id_customer>
<id_group><![CDATA[2]]></id_group>
</customer_group>
<customer_group><id_customer><![CDATA[1971]]></id_customer>
<id_group><![CDATA[2]]></id_group>
</customer_group>
<customer_group><id_customer><![CDATA[1972]]></id_customer>
<id_group><![CDATA[2]]></id_group>
</customer_group>
<customer_group><id_customer><![CDATA[1973]]></id_customer>
<id_group><![CDATA[2]]></id_group>
</customer_group>
<customer_group><id_customer><![CDATA[1974]]></id_customer>
<id_group><![CDATA[2]]></id_group>
</customer_group>
<customer_group><id_customer><![CDATA[1975]]></id_customer>
<id_group><![CDATA[4]]></id_group>
</customer_group>
<customer_group><id_customer><![CDATA[1976]]></id_customer>
<id_group><![CDATA[3]]></id_group>
</customer_group>
<customer_group><id_customer><![CDATA[1977]]></id_customer>
<id_group><![CDATA[2]]></id_group>
</customer_group>
<customer_group><id_customer><![CDATA[1978]]></id_customer>
<id_group><![CDATA[2]]></id_group>
</customer_group>
<customer_group><id_customer><![CDATA[1979]]></id_customer>
<id_group><![CDATA[2]]></id_group>
</customer_group>
<customer_group><id_customer><![CDATA[1980]]></id_customer>
<id_group><![CDATA[3]]></id_group>
</customer_group>
<customer_group><id_customer><![CDATA[1981]]></id_customer>
<id_group><![CDATA[2]]></id_group>
</customer_group>
<customer_group><id_customer><![CDATA[1982]]></id_customer>
<id_group><![CDATA[2]]></id_group>
</customer_group>
<customer_group><id_customer><![CDATA[1983]]></id_customer>
<id_group><![CDATA[3]]></id_group>
</customer_group>
<customer_group><id_customer><![CDATA[1984]]></id_customer>
<id_group><![CDATA[3]]></id_group>
</customer_group>
<customer_group><id_customer><![CDATA[1985]]></id_customer>
<id_group><![CDATA[2]]></id_group>
</customer_group>
<customer_group><id_customer><![CDATA[1986]]></id_customer>
<id_group><![CDATA[3]]></id_group>
</customer_group>
<customer_group><id_customer><![CDATA[1987]]></id_customer>
<id_group><![CDATA[3]]></id_group>
</customer_group>
<customer_group><id_customer><![CDATA[1988]]></id_customer>
<id_group><![CDATA[2]]></id_group>
</customer_group>
<customer_group><id_customer><![CDATA[1989]]></id_customer>
<id_group><![CDATA[3]]></id_group>
</customer_group>
<customer_group><id_customer><![CDATA[1990]]></id_customer>
<id_group><![CDATA[3]]></id_group>
</customer_group>
<customer_group><id_customer><![CDATA[1991]]></id_customer>
<id_group><![CDATA[3]]></id_group>
</customer_group>
<customer_group><id_customer><![CDATA[1992]]></id_customer>
<id_group><![CDATA[2]]></id_group>
</customer_group>
<customer_group><id_customer><![CDATA[1993]]></id_customer>
<id_group><![CDATA[2]]></id_group>
</customer_group>
<customer_group><id_customer><![CDATA[1994]]></id_customer>
<id_group><![CDATA[3]]></id_group>
</customer_group>
</entity_profile>
