<?xml version="1.0" encoding="UTF-8"?>
<entity_profile>
<customer_group><id_customer><![CDATA[2996]]></id_customer>
<id_group><![CDATA[3]]></id_group>
</customer_group>
<customer_group><id_customer><![CDATA[2997]]></id_customer>
<id_group><![CDATA[2]]></id_group>
</customer_group>
<customer_group><id_customer><![CDATA[2998]]></id_customer>
<id_group><![CDATA[3]]></id_group>
</customer_group>
<customer_group><id_customer><![CDATA[2999]]></id_customer>
<id_group><![CDATA[3]]></id_group>
</customer_group>
<customer_group><id_customer><![CDATA[3000]]></id_customer>
<id_group><![CDATA[2]]></id_group>
</customer_group>
<customer_group><id_customer><![CDATA[3001]]></id_customer>
<id_group><![CDATA[3]]></id_group>
</customer_group>
<customer_group><id_customer><![CDATA[3002]]></id_customer>
<id_group><![CDATA[2]]></id_group>
</customer_group>
<customer_group><id_customer><![CDATA[3003]]></id_customer>
<id_group><![CDATA[2]]></id_group>
</customer_group>
<customer_group><id_customer><![CDATA[3004]]></id_customer>
<id_group><![CDATA[3]]></id_group>
</customer_group>
<customer_group><id_customer><![CDATA[3005]]></id_customer>
<id_group><![CDATA[3]]></id_group>
</customer_group>
<customer_group><id_customer><![CDATA[3006]]></id_customer>
<id_group><![CDATA[2]]></id_group>
</customer_group>
<customer_group><id_customer><![CDATA[3007]]></id_customer>
<id_group><![CDATA[3]]></id_group>
</customer_group>
<customer_group><id_customer><![CDATA[3008]]></id_customer>
<id_group><![CDATA[3]]></id_group>
</customer_group>
<customer_group><id_customer><![CDATA[3009]]></id_customer>
<id_group><![CDATA[2]]></id_group>
</customer_group>
<customer_group><id_customer><![CDATA[3010]]></id_customer>
<id_group><![CDATA[2]]></id_group>
</customer_group>
<customer_group><id_customer><![CDATA[3011]]></id_customer>
<id_group><![CDATA[3]]></id_group>
</customer_group>
<customer_group><id_customer><![CDATA[3012]]></id_customer>
<id_group><![CDATA[3]]></id_group>
</customer_group>
<customer_group><id_customer><![CDATA[3013]]></id_customer>
<id_group><![CDATA[3]]></id_group>
</customer_group>
<customer_group><id_customer><![CDATA[3014]]></id_customer>
<id_group><![CDATA[3]]></id_group>
</customer_group>
<customer_group><id_customer><![CDATA[3015]]></id_customer>
<id_group><![CDATA[3]]></id_group>
</customer_group>
<customer_group><id_customer><![CDATA[3016]]></id_customer>
<id_group><![CDATA[3]]></id_group>
</customer_group>
<customer_group><id_customer><![CDATA[3017]]></id_customer>
<id_group><![CDATA[3]]></id_group>
</customer_group>
<customer_group><id_customer><![CDATA[3018]]></id_customer>
<id_group><![CDATA[3]]></id_group>
</customer_group>
<customer_group><id_customer><![CDATA[3019]]></id_customer>
<id_group><![CDATA[2]]></id_group>
</customer_group>
<customer_group><id_customer><![CDATA[3020]]></id_customer>
<id_group><![CDATA[2]]></id_group>
</customer_group>
<customer_group><id_customer><![CDATA[3021]]></id_customer>
<id_group><![CDATA[2]]></id_group>
</customer_group>
<customer_group><id_customer><![CDATA[3022]]></id_customer>
<id_group><![CDATA[3]]></id_group>
</customer_group>
<customer_group><id_customer><![CDATA[3023]]></id_customer>
<id_group><![CDATA[2]]></id_group>
</customer_group>
<customer_group><id_customer><![CDATA[3024]]></id_customer>
<id_group><![CDATA[3]]></id_group>
</customer_group>
<customer_group><id_customer><![CDATA[3025]]></id_customer>
<id_group><![CDATA[3]]></id_group>
</customer_group>
<customer_group><id_customer><![CDATA[3026]]></id_customer>
<id_group><![CDATA[3]]></id_group>
</customer_group>
<customer_group><id_customer><![CDATA[3027]]></id_customer>
<id_group><![CDATA[3]]></id_group>
</customer_group>
<customer_group><id_customer><![CDATA[3028]]></id_customer>
<id_group><![CDATA[3]]></id_group>
</customer_group>
<customer_group><id_customer><![CDATA[3029]]></id_customer>
<id_group><![CDATA[2]]></id_group>
</customer_group>
<customer_group><id_customer><![CDATA[3030]]></id_customer>
<id_group><![CDATA[3]]></id_group>
</customer_group>
<customer_group><id_customer><![CDATA[3031]]></id_customer>
<id_group><![CDATA[2]]></id_group>
</customer_group>
<customer_group><id_customer><![CDATA[3032]]></id_customer>
<id_group><![CDATA[2]]></id_group>
</customer_group>
<customer_group><id_customer><![CDATA[3033]]></id_customer>
<id_group><![CDATA[2]]></id_group>
</customer_group>
<customer_group><id_customer><![CDATA[3034]]></id_customer>
<id_group><![CDATA[2]]></id_group>
</customer_group>
<customer_group><id_customer><![CDATA[3035]]></id_customer>
<id_group><![CDATA[3]]></id_group>
</customer_group>
<customer_group><id_customer><![CDATA[3036]]></id_customer>
<id_group><![CDATA[3]]></id_group>
</customer_group>
<customer_group><id_customer><![CDATA[3037]]></id_customer>
<id_group><![CDATA[3]]></id_group>
</customer_group>
<customer_group><id_customer><![CDATA[3038]]></id_customer>
<id_group><![CDATA[3]]></id_group>
</customer_group>
<customer_group><id_customer><![CDATA[3039]]></id_customer>
<id_group><![CDATA[3]]></id_group>
</customer_group>
<customer_group><id_customer><![CDATA[3040]]></id_customer>
<id_group><![CDATA[2]]></id_group>
</customer_group>
<customer_group><id_customer><![CDATA[3041]]></id_customer>
<id_group><![CDATA[4]]></id_group>
</customer_group>
<customer_group><id_customer><![CDATA[3042]]></id_customer>
<id_group><![CDATA[3]]></id_group>
</customer_group>
<customer_group><id_customer><![CDATA[3043]]></id_customer>
<id_group><![CDATA[3]]></id_group>
</customer_group>
<customer_group><id_customer><![CDATA[3044]]></id_customer>
<id_group><![CDATA[3]]></id_group>
</customer_group>
<customer_group><id_customer><![CDATA[3045]]></id_customer>
<id_group><![CDATA[4]]></id_group>
</customer_group>
<customer_group><id_customer><![CDATA[3046]]></id_customer>
<id_group><![CDATA[2]]></id_group>
</customer_group>
<customer_group><id_customer><![CDATA[3047]]></id_customer>
<id_group><![CDATA[2]]></id_group>
</customer_group>
<customer_group><id_customer><![CDATA[3048]]></id_customer>
<id_group><![CDATA[2]]></id_group>
</customer_group>
<customer_group><id_customer><![CDATA[3049]]></id_customer>
<id_group><![CDATA[3]]></id_group>
</customer_group>
<customer_group><id_customer><![CDATA[3050]]></id_customer>
<id_group><![CDATA[2]]></id_group>
</customer_group>
<customer_group><id_customer><![CDATA[3051]]></id_customer>
<id_group><![CDATA[2]]></id_group>
</customer_group>
<customer_group><id_customer><![CDATA[3052]]></id_customer>
<id_group><![CDATA[3]]></id_group>
</customer_group>
<customer_group><id_customer><![CDATA[3053]]></id_customer>
<id_group><![CDATA[3]]></id_group>
</customer_group>
<customer_group><id_customer><![CDATA[3054]]></id_customer>
<id_group><![CDATA[3]]></id_group>
</customer_group>
<customer_group><id_customer><![CDATA[3055]]></id_customer>
<id_group><![CDATA[3]]></id_group>
</customer_group>
<customer_group><id_customer><![CDATA[3056]]></id_customer>
<id_group><![CDATA[3]]></id_group>
</customer_group>
<customer_group><id_customer><![CDATA[3057]]></id_customer>
<id_group><![CDATA[2]]></id_group>
</customer_group>
<customer_group><id_customer><![CDATA[3058]]></id_customer>
<id_group><![CDATA[3]]></id_group>
</customer_group>
<customer_group><id_customer><![CDATA[3059]]></id_customer>
<id_group><![CDATA[2]]></id_group>
</customer_group>
<customer_group><id_customer><![CDATA[3060]]></id_customer>
<id_group><![CDATA[3]]></id_group>
</customer_group>
<customer_group><id_customer><![CDATA[3061]]></id_customer>
<id_group><![CDATA[3]]></id_group>
</customer_group>
<customer_group><id_customer><![CDATA[3062]]></id_customer>
<id_group><![CDATA[3]]></id_group>
</customer_group>
<customer_group><id_customer><![CDATA[3063]]></id_customer>
<id_group><![CDATA[2]]></id_group>
</customer_group>
<customer_group><id_customer><![CDATA[3064]]></id_customer>
<id_group><![CDATA[3]]></id_group>
</customer_group>
<customer_group><id_customer><![CDATA[3065]]></id_customer>
<id_group><![CDATA[3]]></id_group>
</customer_group>
<customer_group><id_customer><![CDATA[3066]]></id_customer>
<id_group><![CDATA[3]]></id_group>
</customer_group>
<customer_group><id_customer><![CDATA[3067]]></id_customer>
<id_group><![CDATA[3]]></id_group>
</customer_group>
<customer_group><id_customer><![CDATA[3068]]></id_customer>
<id_group><![CDATA[2]]></id_group>
</customer_group>
<customer_group><id_customer><![CDATA[3069]]></id_customer>
<id_group><![CDATA[3]]></id_group>
</customer_group>
<customer_group><id_customer><![CDATA[3070]]></id_customer>
<id_group><![CDATA[2]]></id_group>
</customer_group>
<customer_group><id_customer><![CDATA[3071]]></id_customer>
<id_group><![CDATA[2]]></id_group>
</customer_group>
<customer_group><id_customer><![CDATA[3072]]></id_customer>
<id_group><![CDATA[2]]></id_group>
</customer_group>
<customer_group><id_customer><![CDATA[3073]]></id_customer>
<id_group><![CDATA[2]]></id_group>
</customer_group>
<customer_group><id_customer><![CDATA[3074]]></id_customer>
<id_group><![CDATA[2]]></id_group>
</customer_group>
<customer_group><id_customer><![CDATA[3075]]></id_customer>
<id_group><![CDATA[3]]></id_group>
</customer_group>
<customer_group><id_customer><![CDATA[3076]]></id_customer>
<id_group><![CDATA[2]]></id_group>
</customer_group>
<customer_group><id_customer><![CDATA[3077]]></id_customer>
<id_group><![CDATA[2]]></id_group>
</customer_group>
<customer_group><id_customer><![CDATA[3078]]></id_customer>
<id_group><![CDATA[3]]></id_group>
</customer_group>
<customer_group><id_customer><![CDATA[3079]]></id_customer>
<id_group><![CDATA[3]]></id_group>
</customer_group>
<customer_group><id_customer><![CDATA[3080]]></id_customer>
<id_group><![CDATA[3]]></id_group>
</customer_group>
<customer_group><id_customer><![CDATA[3081]]></id_customer>
<id_group><![CDATA[3]]></id_group>
</customer_group>
<customer_group><id_customer><![CDATA[3082]]></id_customer>
<id_group><![CDATA[3]]></id_group>
</customer_group>
<customer_group><id_customer><![CDATA[3083]]></id_customer>
<id_group><![CDATA[3]]></id_group>
</customer_group>
<customer_group><id_customer><![CDATA[3084]]></id_customer>
<id_group><![CDATA[2]]></id_group>
</customer_group>
<customer_group><id_customer><![CDATA[3085]]></id_customer>
<id_group><![CDATA[2]]></id_group>
</customer_group>
<customer_group><id_customer><![CDATA[3086]]></id_customer>
<id_group><![CDATA[3]]></id_group>
</customer_group>
<customer_group><id_customer><![CDATA[3087]]></id_customer>
<id_group><![CDATA[3]]></id_group>
</customer_group>
<customer_group><id_customer><![CDATA[3088]]></id_customer>
<id_group><![CDATA[3]]></id_group>
</customer_group>
<customer_group><id_customer><![CDATA[3089]]></id_customer>
<id_group><![CDATA[3]]></id_group>
</customer_group>
<customer_group><id_customer><![CDATA[3090]]></id_customer>
<id_group><![CDATA[3]]></id_group>
</customer_group>
<customer_group><id_customer><![CDATA[3091]]></id_customer>
<id_group><![CDATA[3]]></id_group>
</customer_group>
<customer_group><id_customer><![CDATA[3092]]></id_customer>
<id_group><![CDATA[3]]></id_group>
</customer_group>
<customer_group><id_customer><![CDATA[3093]]></id_customer>
<id_group><![CDATA[3]]></id_group>
</customer_group>
<customer_group><id_customer><![CDATA[3094]]></id_customer>
<id_group><![CDATA[3]]></id_group>
</customer_group>
<customer_group><id_customer><![CDATA[3095]]></id_customer>
<id_group><![CDATA[3]]></id_group>
</customer_group>
<customer_group><id_customer><![CDATA[3096]]></id_customer>
<id_group><![CDATA[2]]></id_group>
</customer_group>
<customer_group><id_customer><![CDATA[3097]]></id_customer>
<id_group><![CDATA[2]]></id_group>
</customer_group>
<customer_group><id_customer><![CDATA[3098]]></id_customer>
<id_group><![CDATA[3]]></id_group>
</customer_group>
<customer_group><id_customer><![CDATA[3099]]></id_customer>
<id_group><![CDATA[3]]></id_group>
</customer_group>
<customer_group><id_customer><![CDATA[3100]]></id_customer>
<id_group><![CDATA[3]]></id_group>
</customer_group>
<customer_group><id_customer><![CDATA[3101]]></id_customer>
<id_group><![CDATA[3]]></id_group>
</customer_group>
<customer_group><id_customer><![CDATA[3102]]></id_customer>
<id_group><![CDATA[2]]></id_group>
</customer_group>
<customer_group><id_customer><![CDATA[3103]]></id_customer>
<id_group><![CDATA[3]]></id_group>
</customer_group>
<customer_group><id_customer><![CDATA[3104]]></id_customer>
<id_group><![CDATA[2]]></id_group>
</customer_group>
<customer_group><id_customer><![CDATA[3105]]></id_customer>
<id_group><![CDATA[2]]></id_group>
</customer_group>
<customer_group><id_customer><![CDATA[3106]]></id_customer>
<id_group><![CDATA[3]]></id_group>
</customer_group>
<customer_group><id_customer><![CDATA[3107]]></id_customer>
<id_group><![CDATA[2]]></id_group>
</customer_group>
<customer_group><id_customer><![CDATA[3108]]></id_customer>
<id_group><![CDATA[2]]></id_group>
</customer_group>
<customer_group><id_customer><![CDATA[3109]]></id_customer>
<id_group><![CDATA[3]]></id_group>
</customer_group>
<customer_group><id_customer><![CDATA[3110]]></id_customer>
<id_group><![CDATA[2]]></id_group>
</customer_group>
<customer_group><id_customer><![CDATA[3111]]></id_customer>
<id_group><![CDATA[3]]></id_group>
</customer_group>
<customer_group><id_customer><![CDATA[3112]]></id_customer>
<id_group><![CDATA[2]]></id_group>
</customer_group>
<customer_group><id_customer><![CDATA[3113]]></id_customer>
<id_group><![CDATA[3]]></id_group>
</customer_group>
<customer_group><id_customer><![CDATA[3114]]></id_customer>
<id_group><![CDATA[3]]></id_group>
</customer_group>
<customer_group><id_customer><![CDATA[3115]]></id_customer>
<id_group><![CDATA[3]]></id_group>
</customer_group>
<customer_group><id_customer><![CDATA[3116]]></id_customer>
<id_group><![CDATA[3]]></id_group>
</customer_group>
<customer_group><id_customer><![CDATA[3117]]></id_customer>
<id_group><![CDATA[3]]></id_group>
</customer_group>
<customer_group><id_customer><![CDATA[3118]]></id_customer>
<id_group><![CDATA[3]]></id_group>
</customer_group>
<customer_group><id_customer><![CDATA[3119]]></id_customer>
<id_group><![CDATA[3]]></id_group>
</customer_group>
<customer_group><id_customer><![CDATA[3120]]></id_customer>
<id_group><![CDATA[3]]></id_group>
</customer_group>
<customer_group><id_customer><![CDATA[3121]]></id_customer>
<id_group><![CDATA[3]]></id_group>
</customer_group>
<customer_group><id_customer><![CDATA[3122]]></id_customer>
<id_group><![CDATA[3]]></id_group>
</customer_group>
<customer_group><id_customer><![CDATA[3123]]></id_customer>
<id_group><![CDATA[2]]></id_group>
</customer_group>
<customer_group><id_customer><![CDATA[3124]]></id_customer>
<id_group><![CDATA[3]]></id_group>
</customer_group>
<customer_group><id_customer><![CDATA[3125]]></id_customer>
<id_group><![CDATA[2]]></id_group>
</customer_group>
<customer_group><id_customer><![CDATA[3126]]></id_customer>
<id_group><![CDATA[2]]></id_group>
</customer_group>
<customer_group><id_customer><![CDATA[3128]]></id_customer>
<id_group><![CDATA[3]]></id_group>
</customer_group>
<customer_group><id_customer><![CDATA[3129]]></id_customer>
<id_group><![CDATA[2]]></id_group>
</customer_group>
<customer_group><id_customer><![CDATA[3130]]></id_customer>
<id_group><![CDATA[3]]></id_group>
</customer_group>
<customer_group><id_customer><![CDATA[3132]]></id_customer>
<id_group><![CDATA[3]]></id_group>
</customer_group>
<customer_group><id_customer><![CDATA[3133]]></id_customer>
<id_group><![CDATA[2]]></id_group>
</customer_group>
<customer_group><id_customer><![CDATA[3134]]></id_customer>
<id_group><![CDATA[3]]></id_group>
</customer_group>
<customer_group><id_customer><![CDATA[3135]]></id_customer>
<id_group><![CDATA[2]]></id_group>
</customer_group>
<customer_group><id_customer><![CDATA[3136]]></id_customer>
<id_group><![CDATA[3]]></id_group>
</customer_group>
<customer_group><id_customer><![CDATA[3137]]></id_customer>
<id_group><![CDATA[2]]></id_group>
</customer_group>
<customer_group><id_customer><![CDATA[3138]]></id_customer>
<id_group><![CDATA[3]]></id_group>
</customer_group>
<customer_group><id_customer><![CDATA[3139]]></id_customer>
<id_group><![CDATA[3]]></id_group>
</customer_group>
<customer_group><id_customer><![CDATA[3140]]></id_customer>
<id_group><![CDATA[3]]></id_group>
</customer_group>
<customer_group><id_customer><![CDATA[3141]]></id_customer>
<id_group><![CDATA[3]]></id_group>
</customer_group>
<customer_group><id_customer><![CDATA[3142]]></id_customer>
<id_group><![CDATA[2]]></id_group>
</customer_group>
<customer_group><id_customer><![CDATA[3143]]></id_customer>
<id_group><![CDATA[3]]></id_group>
</customer_group>
<customer_group><id_customer><![CDATA[3144]]></id_customer>
<id_group><![CDATA[2]]></id_group>
</customer_group>
<customer_group><id_customer><![CDATA[3145]]></id_customer>
<id_group><![CDATA[2]]></id_group>
</customer_group>
<customer_group><id_customer><![CDATA[3146]]></id_customer>
<id_group><![CDATA[2]]></id_group>
</customer_group>
<customer_group><id_customer><![CDATA[3147]]></id_customer>
<id_group><![CDATA[3]]></id_group>
</customer_group>
<customer_group><id_customer><![CDATA[3148]]></id_customer>
<id_group><![CDATA[3]]></id_group>
</customer_group>
<customer_group><id_customer><![CDATA[3149]]></id_customer>
<id_group><![CDATA[3]]></id_group>
</customer_group>
<customer_group><id_customer><![CDATA[3150]]></id_customer>
<id_group><![CDATA[2]]></id_group>
</customer_group>
<customer_group><id_customer><![CDATA[3151]]></id_customer>
<id_group><![CDATA[3]]></id_group>
</customer_group>
<customer_group><id_customer><![CDATA[3152]]></id_customer>
<id_group><![CDATA[2]]></id_group>
</customer_group>
<customer_group><id_customer><![CDATA[3153]]></id_customer>
<id_group><![CDATA[2]]></id_group>
</customer_group>
<customer_group><id_customer><![CDATA[3154]]></id_customer>
<id_group><![CDATA[3]]></id_group>
</customer_group>
<customer_group><id_customer><![CDATA[3155]]></id_customer>
<id_group><![CDATA[3]]></id_group>
</customer_group>
<customer_group><id_customer><![CDATA[3156]]></id_customer>
<id_group><![CDATA[3]]></id_group>
</customer_group>
<customer_group><id_customer><![CDATA[3157]]></id_customer>
<id_group><![CDATA[3]]></id_group>
</customer_group>
<customer_group><id_customer><![CDATA[3158]]></id_customer>
<id_group><![CDATA[3]]></id_group>
</customer_group>
<customer_group><id_customer><![CDATA[3159]]></id_customer>
<id_group><![CDATA[2]]></id_group>
</customer_group>
<customer_group><id_customer><![CDATA[3160]]></id_customer>
<id_group><![CDATA[2]]></id_group>
</customer_group>
<customer_group><id_customer><![CDATA[3161]]></id_customer>
<id_group><![CDATA[2]]></id_group>
</customer_group>
<customer_group><id_customer><![CDATA[3162]]></id_customer>
<id_group><![CDATA[2]]></id_group>
</customer_group>
<customer_group><id_customer><![CDATA[3163]]></id_customer>
<id_group><![CDATA[3]]></id_group>
</customer_group>
<customer_group><id_customer><![CDATA[3164]]></id_customer>
<id_group><![CDATA[3]]></id_group>
</customer_group>
<customer_group><id_customer><![CDATA[3165]]></id_customer>
<id_group><![CDATA[2]]></id_group>
</customer_group>
<customer_group><id_customer><![CDATA[3166]]></id_customer>
<id_group><![CDATA[3]]></id_group>
</customer_group>
<customer_group><id_customer><![CDATA[3167]]></id_customer>
<id_group><![CDATA[2]]></id_group>
</customer_group>
<customer_group><id_customer><![CDATA[3168]]></id_customer>
<id_group><![CDATA[2]]></id_group>
</customer_group>
<customer_group><id_customer><![CDATA[3169]]></id_customer>
<id_group><![CDATA[2]]></id_group>
</customer_group>
<customer_group><id_customer><![CDATA[3170]]></id_customer>
<id_group><![CDATA[2]]></id_group>
</customer_group>
<customer_group><id_customer><![CDATA[3171]]></id_customer>
<id_group><![CDATA[2]]></id_group>
</customer_group>
<customer_group><id_customer><![CDATA[3172]]></id_customer>
<id_group><![CDATA[3]]></id_group>
</customer_group>
<customer_group><id_customer><![CDATA[3173]]></id_customer>
<id_group><![CDATA[2]]></id_group>
</customer_group>
<customer_group><id_customer><![CDATA[3174]]></id_customer>
<id_group><![CDATA[3]]></id_group>
</customer_group>
<customer_group><id_customer><![CDATA[3175]]></id_customer>
<id_group><![CDATA[2]]></id_group>
</customer_group>
<customer_group><id_customer><![CDATA[3176]]></id_customer>
<id_group><![CDATA[3]]></id_group>
</customer_group>
<customer_group><id_customer><![CDATA[3177]]></id_customer>
<id_group><![CDATA[3]]></id_group>
</customer_group>
<customer_group><id_customer><![CDATA[3178]]></id_customer>
<id_group><![CDATA[3]]></id_group>
</customer_group>
<customer_group><id_customer><![CDATA[3179]]></id_customer>
<id_group><![CDATA[2]]></id_group>
</customer_group>
<customer_group><id_customer><![CDATA[3180]]></id_customer>
<id_group><![CDATA[3]]></id_group>
</customer_group>
<customer_group><id_customer><![CDATA[3181]]></id_customer>
<id_group><![CDATA[2]]></id_group>
</customer_group>
<customer_group><id_customer><![CDATA[3182]]></id_customer>
<id_group><![CDATA[2]]></id_group>
</customer_group>
<customer_group><id_customer><![CDATA[3183]]></id_customer>
<id_group><![CDATA[3]]></id_group>
</customer_group>
<customer_group><id_customer><![CDATA[3184]]></id_customer>
<id_group><![CDATA[2]]></id_group>
</customer_group>
<customer_group><id_customer><![CDATA[3185]]></id_customer>
<id_group><![CDATA[3]]></id_group>
</customer_group>
<customer_group><id_customer><![CDATA[3186]]></id_customer>
<id_group><![CDATA[3]]></id_group>
</customer_group>
<customer_group><id_customer><![CDATA[3187]]></id_customer>
<id_group><![CDATA[3]]></id_group>
</customer_group>
<customer_group><id_customer><![CDATA[3188]]></id_customer>
<id_group><![CDATA[3]]></id_group>
</customer_group>
<customer_group><id_customer><![CDATA[3189]]></id_customer>
<id_group><![CDATA[3]]></id_group>
</customer_group>
<customer_group><id_customer><![CDATA[3190]]></id_customer>
<id_group><![CDATA[3]]></id_group>
</customer_group>
<customer_group><id_customer><![CDATA[3191]]></id_customer>
<id_group><![CDATA[3]]></id_group>
</customer_group>
<customer_group><id_customer><![CDATA[3192]]></id_customer>
<id_group><![CDATA[3]]></id_group>
</customer_group>
<customer_group><id_customer><![CDATA[3193]]></id_customer>
<id_group><![CDATA[2]]></id_group>
</customer_group>
<customer_group><id_customer><![CDATA[3194]]></id_customer>
<id_group><![CDATA[3]]></id_group>
</customer_group>
<customer_group><id_customer><![CDATA[3195]]></id_customer>
<id_group><![CDATA[2]]></id_group>
</customer_group>
<customer_group><id_customer><![CDATA[3196]]></id_customer>
<id_group><![CDATA[3]]></id_group>
</customer_group>
<customer_group><id_customer><![CDATA[3197]]></id_customer>
<id_group><![CDATA[3]]></id_group>
</customer_group>
<customer_group><id_customer><![CDATA[3198]]></id_customer>
<id_group><![CDATA[3]]></id_group>
</customer_group>
<customer_group><id_customer><![CDATA[3199]]></id_customer>
<id_group><![CDATA[3]]></id_group>
</customer_group>
<customer_group><id_customer><![CDATA[3200]]></id_customer>
<id_group><![CDATA[3]]></id_group>
</customer_group>
<customer_group><id_customer><![CDATA[3201]]></id_customer>
<id_group><![CDATA[3]]></id_group>
</customer_group>
<customer_group><id_customer><![CDATA[3202]]></id_customer>
<id_group><![CDATA[2]]></id_group>
</customer_group>
<customer_group><id_customer><![CDATA[3203]]></id_customer>
<id_group><![CDATA[3]]></id_group>
</customer_group>
<customer_group><id_customer><![CDATA[3204]]></id_customer>
<id_group><![CDATA[3]]></id_group>
</customer_group>
<customer_group><id_customer><![CDATA[3205]]></id_customer>
<id_group><![CDATA[3]]></id_group>
</customer_group>
<customer_group><id_customer><![CDATA[3206]]></id_customer>
<id_group><![CDATA[2]]></id_group>
</customer_group>
<customer_group><id_customer><![CDATA[3206]]></id_customer>
<id_group><![CDATA[3]]></id_group>
</customer_group>
<customer_group><id_customer><![CDATA[3207]]></id_customer>
<id_group><![CDATA[3]]></id_group>
</customer_group>
<customer_group><id_customer><![CDATA[3208]]></id_customer>
<id_group><![CDATA[3]]></id_group>
</customer_group>
<customer_group><id_customer><![CDATA[3209]]></id_customer>
<id_group><![CDATA[3]]></id_group>
</customer_group>
<customer_group><id_customer><![CDATA[3210]]></id_customer>
<id_group><![CDATA[2]]></id_group>
</customer_group>
<customer_group><id_customer><![CDATA[3211]]></id_customer>
<id_group><![CDATA[3]]></id_group>
</customer_group>
<customer_group><id_customer><![CDATA[3212]]></id_customer>
<id_group><![CDATA[2]]></id_group>
</customer_group>
<customer_group><id_customer><![CDATA[3213]]></id_customer>
<id_group><![CDATA[2]]></id_group>
</customer_group>
<customer_group><id_customer><![CDATA[3214]]></id_customer>
<id_group><![CDATA[2]]></id_group>
</customer_group>
<customer_group><id_customer><![CDATA[3215]]></id_customer>
<id_group><![CDATA[3]]></id_group>
</customer_group>
<customer_group><id_customer><![CDATA[3216]]></id_customer>
<id_group><![CDATA[3]]></id_group>
</customer_group>
<customer_group><id_customer><![CDATA[3217]]></id_customer>
<id_group><![CDATA[3]]></id_group>
</customer_group>
<customer_group><id_customer><![CDATA[3218]]></id_customer>
<id_group><![CDATA[3]]></id_group>
</customer_group>
<customer_group><id_customer><![CDATA[3219]]></id_customer>
<id_group><![CDATA[2]]></id_group>
</customer_group>
<customer_group><id_customer><![CDATA[3220]]></id_customer>
<id_group><![CDATA[3]]></id_group>
</customer_group>
<customer_group><id_customer><![CDATA[3221]]></id_customer>
<id_group><![CDATA[3]]></id_group>
</customer_group>
<customer_group><id_customer><![CDATA[3222]]></id_customer>
<id_group><![CDATA[2]]></id_group>
</customer_group>
<customer_group><id_customer><![CDATA[3223]]></id_customer>
<id_group><![CDATA[3]]></id_group>
</customer_group>
<customer_group><id_customer><![CDATA[3224]]></id_customer>
<id_group><![CDATA[2]]></id_group>
</customer_group>
<customer_group><id_customer><![CDATA[3225]]></id_customer>
<id_group><![CDATA[2]]></id_group>
</customer_group>
<customer_group><id_customer><![CDATA[3226]]></id_customer>
<id_group><![CDATA[3]]></id_group>
</customer_group>
<customer_group><id_customer><![CDATA[3227]]></id_customer>
<id_group><![CDATA[3]]></id_group>
</customer_group>
<customer_group><id_customer><![CDATA[3228]]></id_customer>
<id_group><![CDATA[3]]></id_group>
</customer_group>
<customer_group><id_customer><![CDATA[3229]]></id_customer>
<id_group><![CDATA[3]]></id_group>
</customer_group>
<customer_group><id_customer><![CDATA[3230]]></id_customer>
<id_group><![CDATA[3]]></id_group>
</customer_group>
<customer_group><id_customer><![CDATA[3231]]></id_customer>
<id_group><![CDATA[2]]></id_group>
</customer_group>
<customer_group><id_customer><![CDATA[3232]]></id_customer>
<id_group><![CDATA[2]]></id_group>
</customer_group>
<customer_group><id_customer><![CDATA[3233]]></id_customer>
<id_group><![CDATA[3]]></id_group>
</customer_group>
<customer_group><id_customer><![CDATA[3234]]></id_customer>
<id_group><![CDATA[3]]></id_group>
</customer_group>
<customer_group><id_customer><![CDATA[3235]]></id_customer>
<id_group><![CDATA[3]]></id_group>
</customer_group>
<customer_group><id_customer><![CDATA[3236]]></id_customer>
<id_group><![CDATA[3]]></id_group>
</customer_group>
<customer_group><id_customer><![CDATA[3237]]></id_customer>
<id_group><![CDATA[3]]></id_group>
</customer_group>
<customer_group><id_customer><![CDATA[3238]]></id_customer>
<id_group><![CDATA[3]]></id_group>
</customer_group>
<customer_group><id_customer><![CDATA[3239]]></id_customer>
<id_group><![CDATA[3]]></id_group>
</customer_group>
<customer_group><id_customer><![CDATA[3240]]></id_customer>
<id_group><![CDATA[3]]></id_group>
</customer_group>
<customer_group><id_customer><![CDATA[3241]]></id_customer>
<id_group><![CDATA[3]]></id_group>
</customer_group>
<customer_group><id_customer><![CDATA[3242]]></id_customer>
<id_group><![CDATA[3]]></id_group>
</customer_group>
<customer_group><id_customer><![CDATA[3243]]></id_customer>
<id_group><![CDATA[3]]></id_group>
</customer_group>
<customer_group><id_customer><![CDATA[3244]]></id_customer>
<id_group><![CDATA[3]]></id_group>
</customer_group>
<customer_group><id_customer><![CDATA[3245]]></id_customer>
<id_group><![CDATA[3]]></id_group>
</customer_group>
<customer_group><id_customer><![CDATA[3246]]></id_customer>
<id_group><![CDATA[3]]></id_group>
</customer_group>
<customer_group><id_customer><![CDATA[3247]]></id_customer>
<id_group><![CDATA[3]]></id_group>
</customer_group>
<customer_group><id_customer><![CDATA[3248]]></id_customer>
<id_group><![CDATA[3]]></id_group>
</customer_group>
<customer_group><id_customer><![CDATA[3249]]></id_customer>
<id_group><![CDATA[3]]></id_group>
</customer_group>
<customer_group><id_customer><![CDATA[3250]]></id_customer>
<id_group><![CDATA[3]]></id_group>
</customer_group>
<customer_group><id_customer><![CDATA[3251]]></id_customer>
<id_group><![CDATA[3]]></id_group>
</customer_group>
<customer_group><id_customer><![CDATA[3252]]></id_customer>
<id_group><![CDATA[3]]></id_group>
</customer_group>
<customer_group><id_customer><![CDATA[3253]]></id_customer>
<id_group><![CDATA[3]]></id_group>
</customer_group>
<customer_group><id_customer><![CDATA[3254]]></id_customer>
<id_group><![CDATA[3]]></id_group>
</customer_group>
<customer_group><id_customer><![CDATA[3255]]></id_customer>
<id_group><![CDATA[3]]></id_group>
</customer_group>
<customer_group><id_customer><![CDATA[3256]]></id_customer>
<id_group><![CDATA[3]]></id_group>
</customer_group>
<customer_group><id_customer><![CDATA[3257]]></id_customer>
<id_group><![CDATA[3]]></id_group>
</customer_group>
<customer_group><id_customer><![CDATA[3258]]></id_customer>
<id_group><![CDATA[3]]></id_group>
</customer_group>
<customer_group><id_customer><![CDATA[3259]]></id_customer>
<id_group><![CDATA[3]]></id_group>
</customer_group>
<customer_group><id_customer><![CDATA[3260]]></id_customer>
<id_group><![CDATA[3]]></id_group>
</customer_group>
<customer_group><id_customer><![CDATA[3261]]></id_customer>
<id_group><![CDATA[3]]></id_group>
</customer_group>
<customer_group><id_customer><![CDATA[3262]]></id_customer>
<id_group><![CDATA[3]]></id_group>
</customer_group>
<customer_group><id_customer><![CDATA[3263]]></id_customer>
<id_group><![CDATA[3]]></id_group>
</customer_group>
<customer_group><id_customer><![CDATA[3264]]></id_customer>
<id_group><![CDATA[3]]></id_group>
</customer_group>
<customer_group><id_customer><![CDATA[3265]]></id_customer>
<id_group><![CDATA[3]]></id_group>
</customer_group>
<customer_group><id_customer><![CDATA[3266]]></id_customer>
<id_group><![CDATA[3]]></id_group>
</customer_group>
<customer_group><id_customer><![CDATA[3267]]></id_customer>
<id_group><![CDATA[3]]></id_group>
</customer_group>
<customer_group><id_customer><![CDATA[3268]]></id_customer>
<id_group><![CDATA[3]]></id_group>
</customer_group>
<customer_group><id_customer><![CDATA[3269]]></id_customer>
<id_group><![CDATA[3]]></id_group>
</customer_group>
<customer_group><id_customer><![CDATA[3270]]></id_customer>
<id_group><![CDATA[3]]></id_group>
</customer_group>
<customer_group><id_customer><![CDATA[3271]]></id_customer>
<id_group><![CDATA[3]]></id_group>
</customer_group>
<customer_group><id_customer><![CDATA[3272]]></id_customer>
<id_group><![CDATA[3]]></id_group>
</customer_group>
<customer_group><id_customer><![CDATA[3273]]></id_customer>
<id_group><![CDATA[3]]></id_group>
</customer_group>
<customer_group><id_customer><![CDATA[3274]]></id_customer>
<id_group><![CDATA[3]]></id_group>
</customer_group>
<customer_group><id_customer><![CDATA[3275]]></id_customer>
<id_group><![CDATA[3]]></id_group>
</customer_group>
<customer_group><id_customer><![CDATA[3276]]></id_customer>
<id_group><![CDATA[3]]></id_group>
</customer_group>
<customer_group><id_customer><![CDATA[3277]]></id_customer>
<id_group><![CDATA[3]]></id_group>
</customer_group>
<customer_group><id_customer><![CDATA[3278]]></id_customer>
<id_group><![CDATA[3]]></id_group>
</customer_group>
<customer_group><id_customer><![CDATA[3279]]></id_customer>
<id_group><![CDATA[3]]></id_group>
</customer_group>
<customer_group><id_customer><![CDATA[3280]]></id_customer>
<id_group><![CDATA[3]]></id_group>
</customer_group>
<customer_group><id_customer><![CDATA[3281]]></id_customer>
<id_group><![CDATA[3]]></id_group>
</customer_group>
<customer_group><id_customer><![CDATA[3282]]></id_customer>
<id_group><![CDATA[3]]></id_group>
</customer_group>
<customer_group><id_customer><![CDATA[3283]]></id_customer>
<id_group><![CDATA[3]]></id_group>
</customer_group>
<customer_group><id_customer><![CDATA[3284]]></id_customer>
<id_group><![CDATA[3]]></id_group>
</customer_group>
<customer_group><id_customer><![CDATA[3285]]></id_customer>
<id_group><![CDATA[2]]></id_group>
</customer_group>
<customer_group><id_customer><![CDATA[3286]]></id_customer>
<id_group><![CDATA[2]]></id_group>
</customer_group>
<customer_group><id_customer><![CDATA[3287]]></id_customer>
<id_group><![CDATA[2]]></id_group>
</customer_group>
<customer_group><id_customer><![CDATA[3288]]></id_customer>
<id_group><![CDATA[2]]></id_group>
</customer_group>
<customer_group><id_customer><![CDATA[3289]]></id_customer>
<id_group><![CDATA[3]]></id_group>
</customer_group>
<customer_group><id_customer><![CDATA[3290]]></id_customer>
<id_group><![CDATA[2]]></id_group>
</customer_group>
<customer_group><id_customer><![CDATA[3291]]></id_customer>
<id_group><![CDATA[3]]></id_group>
</customer_group>
<customer_group><id_customer><![CDATA[3292]]></id_customer>
<id_group><![CDATA[3]]></id_group>
</customer_group>
<customer_group><id_customer><![CDATA[3293]]></id_customer>
<id_group><![CDATA[3]]></id_group>
</customer_group>
<customer_group><id_customer><![CDATA[3294]]></id_customer>
<id_group><![CDATA[3]]></id_group>
</customer_group>
<customer_group><id_customer><![CDATA[3295]]></id_customer>
<id_group><![CDATA[2]]></id_group>
</customer_group>
<customer_group><id_customer><![CDATA[3296]]></id_customer>
<id_group><![CDATA[3]]></id_group>
</customer_group>
<customer_group><id_customer><![CDATA[3297]]></id_customer>
<id_group><![CDATA[2]]></id_group>
</customer_group>
<customer_group><id_customer><![CDATA[3298]]></id_customer>
<id_group><![CDATA[2]]></id_group>
</customer_group>
<customer_group><id_customer><![CDATA[3299]]></id_customer>
<id_group><![CDATA[2]]></id_group>
</customer_group>
<customer_group><id_customer><![CDATA[3300]]></id_customer>
<id_group><![CDATA[2]]></id_group>
</customer_group>
<customer_group><id_customer><![CDATA[3301]]></id_customer>
<id_group><![CDATA[2]]></id_group>
</customer_group>
<customer_group><id_customer><![CDATA[3302]]></id_customer>
<id_group><![CDATA[2]]></id_group>
</customer_group>
<customer_group><id_customer><![CDATA[3303]]></id_customer>
<id_group><![CDATA[3]]></id_group>
</customer_group>
<customer_group><id_customer><![CDATA[3304]]></id_customer>
<id_group><![CDATA[3]]></id_group>
</customer_group>
<customer_group><id_customer><![CDATA[3305]]></id_customer>
<id_group><![CDATA[2]]></id_group>
</customer_group>
<customer_group><id_customer><![CDATA[3306]]></id_customer>
<id_group><![CDATA[2]]></id_group>
</customer_group>
<customer_group><id_customer><![CDATA[3307]]></id_customer>
<id_group><![CDATA[2]]></id_group>
</customer_group>
<customer_group><id_customer><![CDATA[3308]]></id_customer>
<id_group><![CDATA[2]]></id_group>
</customer_group>
<customer_group><id_customer><![CDATA[3309]]></id_customer>
<id_group><![CDATA[3]]></id_group>
</customer_group>
<customer_group><id_customer><![CDATA[3310]]></id_customer>
<id_group><![CDATA[3]]></id_group>
</customer_group>
<customer_group><id_customer><![CDATA[3311]]></id_customer>
<id_group><![CDATA[3]]></id_group>
</customer_group>
<customer_group><id_customer><![CDATA[3312]]></id_customer>
<id_group><![CDATA[3]]></id_group>
</customer_group>
<customer_group><id_customer><![CDATA[3313]]></id_customer>
<id_group><![CDATA[3]]></id_group>
</customer_group>
<customer_group><id_customer><![CDATA[3314]]></id_customer>
<id_group><![CDATA[3]]></id_group>
</customer_group>
<customer_group><id_customer><![CDATA[3315]]></id_customer>
<id_group><![CDATA[2]]></id_group>
</customer_group>
<customer_group><id_customer><![CDATA[3316]]></id_customer>
<id_group><![CDATA[3]]></id_group>
</customer_group>
<customer_group><id_customer><![CDATA[3317]]></id_customer>
<id_group><![CDATA[3]]></id_group>
</customer_group>
<customer_group><id_customer><![CDATA[3318]]></id_customer>
<id_group><![CDATA[2]]></id_group>
</customer_group>
<customer_group><id_customer><![CDATA[3319]]></id_customer>
<id_group><![CDATA[2]]></id_group>
</customer_group>
<customer_group><id_customer><![CDATA[3320]]></id_customer>
<id_group><![CDATA[3]]></id_group>
</customer_group>
<customer_group><id_customer><![CDATA[3321]]></id_customer>
<id_group><![CDATA[3]]></id_group>
</customer_group>
<customer_group><id_customer><![CDATA[3322]]></id_customer>
<id_group><![CDATA[3]]></id_group>
</customer_group>
<customer_group><id_customer><![CDATA[3323]]></id_customer>
<id_group><![CDATA[3]]></id_group>
</customer_group>
<customer_group><id_customer><![CDATA[3324]]></id_customer>
<id_group><![CDATA[2]]></id_group>
</customer_group>
<customer_group><id_customer><![CDATA[3325]]></id_customer>
<id_group><![CDATA[3]]></id_group>
</customer_group>
<customer_group><id_customer><![CDATA[3326]]></id_customer>
<id_group><![CDATA[2]]></id_group>
</customer_group>
<customer_group><id_customer><![CDATA[3327]]></id_customer>
<id_group><![CDATA[2]]></id_group>
</customer_group>
<customer_group><id_customer><![CDATA[3328]]></id_customer>
<id_group><![CDATA[2]]></id_group>
</customer_group>
<customer_group><id_customer><![CDATA[3329]]></id_customer>
<id_group><![CDATA[3]]></id_group>
</customer_group>
<customer_group><id_customer><![CDATA[3330]]></id_customer>
<id_group><![CDATA[2]]></id_group>
</customer_group>
<customer_group><id_customer><![CDATA[3331]]></id_customer>
<id_group><![CDATA[3]]></id_group>
</customer_group>
<customer_group><id_customer><![CDATA[3332]]></id_customer>
<id_group><![CDATA[3]]></id_group>
</customer_group>
<customer_group><id_customer><![CDATA[3333]]></id_customer>
<id_group><![CDATA[2]]></id_group>
</customer_group>
<customer_group><id_customer><![CDATA[3334]]></id_customer>
<id_group><![CDATA[3]]></id_group>
</customer_group>
<customer_group><id_customer><![CDATA[3335]]></id_customer>
<id_group><![CDATA[3]]></id_group>
</customer_group>
<customer_group><id_customer><![CDATA[3336]]></id_customer>
<id_group><![CDATA[2]]></id_group>
</customer_group>
<customer_group><id_customer><![CDATA[3337]]></id_customer>
<id_group><![CDATA[3]]></id_group>
</customer_group>
<customer_group><id_customer><![CDATA[3338]]></id_customer>
<id_group><![CDATA[3]]></id_group>
</customer_group>
<customer_group><id_customer><![CDATA[3339]]></id_customer>
<id_group><![CDATA[2]]></id_group>
</customer_group>
<customer_group><id_customer><![CDATA[3340]]></id_customer>
<id_group><![CDATA[3]]></id_group>
</customer_group>
<customer_group><id_customer><![CDATA[3341]]></id_customer>
<id_group><![CDATA[3]]></id_group>
</customer_group>
<customer_group><id_customer><![CDATA[3342]]></id_customer>
<id_group><![CDATA[3]]></id_group>
</customer_group>
<customer_group><id_customer><![CDATA[3343]]></id_customer>
<id_group><![CDATA[2]]></id_group>
</customer_group>
<customer_group><id_customer><![CDATA[3344]]></id_customer>
<id_group><![CDATA[3]]></id_group>
</customer_group>
<customer_group><id_customer><![CDATA[3345]]></id_customer>
<id_group><![CDATA[3]]></id_group>
</customer_group>
<customer_group><id_customer><![CDATA[3346]]></id_customer>
<id_group><![CDATA[3]]></id_group>
</customer_group>
<customer_group><id_customer><![CDATA[3347]]></id_customer>
<id_group><![CDATA[3]]></id_group>
</customer_group>
<customer_group><id_customer><![CDATA[3348]]></id_customer>
<id_group><![CDATA[3]]></id_group>
</customer_group>
<customer_group><id_customer><![CDATA[3349]]></id_customer>
<id_group><![CDATA[2]]></id_group>
</customer_group>
<customer_group><id_customer><![CDATA[3350]]></id_customer>
<id_group><![CDATA[2]]></id_group>
</customer_group>
<customer_group><id_customer><![CDATA[3351]]></id_customer>
<id_group><![CDATA[4]]></id_group>
</customer_group>
<customer_group><id_customer><![CDATA[3352]]></id_customer>
<id_group><![CDATA[2]]></id_group>
</customer_group>
<customer_group><id_customer><![CDATA[3353]]></id_customer>
<id_group><![CDATA[3]]></id_group>
</customer_group>
<customer_group><id_customer><![CDATA[3354]]></id_customer>
<id_group><![CDATA[3]]></id_group>
</customer_group>
<customer_group><id_customer><![CDATA[3355]]></id_customer>
<id_group><![CDATA[3]]></id_group>
</customer_group>
<customer_group><id_customer><![CDATA[3356]]></id_customer>
<id_group><![CDATA[2]]></id_group>
</customer_group>
<customer_group><id_customer><![CDATA[3357]]></id_customer>
<id_group><![CDATA[3]]></id_group>
</customer_group>
<customer_group><id_customer><![CDATA[3358]]></id_customer>
<id_group><![CDATA[3]]></id_group>
</customer_group>
<customer_group><id_customer><![CDATA[3359]]></id_customer>
<id_group><![CDATA[2]]></id_group>
</customer_group>
<customer_group><id_customer><![CDATA[3360]]></id_customer>
<id_group><![CDATA[2]]></id_group>
</customer_group>
<customer_group><id_customer><![CDATA[3361]]></id_customer>
<id_group><![CDATA[3]]></id_group>
</customer_group>
<customer_group><id_customer><![CDATA[3362]]></id_customer>
<id_group><![CDATA[3]]></id_group>
</customer_group>
<customer_group><id_customer><![CDATA[3363]]></id_customer>
<id_group><![CDATA[2]]></id_group>
</customer_group>
<customer_group><id_customer><![CDATA[3364]]></id_customer>
<id_group><![CDATA[2]]></id_group>
</customer_group>
<customer_group><id_customer><![CDATA[3365]]></id_customer>
<id_group><![CDATA[2]]></id_group>
</customer_group>
<customer_group><id_customer><![CDATA[3366]]></id_customer>
<id_group><![CDATA[3]]></id_group>
</customer_group>
<customer_group><id_customer><![CDATA[3367]]></id_customer>
<id_group><![CDATA[3]]></id_group>
</customer_group>
<customer_group><id_customer><![CDATA[3368]]></id_customer>
<id_group><![CDATA[2]]></id_group>
</customer_group>
<customer_group><id_customer><![CDATA[3369]]></id_customer>
<id_group><![CDATA[3]]></id_group>
</customer_group>
<customer_group><id_customer><![CDATA[3370]]></id_customer>
<id_group><![CDATA[3]]></id_group>
</customer_group>
<customer_group><id_customer><![CDATA[3371]]></id_customer>
<id_group><![CDATA[3]]></id_group>
</customer_group>
<customer_group><id_customer><![CDATA[3372]]></id_customer>
<id_group><![CDATA[2]]></id_group>
</customer_group>
<customer_group><id_customer><![CDATA[3373]]></id_customer>
<id_group><![CDATA[3]]></id_group>
</customer_group>
<customer_group><id_customer><![CDATA[3374]]></id_customer>
<id_group><![CDATA[3]]></id_group>
</customer_group>
<customer_group><id_customer><![CDATA[3375]]></id_customer>
<id_group><![CDATA[3]]></id_group>
</customer_group>
<customer_group><id_customer><![CDATA[3376]]></id_customer>
<id_group><![CDATA[3]]></id_group>
</customer_group>
<customer_group><id_customer><![CDATA[3377]]></id_customer>
<id_group><![CDATA[3]]></id_group>
</customer_group>
<customer_group><id_customer><![CDATA[3378]]></id_customer>
<id_group><![CDATA[3]]></id_group>
</customer_group>
<customer_group><id_customer><![CDATA[3379]]></id_customer>
<id_group><![CDATA[3]]></id_group>
</customer_group>
<customer_group><id_customer><![CDATA[3380]]></id_customer>
<id_group><![CDATA[2]]></id_group>
</customer_group>
<customer_group><id_customer><![CDATA[3381]]></id_customer>
<id_group><![CDATA[3]]></id_group>
</customer_group>
<customer_group><id_customer><![CDATA[3382]]></id_customer>
<id_group><![CDATA[3]]></id_group>
</customer_group>
<customer_group><id_customer><![CDATA[3383]]></id_customer>
<id_group><![CDATA[3]]></id_group>
</customer_group>
<customer_group><id_customer><![CDATA[3384]]></id_customer>
<id_group><![CDATA[3]]></id_group>
</customer_group>
<customer_group><id_customer><![CDATA[3385]]></id_customer>
<id_group><![CDATA[3]]></id_group>
</customer_group>
<customer_group><id_customer><![CDATA[3386]]></id_customer>
<id_group><![CDATA[2]]></id_group>
</customer_group>
<customer_group><id_customer><![CDATA[3387]]></id_customer>
<id_group><![CDATA[3]]></id_group>
</customer_group>
<customer_group><id_customer><![CDATA[3388]]></id_customer>
<id_group><![CDATA[3]]></id_group>
</customer_group>
<customer_group><id_customer><![CDATA[3389]]></id_customer>
<id_group><![CDATA[3]]></id_group>
</customer_group>
<customer_group><id_customer><![CDATA[3390]]></id_customer>
<id_group><![CDATA[2]]></id_group>
</customer_group>
<customer_group><id_customer><![CDATA[3391]]></id_customer>
<id_group><![CDATA[3]]></id_group>
</customer_group>
<customer_group><id_customer><![CDATA[3392]]></id_customer>
<id_group><![CDATA[2]]></id_group>
</customer_group>
<customer_group><id_customer><![CDATA[3393]]></id_customer>
<id_group><![CDATA[2]]></id_group>
</customer_group>
<customer_group><id_customer><![CDATA[3394]]></id_customer>
<id_group><![CDATA[2]]></id_group>
</customer_group>
<customer_group><id_customer><![CDATA[3395]]></id_customer>
<id_group><![CDATA[3]]></id_group>
</customer_group>
<customer_group><id_customer><![CDATA[3396]]></id_customer>
<id_group><![CDATA[3]]></id_group>
</customer_group>
<customer_group><id_customer><![CDATA[3397]]></id_customer>
<id_group><![CDATA[3]]></id_group>
</customer_group>
<customer_group><id_customer><![CDATA[3398]]></id_customer>
<id_group><![CDATA[3]]></id_group>
</customer_group>
<customer_group><id_customer><![CDATA[3399]]></id_customer>
<id_group><![CDATA[3]]></id_group>
</customer_group>
<customer_group><id_customer><![CDATA[3400]]></id_customer>
<id_group><![CDATA[4]]></id_group>
</customer_group>
<customer_group><id_customer><![CDATA[3401]]></id_customer>
<id_group><![CDATA[2]]></id_group>
</customer_group>
<customer_group><id_customer><![CDATA[3402]]></id_customer>
<id_group><![CDATA[3]]></id_group>
</customer_group>
<customer_group><id_customer><![CDATA[3403]]></id_customer>
<id_group><![CDATA[2]]></id_group>
</customer_group>
<customer_group><id_customer><![CDATA[3404]]></id_customer>
<id_group><![CDATA[3]]></id_group>
</customer_group>
<customer_group><id_customer><![CDATA[3405]]></id_customer>
<id_group><![CDATA[3]]></id_group>
</customer_group>
<customer_group><id_customer><![CDATA[3406]]></id_customer>
<id_group><![CDATA[3]]></id_group>
</customer_group>
<customer_group><id_customer><![CDATA[3407]]></id_customer>
<id_group><![CDATA[2]]></id_group>
</customer_group>
<customer_group><id_customer><![CDATA[3408]]></id_customer>
<id_group><![CDATA[3]]></id_group>
</customer_group>
<customer_group><id_customer><![CDATA[3409]]></id_customer>
<id_group><![CDATA[2]]></id_group>
</customer_group>
<customer_group><id_customer><![CDATA[3410]]></id_customer>
<id_group><![CDATA[2]]></id_group>
</customer_group>
<customer_group><id_customer><![CDATA[3411]]></id_customer>
<id_group><![CDATA[2]]></id_group>
</customer_group>
<customer_group><id_customer><![CDATA[3412]]></id_customer>
<id_group><![CDATA[2]]></id_group>
</customer_group>
<customer_group><id_customer><![CDATA[3413]]></id_customer>
<id_group><![CDATA[2]]></id_group>
</customer_group>
<customer_group><id_customer><![CDATA[3414]]></id_customer>
<id_group><![CDATA[2]]></id_group>
</customer_group>
<customer_group><id_customer><![CDATA[3415]]></id_customer>
<id_group><![CDATA[2]]></id_group>
</customer_group>
<customer_group><id_customer><![CDATA[3416]]></id_customer>
<id_group><![CDATA[3]]></id_group>
</customer_group>
<customer_group><id_customer><![CDATA[3417]]></id_customer>
<id_group><![CDATA[3]]></id_group>
</customer_group>
<customer_group><id_customer><![CDATA[3418]]></id_customer>
<id_group><![CDATA[3]]></id_group>
</customer_group>
<customer_group><id_customer><![CDATA[3419]]></id_customer>
<id_group><![CDATA[2]]></id_group>
</customer_group>
<customer_group><id_customer><![CDATA[3420]]></id_customer>
<id_group><![CDATA[3]]></id_group>
</customer_group>
<customer_group><id_customer><![CDATA[3421]]></id_customer>
<id_group><![CDATA[3]]></id_group>
</customer_group>
<customer_group><id_customer><![CDATA[3422]]></id_customer>
<id_group><![CDATA[3]]></id_group>
</customer_group>
<customer_group><id_customer><![CDATA[3423]]></id_customer>
<id_group><![CDATA[3]]></id_group>
</customer_group>
<customer_group><id_customer><![CDATA[3424]]></id_customer>
<id_group><![CDATA[2]]></id_group>
</customer_group>
<customer_group><id_customer><![CDATA[3425]]></id_customer>
<id_group><![CDATA[2]]></id_group>
</customer_group>
<customer_group><id_customer><![CDATA[3426]]></id_customer>
<id_group><![CDATA[3]]></id_group>
</customer_group>
<customer_group><id_customer><![CDATA[3427]]></id_customer>
<id_group><![CDATA[3]]></id_group>
</customer_group>
<customer_group><id_customer><![CDATA[3428]]></id_customer>
<id_group><![CDATA[3]]></id_group>
</customer_group>
<customer_group><id_customer><![CDATA[3429]]></id_customer>
<id_group><![CDATA[3]]></id_group>
</customer_group>
<customer_group><id_customer><![CDATA[3430]]></id_customer>
<id_group><![CDATA[3]]></id_group>
</customer_group>
<customer_group><id_customer><![CDATA[3431]]></id_customer>
<id_group><![CDATA[4]]></id_group>
</customer_group>
<customer_group><id_customer><![CDATA[3432]]></id_customer>
<id_group><![CDATA[2]]></id_group>
</customer_group>
<customer_group><id_customer><![CDATA[3433]]></id_customer>
<id_group><![CDATA[2]]></id_group>
</customer_group>
<customer_group><id_customer><![CDATA[3434]]></id_customer>
<id_group><![CDATA[3]]></id_group>
</customer_group>
<customer_group><id_customer><![CDATA[3435]]></id_customer>
<id_group><![CDATA[3]]></id_group>
</customer_group>
<customer_group><id_customer><![CDATA[3436]]></id_customer>
<id_group><![CDATA[2]]></id_group>
</customer_group>
<customer_group><id_customer><![CDATA[3437]]></id_customer>
<id_group><![CDATA[3]]></id_group>
</customer_group>
<customer_group><id_customer><![CDATA[3438]]></id_customer>
<id_group><![CDATA[3]]></id_group>
</customer_group>
<customer_group><id_customer><![CDATA[3439]]></id_customer>
<id_group><![CDATA[3]]></id_group>
</customer_group>
<customer_group><id_customer><![CDATA[3440]]></id_customer>
<id_group><![CDATA[3]]></id_group>
</customer_group>
<customer_group><id_customer><![CDATA[3441]]></id_customer>
<id_group><![CDATA[3]]></id_group>
</customer_group>
<customer_group><id_customer><![CDATA[3442]]></id_customer>
<id_group><![CDATA[2]]></id_group>
</customer_group>
<customer_group><id_customer><![CDATA[3443]]></id_customer>
<id_group><![CDATA[2]]></id_group>
</customer_group>
<customer_group><id_customer><![CDATA[3444]]></id_customer>
<id_group><![CDATA[3]]></id_group>
</customer_group>
<customer_group><id_customer><![CDATA[3445]]></id_customer>
<id_group><![CDATA[3]]></id_group>
</customer_group>
<customer_group><id_customer><![CDATA[3446]]></id_customer>
<id_group><![CDATA[3]]></id_group>
</customer_group>
<customer_group><id_customer><![CDATA[3447]]></id_customer>
<id_group><![CDATA[3]]></id_group>
</customer_group>
<customer_group><id_customer><![CDATA[3448]]></id_customer>
<id_group><![CDATA[2]]></id_group>
</customer_group>
<customer_group><id_customer><![CDATA[3449]]></id_customer>
<id_group><![CDATA[2]]></id_group>
</customer_group>
<customer_group><id_customer><![CDATA[3450]]></id_customer>
<id_group><![CDATA[3]]></id_group>
</customer_group>
<customer_group><id_customer><![CDATA[3451]]></id_customer>
<id_group><![CDATA[3]]></id_group>
</customer_group>
<customer_group><id_customer><![CDATA[3452]]></id_customer>
<id_group><![CDATA[3]]></id_group>
</customer_group>
<customer_group><id_customer><![CDATA[3453]]></id_customer>
<id_group><![CDATA[2]]></id_group>
</customer_group>
<customer_group><id_customer><![CDATA[3454]]></id_customer>
<id_group><![CDATA[3]]></id_group>
</customer_group>
<customer_group><id_customer><![CDATA[3455]]></id_customer>
<id_group><![CDATA[2]]></id_group>
</customer_group>
<customer_group><id_customer><![CDATA[3456]]></id_customer>
<id_group><![CDATA[3]]></id_group>
</customer_group>
<customer_group><id_customer><![CDATA[3457]]></id_customer>
<id_group><![CDATA[3]]></id_group>
</customer_group>
<customer_group><id_customer><![CDATA[3458]]></id_customer>
<id_group><![CDATA[2]]></id_group>
</customer_group>
<customer_group><id_customer><![CDATA[3459]]></id_customer>
<id_group><![CDATA[2]]></id_group>
</customer_group>
<customer_group><id_customer><![CDATA[3460]]></id_customer>
<id_group><![CDATA[2]]></id_group>
</customer_group>
<customer_group><id_customer><![CDATA[3461]]></id_customer>
<id_group><![CDATA[3]]></id_group>
</customer_group>
<customer_group><id_customer><![CDATA[3462]]></id_customer>
<id_group><![CDATA[3]]></id_group>
</customer_group>
<customer_group><id_customer><![CDATA[3463]]></id_customer>
<id_group><![CDATA[3]]></id_group>
</customer_group>
<customer_group><id_customer><![CDATA[3464]]></id_customer>
<id_group><![CDATA[3]]></id_group>
</customer_group>
<customer_group><id_customer><![CDATA[3465]]></id_customer>
<id_group><![CDATA[2]]></id_group>
</customer_group>
<customer_group><id_customer><![CDATA[3466]]></id_customer>
<id_group><![CDATA[2]]></id_group>
</customer_group>
<customer_group><id_customer><![CDATA[3467]]></id_customer>
<id_group><![CDATA[3]]></id_group>
</customer_group>
<customer_group><id_customer><![CDATA[3468]]></id_customer>
<id_group><![CDATA[2]]></id_group>
</customer_group>
<customer_group><id_customer><![CDATA[3469]]></id_customer>
<id_group><![CDATA[3]]></id_group>
</customer_group>
<customer_group><id_customer><![CDATA[3470]]></id_customer>
<id_group><![CDATA[3]]></id_group>
</customer_group>
<customer_group><id_customer><![CDATA[3471]]></id_customer>
<id_group><![CDATA[2]]></id_group>
</customer_group>
<customer_group><id_customer><![CDATA[3472]]></id_customer>
<id_group><![CDATA[3]]></id_group>
</customer_group>
<customer_group><id_customer><![CDATA[3473]]></id_customer>
<id_group><![CDATA[3]]></id_group>
</customer_group>
<customer_group><id_customer><![CDATA[3474]]></id_customer>
<id_group><![CDATA[3]]></id_group>
</customer_group>
<customer_group><id_customer><![CDATA[3475]]></id_customer>
<id_group><![CDATA[2]]></id_group>
</customer_group>
<customer_group><id_customer><![CDATA[3476]]></id_customer>
<id_group><![CDATA[3]]></id_group>
</customer_group>
<customer_group><id_customer><![CDATA[3477]]></id_customer>
<id_group><![CDATA[2]]></id_group>
</customer_group>
<customer_group><id_customer><![CDATA[3478]]></id_customer>
<id_group><![CDATA[2]]></id_group>
</customer_group>
<customer_group><id_customer><![CDATA[3479]]></id_customer>
<id_group><![CDATA[3]]></id_group>
</customer_group>
<customer_group><id_customer><![CDATA[3480]]></id_customer>
<id_group><![CDATA[2]]></id_group>
</customer_group>
<customer_group><id_customer><![CDATA[3481]]></id_customer>
<id_group><![CDATA[3]]></id_group>
</customer_group>
<customer_group><id_customer><![CDATA[3482]]></id_customer>
<id_group><![CDATA[3]]></id_group>
</customer_group>
<customer_group><id_customer><![CDATA[3483]]></id_customer>
<id_group><![CDATA[2]]></id_group>
</customer_group>
<customer_group><id_customer><![CDATA[3484]]></id_customer>
<id_group><![CDATA[2]]></id_group>
</customer_group>
<customer_group><id_customer><![CDATA[3485]]></id_customer>
<id_group><![CDATA[2]]></id_group>
</customer_group>
<customer_group><id_customer><![CDATA[3486]]></id_customer>
<id_group><![CDATA[2]]></id_group>
</customer_group>
<customer_group><id_customer><![CDATA[3487]]></id_customer>
<id_group><![CDATA[3]]></id_group>
</customer_group>
<customer_group><id_customer><![CDATA[3488]]></id_customer>
<id_group><![CDATA[2]]></id_group>
</customer_group>
<customer_group><id_customer><![CDATA[3489]]></id_customer>
<id_group><![CDATA[2]]></id_group>
</customer_group>
<customer_group><id_customer><![CDATA[3490]]></id_customer>
<id_group><![CDATA[2]]></id_group>
</customer_group>
<customer_group><id_customer><![CDATA[3491]]></id_customer>
<id_group><![CDATA[3]]></id_group>
</customer_group>
<customer_group><id_customer><![CDATA[3492]]></id_customer>
<id_group><![CDATA[2]]></id_group>
</customer_group>
<customer_group><id_customer><![CDATA[3493]]></id_customer>
<id_group><![CDATA[3]]></id_group>
</customer_group>
<customer_group><id_customer><![CDATA[3494]]></id_customer>
<id_group><![CDATA[3]]></id_group>
</customer_group>
<customer_group><id_customer><![CDATA[3495]]></id_customer>
<id_group><![CDATA[3]]></id_group>
</customer_group>
<customer_group><id_customer><![CDATA[3496]]></id_customer>
<id_group><![CDATA[3]]></id_group>
</customer_group>
</entity_profile>
