<?xml version="1.0" encoding="UTF-8"?>
<entity_profile>
<customer_group><id_customer><![CDATA[1]]></id_customer>
<id_group><![CDATA[3]]></id_group>
</customer_group>
<customer_group><id_customer><![CDATA[2]]></id_customer>
<id_group><![CDATA[3]]></id_group>
</customer_group>
<customer_group><id_customer><![CDATA[3]]></id_customer>
<id_group><![CDATA[3]]></id_group>
</customer_group>
<customer_group><id_customer><![CDATA[5]]></id_customer>
<id_group><![CDATA[3]]></id_group>
</customer_group>
<customer_group><id_customer><![CDATA[6]]></id_customer>
<id_group><![CDATA[3]]></id_group>
</customer_group>
<customer_group><id_customer><![CDATA[7]]></id_customer>
<id_group><![CDATA[3]]></id_group>
</customer_group>
<customer_group><id_customer><![CDATA[8]]></id_customer>
<id_group><![CDATA[3]]></id_group>
</customer_group>
<customer_group><id_customer><![CDATA[9]]></id_customer>
<id_group><![CDATA[3]]></id_group>
</customer_group>
<customer_group><id_customer><![CDATA[10]]></id_customer>
<id_group><![CDATA[3]]></id_group>
</customer_group>
<customer_group><id_customer><![CDATA[11]]></id_customer>
<id_group><![CDATA[3]]></id_group>
</customer_group>
<customer_group><id_customer><![CDATA[12]]></id_customer>
<id_group><![CDATA[3]]></id_group>
</customer_group>
<customer_group><id_customer><![CDATA[12]]></id_customer>
<id_group><![CDATA[4]]></id_group>
</customer_group>
<customer_group><id_customer><![CDATA[13]]></id_customer>
<id_group><![CDATA[3]]></id_group>
</customer_group>
<customer_group><id_customer><![CDATA[14]]></id_customer>
<id_group><![CDATA[3]]></id_group>
</customer_group>
<customer_group><id_customer><![CDATA[15]]></id_customer>
<id_group><![CDATA[3]]></id_group>
</customer_group>
<customer_group><id_customer><![CDATA[16]]></id_customer>
<id_group><![CDATA[3]]></id_group>
</customer_group>
<customer_group><id_customer><![CDATA[17]]></id_customer>
<id_group><![CDATA[3]]></id_group>
</customer_group>
<customer_group><id_customer><![CDATA[18]]></id_customer>
<id_group><![CDATA[4]]></id_group>
</customer_group>
<customer_group><id_customer><![CDATA[19]]></id_customer>
<id_group><![CDATA[3]]></id_group>
</customer_group>
<customer_group><id_customer><![CDATA[20]]></id_customer>
<id_group><![CDATA[3]]></id_group>
</customer_group>
<customer_group><id_customer><![CDATA[21]]></id_customer>
<id_group><![CDATA[3]]></id_group>
</customer_group>
<customer_group><id_customer><![CDATA[21]]></id_customer>
<id_group><![CDATA[4]]></id_group>
</customer_group>
<customer_group><id_customer><![CDATA[22]]></id_customer>
<id_group><![CDATA[3]]></id_group>
</customer_group>
<customer_group><id_customer><![CDATA[23]]></id_customer>
<id_group><![CDATA[1]]></id_group>
</customer_group>
<customer_group><id_customer><![CDATA[23]]></id_customer>
<id_group><![CDATA[2]]></id_group>
</customer_group>
<customer_group><id_customer><![CDATA[23]]></id_customer>
<id_group><![CDATA[3]]></id_group>
</customer_group>
<customer_group><id_customer><![CDATA[24]]></id_customer>
<id_group><![CDATA[3]]></id_group>
</customer_group>
<customer_group><id_customer><![CDATA[25]]></id_customer>
<id_group><![CDATA[3]]></id_group>
</customer_group>
<customer_group><id_customer><![CDATA[26]]></id_customer>
<id_group><![CDATA[3]]></id_group>
</customer_group>
<customer_group><id_customer><![CDATA[27]]></id_customer>
<id_group><![CDATA[3]]></id_group>
</customer_group>
<customer_group><id_customer><![CDATA[28]]></id_customer>
<id_group><![CDATA[3]]></id_group>
</customer_group>
<customer_group><id_customer><![CDATA[29]]></id_customer>
<id_group><![CDATA[3]]></id_group>
</customer_group>
<customer_group><id_customer><![CDATA[30]]></id_customer>
<id_group><![CDATA[3]]></id_group>
</customer_group>
<customer_group><id_customer><![CDATA[31]]></id_customer>
<id_group><![CDATA[3]]></id_group>
</customer_group>
<customer_group><id_customer><![CDATA[32]]></id_customer>
<id_group><![CDATA[3]]></id_group>
</customer_group>
<customer_group><id_customer><![CDATA[33]]></id_customer>
<id_group><![CDATA[3]]></id_group>
</customer_group>
<customer_group><id_customer><![CDATA[34]]></id_customer>
<id_group><![CDATA[3]]></id_group>
</customer_group>
<customer_group><id_customer><![CDATA[35]]></id_customer>
<id_group><![CDATA[3]]></id_group>
</customer_group>
<customer_group><id_customer><![CDATA[36]]></id_customer>
<id_group><![CDATA[3]]></id_group>
</customer_group>
<customer_group><id_customer><![CDATA[37]]></id_customer>
<id_group><![CDATA[3]]></id_group>
</customer_group>
<customer_group><id_customer><![CDATA[38]]></id_customer>
<id_group><![CDATA[3]]></id_group>
</customer_group>
<customer_group><id_customer><![CDATA[39]]></id_customer>
<id_group><![CDATA[3]]></id_group>
</customer_group>
<customer_group><id_customer><![CDATA[40]]></id_customer>
<id_group><![CDATA[3]]></id_group>
</customer_group>
<customer_group><id_customer><![CDATA[41]]></id_customer>
<id_group><![CDATA[3]]></id_group>
</customer_group>
<customer_group><id_customer><![CDATA[42]]></id_customer>
<id_group><![CDATA[3]]></id_group>
</customer_group>
<customer_group><id_customer><![CDATA[43]]></id_customer>
<id_group><![CDATA[3]]></id_group>
</customer_group>
<customer_group><id_customer><![CDATA[44]]></id_customer>
<id_group><![CDATA[3]]></id_group>
</customer_group>
<customer_group><id_customer><![CDATA[45]]></id_customer>
<id_group><![CDATA[3]]></id_group>
</customer_group>
<customer_group><id_customer><![CDATA[46]]></id_customer>
<id_group><![CDATA[3]]></id_group>
</customer_group>
<customer_group><id_customer><![CDATA[47]]></id_customer>
<id_group><![CDATA[3]]></id_group>
</customer_group>
<customer_group><id_customer><![CDATA[48]]></id_customer>
<id_group><![CDATA[3]]></id_group>
</customer_group>
<customer_group><id_customer><![CDATA[49]]></id_customer>
<id_group><![CDATA[3]]></id_group>
</customer_group>
<customer_group><id_customer><![CDATA[50]]></id_customer>
<id_group><![CDATA[3]]></id_group>
</customer_group>
<customer_group><id_customer><![CDATA[51]]></id_customer>
<id_group><![CDATA[3]]></id_group>
</customer_group>
<customer_group><id_customer><![CDATA[52]]></id_customer>
<id_group><![CDATA[3]]></id_group>
</customer_group>
<customer_group><id_customer><![CDATA[53]]></id_customer>
<id_group><![CDATA[3]]></id_group>
</customer_group>
<customer_group><id_customer><![CDATA[54]]></id_customer>
<id_group><![CDATA[3]]></id_group>
</customer_group>
<customer_group><id_customer><![CDATA[55]]></id_customer>
<id_group><![CDATA[3]]></id_group>
</customer_group>
<customer_group><id_customer><![CDATA[56]]></id_customer>
<id_group><![CDATA[3]]></id_group>
</customer_group>
<customer_group><id_customer><![CDATA[57]]></id_customer>
<id_group><![CDATA[3]]></id_group>
</customer_group>
<customer_group><id_customer><![CDATA[58]]></id_customer>
<id_group><![CDATA[3]]></id_group>
</customer_group>
<customer_group><id_customer><![CDATA[59]]></id_customer>
<id_group><![CDATA[3]]></id_group>
</customer_group>
<customer_group><id_customer><![CDATA[60]]></id_customer>
<id_group><![CDATA[3]]></id_group>
</customer_group>
<customer_group><id_customer><![CDATA[61]]></id_customer>
<id_group><![CDATA[3]]></id_group>
</customer_group>
<customer_group><id_customer><![CDATA[62]]></id_customer>
<id_group><![CDATA[3]]></id_group>
</customer_group>
<customer_group><id_customer><![CDATA[63]]></id_customer>
<id_group><![CDATA[3]]></id_group>
</customer_group>
<customer_group><id_customer><![CDATA[64]]></id_customer>
<id_group><![CDATA[3]]></id_group>
</customer_group>
<customer_group><id_customer><![CDATA[65]]></id_customer>
<id_group><![CDATA[3]]></id_group>
</customer_group>
<customer_group><id_customer><![CDATA[66]]></id_customer>
<id_group><![CDATA[3]]></id_group>
</customer_group>
<customer_group><id_customer><![CDATA[67]]></id_customer>
<id_group><![CDATA[3]]></id_group>
</customer_group>
<customer_group><id_customer><![CDATA[68]]></id_customer>
<id_group><![CDATA[3]]></id_group>
</customer_group>
<customer_group><id_customer><![CDATA[69]]></id_customer>
<id_group><![CDATA[3]]></id_group>
</customer_group>
<customer_group><id_customer><![CDATA[70]]></id_customer>
<id_group><![CDATA[3]]></id_group>
</customer_group>
<customer_group><id_customer><![CDATA[71]]></id_customer>
<id_group><![CDATA[3]]></id_group>
</customer_group>
<customer_group><id_customer><![CDATA[72]]></id_customer>
<id_group><![CDATA[3]]></id_group>
</customer_group>
<customer_group><id_customer><![CDATA[73]]></id_customer>
<id_group><![CDATA[3]]></id_group>
</customer_group>
<customer_group><id_customer><![CDATA[74]]></id_customer>
<id_group><![CDATA[3]]></id_group>
</customer_group>
<customer_group><id_customer><![CDATA[75]]></id_customer>
<id_group><![CDATA[3]]></id_group>
</customer_group>
<customer_group><id_customer><![CDATA[76]]></id_customer>
<id_group><![CDATA[3]]></id_group>
</customer_group>
<customer_group><id_customer><![CDATA[77]]></id_customer>
<id_group><![CDATA[3]]></id_group>
</customer_group>
<customer_group><id_customer><![CDATA[78]]></id_customer>
<id_group><![CDATA[3]]></id_group>
</customer_group>
<customer_group><id_customer><![CDATA[79]]></id_customer>
<id_group><![CDATA[3]]></id_group>
</customer_group>
<customer_group><id_customer><![CDATA[80]]></id_customer>
<id_group><![CDATA[3]]></id_group>
</customer_group>
<customer_group><id_customer><![CDATA[81]]></id_customer>
<id_group><![CDATA[3]]></id_group>
</customer_group>
<customer_group><id_customer><![CDATA[82]]></id_customer>
<id_group><![CDATA[3]]></id_group>
</customer_group>
<customer_group><id_customer><![CDATA[83]]></id_customer>
<id_group><![CDATA[3]]></id_group>
</customer_group>
<customer_group><id_customer><![CDATA[84]]></id_customer>
<id_group><![CDATA[3]]></id_group>
</customer_group>
<customer_group><id_customer><![CDATA[85]]></id_customer>
<id_group><![CDATA[3]]></id_group>
</customer_group>
<customer_group><id_customer><![CDATA[86]]></id_customer>
<id_group><![CDATA[3]]></id_group>
</customer_group>
<customer_group><id_customer><![CDATA[87]]></id_customer>
<id_group><![CDATA[3]]></id_group>
</customer_group>
<customer_group><id_customer><![CDATA[88]]></id_customer>
<id_group><![CDATA[3]]></id_group>
</customer_group>
<customer_group><id_customer><![CDATA[89]]></id_customer>
<id_group><![CDATA[3]]></id_group>
</customer_group>
<customer_group><id_customer><![CDATA[90]]></id_customer>
<id_group><![CDATA[3]]></id_group>
</customer_group>
<customer_group><id_customer><![CDATA[91]]></id_customer>
<id_group><![CDATA[3]]></id_group>
</customer_group>
<customer_group><id_customer><![CDATA[92]]></id_customer>
<id_group><![CDATA[3]]></id_group>
</customer_group>
<customer_group><id_customer><![CDATA[93]]></id_customer>
<id_group><![CDATA[3]]></id_group>
</customer_group>
<customer_group><id_customer><![CDATA[94]]></id_customer>
<id_group><![CDATA[3]]></id_group>
</customer_group>
<customer_group><id_customer><![CDATA[95]]></id_customer>
<id_group><![CDATA[3]]></id_group>
</customer_group>
<customer_group><id_customer><![CDATA[96]]></id_customer>
<id_group><![CDATA[3]]></id_group>
</customer_group>
<customer_group><id_customer><![CDATA[97]]></id_customer>
<id_group><![CDATA[3]]></id_group>
</customer_group>
<customer_group><id_customer><![CDATA[98]]></id_customer>
<id_group><![CDATA[3]]></id_group>
</customer_group>
<customer_group><id_customer><![CDATA[99]]></id_customer>
<id_group><![CDATA[3]]></id_group>
</customer_group>
<customer_group><id_customer><![CDATA[100]]></id_customer>
<id_group><![CDATA[3]]></id_group>
</customer_group>
<customer_group><id_customer><![CDATA[101]]></id_customer>
<id_group><![CDATA[3]]></id_group>
</customer_group>
<customer_group><id_customer><![CDATA[102]]></id_customer>
<id_group><![CDATA[3]]></id_group>
</customer_group>
<customer_group><id_customer><![CDATA[103]]></id_customer>
<id_group><![CDATA[3]]></id_group>
</customer_group>
<customer_group><id_customer><![CDATA[104]]></id_customer>
<id_group><![CDATA[3]]></id_group>
</customer_group>
<customer_group><id_customer><![CDATA[105]]></id_customer>
<id_group><![CDATA[3]]></id_group>
</customer_group>
<customer_group><id_customer><![CDATA[106]]></id_customer>
<id_group><![CDATA[3]]></id_group>
</customer_group>
<customer_group><id_customer><![CDATA[107]]></id_customer>
<id_group><![CDATA[3]]></id_group>
</customer_group>
<customer_group><id_customer><![CDATA[108]]></id_customer>
<id_group><![CDATA[3]]></id_group>
</customer_group>
<customer_group><id_customer><![CDATA[109]]></id_customer>
<id_group><![CDATA[3]]></id_group>
</customer_group>
<customer_group><id_customer><![CDATA[110]]></id_customer>
<id_group><![CDATA[3]]></id_group>
</customer_group>
<customer_group><id_customer><![CDATA[111]]></id_customer>
<id_group><![CDATA[3]]></id_group>
</customer_group>
<customer_group><id_customer><![CDATA[112]]></id_customer>
<id_group><![CDATA[3]]></id_group>
</customer_group>
<customer_group><id_customer><![CDATA[113]]></id_customer>
<id_group><![CDATA[3]]></id_group>
</customer_group>
<customer_group><id_customer><![CDATA[114]]></id_customer>
<id_group><![CDATA[3]]></id_group>
</customer_group>
<customer_group><id_customer><![CDATA[115]]></id_customer>
<id_group><![CDATA[3]]></id_group>
</customer_group>
<customer_group><id_customer><![CDATA[116]]></id_customer>
<id_group><![CDATA[3]]></id_group>
</customer_group>
<customer_group><id_customer><![CDATA[117]]></id_customer>
<id_group><![CDATA[3]]></id_group>
</customer_group>
<customer_group><id_customer><![CDATA[118]]></id_customer>
<id_group><![CDATA[3]]></id_group>
</customer_group>
<customer_group><id_customer><![CDATA[119]]></id_customer>
<id_group><![CDATA[3]]></id_group>
</customer_group>
<customer_group><id_customer><![CDATA[120]]></id_customer>
<id_group><![CDATA[3]]></id_group>
</customer_group>
<customer_group><id_customer><![CDATA[121]]></id_customer>
<id_group><![CDATA[3]]></id_group>
</customer_group>
<customer_group><id_customer><![CDATA[122]]></id_customer>
<id_group><![CDATA[3]]></id_group>
</customer_group>
<customer_group><id_customer><![CDATA[123]]></id_customer>
<id_group><![CDATA[3]]></id_group>
</customer_group>
<customer_group><id_customer><![CDATA[124]]></id_customer>
<id_group><![CDATA[3]]></id_group>
</customer_group>
<customer_group><id_customer><![CDATA[125]]></id_customer>
<id_group><![CDATA[3]]></id_group>
</customer_group>
<customer_group><id_customer><![CDATA[126]]></id_customer>
<id_group><![CDATA[3]]></id_group>
</customer_group>
<customer_group><id_customer><![CDATA[127]]></id_customer>
<id_group><![CDATA[3]]></id_group>
</customer_group>
<customer_group><id_customer><![CDATA[128]]></id_customer>
<id_group><![CDATA[3]]></id_group>
</customer_group>
<customer_group><id_customer><![CDATA[129]]></id_customer>
<id_group><![CDATA[3]]></id_group>
</customer_group>
<customer_group><id_customer><![CDATA[130]]></id_customer>
<id_group><![CDATA[3]]></id_group>
</customer_group>
<customer_group><id_customer><![CDATA[131]]></id_customer>
<id_group><![CDATA[3]]></id_group>
</customer_group>
<customer_group><id_customer><![CDATA[132]]></id_customer>
<id_group><![CDATA[3]]></id_group>
</customer_group>
<customer_group><id_customer><![CDATA[133]]></id_customer>
<id_group><![CDATA[3]]></id_group>
</customer_group>
<customer_group><id_customer><![CDATA[134]]></id_customer>
<id_group><![CDATA[3]]></id_group>
</customer_group>
<customer_group><id_customer><![CDATA[135]]></id_customer>
<id_group><![CDATA[3]]></id_group>
</customer_group>
<customer_group><id_customer><![CDATA[136]]></id_customer>
<id_group><![CDATA[3]]></id_group>
</customer_group>
<customer_group><id_customer><![CDATA[137]]></id_customer>
<id_group><![CDATA[3]]></id_group>
</customer_group>
<customer_group><id_customer><![CDATA[138]]></id_customer>
<id_group><![CDATA[3]]></id_group>
</customer_group>
<customer_group><id_customer><![CDATA[139]]></id_customer>
<id_group><![CDATA[3]]></id_group>
</customer_group>
<customer_group><id_customer><![CDATA[140]]></id_customer>
<id_group><![CDATA[3]]></id_group>
</customer_group>
<customer_group><id_customer><![CDATA[141]]></id_customer>
<id_group><![CDATA[3]]></id_group>
</customer_group>
<customer_group><id_customer><![CDATA[142]]></id_customer>
<id_group><![CDATA[3]]></id_group>
</customer_group>
<customer_group><id_customer><![CDATA[143]]></id_customer>
<id_group><![CDATA[3]]></id_group>
</customer_group>
<customer_group><id_customer><![CDATA[144]]></id_customer>
<id_group><![CDATA[3]]></id_group>
</customer_group>
<customer_group><id_customer><![CDATA[145]]></id_customer>
<id_group><![CDATA[3]]></id_group>
</customer_group>
<customer_group><id_customer><![CDATA[146]]></id_customer>
<id_group><![CDATA[3]]></id_group>
</customer_group>
<customer_group><id_customer><![CDATA[147]]></id_customer>
<id_group><![CDATA[3]]></id_group>
</customer_group>
<customer_group><id_customer><![CDATA[148]]></id_customer>
<id_group><![CDATA[3]]></id_group>
</customer_group>
<customer_group><id_customer><![CDATA[149]]></id_customer>
<id_group><![CDATA[3]]></id_group>
</customer_group>
<customer_group><id_customer><![CDATA[150]]></id_customer>
<id_group><![CDATA[3]]></id_group>
</customer_group>
<customer_group><id_customer><![CDATA[151]]></id_customer>
<id_group><![CDATA[3]]></id_group>
</customer_group>
<customer_group><id_customer><![CDATA[152]]></id_customer>
<id_group><![CDATA[3]]></id_group>
</customer_group>
<customer_group><id_customer><![CDATA[153]]></id_customer>
<id_group><![CDATA[3]]></id_group>
</customer_group>
<customer_group><id_customer><![CDATA[154]]></id_customer>
<id_group><![CDATA[3]]></id_group>
</customer_group>
<customer_group><id_customer><![CDATA[155]]></id_customer>
<id_group><![CDATA[3]]></id_group>
</customer_group>
<customer_group><id_customer><![CDATA[156]]></id_customer>
<id_group><![CDATA[3]]></id_group>
</customer_group>
<customer_group><id_customer><![CDATA[157]]></id_customer>
<id_group><![CDATA[3]]></id_group>
</customer_group>
<customer_group><id_customer><![CDATA[158]]></id_customer>
<id_group><![CDATA[3]]></id_group>
</customer_group>
<customer_group><id_customer><![CDATA[159]]></id_customer>
<id_group><![CDATA[3]]></id_group>
</customer_group>
<customer_group><id_customer><![CDATA[160]]></id_customer>
<id_group><![CDATA[3]]></id_group>
</customer_group>
<customer_group><id_customer><![CDATA[161]]></id_customer>
<id_group><![CDATA[3]]></id_group>
</customer_group>
<customer_group><id_customer><![CDATA[162]]></id_customer>
<id_group><![CDATA[3]]></id_group>
</customer_group>
<customer_group><id_customer><![CDATA[163]]></id_customer>
<id_group><![CDATA[3]]></id_group>
</customer_group>
<customer_group><id_customer><![CDATA[164]]></id_customer>
<id_group><![CDATA[3]]></id_group>
</customer_group>
<customer_group><id_customer><![CDATA[167]]></id_customer>
<id_group><![CDATA[3]]></id_group>
</customer_group>
<customer_group><id_customer><![CDATA[168]]></id_customer>
<id_group><![CDATA[3]]></id_group>
</customer_group>
<customer_group><id_customer><![CDATA[169]]></id_customer>
<id_group><![CDATA[3]]></id_group>
</customer_group>
<customer_group><id_customer><![CDATA[169]]></id_customer>
<id_group><![CDATA[4]]></id_group>
</customer_group>
<customer_group><id_customer><![CDATA[170]]></id_customer>
<id_group><![CDATA[3]]></id_group>
</customer_group>
<customer_group><id_customer><![CDATA[171]]></id_customer>
<id_group><![CDATA[3]]></id_group>
</customer_group>
<customer_group><id_customer><![CDATA[172]]></id_customer>
<id_group><![CDATA[3]]></id_group>
</customer_group>
<customer_group><id_customer><![CDATA[173]]></id_customer>
<id_group><![CDATA[3]]></id_group>
</customer_group>
<customer_group><id_customer><![CDATA[174]]></id_customer>
<id_group><![CDATA[3]]></id_group>
</customer_group>
<customer_group><id_customer><![CDATA[175]]></id_customer>
<id_group><![CDATA[3]]></id_group>
</customer_group>
<customer_group><id_customer><![CDATA[176]]></id_customer>
<id_group><![CDATA[3]]></id_group>
</customer_group>
<customer_group><id_customer><![CDATA[177]]></id_customer>
<id_group><![CDATA[3]]></id_group>
</customer_group>
<customer_group><id_customer><![CDATA[178]]></id_customer>
<id_group><![CDATA[3]]></id_group>
</customer_group>
<customer_group><id_customer><![CDATA[179]]></id_customer>
<id_group><![CDATA[3]]></id_group>
</customer_group>
<customer_group><id_customer><![CDATA[180]]></id_customer>
<id_group><![CDATA[3]]></id_group>
</customer_group>
<customer_group><id_customer><![CDATA[181]]></id_customer>
<id_group><![CDATA[3]]></id_group>
</customer_group>
<customer_group><id_customer><![CDATA[182]]></id_customer>
<id_group><![CDATA[3]]></id_group>
</customer_group>
<customer_group><id_customer><![CDATA[183]]></id_customer>
<id_group><![CDATA[3]]></id_group>
</customer_group>
<customer_group><id_customer><![CDATA[184]]></id_customer>
<id_group><![CDATA[3]]></id_group>
</customer_group>
<customer_group><id_customer><![CDATA[185]]></id_customer>
<id_group><![CDATA[3]]></id_group>
</customer_group>
<customer_group><id_customer><![CDATA[186]]></id_customer>
<id_group><![CDATA[3]]></id_group>
</customer_group>
<customer_group><id_customer><![CDATA[187]]></id_customer>
<id_group><![CDATA[3]]></id_group>
</customer_group>
<customer_group><id_customer><![CDATA[187]]></id_customer>
<id_group><![CDATA[4]]></id_group>
</customer_group>
<customer_group><id_customer><![CDATA[188]]></id_customer>
<id_group><![CDATA[3]]></id_group>
</customer_group>
<customer_group><id_customer><![CDATA[189]]></id_customer>
<id_group><![CDATA[3]]></id_group>
</customer_group>
<customer_group><id_customer><![CDATA[190]]></id_customer>
<id_group><![CDATA[3]]></id_group>
</customer_group>
<customer_group><id_customer><![CDATA[190]]></id_customer>
<id_group><![CDATA[4]]></id_group>
</customer_group>
<customer_group><id_customer><![CDATA[191]]></id_customer>
<id_group><![CDATA[3]]></id_group>
</customer_group>
<customer_group><id_customer><![CDATA[192]]></id_customer>
<id_group><![CDATA[3]]></id_group>
</customer_group>
<customer_group><id_customer><![CDATA[193]]></id_customer>
<id_group><![CDATA[3]]></id_group>
</customer_group>
<customer_group><id_customer><![CDATA[194]]></id_customer>
<id_group><![CDATA[3]]></id_group>
</customer_group>
<customer_group><id_customer><![CDATA[195]]></id_customer>
<id_group><![CDATA[3]]></id_group>
</customer_group>
<customer_group><id_customer><![CDATA[196]]></id_customer>
<id_group><![CDATA[3]]></id_group>
</customer_group>
<customer_group><id_customer><![CDATA[199]]></id_customer>
<id_group><![CDATA[3]]></id_group>
</customer_group>
<customer_group><id_customer><![CDATA[200]]></id_customer>
<id_group><![CDATA[2]]></id_group>
</customer_group>
<customer_group><id_customer><![CDATA[201]]></id_customer>
<id_group><![CDATA[3]]></id_group>
</customer_group>
<customer_group><id_customer><![CDATA[202]]></id_customer>
<id_group><![CDATA[3]]></id_group>
</customer_group>
<customer_group><id_customer><![CDATA[203]]></id_customer>
<id_group><![CDATA[3]]></id_group>
</customer_group>
<customer_group><id_customer><![CDATA[204]]></id_customer>
<id_group><![CDATA[2]]></id_group>
</customer_group>
<customer_group><id_customer><![CDATA[205]]></id_customer>
<id_group><![CDATA[2]]></id_group>
</customer_group>
<customer_group><id_customer><![CDATA[206]]></id_customer>
<id_group><![CDATA[2]]></id_group>
</customer_group>
<customer_group><id_customer><![CDATA[207]]></id_customer>
<id_group><![CDATA[2]]></id_group>
</customer_group>
<customer_group><id_customer><![CDATA[208]]></id_customer>
<id_group><![CDATA[3]]></id_group>
</customer_group>
<customer_group><id_customer><![CDATA[209]]></id_customer>
<id_group><![CDATA[3]]></id_group>
</customer_group>
<customer_group><id_customer><![CDATA[210]]></id_customer>
<id_group><![CDATA[2]]></id_group>
</customer_group>
<customer_group><id_customer><![CDATA[211]]></id_customer>
<id_group><![CDATA[3]]></id_group>
</customer_group>
<customer_group><id_customer><![CDATA[212]]></id_customer>
<id_group><![CDATA[2]]></id_group>
</customer_group>
<customer_group><id_customer><![CDATA[213]]></id_customer>
<id_group><![CDATA[3]]></id_group>
</customer_group>
<customer_group><id_customer><![CDATA[214]]></id_customer>
<id_group><![CDATA[2]]></id_group>
</customer_group>
<customer_group><id_customer><![CDATA[215]]></id_customer>
<id_group><![CDATA[2]]></id_group>
</customer_group>
<customer_group><id_customer><![CDATA[216]]></id_customer>
<id_group><![CDATA[2]]></id_group>
</customer_group>
<customer_group><id_customer><![CDATA[217]]></id_customer>
<id_group><![CDATA[2]]></id_group>
</customer_group>
<customer_group><id_customer><![CDATA[218]]></id_customer>
<id_group><![CDATA[3]]></id_group>
</customer_group>
<customer_group><id_customer><![CDATA[219]]></id_customer>
<id_group><![CDATA[3]]></id_group>
</customer_group>
<customer_group><id_customer><![CDATA[220]]></id_customer>
<id_group><![CDATA[3]]></id_group>
</customer_group>
<customer_group><id_customer><![CDATA[222]]></id_customer>
<id_group><![CDATA[3]]></id_group>
</customer_group>
<customer_group><id_customer><![CDATA[223]]></id_customer>
<id_group><![CDATA[3]]></id_group>
</customer_group>
<customer_group><id_customer><![CDATA[224]]></id_customer>
<id_group><![CDATA[3]]></id_group>
</customer_group>
<customer_group><id_customer><![CDATA[225]]></id_customer>
<id_group><![CDATA[3]]></id_group>
</customer_group>
<customer_group><id_customer><![CDATA[226]]></id_customer>
<id_group><![CDATA[3]]></id_group>
</customer_group>
<customer_group><id_customer><![CDATA[227]]></id_customer>
<id_group><![CDATA[3]]></id_group>
</customer_group>
<customer_group><id_customer><![CDATA[228]]></id_customer>
<id_group><![CDATA[3]]></id_group>
</customer_group>
<customer_group><id_customer><![CDATA[229]]></id_customer>
<id_group><![CDATA[3]]></id_group>
</customer_group>
<customer_group><id_customer><![CDATA[230]]></id_customer>
<id_group><![CDATA[2]]></id_group>
</customer_group>
<customer_group><id_customer><![CDATA[231]]></id_customer>
<id_group><![CDATA[3]]></id_group>
</customer_group>
<customer_group><id_customer><![CDATA[232]]></id_customer>
<id_group><![CDATA[3]]></id_group>
</customer_group>
<customer_group><id_customer><![CDATA[233]]></id_customer>
<id_group><![CDATA[3]]></id_group>
</customer_group>
<customer_group><id_customer><![CDATA[234]]></id_customer>
<id_group><![CDATA[3]]></id_group>
</customer_group>
<customer_group><id_customer><![CDATA[235]]></id_customer>
<id_group><![CDATA[3]]></id_group>
</customer_group>
<customer_group><id_customer><![CDATA[236]]></id_customer>
<id_group><![CDATA[2]]></id_group>
</customer_group>
<customer_group><id_customer><![CDATA[237]]></id_customer>
<id_group><![CDATA[3]]></id_group>
</customer_group>
<customer_group><id_customer><![CDATA[238]]></id_customer>
<id_group><![CDATA[3]]></id_group>
</customer_group>
<customer_group><id_customer><![CDATA[239]]></id_customer>
<id_group><![CDATA[3]]></id_group>
</customer_group>
<customer_group><id_customer><![CDATA[240]]></id_customer>
<id_group><![CDATA[3]]></id_group>
</customer_group>
<customer_group><id_customer><![CDATA[241]]></id_customer>
<id_group><![CDATA[2]]></id_group>
</customer_group>
<customer_group><id_customer><![CDATA[242]]></id_customer>
<id_group><![CDATA[3]]></id_group>
</customer_group>
<customer_group><id_customer><![CDATA[243]]></id_customer>
<id_group><![CDATA[3]]></id_group>
</customer_group>
<customer_group><id_customer><![CDATA[244]]></id_customer>
<id_group><![CDATA[2]]></id_group>
</customer_group>
<customer_group><id_customer><![CDATA[245]]></id_customer>
<id_group><![CDATA[3]]></id_group>
</customer_group>
<customer_group><id_customer><![CDATA[246]]></id_customer>
<id_group><![CDATA[3]]></id_group>
</customer_group>
<customer_group><id_customer><![CDATA[247]]></id_customer>
<id_group><![CDATA[3]]></id_group>
</customer_group>
<customer_group><id_customer><![CDATA[248]]></id_customer>
<id_group><![CDATA[2]]></id_group>
</customer_group>
<customer_group><id_customer><![CDATA[249]]></id_customer>
<id_group><![CDATA[3]]></id_group>
</customer_group>
<customer_group><id_customer><![CDATA[250]]></id_customer>
<id_group><![CDATA[2]]></id_group>
</customer_group>
<customer_group><id_customer><![CDATA[251]]></id_customer>
<id_group><![CDATA[2]]></id_group>
</customer_group>
<customer_group><id_customer><![CDATA[252]]></id_customer>
<id_group><![CDATA[2]]></id_group>
</customer_group>
<customer_group><id_customer><![CDATA[253]]></id_customer>
<id_group><![CDATA[3]]></id_group>
</customer_group>
<customer_group><id_customer><![CDATA[254]]></id_customer>
<id_group><![CDATA[3]]></id_group>
</customer_group>
<customer_group><id_customer><![CDATA[255]]></id_customer>
<id_group><![CDATA[3]]></id_group>
</customer_group>
<customer_group><id_customer><![CDATA[256]]></id_customer>
<id_group><![CDATA[3]]></id_group>
</customer_group>
<customer_group><id_customer><![CDATA[257]]></id_customer>
<id_group><![CDATA[3]]></id_group>
</customer_group>
<customer_group><id_customer><![CDATA[258]]></id_customer>
<id_group><![CDATA[3]]></id_group>
</customer_group>
<customer_group><id_customer><![CDATA[259]]></id_customer>
<id_group><![CDATA[3]]></id_group>
</customer_group>
<customer_group><id_customer><![CDATA[260]]></id_customer>
<id_group><![CDATA[3]]></id_group>
</customer_group>
<customer_group><id_customer><![CDATA[261]]></id_customer>
<id_group><![CDATA[3]]></id_group>
</customer_group>
<customer_group><id_customer><![CDATA[262]]></id_customer>
<id_group><![CDATA[3]]></id_group>
</customer_group>
<customer_group><id_customer><![CDATA[263]]></id_customer>
<id_group><![CDATA[3]]></id_group>
</customer_group>
<customer_group><id_customer><![CDATA[264]]></id_customer>
<id_group><![CDATA[3]]></id_group>
</customer_group>
<customer_group><id_customer><![CDATA[265]]></id_customer>
<id_group><![CDATA[3]]></id_group>
</customer_group>
<customer_group><id_customer><![CDATA[266]]></id_customer>
<id_group><![CDATA[3]]></id_group>
</customer_group>
<customer_group><id_customer><![CDATA[267]]></id_customer>
<id_group><![CDATA[3]]></id_group>
</customer_group>
<customer_group><id_customer><![CDATA[268]]></id_customer>
<id_group><![CDATA[3]]></id_group>
</customer_group>
<customer_group><id_customer><![CDATA[269]]></id_customer>
<id_group><![CDATA[3]]></id_group>
</customer_group>
<customer_group><id_customer><![CDATA[270]]></id_customer>
<id_group><![CDATA[3]]></id_group>
</customer_group>
<customer_group><id_customer><![CDATA[271]]></id_customer>
<id_group><![CDATA[3]]></id_group>
</customer_group>
<customer_group><id_customer><![CDATA[272]]></id_customer>
<id_group><![CDATA[3]]></id_group>
</customer_group>
<customer_group><id_customer><![CDATA[273]]></id_customer>
<id_group><![CDATA[3]]></id_group>
</customer_group>
<customer_group><id_customer><![CDATA[274]]></id_customer>
<id_group><![CDATA[3]]></id_group>
</customer_group>
<customer_group><id_customer><![CDATA[275]]></id_customer>
<id_group><![CDATA[3]]></id_group>
</customer_group>
<customer_group><id_customer><![CDATA[276]]></id_customer>
<id_group><![CDATA[3]]></id_group>
</customer_group>
<customer_group><id_customer><![CDATA[277]]></id_customer>
<id_group><![CDATA[2]]></id_group>
</customer_group>
<customer_group><id_customer><![CDATA[278]]></id_customer>
<id_group><![CDATA[3]]></id_group>
</customer_group>
<customer_group><id_customer><![CDATA[279]]></id_customer>
<id_group><![CDATA[3]]></id_group>
</customer_group>
<customer_group><id_customer><![CDATA[280]]></id_customer>
<id_group><![CDATA[3]]></id_group>
</customer_group>
<customer_group><id_customer><![CDATA[281]]></id_customer>
<id_group><![CDATA[3]]></id_group>
</customer_group>
<customer_group><id_customer><![CDATA[282]]></id_customer>
<id_group><![CDATA[2]]></id_group>
</customer_group>
<customer_group><id_customer><![CDATA[283]]></id_customer>
<id_group><![CDATA[3]]></id_group>
</customer_group>
<customer_group><id_customer><![CDATA[284]]></id_customer>
<id_group><![CDATA[3]]></id_group>
</customer_group>
<customer_group><id_customer><![CDATA[285]]></id_customer>
<id_group><![CDATA[3]]></id_group>
</customer_group>
<customer_group><id_customer><![CDATA[286]]></id_customer>
<id_group><![CDATA[3]]></id_group>
</customer_group>
<customer_group><id_customer><![CDATA[287]]></id_customer>
<id_group><![CDATA[3]]></id_group>
</customer_group>
<customer_group><id_customer><![CDATA[288]]></id_customer>
<id_group><![CDATA[2]]></id_group>
</customer_group>
<customer_group><id_customer><![CDATA[289]]></id_customer>
<id_group><![CDATA[3]]></id_group>
</customer_group>
<customer_group><id_customer><![CDATA[290]]></id_customer>
<id_group><![CDATA[3]]></id_group>
</customer_group>
<customer_group><id_customer><![CDATA[291]]></id_customer>
<id_group><![CDATA[3]]></id_group>
</customer_group>
<customer_group><id_customer><![CDATA[292]]></id_customer>
<id_group><![CDATA[3]]></id_group>
</customer_group>
<customer_group><id_customer><![CDATA[293]]></id_customer>
<id_group><![CDATA[3]]></id_group>
</customer_group>
<customer_group><id_customer><![CDATA[294]]></id_customer>
<id_group><![CDATA[3]]></id_group>
</customer_group>
<customer_group><id_customer><![CDATA[295]]></id_customer>
<id_group><![CDATA[2]]></id_group>
</customer_group>
<customer_group><id_customer><![CDATA[296]]></id_customer>
<id_group><![CDATA[3]]></id_group>
</customer_group>
<customer_group><id_customer><![CDATA[297]]></id_customer>
<id_group><![CDATA[3]]></id_group>
</customer_group>
<customer_group><id_customer><![CDATA[298]]></id_customer>
<id_group><![CDATA[3]]></id_group>
</customer_group>
<customer_group><id_customer><![CDATA[299]]></id_customer>
<id_group><![CDATA[3]]></id_group>
</customer_group>
<customer_group><id_customer><![CDATA[300]]></id_customer>
<id_group><![CDATA[3]]></id_group>
</customer_group>
<customer_group><id_customer><![CDATA[301]]></id_customer>
<id_group><![CDATA[3]]></id_group>
</customer_group>
<customer_group><id_customer><![CDATA[302]]></id_customer>
<id_group><![CDATA[3]]></id_group>
</customer_group>
<customer_group><id_customer><![CDATA[303]]></id_customer>
<id_group><![CDATA[3]]></id_group>
</customer_group>
<customer_group><id_customer><![CDATA[304]]></id_customer>
<id_group><![CDATA[3]]></id_group>
</customer_group>
<customer_group><id_customer><![CDATA[305]]></id_customer>
<id_group><![CDATA[3]]></id_group>
</customer_group>
<customer_group><id_customer><![CDATA[306]]></id_customer>
<id_group><![CDATA[3]]></id_group>
</customer_group>
<customer_group><id_customer><![CDATA[307]]></id_customer>
<id_group><![CDATA[2]]></id_group>
</customer_group>
<customer_group><id_customer><![CDATA[308]]></id_customer>
<id_group><![CDATA[2]]></id_group>
</customer_group>
<customer_group><id_customer><![CDATA[309]]></id_customer>
<id_group><![CDATA[2]]></id_group>
</customer_group>
<customer_group><id_customer><![CDATA[310]]></id_customer>
<id_group><![CDATA[3]]></id_group>
</customer_group>
<customer_group><id_customer><![CDATA[311]]></id_customer>
<id_group><![CDATA[3]]></id_group>
</customer_group>
<customer_group><id_customer><![CDATA[312]]></id_customer>
<id_group><![CDATA[2]]></id_group>
</customer_group>
<customer_group><id_customer><![CDATA[313]]></id_customer>
<id_group><![CDATA[3]]></id_group>
</customer_group>
<customer_group><id_customer><![CDATA[314]]></id_customer>
<id_group><![CDATA[3]]></id_group>
</customer_group>
<customer_group><id_customer><![CDATA[315]]></id_customer>
<id_group><![CDATA[2]]></id_group>
</customer_group>
<customer_group><id_customer><![CDATA[316]]></id_customer>
<id_group><![CDATA[2]]></id_group>
</customer_group>
<customer_group><id_customer><![CDATA[317]]></id_customer>
<id_group><![CDATA[2]]></id_group>
</customer_group>
<customer_group><id_customer><![CDATA[318]]></id_customer>
<id_group><![CDATA[2]]></id_group>
</customer_group>
<customer_group><id_customer><![CDATA[319]]></id_customer>
<id_group><![CDATA[3]]></id_group>
</customer_group>
<customer_group><id_customer><![CDATA[320]]></id_customer>
<id_group><![CDATA[3]]></id_group>
</customer_group>
<customer_group><id_customer><![CDATA[321]]></id_customer>
<id_group><![CDATA[3]]></id_group>
</customer_group>
<customer_group><id_customer><![CDATA[322]]></id_customer>
<id_group><![CDATA[2]]></id_group>
</customer_group>
<customer_group><id_customer><![CDATA[323]]></id_customer>
<id_group><![CDATA[3]]></id_group>
</customer_group>
<customer_group><id_customer><![CDATA[324]]></id_customer>
<id_group><![CDATA[3]]></id_group>
</customer_group>
<customer_group><id_customer><![CDATA[325]]></id_customer>
<id_group><![CDATA[3]]></id_group>
</customer_group>
<customer_group><id_customer><![CDATA[326]]></id_customer>
<id_group><![CDATA[3]]></id_group>
</customer_group>
<customer_group><id_customer><![CDATA[327]]></id_customer>
<id_group><![CDATA[3]]></id_group>
</customer_group>
<customer_group><id_customer><![CDATA[328]]></id_customer>
<id_group><![CDATA[3]]></id_group>
</customer_group>
<customer_group><id_customer><![CDATA[329]]></id_customer>
<id_group><![CDATA[3]]></id_group>
</customer_group>
<customer_group><id_customer><![CDATA[330]]></id_customer>
<id_group><![CDATA[3]]></id_group>
</customer_group>
<customer_group><id_customer><![CDATA[331]]></id_customer>
<id_group><![CDATA[3]]></id_group>
</customer_group>
<customer_group><id_customer><![CDATA[332]]></id_customer>
<id_group><![CDATA[3]]></id_group>
</customer_group>
<customer_group><id_customer><![CDATA[333]]></id_customer>
<id_group><![CDATA[3]]></id_group>
</customer_group>
<customer_group><id_customer><![CDATA[334]]></id_customer>
<id_group><![CDATA[3]]></id_group>
</customer_group>
<customer_group><id_customer><![CDATA[335]]></id_customer>
<id_group><![CDATA[2]]></id_group>
</customer_group>
<customer_group><id_customer><![CDATA[335]]></id_customer>
<id_group><![CDATA[3]]></id_group>
</customer_group>
<customer_group><id_customer><![CDATA[336]]></id_customer>
<id_group><![CDATA[3]]></id_group>
</customer_group>
<customer_group><id_customer><![CDATA[337]]></id_customer>
<id_group><![CDATA[3]]></id_group>
</customer_group>
<customer_group><id_customer><![CDATA[338]]></id_customer>
<id_group><![CDATA[3]]></id_group>
</customer_group>
<customer_group><id_customer><![CDATA[339]]></id_customer>
<id_group><![CDATA[3]]></id_group>
</customer_group>
<customer_group><id_customer><![CDATA[340]]></id_customer>
<id_group><![CDATA[3]]></id_group>
</customer_group>
<customer_group><id_customer><![CDATA[341]]></id_customer>
<id_group><![CDATA[3]]></id_group>
</customer_group>
<customer_group><id_customer><![CDATA[342]]></id_customer>
<id_group><![CDATA[3]]></id_group>
</customer_group>
<customer_group><id_customer><![CDATA[343]]></id_customer>
<id_group><![CDATA[3]]></id_group>
</customer_group>
<customer_group><id_customer><![CDATA[344]]></id_customer>
<id_group><![CDATA[3]]></id_group>
</customer_group>
<customer_group><id_customer><![CDATA[345]]></id_customer>
<id_group><![CDATA[2]]></id_group>
</customer_group>
<customer_group><id_customer><![CDATA[346]]></id_customer>
<id_group><![CDATA[3]]></id_group>
</customer_group>
<customer_group><id_customer><![CDATA[347]]></id_customer>
<id_group><![CDATA[3]]></id_group>
</customer_group>
<customer_group><id_customer><![CDATA[348]]></id_customer>
<id_group><![CDATA[3]]></id_group>
</customer_group>
<customer_group><id_customer><![CDATA[349]]></id_customer>
<id_group><![CDATA[3]]></id_group>
</customer_group>
<customer_group><id_customer><![CDATA[350]]></id_customer>
<id_group><![CDATA[3]]></id_group>
</customer_group>
<customer_group><id_customer><![CDATA[351]]></id_customer>
<id_group><![CDATA[3]]></id_group>
</customer_group>
<customer_group><id_customer><![CDATA[352]]></id_customer>
<id_group><![CDATA[3]]></id_group>
</customer_group>
<customer_group><id_customer><![CDATA[353]]></id_customer>
<id_group><![CDATA[3]]></id_group>
</customer_group>
<customer_group><id_customer><![CDATA[354]]></id_customer>
<id_group><![CDATA[3]]></id_group>
</customer_group>
<customer_group><id_customer><![CDATA[355]]></id_customer>
<id_group><![CDATA[3]]></id_group>
</customer_group>
<customer_group><id_customer><![CDATA[356]]></id_customer>
<id_group><![CDATA[2]]></id_group>
</customer_group>
<customer_group><id_customer><![CDATA[357]]></id_customer>
<id_group><![CDATA[2]]></id_group>
</customer_group>
<customer_group><id_customer><![CDATA[358]]></id_customer>
<id_group><![CDATA[3]]></id_group>
</customer_group>
<customer_group><id_customer><![CDATA[359]]></id_customer>
<id_group><![CDATA[3]]></id_group>
</customer_group>
<customer_group><id_customer><![CDATA[360]]></id_customer>
<id_group><![CDATA[3]]></id_group>
</customer_group>
<customer_group><id_customer><![CDATA[361]]></id_customer>
<id_group><![CDATA[3]]></id_group>
</customer_group>
<customer_group><id_customer><![CDATA[362]]></id_customer>
<id_group><![CDATA[3]]></id_group>
</customer_group>
<customer_group><id_customer><![CDATA[363]]></id_customer>
<id_group><![CDATA[3]]></id_group>
</customer_group>
<customer_group><id_customer><![CDATA[364]]></id_customer>
<id_group><![CDATA[3]]></id_group>
</customer_group>
<customer_group><id_customer><![CDATA[365]]></id_customer>
<id_group><![CDATA[3]]></id_group>
</customer_group>
<customer_group><id_customer><![CDATA[366]]></id_customer>
<id_group><![CDATA[2]]></id_group>
</customer_group>
<customer_group><id_customer><![CDATA[367]]></id_customer>
<id_group><![CDATA[2]]></id_group>
</customer_group>
<customer_group><id_customer><![CDATA[368]]></id_customer>
<id_group><![CDATA[3]]></id_group>
</customer_group>
<customer_group><id_customer><![CDATA[369]]></id_customer>
<id_group><![CDATA[3]]></id_group>
</customer_group>
<customer_group><id_customer><![CDATA[370]]></id_customer>
<id_group><![CDATA[2]]></id_group>
</customer_group>
<customer_group><id_customer><![CDATA[371]]></id_customer>
<id_group><![CDATA[2]]></id_group>
</customer_group>
<customer_group><id_customer><![CDATA[372]]></id_customer>
<id_group><![CDATA[3]]></id_group>
</customer_group>
<customer_group><id_customer><![CDATA[373]]></id_customer>
<id_group><![CDATA[2]]></id_group>
</customer_group>
<customer_group><id_customer><![CDATA[374]]></id_customer>
<id_group><![CDATA[3]]></id_group>
</customer_group>
<customer_group><id_customer><![CDATA[375]]></id_customer>
<id_group><![CDATA[3]]></id_group>
</customer_group>
<customer_group><id_customer><![CDATA[376]]></id_customer>
<id_group><![CDATA[3]]></id_group>
</customer_group>
<customer_group><id_customer><![CDATA[377]]></id_customer>
<id_group><![CDATA[3]]></id_group>
</customer_group>
<customer_group><id_customer><![CDATA[378]]></id_customer>
<id_group><![CDATA[3]]></id_group>
</customer_group>
<customer_group><id_customer><![CDATA[379]]></id_customer>
<id_group><![CDATA[3]]></id_group>
</customer_group>
<customer_group><id_customer><![CDATA[380]]></id_customer>
<id_group><![CDATA[3]]></id_group>
</customer_group>
<customer_group><id_customer><![CDATA[381]]></id_customer>
<id_group><![CDATA[3]]></id_group>
</customer_group>
<customer_group><id_customer><![CDATA[382]]></id_customer>
<id_group><![CDATA[2]]></id_group>
</customer_group>
<customer_group><id_customer><![CDATA[383]]></id_customer>
<id_group><![CDATA[2]]></id_group>
</customer_group>
<customer_group><id_customer><![CDATA[384]]></id_customer>
<id_group><![CDATA[2]]></id_group>
</customer_group>
<customer_group><id_customer><![CDATA[385]]></id_customer>
<id_group><![CDATA[2]]></id_group>
</customer_group>
<customer_group><id_customer><![CDATA[386]]></id_customer>
<id_group><![CDATA[3]]></id_group>
</customer_group>
<customer_group><id_customer><![CDATA[387]]></id_customer>
<id_group><![CDATA[3]]></id_group>
</customer_group>
<customer_group><id_customer><![CDATA[388]]></id_customer>
<id_group><![CDATA[3]]></id_group>
</customer_group>
<customer_group><id_customer><![CDATA[389]]></id_customer>
<id_group><![CDATA[3]]></id_group>
</customer_group>
<customer_group><id_customer><![CDATA[390]]></id_customer>
<id_group><![CDATA[2]]></id_group>
</customer_group>
<customer_group><id_customer><![CDATA[391]]></id_customer>
<id_group><![CDATA[3]]></id_group>
</customer_group>
<customer_group><id_customer><![CDATA[392]]></id_customer>
<id_group><![CDATA[3]]></id_group>
</customer_group>
<customer_group><id_customer><![CDATA[393]]></id_customer>
<id_group><![CDATA[3]]></id_group>
</customer_group>
<customer_group><id_customer><![CDATA[394]]></id_customer>
<id_group><![CDATA[3]]></id_group>
</customer_group>
<customer_group><id_customer><![CDATA[395]]></id_customer>
<id_group><![CDATA[3]]></id_group>
</customer_group>
<customer_group><id_customer><![CDATA[396]]></id_customer>
<id_group><![CDATA[3]]></id_group>
</customer_group>
<customer_group><id_customer><![CDATA[397]]></id_customer>
<id_group><![CDATA[2]]></id_group>
</customer_group>
<customer_group><id_customer><![CDATA[398]]></id_customer>
<id_group><![CDATA[3]]></id_group>
</customer_group>
<customer_group><id_customer><![CDATA[398]]></id_customer>
<id_group><![CDATA[4]]></id_group>
</customer_group>
<customer_group><id_customer><![CDATA[399]]></id_customer>
<id_group><![CDATA[3]]></id_group>
</customer_group>
<customer_group><id_customer><![CDATA[400]]></id_customer>
<id_group><![CDATA[3]]></id_group>
</customer_group>
<customer_group><id_customer><![CDATA[401]]></id_customer>
<id_group><![CDATA[2]]></id_group>
</customer_group>
<customer_group><id_customer><![CDATA[402]]></id_customer>
<id_group><![CDATA[3]]></id_group>
</customer_group>
<customer_group><id_customer><![CDATA[403]]></id_customer>
<id_group><![CDATA[2]]></id_group>
</customer_group>
<customer_group><id_customer><![CDATA[404]]></id_customer>
<id_group><![CDATA[2]]></id_group>
</customer_group>
<customer_group><id_customer><![CDATA[405]]></id_customer>
<id_group><![CDATA[3]]></id_group>
</customer_group>
<customer_group><id_customer><![CDATA[406]]></id_customer>
<id_group><![CDATA[3]]></id_group>
</customer_group>
<customer_group><id_customer><![CDATA[407]]></id_customer>
<id_group><![CDATA[3]]></id_group>
</customer_group>
<customer_group><id_customer><![CDATA[408]]></id_customer>
<id_group><![CDATA[3]]></id_group>
</customer_group>
<customer_group><id_customer><![CDATA[409]]></id_customer>
<id_group><![CDATA[2]]></id_group>
</customer_group>
<customer_group><id_customer><![CDATA[410]]></id_customer>
<id_group><![CDATA[3]]></id_group>
</customer_group>
<customer_group><id_customer><![CDATA[411]]></id_customer>
<id_group><![CDATA[2]]></id_group>
</customer_group>
<customer_group><id_customer><![CDATA[412]]></id_customer>
<id_group><![CDATA[2]]></id_group>
</customer_group>
<customer_group><id_customer><![CDATA[413]]></id_customer>
<id_group><![CDATA[3]]></id_group>
</customer_group>
<customer_group><id_customer><![CDATA[414]]></id_customer>
<id_group><![CDATA[3]]></id_group>
</customer_group>
<customer_group><id_customer><![CDATA[415]]></id_customer>
<id_group><![CDATA[3]]></id_group>
</customer_group>
<customer_group><id_customer><![CDATA[416]]></id_customer>
<id_group><![CDATA[3]]></id_group>
</customer_group>
<customer_group><id_customer><![CDATA[417]]></id_customer>
<id_group><![CDATA[3]]></id_group>
</customer_group>
<customer_group><id_customer><![CDATA[418]]></id_customer>
<id_group><![CDATA[3]]></id_group>
</customer_group>
<customer_group><id_customer><![CDATA[419]]></id_customer>
<id_group><![CDATA[2]]></id_group>
</customer_group>
<customer_group><id_customer><![CDATA[420]]></id_customer>
<id_group><![CDATA[3]]></id_group>
</customer_group>
<customer_group><id_customer><![CDATA[421]]></id_customer>
<id_group><![CDATA[3]]></id_group>
</customer_group>
<customer_group><id_customer><![CDATA[422]]></id_customer>
<id_group><![CDATA[3]]></id_group>
</customer_group>
<customer_group><id_customer><![CDATA[423]]></id_customer>
<id_group><![CDATA[3]]></id_group>
</customer_group>
<customer_group><id_customer><![CDATA[424]]></id_customer>
<id_group><![CDATA[2]]></id_group>
</customer_group>
<customer_group><id_customer><![CDATA[425]]></id_customer>
<id_group><![CDATA[2]]></id_group>
</customer_group>
<customer_group><id_customer><![CDATA[426]]></id_customer>
<id_group><![CDATA[3]]></id_group>
</customer_group>
<customer_group><id_customer><![CDATA[427]]></id_customer>
<id_group><![CDATA[2]]></id_group>
</customer_group>
<customer_group><id_customer><![CDATA[428]]></id_customer>
<id_group><![CDATA[2]]></id_group>
</customer_group>
<customer_group><id_customer><![CDATA[429]]></id_customer>
<id_group><![CDATA[3]]></id_group>
</customer_group>
<customer_group><id_customer><![CDATA[430]]></id_customer>
<id_group><![CDATA[2]]></id_group>
</customer_group>
<customer_group><id_customer><![CDATA[431]]></id_customer>
<id_group><![CDATA[3]]></id_group>
</customer_group>
<customer_group><id_customer><![CDATA[432]]></id_customer>
<id_group><![CDATA[3]]></id_group>
</customer_group>
<customer_group><id_customer><![CDATA[433]]></id_customer>
<id_group><![CDATA[3]]></id_group>
</customer_group>
<customer_group><id_customer><![CDATA[434]]></id_customer>
<id_group><![CDATA[3]]></id_group>
</customer_group>
<customer_group><id_customer><![CDATA[435]]></id_customer>
<id_group><![CDATA[3]]></id_group>
</customer_group>
<customer_group><id_customer><![CDATA[436]]></id_customer>
<id_group><![CDATA[2]]></id_group>
</customer_group>
<customer_group><id_customer><![CDATA[437]]></id_customer>
<id_group><![CDATA[2]]></id_group>
</customer_group>
<customer_group><id_customer><![CDATA[438]]></id_customer>
<id_group><![CDATA[3]]></id_group>
</customer_group>
<customer_group><id_customer><![CDATA[439]]></id_customer>
<id_group><![CDATA[2]]></id_group>
</customer_group>
<customer_group><id_customer><![CDATA[440]]></id_customer>
<id_group><![CDATA[3]]></id_group>
</customer_group>
<customer_group><id_customer><![CDATA[441]]></id_customer>
<id_group><![CDATA[2]]></id_group>
</customer_group>
<customer_group><id_customer><![CDATA[442]]></id_customer>
<id_group><![CDATA[2]]></id_group>
</customer_group>
<customer_group><id_customer><![CDATA[443]]></id_customer>
<id_group><![CDATA[3]]></id_group>
</customer_group>
<customer_group><id_customer><![CDATA[444]]></id_customer>
<id_group><![CDATA[4]]></id_group>
</customer_group>
<customer_group><id_customer><![CDATA[445]]></id_customer>
<id_group><![CDATA[2]]></id_group>
</customer_group>
<customer_group><id_customer><![CDATA[446]]></id_customer>
<id_group><![CDATA[3]]></id_group>
</customer_group>
<customer_group><id_customer><![CDATA[447]]></id_customer>
<id_group><![CDATA[3]]></id_group>
</customer_group>
<customer_group><id_customer><![CDATA[448]]></id_customer>
<id_group><![CDATA[3]]></id_group>
</customer_group>
<customer_group><id_customer><![CDATA[449]]></id_customer>
<id_group><![CDATA[3]]></id_group>
</customer_group>
<customer_group><id_customer><![CDATA[450]]></id_customer>
<id_group><![CDATA[2]]></id_group>
</customer_group>
<customer_group><id_customer><![CDATA[451]]></id_customer>
<id_group><![CDATA[3]]></id_group>
</customer_group>
<customer_group><id_customer><![CDATA[452]]></id_customer>
<id_group><![CDATA[3]]></id_group>
</customer_group>
<customer_group><id_customer><![CDATA[453]]></id_customer>
<id_group><![CDATA[3]]></id_group>
</customer_group>
<customer_group><id_customer><![CDATA[454]]></id_customer>
<id_group><![CDATA[3]]></id_group>
</customer_group>
<customer_group><id_customer><![CDATA[455]]></id_customer>
<id_group><![CDATA[3]]></id_group>
</customer_group>
<customer_group><id_customer><![CDATA[456]]></id_customer>
<id_group><![CDATA[2]]></id_group>
</customer_group>
<customer_group><id_customer><![CDATA[457]]></id_customer>
<id_group><![CDATA[3]]></id_group>
</customer_group>
<customer_group><id_customer><![CDATA[458]]></id_customer>
<id_group><![CDATA[2]]></id_group>
</customer_group>
<customer_group><id_customer><![CDATA[459]]></id_customer>
<id_group><![CDATA[3]]></id_group>
</customer_group>
<customer_group><id_customer><![CDATA[460]]></id_customer>
<id_group><![CDATA[3]]></id_group>
</customer_group>
<customer_group><id_customer><![CDATA[461]]></id_customer>
<id_group><![CDATA[2]]></id_group>
</customer_group>
<customer_group><id_customer><![CDATA[462]]></id_customer>
<id_group><![CDATA[3]]></id_group>
</customer_group>
<customer_group><id_customer><![CDATA[463]]></id_customer>
<id_group><![CDATA[3]]></id_group>
</customer_group>
<customer_group><id_customer><![CDATA[464]]></id_customer>
<id_group><![CDATA[2]]></id_group>
</customer_group>
<customer_group><id_customer><![CDATA[465]]></id_customer>
<id_group><![CDATA[2]]></id_group>
</customer_group>
<customer_group><id_customer><![CDATA[466]]></id_customer>
<id_group><![CDATA[3]]></id_group>
</customer_group>
<customer_group><id_customer><![CDATA[467]]></id_customer>
<id_group><![CDATA[3]]></id_group>
</customer_group>
<customer_group><id_customer><![CDATA[468]]></id_customer>
<id_group><![CDATA[3]]></id_group>
</customer_group>
<customer_group><id_customer><![CDATA[469]]></id_customer>
<id_group><![CDATA[2]]></id_group>
</customer_group>
<customer_group><id_customer><![CDATA[470]]></id_customer>
<id_group><![CDATA[3]]></id_group>
</customer_group>
<customer_group><id_customer><![CDATA[471]]></id_customer>
<id_group><![CDATA[3]]></id_group>
</customer_group>
<customer_group><id_customer><![CDATA[472]]></id_customer>
<id_group><![CDATA[3]]></id_group>
</customer_group>
<customer_group><id_customer><![CDATA[473]]></id_customer>
<id_group><![CDATA[3]]></id_group>
</customer_group>
<customer_group><id_customer><![CDATA[474]]></id_customer>
<id_group><![CDATA[2]]></id_group>
</customer_group>
<customer_group><id_customer><![CDATA[475]]></id_customer>
<id_group><![CDATA[2]]></id_group>
</customer_group>
<customer_group><id_customer><![CDATA[476]]></id_customer>
<id_group><![CDATA[3]]></id_group>
</customer_group>
<customer_group><id_customer><![CDATA[477]]></id_customer>
<id_group><![CDATA[3]]></id_group>
</customer_group>
<customer_group><id_customer><![CDATA[478]]></id_customer>
<id_group><![CDATA[2]]></id_group>
</customer_group>
<customer_group><id_customer><![CDATA[479]]></id_customer>
<id_group><![CDATA[3]]></id_group>
</customer_group>
<customer_group><id_customer><![CDATA[480]]></id_customer>
<id_group><![CDATA[3]]></id_group>
</customer_group>
<customer_group><id_customer><![CDATA[481]]></id_customer>
<id_group><![CDATA[3]]></id_group>
</customer_group>
<customer_group><id_customer><![CDATA[482]]></id_customer>
<id_group><![CDATA[3]]></id_group>
</customer_group>
<customer_group><id_customer><![CDATA[483]]></id_customer>
<id_group><![CDATA[2]]></id_group>
</customer_group>
<customer_group><id_customer><![CDATA[484]]></id_customer>
<id_group><![CDATA[3]]></id_group>
</customer_group>
<customer_group><id_customer><![CDATA[485]]></id_customer>
<id_group><![CDATA[3]]></id_group>
</customer_group>
<customer_group><id_customer><![CDATA[486]]></id_customer>
<id_group><![CDATA[3]]></id_group>
</customer_group>
<customer_group><id_customer><![CDATA[487]]></id_customer>
<id_group><![CDATA[3]]></id_group>
</customer_group>
<customer_group><id_customer><![CDATA[488]]></id_customer>
<id_group><![CDATA[2]]></id_group>
</customer_group>
<customer_group><id_customer><![CDATA[489]]></id_customer>
<id_group><![CDATA[2]]></id_group>
</customer_group>
<customer_group><id_customer><![CDATA[490]]></id_customer>
<id_group><![CDATA[2]]></id_group>
</customer_group>
<customer_group><id_customer><![CDATA[491]]></id_customer>
<id_group><![CDATA[3]]></id_group>
</customer_group>
<customer_group><id_customer><![CDATA[492]]></id_customer>
<id_group><![CDATA[3]]></id_group>
</customer_group>
<customer_group><id_customer><![CDATA[493]]></id_customer>
<id_group><![CDATA[3]]></id_group>
</customer_group>
<customer_group><id_customer><![CDATA[494]]></id_customer>
<id_group><![CDATA[2]]></id_group>
</customer_group>
<customer_group><id_customer><![CDATA[495]]></id_customer>
<id_group><![CDATA[2]]></id_group>
</customer_group>
<customer_group><id_customer><![CDATA[496]]></id_customer>
<id_group><![CDATA[3]]></id_group>
</customer_group>
<customer_group><id_customer><![CDATA[497]]></id_customer>
<id_group><![CDATA[3]]></id_group>
</customer_group>
</entity_profile>
