<?xml version="1.0" encoding="UTF-8"?>
<entity_profile>
<domain>koalabay.com</domain>
<pres_version>1.6.0.14</pres_version>
<cookie_key>hhhdakOYt4J2VM2IJuHWO0zpsUmOQBLDzXoOxLhtBygBkU2woVCsYeNJ</cookie_key>
<link_site>https://koalabay.com/</link_site>
<countlang>5</countlang>
<countcurrency>1</countcurrency>
<countzone>21</countzone>
<countcountry>244</countcountry>
<countstate>787</countstate>
<countcustomer>4825</countcustomer>
<countgroup>4</countgroup>
<countaddress>5074</countaddress>
<count_category_group_customer>1398</count_category_group_customer><counttotalcustomer>11301</counttotalcustomer>
<countorder>6</countorder>
<countorderstate>27</countorderstate>
<countcart>54</countcart>
<countorderdetail>16</countorderdetail>
<countorderinvoice>6</countorderinvoice>
<countorderdetailtax>5728</countorderdetailtax>
<countorderinvoicepayment>3216</countorderinvoicepayment>
<countorderinvoicetax>3188</countorderinvoicetax>
<countorderslip>4</countorderslip>
<countordercarrier>3308</countordercarrier>
<countordercartrule>376</countordercartrule>
<countorderhistory>14339</countorderhistory>
<countordermessage>4</countordermessage>
<countorderpayment>3217</countorderpayment>
<countorderreturn>55</countorderreturn>
<countmessage>2232</countmessage>
<totalitem>36003</totalitem>
<exporteddata>customers,orders</exporteddata>
</entity_profile>
