<?xml version="1.0" encoding="UTF-8"?>
<entity_profile>
<group><id_group><![CDATA[1]]></id_group>
<reduction><![CDATA[0.00]]></reduction>
<price_display_method><![CDATA[0]]></price_display_method>
<show_prices><![CDATA[1]]></show_prices>
<date_add><![CDATA[2015-04-22 13:49:53]]></date_add>
<date_upd><![CDATA[2015-04-22 13:49:53]]></date_upd>
<visitor_group><![CDATA[1]]></visitor_group>
<datalanguage iso_code="de" >
<name><![CDATA[Visitante]]></name>
</datalanguage>
<datalanguage iso_code="en" >
<name><![CDATA[Visitante]]></name>
</datalanguage>
<datalanguage iso_code="es" default="1" >
<name><![CDATA[Visitante]]></name>
</datalanguage>
<datalanguage iso_code="fr" >
<name><![CDATA[Visitor]]></name>
</datalanguage>
<datalanguage iso_code="nl" >
<name><![CDATA[Visitante]]></name>
</datalanguage>
<datashop id_shop="1"></datashop>
</group>
<group><id_group><![CDATA[2]]></id_group>
<reduction><![CDATA[0.00]]></reduction>
<price_display_method><![CDATA[0]]></price_display_method>
<show_prices><![CDATA[1]]></show_prices>
<date_add><![CDATA[2015-04-22 13:49:53]]></date_add>
<date_upd><![CDATA[2015-04-22 13:49:53]]></date_upd>
<guest_group><![CDATA[1]]></guest_group>
<datalanguage iso_code="de" >
<name><![CDATA[Invitado]]></name>
</datalanguage>
<datalanguage iso_code="en" >
<name><![CDATA[Invitado]]></name>
</datalanguage>
<datalanguage iso_code="es" default="1" >
<name><![CDATA[Invitado]]></name>
</datalanguage>
<datalanguage iso_code="fr" >
<name><![CDATA[Guest]]></name>
</datalanguage>
<datalanguage iso_code="nl" >
<name><![CDATA[Invitado]]></name>
</datalanguage>
<datashop id_shop="1"></datashop>
</group>
<group><id_group><![CDATA[3]]></id_group>
<reduction><![CDATA[0.00]]></reduction>
<price_display_method><![CDATA[0]]></price_display_method>
<show_prices><![CDATA[1]]></show_prices>
<date_add><![CDATA[2015-04-22 13:49:53]]></date_add>
<date_upd><![CDATA[2015-04-22 13:49:53]]></date_upd>
<customer_group><![CDATA[1]]></customer_group>
<datalanguage iso_code="de" >
<name><![CDATA[Cliente]]></name>
</datalanguage>
<datalanguage iso_code="en" >
<name><![CDATA[Cliente]]></name>
</datalanguage>
<datalanguage iso_code="es" default="1" >
<name><![CDATA[Cliente]]></name>
</datalanguage>
<datalanguage iso_code="fr" >
<name><![CDATA[Customer]]></name>
</datalanguage>
<datalanguage iso_code="nl" >
<name><![CDATA[Cliente]]></name>
</datalanguage>
<datashop id_shop="1"></datashop>
</group>
<group><id_group><![CDATA[4]]></id_group>
<reduction><![CDATA[0.00]]></reduction>
<price_display_method><![CDATA[0]]></price_display_method>
<show_prices><![CDATA[1]]></show_prices>
<date_add><![CDATA[2015-07-19 21:24:04]]></date_add>
<date_upd><![CDATA[2019-09-24 12:12:55]]></date_upd>
<datalanguage iso_code="de" >
<name><![CDATA[Empleados KoalaBay]]></name>
</datalanguage>
<datalanguage iso_code="en" >
<name><![CDATA[Empleados KoalaBay]]></name>
</datalanguage>
<datalanguage iso_code="es" default="1" >
<name><![CDATA[Empleados KoalaBay]]></name>
</datalanguage>
<datalanguage iso_code="fr" >
<name><![CDATA[Empleados KoalaBay]]></name>
</datalanguage>
<datalanguage iso_code="nl" >
<name><![CDATA[Empleados KoalaBay]]></name>
</datalanguage>
<datashop id_shop="1"></datashop>
</group>
</entity_profile>
