<?xml version="1.0" encoding="UTF-8"?>
<entity_profile>
<orders><id_order><![CDATA[3301]]></id_order>
<id_address_delivery><![CDATA[10629]]></id_address_delivery>
<id_address_invoice><![CDATA[10629]]></id_address_invoice>
<id_cart><![CDATA[21712]]></id_cart>
<id_currency><![CDATA[1]]></id_currency>
<id_shop_group><![CDATA[1]]></id_shop_group>
<id_shop><![CDATA[1]]></id_shop>
<id_lang><![CDATA[1]]></id_lang>
<id_customer><![CDATA[4833]]></id_customer>
<id_carrier><![CDATA[156]]></id_carrier>
<current_state><![CDATA[5]]></current_state>
<secure_key><![CDATA[cda9f16604b4a15e469cc0421d931860]]></secure_key>
<payment><![CDATA[PayPal]]></payment>
<module><![CDATA[paypal]]></module>
<recyclable><![CDATA[0]]></recyclable>
<gift><![CDATA[0]]></gift>
<gift_message><![CDATA[]]></gift_message>
<mobile_theme><![CDATA[0]]></mobile_theme>
<total_discounts><![CDATA[0.000000]]></total_discounts>
<total_discounts_tax_incl><![CDATA[0.000000]]></total_discounts_tax_incl>
<total_discounts_tax_excl><![CDATA[0.000000]]></total_discounts_tax_excl>
<total_paid><![CDATA[19.450000]]></total_paid>
<total_paid_tax_incl><![CDATA[19.450000]]></total_paid_tax_incl>
<total_paid_tax_excl><![CDATA[16.080000]]></total_paid_tax_excl>
<total_paid_real><![CDATA[19.450000]]></total_paid_real>
<total_products><![CDATA[12.360000]]></total_products>
<total_products_wt><![CDATA[14.950000]]></total_products_wt>
<total_shipping><![CDATA[4.500000]]></total_shipping>
<total_shipping_tax_incl><![CDATA[4.500000]]></total_shipping_tax_incl>
<total_shipping_tax_excl><![CDATA[3.720000]]></total_shipping_tax_excl>
<carrier_tax_rate><![CDATA[21.000]]></carrier_tax_rate>
<total_wrapping><![CDATA[0.000000]]></total_wrapping>
<total_wrapping_tax_incl><![CDATA[0.000000]]></total_wrapping_tax_incl>
<total_wrapping_tax_excl><![CDATA[0.000000]]></total_wrapping_tax_excl>
<round_mode><![CDATA[2]]></round_mode>
<shipping_number><![CDATA[39635157760]]></shipping_number>
<conversion_rate><![CDATA[1.000000]]></conversion_rate>
<invoice_number><![CDATA[3301]]></invoice_number>
<delivery_number><![CDATA[3301]]></delivery_number>
<invoice_date><![CDATA[2019-11-10 12:08:19]]></invoice_date>
<delivery_date><![CDATA[2019-11-12 15:55:12]]></delivery_date>
<valid><![CDATA[1]]></valid>
<reference><![CDATA[003301]]></reference>
<date_add><![CDATA[2019-11-10 12:08:18]]></date_add>
<date_upd><![CDATA[2019-11-12 15:55:19]]></date_upd>
</orders>
<orders><id_order><![CDATA[3302]]></id_order>
<id_address_delivery><![CDATA[10630]]></id_address_delivery>
<id_address_invoice><![CDATA[10630]]></id_address_invoice>
<id_cart><![CDATA[21713]]></id_cart>
<id_currency><![CDATA[1]]></id_currency>
<id_shop_group><![CDATA[1]]></id_shop_group>
<id_shop><![CDATA[1]]></id_shop>
<id_lang><![CDATA[1]]></id_lang>
<id_customer><![CDATA[4834]]></id_customer>
<id_carrier><![CDATA[156]]></id_carrier>
<current_state><![CDATA[5]]></current_state>
<secure_key><![CDATA[82f597d33e35a1cbb39592dfd0b06b6b]]></secure_key>
<payment><![CDATA[TPV Virtual de Banco Sabadell]]></payment>
<module><![CDATA[banc_sabadell]]></module>
<recyclable><![CDATA[0]]></recyclable>
<gift><![CDATA[0]]></gift>
<gift_message><![CDATA[]]></gift_message>
<mobile_theme><![CDATA[0]]></mobile_theme>
<total_discounts><![CDATA[0.000000]]></total_discounts>
<total_discounts_tax_incl><![CDATA[0.000000]]></total_discounts_tax_incl>
<total_discounts_tax_excl><![CDATA[0.000000]]></total_discounts_tax_excl>
<total_paid><![CDATA[35.400000]]></total_paid>
<total_paid_tax_incl><![CDATA[35.400000]]></total_paid_tax_incl>
<total_paid_tax_excl><![CDATA[29.250000]]></total_paid_tax_excl>
<total_paid_real><![CDATA[35.400000]]></total_paid_real>
<total_products><![CDATA[25.530000]]></total_products>
<total_products_wt><![CDATA[30.900000]]></total_products_wt>
<total_shipping><![CDATA[4.500000]]></total_shipping>
<total_shipping_tax_incl><![CDATA[4.500000]]></total_shipping_tax_incl>
<total_shipping_tax_excl><![CDATA[3.720000]]></total_shipping_tax_excl>
<carrier_tax_rate><![CDATA[21.000]]></carrier_tax_rate>
<total_wrapping><![CDATA[0.000000]]></total_wrapping>
<total_wrapping_tax_incl><![CDATA[0.000000]]></total_wrapping_tax_incl>
<total_wrapping_tax_excl><![CDATA[0.000000]]></total_wrapping_tax_excl>
<round_mode><![CDATA[2]]></round_mode>
<shipping_number><![CDATA[39635157762]]></shipping_number>
<conversion_rate><![CDATA[1.000000]]></conversion_rate>
<invoice_number><![CDATA[3302]]></invoice_number>
<delivery_number><![CDATA[3302]]></delivery_number>
<invoice_date><![CDATA[2019-11-10 15:33:40]]></invoice_date>
<delivery_date><![CDATA[2019-11-19 09:39:53]]></delivery_date>
<valid><![CDATA[1]]></valid>
<reference><![CDATA[003302]]></reference>
<date_add><![CDATA[2019-11-10 15:33:39]]></date_add>
<date_upd><![CDATA[2019-11-19 09:39:53]]></date_upd>
</orders>
<orders><id_order><![CDATA[3303]]></id_order>
<id_address_delivery><![CDATA[10638]]></id_address_delivery>
<id_address_invoice><![CDATA[10638]]></id_address_invoice>
<id_cart><![CDATA[21735]]></id_cart>
<id_currency><![CDATA[1]]></id_currency>
<id_shop_group><![CDATA[1]]></id_shop_group>
<id_shop><![CDATA[1]]></id_shop>
<id_lang><![CDATA[1]]></id_lang>
<id_customer><![CDATA[4836]]></id_customer>
<id_carrier><![CDATA[155]]></id_carrier>
<current_state><![CDATA[5]]></current_state>
<secure_key><![CDATA[72335fd9db6222204235ed8db356cf70]]></secure_key>
<payment><![CDATA[TPV Virtual de Banco Sabadell]]></payment>
<module><![CDATA[banc_sabadell]]></module>
<recyclable><![CDATA[0]]></recyclable>
<gift><![CDATA[0]]></gift>
<gift_message><![CDATA[]]></gift_message>
<mobile_theme><![CDATA[0]]></mobile_theme>
<total_discounts><![CDATA[0.000000]]></total_discounts>
<total_discounts_tax_incl><![CDATA[0.000000]]></total_discounts_tax_incl>
<total_discounts_tax_excl><![CDATA[0.000000]]></total_discounts_tax_excl>
<total_paid><![CDATA[35.900000]]></total_paid>
<total_paid_tax_incl><![CDATA[35.900000]]></total_paid_tax_incl>
<total_paid_tax_excl><![CDATA[29.670000]]></total_paid_tax_excl>
<total_paid_real><![CDATA[35.900000]]></total_paid_real>
<total_products><![CDATA[24.750000]]></total_products>
<total_products_wt><![CDATA[29.950000]]></total_products_wt>
<total_shipping><![CDATA[5.950000]]></total_shipping>
<total_shipping_tax_incl><![CDATA[5.950000]]></total_shipping_tax_incl>
<total_shipping_tax_excl><![CDATA[4.920000]]></total_shipping_tax_excl>
<carrier_tax_rate><![CDATA[21.000]]></carrier_tax_rate>
<total_wrapping><![CDATA[0.000000]]></total_wrapping>
<total_wrapping_tax_incl><![CDATA[0.000000]]></total_wrapping_tax_incl>
<total_wrapping_tax_excl><![CDATA[0.000000]]></total_wrapping_tax_excl>
<round_mode><![CDATA[2]]></round_mode>
<shipping_number><![CDATA[]]></shipping_number>
<conversion_rate><![CDATA[1.000000]]></conversion_rate>
<invoice_number><![CDATA[3303]]></invoice_number>
<delivery_number><![CDATA[3303]]></delivery_number>
<invoice_date><![CDATA[2019-11-16 14:09:02]]></invoice_date>
<delivery_date><![CDATA[2019-11-22 13:44:55]]></delivery_date>
<valid><![CDATA[1]]></valid>
<reference><![CDATA[003303]]></reference>
<date_add><![CDATA[2019-11-16 14:09:01]]></date_add>
<date_upd><![CDATA[2019-11-22 13:44:55]]></date_upd>
</orders>
<orders><id_order><![CDATA[3304]]></id_order>
<id_address_delivery><![CDATA[10630]]></id_address_delivery>
<id_address_invoice><![CDATA[10630]]></id_address_invoice>
<id_cart><![CDATA[21740]]></id_cart>
<id_currency><![CDATA[1]]></id_currency>
<id_shop_group><![CDATA[1]]></id_shop_group>
<id_shop><![CDATA[1]]></id_shop>
<id_lang><![CDATA[1]]></id_lang>
<id_customer><![CDATA[4837]]></id_customer>
<id_carrier><![CDATA[156]]></id_carrier>
<current_state><![CDATA[4]]></current_state>
<secure_key><![CDATA[0a99b7d9e4e47a6f924c3d943e893a9a]]></secure_key>
<payment><![CDATA[TPV Virtual de Banco Sabadell]]></payment>
<module><![CDATA[banc_sabadell]]></module>
<recyclable><![CDATA[0]]></recyclable>
<gift><![CDATA[0]]></gift>
<gift_message><![CDATA[]]></gift_message>
<mobile_theme><![CDATA[0]]></mobile_theme>
<total_discounts><![CDATA[0.000000]]></total_discounts>
<total_discounts_tax_incl><![CDATA[0.000000]]></total_discounts_tax_incl>
<total_discounts_tax_excl><![CDATA[0.000000]]></total_discounts_tax_excl>
<total_paid><![CDATA[34.400000]]></total_paid>
<total_paid_tax_incl><![CDATA[34.400000]]></total_paid_tax_incl>
<total_paid_tax_excl><![CDATA[28.430000]]></total_paid_tax_excl>
<total_paid_real><![CDATA[34.400000]]></total_paid_real>
<total_products><![CDATA[24.710000]]></total_products>
<total_products_wt><![CDATA[29.900000]]></total_products_wt>
<total_shipping><![CDATA[4.500000]]></total_shipping>
<total_shipping_tax_incl><![CDATA[4.500000]]></total_shipping_tax_incl>
<total_shipping_tax_excl><![CDATA[3.720000]]></total_shipping_tax_excl>
<carrier_tax_rate><![CDATA[21.000]]></carrier_tax_rate>
<total_wrapping><![CDATA[0.000000]]></total_wrapping>
<total_wrapping_tax_incl><![CDATA[0.000000]]></total_wrapping_tax_incl>
<total_wrapping_tax_excl><![CDATA[0.000000]]></total_wrapping_tax_excl>
<round_mode><![CDATA[2]]></round_mode>
<shipping_number><![CDATA[39635159327]]></shipping_number>
<conversion_rate><![CDATA[1.000000]]></conversion_rate>
<invoice_number><![CDATA[3304]]></invoice_number>
<delivery_number><![CDATA[3304]]></delivery_number>
<invoice_date><![CDATA[2019-11-17 11:46:40]]></invoice_date>
<delivery_date><![CDATA[2019-11-19 12:43:29]]></delivery_date>
<valid><![CDATA[1]]></valid>
<reference><![CDATA[003304]]></reference>
<date_add><![CDATA[2019-11-17 11:46:39]]></date_add>
<date_upd><![CDATA[2019-11-19 12:43:29]]></date_upd>
</orders>
<orders><id_order><![CDATA[3305]]></id_order>
<id_address_delivery><![CDATA[10654]]></id_address_delivery>
<id_address_invoice><![CDATA[10654]]></id_address_invoice>
<id_cart><![CDATA[21760]]></id_cart>
<id_currency><![CDATA[1]]></id_currency>
<id_shop_group><![CDATA[1]]></id_shop_group>
<id_shop><![CDATA[1]]></id_shop>
<id_lang><![CDATA[1]]></id_lang>
<id_customer><![CDATA[4840]]></id_customer>
<id_carrier><![CDATA[127]]></id_carrier>
<current_state><![CDATA[18]]></current_state>
<secure_key><![CDATA[3cc3274b188f1af15e0068ec3fa8c3bb]]></secure_key>
<payment><![CDATA[TPV Virtual de Banco Sabadell]]></payment>
<module><![CDATA[banc_sabadell]]></module>
<recyclable><![CDATA[0]]></recyclable>
<gift><![CDATA[0]]></gift>
<gift_message><![CDATA[]]></gift_message>
<mobile_theme><![CDATA[0]]></mobile_theme>
<total_discounts><![CDATA[0.000000]]></total_discounts>
<total_discounts_tax_incl><![CDATA[0.000000]]></total_discounts_tax_incl>
<total_discounts_tax_excl><![CDATA[0.000000]]></total_discounts_tax_excl>
<total_paid><![CDATA[34.410000]]></total_paid>
<total_paid_tax_incl><![CDATA[34.410000]]></total_paid_tax_incl>
<total_paid_tax_excl><![CDATA[28.430000]]></total_paid_tax_excl>
<total_paid_real><![CDATA[34.410000]]></total_paid_real>
<total_products><![CDATA[21.400000]]></total_products>
<total_products_wt><![CDATA[25.900000]]></total_products_wt>
<total_shipping><![CDATA[8.510000]]></total_shipping>
<total_shipping_tax_incl><![CDATA[8.510000]]></total_shipping_tax_incl>
<total_shipping_tax_excl><![CDATA[7.030000]]></total_shipping_tax_excl>
<carrier_tax_rate><![CDATA[21.000]]></carrier_tax_rate>
<total_wrapping><![CDATA[0.000000]]></total_wrapping>
<total_wrapping_tax_incl><![CDATA[0.000000]]></total_wrapping_tax_incl>
<total_wrapping_tax_excl><![CDATA[0.000000]]></total_wrapping_tax_excl>
<round_mode><![CDATA[2]]></round_mode>
<shipping_number><![CDATA[]]></shipping_number>
<conversion_rate><![CDATA[1.000000]]></conversion_rate>
<invoice_number><![CDATA[3305]]></invoice_number>
<delivery_number><![CDATA[0]]></delivery_number>
<invoice_date><![CDATA[2019-11-24 09:56:28]]></invoice_date>
<delivery_date><![CDATA[0000-00-00 00:00:00]]></delivery_date>
<valid><![CDATA[0]]></valid>
<reference><![CDATA[003305]]></reference>
<date_add><![CDATA[2019-11-24 09:56:28]]></date_add>
<date_upd><![CDATA[2019-11-24 09:56:33]]></date_upd>
</orders>
<orders><id_order><![CDATA[3306]]></id_order>
<id_address_delivery><![CDATA[10658]]></id_address_delivery>
<id_address_invoice><![CDATA[10658]]></id_address_invoice>
<id_cart><![CDATA[21692]]></id_cart>
<id_currency><![CDATA[1]]></id_currency>
<id_shop_group><![CDATA[1]]></id_shop_group>
<id_shop><![CDATA[1]]></id_shop>
<id_lang><![CDATA[5]]></id_lang>
<id_customer><![CDATA[3583]]></id_customer>
<id_carrier><![CDATA[155]]></id_carrier>
<current_state><![CDATA[18]]></current_state>
<secure_key><![CDATA[2007be1f90ee151cde58329babb4c92b]]></secure_key>
<payment><![CDATA[TPV Virtual de Banco Sabadell]]></payment>
<module><![CDATA[banc_sabadell]]></module>
<recyclable><![CDATA[0]]></recyclable>
<gift><![CDATA[0]]></gift>
<gift_message><![CDATA[]]></gift_message>
<mobile_theme><![CDATA[0]]></mobile_theme>
<total_discounts><![CDATA[202.600000]]></total_discounts>
<total_discounts_tax_incl><![CDATA[202.600000]]></total_discounts_tax_incl>
<total_discounts_tax_excl><![CDATA[167.430000]]></total_discounts_tax_excl>
<total_paid><![CDATA[5.950000]]></total_paid>
<total_paid_tax_incl><![CDATA[5.950000]]></total_paid_tax_incl>
<total_paid_tax_excl><![CDATA[4.920000]]></total_paid_tax_excl>
<total_paid_real><![CDATA[5.950000]]></total_paid_real>
<total_products><![CDATA[167.430000]]></total_products>
<total_products_wt><![CDATA[202.600000]]></total_products_wt>
<total_shipping><![CDATA[5.950000]]></total_shipping>
<total_shipping_tax_incl><![CDATA[5.950000]]></total_shipping_tax_incl>
<total_shipping_tax_excl><![CDATA[4.920000]]></total_shipping_tax_excl>
<carrier_tax_rate><![CDATA[21.000]]></carrier_tax_rate>
<total_wrapping><![CDATA[0.000000]]></total_wrapping>
<total_wrapping_tax_incl><![CDATA[0.000000]]></total_wrapping_tax_incl>
<total_wrapping_tax_excl><![CDATA[0.000000]]></total_wrapping_tax_excl>
<round_mode><![CDATA[2]]></round_mode>
<shipping_number><![CDATA[]]></shipping_number>
<conversion_rate><![CDATA[1.000000]]></conversion_rate>
<invoice_number><![CDATA[3306]]></invoice_number>
<delivery_number><![CDATA[0]]></delivery_number>
<invoice_date><![CDATA[2019-11-24 20:18:34]]></invoice_date>
<delivery_date><![CDATA[0000-00-00 00:00:00]]></delivery_date>
<valid><![CDATA[0]]></valid>
<reference><![CDATA[003306]]></reference>
<date_add><![CDATA[2019-11-24 20:18:34]]></date_add>
<date_upd><![CDATA[2019-11-24 20:18:43]]></date_upd>
</orders>
</entity_profile>
