<?xml version="1.0" encoding="UTF-8"?>
<entity_profile>
<order_carrier><id_order_carrier><![CDATA[3303]]></id_order_carrier>
<id_order><![CDATA[3301]]></id_order>
<id_carrier><![CDATA[156]]></id_carrier>
<id_order_invoice><![CDATA[3211]]></id_order_invoice>
<weight><![CDATA[0.000000]]></weight>
<shipping_cost_tax_excl><![CDATA[3.720000]]></shipping_cost_tax_excl>
<shipping_cost_tax_incl><![CDATA[4.500000]]></shipping_cost_tax_incl>
<tracking_number><![CDATA[39635157760]]></tracking_number>
<date_add><![CDATA[2019-11-10 12:08:18]]></date_add>
</order_carrier>
<order_carrier><id_order_carrier><![CDATA[3304]]></id_order_carrier>
<id_order><![CDATA[3302]]></id_order>
<id_carrier><![CDATA[156]]></id_carrier>
<id_order_invoice><![CDATA[3212]]></id_order_invoice>
<weight><![CDATA[0.000000]]></weight>
<shipping_cost_tax_excl><![CDATA[3.720000]]></shipping_cost_tax_excl>
<shipping_cost_tax_incl><![CDATA[4.500000]]></shipping_cost_tax_incl>
<tracking_number><![CDATA[39635157762]]></tracking_number>
<date_add><![CDATA[2019-11-10 15:33:39]]></date_add>
</order_carrier>
<order_carrier><id_order_carrier><![CDATA[3305]]></id_order_carrier>
<id_order><![CDATA[3303]]></id_order>
<id_carrier><![CDATA[155]]></id_carrier>
<id_order_invoice><![CDATA[3213]]></id_order_invoice>
<weight><![CDATA[0.000000]]></weight>
<shipping_cost_tax_excl><![CDATA[4.920000]]></shipping_cost_tax_excl>
<shipping_cost_tax_incl><![CDATA[5.950000]]></shipping_cost_tax_incl>
<tracking_number><![CDATA[]]></tracking_number>
<date_add><![CDATA[2019-11-16 14:09:01]]></date_add>
</order_carrier>
<order_carrier><id_order_carrier><![CDATA[3306]]></id_order_carrier>
<id_order><![CDATA[3304]]></id_order>
<id_carrier><![CDATA[156]]></id_carrier>
<id_order_invoice><![CDATA[3214]]></id_order_invoice>
<weight><![CDATA[0.000000]]></weight>
<shipping_cost_tax_excl><![CDATA[3.720000]]></shipping_cost_tax_excl>
<shipping_cost_tax_incl><![CDATA[4.500000]]></shipping_cost_tax_incl>
<tracking_number><![CDATA[39635159327]]></tracking_number>
<date_add><![CDATA[2019-11-17 11:46:39]]></date_add>
</order_carrier>
<order_carrier><id_order_carrier><![CDATA[3307]]></id_order_carrier>
<id_order><![CDATA[3305]]></id_order>
<id_carrier><![CDATA[127]]></id_carrier>
<id_order_invoice><![CDATA[3215]]></id_order_invoice>
<weight><![CDATA[0.000000]]></weight>
<shipping_cost_tax_excl><![CDATA[7.030000]]></shipping_cost_tax_excl>
<shipping_cost_tax_incl><![CDATA[8.510000]]></shipping_cost_tax_incl>
<tracking_number><![CDATA[]]></tracking_number>
<date_add><![CDATA[2019-11-24 09:56:28]]></date_add>
</order_carrier>
<order_carrier><id_order_carrier><![CDATA[3308]]></id_order_carrier>
<id_order><![CDATA[3306]]></id_order>
<id_carrier><![CDATA[155]]></id_carrier>
<id_order_invoice><![CDATA[3216]]></id_order_invoice>
<weight><![CDATA[0.000000]]></weight>
<shipping_cost_tax_excl><![CDATA[4.920000]]></shipping_cost_tax_excl>
<shipping_cost_tax_incl><![CDATA[5.950000]]></shipping_cost_tax_incl>
<tracking_number><![CDATA[]]></tracking_number>
<date_add><![CDATA[2019-11-24 20:18:34]]></date_add>
</order_carrier>
</entity_profile>
