<?xml version="1.0" encoding="UTF-8"?>
<entity_profile>
<order_invoice_tax><id_order_invoice><![CDATA[1]]></id_order_invoice>
<type><![CDATA[shipping]]></type>
<id_tax><![CDATA[1]]></id_tax>
<amount><![CDATA[0.000000]]></amount>
</order_invoice_tax>
<order_invoice_tax><id_order_invoice><![CDATA[2]]></id_order_invoice>
<type><![CDATA[shipping]]></type>
<id_tax><![CDATA[1]]></id_tax>
<amount><![CDATA[0.000000]]></amount>
</order_invoice_tax>
<order_invoice_tax><id_order_invoice><![CDATA[3]]></id_order_invoice>
<type><![CDATA[shipping]]></type>
<id_tax><![CDATA[1]]></id_tax>
<amount><![CDATA[0.000000]]></amount>
</order_invoice_tax>
<order_invoice_tax><id_order_invoice><![CDATA[5]]></id_order_invoice>
<type><![CDATA[shipping]]></type>
<id_tax><![CDATA[1]]></id_tax>
<amount><![CDATA[0.000000]]></amount>
</order_invoice_tax>
<order_invoice_tax><id_order_invoice><![CDATA[6]]></id_order_invoice>
<type><![CDATA[shipping]]></type>
<id_tax><![CDATA[1]]></id_tax>
<amount><![CDATA[0.000000]]></amount>
</order_invoice_tax>
<order_invoice_tax><id_order_invoice><![CDATA[7]]></id_order_invoice>
<type><![CDATA[shipping]]></type>
<id_tax><![CDATA[1]]></id_tax>
<amount><![CDATA[0.000000]]></amount>
</order_invoice_tax>
<order_invoice_tax><id_order_invoice><![CDATA[8]]></id_order_invoice>
<type><![CDATA[shipping]]></type>
<id_tax><![CDATA[1]]></id_tax>
<amount><![CDATA[0.000000]]></amount>
</order_invoice_tax>
<order_invoice_tax><id_order_invoice><![CDATA[9]]></id_order_invoice>
<type><![CDATA[shipping]]></type>
<id_tax><![CDATA[1]]></id_tax>
<amount><![CDATA[0.000000]]></amount>
</order_invoice_tax>
<order_invoice_tax><id_order_invoice><![CDATA[10]]></id_order_invoice>
<type><![CDATA[shipping]]></type>
<id_tax><![CDATA[1]]></id_tax>
<amount><![CDATA[0.000000]]></amount>
</order_invoice_tax>
<order_invoice_tax><id_order_invoice><![CDATA[11]]></id_order_invoice>
<type><![CDATA[shipping]]></type>
<id_tax><![CDATA[1]]></id_tax>
<amount><![CDATA[0.000000]]></amount>
</order_invoice_tax>
<order_invoice_tax><id_order_invoice><![CDATA[12]]></id_order_invoice>
<type><![CDATA[shipping]]></type>
<id_tax><![CDATA[1]]></id_tax>
<amount><![CDATA[0.000000]]></amount>
</order_invoice_tax>
<order_invoice_tax><id_order_invoice><![CDATA[13]]></id_order_invoice>
<type><![CDATA[shipping]]></type>
<id_tax><![CDATA[1]]></id_tax>
<amount><![CDATA[0.000000]]></amount>
</order_invoice_tax>
<order_invoice_tax><id_order_invoice><![CDATA[23]]></id_order_invoice>
<type><![CDATA[shipping]]></type>
<id_tax><![CDATA[2]]></id_tax>
<amount><![CDATA[0.409000]]></amount>
</order_invoice_tax>
<order_invoice_tax><id_order_invoice><![CDATA[24]]></id_order_invoice>
<type><![CDATA[shipping]]></type>
<id_tax><![CDATA[2]]></id_tax>
<amount><![CDATA[0.409000]]></amount>
</order_invoice_tax>
<order_invoice_tax><id_order_invoice><![CDATA[25]]></id_order_invoice>
<type><![CDATA[shipping]]></type>
<id_tax><![CDATA[2]]></id_tax>
<amount><![CDATA[0.409000]]></amount>
</order_invoice_tax>
<order_invoice_tax><id_order_invoice><![CDATA[27]]></id_order_invoice>
<type><![CDATA[shipping]]></type>
<id_tax><![CDATA[2]]></id_tax>
<amount><![CDATA[0.000000]]></amount>
</order_invoice_tax>
<order_invoice_tax><id_order_invoice><![CDATA[28]]></id_order_invoice>
<type><![CDATA[shipping]]></type>
<id_tax><![CDATA[2]]></id_tax>
<amount><![CDATA[0.409000]]></amount>
</order_invoice_tax>
<order_invoice_tax><id_order_invoice><![CDATA[29]]></id_order_invoice>
<type><![CDATA[shipping]]></type>
<id_tax><![CDATA[2]]></id_tax>
<amount><![CDATA[0.000000]]></amount>
</order_invoice_tax>
<order_invoice_tax><id_order_invoice><![CDATA[30]]></id_order_invoice>
<type><![CDATA[shipping]]></type>
<id_tax><![CDATA[2]]></id_tax>
<amount><![CDATA[0.409000]]></amount>
</order_invoice_tax>
<order_invoice_tax><id_order_invoice><![CDATA[31]]></id_order_invoice>
<type><![CDATA[shipping]]></type>
<id_tax><![CDATA[2]]></id_tax>
<amount><![CDATA[0.409000]]></amount>
</order_invoice_tax>
<order_invoice_tax><id_order_invoice><![CDATA[32]]></id_order_invoice>
<type><![CDATA[shipping]]></type>
<id_tax><![CDATA[2]]></id_tax>
<amount><![CDATA[0.000000]]></amount>
</order_invoice_tax>
<order_invoice_tax><id_order_invoice><![CDATA[33]]></id_order_invoice>
<type><![CDATA[shipping]]></type>
<id_tax><![CDATA[2]]></id_tax>
<amount><![CDATA[0.409000]]></amount>
</order_invoice_tax>
<order_invoice_tax><id_order_invoice><![CDATA[34]]></id_order_invoice>
<type><![CDATA[shipping]]></type>
<id_tax><![CDATA[2]]></id_tax>
<amount><![CDATA[0.409000]]></amount>
</order_invoice_tax>
<order_invoice_tax><id_order_invoice><![CDATA[35]]></id_order_invoice>
<type><![CDATA[shipping]]></type>
<id_tax><![CDATA[2]]></id_tax>
<amount><![CDATA[0.409000]]></amount>
</order_invoice_tax>
<order_invoice_tax><id_order_invoice><![CDATA[36]]></id_order_invoice>
<type><![CDATA[shipping]]></type>
<id_tax><![CDATA[2]]></id_tax>
<amount><![CDATA[0.409000]]></amount>
</order_invoice_tax>
<order_invoice_tax><id_order_invoice><![CDATA[37]]></id_order_invoice>
<type><![CDATA[shipping]]></type>
<id_tax><![CDATA[2]]></id_tax>
<amount><![CDATA[0.000000]]></amount>
</order_invoice_tax>
<order_invoice_tax><id_order_invoice><![CDATA[39]]></id_order_invoice>
<type><![CDATA[shipping]]></type>
<id_tax><![CDATA[2]]></id_tax>
<amount><![CDATA[0.409000]]></amount>
</order_invoice_tax>
<order_invoice_tax><id_order_invoice><![CDATA[40]]></id_order_invoice>
<type><![CDATA[shipping]]></type>
<id_tax><![CDATA[2]]></id_tax>
<amount><![CDATA[0.409000]]></amount>
</order_invoice_tax>
<order_invoice_tax><id_order_invoice><![CDATA[41]]></id_order_invoice>
<type><![CDATA[shipping]]></type>
<id_tax><![CDATA[2]]></id_tax>
<amount><![CDATA[0.409000]]></amount>
</order_invoice_tax>
<order_invoice_tax><id_order_invoice><![CDATA[42]]></id_order_invoice>
<type><![CDATA[shipping]]></type>
<id_tax><![CDATA[2]]></id_tax>
<amount><![CDATA[0.000000]]></amount>
</order_invoice_tax>
<order_invoice_tax><id_order_invoice><![CDATA[43]]></id_order_invoice>
<type><![CDATA[shipping]]></type>
<id_tax><![CDATA[2]]></id_tax>
<amount><![CDATA[0.409000]]></amount>
</order_invoice_tax>
<order_invoice_tax><id_order_invoice><![CDATA[44]]></id_order_invoice>
<type><![CDATA[shipping]]></type>
<id_tax><![CDATA[2]]></id_tax>
<amount><![CDATA[0.409000]]></amount>
</order_invoice_tax>
<order_invoice_tax><id_order_invoice><![CDATA[45]]></id_order_invoice>
<type><![CDATA[shipping]]></type>
<id_tax><![CDATA[2]]></id_tax>
<amount><![CDATA[0.409000]]></amount>
</order_invoice_tax>
<order_invoice_tax><id_order_invoice><![CDATA[46]]></id_order_invoice>
<type><![CDATA[shipping]]></type>
<id_tax><![CDATA[2]]></id_tax>
<amount><![CDATA[0.409000]]></amount>
</order_invoice_tax>
<order_invoice_tax><id_order_invoice><![CDATA[47]]></id_order_invoice>
<type><![CDATA[shipping]]></type>
<id_tax><![CDATA[2]]></id_tax>
<amount><![CDATA[0.000000]]></amount>
</order_invoice_tax>
<order_invoice_tax><id_order_invoice><![CDATA[48]]></id_order_invoice>
<type><![CDATA[shipping]]></type>
<id_tax><![CDATA[2]]></id_tax>
<amount><![CDATA[0.000000]]></amount>
</order_invoice_tax>
<order_invoice_tax><id_order_invoice><![CDATA[49]]></id_order_invoice>
<type><![CDATA[shipping]]></type>
<id_tax><![CDATA[2]]></id_tax>
<amount><![CDATA[0.000000]]></amount>
</order_invoice_tax>
<order_invoice_tax><id_order_invoice><![CDATA[51]]></id_order_invoice>
<type><![CDATA[shipping]]></type>
<id_tax><![CDATA[2]]></id_tax>
<amount><![CDATA[0.409000]]></amount>
</order_invoice_tax>
<order_invoice_tax><id_order_invoice><![CDATA[52]]></id_order_invoice>
<type><![CDATA[shipping]]></type>
<id_tax><![CDATA[2]]></id_tax>
<amount><![CDATA[0.409000]]></amount>
</order_invoice_tax>
<order_invoice_tax><id_order_invoice><![CDATA[57]]></id_order_invoice>
<type><![CDATA[shipping]]></type>
<id_tax><![CDATA[2]]></id_tax>
<amount><![CDATA[0.000000]]></amount>
</order_invoice_tax>
<order_invoice_tax><id_order_invoice><![CDATA[59]]></id_order_invoice>
<type><![CDATA[shipping]]></type>
<id_tax><![CDATA[2]]></id_tax>
<amount><![CDATA[0.409000]]></amount>
</order_invoice_tax>
<order_invoice_tax><id_order_invoice><![CDATA[60]]></id_order_invoice>
<type><![CDATA[shipping]]></type>
<id_tax><![CDATA[2]]></id_tax>
<amount><![CDATA[0.409000]]></amount>
</order_invoice_tax>
<order_invoice_tax><id_order_invoice><![CDATA[62]]></id_order_invoice>
<type><![CDATA[shipping]]></type>
<id_tax><![CDATA[2]]></id_tax>
<amount><![CDATA[0.409000]]></amount>
</order_invoice_tax>
<order_invoice_tax><id_order_invoice><![CDATA[63]]></id_order_invoice>
<type><![CDATA[shipping]]></type>
<id_tax><![CDATA[2]]></id_tax>
<amount><![CDATA[0.409000]]></amount>
</order_invoice_tax>
<order_invoice_tax><id_order_invoice><![CDATA[64]]></id_order_invoice>
<type><![CDATA[shipping]]></type>
<id_tax><![CDATA[2]]></id_tax>
<amount><![CDATA[0.409000]]></amount>
</order_invoice_tax>
<order_invoice_tax><id_order_invoice><![CDATA[65]]></id_order_invoice>
<type><![CDATA[shipping]]></type>
<id_tax><![CDATA[2]]></id_tax>
<amount><![CDATA[0.409000]]></amount>
</order_invoice_tax>
<order_invoice_tax><id_order_invoice><![CDATA[66]]></id_order_invoice>
<type><![CDATA[shipping]]></type>
<id_tax><![CDATA[2]]></id_tax>
<amount><![CDATA[0.409000]]></amount>
</order_invoice_tax>
<order_invoice_tax><id_order_invoice><![CDATA[67]]></id_order_invoice>
<type><![CDATA[shipping]]></type>
<id_tax><![CDATA[2]]></id_tax>
<amount><![CDATA[0.409000]]></amount>
</order_invoice_tax>
<order_invoice_tax><id_order_invoice><![CDATA[68]]></id_order_invoice>
<type><![CDATA[shipping]]></type>
<id_tax><![CDATA[2]]></id_tax>
<amount><![CDATA[0.409000]]></amount>
</order_invoice_tax>
<order_invoice_tax><id_order_invoice><![CDATA[69]]></id_order_invoice>
<type><![CDATA[shipping]]></type>
<id_tax><![CDATA[2]]></id_tax>
<amount><![CDATA[0.409000]]></amount>
</order_invoice_tax>
<order_invoice_tax><id_order_invoice><![CDATA[70]]></id_order_invoice>
<type><![CDATA[shipping]]></type>
<id_tax><![CDATA[2]]></id_tax>
<amount><![CDATA[0.409000]]></amount>
</order_invoice_tax>
<order_invoice_tax><id_order_invoice><![CDATA[71]]></id_order_invoice>
<type><![CDATA[shipping]]></type>
<id_tax><![CDATA[2]]></id_tax>
<amount><![CDATA[0.000000]]></amount>
</order_invoice_tax>
<order_invoice_tax><id_order_invoice><![CDATA[72]]></id_order_invoice>
<type><![CDATA[shipping]]></type>
<id_tax><![CDATA[2]]></id_tax>
<amount><![CDATA[0.409000]]></amount>
</order_invoice_tax>
<order_invoice_tax><id_order_invoice><![CDATA[73]]></id_order_invoice>
<type><![CDATA[shipping]]></type>
<id_tax><![CDATA[2]]></id_tax>
<amount><![CDATA[0.000000]]></amount>
</order_invoice_tax>
<order_invoice_tax><id_order_invoice><![CDATA[74]]></id_order_invoice>
<type><![CDATA[shipping]]></type>
<id_tax><![CDATA[2]]></id_tax>
<amount><![CDATA[0.409000]]></amount>
</order_invoice_tax>
<order_invoice_tax><id_order_invoice><![CDATA[75]]></id_order_invoice>
<type><![CDATA[shipping]]></type>
<id_tax><![CDATA[2]]></id_tax>
<amount><![CDATA[0.409000]]></amount>
</order_invoice_tax>
<order_invoice_tax><id_order_invoice><![CDATA[76]]></id_order_invoice>
<type><![CDATA[shipping]]></type>
<id_tax><![CDATA[2]]></id_tax>
<amount><![CDATA[0.409000]]></amount>
</order_invoice_tax>
<order_invoice_tax><id_order_invoice><![CDATA[78]]></id_order_invoice>
<type><![CDATA[shipping]]></type>
<id_tax><![CDATA[2]]></id_tax>
<amount><![CDATA[0.409000]]></amount>
</order_invoice_tax>
<order_invoice_tax><id_order_invoice><![CDATA[79]]></id_order_invoice>
<type><![CDATA[shipping]]></type>
<id_tax><![CDATA[2]]></id_tax>
<amount><![CDATA[0.409000]]></amount>
</order_invoice_tax>
<order_invoice_tax><id_order_invoice><![CDATA[80]]></id_order_invoice>
<type><![CDATA[shipping]]></type>
<id_tax><![CDATA[2]]></id_tax>
<amount><![CDATA[0.682000]]></amount>
</order_invoice_tax>
<order_invoice_tax><id_order_invoice><![CDATA[81]]></id_order_invoice>
<type><![CDATA[shipping]]></type>
<id_tax><![CDATA[2]]></id_tax>
<amount><![CDATA[0.682000]]></amount>
</order_invoice_tax>
<order_invoice_tax><id_order_invoice><![CDATA[82]]></id_order_invoice>
<type><![CDATA[shipping]]></type>
<id_tax><![CDATA[2]]></id_tax>
<amount><![CDATA[0.409000]]></amount>
</order_invoice_tax>
<order_invoice_tax><id_order_invoice><![CDATA[83]]></id_order_invoice>
<type><![CDATA[shipping]]></type>
<id_tax><![CDATA[2]]></id_tax>
<amount><![CDATA[0.409000]]></amount>
</order_invoice_tax>
<order_invoice_tax><id_order_invoice><![CDATA[84]]></id_order_invoice>
<type><![CDATA[shipping]]></type>
<id_tax><![CDATA[2]]></id_tax>
<amount><![CDATA[0.682000]]></amount>
</order_invoice_tax>
<order_invoice_tax><id_order_invoice><![CDATA[85]]></id_order_invoice>
<type><![CDATA[shipping]]></type>
<id_tax><![CDATA[2]]></id_tax>
<amount><![CDATA[0.409000]]></amount>
</order_invoice_tax>
<order_invoice_tax><id_order_invoice><![CDATA[86]]></id_order_invoice>
<type><![CDATA[shipping]]></type>
<id_tax><![CDATA[2]]></id_tax>
<amount><![CDATA[0.682000]]></amount>
</order_invoice_tax>
<order_invoice_tax><id_order_invoice><![CDATA[87]]></id_order_invoice>
<type><![CDATA[shipping]]></type>
<id_tax><![CDATA[2]]></id_tax>
<amount><![CDATA[0.409000]]></amount>
</order_invoice_tax>
<order_invoice_tax><id_order_invoice><![CDATA[88]]></id_order_invoice>
<type><![CDATA[shipping]]></type>
<id_tax><![CDATA[2]]></id_tax>
<amount><![CDATA[0.000000]]></amount>
</order_invoice_tax>
<order_invoice_tax><id_order_invoice><![CDATA[89]]></id_order_invoice>
<type><![CDATA[shipping]]></type>
<id_tax><![CDATA[2]]></id_tax>
<amount><![CDATA[0.000000]]></amount>
</order_invoice_tax>
<order_invoice_tax><id_order_invoice><![CDATA[90]]></id_order_invoice>
<type><![CDATA[shipping]]></type>
<id_tax><![CDATA[2]]></id_tax>
<amount><![CDATA[0.682000]]></amount>
</order_invoice_tax>
<order_invoice_tax><id_order_invoice><![CDATA[91]]></id_order_invoice>
<type><![CDATA[shipping]]></type>
<id_tax><![CDATA[2]]></id_tax>
<amount><![CDATA[0.409000]]></amount>
</order_invoice_tax>
<order_invoice_tax><id_order_invoice><![CDATA[92]]></id_order_invoice>
<type><![CDATA[shipping]]></type>
<id_tax><![CDATA[2]]></id_tax>
<amount><![CDATA[0.409000]]></amount>
</order_invoice_tax>
<order_invoice_tax><id_order_invoice><![CDATA[93]]></id_order_invoice>
<type><![CDATA[shipping]]></type>
<id_tax><![CDATA[2]]></id_tax>
<amount><![CDATA[0.682000]]></amount>
</order_invoice_tax>
<order_invoice_tax><id_order_invoice><![CDATA[94]]></id_order_invoice>
<type><![CDATA[shipping]]></type>
<id_tax><![CDATA[2]]></id_tax>
<amount><![CDATA[0.409000]]></amount>
</order_invoice_tax>
<order_invoice_tax><id_order_invoice><![CDATA[95]]></id_order_invoice>
<type><![CDATA[shipping]]></type>
<id_tax><![CDATA[2]]></id_tax>
<amount><![CDATA[0.773000]]></amount>
</order_invoice_tax>
<order_invoice_tax><id_order_invoice><![CDATA[96]]></id_order_invoice>
<type><![CDATA[shipping]]></type>
<id_tax><![CDATA[2]]></id_tax>
<amount><![CDATA[0.791000]]></amount>
</order_invoice_tax>
<order_invoice_tax><id_order_invoice><![CDATA[99]]></id_order_invoice>
<type><![CDATA[shipping]]></type>
<id_tax><![CDATA[2]]></id_tax>
<amount><![CDATA[0.682000]]></amount>
</order_invoice_tax>
<order_invoice_tax><id_order_invoice><![CDATA[100]]></id_order_invoice>
<type><![CDATA[shipping]]></type>
<id_tax><![CDATA[2]]></id_tax>
<amount><![CDATA[0.791000]]></amount>
</order_invoice_tax>
<order_invoice_tax><id_order_invoice><![CDATA[101]]></id_order_invoice>
<type><![CDATA[shipping]]></type>
<id_tax><![CDATA[2]]></id_tax>
<amount><![CDATA[0.000000]]></amount>
</order_invoice_tax>
<order_invoice_tax><id_order_invoice><![CDATA[103]]></id_order_invoice>
<type><![CDATA[shipping]]></type>
<id_tax><![CDATA[2]]></id_tax>
<amount><![CDATA[0.409000]]></amount>
</order_invoice_tax>
<order_invoice_tax><id_order_invoice><![CDATA[104]]></id_order_invoice>
<type><![CDATA[shipping]]></type>
<id_tax><![CDATA[2]]></id_tax>
<amount><![CDATA[0.000000]]></amount>
</order_invoice_tax>
<order_invoice_tax><id_order_invoice><![CDATA[105]]></id_order_invoice>
<type><![CDATA[shipping]]></type>
<id_tax><![CDATA[2]]></id_tax>
<amount><![CDATA[0.000000]]></amount>
</order_invoice_tax>
<order_invoice_tax><id_order_invoice><![CDATA[107]]></id_order_invoice>
<type><![CDATA[shipping]]></type>
<id_tax><![CDATA[2]]></id_tax>
<amount><![CDATA[0.409000]]></amount>
</order_invoice_tax>
<order_invoice_tax><id_order_invoice><![CDATA[108]]></id_order_invoice>
<type><![CDATA[shipping]]></type>
<id_tax><![CDATA[2]]></id_tax>
<amount><![CDATA[0.409000]]></amount>
</order_invoice_tax>
<order_invoice_tax><id_order_invoice><![CDATA[109]]></id_order_invoice>
<type><![CDATA[shipping]]></type>
<id_tax><![CDATA[2]]></id_tax>
<amount><![CDATA[0.682000]]></amount>
</order_invoice_tax>
<order_invoice_tax><id_order_invoice><![CDATA[111]]></id_order_invoice>
<type><![CDATA[shipping]]></type>
<id_tax><![CDATA[2]]></id_tax>
<amount><![CDATA[0.682000]]></amount>
</order_invoice_tax>
<order_invoice_tax><id_order_invoice><![CDATA[112]]></id_order_invoice>
<type><![CDATA[shipping]]></type>
<id_tax><![CDATA[2]]></id_tax>
<amount><![CDATA[0.682000]]></amount>
</order_invoice_tax>
<order_invoice_tax><id_order_invoice><![CDATA[113]]></id_order_invoice>
<type><![CDATA[shipping]]></type>
<id_tax><![CDATA[2]]></id_tax>
<amount><![CDATA[0.000000]]></amount>
</order_invoice_tax>
<order_invoice_tax><id_order_invoice><![CDATA[114]]></id_order_invoice>
<type><![CDATA[shipping]]></type>
<id_tax><![CDATA[2]]></id_tax>
<amount><![CDATA[0.409000]]></amount>
</order_invoice_tax>
<order_invoice_tax><id_order_invoice><![CDATA[115]]></id_order_invoice>
<type><![CDATA[shipping]]></type>
<id_tax><![CDATA[2]]></id_tax>
<amount><![CDATA[0.409000]]></amount>
</order_invoice_tax>
<order_invoice_tax><id_order_invoice><![CDATA[116]]></id_order_invoice>
<type><![CDATA[shipping]]></type>
<id_tax><![CDATA[5]]></id_tax>
<amount><![CDATA[0.781200]]></amount>
</order_invoice_tax>
<order_invoice_tax><id_order_invoice><![CDATA[117]]></id_order_invoice>
<type><![CDATA[shipping]]></type>
<id_tax><![CDATA[5]]></id_tax>
<amount><![CDATA[0.781200]]></amount>
</order_invoice_tax>
<order_invoice_tax><id_order_invoice><![CDATA[118]]></id_order_invoice>
<type><![CDATA[shipping]]></type>
<id_tax><![CDATA[1]]></id_tax>
<amount><![CDATA[1.545600]]></amount>
</order_invoice_tax>
<order_invoice_tax><id_order_invoice><![CDATA[119]]></id_order_invoice>
<type><![CDATA[shipping]]></type>
<id_tax><![CDATA[5]]></id_tax>
<amount><![CDATA[0.781200]]></amount>
</order_invoice_tax>
<order_invoice_tax><id_order_invoice><![CDATA[120]]></id_order_invoice>
<type><![CDATA[shipping]]></type>
<id_tax><![CDATA[5]]></id_tax>
<amount><![CDATA[0.000000]]></amount>
</order_invoice_tax>
<order_invoice_tax><id_order_invoice><![CDATA[121]]></id_order_invoice>
<type><![CDATA[shipping]]></type>
<id_tax><![CDATA[5]]></id_tax>
<amount><![CDATA[0.781200]]></amount>
</order_invoice_tax>
<order_invoice_tax><id_order_invoice><![CDATA[122]]></id_order_invoice>
<type><![CDATA[shipping]]></type>
<id_tax><![CDATA[1]]></id_tax>
<amount><![CDATA[1.302000]]></amount>
</order_invoice_tax>
<order_invoice_tax><id_order_invoice><![CDATA[123]]></id_order_invoice>
<type><![CDATA[shipping]]></type>
<id_tax><![CDATA[5]]></id_tax>
<amount><![CDATA[0.781200]]></amount>
</order_invoice_tax>
<order_invoice_tax><id_order_invoice><![CDATA[124]]></id_order_invoice>
<type><![CDATA[shipping]]></type>
<id_tax><![CDATA[1]]></id_tax>
<amount><![CDATA[1.545600]]></amount>
</order_invoice_tax>
<order_invoice_tax><id_order_invoice><![CDATA[125]]></id_order_invoice>
<type><![CDATA[shipping]]></type>
<id_tax><![CDATA[1]]></id_tax>
<amount><![CDATA[1.545600]]></amount>
</order_invoice_tax>
<order_invoice_tax><id_order_invoice><![CDATA[126]]></id_order_invoice>
<type><![CDATA[shipping]]></type>
<id_tax><![CDATA[1]]></id_tax>
<amount><![CDATA[1.545600]]></amount>
</order_invoice_tax>
<order_invoice_tax><id_order_invoice><![CDATA[127]]></id_order_invoice>
<type><![CDATA[shipping]]></type>
<id_tax><![CDATA[5]]></id_tax>
<amount><![CDATA[0.000000]]></amount>
</order_invoice_tax>
<order_invoice_tax><id_order_invoice><![CDATA[128]]></id_order_invoice>
<type><![CDATA[shipping]]></type>
<id_tax><![CDATA[5]]></id_tax>
<amount><![CDATA[0.000000]]></amount>
</order_invoice_tax>
<order_invoice_tax><id_order_invoice><![CDATA[129]]></id_order_invoice>
<type><![CDATA[shipping]]></type>
<id_tax><![CDATA[5]]></id_tax>
<amount><![CDATA[0.781200]]></amount>
</order_invoice_tax>
<order_invoice_tax><id_order_invoice><![CDATA[130]]></id_order_invoice>
<type><![CDATA[shipping]]></type>
<id_tax><![CDATA[1]]></id_tax>
<amount><![CDATA[1.509900]]></amount>
</order_invoice_tax>
<order_invoice_tax><id_order_invoice><![CDATA[131]]></id_order_invoice>
<type><![CDATA[shipping]]></type>
<id_tax><![CDATA[1]]></id_tax>
<amount><![CDATA[1.545600]]></amount>
</order_invoice_tax>
<order_invoice_tax><id_order_invoice><![CDATA[132]]></id_order_invoice>
<type><![CDATA[shipping]]></type>
<id_tax><![CDATA[5]]></id_tax>
<amount><![CDATA[0.781200]]></amount>
</order_invoice_tax>
<order_invoice_tax><id_order_invoice><![CDATA[133]]></id_order_invoice>
<type><![CDATA[shipping]]></type>
<id_tax><![CDATA[5]]></id_tax>
<amount><![CDATA[0.781200]]></amount>
</order_invoice_tax>
<order_invoice_tax><id_order_invoice><![CDATA[134]]></id_order_invoice>
<type><![CDATA[shipping]]></type>
<id_tax><![CDATA[5]]></id_tax>
<amount><![CDATA[0.781200]]></amount>
</order_invoice_tax>
<order_invoice_tax><id_order_invoice><![CDATA[135]]></id_order_invoice>
<type><![CDATA[shipping]]></type>
<id_tax><![CDATA[5]]></id_tax>
<amount><![CDATA[0.781200]]></amount>
</order_invoice_tax>
<order_invoice_tax><id_order_invoice><![CDATA[136]]></id_order_invoice>
<type><![CDATA[shipping]]></type>
<id_tax><![CDATA[5]]></id_tax>
<amount><![CDATA[0.781200]]></amount>
</order_invoice_tax>
<order_invoice_tax><id_order_invoice><![CDATA[137]]></id_order_invoice>
<type><![CDATA[shipping]]></type>
<id_tax><![CDATA[5]]></id_tax>
<amount><![CDATA[0.781200]]></amount>
</order_invoice_tax>
<order_invoice_tax><id_order_invoice><![CDATA[138]]></id_order_invoice>
<type><![CDATA[shipping]]></type>
<id_tax><![CDATA[1]]></id_tax>
<amount><![CDATA[0.000000]]></amount>
</order_invoice_tax>
<order_invoice_tax><id_order_invoice><![CDATA[139]]></id_order_invoice>
<type><![CDATA[shipping]]></type>
<id_tax><![CDATA[1]]></id_tax>
<amount><![CDATA[1.545600]]></amount>
</order_invoice_tax>
<order_invoice_tax><id_order_invoice><![CDATA[140]]></id_order_invoice>
<type><![CDATA[shipping]]></type>
<id_tax><![CDATA[5]]></id_tax>
<amount><![CDATA[0.781200]]></amount>
</order_invoice_tax>
<order_invoice_tax><id_order_invoice><![CDATA[141]]></id_order_invoice>
<type><![CDATA[shipping]]></type>
<id_tax><![CDATA[5]]></id_tax>
<amount><![CDATA[0.000000]]></amount>
</order_invoice_tax>
<order_invoice_tax><id_order_invoice><![CDATA[142]]></id_order_invoice>
<type><![CDATA[shipping]]></type>
<id_tax><![CDATA[5]]></id_tax>
<amount><![CDATA[0.781200]]></amount>
</order_invoice_tax>
<order_invoice_tax><id_order_invoice><![CDATA[143]]></id_order_invoice>
<type><![CDATA[shipping]]></type>
<id_tax><![CDATA[1]]></id_tax>
<amount><![CDATA[0.000000]]></amount>
</order_invoice_tax>
<order_invoice_tax><id_order_invoice><![CDATA[144]]></id_order_invoice>
<type><![CDATA[shipping]]></type>
<id_tax><![CDATA[1]]></id_tax>
<amount><![CDATA[0.000000]]></amount>
</order_invoice_tax>
<order_invoice_tax><id_order_invoice><![CDATA[145]]></id_order_invoice>
<type><![CDATA[shipping]]></type>
<id_tax><![CDATA[1]]></id_tax>
<amount><![CDATA[0.000000]]></amount>
</order_invoice_tax>
<order_invoice_tax><id_order_invoice><![CDATA[146]]></id_order_invoice>
<type><![CDATA[shipping]]></type>
<id_tax><![CDATA[5]]></id_tax>
<amount><![CDATA[0.000000]]></amount>
</order_invoice_tax>
<order_invoice_tax><id_order_invoice><![CDATA[147]]></id_order_invoice>
<type><![CDATA[shipping]]></type>
<id_tax><![CDATA[1]]></id_tax>
<amount><![CDATA[1.509900]]></amount>
</order_invoice_tax>
<order_invoice_tax><id_order_invoice><![CDATA[148]]></id_order_invoice>
<type><![CDATA[shipping]]></type>
<id_tax><![CDATA[5]]></id_tax>
<amount><![CDATA[0.000000]]></amount>
</order_invoice_tax>
<order_invoice_tax><id_order_invoice><![CDATA[149]]></id_order_invoice>
<type><![CDATA[shipping]]></type>
<id_tax><![CDATA[5]]></id_tax>
<amount><![CDATA[0.000000]]></amount>
</order_invoice_tax>
<order_invoice_tax><id_order_invoice><![CDATA[150]]></id_order_invoice>
<type><![CDATA[shipping]]></type>
<id_tax><![CDATA[5]]></id_tax>
<amount><![CDATA[0.781200]]></amount>
</order_invoice_tax>
<order_invoice_tax><id_order_invoice><![CDATA[151]]></id_order_invoice>
<type><![CDATA[shipping]]></type>
<id_tax><![CDATA[5]]></id_tax>
<amount><![CDATA[0.781200]]></amount>
</order_invoice_tax>
<order_invoice_tax><id_order_invoice><![CDATA[152]]></id_order_invoice>
<type><![CDATA[shipping]]></type>
<id_tax><![CDATA[1]]></id_tax>
<amount><![CDATA[1.545600]]></amount>
</order_invoice_tax>
<order_invoice_tax><id_order_invoice><![CDATA[153]]></id_order_invoice>
<type><![CDATA[shipping]]></type>
<id_tax><![CDATA[5]]></id_tax>
<amount><![CDATA[0.781200]]></amount>
</order_invoice_tax>
<order_invoice_tax><id_order_invoice><![CDATA[154]]></id_order_invoice>
<type><![CDATA[shipping]]></type>
<id_tax><![CDATA[1]]></id_tax>
<amount><![CDATA[1.509900]]></amount>
</order_invoice_tax>
<order_invoice_tax><id_order_invoice><![CDATA[155]]></id_order_invoice>
<type><![CDATA[shipping]]></type>
<id_tax><![CDATA[5]]></id_tax>
<amount><![CDATA[0.781200]]></amount>
</order_invoice_tax>
<order_invoice_tax><id_order_invoice><![CDATA[156]]></id_order_invoice>
<type><![CDATA[shipping]]></type>
<id_tax><![CDATA[1]]></id_tax>
<amount><![CDATA[1.302000]]></amount>
</order_invoice_tax>
<order_invoice_tax><id_order_invoice><![CDATA[157]]></id_order_invoice>
<type><![CDATA[shipping]]></type>
<id_tax><![CDATA[5]]></id_tax>
<amount><![CDATA[0.000000]]></amount>
</order_invoice_tax>
<order_invoice_tax><id_order_invoice><![CDATA[158]]></id_order_invoice>
<type><![CDATA[shipping]]></type>
<id_tax><![CDATA[1]]></id_tax>
<amount><![CDATA[1.476300]]></amount>
</order_invoice_tax>
<order_invoice_tax><id_order_invoice><![CDATA[159]]></id_order_invoice>
<type><![CDATA[shipping]]></type>
<id_tax><![CDATA[5]]></id_tax>
<amount><![CDATA[0.781200]]></amount>
</order_invoice_tax>
<order_invoice_tax><id_order_invoice><![CDATA[160]]></id_order_invoice>
<type><![CDATA[shipping]]></type>
<id_tax><![CDATA[1]]></id_tax>
<amount><![CDATA[0.000000]]></amount>
</order_invoice_tax>
<order_invoice_tax><id_order_invoice><![CDATA[161]]></id_order_invoice>
<type><![CDATA[shipping]]></type>
<id_tax><![CDATA[1]]></id_tax>
<amount><![CDATA[0.000000]]></amount>
</order_invoice_tax>
<order_invoice_tax><id_order_invoice><![CDATA[162]]></id_order_invoice>
<type><![CDATA[shipping]]></type>
<id_tax><![CDATA[5]]></id_tax>
<amount><![CDATA[0.781200]]></amount>
</order_invoice_tax>
<order_invoice_tax><id_order_invoice><![CDATA[163]]></id_order_invoice>
<type><![CDATA[shipping]]></type>
<id_tax><![CDATA[1]]></id_tax>
<amount><![CDATA[1.476300]]></amount>
</order_invoice_tax>
<order_invoice_tax><id_order_invoice><![CDATA[164]]></id_order_invoice>
<type><![CDATA[shipping]]></type>
<id_tax><![CDATA[5]]></id_tax>
<amount><![CDATA[0.781200]]></amount>
</order_invoice_tax>
<order_invoice_tax><id_order_invoice><![CDATA[165]]></id_order_invoice>
<type><![CDATA[shipping]]></type>
<id_tax><![CDATA[1]]></id_tax>
<amount><![CDATA[0.781200]]></amount>
</order_invoice_tax>
<order_invoice_tax><id_order_invoice><![CDATA[166]]></id_order_invoice>
<type><![CDATA[shipping]]></type>
<id_tax><![CDATA[5]]></id_tax>
<amount><![CDATA[0.000000]]></amount>
</order_invoice_tax>
<order_invoice_tax><id_order_invoice><![CDATA[167]]></id_order_invoice>
<type><![CDATA[shipping]]></type>
<id_tax><![CDATA[5]]></id_tax>
<amount><![CDATA[0.000000]]></amount>
</order_invoice_tax>
<order_invoice_tax><id_order_invoice><![CDATA[168]]></id_order_invoice>
<type><![CDATA[shipping]]></type>
<id_tax><![CDATA[5]]></id_tax>
<amount><![CDATA[0.781200]]></amount>
</order_invoice_tax>
<order_invoice_tax><id_order_invoice><![CDATA[169]]></id_order_invoice>
<type><![CDATA[shipping]]></type>
<id_tax><![CDATA[1]]></id_tax>
<amount><![CDATA[1.476300]]></amount>
</order_invoice_tax>
<order_invoice_tax><id_order_invoice><![CDATA[170]]></id_order_invoice>
<type><![CDATA[shipping]]></type>
<id_tax><![CDATA[5]]></id_tax>
<amount><![CDATA[0.000000]]></amount>
</order_invoice_tax>
<order_invoice_tax><id_order_invoice><![CDATA[171]]></id_order_invoice>
<type><![CDATA[shipping]]></type>
<id_tax><![CDATA[5]]></id_tax>
<amount><![CDATA[0.781200]]></amount>
</order_invoice_tax>
<order_invoice_tax><id_order_invoice><![CDATA[172]]></id_order_invoice>
<type><![CDATA[shipping]]></type>
<id_tax><![CDATA[5]]></id_tax>
<amount><![CDATA[0.781200]]></amount>
</order_invoice_tax>
<order_invoice_tax><id_order_invoice><![CDATA[173]]></id_order_invoice>
<type><![CDATA[shipping]]></type>
<id_tax><![CDATA[5]]></id_tax>
<amount><![CDATA[0.781200]]></amount>
</order_invoice_tax>
<order_invoice_tax><id_order_invoice><![CDATA[174]]></id_order_invoice>
<type><![CDATA[shipping]]></type>
<id_tax><![CDATA[1]]></id_tax>
<amount><![CDATA[1.509900]]></amount>
</order_invoice_tax>
<order_invoice_tax><id_order_invoice><![CDATA[175]]></id_order_invoice>
<type><![CDATA[shipping]]></type>
<id_tax><![CDATA[5]]></id_tax>
<amount><![CDATA[0.781200]]></amount>
</order_invoice_tax>
<order_invoice_tax><id_order_invoice><![CDATA[176]]></id_order_invoice>
<type><![CDATA[shipping]]></type>
<id_tax><![CDATA[1]]></id_tax>
<amount><![CDATA[1.545600]]></amount>
</order_invoice_tax>
<order_invoice_tax><id_order_invoice><![CDATA[177]]></id_order_invoice>
<type><![CDATA[shipping]]></type>
<id_tax><![CDATA[1]]></id_tax>
<amount><![CDATA[1.509900]]></amount>
</order_invoice_tax>
<order_invoice_tax><id_order_invoice><![CDATA[178]]></id_order_invoice>
<type><![CDATA[shipping]]></type>
<id_tax><![CDATA[5]]></id_tax>
<amount><![CDATA[0.000000]]></amount>
</order_invoice_tax>
<order_invoice_tax><id_order_invoice><![CDATA[179]]></id_order_invoice>
<type><![CDATA[shipping]]></type>
<id_tax><![CDATA[1]]></id_tax>
<amount><![CDATA[1.545600]]></amount>
</order_invoice_tax>
<order_invoice_tax><id_order_invoice><![CDATA[180]]></id_order_invoice>
<type><![CDATA[shipping]]></type>
<id_tax><![CDATA[5]]></id_tax>
<amount><![CDATA[0.000000]]></amount>
</order_invoice_tax>
<order_invoice_tax><id_order_invoice><![CDATA[181]]></id_order_invoice>
<type><![CDATA[shipping]]></type>
<id_tax><![CDATA[5]]></id_tax>
<amount><![CDATA[0.781200]]></amount>
</order_invoice_tax>
<order_invoice_tax><id_order_invoice><![CDATA[182]]></id_order_invoice>
<type><![CDATA[shipping]]></type>
<id_tax><![CDATA[1]]></id_tax>
<amount><![CDATA[1.302000]]></amount>
</order_invoice_tax>
<order_invoice_tax><id_order_invoice><![CDATA[183]]></id_order_invoice>
<type><![CDATA[shipping]]></type>
<id_tax><![CDATA[1]]></id_tax>
<amount><![CDATA[0.000000]]></amount>
</order_invoice_tax>
<order_invoice_tax><id_order_invoice><![CDATA[184]]></id_order_invoice>
<type><![CDATA[shipping]]></type>
<id_tax><![CDATA[5]]></id_tax>
<amount><![CDATA[0.781200]]></amount>
</order_invoice_tax>
<order_invoice_tax><id_order_invoice><![CDATA[185]]></id_order_invoice>
<type><![CDATA[shipping]]></type>
<id_tax><![CDATA[1]]></id_tax>
<amount><![CDATA[1.509900]]></amount>
</order_invoice_tax>
<order_invoice_tax><id_order_invoice><![CDATA[186]]></id_order_invoice>
<type><![CDATA[shipping]]></type>
<id_tax><![CDATA[1]]></id_tax>
<amount><![CDATA[1.545600]]></amount>
</order_invoice_tax>
<order_invoice_tax><id_order_invoice><![CDATA[187]]></id_order_invoice>
<type><![CDATA[shipping]]></type>
<id_tax><![CDATA[5]]></id_tax>
<amount><![CDATA[0.781200]]></amount>
</order_invoice_tax>
<order_invoice_tax><id_order_invoice><![CDATA[188]]></id_order_invoice>
<type><![CDATA[shipping]]></type>
<id_tax><![CDATA[5]]></id_tax>
<amount><![CDATA[0.781200]]></amount>
</order_invoice_tax>
<order_invoice_tax><id_order_invoice><![CDATA[189]]></id_order_invoice>
<type><![CDATA[shipping]]></type>
<id_tax><![CDATA[5]]></id_tax>
<amount><![CDATA[0.781200]]></amount>
</order_invoice_tax>
<order_invoice_tax><id_order_invoice><![CDATA[190]]></id_order_invoice>
<type><![CDATA[shipping]]></type>
<id_tax><![CDATA[1]]></id_tax>
<amount><![CDATA[1.545600]]></amount>
</order_invoice_tax>
<order_invoice_tax><id_order_invoice><![CDATA[191]]></id_order_invoice>
<type><![CDATA[shipping]]></type>
<id_tax><![CDATA[5]]></id_tax>
<amount><![CDATA[0.781200]]></amount>
</order_invoice_tax>
<order_invoice_tax><id_order_invoice><![CDATA[192]]></id_order_invoice>
<type><![CDATA[shipping]]></type>
<id_tax><![CDATA[5]]></id_tax>
<amount><![CDATA[0.000000]]></amount>
</order_invoice_tax>
<order_invoice_tax><id_order_invoice><![CDATA[193]]></id_order_invoice>
<type><![CDATA[shipping]]></type>
<id_tax><![CDATA[5]]></id_tax>
<amount><![CDATA[0.000000]]></amount>
</order_invoice_tax>
<order_invoice_tax><id_order_invoice><![CDATA[194]]></id_order_invoice>
<type><![CDATA[shipping]]></type>
<id_tax><![CDATA[5]]></id_tax>
<amount><![CDATA[0.781200]]></amount>
</order_invoice_tax>
<order_invoice_tax><id_order_invoice><![CDATA[195]]></id_order_invoice>
<type><![CDATA[shipping]]></type>
<id_tax><![CDATA[5]]></id_tax>
<amount><![CDATA[0.781200]]></amount>
</order_invoice_tax>
<order_invoice_tax><id_order_invoice><![CDATA[196]]></id_order_invoice>
<type><![CDATA[shipping]]></type>
<id_tax><![CDATA[5]]></id_tax>
<amount><![CDATA[0.781200]]></amount>
</order_invoice_tax>
<order_invoice_tax><id_order_invoice><![CDATA[197]]></id_order_invoice>
<type><![CDATA[shipping]]></type>
<id_tax><![CDATA[5]]></id_tax>
<amount><![CDATA[0.781200]]></amount>
</order_invoice_tax>
<order_invoice_tax><id_order_invoice><![CDATA[198]]></id_order_invoice>
<type><![CDATA[shipping]]></type>
<id_tax><![CDATA[5]]></id_tax>
<amount><![CDATA[0.781200]]></amount>
</order_invoice_tax>
<order_invoice_tax><id_order_invoice><![CDATA[199]]></id_order_invoice>
<type><![CDATA[shipping]]></type>
<id_tax><![CDATA[5]]></id_tax>
<amount><![CDATA[0.781200]]></amount>
</order_invoice_tax>
<order_invoice_tax><id_order_invoice><![CDATA[200]]></id_order_invoice>
<type><![CDATA[shipping]]></type>
<id_tax><![CDATA[5]]></id_tax>
<amount><![CDATA[0.781200]]></amount>
</order_invoice_tax>
<order_invoice_tax><id_order_invoice><![CDATA[201]]></id_order_invoice>
<type><![CDATA[shipping]]></type>
<id_tax><![CDATA[5]]></id_tax>
<amount><![CDATA[0.781200]]></amount>
</order_invoice_tax>
<order_invoice_tax><id_order_invoice><![CDATA[202]]></id_order_invoice>
<type><![CDATA[shipping]]></type>
<id_tax><![CDATA[5]]></id_tax>
<amount><![CDATA[0.781200]]></amount>
</order_invoice_tax>
<order_invoice_tax><id_order_invoice><![CDATA[203]]></id_order_invoice>
<type><![CDATA[shipping]]></type>
<id_tax><![CDATA[5]]></id_tax>
<amount><![CDATA[0.781200]]></amount>
</order_invoice_tax>
<order_invoice_tax><id_order_invoice><![CDATA[204]]></id_order_invoice>
<type><![CDATA[shipping]]></type>
<id_tax><![CDATA[5]]></id_tax>
<amount><![CDATA[0.781200]]></amount>
</order_invoice_tax>
<order_invoice_tax><id_order_invoice><![CDATA[205]]></id_order_invoice>
<type><![CDATA[shipping]]></type>
<id_tax><![CDATA[5]]></id_tax>
<amount><![CDATA[0.781200]]></amount>
</order_invoice_tax>
<order_invoice_tax><id_order_invoice><![CDATA[206]]></id_order_invoice>
<type><![CDATA[shipping]]></type>
<id_tax><![CDATA[5]]></id_tax>
<amount><![CDATA[0.781200]]></amount>
</order_invoice_tax>
<order_invoice_tax><id_order_invoice><![CDATA[207]]></id_order_invoice>
<type><![CDATA[shipping]]></type>
<id_tax><![CDATA[5]]></id_tax>
<amount><![CDATA[0.781200]]></amount>
</order_invoice_tax>
<order_invoice_tax><id_order_invoice><![CDATA[208]]></id_order_invoice>
<type><![CDATA[shipping]]></type>
<id_tax><![CDATA[1]]></id_tax>
<amount><![CDATA[1.545600]]></amount>
</order_invoice_tax>
<order_invoice_tax><id_order_invoice><![CDATA[209]]></id_order_invoice>
<type><![CDATA[shipping]]></type>
<id_tax><![CDATA[5]]></id_tax>
<amount><![CDATA[0.781200]]></amount>
</order_invoice_tax>
<order_invoice_tax><id_order_invoice><![CDATA[210]]></id_order_invoice>
<type><![CDATA[shipping]]></type>
<id_tax><![CDATA[5]]></id_tax>
<amount><![CDATA[0.781200]]></amount>
</order_invoice_tax>
<order_invoice_tax><id_order_invoice><![CDATA[211]]></id_order_invoice>
<type><![CDATA[shipping]]></type>
<id_tax><![CDATA[1]]></id_tax>
<amount><![CDATA[1.545600]]></amount>
</order_invoice_tax>
<order_invoice_tax><id_order_invoice><![CDATA[212]]></id_order_invoice>
<type><![CDATA[shipping]]></type>
<id_tax><![CDATA[1]]></id_tax>
<amount><![CDATA[1.476300]]></amount>
</order_invoice_tax>
<order_invoice_tax><id_order_invoice><![CDATA[213]]></id_order_invoice>
<type><![CDATA[shipping]]></type>
<id_tax><![CDATA[1]]></id_tax>
<amount><![CDATA[1.545600]]></amount>
</order_invoice_tax>
<order_invoice_tax><id_order_invoice><![CDATA[214]]></id_order_invoice>
<type><![CDATA[shipping]]></type>
<id_tax><![CDATA[1]]></id_tax>
<amount><![CDATA[1.509900]]></amount>
</order_invoice_tax>
<order_invoice_tax><id_order_invoice><![CDATA[215]]></id_order_invoice>
<type><![CDATA[shipping]]></type>
<id_tax><![CDATA[5]]></id_tax>
<amount><![CDATA[0.781200]]></amount>
</order_invoice_tax>
<order_invoice_tax><id_order_invoice><![CDATA[216]]></id_order_invoice>
<type><![CDATA[shipping]]></type>
<id_tax><![CDATA[5]]></id_tax>
<amount><![CDATA[0.000000]]></amount>
</order_invoice_tax>
<order_invoice_tax><id_order_invoice><![CDATA[217]]></id_order_invoice>
<type><![CDATA[shipping]]></type>
<id_tax><![CDATA[5]]></id_tax>
<amount><![CDATA[0.000000]]></amount>
</order_invoice_tax>
<order_invoice_tax><id_order_invoice><![CDATA[218]]></id_order_invoice>
<type><![CDATA[shipping]]></type>
<id_tax><![CDATA[1]]></id_tax>
<amount><![CDATA[1.302000]]></amount>
</order_invoice_tax>
<order_invoice_tax><id_order_invoice><![CDATA[219]]></id_order_invoice>
<type><![CDATA[shipping]]></type>
<id_tax><![CDATA[5]]></id_tax>
<amount><![CDATA[0.000000]]></amount>
</order_invoice_tax>
<order_invoice_tax><id_order_invoice><![CDATA[220]]></id_order_invoice>
<type><![CDATA[shipping]]></type>
<id_tax><![CDATA[1]]></id_tax>
<amount><![CDATA[1.033200]]></amount>
</order_invoice_tax>
<order_invoice_tax><id_order_invoice><![CDATA[221]]></id_order_invoice>
<type><![CDATA[shipping]]></type>
<id_tax><![CDATA[5]]></id_tax>
<amount><![CDATA[0.000000]]></amount>
</order_invoice_tax>
<order_invoice_tax><id_order_invoice><![CDATA[222]]></id_order_invoice>
<type><![CDATA[shipping]]></type>
<id_tax><![CDATA[1]]></id_tax>
<amount><![CDATA[1.545600]]></amount>
</order_invoice_tax>
<order_invoice_tax><id_order_invoice><![CDATA[223]]></id_order_invoice>
<type><![CDATA[shipping]]></type>
<id_tax><![CDATA[5]]></id_tax>
<amount><![CDATA[0.000000]]></amount>
</order_invoice_tax>
<order_invoice_tax><id_order_invoice><![CDATA[224]]></id_order_invoice>
<type><![CDATA[shipping]]></type>
<id_tax><![CDATA[1]]></id_tax>
<amount><![CDATA[1.033200]]></amount>
</order_invoice_tax>
<order_invoice_tax><id_order_invoice><![CDATA[225]]></id_order_invoice>
<type><![CDATA[shipping]]></type>
<id_tax><![CDATA[5]]></id_tax>
<amount><![CDATA[0.781200]]></amount>
</order_invoice_tax>
<order_invoice_tax><id_order_invoice><![CDATA[226]]></id_order_invoice>
<type><![CDATA[shipping]]></type>
<id_tax><![CDATA[5]]></id_tax>
<amount><![CDATA[0.781200]]></amount>
</order_invoice_tax>
<order_invoice_tax><id_order_invoice><![CDATA[227]]></id_order_invoice>
<type><![CDATA[shipping]]></type>
<id_tax><![CDATA[1]]></id_tax>
<amount><![CDATA[1.509900]]></amount>
</order_invoice_tax>
<order_invoice_tax><id_order_invoice><![CDATA[228]]></id_order_invoice>
<type><![CDATA[shipping]]></type>
<id_tax><![CDATA[5]]></id_tax>
<amount><![CDATA[0.781200]]></amount>
</order_invoice_tax>
<order_invoice_tax><id_order_invoice><![CDATA[229]]></id_order_invoice>
<type><![CDATA[shipping]]></type>
<id_tax><![CDATA[5]]></id_tax>
<amount><![CDATA[0.781200]]></amount>
</order_invoice_tax>
<order_invoice_tax><id_order_invoice><![CDATA[230]]></id_order_invoice>
<type><![CDATA[shipping]]></type>
<id_tax><![CDATA[5]]></id_tax>
<amount><![CDATA[0.781200]]></amount>
</order_invoice_tax>
<order_invoice_tax><id_order_invoice><![CDATA[231]]></id_order_invoice>
<type><![CDATA[shipping]]></type>
<id_tax><![CDATA[1]]></id_tax>
<amount><![CDATA[0.000000]]></amount>
</order_invoice_tax>
<order_invoice_tax><id_order_invoice><![CDATA[232]]></id_order_invoice>
<type><![CDATA[shipping]]></type>
<id_tax><![CDATA[5]]></id_tax>
<amount><![CDATA[0.000000]]></amount>
</order_invoice_tax>
<order_invoice_tax><id_order_invoice><![CDATA[233]]></id_order_invoice>
<type><![CDATA[shipping]]></type>
<id_tax><![CDATA[5]]></id_tax>
<amount><![CDATA[0.781200]]></amount>
</order_invoice_tax>
<order_invoice_tax><id_order_invoice><![CDATA[234]]></id_order_invoice>
<type><![CDATA[shipping]]></type>
<id_tax><![CDATA[5]]></id_tax>
<amount><![CDATA[0.000000]]></amount>
</order_invoice_tax>
<order_invoice_tax><id_order_invoice><![CDATA[235]]></id_order_invoice>
<type><![CDATA[shipping]]></type>
<id_tax><![CDATA[1]]></id_tax>
<amount><![CDATA[1.302000]]></amount>
</order_invoice_tax>
<order_invoice_tax><id_order_invoice><![CDATA[236]]></id_order_invoice>
<type><![CDATA[shipping]]></type>
<id_tax><![CDATA[5]]></id_tax>
<amount><![CDATA[0.000000]]></amount>
</order_invoice_tax>
<order_invoice_tax><id_order_invoice><![CDATA[237]]></id_order_invoice>
<type><![CDATA[shipping]]></type>
<id_tax><![CDATA[1]]></id_tax>
<amount><![CDATA[0.000000]]></amount>
</order_invoice_tax>
<order_invoice_tax><id_order_invoice><![CDATA[238]]></id_order_invoice>
<type><![CDATA[shipping]]></type>
<id_tax><![CDATA[5]]></id_tax>
<amount><![CDATA[0.000000]]></amount>
</order_invoice_tax>
<order_invoice_tax><id_order_invoice><![CDATA[239]]></id_order_invoice>
<type><![CDATA[shipping]]></type>
<id_tax><![CDATA[5]]></id_tax>
<amount><![CDATA[0.781200]]></amount>
</order_invoice_tax>
<order_invoice_tax><id_order_invoice><![CDATA[240]]></id_order_invoice>
<type><![CDATA[shipping]]></type>
<id_tax><![CDATA[5]]></id_tax>
<amount><![CDATA[0.000000]]></amount>
</order_invoice_tax>
<order_invoice_tax><id_order_invoice><![CDATA[241]]></id_order_invoice>
<type><![CDATA[shipping]]></type>
<id_tax><![CDATA[5]]></id_tax>
<amount><![CDATA[0.781200]]></amount>
</order_invoice_tax>
<order_invoice_tax><id_order_invoice><![CDATA[242]]></id_order_invoice>
<type><![CDATA[shipping]]></type>
<id_tax><![CDATA[5]]></id_tax>
<amount><![CDATA[0.000000]]></amount>
</order_invoice_tax>
<order_invoice_tax><id_order_invoice><![CDATA[243]]></id_order_invoice>
<type><![CDATA[shipping]]></type>
<id_tax><![CDATA[5]]></id_tax>
<amount><![CDATA[0.781200]]></amount>
</order_invoice_tax>
<order_invoice_tax><id_order_invoice><![CDATA[244]]></id_order_invoice>
<type><![CDATA[shipping]]></type>
<id_tax><![CDATA[5]]></id_tax>
<amount><![CDATA[0.781200]]></amount>
</order_invoice_tax>
<order_invoice_tax><id_order_invoice><![CDATA[245]]></id_order_invoice>
<type><![CDATA[shipping]]></type>
<id_tax><![CDATA[5]]></id_tax>
<amount><![CDATA[0.781200]]></amount>
</order_invoice_tax>
<order_invoice_tax><id_order_invoice><![CDATA[246]]></id_order_invoice>
<type><![CDATA[shipping]]></type>
<id_tax><![CDATA[5]]></id_tax>
<amount><![CDATA[0.781200]]></amount>
</order_invoice_tax>
<order_invoice_tax><id_order_invoice><![CDATA[247]]></id_order_invoice>
<type><![CDATA[shipping]]></type>
<id_tax><![CDATA[5]]></id_tax>
<amount><![CDATA[0.781200]]></amount>
</order_invoice_tax>
<order_invoice_tax><id_order_invoice><![CDATA[248]]></id_order_invoice>
<type><![CDATA[shipping]]></type>
<id_tax><![CDATA[1]]></id_tax>
<amount><![CDATA[1.545600]]></amount>
</order_invoice_tax>
<order_invoice_tax><id_order_invoice><![CDATA[249]]></id_order_invoice>
<type><![CDATA[shipping]]></type>
<id_tax><![CDATA[1]]></id_tax>
<amount><![CDATA[1.545600]]></amount>
</order_invoice_tax>
<order_invoice_tax><id_order_invoice><![CDATA[250]]></id_order_invoice>
<type><![CDATA[shipping]]></type>
<id_tax><![CDATA[1]]></id_tax>
<amount><![CDATA[1.545600]]></amount>
</order_invoice_tax>
<order_invoice_tax><id_order_invoice><![CDATA[251]]></id_order_invoice>
<type><![CDATA[shipping]]></type>
<id_tax><![CDATA[5]]></id_tax>
<amount><![CDATA[0.781200]]></amount>
</order_invoice_tax>
<order_invoice_tax><id_order_invoice><![CDATA[252]]></id_order_invoice>
<type><![CDATA[shipping]]></type>
<id_tax><![CDATA[5]]></id_tax>
<amount><![CDATA[0.000000]]></amount>
</order_invoice_tax>
<order_invoice_tax><id_order_invoice><![CDATA[253]]></id_order_invoice>
<type><![CDATA[shipping]]></type>
<id_tax><![CDATA[1]]></id_tax>
<amount><![CDATA[0.000000]]></amount>
</order_invoice_tax>
<order_invoice_tax><id_order_invoice><![CDATA[254]]></id_order_invoice>
<type><![CDATA[shipping]]></type>
<id_tax><![CDATA[1]]></id_tax>
<amount><![CDATA[0.781200]]></amount>
</order_invoice_tax>
<order_invoice_tax><id_order_invoice><![CDATA[255]]></id_order_invoice>
<type><![CDATA[shipping]]></type>
<id_tax><![CDATA[1]]></id_tax>
<amount><![CDATA[1.476300]]></amount>
</order_invoice_tax>
<order_invoice_tax><id_order_invoice><![CDATA[256]]></id_order_invoice>
<type><![CDATA[shipping]]></type>
<id_tax><![CDATA[5]]></id_tax>
<amount><![CDATA[0.781200]]></amount>
</order_invoice_tax>
<order_invoice_tax><id_order_invoice><![CDATA[257]]></id_order_invoice>
<type><![CDATA[shipping]]></type>
<id_tax><![CDATA[5]]></id_tax>
<amount><![CDATA[0.781200]]></amount>
</order_invoice_tax>
<order_invoice_tax><id_order_invoice><![CDATA[258]]></id_order_invoice>
<type><![CDATA[shipping]]></type>
<id_tax><![CDATA[5]]></id_tax>
<amount><![CDATA[0.781200]]></amount>
</order_invoice_tax>
<order_invoice_tax><id_order_invoice><![CDATA[259]]></id_order_invoice>
<type><![CDATA[shipping]]></type>
<id_tax><![CDATA[5]]></id_tax>
<amount><![CDATA[0.000000]]></amount>
</order_invoice_tax>
<order_invoice_tax><id_order_invoice><![CDATA[260]]></id_order_invoice>
<type><![CDATA[shipping]]></type>
<id_tax><![CDATA[5]]></id_tax>
<amount><![CDATA[0.000000]]></amount>
</order_invoice_tax>
<order_invoice_tax><id_order_invoice><![CDATA[261]]></id_order_invoice>
<type><![CDATA[shipping]]></type>
<id_tax><![CDATA[5]]></id_tax>
<amount><![CDATA[0.781200]]></amount>
</order_invoice_tax>
<order_invoice_tax><id_order_invoice><![CDATA[262]]></id_order_invoice>
<type><![CDATA[shipping]]></type>
<id_tax><![CDATA[5]]></id_tax>
<amount><![CDATA[0.000000]]></amount>
</order_invoice_tax>
<order_invoice_tax><id_order_invoice><![CDATA[263]]></id_order_invoice>
<type><![CDATA[shipping]]></type>
<id_tax><![CDATA[1]]></id_tax>
<amount><![CDATA[1.545600]]></amount>
</order_invoice_tax>
<order_invoice_tax><id_order_invoice><![CDATA[264]]></id_order_invoice>
<type><![CDATA[shipping]]></type>
<id_tax><![CDATA[5]]></id_tax>
<amount><![CDATA[0.781200]]></amount>
</order_invoice_tax>
<order_invoice_tax><id_order_invoice><![CDATA[265]]></id_order_invoice>
<type><![CDATA[shipping]]></type>
<id_tax><![CDATA[1]]></id_tax>
<amount><![CDATA[1.476300]]></amount>
</order_invoice_tax>
<order_invoice_tax><id_order_invoice><![CDATA[266]]></id_order_invoice>
<type><![CDATA[shipping]]></type>
<id_tax><![CDATA[5]]></id_tax>
<amount><![CDATA[0.000000]]></amount>
</order_invoice_tax>
<order_invoice_tax><id_order_invoice><![CDATA[267]]></id_order_invoice>
<type><![CDATA[shipping]]></type>
<id_tax><![CDATA[5]]></id_tax>
<amount><![CDATA[0.000000]]></amount>
</order_invoice_tax>
<order_invoice_tax><id_order_invoice><![CDATA[268]]></id_order_invoice>
<type><![CDATA[shipping]]></type>
<id_tax><![CDATA[1]]></id_tax>
<amount><![CDATA[1.302000]]></amount>
</order_invoice_tax>
<order_invoice_tax><id_order_invoice><![CDATA[269]]></id_order_invoice>
<type><![CDATA[shipping]]></type>
<id_tax><![CDATA[1]]></id_tax>
<amount><![CDATA[1.302000]]></amount>
</order_invoice_tax>
<order_invoice_tax><id_order_invoice><![CDATA[270]]></id_order_invoice>
<type><![CDATA[shipping]]></type>
<id_tax><![CDATA[1]]></id_tax>
<amount><![CDATA[1.545600]]></amount>
</order_invoice_tax>
<order_invoice_tax><id_order_invoice><![CDATA[271]]></id_order_invoice>
<type><![CDATA[shipping]]></type>
<id_tax><![CDATA[1]]></id_tax>
<amount><![CDATA[1.302000]]></amount>
</order_invoice_tax>
<order_invoice_tax><id_order_invoice><![CDATA[272]]></id_order_invoice>
<type><![CDATA[shipping]]></type>
<id_tax><![CDATA[5]]></id_tax>
<amount><![CDATA[0.781200]]></amount>
</order_invoice_tax>
<order_invoice_tax><id_order_invoice><![CDATA[273]]></id_order_invoice>
<type><![CDATA[shipping]]></type>
<id_tax><![CDATA[5]]></id_tax>
<amount><![CDATA[0.781200]]></amount>
</order_invoice_tax>
<order_invoice_tax><id_order_invoice><![CDATA[274]]></id_order_invoice>
<type><![CDATA[shipping]]></type>
<id_tax><![CDATA[5]]></id_tax>
<amount><![CDATA[0.781200]]></amount>
</order_invoice_tax>
<order_invoice_tax><id_order_invoice><![CDATA[275]]></id_order_invoice>
<type><![CDATA[shipping]]></type>
<id_tax><![CDATA[5]]></id_tax>
<amount><![CDATA[0.000000]]></amount>
</order_invoice_tax>
<order_invoice_tax><id_order_invoice><![CDATA[276]]></id_order_invoice>
<type><![CDATA[shipping]]></type>
<id_tax><![CDATA[5]]></id_tax>
<amount><![CDATA[0.781200]]></amount>
</order_invoice_tax>
<order_invoice_tax><id_order_invoice><![CDATA[277]]></id_order_invoice>
<type><![CDATA[shipping]]></type>
<id_tax><![CDATA[5]]></id_tax>
<amount><![CDATA[0.781200]]></amount>
</order_invoice_tax>
<order_invoice_tax><id_order_invoice><![CDATA[278]]></id_order_invoice>
<type><![CDATA[shipping]]></type>
<id_tax><![CDATA[5]]></id_tax>
<amount><![CDATA[0.781200]]></amount>
</order_invoice_tax>
<order_invoice_tax><id_order_invoice><![CDATA[279]]></id_order_invoice>
<type><![CDATA[shipping]]></type>
<id_tax><![CDATA[5]]></id_tax>
<amount><![CDATA[0.781200]]></amount>
</order_invoice_tax>
<order_invoice_tax><id_order_invoice><![CDATA[280]]></id_order_invoice>
<type><![CDATA[shipping]]></type>
<id_tax><![CDATA[5]]></id_tax>
<amount><![CDATA[0.781200]]></amount>
</order_invoice_tax>
<order_invoice_tax><id_order_invoice><![CDATA[281]]></id_order_invoice>
<type><![CDATA[shipping]]></type>
<id_tax><![CDATA[1]]></id_tax>
<amount><![CDATA[1.509900]]></amount>
</order_invoice_tax>
<order_invoice_tax><id_order_invoice><![CDATA[282]]></id_order_invoice>
<type><![CDATA[shipping]]></type>
<id_tax><![CDATA[5]]></id_tax>
<amount><![CDATA[0.781200]]></amount>
</order_invoice_tax>
<order_invoice_tax><id_order_invoice><![CDATA[283]]></id_order_invoice>
<type><![CDATA[shipping]]></type>
<id_tax><![CDATA[5]]></id_tax>
<amount><![CDATA[0.781200]]></amount>
</order_invoice_tax>
<order_invoice_tax><id_order_invoice><![CDATA[284]]></id_order_invoice>
<type><![CDATA[shipping]]></type>
<id_tax><![CDATA[5]]></id_tax>
<amount><![CDATA[0.000000]]></amount>
</order_invoice_tax>
<order_invoice_tax><id_order_invoice><![CDATA[285]]></id_order_invoice>
<type><![CDATA[shipping]]></type>
<id_tax><![CDATA[5]]></id_tax>
<amount><![CDATA[0.781200]]></amount>
</order_invoice_tax>
<order_invoice_tax><id_order_invoice><![CDATA[286]]></id_order_invoice>
<type><![CDATA[shipping]]></type>
<id_tax><![CDATA[5]]></id_tax>
<amount><![CDATA[0.781200]]></amount>
</order_invoice_tax>
<order_invoice_tax><id_order_invoice><![CDATA[287]]></id_order_invoice>
<type><![CDATA[shipping]]></type>
<id_tax><![CDATA[1]]></id_tax>
<amount><![CDATA[1.302000]]></amount>
</order_invoice_tax>
<order_invoice_tax><id_order_invoice><![CDATA[288]]></id_order_invoice>
<type><![CDATA[shipping]]></type>
<id_tax><![CDATA[1]]></id_tax>
<amount><![CDATA[1.302000]]></amount>
</order_invoice_tax>
<order_invoice_tax><id_order_invoice><![CDATA[289]]></id_order_invoice>
<type><![CDATA[shipping]]></type>
<id_tax><![CDATA[5]]></id_tax>
<amount><![CDATA[0.000000]]></amount>
</order_invoice_tax>
<order_invoice_tax><id_order_invoice><![CDATA[290]]></id_order_invoice>
<type><![CDATA[shipping]]></type>
<id_tax><![CDATA[1]]></id_tax>
<amount><![CDATA[1.476300]]></amount>
</order_invoice_tax>
<order_invoice_tax><id_order_invoice><![CDATA[291]]></id_order_invoice>
<type><![CDATA[shipping]]></type>
<id_tax><![CDATA[5]]></id_tax>
<amount><![CDATA[0.781200]]></amount>
</order_invoice_tax>
<order_invoice_tax><id_order_invoice><![CDATA[292]]></id_order_invoice>
<type><![CDATA[shipping]]></type>
<id_tax><![CDATA[5]]></id_tax>
<amount><![CDATA[0.781200]]></amount>
</order_invoice_tax>
<order_invoice_tax><id_order_invoice><![CDATA[293]]></id_order_invoice>
<type><![CDATA[shipping]]></type>
<id_tax><![CDATA[5]]></id_tax>
<amount><![CDATA[0.781200]]></amount>
</order_invoice_tax>
<order_invoice_tax><id_order_invoice><![CDATA[294]]></id_order_invoice>
<type><![CDATA[shipping]]></type>
<id_tax><![CDATA[5]]></id_tax>
<amount><![CDATA[0.781200]]></amount>
</order_invoice_tax>
<order_invoice_tax><id_order_invoice><![CDATA[295]]></id_order_invoice>
<type><![CDATA[shipping]]></type>
<id_tax><![CDATA[1]]></id_tax>
<amount><![CDATA[1.476300]]></amount>
</order_invoice_tax>
<order_invoice_tax><id_order_invoice><![CDATA[296]]></id_order_invoice>
<type><![CDATA[shipping]]></type>
<id_tax><![CDATA[5]]></id_tax>
<amount><![CDATA[0.781200]]></amount>
</order_invoice_tax>
<order_invoice_tax><id_order_invoice><![CDATA[297]]></id_order_invoice>
<type><![CDATA[shipping]]></type>
<id_tax><![CDATA[5]]></id_tax>
<amount><![CDATA[0.781200]]></amount>
</order_invoice_tax>
<order_invoice_tax><id_order_invoice><![CDATA[298]]></id_order_invoice>
<type><![CDATA[shipping]]></type>
<id_tax><![CDATA[5]]></id_tax>
<amount><![CDATA[0.781200]]></amount>
</order_invoice_tax>
<order_invoice_tax><id_order_invoice><![CDATA[299]]></id_order_invoice>
<type><![CDATA[shipping]]></type>
<id_tax><![CDATA[1]]></id_tax>
<amount><![CDATA[0.781200]]></amount>
</order_invoice_tax>
<order_invoice_tax><id_order_invoice><![CDATA[300]]></id_order_invoice>
<type><![CDATA[shipping]]></type>
<id_tax><![CDATA[5]]></id_tax>
<amount><![CDATA[0.781200]]></amount>
</order_invoice_tax>
<order_invoice_tax><id_order_invoice><![CDATA[301]]></id_order_invoice>
<type><![CDATA[shipping]]></type>
<id_tax><![CDATA[5]]></id_tax>
<amount><![CDATA[0.781200]]></amount>
</order_invoice_tax>
<order_invoice_tax><id_order_invoice><![CDATA[302]]></id_order_invoice>
<type><![CDATA[shipping]]></type>
<id_tax><![CDATA[5]]></id_tax>
<amount><![CDATA[0.000000]]></amount>
</order_invoice_tax>
<order_invoice_tax><id_order_invoice><![CDATA[303]]></id_order_invoice>
<type><![CDATA[shipping]]></type>
<id_tax><![CDATA[5]]></id_tax>
<amount><![CDATA[0.781200]]></amount>
</order_invoice_tax>
<order_invoice_tax><id_order_invoice><![CDATA[304]]></id_order_invoice>
<type><![CDATA[shipping]]></type>
<id_tax><![CDATA[5]]></id_tax>
<amount><![CDATA[0.781200]]></amount>
</order_invoice_tax>
<order_invoice_tax><id_order_invoice><![CDATA[305]]></id_order_invoice>
<type><![CDATA[shipping]]></type>
<id_tax><![CDATA[5]]></id_tax>
<amount><![CDATA[0.781200]]></amount>
</order_invoice_tax>
<order_invoice_tax><id_order_invoice><![CDATA[306]]></id_order_invoice>
<type><![CDATA[shipping]]></type>
<id_tax><![CDATA[1]]></id_tax>
<amount><![CDATA[1.302000]]></amount>
</order_invoice_tax>
<order_invoice_tax><id_order_invoice><![CDATA[307]]></id_order_invoice>
<type><![CDATA[shipping]]></type>
<id_tax><![CDATA[5]]></id_tax>
<amount><![CDATA[0.781200]]></amount>
</order_invoice_tax>
<order_invoice_tax><id_order_invoice><![CDATA[308]]></id_order_invoice>
<type><![CDATA[shipping]]></type>
<id_tax><![CDATA[5]]></id_tax>
<amount><![CDATA[0.781200]]></amount>
</order_invoice_tax>
<order_invoice_tax><id_order_invoice><![CDATA[309]]></id_order_invoice>
<type><![CDATA[shipping]]></type>
<id_tax><![CDATA[5]]></id_tax>
<amount><![CDATA[0.781200]]></amount>
</order_invoice_tax>
<order_invoice_tax><id_order_invoice><![CDATA[310]]></id_order_invoice>
<type><![CDATA[shipping]]></type>
<id_tax><![CDATA[5]]></id_tax>
<amount><![CDATA[0.781200]]></amount>
</order_invoice_tax>
<order_invoice_tax><id_order_invoice><![CDATA[311]]></id_order_invoice>
<type><![CDATA[shipping]]></type>
<id_tax><![CDATA[5]]></id_tax>
<amount><![CDATA[0.781200]]></amount>
</order_invoice_tax>
<order_invoice_tax><id_order_invoice><![CDATA[312]]></id_order_invoice>
<type><![CDATA[shipping]]></type>
<id_tax><![CDATA[5]]></id_tax>
<amount><![CDATA[0.781200]]></amount>
</order_invoice_tax>
<order_invoice_tax><id_order_invoice><![CDATA[313]]></id_order_invoice>
<type><![CDATA[shipping]]></type>
<id_tax><![CDATA[1]]></id_tax>
<amount><![CDATA[0.000000]]></amount>
</order_invoice_tax>
<order_invoice_tax><id_order_invoice><![CDATA[314]]></id_order_invoice>
<type><![CDATA[shipping]]></type>
<id_tax><![CDATA[1]]></id_tax>
<amount><![CDATA[1.476300]]></amount>
</order_invoice_tax>
<order_invoice_tax><id_order_invoice><![CDATA[315]]></id_order_invoice>
<type><![CDATA[shipping]]></type>
<id_tax><![CDATA[5]]></id_tax>
<amount><![CDATA[0.781200]]></amount>
</order_invoice_tax>
<order_invoice_tax><id_order_invoice><![CDATA[316]]></id_order_invoice>
<type><![CDATA[shipping]]></type>
<id_tax><![CDATA[5]]></id_tax>
<amount><![CDATA[0.000000]]></amount>
</order_invoice_tax>
<order_invoice_tax><id_order_invoice><![CDATA[317]]></id_order_invoice>
<type><![CDATA[shipping]]></type>
<id_tax><![CDATA[5]]></id_tax>
<amount><![CDATA[0.781200]]></amount>
</order_invoice_tax>
<order_invoice_tax><id_order_invoice><![CDATA[318]]></id_order_invoice>
<type><![CDATA[shipping]]></type>
<id_tax><![CDATA[5]]></id_tax>
<amount><![CDATA[0.781200]]></amount>
</order_invoice_tax>
<order_invoice_tax><id_order_invoice><![CDATA[319]]></id_order_invoice>
<type><![CDATA[shipping]]></type>
<id_tax><![CDATA[5]]></id_tax>
<amount><![CDATA[0.781200]]></amount>
</order_invoice_tax>
<order_invoice_tax><id_order_invoice><![CDATA[320]]></id_order_invoice>
<type><![CDATA[shipping]]></type>
<id_tax><![CDATA[1]]></id_tax>
<amount><![CDATA[1.476300]]></amount>
</order_invoice_tax>
<order_invoice_tax><id_order_invoice><![CDATA[321]]></id_order_invoice>
<type><![CDATA[shipping]]></type>
<id_tax><![CDATA[5]]></id_tax>
<amount><![CDATA[0.781200]]></amount>
</order_invoice_tax>
<order_invoice_tax><id_order_invoice><![CDATA[322]]></id_order_invoice>
<type><![CDATA[shipping]]></type>
<id_tax><![CDATA[5]]></id_tax>
<amount><![CDATA[0.781200]]></amount>
</order_invoice_tax>
<order_invoice_tax><id_order_invoice><![CDATA[323]]></id_order_invoice>
<type><![CDATA[shipping]]></type>
<id_tax><![CDATA[5]]></id_tax>
<amount><![CDATA[0.781200]]></amount>
</order_invoice_tax>
<order_invoice_tax><id_order_invoice><![CDATA[324]]></id_order_invoice>
<type><![CDATA[shipping]]></type>
<id_tax><![CDATA[5]]></id_tax>
<amount><![CDATA[0.781200]]></amount>
</order_invoice_tax>
<order_invoice_tax><id_order_invoice><![CDATA[325]]></id_order_invoice>
<type><![CDATA[shipping]]></type>
<id_tax><![CDATA[5]]></id_tax>
<amount><![CDATA[0.781200]]></amount>
</order_invoice_tax>
<order_invoice_tax><id_order_invoice><![CDATA[326]]></id_order_invoice>
<type><![CDATA[shipping]]></type>
<id_tax><![CDATA[5]]></id_tax>
<amount><![CDATA[0.000000]]></amount>
</order_invoice_tax>
<order_invoice_tax><id_order_invoice><![CDATA[327]]></id_order_invoice>
<type><![CDATA[shipping]]></type>
<id_tax><![CDATA[5]]></id_tax>
<amount><![CDATA[0.781200]]></amount>
</order_invoice_tax>
<order_invoice_tax><id_order_invoice><![CDATA[328]]></id_order_invoice>
<type><![CDATA[shipping]]></type>
<id_tax><![CDATA[5]]></id_tax>
<amount><![CDATA[0.000000]]></amount>
</order_invoice_tax>
<order_invoice_tax><id_order_invoice><![CDATA[329]]></id_order_invoice>
<type><![CDATA[shipping]]></type>
<id_tax><![CDATA[5]]></id_tax>
<amount><![CDATA[0.781200]]></amount>
</order_invoice_tax>
<order_invoice_tax><id_order_invoice><![CDATA[330]]></id_order_invoice>
<type><![CDATA[shipping]]></type>
<id_tax><![CDATA[5]]></id_tax>
<amount><![CDATA[0.781200]]></amount>
</order_invoice_tax>
<order_invoice_tax><id_order_invoice><![CDATA[331]]></id_order_invoice>
<type><![CDATA[shipping]]></type>
<id_tax><![CDATA[5]]></id_tax>
<amount><![CDATA[0.000000]]></amount>
</order_invoice_tax>
<order_invoice_tax><id_order_invoice><![CDATA[332]]></id_order_invoice>
<type><![CDATA[shipping]]></type>
<id_tax><![CDATA[5]]></id_tax>
<amount><![CDATA[0.781200]]></amount>
</order_invoice_tax>
<order_invoice_tax><id_order_invoice><![CDATA[333]]></id_order_invoice>
<type><![CDATA[shipping]]></type>
<id_tax><![CDATA[5]]></id_tax>
<amount><![CDATA[0.781200]]></amount>
</order_invoice_tax>
<order_invoice_tax><id_order_invoice><![CDATA[334]]></id_order_invoice>
<type><![CDATA[shipping]]></type>
<id_tax><![CDATA[5]]></id_tax>
<amount><![CDATA[0.781200]]></amount>
</order_invoice_tax>
<order_invoice_tax><id_order_invoice><![CDATA[335]]></id_order_invoice>
<type><![CDATA[shipping]]></type>
<id_tax><![CDATA[5]]></id_tax>
<amount><![CDATA[0.781200]]></amount>
</order_invoice_tax>
<order_invoice_tax><id_order_invoice><![CDATA[336]]></id_order_invoice>
<type><![CDATA[shipping]]></type>
<id_tax><![CDATA[5]]></id_tax>
<amount><![CDATA[0.781200]]></amount>
</order_invoice_tax>
<order_invoice_tax><id_order_invoice><![CDATA[337]]></id_order_invoice>
<type><![CDATA[shipping]]></type>
<id_tax><![CDATA[5]]></id_tax>
<amount><![CDATA[0.781200]]></amount>
</order_invoice_tax>
<order_invoice_tax><id_order_invoice><![CDATA[338]]></id_order_invoice>
<type><![CDATA[shipping]]></type>
<id_tax><![CDATA[5]]></id_tax>
<amount><![CDATA[0.781200]]></amount>
</order_invoice_tax>
<order_invoice_tax><id_order_invoice><![CDATA[339]]></id_order_invoice>
<type><![CDATA[shipping]]></type>
<id_tax><![CDATA[1]]></id_tax>
<amount><![CDATA[0.000000]]></amount>
</order_invoice_tax>
<order_invoice_tax><id_order_invoice><![CDATA[340]]></id_order_invoice>
<type><![CDATA[shipping]]></type>
<id_tax><![CDATA[5]]></id_tax>
<amount><![CDATA[0.781200]]></amount>
</order_invoice_tax>
<order_invoice_tax><id_order_invoice><![CDATA[341]]></id_order_invoice>
<type><![CDATA[shipping]]></type>
<id_tax><![CDATA[5]]></id_tax>
<amount><![CDATA[0.000000]]></amount>
</order_invoice_tax>
<order_invoice_tax><id_order_invoice><![CDATA[342]]></id_order_invoice>
<type><![CDATA[shipping]]></type>
<id_tax><![CDATA[1]]></id_tax>
<amount><![CDATA[1.476300]]></amount>
</order_invoice_tax>
<order_invoice_tax><id_order_invoice><![CDATA[343]]></id_order_invoice>
<type><![CDATA[shipping]]></type>
<id_tax><![CDATA[1]]></id_tax>
<amount><![CDATA[0.781200]]></amount>
</order_invoice_tax>
<order_invoice_tax><id_order_invoice><![CDATA[344]]></id_order_invoice>
<type><![CDATA[shipping]]></type>
<id_tax><![CDATA[5]]></id_tax>
<amount><![CDATA[0.781200]]></amount>
</order_invoice_tax>
<order_invoice_tax><id_order_invoice><![CDATA[345]]></id_order_invoice>
<type><![CDATA[shipping]]></type>
<id_tax><![CDATA[5]]></id_tax>
<amount><![CDATA[0.000000]]></amount>
</order_invoice_tax>
<order_invoice_tax><id_order_invoice><![CDATA[346]]></id_order_invoice>
<type><![CDATA[shipping]]></type>
<id_tax><![CDATA[5]]></id_tax>
<amount><![CDATA[0.000000]]></amount>
</order_invoice_tax>
<order_invoice_tax><id_order_invoice><![CDATA[347]]></id_order_invoice>
<type><![CDATA[shipping]]></type>
<id_tax><![CDATA[5]]></id_tax>
<amount><![CDATA[0.781200]]></amount>
</order_invoice_tax>
<order_invoice_tax><id_order_invoice><![CDATA[348]]></id_order_invoice>
<type><![CDATA[shipping]]></type>
<id_tax><![CDATA[5]]></id_tax>
<amount><![CDATA[0.781200]]></amount>
</order_invoice_tax>
<order_invoice_tax><id_order_invoice><![CDATA[349]]></id_order_invoice>
<type><![CDATA[shipping]]></type>
<id_tax><![CDATA[5]]></id_tax>
<amount><![CDATA[1.127700]]></amount>
</order_invoice_tax>
<order_invoice_tax><id_order_invoice><![CDATA[350]]></id_order_invoice>
<type><![CDATA[shipping]]></type>
<id_tax><![CDATA[5]]></id_tax>
<amount><![CDATA[0.000000]]></amount>
</order_invoice_tax>
<order_invoice_tax><id_order_invoice><![CDATA[351]]></id_order_invoice>
<type><![CDATA[shipping]]></type>
<id_tax><![CDATA[5]]></id_tax>
<amount><![CDATA[0.000000]]></amount>
</order_invoice_tax>
<order_invoice_tax><id_order_invoice><![CDATA[352]]></id_order_invoice>
<type><![CDATA[shipping]]></type>
<id_tax><![CDATA[5]]></id_tax>
<amount><![CDATA[0.781200]]></amount>
</order_invoice_tax>
<order_invoice_tax><id_order_invoice><![CDATA[353]]></id_order_invoice>
<type><![CDATA[shipping]]></type>
<id_tax><![CDATA[5]]></id_tax>
<amount><![CDATA[0.000000]]></amount>
</order_invoice_tax>
<order_invoice_tax><id_order_invoice><![CDATA[354]]></id_order_invoice>
<type><![CDATA[shipping]]></type>
<id_tax><![CDATA[5]]></id_tax>
<amount><![CDATA[0.000000]]></amount>
</order_invoice_tax>
<order_invoice_tax><id_order_invoice><![CDATA[355]]></id_order_invoice>
<type><![CDATA[shipping]]></type>
<id_tax><![CDATA[5]]></id_tax>
<amount><![CDATA[0.781200]]></amount>
</order_invoice_tax>
<order_invoice_tax><id_order_invoice><![CDATA[356]]></id_order_invoice>
<type><![CDATA[shipping]]></type>
<id_tax><![CDATA[5]]></id_tax>
<amount><![CDATA[0.781200]]></amount>
</order_invoice_tax>
<order_invoice_tax><id_order_invoice><![CDATA[357]]></id_order_invoice>
<type><![CDATA[shipping]]></type>
<id_tax><![CDATA[5]]></id_tax>
<amount><![CDATA[0.781200]]></amount>
</order_invoice_tax>
<order_invoice_tax><id_order_invoice><![CDATA[358]]></id_order_invoice>
<type><![CDATA[shipping]]></type>
<id_tax><![CDATA[5]]></id_tax>
<amount><![CDATA[0.000000]]></amount>
</order_invoice_tax>
<order_invoice_tax><id_order_invoice><![CDATA[359]]></id_order_invoice>
<type><![CDATA[shipping]]></type>
<id_tax><![CDATA[5]]></id_tax>
<amount><![CDATA[0.781200]]></amount>
</order_invoice_tax>
<order_invoice_tax><id_order_invoice><![CDATA[360]]></id_order_invoice>
<type><![CDATA[shipping]]></type>
<id_tax><![CDATA[5]]></id_tax>
<amount><![CDATA[0.000000]]></amount>
</order_invoice_tax>
<order_invoice_tax><id_order_invoice><![CDATA[361]]></id_order_invoice>
<type><![CDATA[shipping]]></type>
<id_tax><![CDATA[1]]></id_tax>
<amount><![CDATA[1.545600]]></amount>
</order_invoice_tax>
<order_invoice_tax><id_order_invoice><![CDATA[362]]></id_order_invoice>
<type><![CDATA[shipping]]></type>
<id_tax><![CDATA[5]]></id_tax>
<amount><![CDATA[0.781200]]></amount>
</order_invoice_tax>
<order_invoice_tax><id_order_invoice><![CDATA[363]]></id_order_invoice>
<type><![CDATA[shipping]]></type>
<id_tax><![CDATA[5]]></id_tax>
<amount><![CDATA[0.781200]]></amount>
</order_invoice_tax>
<order_invoice_tax><id_order_invoice><![CDATA[364]]></id_order_invoice>
<type><![CDATA[shipping]]></type>
<id_tax><![CDATA[5]]></id_tax>
<amount><![CDATA[0.781200]]></amount>
</order_invoice_tax>
<order_invoice_tax><id_order_invoice><![CDATA[365]]></id_order_invoice>
<type><![CDATA[shipping]]></type>
<id_tax><![CDATA[5]]></id_tax>
<amount><![CDATA[0.781200]]></amount>
</order_invoice_tax>
<order_invoice_tax><id_order_invoice><![CDATA[366]]></id_order_invoice>
<type><![CDATA[shipping]]></type>
<id_tax><![CDATA[1]]></id_tax>
<amount><![CDATA[0.000000]]></amount>
</order_invoice_tax>
<order_invoice_tax><id_order_invoice><![CDATA[367]]></id_order_invoice>
<type><![CDATA[shipping]]></type>
<id_tax><![CDATA[5]]></id_tax>
<amount><![CDATA[0.781200]]></amount>
</order_invoice_tax>
<order_invoice_tax><id_order_invoice><![CDATA[368]]></id_order_invoice>
<type><![CDATA[shipping]]></type>
<id_tax><![CDATA[5]]></id_tax>
<amount><![CDATA[0.781200]]></amount>
</order_invoice_tax>
<order_invoice_tax><id_order_invoice><![CDATA[369]]></id_order_invoice>
<type><![CDATA[shipping]]></type>
<id_tax><![CDATA[1]]></id_tax>
<amount><![CDATA[1.509900]]></amount>
</order_invoice_tax>
<order_invoice_tax><id_order_invoice><![CDATA[370]]></id_order_invoice>
<type><![CDATA[shipping]]></type>
<id_tax><![CDATA[1]]></id_tax>
<amount><![CDATA[1.476300]]></amount>
</order_invoice_tax>
<order_invoice_tax><id_order_invoice><![CDATA[371]]></id_order_invoice>
<type><![CDATA[shipping]]></type>
<id_tax><![CDATA[5]]></id_tax>
<amount><![CDATA[0.000000]]></amount>
</order_invoice_tax>
<order_invoice_tax><id_order_invoice><![CDATA[372]]></id_order_invoice>
<type><![CDATA[shipping]]></type>
<id_tax><![CDATA[5]]></id_tax>
<amount><![CDATA[0.781200]]></amount>
</order_invoice_tax>
<order_invoice_tax><id_order_invoice><![CDATA[373]]></id_order_invoice>
<type><![CDATA[shipping]]></type>
<id_tax><![CDATA[1]]></id_tax>
<amount><![CDATA[0.000000]]></amount>
</order_invoice_tax>
<order_invoice_tax><id_order_invoice><![CDATA[374]]></id_order_invoice>
<type><![CDATA[shipping]]></type>
<id_tax><![CDATA[5]]></id_tax>
<amount><![CDATA[0.781200]]></amount>
</order_invoice_tax>
<order_invoice_tax><id_order_invoice><![CDATA[375]]></id_order_invoice>
<type><![CDATA[shipping]]></type>
<id_tax><![CDATA[5]]></id_tax>
<amount><![CDATA[0.000000]]></amount>
</order_invoice_tax>
<order_invoice_tax><id_order_invoice><![CDATA[376]]></id_order_invoice>
<type><![CDATA[shipping]]></type>
<id_tax><![CDATA[1]]></id_tax>
<amount><![CDATA[1.302000]]></amount>
</order_invoice_tax>
<order_invoice_tax><id_order_invoice><![CDATA[377]]></id_order_invoice>
<type><![CDATA[shipping]]></type>
<id_tax><![CDATA[5]]></id_tax>
<amount><![CDATA[0.781200]]></amount>
</order_invoice_tax>
<order_invoice_tax><id_order_invoice><![CDATA[378]]></id_order_invoice>
<type><![CDATA[shipping]]></type>
<id_tax><![CDATA[5]]></id_tax>
<amount><![CDATA[0.000000]]></amount>
</order_invoice_tax>
<order_invoice_tax><id_order_invoice><![CDATA[379]]></id_order_invoice>
<type><![CDATA[shipping]]></type>
<id_tax><![CDATA[1]]></id_tax>
<amount><![CDATA[0.000000]]></amount>
</order_invoice_tax>
<order_invoice_tax><id_order_invoice><![CDATA[380]]></id_order_invoice>
<type><![CDATA[shipping]]></type>
<id_tax><![CDATA[1]]></id_tax>
<amount><![CDATA[0.000000]]></amount>
</order_invoice_tax>
<order_invoice_tax><id_order_invoice><![CDATA[381]]></id_order_invoice>
<type><![CDATA[shipping]]></type>
<id_tax><![CDATA[5]]></id_tax>
<amount><![CDATA[0.781200]]></amount>
</order_invoice_tax>
<order_invoice_tax><id_order_invoice><![CDATA[382]]></id_order_invoice>
<type><![CDATA[shipping]]></type>
<id_tax><![CDATA[5]]></id_tax>
<amount><![CDATA[0.781200]]></amount>
</order_invoice_tax>
<order_invoice_tax><id_order_invoice><![CDATA[383]]></id_order_invoice>
<type><![CDATA[shipping]]></type>
<id_tax><![CDATA[1]]></id_tax>
<amount><![CDATA[1.509900]]></amount>
</order_invoice_tax>
<order_invoice_tax><id_order_invoice><![CDATA[384]]></id_order_invoice>
<type><![CDATA[shipping]]></type>
<id_tax><![CDATA[1]]></id_tax>
<amount><![CDATA[0.781200]]></amount>
</order_invoice_tax>
<order_invoice_tax><id_order_invoice><![CDATA[385]]></id_order_invoice>
<type><![CDATA[shipping]]></type>
<id_tax><![CDATA[1]]></id_tax>
<amount><![CDATA[1.509900]]></amount>
</order_invoice_tax>
<order_invoice_tax><id_order_invoice><![CDATA[386]]></id_order_invoice>
<type><![CDATA[shipping]]></type>
<id_tax><![CDATA[1]]></id_tax>
<amount><![CDATA[1.545600]]></amount>
</order_invoice_tax>
<order_invoice_tax><id_order_invoice><![CDATA[387]]></id_order_invoice>
<type><![CDATA[shipping]]></type>
<id_tax><![CDATA[5]]></id_tax>
<amount><![CDATA[0.781200]]></amount>
</order_invoice_tax>
<order_invoice_tax><id_order_invoice><![CDATA[388]]></id_order_invoice>
<type><![CDATA[shipping]]></type>
<id_tax><![CDATA[5]]></id_tax>
<amount><![CDATA[0.000000]]></amount>
</order_invoice_tax>
<order_invoice_tax><id_order_invoice><![CDATA[389]]></id_order_invoice>
<type><![CDATA[shipping]]></type>
<id_tax><![CDATA[5]]></id_tax>
<amount><![CDATA[0.781200]]></amount>
</order_invoice_tax>
<order_invoice_tax><id_order_invoice><![CDATA[390]]></id_order_invoice>
<type><![CDATA[shipping]]></type>
<id_tax><![CDATA[5]]></id_tax>
<amount><![CDATA[0.781200]]></amount>
</order_invoice_tax>
<order_invoice_tax><id_order_invoice><![CDATA[391]]></id_order_invoice>
<type><![CDATA[shipping]]></type>
<id_tax><![CDATA[5]]></id_tax>
<amount><![CDATA[0.781200]]></amount>
</order_invoice_tax>
<order_invoice_tax><id_order_invoice><![CDATA[392]]></id_order_invoice>
<type><![CDATA[shipping]]></type>
<id_tax><![CDATA[5]]></id_tax>
<amount><![CDATA[0.781200]]></amount>
</order_invoice_tax>
<order_invoice_tax><id_order_invoice><![CDATA[393]]></id_order_invoice>
<type><![CDATA[shipping]]></type>
<id_tax><![CDATA[5]]></id_tax>
<amount><![CDATA[0.000000]]></amount>
</order_invoice_tax>
<order_invoice_tax><id_order_invoice><![CDATA[394]]></id_order_invoice>
<type><![CDATA[shipping]]></type>
<id_tax><![CDATA[5]]></id_tax>
<amount><![CDATA[0.781200]]></amount>
</order_invoice_tax>
<order_invoice_tax><id_order_invoice><![CDATA[395]]></id_order_invoice>
<type><![CDATA[shipping]]></type>
<id_tax><![CDATA[5]]></id_tax>
<amount><![CDATA[0.781200]]></amount>
</order_invoice_tax>
<order_invoice_tax><id_order_invoice><![CDATA[396]]></id_order_invoice>
<type><![CDATA[shipping]]></type>
<id_tax><![CDATA[5]]></id_tax>
<amount><![CDATA[0.000000]]></amount>
</order_invoice_tax>
<order_invoice_tax><id_order_invoice><![CDATA[397]]></id_order_invoice>
<type><![CDATA[shipping]]></type>
<id_tax><![CDATA[5]]></id_tax>
<amount><![CDATA[0.000000]]></amount>
</order_invoice_tax>
<order_invoice_tax><id_order_invoice><![CDATA[398]]></id_order_invoice>
<type><![CDATA[shipping]]></type>
<id_tax><![CDATA[5]]></id_tax>
<amount><![CDATA[0.781200]]></amount>
</order_invoice_tax>
<order_invoice_tax><id_order_invoice><![CDATA[399]]></id_order_invoice>
<type><![CDATA[shipping]]></type>
<id_tax><![CDATA[5]]></id_tax>
<amount><![CDATA[0.781200]]></amount>
</order_invoice_tax>
<order_invoice_tax><id_order_invoice><![CDATA[400]]></id_order_invoice>
<type><![CDATA[shipping]]></type>
<id_tax><![CDATA[5]]></id_tax>
<amount><![CDATA[0.781200]]></amount>
</order_invoice_tax>
<order_invoice_tax><id_order_invoice><![CDATA[401]]></id_order_invoice>
<type><![CDATA[shipping]]></type>
<id_tax><![CDATA[1]]></id_tax>
<amount><![CDATA[1.476300]]></amount>
</order_invoice_tax>
<order_invoice_tax><id_order_invoice><![CDATA[402]]></id_order_invoice>
<type><![CDATA[shipping]]></type>
<id_tax><![CDATA[1]]></id_tax>
<amount><![CDATA[1.476300]]></amount>
</order_invoice_tax>
<order_invoice_tax><id_order_invoice><![CDATA[403]]></id_order_invoice>
<type><![CDATA[shipping]]></type>
<id_tax><![CDATA[5]]></id_tax>
<amount><![CDATA[0.781200]]></amount>
</order_invoice_tax>
<order_invoice_tax><id_order_invoice><![CDATA[404]]></id_order_invoice>
<type><![CDATA[shipping]]></type>
<id_tax><![CDATA[5]]></id_tax>
<amount><![CDATA[0.781200]]></amount>
</order_invoice_tax>
<order_invoice_tax><id_order_invoice><![CDATA[405]]></id_order_invoice>
<type><![CDATA[shipping]]></type>
<id_tax><![CDATA[5]]></id_tax>
<amount><![CDATA[0.781200]]></amount>
</order_invoice_tax>
<order_invoice_tax><id_order_invoice><![CDATA[406]]></id_order_invoice>
<type><![CDATA[shipping]]></type>
<id_tax><![CDATA[1]]></id_tax>
<amount><![CDATA[1.476300]]></amount>
</order_invoice_tax>
<order_invoice_tax><id_order_invoice><![CDATA[407]]></id_order_invoice>
<type><![CDATA[shipping]]></type>
<id_tax><![CDATA[1]]></id_tax>
<amount><![CDATA[1.476300]]></amount>
</order_invoice_tax>
<order_invoice_tax><id_order_invoice><![CDATA[408]]></id_order_invoice>
<type><![CDATA[shipping]]></type>
<id_tax><![CDATA[1]]></id_tax>
<amount><![CDATA[0.000000]]></amount>
</order_invoice_tax>
<order_invoice_tax><id_order_invoice><![CDATA[409]]></id_order_invoice>
<type><![CDATA[shipping]]></type>
<id_tax><![CDATA[5]]></id_tax>
<amount><![CDATA[0.000000]]></amount>
</order_invoice_tax>
<order_invoice_tax><id_order_invoice><![CDATA[410]]></id_order_invoice>
<type><![CDATA[shipping]]></type>
<id_tax><![CDATA[5]]></id_tax>
<amount><![CDATA[0.781200]]></amount>
</order_invoice_tax>
<order_invoice_tax><id_order_invoice><![CDATA[411]]></id_order_invoice>
<type><![CDATA[shipping]]></type>
<id_tax><![CDATA[1]]></id_tax>
<amount><![CDATA[0.781200]]></amount>
</order_invoice_tax>
<order_invoice_tax><id_order_invoice><![CDATA[412]]></id_order_invoice>
<type><![CDATA[shipping]]></type>
<id_tax><![CDATA[5]]></id_tax>
<amount><![CDATA[0.000000]]></amount>
</order_invoice_tax>
<order_invoice_tax><id_order_invoice><![CDATA[413]]></id_order_invoice>
<type><![CDATA[shipping]]></type>
<id_tax><![CDATA[5]]></id_tax>
<amount><![CDATA[0.000000]]></amount>
</order_invoice_tax>
<order_invoice_tax><id_order_invoice><![CDATA[414]]></id_order_invoice>
<type><![CDATA[shipping]]></type>
<id_tax><![CDATA[5]]></id_tax>
<amount><![CDATA[0.000000]]></amount>
</order_invoice_tax>
<order_invoice_tax><id_order_invoice><![CDATA[415]]></id_order_invoice>
<type><![CDATA[shipping]]></type>
<id_tax><![CDATA[5]]></id_tax>
<amount><![CDATA[0.781200]]></amount>
</order_invoice_tax>
<order_invoice_tax><id_order_invoice><![CDATA[416]]></id_order_invoice>
<type><![CDATA[shipping]]></type>
<id_tax><![CDATA[5]]></id_tax>
<amount><![CDATA[0.781200]]></amount>
</order_invoice_tax>
<order_invoice_tax><id_order_invoice><![CDATA[417]]></id_order_invoice>
<type><![CDATA[shipping]]></type>
<id_tax><![CDATA[5]]></id_tax>
<amount><![CDATA[0.781200]]></amount>
</order_invoice_tax>
<order_invoice_tax><id_order_invoice><![CDATA[418]]></id_order_invoice>
<type><![CDATA[shipping]]></type>
<id_tax><![CDATA[5]]></id_tax>
<amount><![CDATA[0.000000]]></amount>
</order_invoice_tax>
<order_invoice_tax><id_order_invoice><![CDATA[419]]></id_order_invoice>
<type><![CDATA[shipping]]></type>
<id_tax><![CDATA[5]]></id_tax>
<amount><![CDATA[0.000000]]></amount>
</order_invoice_tax>
<order_invoice_tax><id_order_invoice><![CDATA[420]]></id_order_invoice>
<type><![CDATA[shipping]]></type>
<id_tax><![CDATA[5]]></id_tax>
<amount><![CDATA[0.000000]]></amount>
</order_invoice_tax>
<order_invoice_tax><id_order_invoice><![CDATA[421]]></id_order_invoice>
<type><![CDATA[shipping]]></type>
<id_tax><![CDATA[5]]></id_tax>
<amount><![CDATA[0.781200]]></amount>
</order_invoice_tax>
<order_invoice_tax><id_order_invoice><![CDATA[422]]></id_order_invoice>
<type><![CDATA[shipping]]></type>
<id_tax><![CDATA[1]]></id_tax>
<amount><![CDATA[1.476300]]></amount>
</order_invoice_tax>
<order_invoice_tax><id_order_invoice><![CDATA[423]]></id_order_invoice>
<type><![CDATA[shipping]]></type>
<id_tax><![CDATA[5]]></id_tax>
<amount><![CDATA[0.781200]]></amount>
</order_invoice_tax>
<order_invoice_tax><id_order_invoice><![CDATA[424]]></id_order_invoice>
<type><![CDATA[shipping]]></type>
<id_tax><![CDATA[5]]></id_tax>
<amount><![CDATA[0.000000]]></amount>
</order_invoice_tax>
<order_invoice_tax><id_order_invoice><![CDATA[425]]></id_order_invoice>
<type><![CDATA[shipping]]></type>
<id_tax><![CDATA[5]]></id_tax>
<amount><![CDATA[0.781200]]></amount>
</order_invoice_tax>
<order_invoice_tax><id_order_invoice><![CDATA[426]]></id_order_invoice>
<type><![CDATA[shipping]]></type>
<id_tax><![CDATA[5]]></id_tax>
<amount><![CDATA[0.781200]]></amount>
</order_invoice_tax>
<order_invoice_tax><id_order_invoice><![CDATA[427]]></id_order_invoice>
<type><![CDATA[shipping]]></type>
<id_tax><![CDATA[5]]></id_tax>
<amount><![CDATA[0.781200]]></amount>
</order_invoice_tax>
<order_invoice_tax><id_order_invoice><![CDATA[428]]></id_order_invoice>
<type><![CDATA[shipping]]></type>
<id_tax><![CDATA[5]]></id_tax>
<amount><![CDATA[0.000000]]></amount>
</order_invoice_tax>
<order_invoice_tax><id_order_invoice><![CDATA[429]]></id_order_invoice>
<type><![CDATA[shipping]]></type>
<id_tax><![CDATA[1]]></id_tax>
<amount><![CDATA[0.000000]]></amount>
</order_invoice_tax>
<order_invoice_tax><id_order_invoice><![CDATA[430]]></id_order_invoice>
<type><![CDATA[shipping]]></type>
<id_tax><![CDATA[1]]></id_tax>
<amount><![CDATA[0.000000]]></amount>
</order_invoice_tax>
<order_invoice_tax><id_order_invoice><![CDATA[431]]></id_order_invoice>
<type><![CDATA[shipping]]></type>
<id_tax><![CDATA[5]]></id_tax>
<amount><![CDATA[0.000000]]></amount>
</order_invoice_tax>
<order_invoice_tax><id_order_invoice><![CDATA[432]]></id_order_invoice>
<type><![CDATA[shipping]]></type>
<id_tax><![CDATA[5]]></id_tax>
<amount><![CDATA[0.781200]]></amount>
</order_invoice_tax>
<order_invoice_tax><id_order_invoice><![CDATA[433]]></id_order_invoice>
<type><![CDATA[shipping]]></type>
<id_tax><![CDATA[5]]></id_tax>
<amount><![CDATA[0.781200]]></amount>
</order_invoice_tax>
<order_invoice_tax><id_order_invoice><![CDATA[434]]></id_order_invoice>
<type><![CDATA[shipping]]></type>
<id_tax><![CDATA[5]]></id_tax>
<amount><![CDATA[0.781200]]></amount>
</order_invoice_tax>
<order_invoice_tax><id_order_invoice><![CDATA[435]]></id_order_invoice>
<type><![CDATA[shipping]]></type>
<id_tax><![CDATA[5]]></id_tax>
<amount><![CDATA[0.000000]]></amount>
</order_invoice_tax>
<order_invoice_tax><id_order_invoice><![CDATA[436]]></id_order_invoice>
<type><![CDATA[shipping]]></type>
<id_tax><![CDATA[1]]></id_tax>
<amount><![CDATA[1.302000]]></amount>
</order_invoice_tax>
<order_invoice_tax><id_order_invoice><![CDATA[437]]></id_order_invoice>
<type><![CDATA[shipping]]></type>
<id_tax><![CDATA[5]]></id_tax>
<amount><![CDATA[0.781200]]></amount>
</order_invoice_tax>
<order_invoice_tax><id_order_invoice><![CDATA[438]]></id_order_invoice>
<type><![CDATA[shipping]]></type>
<id_tax><![CDATA[1]]></id_tax>
<amount><![CDATA[1.302000]]></amount>
</order_invoice_tax>
<order_invoice_tax><id_order_invoice><![CDATA[439]]></id_order_invoice>
<type><![CDATA[shipping]]></type>
<id_tax><![CDATA[5]]></id_tax>
<amount><![CDATA[0.781200]]></amount>
</order_invoice_tax>
<order_invoice_tax><id_order_invoice><![CDATA[440]]></id_order_invoice>
<type><![CDATA[shipping]]></type>
<id_tax><![CDATA[1]]></id_tax>
<amount><![CDATA[1.545600]]></amount>
</order_invoice_tax>
<order_invoice_tax><id_order_invoice><![CDATA[441]]></id_order_invoice>
<type><![CDATA[shipping]]></type>
<id_tax><![CDATA[1]]></id_tax>
<amount><![CDATA[1.476300]]></amount>
</order_invoice_tax>
<order_invoice_tax><id_order_invoice><![CDATA[442]]></id_order_invoice>
<type><![CDATA[shipping]]></type>
<id_tax><![CDATA[5]]></id_tax>
<amount><![CDATA[0.781200]]></amount>
</order_invoice_tax>
<order_invoice_tax><id_order_invoice><![CDATA[443]]></id_order_invoice>
<type><![CDATA[shipping]]></type>
<id_tax><![CDATA[1]]></id_tax>
<amount><![CDATA[0.000000]]></amount>
</order_invoice_tax>
<order_invoice_tax><id_order_invoice><![CDATA[444]]></id_order_invoice>
<type><![CDATA[shipping]]></type>
<id_tax><![CDATA[5]]></id_tax>
<amount><![CDATA[0.781200]]></amount>
</order_invoice_tax>
<order_invoice_tax><id_order_invoice><![CDATA[445]]></id_order_invoice>
<type><![CDATA[shipping]]></type>
<id_tax><![CDATA[5]]></id_tax>
<amount><![CDATA[0.000000]]></amount>
</order_invoice_tax>
<order_invoice_tax><id_order_invoice><![CDATA[446]]></id_order_invoice>
<type><![CDATA[shipping]]></type>
<id_tax><![CDATA[5]]></id_tax>
<amount><![CDATA[0.000000]]></amount>
</order_invoice_tax>
<order_invoice_tax><id_order_invoice><![CDATA[447]]></id_order_invoice>
<type><![CDATA[shipping]]></type>
<id_tax><![CDATA[1]]></id_tax>
<amount><![CDATA[1.302000]]></amount>
</order_invoice_tax>
<order_invoice_tax><id_order_invoice><![CDATA[448]]></id_order_invoice>
<type><![CDATA[shipping]]></type>
<id_tax><![CDATA[1]]></id_tax>
<amount><![CDATA[1.476300]]></amount>
</order_invoice_tax>
<order_invoice_tax><id_order_invoice><![CDATA[449]]></id_order_invoice>
<type><![CDATA[shipping]]></type>
<id_tax><![CDATA[5]]></id_tax>
<amount><![CDATA[0.000000]]></amount>
</order_invoice_tax>
<order_invoice_tax><id_order_invoice><![CDATA[450]]></id_order_invoice>
<type><![CDATA[shipping]]></type>
<id_tax><![CDATA[1]]></id_tax>
<amount><![CDATA[1.302000]]></amount>
</order_invoice_tax>
<order_invoice_tax><id_order_invoice><![CDATA[451]]></id_order_invoice>
<type><![CDATA[shipping]]></type>
<id_tax><![CDATA[5]]></id_tax>
<amount><![CDATA[0.000000]]></amount>
</order_invoice_tax>
<order_invoice_tax><id_order_invoice><![CDATA[452]]></id_order_invoice>
<type><![CDATA[shipping]]></type>
<id_tax><![CDATA[5]]></id_tax>
<amount><![CDATA[0.781200]]></amount>
</order_invoice_tax>
<order_invoice_tax><id_order_invoice><![CDATA[453]]></id_order_invoice>
<type><![CDATA[shipping]]></type>
<id_tax><![CDATA[1]]></id_tax>
<amount><![CDATA[0.000000]]></amount>
</order_invoice_tax>
<order_invoice_tax><id_order_invoice><![CDATA[454]]></id_order_invoice>
<type><![CDATA[shipping]]></type>
<id_tax><![CDATA[5]]></id_tax>
<amount><![CDATA[0.781200]]></amount>
</order_invoice_tax>
<order_invoice_tax><id_order_invoice><![CDATA[455]]></id_order_invoice>
<type><![CDATA[shipping]]></type>
<id_tax><![CDATA[5]]></id_tax>
<amount><![CDATA[0.781200]]></amount>
</order_invoice_tax>
<order_invoice_tax><id_order_invoice><![CDATA[456]]></id_order_invoice>
<type><![CDATA[shipping]]></type>
<id_tax><![CDATA[5]]></id_tax>
<amount><![CDATA[0.000000]]></amount>
</order_invoice_tax>
<order_invoice_tax><id_order_invoice><![CDATA[457]]></id_order_invoice>
<type><![CDATA[shipping]]></type>
<id_tax><![CDATA[5]]></id_tax>
<amount><![CDATA[0.000000]]></amount>
</order_invoice_tax>
<order_invoice_tax><id_order_invoice><![CDATA[458]]></id_order_invoice>
<type><![CDATA[shipping]]></type>
<id_tax><![CDATA[5]]></id_tax>
<amount><![CDATA[0.000000]]></amount>
</order_invoice_tax>
<order_invoice_tax><id_order_invoice><![CDATA[459]]></id_order_invoice>
<type><![CDATA[shipping]]></type>
<id_tax><![CDATA[5]]></id_tax>
<amount><![CDATA[0.781200]]></amount>
</order_invoice_tax>
<order_invoice_tax><id_order_invoice><![CDATA[460]]></id_order_invoice>
<type><![CDATA[shipping]]></type>
<id_tax><![CDATA[5]]></id_tax>
<amount><![CDATA[0.000000]]></amount>
</order_invoice_tax>
<order_invoice_tax><id_order_invoice><![CDATA[461]]></id_order_invoice>
<type><![CDATA[shipping]]></type>
<id_tax><![CDATA[5]]></id_tax>
<amount><![CDATA[0.000000]]></amount>
</order_invoice_tax>
<order_invoice_tax><id_order_invoice><![CDATA[462]]></id_order_invoice>
<type><![CDATA[shipping]]></type>
<id_tax><![CDATA[5]]></id_tax>
<amount><![CDATA[0.000000]]></amount>
</order_invoice_tax>
<order_invoice_tax><id_order_invoice><![CDATA[463]]></id_order_invoice>
<type><![CDATA[shipping]]></type>
<id_tax><![CDATA[1]]></id_tax>
<amount><![CDATA[0.781200]]></amount>
</order_invoice_tax>
<order_invoice_tax><id_order_invoice><![CDATA[464]]></id_order_invoice>
<type><![CDATA[shipping]]></type>
<id_tax><![CDATA[5]]></id_tax>
<amount><![CDATA[0.781200]]></amount>
</order_invoice_tax>
<order_invoice_tax><id_order_invoice><![CDATA[465]]></id_order_invoice>
<type><![CDATA[shipping]]></type>
<id_tax><![CDATA[5]]></id_tax>
<amount><![CDATA[0.781200]]></amount>
</order_invoice_tax>
<order_invoice_tax><id_order_invoice><![CDATA[466]]></id_order_invoice>
<type><![CDATA[shipping]]></type>
<id_tax><![CDATA[5]]></id_tax>
<amount><![CDATA[0.781200]]></amount>
</order_invoice_tax>
<order_invoice_tax><id_order_invoice><![CDATA[467]]></id_order_invoice>
<type><![CDATA[shipping]]></type>
<id_tax><![CDATA[5]]></id_tax>
<amount><![CDATA[0.000000]]></amount>
</order_invoice_tax>
<order_invoice_tax><id_order_invoice><![CDATA[468]]></id_order_invoice>
<type><![CDATA[shipping]]></type>
<id_tax><![CDATA[5]]></id_tax>
<amount><![CDATA[0.781200]]></amount>
</order_invoice_tax>
<order_invoice_tax><id_order_invoice><![CDATA[469]]></id_order_invoice>
<type><![CDATA[shipping]]></type>
<id_tax><![CDATA[5]]></id_tax>
<amount><![CDATA[0.781200]]></amount>
</order_invoice_tax>
<order_invoice_tax><id_order_invoice><![CDATA[470]]></id_order_invoice>
<type><![CDATA[shipping]]></type>
<id_tax><![CDATA[5]]></id_tax>
<amount><![CDATA[0.000000]]></amount>
</order_invoice_tax>
<order_invoice_tax><id_order_invoice><![CDATA[471]]></id_order_invoice>
<type><![CDATA[shipping]]></type>
<id_tax><![CDATA[5]]></id_tax>
<amount><![CDATA[0.000000]]></amount>
</order_invoice_tax>
<order_invoice_tax><id_order_invoice><![CDATA[472]]></id_order_invoice>
<type><![CDATA[shipping]]></type>
<id_tax><![CDATA[5]]></id_tax>
<amount><![CDATA[0.781200]]></amount>
</order_invoice_tax>
<order_invoice_tax><id_order_invoice><![CDATA[473]]></id_order_invoice>
<type><![CDATA[shipping]]></type>
<id_tax><![CDATA[5]]></id_tax>
<amount><![CDATA[0.781200]]></amount>
</order_invoice_tax>
<order_invoice_tax><id_order_invoice><![CDATA[474]]></id_order_invoice>
<type><![CDATA[shipping]]></type>
<id_tax><![CDATA[1]]></id_tax>
<amount><![CDATA[1.476300]]></amount>
</order_invoice_tax>
<order_invoice_tax><id_order_invoice><![CDATA[475]]></id_order_invoice>
<type><![CDATA[shipping]]></type>
<id_tax><![CDATA[5]]></id_tax>
<amount><![CDATA[0.781200]]></amount>
</order_invoice_tax>
<order_invoice_tax><id_order_invoice><![CDATA[476]]></id_order_invoice>
<type><![CDATA[shipping]]></type>
<id_tax><![CDATA[5]]></id_tax>
<amount><![CDATA[0.781200]]></amount>
</order_invoice_tax>
<order_invoice_tax><id_order_invoice><![CDATA[477]]></id_order_invoice>
<type><![CDATA[shipping]]></type>
<id_tax><![CDATA[5]]></id_tax>
<amount><![CDATA[0.000000]]></amount>
</order_invoice_tax>
<order_invoice_tax><id_order_invoice><![CDATA[478]]></id_order_invoice>
<type><![CDATA[shipping]]></type>
<id_tax><![CDATA[5]]></id_tax>
<amount><![CDATA[0.000000]]></amount>
</order_invoice_tax>
<order_invoice_tax><id_order_invoice><![CDATA[479]]></id_order_invoice>
<type><![CDATA[shipping]]></type>
<id_tax><![CDATA[5]]></id_tax>
<amount><![CDATA[0.000000]]></amount>
</order_invoice_tax>
<order_invoice_tax><id_order_invoice><![CDATA[480]]></id_order_invoice>
<type><![CDATA[shipping]]></type>
<id_tax><![CDATA[5]]></id_tax>
<amount><![CDATA[0.000000]]></amount>
</order_invoice_tax>
<order_invoice_tax><id_order_invoice><![CDATA[481]]></id_order_invoice>
<type><![CDATA[shipping]]></type>
<id_tax><![CDATA[1]]></id_tax>
<amount><![CDATA[0.781200]]></amount>
</order_invoice_tax>
<order_invoice_tax><id_order_invoice><![CDATA[482]]></id_order_invoice>
<type><![CDATA[shipping]]></type>
<id_tax><![CDATA[5]]></id_tax>
<amount><![CDATA[0.781200]]></amount>
</order_invoice_tax>
<order_invoice_tax><id_order_invoice><![CDATA[483]]></id_order_invoice>
<type><![CDATA[shipping]]></type>
<id_tax><![CDATA[5]]></id_tax>
<amount><![CDATA[0.781200]]></amount>
</order_invoice_tax>
<order_invoice_tax><id_order_invoice><![CDATA[484]]></id_order_invoice>
<type><![CDATA[shipping]]></type>
<id_tax><![CDATA[5]]></id_tax>
<amount><![CDATA[0.781200]]></amount>
</order_invoice_tax>
<order_invoice_tax><id_order_invoice><![CDATA[485]]></id_order_invoice>
<type><![CDATA[shipping]]></type>
<id_tax><![CDATA[5]]></id_tax>
<amount><![CDATA[0.781200]]></amount>
</order_invoice_tax>
<order_invoice_tax><id_order_invoice><![CDATA[486]]></id_order_invoice>
<type><![CDATA[shipping]]></type>
<id_tax><![CDATA[5]]></id_tax>
<amount><![CDATA[0.781200]]></amount>
</order_invoice_tax>
<order_invoice_tax><id_order_invoice><![CDATA[487]]></id_order_invoice>
<type><![CDATA[shipping]]></type>
<id_tax><![CDATA[1]]></id_tax>
<amount><![CDATA[1.545600]]></amount>
</order_invoice_tax>
<order_invoice_tax><id_order_invoice><![CDATA[488]]></id_order_invoice>
<type><![CDATA[shipping]]></type>
<id_tax><![CDATA[5]]></id_tax>
<amount><![CDATA[0.781200]]></amount>
</order_invoice_tax>
<order_invoice_tax><id_order_invoice><![CDATA[489]]></id_order_invoice>
<type><![CDATA[shipping]]></type>
<id_tax><![CDATA[5]]></id_tax>
<amount><![CDATA[0.781200]]></amount>
</order_invoice_tax>
<order_invoice_tax><id_order_invoice><![CDATA[490]]></id_order_invoice>
<type><![CDATA[shipping]]></type>
<id_tax><![CDATA[5]]></id_tax>
<amount><![CDATA[0.000000]]></amount>
</order_invoice_tax>
<order_invoice_tax><id_order_invoice><![CDATA[491]]></id_order_invoice>
<type><![CDATA[shipping]]></type>
<id_tax><![CDATA[5]]></id_tax>
<amount><![CDATA[0.000000]]></amount>
</order_invoice_tax>
<order_invoice_tax><id_order_invoice><![CDATA[492]]></id_order_invoice>
<type><![CDATA[shipping]]></type>
<id_tax><![CDATA[5]]></id_tax>
<amount><![CDATA[0.781200]]></amount>
</order_invoice_tax>
<order_invoice_tax><id_order_invoice><![CDATA[493]]></id_order_invoice>
<type><![CDATA[shipping]]></type>
<id_tax><![CDATA[5]]></id_tax>
<amount><![CDATA[0.781200]]></amount>
</order_invoice_tax>
<order_invoice_tax><id_order_invoice><![CDATA[494]]></id_order_invoice>
<type><![CDATA[shipping]]></type>
<id_tax><![CDATA[5]]></id_tax>
<amount><![CDATA[0.781200]]></amount>
</order_invoice_tax>
<order_invoice_tax><id_order_invoice><![CDATA[495]]></id_order_invoice>
<type><![CDATA[shipping]]></type>
<id_tax><![CDATA[5]]></id_tax>
<amount><![CDATA[0.000000]]></amount>
</order_invoice_tax>
<order_invoice_tax><id_order_invoice><![CDATA[496]]></id_order_invoice>
<type><![CDATA[shipping]]></type>
<id_tax><![CDATA[5]]></id_tax>
<amount><![CDATA[0.781200]]></amount>
</order_invoice_tax>
<order_invoice_tax><id_order_invoice><![CDATA[497]]></id_order_invoice>
<type><![CDATA[shipping]]></type>
<id_tax><![CDATA[5]]></id_tax>
<amount><![CDATA[0.781200]]></amount>
</order_invoice_tax>
<order_invoice_tax><id_order_invoice><![CDATA[498]]></id_order_invoice>
<type><![CDATA[shipping]]></type>
<id_tax><![CDATA[1]]></id_tax>
<amount><![CDATA[0.000000]]></amount>
</order_invoice_tax>
<order_invoice_tax><id_order_invoice><![CDATA[499]]></id_order_invoice>
<type><![CDATA[shipping]]></type>
<id_tax><![CDATA[5]]></id_tax>
<amount><![CDATA[0.781200]]></amount>
</order_invoice_tax>
<order_invoice_tax><id_order_invoice><![CDATA[500]]></id_order_invoice>
<type><![CDATA[shipping]]></type>
<id_tax><![CDATA[5]]></id_tax>
<amount><![CDATA[0.781200]]></amount>
</order_invoice_tax>
<order_invoice_tax><id_order_invoice><![CDATA[501]]></id_order_invoice>
<type><![CDATA[shipping]]></type>
<id_tax><![CDATA[1]]></id_tax>
<amount><![CDATA[1.545600]]></amount>
</order_invoice_tax>
<order_invoice_tax><id_order_invoice><![CDATA[502]]></id_order_invoice>
<type><![CDATA[shipping]]></type>
<id_tax><![CDATA[5]]></id_tax>
<amount><![CDATA[0.781200]]></amount>
</order_invoice_tax>
<order_invoice_tax><id_order_invoice><![CDATA[503]]></id_order_invoice>
<type><![CDATA[shipping]]></type>
<id_tax><![CDATA[5]]></id_tax>
<amount><![CDATA[0.000000]]></amount>
</order_invoice_tax>
<order_invoice_tax><id_order_invoice><![CDATA[504]]></id_order_invoice>
<type><![CDATA[shipping]]></type>
<id_tax><![CDATA[5]]></id_tax>
<amount><![CDATA[0.000000]]></amount>
</order_invoice_tax>
<order_invoice_tax><id_order_invoice><![CDATA[505]]></id_order_invoice>
<type><![CDATA[shipping]]></type>
<id_tax><![CDATA[5]]></id_tax>
<amount><![CDATA[0.000000]]></amount>
</order_invoice_tax>
<order_invoice_tax><id_order_invoice><![CDATA[506]]></id_order_invoice>
<type><![CDATA[shipping]]></type>
<id_tax><![CDATA[5]]></id_tax>
<amount><![CDATA[0.000000]]></amount>
</order_invoice_tax>
<order_invoice_tax><id_order_invoice><![CDATA[507]]></id_order_invoice>
<type><![CDATA[shipping]]></type>
<id_tax><![CDATA[5]]></id_tax>
<amount><![CDATA[0.000000]]></amount>
</order_invoice_tax>
<order_invoice_tax><id_order_invoice><![CDATA[508]]></id_order_invoice>
<type><![CDATA[shipping]]></type>
<id_tax><![CDATA[5]]></id_tax>
<amount><![CDATA[0.000000]]></amount>
</order_invoice_tax>
<order_invoice_tax><id_order_invoice><![CDATA[509]]></id_order_invoice>
<type><![CDATA[shipping]]></type>
<id_tax><![CDATA[5]]></id_tax>
<amount><![CDATA[0.781200]]></amount>
</order_invoice_tax>
<order_invoice_tax><id_order_invoice><![CDATA[510]]></id_order_invoice>
<type><![CDATA[shipping]]></type>
<id_tax><![CDATA[5]]></id_tax>
<amount><![CDATA[0.000000]]></amount>
</order_invoice_tax>
<order_invoice_tax><id_order_invoice><![CDATA[511]]></id_order_invoice>
<type><![CDATA[shipping]]></type>
<id_tax><![CDATA[5]]></id_tax>
<amount><![CDATA[0.000000]]></amount>
</order_invoice_tax>
<order_invoice_tax><id_order_invoice><![CDATA[512]]></id_order_invoice>
<type><![CDATA[shipping]]></type>
<id_tax><![CDATA[5]]></id_tax>
<amount><![CDATA[0.781200]]></amount>
</order_invoice_tax>
<order_invoice_tax><id_order_invoice><![CDATA[513]]></id_order_invoice>
<type><![CDATA[shipping]]></type>
<id_tax><![CDATA[5]]></id_tax>
<amount><![CDATA[0.781200]]></amount>
</order_invoice_tax>
<order_invoice_tax><id_order_invoice><![CDATA[514]]></id_order_invoice>
<type><![CDATA[shipping]]></type>
<id_tax><![CDATA[5]]></id_tax>
<amount><![CDATA[0.781200]]></amount>
</order_invoice_tax>
<order_invoice_tax><id_order_invoice><![CDATA[515]]></id_order_invoice>
<type><![CDATA[shipping]]></type>
<id_tax><![CDATA[5]]></id_tax>
<amount><![CDATA[0.000000]]></amount>
</order_invoice_tax>
<order_invoice_tax><id_order_invoice><![CDATA[516]]></id_order_invoice>
<type><![CDATA[shipping]]></type>
<id_tax><![CDATA[5]]></id_tax>
<amount><![CDATA[0.781200]]></amount>
</order_invoice_tax>
<order_invoice_tax><id_order_invoice><![CDATA[517]]></id_order_invoice>
<type><![CDATA[shipping]]></type>
<id_tax><![CDATA[5]]></id_tax>
<amount><![CDATA[0.781200]]></amount>
</order_invoice_tax>
<order_invoice_tax><id_order_invoice><![CDATA[518]]></id_order_invoice>
<type><![CDATA[shipping]]></type>
<id_tax><![CDATA[5]]></id_tax>
<amount><![CDATA[0.000000]]></amount>
</order_invoice_tax>
<order_invoice_tax><id_order_invoice><![CDATA[519]]></id_order_invoice>
<type><![CDATA[shipping]]></type>
<id_tax><![CDATA[5]]></id_tax>
<amount><![CDATA[0.000000]]></amount>
</order_invoice_tax>
<order_invoice_tax><id_order_invoice><![CDATA[520]]></id_order_invoice>
<type><![CDATA[shipping]]></type>
<id_tax><![CDATA[5]]></id_tax>
<amount><![CDATA[0.000000]]></amount>
</order_invoice_tax>
<order_invoice_tax><id_order_invoice><![CDATA[521]]></id_order_invoice>
<type><![CDATA[shipping]]></type>
<id_tax><![CDATA[5]]></id_tax>
<amount><![CDATA[0.000000]]></amount>
</order_invoice_tax>
<order_invoice_tax><id_order_invoice><![CDATA[522]]></id_order_invoice>
<type><![CDATA[shipping]]></type>
<id_tax><![CDATA[5]]></id_tax>
<amount><![CDATA[0.000000]]></amount>
</order_invoice_tax>
<order_invoice_tax><id_order_invoice><![CDATA[523]]></id_order_invoice>
<type><![CDATA[shipping]]></type>
<id_tax><![CDATA[5]]></id_tax>
<amount><![CDATA[0.000000]]></amount>
</order_invoice_tax>
<order_invoice_tax><id_order_invoice><![CDATA[524]]></id_order_invoice>
<type><![CDATA[shipping]]></type>
<id_tax><![CDATA[1]]></id_tax>
<amount><![CDATA[0.781200]]></amount>
</order_invoice_tax>
<order_invoice_tax><id_order_invoice><![CDATA[525]]></id_order_invoice>
<type><![CDATA[shipping]]></type>
<id_tax><![CDATA[5]]></id_tax>
<amount><![CDATA[0.000000]]></amount>
</order_invoice_tax>
</entity_profile>
