<?xml version="1.0" encoding="UTF-8"?>
<entity_profile>
<order_invoice><id_order_invoice><![CDATA[3211]]></id_order_invoice>
<id_order><![CDATA[3301]]></id_order>
<number><![CDATA[3301]]></number>
<delivery_number><![CDATA[3301]]></delivery_number>
<delivery_date><![CDATA[2019-11-12 15:55:12]]></delivery_date>
<total_discount_tax_excl><![CDATA[0.00]]></total_discount_tax_excl>
<total_discount_tax_incl><![CDATA[0.00]]></total_discount_tax_incl>
<total_paid_tax_excl><![CDATA[16.080000]]></total_paid_tax_excl>
<total_paid_tax_incl><![CDATA[19.450000]]></total_paid_tax_incl>
<total_products><![CDATA[12.360000]]></total_products>
<total_products_wt><![CDATA[14.950000]]></total_products_wt>
<total_shipping_tax_excl><![CDATA[3.720000]]></total_shipping_tax_excl>
<total_shipping_tax_incl><![CDATA[4.500000]]></total_shipping_tax_incl>
<shipping_tax_computation_method><![CDATA[0]]></shipping_tax_computation_method>
<total_wrapping_tax_excl><![CDATA[0.000000]]></total_wrapping_tax_excl>
<total_wrapping_tax_incl><![CDATA[0.000000]]></total_wrapping_tax_incl>
<note><![CDATA[]]></note>
<date_add><![CDATA[2019-11-10 12:08:18]]></date_add>
</order_invoice>
<order_invoice><id_order_invoice><![CDATA[3212]]></id_order_invoice>
<id_order><![CDATA[3302]]></id_order>
<number><![CDATA[3302]]></number>
<delivery_number><![CDATA[3302]]></delivery_number>
<delivery_date><![CDATA[2019-11-19 09:39:53]]></delivery_date>
<total_discount_tax_excl><![CDATA[0.00]]></total_discount_tax_excl>
<total_discount_tax_incl><![CDATA[0.00]]></total_discount_tax_incl>
<total_paid_tax_excl><![CDATA[29.250000]]></total_paid_tax_excl>
<total_paid_tax_incl><![CDATA[35.400000]]></total_paid_tax_incl>
<total_products><![CDATA[25.530000]]></total_products>
<total_products_wt><![CDATA[30.900000]]></total_products_wt>
<total_shipping_tax_excl><![CDATA[3.720000]]></total_shipping_tax_excl>
<total_shipping_tax_incl><![CDATA[4.500000]]></total_shipping_tax_incl>
<shipping_tax_computation_method><![CDATA[0]]></shipping_tax_computation_method>
<total_wrapping_tax_excl><![CDATA[0.000000]]></total_wrapping_tax_excl>
<total_wrapping_tax_incl><![CDATA[0.000000]]></total_wrapping_tax_incl>
<note><![CDATA[]]></note>
<date_add><![CDATA[2019-11-10 15:33:39]]></date_add>
</order_invoice>
<order_invoice><id_order_invoice><![CDATA[3213]]></id_order_invoice>
<id_order><![CDATA[3303]]></id_order>
<number><![CDATA[3303]]></number>
<delivery_number><![CDATA[3303]]></delivery_number>
<delivery_date><![CDATA[2019-11-22 13:44:55]]></delivery_date>
<total_discount_tax_excl><![CDATA[0.00]]></total_discount_tax_excl>
<total_discount_tax_incl><![CDATA[0.00]]></total_discount_tax_incl>
<total_paid_tax_excl><![CDATA[29.670000]]></total_paid_tax_excl>
<total_paid_tax_incl><![CDATA[35.900000]]></total_paid_tax_incl>
<total_products><![CDATA[24.750000]]></total_products>
<total_products_wt><![CDATA[29.950000]]></total_products_wt>
<total_shipping_tax_excl><![CDATA[4.920000]]></total_shipping_tax_excl>
<total_shipping_tax_incl><![CDATA[5.950000]]></total_shipping_tax_incl>
<shipping_tax_computation_method><![CDATA[0]]></shipping_tax_computation_method>
<total_wrapping_tax_excl><![CDATA[0.000000]]></total_wrapping_tax_excl>
<total_wrapping_tax_incl><![CDATA[0.000000]]></total_wrapping_tax_incl>
<note><![CDATA[]]></note>
<date_add><![CDATA[2019-11-16 14:09:01]]></date_add>
</order_invoice>
<order_invoice><id_order_invoice><![CDATA[3214]]></id_order_invoice>
<id_order><![CDATA[3304]]></id_order>
<number><![CDATA[3304]]></number>
<delivery_number><![CDATA[3304]]></delivery_number>
<delivery_date><![CDATA[2019-11-19 12:43:29]]></delivery_date>
<total_discount_tax_excl><![CDATA[0.00]]></total_discount_tax_excl>
<total_discount_tax_incl><![CDATA[0.00]]></total_discount_tax_incl>
<total_paid_tax_excl><![CDATA[28.430000]]></total_paid_tax_excl>
<total_paid_tax_incl><![CDATA[34.400000]]></total_paid_tax_incl>
<total_products><![CDATA[24.710000]]></total_products>
<total_products_wt><![CDATA[29.900000]]></total_products_wt>
<total_shipping_tax_excl><![CDATA[3.720000]]></total_shipping_tax_excl>
<total_shipping_tax_incl><![CDATA[4.500000]]></total_shipping_tax_incl>
<shipping_tax_computation_method><![CDATA[0]]></shipping_tax_computation_method>
<total_wrapping_tax_excl><![CDATA[0.000000]]></total_wrapping_tax_excl>
<total_wrapping_tax_incl><![CDATA[0.000000]]></total_wrapping_tax_incl>
<note><![CDATA[]]></note>
<date_add><![CDATA[2019-11-17 11:46:39]]></date_add>
</order_invoice>
<order_invoice><id_order_invoice><![CDATA[3215]]></id_order_invoice>
<id_order><![CDATA[3305]]></id_order>
<number><![CDATA[3305]]></number>
<delivery_number><![CDATA[0]]></delivery_number>
<delivery_date><![CDATA[0000-00-00 00:00:00]]></delivery_date>
<total_discount_tax_excl><![CDATA[0.00]]></total_discount_tax_excl>
<total_discount_tax_incl><![CDATA[0.00]]></total_discount_tax_incl>
<total_paid_tax_excl><![CDATA[28.430000]]></total_paid_tax_excl>
<total_paid_tax_incl><![CDATA[34.410000]]></total_paid_tax_incl>
<total_products><![CDATA[21.400000]]></total_products>
<total_products_wt><![CDATA[25.900000]]></total_products_wt>
<total_shipping_tax_excl><![CDATA[7.030000]]></total_shipping_tax_excl>
<total_shipping_tax_incl><![CDATA[8.510000]]></total_shipping_tax_incl>
<shipping_tax_computation_method><![CDATA[0]]></shipping_tax_computation_method>
<total_wrapping_tax_excl><![CDATA[0.000000]]></total_wrapping_tax_excl>
<total_wrapping_tax_incl><![CDATA[0.000000]]></total_wrapping_tax_incl>
<note><![CDATA[]]></note>
<date_add><![CDATA[2019-11-24 09:56:28]]></date_add>
</order_invoice>
<order_invoice><id_order_invoice><![CDATA[3216]]></id_order_invoice>
<id_order><![CDATA[3306]]></id_order>
<number><![CDATA[3306]]></number>
<delivery_number><![CDATA[0]]></delivery_number>
<delivery_date><![CDATA[0000-00-00 00:00:00]]></delivery_date>
<total_discount_tax_excl><![CDATA[167.43]]></total_discount_tax_excl>
<total_discount_tax_incl><![CDATA[202.60]]></total_discount_tax_incl>
<total_paid_tax_excl><![CDATA[4.920000]]></total_paid_tax_excl>
<total_paid_tax_incl><![CDATA[5.950000]]></total_paid_tax_incl>
<total_products><![CDATA[167.430000]]></total_products>
<total_products_wt><![CDATA[202.600000]]></total_products_wt>
<total_shipping_tax_excl><![CDATA[4.920000]]></total_shipping_tax_excl>
<total_shipping_tax_incl><![CDATA[5.950000]]></total_shipping_tax_incl>
<shipping_tax_computation_method><![CDATA[0]]></shipping_tax_computation_method>
<total_wrapping_tax_excl><![CDATA[0.000000]]></total_wrapping_tax_excl>
<total_wrapping_tax_incl><![CDATA[0.000000]]></total_wrapping_tax_incl>
<note><![CDATA[]]></note>
<date_add><![CDATA[2019-11-24 20:18:34]]></date_add>
</order_invoice>
</entity_profile>
