<?xml version="1.0" encoding="UTF-8"?>
<entity_profile>
<order_return><id_order_return><![CDATA[1]]></id_order_return>
<id_customer><![CDATA[6]]></id_customer>
<id_order><![CDATA[21]]></id_order>
<question><![CDATA[erfgerfger fer fee]]></question>
<state><![CDATA[5]]></state>
<date_add><![CDATA[2015-07-09 12:25:00]]></date_add>
<date_upd><![CDATA[2017-07-19 13:59:41]]></date_upd>
</order_return>
<order_return><id_order_return><![CDATA[2]]></id_order_return>
<id_customer><![CDATA[6]]></id_customer>
<id_order><![CDATA[22]]></id_order>
<question><![CDATA[Hola pasar a recoger por las mañanas]]></question>
<state><![CDATA[5]]></state>
<date_add><![CDATA[2015-07-10 10:39:05]]></date_add>
<date_upd><![CDATA[2015-07-10 10:42:09]]></date_upd>
</order_return>
<order_return><id_order_return><![CDATA[3]]></id_order_return>
<id_customer><![CDATA[51]]></id_customer>
<id_order><![CDATA[60]]></id_order>
<question><![CDATA[Queria devolver estos dos productos porque me vienen pequeños. Gracias]]></question>
<state><![CDATA[5]]></state>
<date_add><![CDATA[2015-08-19 12:27:37]]></date_add>
<date_upd><![CDATA[2015-08-20 13:03:01]]></date_upd>
</order_return>
<order_return><id_order_return><![CDATA[4]]></id_order_return>
<id_customer><![CDATA[376]]></id_customer>
<id_order><![CDATA[261]]></id_order>
<question><![CDATA[Buenas tardes, 
Quería devolver una de las gafas que me habéis enviado porque yo pedí las gafas springs carey marrón brillo espejo naranja, que es lo que pone en la factura, pero al abrir el paquete me he encontrado con las spings carey marrón engomado espejo car. Me gustaría que me hiciesen el cambio por las que yo pedí, que son marrones brillo y espejo naranja normal. El pedido de las otras gafas, las azules ha llegado bien. Muchas gracias.]]></question>
<state><![CDATA[5]]></state>
<date_add><![CDATA[2016-06-16 19:27:00]]></date_add>
<date_upd><![CDATA[2017-07-19 13:59:49]]></date_upd>
</order_return>
<order_return><id_order_return><![CDATA[5]]></id_order_return>
<id_customer><![CDATA[376]]></id_customer>
<id_order><![CDATA[261]]></id_order>
<question><![CDATA[Perdonad, lo vuelvo a escribir porque creo que no se ha guardado el mensaje. Decía que me acabo de dar cuenta que las gafas azules tampoco han llegado bien, el modelo sí que es el que había pedido, pero han llegado con una clara imperfección de fabricación en la lente derecha. Me gustaría devolverlas y que me mandasen unas exactamente iguales, del mismo color de montura y de lentes, pero en buen estado. Muchas gracias.]]></question>
<state><![CDATA[5]]></state>
<date_add><![CDATA[2016-06-16 19:44:59]]></date_add>
<date_upd><![CDATA[2017-07-19 13:59:55]]></date_upd>
</order_return>
<order_return><id_order_return><![CDATA[6]]></id_order_return>
<id_customer><![CDATA[466]]></id_customer>
<id_order><![CDATA[312]]></id_order>
<question><![CDATA[Buenas tardes,
Deseo devolver el producto ya que me va pequeño.
Cogeria cualquier otro producto de igual o superior importe.
Quedo a la espera de sus instrucciones.
Les he llamado hace un rato, mi telefono es: 615 160 444
Muchas gracias,]]></question>
<state><![CDATA[5]]></state>
<date_add><![CDATA[2016-07-11 16:48:15]]></date_add>
<date_upd><![CDATA[2017-07-19 14:00:02]]></date_upd>
</order_return>
<order_return><id_order_return><![CDATA[7]]></id_order_return>
<id_customer><![CDATA[689]]></id_customer>
<id_order><![CDATA[472]]></id_order>
<question><![CDATA[Unfortunately Not The Type of colour I thought The glasses would be, I would like to change to another one ]]></question>
<state><![CDATA[5]]></state>
<date_add><![CDATA[2016-08-22 19:59:58]]></date_add>
<date_upd><![CDATA[2017-07-19 14:00:08]]></date_upd>
</order_return>
<order_return><id_order_return><![CDATA[8]]></id_order_return>
<id_customer><![CDATA[1179]]></id_customer>
<id_order><![CDATA[827]]></id_order>
<question><![CDATA[NO ME QUEDA BIEN]]></question>
<state><![CDATA[5]]></state>
<date_add><![CDATA[2017-06-02 13:04:49]]></date_add>
<date_upd><![CDATA[2017-07-19 14:00:15]]></date_upd>
</order_return>
<order_return><id_order_return><![CDATA[9]]></id_order_return>
<id_customer><![CDATA[1255]]></id_customer>
<id_order><![CDATA[887]]></id_order>
<question><![CDATA[No es de mi talla]]></question>
<state><![CDATA[5]]></state>
<date_add><![CDATA[2017-06-20 20:27:52]]></date_add>
<date_upd><![CDATA[2017-07-19 13:59:27]]></date_upd>
</order_return>
<order_return><id_order_return><![CDATA[10]]></id_order_return>
<id_customer><![CDATA[1361]]></id_customer>
<id_order><![CDATA[937]]></id_order>
<question><![CDATA[Me queda pequeña necesito un numero mas voy a hacer la devolucion y hacer otro pedido con un numero mas]]></question>
<state><![CDATA[5]]></state>
<date_add><![CDATA[2017-07-14 14:31:56]]></date_add>
<date_upd><![CDATA[2017-07-25 15:22:59]]></date_upd>
</order_return>
<order_return><id_order_return><![CDATA[11]]></id_order_return>
<id_customer><![CDATA[1436]]></id_customer>
<id_order><![CDATA[985]]></id_order>
<question><![CDATA[Dear Sirs, I wish to return the Bikini Triángulo Humorous since its actual color (dark blue) is far different from its color on your website (Azul Marino, or electric blu)]]></question>
<state><![CDATA[4]]></state>
<date_add><![CDATA[2017-07-26 00:10:15]]></date_add>
<date_upd><![CDATA[2017-09-20 10:10:50]]></date_upd>
</order_return>
<order_return><id_order_return><![CDATA[12]]></id_order_return>
<id_customer><![CDATA[1554]]></id_customer>
<id_order><![CDATA[1068]]></id_order>
<question><![CDATA[Los zapatos los devuelvo porque el acabado de la piel es defectuoso. 
El bikini lo devuelvo porque compré 2 tallas para probar y comprar la correcta.]]></question>
<state><![CDATA[5]]></state>
<date_add><![CDATA[2017-08-20 01:12:54]]></date_add>
<date_upd><![CDATA[2017-09-01 09:17:17]]></date_upd>
</order_return>
<order_return><id_order_return><![CDATA[13]]></id_order_return>
<id_customer><![CDATA[53]]></id_customer>
<id_order><![CDATA[1161]]></id_order>
<question><![CDATA[It is too small]]></question>
<state><![CDATA[5]]></state>
<date_add><![CDATA[2017-10-23 11:46:34]]></date_add>
<date_upd><![CDATA[2018-07-26 12:16:52]]></date_upd>
</order_return>
<order_return><id_order_return><![CDATA[14]]></id_order_return>
<id_customer><![CDATA[5]]></id_customer>
<id_order><![CDATA[13]]></id_order>
<question><![CDATA[estoy haciendo una prueba john]]></question>
<state><![CDATA[5]]></state>
<date_add><![CDATA[2017-11-30 16:10:56]]></date_add>
<date_upd><![CDATA[2018-07-26 12:16:59]]></date_upd>
</order_return>
<order_return><id_order_return><![CDATA[15]]></id_order_return>
<id_customer><![CDATA[1342]]></id_customer>
<id_order><![CDATA[1221]]></id_order>
<question><![CDATA[Demasiado pequeño]]></question>
<state><![CDATA[5]]></state>
<date_add><![CDATA[2018-01-15 16:40:39]]></date_add>
<date_upd><![CDATA[2018-07-26 12:17:06]]></date_upd>
</order_return>
<order_return><id_order_return><![CDATA[16]]></id_order_return>
<id_customer><![CDATA[1159]]></id_customer>
<id_order><![CDATA[1223]]></id_order>
<question><![CDATA[Too small
]]></question>
<state><![CDATA[5]]></state>
<date_add><![CDATA[2018-01-18 17:49:05]]></date_add>
<date_upd><![CDATA[2018-04-10 15:40:11]]></date_upd>
</order_return>
<order_return><id_order_return><![CDATA[17]]></id_order_return>
<id_customer><![CDATA[1342]]></id_customer>
<id_order><![CDATA[1247]]></id_order>
<question><![CDATA[mbnbmnb mn]]></question>
<state><![CDATA[5]]></state>
<date_add><![CDATA[2018-03-02 17:37:37]]></date_add>
<date_upd><![CDATA[2018-04-10 15:40:19]]></date_upd>
</order_return>
<order_return><id_order_return><![CDATA[18]]></id_order_return>
<id_customer><![CDATA[1159]]></id_customer>
<id_order><![CDATA[1234]]></id_order>
<question><![CDATA[d]]></question>
<state><![CDATA[5]]></state>
<date_add><![CDATA[2018-04-10 16:08:13]]></date_add>
<date_upd><![CDATA[2018-06-21 09:55:39]]></date_upd>
</order_return>
<order_return><id_order_return><![CDATA[19]]></id_order_return>
<id_customer><![CDATA[2008]]></id_customer>
<id_order><![CDATA[1317]]></id_order>
<question><![CDATA[Incommoda ]]></question>
<state><![CDATA[5]]></state>
<date_add><![CDATA[2018-05-04 14:48:30]]></date_add>
<date_upd><![CDATA[2018-05-17 17:07:23]]></date_upd>
</order_return>
<order_return><id_order_return><![CDATA[20]]></id_order_return>
<id_customer><![CDATA[2268]]></id_customer>
<id_order><![CDATA[1489]]></id_order>
<question><![CDATA[PENSABA QUE ESTABA MAS CERRADO EL BOLSO]]></question>
<state><![CDATA[5]]></state>
<date_add><![CDATA[2018-06-21 07:49:45]]></date_add>
<date_upd><![CDATA[2018-06-22 10:00:53]]></date_upd>
</order_return>
<order_return><id_order_return><![CDATA[21]]></id_order_return>
<id_customer><![CDATA[2371]]></id_customer>
<id_order><![CDATA[1573]]></id_order>
<question><![CDATA[The bikini top is too small and doesn´t fit properly, despite is the correct size.]]></question>
<state><![CDATA[5]]></state>
<date_add><![CDATA[2018-07-02 15:00:20]]></date_add>
<date_upd><![CDATA[2018-07-16 17:33:34]]></date_upd>
</order_return>
<order_return><id_order_return><![CDATA[22]]></id_order_return>
<id_customer><![CDATA[2439]]></id_customer>
<id_order><![CDATA[1608]]></id_order>
<question><![CDATA[Te groot......   Mas gran]]></question>
<state><![CDATA[5]]></state>
<date_add><![CDATA[2018-07-06 19:38:27]]></date_add>
<date_upd><![CDATA[2018-07-18 15:35:01]]></date_upd>
</order_return>
<order_return><id_order_return><![CDATA[23]]></id_order_return>
<id_customer><![CDATA[2533]]></id_customer>
<id_order><![CDATA[1676]]></id_order>
<question><![CDATA[CAMBIAR POR TALLA S]]></question>
<state><![CDATA[5]]></state>
<date_add><![CDATA[2018-07-12 09:59:37]]></date_add>
<date_upd><![CDATA[2018-08-22 15:58:58]]></date_upd>
</order_return>
<order_return><id_order_return><![CDATA[24]]></id_order_return>
<id_customer><![CDATA[2564]]></id_customer>
<id_order><![CDATA[1701]]></id_order>
<question><![CDATA[Demasiado pequeño y corto]]></question>
<state><![CDATA[5]]></state>
<date_add><![CDATA[2018-07-16 21:59:10]]></date_add>
<date_upd><![CDATA[2018-07-26 15:45:32]]></date_upd>
</order_return>
<order_return><id_order_return><![CDATA[25]]></id_order_return>
<id_customer><![CDATA[2597]]></id_customer>
<id_order><![CDATA[1725]]></id_order>
<question><![CDATA[cambiar por una talla 39 porque me queda pequeña la 38]]></question>
<state><![CDATA[5]]></state>
<date_add><![CDATA[2018-07-17 21:29:41]]></date_add>
<date_upd><![CDATA[2018-08-22 16:00:36]]></date_upd>
</order_return>
<order_return><id_order_return><![CDATA[26]]></id_order_return>
<id_customer><![CDATA[2579]]></id_customer>
<id_order><![CDATA[1713]]></id_order>
<question><![CDATA[Error de la talla, ya he realizado el pedido con la talla rectificada]]></question>
<state><![CDATA[5]]></state>
<date_add><![CDATA[2018-07-18 00:15:39]]></date_add>
<date_upd><![CDATA[2018-08-22 16:00:47]]></date_upd>
</order_return>
<order_return><id_order_return><![CDATA[27]]></id_order_return>
<id_customer><![CDATA[2598]]></id_customer>
<id_order><![CDATA[1726]]></id_order>
<question><![CDATA[me quedan pequeñas]]></question>
<state><![CDATA[5]]></state>
<date_add><![CDATA[2018-07-19 14:50:52]]></date_add>
<date_upd><![CDATA[2018-08-22 16:02:24]]></date_upd>
</order_return>
<order_return><id_order_return><![CDATA[28]]></id_order_return>
<id_customer><![CDATA[2616]]></id_customer>
<id_order><![CDATA[1742]]></id_order>
<question><![CDATA[Me queda pequeño]]></question>
<state><![CDATA[5]]></state>
<date_add><![CDATA[2018-07-21 17:23:34]]></date_add>
<date_upd><![CDATA[2018-08-22 16:02:45]]></date_upd>
</order_return>
<order_return><id_order_return><![CDATA[29]]></id_order_return>
<id_customer><![CDATA[2666]]></id_customer>
<id_order><![CDATA[1779]]></id_order>
<question><![CDATA[Talla pequeña]]></question>
<state><![CDATA[5]]></state>
<date_add><![CDATA[2018-07-25 16:22:12]]></date_add>
<date_upd><![CDATA[2018-08-22 16:03:20]]></date_upd>
</order_return>
<order_return><id_order_return><![CDATA[30]]></id_order_return>
<id_customer><![CDATA[2645]]></id_customer>
<id_order><![CDATA[1763]]></id_order>
<question><![CDATA[Talla grande pese a ser la &quot;S&quot;]]></question>
<state><![CDATA[5]]></state>
<date_add><![CDATA[2018-07-26 11:06:51]]></date_add>
<date_upd><![CDATA[2018-08-22 16:03:37]]></date_upd>
</order_return>
<order_return><id_order_return><![CDATA[31]]></id_order_return>
<id_customer><![CDATA[2744]]></id_customer>
<id_order><![CDATA[1830]]></id_order>
<question><![CDATA[No se me ajusta bien al pie]]></question>
<state><![CDATA[9]]></state>
<date_add><![CDATA[2018-08-01 08:28:51]]></date_add>
<date_upd><![CDATA[2019-08-29 16:37:09]]></date_upd>
</order_return>
<order_return><id_order_return><![CDATA[32]]></id_order_return>
<id_customer><![CDATA[2755]]></id_customer>
<id_order><![CDATA[1841]]></id_order>
<question><![CDATA[Para mi son algo incomodas]]></question>
<state><![CDATA[5]]></state>
<date_add><![CDATA[2018-08-05 23:01:35]]></date_add>
<date_upd><![CDATA[2018-08-16 16:02:16]]></date_upd>
</order_return>
<order_return><id_order_return><![CDATA[33]]></id_order_return>
<id_customer><![CDATA[2779]]></id_customer>
<id_order><![CDATA[1859]]></id_order>
<question><![CDATA[Size is small. Must bem 43.]]></question>
<state><![CDATA[5]]></state>
<date_add><![CDATA[2018-08-06 20:45:42]]></date_add>
<date_upd><![CDATA[2018-08-22 16:07:32]]></date_upd>
</order_return>
<order_return><id_order_return><![CDATA[34]]></id_order_return>
<id_customer><![CDATA[1365]]></id_customer>
<id_order><![CDATA[1931]]></id_order>
<question><![CDATA[No me gusta como me queda ]]></question>
<state><![CDATA[9]]></state>
<date_add><![CDATA[2018-08-10 00:02:58]]></date_add>
<date_upd><![CDATA[2019-08-29 16:37:01]]></date_upd>
</order_return>
<order_return><id_order_return><![CDATA[35]]></id_order_return>
<id_customer><![CDATA[2879]]></id_customer>
<id_order><![CDATA[1952]]></id_order>
<question><![CDATA[The clothes don't fit]]></question>
<state><![CDATA[9]]></state>
<date_add><![CDATA[2018-08-17 11:41:58]]></date_add>
<date_upd><![CDATA[2019-08-29 16:36:53]]></date_upd>
</order_return>
<order_return><id_order_return><![CDATA[36]]></id_order_return>
<id_customer><![CDATA[2949]]></id_customer>
<id_order><![CDATA[1989]]></id_order>
<question><![CDATA[LA SANDALIA ESCLAVA ME QUEDA PEQUEÑA Y LA MENORQUINA ESTÁ DEFECTUOSA EL PIE IZQUIERDO.]]></question>
<state><![CDATA[5]]></state>
<date_add><![CDATA[2018-08-21 19:18:00]]></date_add>
<date_upd><![CDATA[2019-05-24 15:49:54]]></date_upd>
</order_return>
<order_return><id_order_return><![CDATA[37]]></id_order_return>
<id_customer><![CDATA[2902]]></id_customer>
<id_order><![CDATA[1955]]></id_order>
<question><![CDATA[Little ]]></question>
<state><![CDATA[5]]></state>
<date_add><![CDATA[2018-08-25 11:30:20]]></date_add>
<date_upd><![CDATA[2018-08-31 13:07:34]]></date_upd>
</order_return>
<order_return><id_order_return><![CDATA[38]]></id_order_return>
<id_customer><![CDATA[3109]]></id_customer>
<id_order><![CDATA[2090]]></id_order>
<question><![CDATA[its to big]]></question>
<state><![CDATA[5]]></state>
<date_add><![CDATA[2018-09-26 09:02:01]]></date_add>
<date_upd><![CDATA[2018-10-02 15:14:43]]></date_upd>
</order_return>
<order_return><id_order_return><![CDATA[39]]></id_order_return>
<id_customer><![CDATA[3220]]></id_customer>
<id_order><![CDATA[2164]]></id_order>
<question><![CDATA[No son de la calidad esperada.Gracias.]]></question>
<state><![CDATA[9]]></state>
<date_add><![CDATA[2018-11-30 12:50:23]]></date_add>
<date_upd><![CDATA[2019-08-29 16:36:43]]></date_upd>
</order_return>
<order_return><id_order_return><![CDATA[40]]></id_order_return>
<id_customer><![CDATA[3588]]></id_customer>
<id_order><![CDATA[2391]]></id_order>
<question><![CDATA[Me está grande.]]></question>
<state><![CDATA[5]]></state>
<date_add><![CDATA[2019-05-14 22:57:01]]></date_add>
<date_upd><![CDATA[2019-05-30 13:57:35]]></date_upd>
</order_return>
<order_return><id_order_return><![CDATA[41]]></id_order_return>
<id_customer><![CDATA[3593]]></id_customer>
<id_order><![CDATA[2396]]></id_order>
<question><![CDATA[Necesito una talla L para ese modelo ya que la M me queda un tanto justa.]]></question>
<state><![CDATA[5]]></state>
<date_add><![CDATA[2019-05-15 18:37:42]]></date_add>
<date_upd><![CDATA[2019-05-24 15:50:19]]></date_upd>
</order_return>
<order_return><id_order_return><![CDATA[42]]></id_order_return>
<id_customer><![CDATA[3610]]></id_customer>
<id_order><![CDATA[2411]]></id_order>
<question><![CDATA[Queda pequeño, necesito numero mas]]></question>
<state><![CDATA[5]]></state>
<date_add><![CDATA[2019-05-16 19:57:14]]></date_add>
<date_upd><![CDATA[2019-05-24 15:50:29]]></date_upd>
</order_return>
<order_return><id_order_return><![CDATA[43]]></id_order_return>
<id_customer><![CDATA[3606]]></id_customer>
<id_order><![CDATA[2407]]></id_order>
<question><![CDATA[No me gusta como queda]]></question>
<state><![CDATA[5]]></state>
<date_add><![CDATA[2019-05-16 20:08:53]]></date_add>
<date_upd><![CDATA[2019-05-24 15:50:48]]></date_upd>
</order_return>
<order_return><id_order_return><![CDATA[44]]></id_order_return>
<id_customer><![CDATA[3644]]></id_customer>
<id_order><![CDATA[2431]]></id_order>
<question><![CDATA[No me gusta como me queda. Me gustaría hacer un cambio, el pantalón por un vestido.]]></question>
<state><![CDATA[5]]></state>
<date_add><![CDATA[2019-05-24 10:55:39]]></date_add>
<date_upd><![CDATA[2019-06-03 16:22:50]]></date_upd>
</order_return>
<order_return><id_order_return><![CDATA[45]]></id_order_return>
<id_customer><![CDATA[3762]]></id_customer>
<id_order><![CDATA[2518]]></id_order>
<question><![CDATA[Quiero cambiar por talla L]]></question>
<state><![CDATA[5]]></state>
<date_add><![CDATA[2019-06-05 16:17:59]]></date_add>
<date_upd><![CDATA[2019-07-24 09:56:03]]></date_upd>
</order_return>
<order_return><id_order_return><![CDATA[46]]></id_order_return>
<id_customer><![CDATA[3776]]></id_customer>
<id_order><![CDATA[2527]]></id_order>
<question><![CDATA[Me queda muy grande y no hay menos talla.]]></question>
<state><![CDATA[5]]></state>
<date_add><![CDATA[2019-06-11 07:56:34]]></date_add>
<date_upd><![CDATA[2019-07-24 09:56:44]]></date_upd>
</order_return>
<order_return><id_order_return><![CDATA[47]]></id_order_return>
<id_customer><![CDATA[3710]]></id_customer>
<id_order><![CDATA[2560]]></id_order>
<question><![CDATA[me quedan pequeños los artículos, dan muy poca talla]]></question>
<state><![CDATA[5]]></state>
<date_add><![CDATA[2019-06-12 09:28:32]]></date_add>
<date_upd><![CDATA[2019-07-24 09:55:11]]></date_upd>
</order_return>
<order_return><id_order_return><![CDATA[48]]></id_order_return>
<id_customer><![CDATA[3744]]></id_customer>
<id_order><![CDATA[2504]]></id_order>
<question><![CDATA[No me quedan bien]]></question>
<state><![CDATA[5]]></state>
<date_add><![CDATA[2019-06-12 19:05:52]]></date_add>
<date_upd><![CDATA[2019-07-24 09:53:35]]></date_upd>
</order_return>
<order_return><id_order_return><![CDATA[49]]></id_order_return>
<id_customer><![CDATA[3768]]></id_customer>
<id_order><![CDATA[2524]]></id_order>
<question><![CDATA[quiero devolver las sandalias porque se me va el pie hacia delante y se me salen los dedos y me resulta incomoda para caminar]]></question>
<state><![CDATA[5]]></state>
<date_add><![CDATA[2019-06-13 12:04:40]]></date_add>
<date_upd><![CDATA[2019-07-24 09:57:31]]></date_upd>
</order_return>
<order_return><id_order_return><![CDATA[50]]></id_order_return>
<id_customer><![CDATA[3846]]></id_customer>
<id_order><![CDATA[2587]]></id_order>
<question><![CDATA[Devolución porque la talla es grande]]></question>
<state><![CDATA[5]]></state>
<date_add><![CDATA[2019-06-13 20:29:13]]></date_add>
<date_upd><![CDATA[2019-07-24 09:58:14]]></date_upd>
</order_return>
<order_return><id_order_return><![CDATA[51]]></id_order_return>
<id_customer><![CDATA[3895]]></id_customer>
<id_order><![CDATA[2632]]></id_order>
<question><![CDATA[Taglia troppo piccola ]]></question>
<state><![CDATA[9]]></state>
<date_add><![CDATA[2019-06-21 18:31:50]]></date_add>
<date_upd><![CDATA[2019-08-29 16:36:34]]></date_upd>
</order_return>
<order_return><id_order_return><![CDATA[52]]></id_order_return>
<id_customer><![CDATA[3812]]></id_customer>
<id_order><![CDATA[2562]]></id_order>
<question><![CDATA[I would return the bikini because it is too small and I would take it one size more, the L. How can I return it? Thank you]]></question>
<state><![CDATA[9]]></state>
<date_add><![CDATA[2019-06-23 14:42:39]]></date_add>
<date_upd><![CDATA[2019-08-29 16:36:25]]></date_upd>
</order_return>
<order_return><id_order_return><![CDATA[53]]></id_order_return>
<id_customer><![CDATA[3849]]></id_customer>
<id_order><![CDATA[2590]]></id_order>
<question><![CDATA[no me queda bien el modelo]]></question>
<state><![CDATA[9]]></state>
<date_add><![CDATA[2019-06-26 23:57:53]]></date_add>
<date_upd><![CDATA[2019-08-29 16:35:21]]></date_upd>
</order_return>
<order_return><id_order_return><![CDATA[54]]></id_order_return>
<id_customer><![CDATA[3887]]></id_customer>
<id_order><![CDATA[2660]]></id_order>
<question><![CDATA[They don't fit]]></question>
<state><![CDATA[9]]></state>
<date_add><![CDATA[2019-06-29 17:01:58]]></date_add>
<date_upd><![CDATA[2019-08-29 16:36:17]]></date_upd>
</order_return>
<order_return><id_order_return><![CDATA[55]]></id_order_return>
<id_customer><![CDATA[4058]]></id_customer>
<id_order><![CDATA[2748]]></id_order>
<question><![CDATA[Too small]]></question>
<state><![CDATA[5]]></state>
<date_add><![CDATA[2019-07-08 17:05:23]]></date_add>
<date_upd><![CDATA[2019-07-22 15:59:37]]></date_upd>
</order_return>
</entity_profile>
