<?xml version="1.0" encoding="UTF-8"?>
<entity_profile>
<order_invoice_tax><id_order_invoice><![CDATA[2529]]></id_order_invoice>
<type><![CDATA[shipping]]></type>
<id_tax><![CDATA[1]]></id_tax>
<amount><![CDATA[1.545600]]></amount>
</order_invoice_tax>
<order_invoice_tax><id_order_invoice><![CDATA[2530]]></id_order_invoice>
<type><![CDATA[shipping]]></type>
<id_tax><![CDATA[1]]></id_tax>
<amount><![CDATA[1.545600]]></amount>
</order_invoice_tax>
<order_invoice_tax><id_order_invoice><![CDATA[2531]]></id_order_invoice>
<type><![CDATA[shipping]]></type>
<id_tax><![CDATA[1]]></id_tax>
<amount><![CDATA[1.545600]]></amount>
</order_invoice_tax>
<order_invoice_tax><id_order_invoice><![CDATA[2532]]></id_order_invoice>
<type><![CDATA[shipping]]></type>
<id_tax><![CDATA[1]]></id_tax>
<amount><![CDATA[0.781200]]></amount>
</order_invoice_tax>
<order_invoice_tax><id_order_invoice><![CDATA[2533]]></id_order_invoice>
<type><![CDATA[shipping]]></type>
<id_tax><![CDATA[1]]></id_tax>
<amount><![CDATA[1.509900]]></amount>
</order_invoice_tax>
<order_invoice_tax><id_order_invoice><![CDATA[2534]]></id_order_invoice>
<type><![CDATA[shipping]]></type>
<id_tax><![CDATA[1]]></id_tax>
<amount><![CDATA[0.000000]]></amount>
</order_invoice_tax>
<order_invoice_tax><id_order_invoice><![CDATA[2535]]></id_order_invoice>
<type><![CDATA[shipping]]></type>
<id_tax><![CDATA[1]]></id_tax>
<amount><![CDATA[0.000000]]></amount>
</order_invoice_tax>
<order_invoice_tax><id_order_invoice><![CDATA[2536]]></id_order_invoice>
<type><![CDATA[shipping]]></type>
<id_tax><![CDATA[1]]></id_tax>
<amount><![CDATA[0.000000]]></amount>
</order_invoice_tax>
<order_invoice_tax><id_order_invoice><![CDATA[2537]]></id_order_invoice>
<type><![CDATA[shipping]]></type>
<id_tax><![CDATA[1]]></id_tax>
<amount><![CDATA[1.509900]]></amount>
</order_invoice_tax>
<order_invoice_tax><id_order_invoice><![CDATA[2538]]></id_order_invoice>
<type><![CDATA[shipping]]></type>
<id_tax><![CDATA[1]]></id_tax>
<amount><![CDATA[0.781200]]></amount>
</order_invoice_tax>
<order_invoice_tax><id_order_invoice><![CDATA[2539]]></id_order_invoice>
<type><![CDATA[shipping]]></type>
<id_tax><![CDATA[1]]></id_tax>
<amount><![CDATA[0.781200]]></amount>
</order_invoice_tax>
<order_invoice_tax><id_order_invoice><![CDATA[2540]]></id_order_invoice>
<type><![CDATA[shipping]]></type>
<id_tax><![CDATA[1]]></id_tax>
<amount><![CDATA[0.000000]]></amount>
</order_invoice_tax>
<order_invoice_tax><id_order_invoice><![CDATA[2541]]></id_order_invoice>
<type><![CDATA[shipping]]></type>
<id_tax><![CDATA[1]]></id_tax>
<amount><![CDATA[1.302000]]></amount>
</order_invoice_tax>
<order_invoice_tax><id_order_invoice><![CDATA[2542]]></id_order_invoice>
<type><![CDATA[shipping]]></type>
<id_tax><![CDATA[1]]></id_tax>
<amount><![CDATA[1.476300]]></amount>
</order_invoice_tax>
<order_invoice_tax><id_order_invoice><![CDATA[2543]]></id_order_invoice>
<type><![CDATA[shipping]]></type>
<id_tax><![CDATA[1]]></id_tax>
<amount><![CDATA[0.781200]]></amount>
</order_invoice_tax>
<order_invoice_tax><id_order_invoice><![CDATA[2544]]></id_order_invoice>
<type><![CDATA[shipping]]></type>
<id_tax><![CDATA[1]]></id_tax>
<amount><![CDATA[0.000000]]></amount>
</order_invoice_tax>
<order_invoice_tax><id_order_invoice><![CDATA[2545]]></id_order_invoice>
<type><![CDATA[shipping]]></type>
<id_tax><![CDATA[1]]></id_tax>
<amount><![CDATA[1.509900]]></amount>
</order_invoice_tax>
<order_invoice_tax><id_order_invoice><![CDATA[2546]]></id_order_invoice>
<type><![CDATA[shipping]]></type>
<id_tax><![CDATA[1]]></id_tax>
<amount><![CDATA[1.476300]]></amount>
</order_invoice_tax>
<order_invoice_tax><id_order_invoice><![CDATA[2547]]></id_order_invoice>
<type><![CDATA[shipping]]></type>
<id_tax><![CDATA[1]]></id_tax>
<amount><![CDATA[0.781200]]></amount>
</order_invoice_tax>
<order_invoice_tax><id_order_invoice><![CDATA[2548]]></id_order_invoice>
<type><![CDATA[shipping]]></type>
<id_tax><![CDATA[1]]></id_tax>
<amount><![CDATA[1.509900]]></amount>
</order_invoice_tax>
<order_invoice_tax><id_order_invoice><![CDATA[2549]]></id_order_invoice>
<type><![CDATA[shipping]]></type>
<id_tax><![CDATA[1]]></id_tax>
<amount><![CDATA[0.781200]]></amount>
</order_invoice_tax>
<order_invoice_tax><id_order_invoice><![CDATA[2550]]></id_order_invoice>
<type><![CDATA[shipping]]></type>
<id_tax><![CDATA[1]]></id_tax>
<amount><![CDATA[1.509900]]></amount>
</order_invoice_tax>
<order_invoice_tax><id_order_invoice><![CDATA[2551]]></id_order_invoice>
<type><![CDATA[shipping]]></type>
<id_tax><![CDATA[1]]></id_tax>
<amount><![CDATA[0.781200]]></amount>
</order_invoice_tax>
<order_invoice_tax><id_order_invoice><![CDATA[2552]]></id_order_invoice>
<type><![CDATA[shipping]]></type>
<id_tax><![CDATA[1]]></id_tax>
<amount><![CDATA[1.476300]]></amount>
</order_invoice_tax>
<order_invoice_tax><id_order_invoice><![CDATA[2553]]></id_order_invoice>
<type><![CDATA[shipping]]></type>
<id_tax><![CDATA[1]]></id_tax>
<amount><![CDATA[0.781200]]></amount>
</order_invoice_tax>
<order_invoice_tax><id_order_invoice><![CDATA[2554]]></id_order_invoice>
<type><![CDATA[shipping]]></type>
<id_tax><![CDATA[1]]></id_tax>
<amount><![CDATA[1.476300]]></amount>
</order_invoice_tax>
<order_invoice_tax><id_order_invoice><![CDATA[2555]]></id_order_invoice>
<type><![CDATA[shipping]]></type>
<id_tax><![CDATA[1]]></id_tax>
<amount><![CDATA[1.545600]]></amount>
</order_invoice_tax>
<order_invoice_tax><id_order_invoice><![CDATA[2556]]></id_order_invoice>
<type><![CDATA[shipping]]></type>
<id_tax><![CDATA[1]]></id_tax>
<amount><![CDATA[1.545600]]></amount>
</order_invoice_tax>
<order_invoice_tax><id_order_invoice><![CDATA[2557]]></id_order_invoice>
<type><![CDATA[shipping]]></type>
<id_tax><![CDATA[1]]></id_tax>
<amount><![CDATA[0.781200]]></amount>
</order_invoice_tax>
<order_invoice_tax><id_order_invoice><![CDATA[2558]]></id_order_invoice>
<type><![CDATA[shipping]]></type>
<id_tax><![CDATA[1]]></id_tax>
<amount><![CDATA[1.545600]]></amount>
</order_invoice_tax>
<order_invoice_tax><id_order_invoice><![CDATA[2559]]></id_order_invoice>
<type><![CDATA[shipping]]></type>
<id_tax><![CDATA[1]]></id_tax>
<amount><![CDATA[0.781200]]></amount>
</order_invoice_tax>
<order_invoice_tax><id_order_invoice><![CDATA[2560]]></id_order_invoice>
<type><![CDATA[shipping]]></type>
<id_tax><![CDATA[1]]></id_tax>
<amount><![CDATA[0.000000]]></amount>
</order_invoice_tax>
<order_invoice_tax><id_order_invoice><![CDATA[2561]]></id_order_invoice>
<type><![CDATA[shipping]]></type>
<id_tax><![CDATA[1]]></id_tax>
<amount><![CDATA[0.781200]]></amount>
</order_invoice_tax>
<order_invoice_tax><id_order_invoice><![CDATA[2562]]></id_order_invoice>
<type><![CDATA[shipping]]></type>
<id_tax><![CDATA[1]]></id_tax>
<amount><![CDATA[0.000000]]></amount>
</order_invoice_tax>
<order_invoice_tax><id_order_invoice><![CDATA[2563]]></id_order_invoice>
<type><![CDATA[shipping]]></type>
<id_tax><![CDATA[1]]></id_tax>
<amount><![CDATA[1.545600]]></amount>
</order_invoice_tax>
<order_invoice_tax><id_order_invoice><![CDATA[2564]]></id_order_invoice>
<type><![CDATA[shipping]]></type>
<id_tax><![CDATA[1]]></id_tax>
<amount><![CDATA[1.302000]]></amount>
</order_invoice_tax>
<order_invoice_tax><id_order_invoice><![CDATA[2565]]></id_order_invoice>
<type><![CDATA[shipping]]></type>
<id_tax><![CDATA[1]]></id_tax>
<amount><![CDATA[1.509900]]></amount>
</order_invoice_tax>
<order_invoice_tax><id_order_invoice><![CDATA[2566]]></id_order_invoice>
<type><![CDATA[shipping]]></type>
<id_tax><![CDATA[1]]></id_tax>
<amount><![CDATA[0.781200]]></amount>
</order_invoice_tax>
<order_invoice_tax><id_order_invoice><![CDATA[2567]]></id_order_invoice>
<type><![CDATA[shipping]]></type>
<id_tax><![CDATA[1]]></id_tax>
<amount><![CDATA[1.509900]]></amount>
</order_invoice_tax>
<order_invoice_tax><id_order_invoice><![CDATA[2568]]></id_order_invoice>
<type><![CDATA[shipping]]></type>
<id_tax><![CDATA[1]]></id_tax>
<amount><![CDATA[1.545600]]></amount>
</order_invoice_tax>
<order_invoice_tax><id_order_invoice><![CDATA[2569]]></id_order_invoice>
<type><![CDATA[shipping]]></type>
<id_tax><![CDATA[1]]></id_tax>
<amount><![CDATA[1.509900]]></amount>
</order_invoice_tax>
<order_invoice_tax><id_order_invoice><![CDATA[2570]]></id_order_invoice>
<type><![CDATA[shipping]]></type>
<id_tax><![CDATA[1]]></id_tax>
<amount><![CDATA[1.509900]]></amount>
</order_invoice_tax>
<order_invoice_tax><id_order_invoice><![CDATA[2571]]></id_order_invoice>
<type><![CDATA[shipping]]></type>
<id_tax><![CDATA[1]]></id_tax>
<amount><![CDATA[0.000000]]></amount>
</order_invoice_tax>
<order_invoice_tax><id_order_invoice><![CDATA[2572]]></id_order_invoice>
<type><![CDATA[shipping]]></type>
<id_tax><![CDATA[1]]></id_tax>
<amount><![CDATA[1.545600]]></amount>
</order_invoice_tax>
<order_invoice_tax><id_order_invoice><![CDATA[2573]]></id_order_invoice>
<type><![CDATA[shipping]]></type>
<id_tax><![CDATA[1]]></id_tax>
<amount><![CDATA[1.476300]]></amount>
</order_invoice_tax>
<order_invoice_tax><id_order_invoice><![CDATA[2574]]></id_order_invoice>
<type><![CDATA[shipping]]></type>
<id_tax><![CDATA[1]]></id_tax>
<amount><![CDATA[0.000000]]></amount>
</order_invoice_tax>
<order_invoice_tax><id_order_invoice><![CDATA[2575]]></id_order_invoice>
<type><![CDATA[shipping]]></type>
<id_tax><![CDATA[1]]></id_tax>
<amount><![CDATA[0.781200]]></amount>
</order_invoice_tax>
<order_invoice_tax><id_order_invoice><![CDATA[2576]]></id_order_invoice>
<type><![CDATA[shipping]]></type>
<id_tax><![CDATA[1]]></id_tax>
<amount><![CDATA[0.781200]]></amount>
</order_invoice_tax>
<order_invoice_tax><id_order_invoice><![CDATA[2577]]></id_order_invoice>
<type><![CDATA[shipping]]></type>
<id_tax><![CDATA[1]]></id_tax>
<amount><![CDATA[0.781200]]></amount>
</order_invoice_tax>
<order_invoice_tax><id_order_invoice><![CDATA[2578]]></id_order_invoice>
<type><![CDATA[shipping]]></type>
<id_tax><![CDATA[1]]></id_tax>
<amount><![CDATA[0.781200]]></amount>
</order_invoice_tax>
<order_invoice_tax><id_order_invoice><![CDATA[2579]]></id_order_invoice>
<type><![CDATA[shipping]]></type>
<id_tax><![CDATA[1]]></id_tax>
<amount><![CDATA[1.302000]]></amount>
</order_invoice_tax>
<order_invoice_tax><id_order_invoice><![CDATA[2580]]></id_order_invoice>
<type><![CDATA[shipping]]></type>
<id_tax><![CDATA[1]]></id_tax>
<amount><![CDATA[0.781200]]></amount>
</order_invoice_tax>
<order_invoice_tax><id_order_invoice><![CDATA[2581]]></id_order_invoice>
<type><![CDATA[shipping]]></type>
<id_tax><![CDATA[1]]></id_tax>
<amount><![CDATA[0.781200]]></amount>
</order_invoice_tax>
<order_invoice_tax><id_order_invoice><![CDATA[2582]]></id_order_invoice>
<type><![CDATA[shipping]]></type>
<id_tax><![CDATA[1]]></id_tax>
<amount><![CDATA[1.545600]]></amount>
</order_invoice_tax>
<order_invoice_tax><id_order_invoice><![CDATA[2583]]></id_order_invoice>
<type><![CDATA[shipping]]></type>
<id_tax><![CDATA[1]]></id_tax>
<amount><![CDATA[1.509900]]></amount>
</order_invoice_tax>
<order_invoice_tax><id_order_invoice><![CDATA[2584]]></id_order_invoice>
<type><![CDATA[shipping]]></type>
<id_tax><![CDATA[1]]></id_tax>
<amount><![CDATA[0.781200]]></amount>
</order_invoice_tax>
<order_invoice_tax><id_order_invoice><![CDATA[2585]]></id_order_invoice>
<type><![CDATA[shipping]]></type>
<id_tax><![CDATA[1]]></id_tax>
<amount><![CDATA[0.000000]]></amount>
</order_invoice_tax>
<order_invoice_tax><id_order_invoice><![CDATA[2586]]></id_order_invoice>
<type><![CDATA[shipping]]></type>
<id_tax><![CDATA[1]]></id_tax>
<amount><![CDATA[0.000000]]></amount>
</order_invoice_tax>
<order_invoice_tax><id_order_invoice><![CDATA[2587]]></id_order_invoice>
<type><![CDATA[shipping]]></type>
<id_tax><![CDATA[1]]></id_tax>
<amount><![CDATA[0.000000]]></amount>
</order_invoice_tax>
<order_invoice_tax><id_order_invoice><![CDATA[2588]]></id_order_invoice>
<type><![CDATA[shipping]]></type>
<id_tax><![CDATA[1]]></id_tax>
<amount><![CDATA[1.302000]]></amount>
</order_invoice_tax>
<order_invoice_tax><id_order_invoice><![CDATA[2589]]></id_order_invoice>
<type><![CDATA[shipping]]></type>
<id_tax><![CDATA[1]]></id_tax>
<amount><![CDATA[0.781200]]></amount>
</order_invoice_tax>
<order_invoice_tax><id_order_invoice><![CDATA[2590]]></id_order_invoice>
<type><![CDATA[shipping]]></type>
<id_tax><![CDATA[1]]></id_tax>
<amount><![CDATA[1.509900]]></amount>
</order_invoice_tax>
<order_invoice_tax><id_order_invoice><![CDATA[2591]]></id_order_invoice>
<type><![CDATA[shipping]]></type>
<id_tax><![CDATA[1]]></id_tax>
<amount><![CDATA[0.781200]]></amount>
</order_invoice_tax>
<order_invoice_tax><id_order_invoice><![CDATA[2592]]></id_order_invoice>
<type><![CDATA[shipping]]></type>
<id_tax><![CDATA[1]]></id_tax>
<amount><![CDATA[0.781200]]></amount>
</order_invoice_tax>
<order_invoice_tax><id_order_invoice><![CDATA[2593]]></id_order_invoice>
<type><![CDATA[shipping]]></type>
<id_tax><![CDATA[1]]></id_tax>
<amount><![CDATA[1.302000]]></amount>
</order_invoice_tax>
<order_invoice_tax><id_order_invoice><![CDATA[2594]]></id_order_invoice>
<type><![CDATA[shipping]]></type>
<id_tax><![CDATA[1]]></id_tax>
<amount><![CDATA[0.781200]]></amount>
</order_invoice_tax>
<order_invoice_tax><id_order_invoice><![CDATA[2595]]></id_order_invoice>
<type><![CDATA[shipping]]></type>
<id_tax><![CDATA[1]]></id_tax>
<amount><![CDATA[1.476300]]></amount>
</order_invoice_tax>
<order_invoice_tax><id_order_invoice><![CDATA[2596]]></id_order_invoice>
<type><![CDATA[shipping]]></type>
<id_tax><![CDATA[1]]></id_tax>
<amount><![CDATA[1.302000]]></amount>
</order_invoice_tax>
<order_invoice_tax><id_order_invoice><![CDATA[2597]]></id_order_invoice>
<type><![CDATA[shipping]]></type>
<id_tax><![CDATA[1]]></id_tax>
<amount><![CDATA[0.000000]]></amount>
</order_invoice_tax>
<order_invoice_tax><id_order_invoice><![CDATA[2598]]></id_order_invoice>
<type><![CDATA[shipping]]></type>
<id_tax><![CDATA[1]]></id_tax>
<amount><![CDATA[1.545600]]></amount>
</order_invoice_tax>
<order_invoice_tax><id_order_invoice><![CDATA[2599]]></id_order_invoice>
<type><![CDATA[shipping]]></type>
<id_tax><![CDATA[1]]></id_tax>
<amount><![CDATA[1.302000]]></amount>
</order_invoice_tax>
<order_invoice_tax><id_order_invoice><![CDATA[2600]]></id_order_invoice>
<type><![CDATA[shipping]]></type>
<id_tax><![CDATA[1]]></id_tax>
<amount><![CDATA[1.545600]]></amount>
</order_invoice_tax>
<order_invoice_tax><id_order_invoice><![CDATA[2601]]></id_order_invoice>
<type><![CDATA[shipping]]></type>
<id_tax><![CDATA[1]]></id_tax>
<amount><![CDATA[0.781200]]></amount>
</order_invoice_tax>
<order_invoice_tax><id_order_invoice><![CDATA[2602]]></id_order_invoice>
<type><![CDATA[shipping]]></type>
<id_tax><![CDATA[1]]></id_tax>
<amount><![CDATA[0.000000]]></amount>
</order_invoice_tax>
<order_invoice_tax><id_order_invoice><![CDATA[2603]]></id_order_invoice>
<type><![CDATA[shipping]]></type>
<id_tax><![CDATA[1]]></id_tax>
<amount><![CDATA[0.781200]]></amount>
</order_invoice_tax>
<order_invoice_tax><id_order_invoice><![CDATA[2604]]></id_order_invoice>
<type><![CDATA[shipping]]></type>
<id_tax><![CDATA[1]]></id_tax>
<amount><![CDATA[1.476300]]></amount>
</order_invoice_tax>
<order_invoice_tax><id_order_invoice><![CDATA[2605]]></id_order_invoice>
<type><![CDATA[shipping]]></type>
<id_tax><![CDATA[1]]></id_tax>
<amount><![CDATA[1.545600]]></amount>
</order_invoice_tax>
<order_invoice_tax><id_order_invoice><![CDATA[2606]]></id_order_invoice>
<type><![CDATA[shipping]]></type>
<id_tax><![CDATA[1]]></id_tax>
<amount><![CDATA[1.545600]]></amount>
</order_invoice_tax>
<order_invoice_tax><id_order_invoice><![CDATA[2607]]></id_order_invoice>
<type><![CDATA[shipping]]></type>
<id_tax><![CDATA[1]]></id_tax>
<amount><![CDATA[0.000000]]></amount>
</order_invoice_tax>
<order_invoice_tax><id_order_invoice><![CDATA[2608]]></id_order_invoice>
<type><![CDATA[shipping]]></type>
<id_tax><![CDATA[1]]></id_tax>
<amount><![CDATA[1.476300]]></amount>
</order_invoice_tax>
<order_invoice_tax><id_order_invoice><![CDATA[2609]]></id_order_invoice>
<type><![CDATA[shipping]]></type>
<id_tax><![CDATA[1]]></id_tax>
<amount><![CDATA[0.000000]]></amount>
</order_invoice_tax>
<order_invoice_tax><id_order_invoice><![CDATA[2610]]></id_order_invoice>
<type><![CDATA[shipping]]></type>
<id_tax><![CDATA[1]]></id_tax>
<amount><![CDATA[0.781200]]></amount>
</order_invoice_tax>
<order_invoice_tax><id_order_invoice><![CDATA[2611]]></id_order_invoice>
<type><![CDATA[shipping]]></type>
<id_tax><![CDATA[1]]></id_tax>
<amount><![CDATA[0.000000]]></amount>
</order_invoice_tax>
<order_invoice_tax><id_order_invoice><![CDATA[2612]]></id_order_invoice>
<type><![CDATA[shipping]]></type>
<id_tax><![CDATA[1]]></id_tax>
<amount><![CDATA[0.000000]]></amount>
</order_invoice_tax>
<order_invoice_tax><id_order_invoice><![CDATA[2613]]></id_order_invoice>
<type><![CDATA[shipping]]></type>
<id_tax><![CDATA[1]]></id_tax>
<amount><![CDATA[0.000000]]></amount>
</order_invoice_tax>
<order_invoice_tax><id_order_invoice><![CDATA[2614]]></id_order_invoice>
<type><![CDATA[shipping]]></type>
<id_tax><![CDATA[1]]></id_tax>
<amount><![CDATA[1.545600]]></amount>
</order_invoice_tax>
<order_invoice_tax><id_order_invoice><![CDATA[2615]]></id_order_invoice>
<type><![CDATA[shipping]]></type>
<id_tax><![CDATA[1]]></id_tax>
<amount><![CDATA[0.781200]]></amount>
</order_invoice_tax>
<order_invoice_tax><id_order_invoice><![CDATA[2616]]></id_order_invoice>
<type><![CDATA[shipping]]></type>
<id_tax><![CDATA[1]]></id_tax>
<amount><![CDATA[0.781200]]></amount>
</order_invoice_tax>
<order_invoice_tax><id_order_invoice><![CDATA[2617]]></id_order_invoice>
<type><![CDATA[shipping]]></type>
<id_tax><![CDATA[1]]></id_tax>
<amount><![CDATA[1.509900]]></amount>
</order_invoice_tax>
<order_invoice_tax><id_order_invoice><![CDATA[2618]]></id_order_invoice>
<type><![CDATA[shipping]]></type>
<id_tax><![CDATA[1]]></id_tax>
<amount><![CDATA[0.781200]]></amount>
</order_invoice_tax>
<order_invoice_tax><id_order_invoice><![CDATA[2619]]></id_order_invoice>
<type><![CDATA[shipping]]></type>
<id_tax><![CDATA[1]]></id_tax>
<amount><![CDATA[1.509900]]></amount>
</order_invoice_tax>
<order_invoice_tax><id_order_invoice><![CDATA[2620]]></id_order_invoice>
<type><![CDATA[shipping]]></type>
<id_tax><![CDATA[1]]></id_tax>
<amount><![CDATA[0.781200]]></amount>
</order_invoice_tax>
<order_invoice_tax><id_order_invoice><![CDATA[2621]]></id_order_invoice>
<type><![CDATA[shipping]]></type>
<id_tax><![CDATA[1]]></id_tax>
<amount><![CDATA[0.000000]]></amount>
</order_invoice_tax>
<order_invoice_tax><id_order_invoice><![CDATA[2622]]></id_order_invoice>
<type><![CDATA[shipping]]></type>
<id_tax><![CDATA[1]]></id_tax>
<amount><![CDATA[0.781200]]></amount>
</order_invoice_tax>
<order_invoice_tax><id_order_invoice><![CDATA[2623]]></id_order_invoice>
<type><![CDATA[shipping]]></type>
<id_tax><![CDATA[1]]></id_tax>
<amount><![CDATA[1.476300]]></amount>
</order_invoice_tax>
<order_invoice_tax><id_order_invoice><![CDATA[2624]]></id_order_invoice>
<type><![CDATA[shipping]]></type>
<id_tax><![CDATA[1]]></id_tax>
<amount><![CDATA[1.302000]]></amount>
</order_invoice_tax>
<order_invoice_tax><id_order_invoice><![CDATA[2625]]></id_order_invoice>
<type><![CDATA[shipping]]></type>
<id_tax><![CDATA[1]]></id_tax>
<amount><![CDATA[0.000000]]></amount>
</order_invoice_tax>
<order_invoice_tax><id_order_invoice><![CDATA[2626]]></id_order_invoice>
<type><![CDATA[shipping]]></type>
<id_tax><![CDATA[1]]></id_tax>
<amount><![CDATA[1.302000]]></amount>
</order_invoice_tax>
<order_invoice_tax><id_order_invoice><![CDATA[2627]]></id_order_invoice>
<type><![CDATA[shipping]]></type>
<id_tax><![CDATA[1]]></id_tax>
<amount><![CDATA[0.000000]]></amount>
</order_invoice_tax>
<order_invoice_tax><id_order_invoice><![CDATA[2628]]></id_order_invoice>
<type><![CDATA[shipping]]></type>
<id_tax><![CDATA[1]]></id_tax>
<amount><![CDATA[0.000000]]></amount>
</order_invoice_tax>
<order_invoice_tax><id_order_invoice><![CDATA[2629]]></id_order_invoice>
<type><![CDATA[shipping]]></type>
<id_tax><![CDATA[1]]></id_tax>
<amount><![CDATA[0.781200]]></amount>
</order_invoice_tax>
<order_invoice_tax><id_order_invoice><![CDATA[2630]]></id_order_invoice>
<type><![CDATA[shipping]]></type>
<id_tax><![CDATA[1]]></id_tax>
<amount><![CDATA[0.000000]]></amount>
</order_invoice_tax>
<order_invoice_tax><id_order_invoice><![CDATA[2631]]></id_order_invoice>
<type><![CDATA[shipping]]></type>
<id_tax><![CDATA[1]]></id_tax>
<amount><![CDATA[1.476300]]></amount>
</order_invoice_tax>
<order_invoice_tax><id_order_invoice><![CDATA[2632]]></id_order_invoice>
<type><![CDATA[shipping]]></type>
<id_tax><![CDATA[1]]></id_tax>
<amount><![CDATA[0.000000]]></amount>
</order_invoice_tax>
<order_invoice_tax><id_order_invoice><![CDATA[2633]]></id_order_invoice>
<type><![CDATA[shipping]]></type>
<id_tax><![CDATA[1]]></id_tax>
<amount><![CDATA[0.781200]]></amount>
</order_invoice_tax>
<order_invoice_tax><id_order_invoice><![CDATA[2634]]></id_order_invoice>
<type><![CDATA[shipping]]></type>
<id_tax><![CDATA[1]]></id_tax>
<amount><![CDATA[1.545600]]></amount>
</order_invoice_tax>
<order_invoice_tax><id_order_invoice><![CDATA[2635]]></id_order_invoice>
<type><![CDATA[shipping]]></type>
<id_tax><![CDATA[1]]></id_tax>
<amount><![CDATA[0.781200]]></amount>
</order_invoice_tax>
<order_invoice_tax><id_order_invoice><![CDATA[2636]]></id_order_invoice>
<type><![CDATA[shipping]]></type>
<id_tax><![CDATA[1]]></id_tax>
<amount><![CDATA[1.509900]]></amount>
</order_invoice_tax>
<order_invoice_tax><id_order_invoice><![CDATA[2637]]></id_order_invoice>
<type><![CDATA[shipping]]></type>
<id_tax><![CDATA[1]]></id_tax>
<amount><![CDATA[1.302000]]></amount>
</order_invoice_tax>
<order_invoice_tax><id_order_invoice><![CDATA[2638]]></id_order_invoice>
<type><![CDATA[shipping]]></type>
<id_tax><![CDATA[1]]></id_tax>
<amount><![CDATA[0.781200]]></amount>
</order_invoice_tax>
<order_invoice_tax><id_order_invoice><![CDATA[2639]]></id_order_invoice>
<type><![CDATA[shipping]]></type>
<id_tax><![CDATA[1]]></id_tax>
<amount><![CDATA[0.781200]]></amount>
</order_invoice_tax>
<order_invoice_tax><id_order_invoice><![CDATA[2640]]></id_order_invoice>
<type><![CDATA[shipping]]></type>
<id_tax><![CDATA[1]]></id_tax>
<amount><![CDATA[0.000000]]></amount>
</order_invoice_tax>
<order_invoice_tax><id_order_invoice><![CDATA[2641]]></id_order_invoice>
<type><![CDATA[shipping]]></type>
<id_tax><![CDATA[1]]></id_tax>
<amount><![CDATA[1.545600]]></amount>
</order_invoice_tax>
<order_invoice_tax><id_order_invoice><![CDATA[2642]]></id_order_invoice>
<type><![CDATA[shipping]]></type>
<id_tax><![CDATA[1]]></id_tax>
<amount><![CDATA[0.781200]]></amount>
</order_invoice_tax>
<order_invoice_tax><id_order_invoice><![CDATA[2643]]></id_order_invoice>
<type><![CDATA[shipping]]></type>
<id_tax><![CDATA[1]]></id_tax>
<amount><![CDATA[0.781200]]></amount>
</order_invoice_tax>
<order_invoice_tax><id_order_invoice><![CDATA[2644]]></id_order_invoice>
<type><![CDATA[shipping]]></type>
<id_tax><![CDATA[1]]></id_tax>
<amount><![CDATA[1.476300]]></amount>
</order_invoice_tax>
<order_invoice_tax><id_order_invoice><![CDATA[2645]]></id_order_invoice>
<type><![CDATA[shipping]]></type>
<id_tax><![CDATA[1]]></id_tax>
<amount><![CDATA[0.781200]]></amount>
</order_invoice_tax>
<order_invoice_tax><id_order_invoice><![CDATA[2646]]></id_order_invoice>
<type><![CDATA[shipping]]></type>
<id_tax><![CDATA[1]]></id_tax>
<amount><![CDATA[0.000000]]></amount>
</order_invoice_tax>
<order_invoice_tax><id_order_invoice><![CDATA[2647]]></id_order_invoice>
<type><![CDATA[shipping]]></type>
<id_tax><![CDATA[1]]></id_tax>
<amount><![CDATA[0.781200]]></amount>
</order_invoice_tax>
<order_invoice_tax><id_order_invoice><![CDATA[2648]]></id_order_invoice>
<type><![CDATA[shipping]]></type>
<id_tax><![CDATA[1]]></id_tax>
<amount><![CDATA[0.000000]]></amount>
</order_invoice_tax>
<order_invoice_tax><id_order_invoice><![CDATA[2649]]></id_order_invoice>
<type><![CDATA[shipping]]></type>
<id_tax><![CDATA[1]]></id_tax>
<amount><![CDATA[0.781200]]></amount>
</order_invoice_tax>
<order_invoice_tax><id_order_invoice><![CDATA[2650]]></id_order_invoice>
<type><![CDATA[shipping]]></type>
<id_tax><![CDATA[1]]></id_tax>
<amount><![CDATA[1.302000]]></amount>
</order_invoice_tax>
<order_invoice_tax><id_order_invoice><![CDATA[2651]]></id_order_invoice>
<type><![CDATA[shipping]]></type>
<id_tax><![CDATA[1]]></id_tax>
<amount><![CDATA[1.545600]]></amount>
</order_invoice_tax>
<order_invoice_tax><id_order_invoice><![CDATA[2652]]></id_order_invoice>
<type><![CDATA[shipping]]></type>
<id_tax><![CDATA[1]]></id_tax>
<amount><![CDATA[0.781200]]></amount>
</order_invoice_tax>
<order_invoice_tax><id_order_invoice><![CDATA[2653]]></id_order_invoice>
<type><![CDATA[shipping]]></type>
<id_tax><![CDATA[1]]></id_tax>
<amount><![CDATA[1.302000]]></amount>
</order_invoice_tax>
<order_invoice_tax><id_order_invoice><![CDATA[2654]]></id_order_invoice>
<type><![CDATA[shipping]]></type>
<id_tax><![CDATA[1]]></id_tax>
<amount><![CDATA[0.000000]]></amount>
</order_invoice_tax>
<order_invoice_tax><id_order_invoice><![CDATA[2655]]></id_order_invoice>
<type><![CDATA[shipping]]></type>
<id_tax><![CDATA[1]]></id_tax>
<amount><![CDATA[0.000000]]></amount>
</order_invoice_tax>
<order_invoice_tax><id_order_invoice><![CDATA[2656]]></id_order_invoice>
<type><![CDATA[shipping]]></type>
<id_tax><![CDATA[1]]></id_tax>
<amount><![CDATA[0.781200]]></amount>
</order_invoice_tax>
<order_invoice_tax><id_order_invoice><![CDATA[2657]]></id_order_invoice>
<type><![CDATA[shipping]]></type>
<id_tax><![CDATA[1]]></id_tax>
<amount><![CDATA[0.781200]]></amount>
</order_invoice_tax>
<order_invoice_tax><id_order_invoice><![CDATA[2658]]></id_order_invoice>
<type><![CDATA[shipping]]></type>
<id_tax><![CDATA[1]]></id_tax>
<amount><![CDATA[1.302000]]></amount>
</order_invoice_tax>
<order_invoice_tax><id_order_invoice><![CDATA[2659]]></id_order_invoice>
<type><![CDATA[shipping]]></type>
<id_tax><![CDATA[1]]></id_tax>
<amount><![CDATA[1.302000]]></amount>
</order_invoice_tax>
<order_invoice_tax><id_order_invoice><![CDATA[2660]]></id_order_invoice>
<type><![CDATA[shipping]]></type>
<id_tax><![CDATA[1]]></id_tax>
<amount><![CDATA[0.781200]]></amount>
</order_invoice_tax>
<order_invoice_tax><id_order_invoice><![CDATA[2661]]></id_order_invoice>
<type><![CDATA[shipping]]></type>
<id_tax><![CDATA[1]]></id_tax>
<amount><![CDATA[0.781200]]></amount>
</order_invoice_tax>
<order_invoice_tax><id_order_invoice><![CDATA[2662]]></id_order_invoice>
<type><![CDATA[shipping]]></type>
<id_tax><![CDATA[1]]></id_tax>
<amount><![CDATA[1.545600]]></amount>
</order_invoice_tax>
<order_invoice_tax><id_order_invoice><![CDATA[2663]]></id_order_invoice>
<type><![CDATA[shipping]]></type>
<id_tax><![CDATA[1]]></id_tax>
<amount><![CDATA[0.781200]]></amount>
</order_invoice_tax>
<order_invoice_tax><id_order_invoice><![CDATA[2664]]></id_order_invoice>
<type><![CDATA[shipping]]></type>
<id_tax><![CDATA[1]]></id_tax>
<amount><![CDATA[1.302000]]></amount>
</order_invoice_tax>
<order_invoice_tax><id_order_invoice><![CDATA[2665]]></id_order_invoice>
<type><![CDATA[shipping]]></type>
<id_tax><![CDATA[1]]></id_tax>
<amount><![CDATA[1.545600]]></amount>
</order_invoice_tax>
<order_invoice_tax><id_order_invoice><![CDATA[2666]]></id_order_invoice>
<type><![CDATA[shipping]]></type>
<id_tax><![CDATA[1]]></id_tax>
<amount><![CDATA[0.000000]]></amount>
</order_invoice_tax>
<order_invoice_tax><id_order_invoice><![CDATA[2667]]></id_order_invoice>
<type><![CDATA[shipping]]></type>
<id_tax><![CDATA[1]]></id_tax>
<amount><![CDATA[1.302000]]></amount>
</order_invoice_tax>
<order_invoice_tax><id_order_invoice><![CDATA[2668]]></id_order_invoice>
<type><![CDATA[shipping]]></type>
<id_tax><![CDATA[1]]></id_tax>
<amount><![CDATA[0.781200]]></amount>
</order_invoice_tax>
<order_invoice_tax><id_order_invoice><![CDATA[2669]]></id_order_invoice>
<type><![CDATA[shipping]]></type>
<id_tax><![CDATA[1]]></id_tax>
<amount><![CDATA[0.781200]]></amount>
</order_invoice_tax>
<order_invoice_tax><id_order_invoice><![CDATA[2670]]></id_order_invoice>
<type><![CDATA[shipping]]></type>
<id_tax><![CDATA[1]]></id_tax>
<amount><![CDATA[0.000000]]></amount>
</order_invoice_tax>
<order_invoice_tax><id_order_invoice><![CDATA[2671]]></id_order_invoice>
<type><![CDATA[shipping]]></type>
<id_tax><![CDATA[1]]></id_tax>
<amount><![CDATA[0.000000]]></amount>
</order_invoice_tax>
<order_invoice_tax><id_order_invoice><![CDATA[2672]]></id_order_invoice>
<type><![CDATA[shipping]]></type>
<id_tax><![CDATA[1]]></id_tax>
<amount><![CDATA[0.781200]]></amount>
</order_invoice_tax>
<order_invoice_tax><id_order_invoice><![CDATA[2673]]></id_order_invoice>
<type><![CDATA[shipping]]></type>
<id_tax><![CDATA[1]]></id_tax>
<amount><![CDATA[0.781200]]></amount>
</order_invoice_tax>
<order_invoice_tax><id_order_invoice><![CDATA[2674]]></id_order_invoice>
<type><![CDATA[shipping]]></type>
<id_tax><![CDATA[1]]></id_tax>
<amount><![CDATA[0.781200]]></amount>
</order_invoice_tax>
<order_invoice_tax><id_order_invoice><![CDATA[2675]]></id_order_invoice>
<type><![CDATA[shipping]]></type>
<id_tax><![CDATA[1]]></id_tax>
<amount><![CDATA[0.781200]]></amount>
</order_invoice_tax>
<order_invoice_tax><id_order_invoice><![CDATA[2676]]></id_order_invoice>
<type><![CDATA[shipping]]></type>
<id_tax><![CDATA[1]]></id_tax>
<amount><![CDATA[0.000000]]></amount>
</order_invoice_tax>
<order_invoice_tax><id_order_invoice><![CDATA[2677]]></id_order_invoice>
<type><![CDATA[shipping]]></type>
<id_tax><![CDATA[1]]></id_tax>
<amount><![CDATA[1.545600]]></amount>
</order_invoice_tax>
<order_invoice_tax><id_order_invoice><![CDATA[2678]]></id_order_invoice>
<type><![CDATA[shipping]]></type>
<id_tax><![CDATA[1]]></id_tax>
<amount><![CDATA[1.509900]]></amount>
</order_invoice_tax>
<order_invoice_tax><id_order_invoice><![CDATA[2679]]></id_order_invoice>
<type><![CDATA[shipping]]></type>
<id_tax><![CDATA[1]]></id_tax>
<amount><![CDATA[0.781200]]></amount>
</order_invoice_tax>
<order_invoice_tax><id_order_invoice><![CDATA[2680]]></id_order_invoice>
<type><![CDATA[shipping]]></type>
<id_tax><![CDATA[1]]></id_tax>
<amount><![CDATA[0.781200]]></amount>
</order_invoice_tax>
<order_invoice_tax><id_order_invoice><![CDATA[2681]]></id_order_invoice>
<type><![CDATA[shipping]]></type>
<id_tax><![CDATA[1]]></id_tax>
<amount><![CDATA[0.781200]]></amount>
</order_invoice_tax>
<order_invoice_tax><id_order_invoice><![CDATA[2682]]></id_order_invoice>
<type><![CDATA[shipping]]></type>
<id_tax><![CDATA[1]]></id_tax>
<amount><![CDATA[1.509900]]></amount>
</order_invoice_tax>
<order_invoice_tax><id_order_invoice><![CDATA[2683]]></id_order_invoice>
<type><![CDATA[shipping]]></type>
<id_tax><![CDATA[1]]></id_tax>
<amount><![CDATA[1.509900]]></amount>
</order_invoice_tax>
<order_invoice_tax><id_order_invoice><![CDATA[2684]]></id_order_invoice>
<type><![CDATA[shipping]]></type>
<id_tax><![CDATA[1]]></id_tax>
<amount><![CDATA[1.545600]]></amount>
</order_invoice_tax>
<order_invoice_tax><id_order_invoice><![CDATA[2685]]></id_order_invoice>
<type><![CDATA[shipping]]></type>
<id_tax><![CDATA[1]]></id_tax>
<amount><![CDATA[0.000000]]></amount>
</order_invoice_tax>
<order_invoice_tax><id_order_invoice><![CDATA[2686]]></id_order_invoice>
<type><![CDATA[shipping]]></type>
<id_tax><![CDATA[1]]></id_tax>
<amount><![CDATA[0.000000]]></amount>
</order_invoice_tax>
<order_invoice_tax><id_order_invoice><![CDATA[2687]]></id_order_invoice>
<type><![CDATA[shipping]]></type>
<id_tax><![CDATA[1]]></id_tax>
<amount><![CDATA[1.033200]]></amount>
</order_invoice_tax>
<order_invoice_tax><id_order_invoice><![CDATA[2688]]></id_order_invoice>
<type><![CDATA[shipping]]></type>
<id_tax><![CDATA[1]]></id_tax>
<amount><![CDATA[1.302000]]></amount>
</order_invoice_tax>
<order_invoice_tax><id_order_invoice><![CDATA[2689]]></id_order_invoice>
<type><![CDATA[shipping]]></type>
<id_tax><![CDATA[1]]></id_tax>
<amount><![CDATA[0.781200]]></amount>
</order_invoice_tax>
<order_invoice_tax><id_order_invoice><![CDATA[2690]]></id_order_invoice>
<type><![CDATA[shipping]]></type>
<id_tax><![CDATA[1]]></id_tax>
<amount><![CDATA[0.000000]]></amount>
</order_invoice_tax>
<order_invoice_tax><id_order_invoice><![CDATA[2691]]></id_order_invoice>
<type><![CDATA[shipping]]></type>
<id_tax><![CDATA[1]]></id_tax>
<amount><![CDATA[0.000000]]></amount>
</order_invoice_tax>
<order_invoice_tax><id_order_invoice><![CDATA[2692]]></id_order_invoice>
<type><![CDATA[shipping]]></type>
<id_tax><![CDATA[1]]></id_tax>
<amount><![CDATA[0.000000]]></amount>
</order_invoice_tax>
<order_invoice_tax><id_order_invoice><![CDATA[2693]]></id_order_invoice>
<type><![CDATA[shipping]]></type>
<id_tax><![CDATA[1]]></id_tax>
<amount><![CDATA[1.545600]]></amount>
</order_invoice_tax>
<order_invoice_tax><id_order_invoice><![CDATA[2694]]></id_order_invoice>
<type><![CDATA[shipping]]></type>
<id_tax><![CDATA[1]]></id_tax>
<amount><![CDATA[0.781200]]></amount>
</order_invoice_tax>
<order_invoice_tax><id_order_invoice><![CDATA[2695]]></id_order_invoice>
<type><![CDATA[shipping]]></type>
<id_tax><![CDATA[1]]></id_tax>
<amount><![CDATA[0.000000]]></amount>
</order_invoice_tax>
<order_invoice_tax><id_order_invoice><![CDATA[2696]]></id_order_invoice>
<type><![CDATA[shipping]]></type>
<id_tax><![CDATA[1]]></id_tax>
<amount><![CDATA[0.000000]]></amount>
</order_invoice_tax>
<order_invoice_tax><id_order_invoice><![CDATA[2697]]></id_order_invoice>
<type><![CDATA[shipping]]></type>
<id_tax><![CDATA[1]]></id_tax>
<amount><![CDATA[0.000000]]></amount>
</order_invoice_tax>
<order_invoice_tax><id_order_invoice><![CDATA[2698]]></id_order_invoice>
<type><![CDATA[shipping]]></type>
<id_tax><![CDATA[1]]></id_tax>
<amount><![CDATA[0.000000]]></amount>
</order_invoice_tax>
<order_invoice_tax><id_order_invoice><![CDATA[2699]]></id_order_invoice>
<type><![CDATA[shipping]]></type>
<id_tax><![CDATA[1]]></id_tax>
<amount><![CDATA[1.509900]]></amount>
</order_invoice_tax>
<order_invoice_tax><id_order_invoice><![CDATA[2700]]></id_order_invoice>
<type><![CDATA[shipping]]></type>
<id_tax><![CDATA[1]]></id_tax>
<amount><![CDATA[0.781200]]></amount>
</order_invoice_tax>
<order_invoice_tax><id_order_invoice><![CDATA[2701]]></id_order_invoice>
<type><![CDATA[shipping]]></type>
<id_tax><![CDATA[1]]></id_tax>
<amount><![CDATA[0.781200]]></amount>
</order_invoice_tax>
<order_invoice_tax><id_order_invoice><![CDATA[2702]]></id_order_invoice>
<type><![CDATA[shipping]]></type>
<id_tax><![CDATA[1]]></id_tax>
<amount><![CDATA[1.509900]]></amount>
</order_invoice_tax>
<order_invoice_tax><id_order_invoice><![CDATA[2703]]></id_order_invoice>
<type><![CDATA[shipping]]></type>
<id_tax><![CDATA[1]]></id_tax>
<amount><![CDATA[1.545600]]></amount>
</order_invoice_tax>
<order_invoice_tax><id_order_invoice><![CDATA[2704]]></id_order_invoice>
<type><![CDATA[shipping]]></type>
<id_tax><![CDATA[1]]></id_tax>
<amount><![CDATA[1.545600]]></amount>
</order_invoice_tax>
<order_invoice_tax><id_order_invoice><![CDATA[2705]]></id_order_invoice>
<type><![CDATA[shipping]]></type>
<id_tax><![CDATA[1]]></id_tax>
<amount><![CDATA[1.509900]]></amount>
</order_invoice_tax>
<order_invoice_tax><id_order_invoice><![CDATA[2706]]></id_order_invoice>
<type><![CDATA[shipping]]></type>
<id_tax><![CDATA[1]]></id_tax>
<amount><![CDATA[0.781200]]></amount>
</order_invoice_tax>
<order_invoice_tax><id_order_invoice><![CDATA[2707]]></id_order_invoice>
<type><![CDATA[shipping]]></type>
<id_tax><![CDATA[1]]></id_tax>
<amount><![CDATA[0.781200]]></amount>
</order_invoice_tax>
<order_invoice_tax><id_order_invoice><![CDATA[2708]]></id_order_invoice>
<type><![CDATA[shipping]]></type>
<id_tax><![CDATA[1]]></id_tax>
<amount><![CDATA[0.000000]]></amount>
</order_invoice_tax>
<order_invoice_tax><id_order_invoice><![CDATA[2709]]></id_order_invoice>
<type><![CDATA[shipping]]></type>
<id_tax><![CDATA[1]]></id_tax>
<amount><![CDATA[1.476300]]></amount>
</order_invoice_tax>
<order_invoice_tax><id_order_invoice><![CDATA[2710]]></id_order_invoice>
<type><![CDATA[shipping]]></type>
<id_tax><![CDATA[1]]></id_tax>
<amount><![CDATA[0.000000]]></amount>
</order_invoice_tax>
<order_invoice_tax><id_order_invoice><![CDATA[2711]]></id_order_invoice>
<type><![CDATA[shipping]]></type>
<id_tax><![CDATA[1]]></id_tax>
<amount><![CDATA[0.781200]]></amount>
</order_invoice_tax>
<order_invoice_tax><id_order_invoice><![CDATA[2712]]></id_order_invoice>
<type><![CDATA[shipping]]></type>
<id_tax><![CDATA[1]]></id_tax>
<amount><![CDATA[0.000000]]></amount>
</order_invoice_tax>
<order_invoice_tax><id_order_invoice><![CDATA[2713]]></id_order_invoice>
<type><![CDATA[shipping]]></type>
<id_tax><![CDATA[1]]></id_tax>
<amount><![CDATA[0.781200]]></amount>
</order_invoice_tax>
<order_invoice_tax><id_order_invoice><![CDATA[2714]]></id_order_invoice>
<type><![CDATA[shipping]]></type>
<id_tax><![CDATA[1]]></id_tax>
<amount><![CDATA[0.781200]]></amount>
</order_invoice_tax>
<order_invoice_tax><id_order_invoice><![CDATA[2715]]></id_order_invoice>
<type><![CDATA[shipping]]></type>
<id_tax><![CDATA[1]]></id_tax>
<amount><![CDATA[1.302000]]></amount>
</order_invoice_tax>
<order_invoice_tax><id_order_invoice><![CDATA[2716]]></id_order_invoice>
<type><![CDATA[shipping]]></type>
<id_tax><![CDATA[1]]></id_tax>
<amount><![CDATA[1.545600]]></amount>
</order_invoice_tax>
<order_invoice_tax><id_order_invoice><![CDATA[2717]]></id_order_invoice>
<type><![CDATA[shipping]]></type>
<id_tax><![CDATA[1]]></id_tax>
<amount><![CDATA[0.000000]]></amount>
</order_invoice_tax>
<order_invoice_tax><id_order_invoice><![CDATA[2718]]></id_order_invoice>
<type><![CDATA[shipping]]></type>
<id_tax><![CDATA[1]]></id_tax>
<amount><![CDATA[0.781200]]></amount>
</order_invoice_tax>
<order_invoice_tax><id_order_invoice><![CDATA[2719]]></id_order_invoice>
<type><![CDATA[shipping]]></type>
<id_tax><![CDATA[1]]></id_tax>
<amount><![CDATA[1.509900]]></amount>
</order_invoice_tax>
<order_invoice_tax><id_order_invoice><![CDATA[2720]]></id_order_invoice>
<type><![CDATA[shipping]]></type>
<id_tax><![CDATA[1]]></id_tax>
<amount><![CDATA[0.781200]]></amount>
</order_invoice_tax>
<order_invoice_tax><id_order_invoice><![CDATA[2721]]></id_order_invoice>
<type><![CDATA[shipping]]></type>
<id_tax><![CDATA[1]]></id_tax>
<amount><![CDATA[0.000000]]></amount>
</order_invoice_tax>
<order_invoice_tax><id_order_invoice><![CDATA[2722]]></id_order_invoice>
<type><![CDATA[shipping]]></type>
<id_tax><![CDATA[1]]></id_tax>
<amount><![CDATA[0.781200]]></amount>
</order_invoice_tax>
<order_invoice_tax><id_order_invoice><![CDATA[2723]]></id_order_invoice>
<type><![CDATA[shipping]]></type>
<id_tax><![CDATA[1]]></id_tax>
<amount><![CDATA[0.781200]]></amount>
</order_invoice_tax>
<order_invoice_tax><id_order_invoice><![CDATA[2724]]></id_order_invoice>
<type><![CDATA[shipping]]></type>
<id_tax><![CDATA[1]]></id_tax>
<amount><![CDATA[0.781200]]></amount>
</order_invoice_tax>
<order_invoice_tax><id_order_invoice><![CDATA[2725]]></id_order_invoice>
<type><![CDATA[shipping]]></type>
<id_tax><![CDATA[1]]></id_tax>
<amount><![CDATA[1.545600]]></amount>
</order_invoice_tax>
<order_invoice_tax><id_order_invoice><![CDATA[2726]]></id_order_invoice>
<type><![CDATA[shipping]]></type>
<id_tax><![CDATA[1]]></id_tax>
<amount><![CDATA[0.781200]]></amount>
</order_invoice_tax>
<order_invoice_tax><id_order_invoice><![CDATA[2727]]></id_order_invoice>
<type><![CDATA[shipping]]></type>
<id_tax><![CDATA[1]]></id_tax>
<amount><![CDATA[1.302000]]></amount>
</order_invoice_tax>
<order_invoice_tax><id_order_invoice><![CDATA[2728]]></id_order_invoice>
<type><![CDATA[shipping]]></type>
<id_tax><![CDATA[1]]></id_tax>
<amount><![CDATA[0.781200]]></amount>
</order_invoice_tax>
<order_invoice_tax><id_order_invoice><![CDATA[2729]]></id_order_invoice>
<type><![CDATA[shipping]]></type>
<id_tax><![CDATA[1]]></id_tax>
<amount><![CDATA[1.302000]]></amount>
</order_invoice_tax>
<order_invoice_tax><id_order_invoice><![CDATA[2730]]></id_order_invoice>
<type><![CDATA[shipping]]></type>
<id_tax><![CDATA[1]]></id_tax>
<amount><![CDATA[0.000000]]></amount>
</order_invoice_tax>
<order_invoice_tax><id_order_invoice><![CDATA[2731]]></id_order_invoice>
<type><![CDATA[shipping]]></type>
<id_tax><![CDATA[1]]></id_tax>
<amount><![CDATA[1.302000]]></amount>
</order_invoice_tax>
<order_invoice_tax><id_order_invoice><![CDATA[2732]]></id_order_invoice>
<type><![CDATA[shipping]]></type>
<id_tax><![CDATA[1]]></id_tax>
<amount><![CDATA[0.000000]]></amount>
</order_invoice_tax>
<order_invoice_tax><id_order_invoice><![CDATA[2733]]></id_order_invoice>
<type><![CDATA[shipping]]></type>
<id_tax><![CDATA[1]]></id_tax>
<amount><![CDATA[0.000000]]></amount>
</order_invoice_tax>
<order_invoice_tax><id_order_invoice><![CDATA[2734]]></id_order_invoice>
<type><![CDATA[shipping]]></type>
<id_tax><![CDATA[1]]></id_tax>
<amount><![CDATA[1.476300]]></amount>
</order_invoice_tax>
<order_invoice_tax><id_order_invoice><![CDATA[2735]]></id_order_invoice>
<type><![CDATA[shipping]]></type>
<id_tax><![CDATA[1]]></id_tax>
<amount><![CDATA[1.545600]]></amount>
</order_invoice_tax>
<order_invoice_tax><id_order_invoice><![CDATA[2736]]></id_order_invoice>
<type><![CDATA[shipping]]></type>
<id_tax><![CDATA[1]]></id_tax>
<amount><![CDATA[1.545600]]></amount>
</order_invoice_tax>
<order_invoice_tax><id_order_invoice><![CDATA[2737]]></id_order_invoice>
<type><![CDATA[shipping]]></type>
<id_tax><![CDATA[1]]></id_tax>
<amount><![CDATA[1.476300]]></amount>
</order_invoice_tax>
<order_invoice_tax><id_order_invoice><![CDATA[2738]]></id_order_invoice>
<type><![CDATA[shipping]]></type>
<id_tax><![CDATA[1]]></id_tax>
<amount><![CDATA[1.545600]]></amount>
</order_invoice_tax>
<order_invoice_tax><id_order_invoice><![CDATA[2739]]></id_order_invoice>
<type><![CDATA[shipping]]></type>
<id_tax><![CDATA[1]]></id_tax>
<amount><![CDATA[1.545600]]></amount>
</order_invoice_tax>
<order_invoice_tax><id_order_invoice><![CDATA[2740]]></id_order_invoice>
<type><![CDATA[shipping]]></type>
<id_tax><![CDATA[1]]></id_tax>
<amount><![CDATA[0.781200]]></amount>
</order_invoice_tax>
<order_invoice_tax><id_order_invoice><![CDATA[2741]]></id_order_invoice>
<type><![CDATA[shipping]]></type>
<id_tax><![CDATA[1]]></id_tax>
<amount><![CDATA[0.781200]]></amount>
</order_invoice_tax>
<order_invoice_tax><id_order_invoice><![CDATA[2742]]></id_order_invoice>
<type><![CDATA[shipping]]></type>
<id_tax><![CDATA[1]]></id_tax>
<amount><![CDATA[1.302000]]></amount>
</order_invoice_tax>
<order_invoice_tax><id_order_invoice><![CDATA[2743]]></id_order_invoice>
<type><![CDATA[shipping]]></type>
<id_tax><![CDATA[1]]></id_tax>
<amount><![CDATA[1.509900]]></amount>
</order_invoice_tax>
<order_invoice_tax><id_order_invoice><![CDATA[2744]]></id_order_invoice>
<type><![CDATA[shipping]]></type>
<id_tax><![CDATA[1]]></id_tax>
<amount><![CDATA[1.509900]]></amount>
</order_invoice_tax>
<order_invoice_tax><id_order_invoice><![CDATA[2745]]></id_order_invoice>
<type><![CDATA[shipping]]></type>
<id_tax><![CDATA[1]]></id_tax>
<amount><![CDATA[1.033200]]></amount>
</order_invoice_tax>
<order_invoice_tax><id_order_invoice><![CDATA[2746]]></id_order_invoice>
<type><![CDATA[shipping]]></type>
<id_tax><![CDATA[1]]></id_tax>
<amount><![CDATA[0.781200]]></amount>
</order_invoice_tax>
<order_invoice_tax><id_order_invoice><![CDATA[2747]]></id_order_invoice>
<type><![CDATA[shipping]]></type>
<id_tax><![CDATA[1]]></id_tax>
<amount><![CDATA[0.781200]]></amount>
</order_invoice_tax>
<order_invoice_tax><id_order_invoice><![CDATA[2748]]></id_order_invoice>
<type><![CDATA[shipping]]></type>
<id_tax><![CDATA[1]]></id_tax>
<amount><![CDATA[0.000000]]></amount>
</order_invoice_tax>
<order_invoice_tax><id_order_invoice><![CDATA[2749]]></id_order_invoice>
<type><![CDATA[shipping]]></type>
<id_tax><![CDATA[1]]></id_tax>
<amount><![CDATA[0.781200]]></amount>
</order_invoice_tax>
<order_invoice_tax><id_order_invoice><![CDATA[2750]]></id_order_invoice>
<type><![CDATA[shipping]]></type>
<id_tax><![CDATA[1]]></id_tax>
<amount><![CDATA[0.000000]]></amount>
</order_invoice_tax>
<order_invoice_tax><id_order_invoice><![CDATA[2751]]></id_order_invoice>
<type><![CDATA[shipping]]></type>
<id_tax><![CDATA[1]]></id_tax>
<amount><![CDATA[0.781200]]></amount>
</order_invoice_tax>
<order_invoice_tax><id_order_invoice><![CDATA[2752]]></id_order_invoice>
<type><![CDATA[shipping]]></type>
<id_tax><![CDATA[1]]></id_tax>
<amount><![CDATA[1.509900]]></amount>
</order_invoice_tax>
<order_invoice_tax><id_order_invoice><![CDATA[2753]]></id_order_invoice>
<type><![CDATA[shipping]]></type>
<id_tax><![CDATA[1]]></id_tax>
<amount><![CDATA[0.000000]]></amount>
</order_invoice_tax>
<order_invoice_tax><id_order_invoice><![CDATA[2754]]></id_order_invoice>
<type><![CDATA[shipping]]></type>
<id_tax><![CDATA[1]]></id_tax>
<amount><![CDATA[0.781200]]></amount>
</order_invoice_tax>
<order_invoice_tax><id_order_invoice><![CDATA[2755]]></id_order_invoice>
<type><![CDATA[shipping]]></type>
<id_tax><![CDATA[1]]></id_tax>
<amount><![CDATA[1.476300]]></amount>
</order_invoice_tax>
<order_invoice_tax><id_order_invoice><![CDATA[2756]]></id_order_invoice>
<type><![CDATA[shipping]]></type>
<id_tax><![CDATA[1]]></id_tax>
<amount><![CDATA[1.302000]]></amount>
</order_invoice_tax>
<order_invoice_tax><id_order_invoice><![CDATA[2757]]></id_order_invoice>
<type><![CDATA[shipping]]></type>
<id_tax><![CDATA[1]]></id_tax>
<amount><![CDATA[0.000000]]></amount>
</order_invoice_tax>
<order_invoice_tax><id_order_invoice><![CDATA[2758]]></id_order_invoice>
<type><![CDATA[shipping]]></type>
<id_tax><![CDATA[1]]></id_tax>
<amount><![CDATA[0.000000]]></amount>
</order_invoice_tax>
<order_invoice_tax><id_order_invoice><![CDATA[2759]]></id_order_invoice>
<type><![CDATA[shipping]]></type>
<id_tax><![CDATA[1]]></id_tax>
<amount><![CDATA[0.000000]]></amount>
</order_invoice_tax>
<order_invoice_tax><id_order_invoice><![CDATA[2760]]></id_order_invoice>
<type><![CDATA[shipping]]></type>
<id_tax><![CDATA[1]]></id_tax>
<amount><![CDATA[1.476300]]></amount>
</order_invoice_tax>
<order_invoice_tax><id_order_invoice><![CDATA[2761]]></id_order_invoice>
<type><![CDATA[shipping]]></type>
<id_tax><![CDATA[1]]></id_tax>
<amount><![CDATA[1.545600]]></amount>
</order_invoice_tax>
<order_invoice_tax><id_order_invoice><![CDATA[2762]]></id_order_invoice>
<type><![CDATA[shipping]]></type>
<id_tax><![CDATA[1]]></id_tax>
<amount><![CDATA[0.000000]]></amount>
</order_invoice_tax>
<order_invoice_tax><id_order_invoice><![CDATA[2763]]></id_order_invoice>
<type><![CDATA[shipping]]></type>
<id_tax><![CDATA[1]]></id_tax>
<amount><![CDATA[1.302000]]></amount>
</order_invoice_tax>
<order_invoice_tax><id_order_invoice><![CDATA[2764]]></id_order_invoice>
<type><![CDATA[shipping]]></type>
<id_tax><![CDATA[1]]></id_tax>
<amount><![CDATA[1.545600]]></amount>
</order_invoice_tax>
<order_invoice_tax><id_order_invoice><![CDATA[2765]]></id_order_invoice>
<type><![CDATA[shipping]]></type>
<id_tax><![CDATA[1]]></id_tax>
<amount><![CDATA[1.545600]]></amount>
</order_invoice_tax>
<order_invoice_tax><id_order_invoice><![CDATA[2766]]></id_order_invoice>
<type><![CDATA[shipping]]></type>
<id_tax><![CDATA[1]]></id_tax>
<amount><![CDATA[1.476300]]></amount>
</order_invoice_tax>
<order_invoice_tax><id_order_invoice><![CDATA[2767]]></id_order_invoice>
<type><![CDATA[shipping]]></type>
<id_tax><![CDATA[1]]></id_tax>
<amount><![CDATA[1.545600]]></amount>
</order_invoice_tax>
<order_invoice_tax><id_order_invoice><![CDATA[2768]]></id_order_invoice>
<type><![CDATA[shipping]]></type>
<id_tax><![CDATA[1]]></id_tax>
<amount><![CDATA[1.302000]]></amount>
</order_invoice_tax>
<order_invoice_tax><id_order_invoice><![CDATA[2769]]></id_order_invoice>
<type><![CDATA[shipping]]></type>
<id_tax><![CDATA[1]]></id_tax>
<amount><![CDATA[1.476300]]></amount>
</order_invoice_tax>
<order_invoice_tax><id_order_invoice><![CDATA[2770]]></id_order_invoice>
<type><![CDATA[shipping]]></type>
<id_tax><![CDATA[1]]></id_tax>
<amount><![CDATA[1.476300]]></amount>
</order_invoice_tax>
<order_invoice_tax><id_order_invoice><![CDATA[2771]]></id_order_invoice>
<type><![CDATA[shipping]]></type>
<id_tax><![CDATA[1]]></id_tax>
<amount><![CDATA[1.476300]]></amount>
</order_invoice_tax>
<order_invoice_tax><id_order_invoice><![CDATA[2772]]></id_order_invoice>
<type><![CDATA[shipping]]></type>
<id_tax><![CDATA[1]]></id_tax>
<amount><![CDATA[0.781200]]></amount>
</order_invoice_tax>
<order_invoice_tax><id_order_invoice><![CDATA[2773]]></id_order_invoice>
<type><![CDATA[shipping]]></type>
<id_tax><![CDATA[1]]></id_tax>
<amount><![CDATA[0.781200]]></amount>
</order_invoice_tax>
<order_invoice_tax><id_order_invoice><![CDATA[2774]]></id_order_invoice>
<type><![CDATA[shipping]]></type>
<id_tax><![CDATA[1]]></id_tax>
<amount><![CDATA[0.781200]]></amount>
</order_invoice_tax>
<order_invoice_tax><id_order_invoice><![CDATA[2775]]></id_order_invoice>
<type><![CDATA[shipping]]></type>
<id_tax><![CDATA[1]]></id_tax>
<amount><![CDATA[1.509900]]></amount>
</order_invoice_tax>
<order_invoice_tax><id_order_invoice><![CDATA[2776]]></id_order_invoice>
<type><![CDATA[shipping]]></type>
<id_tax><![CDATA[1]]></id_tax>
<amount><![CDATA[0.000000]]></amount>
</order_invoice_tax>
<order_invoice_tax><id_order_invoice><![CDATA[2777]]></id_order_invoice>
<type><![CDATA[shipping]]></type>
<id_tax><![CDATA[1]]></id_tax>
<amount><![CDATA[0.781200]]></amount>
</order_invoice_tax>
<order_invoice_tax><id_order_invoice><![CDATA[2778]]></id_order_invoice>
<type><![CDATA[shipping]]></type>
<id_tax><![CDATA[1]]></id_tax>
<amount><![CDATA[0.000000]]></amount>
</order_invoice_tax>
<order_invoice_tax><id_order_invoice><![CDATA[2779]]></id_order_invoice>
<type><![CDATA[shipping]]></type>
<id_tax><![CDATA[1]]></id_tax>
<amount><![CDATA[0.781200]]></amount>
</order_invoice_tax>
<order_invoice_tax><id_order_invoice><![CDATA[2780]]></id_order_invoice>
<type><![CDATA[shipping]]></type>
<id_tax><![CDATA[1]]></id_tax>
<amount><![CDATA[0.781200]]></amount>
</order_invoice_tax>
<order_invoice_tax><id_order_invoice><![CDATA[2781]]></id_order_invoice>
<type><![CDATA[shipping]]></type>
<id_tax><![CDATA[1]]></id_tax>
<amount><![CDATA[1.545600]]></amount>
</order_invoice_tax>
<order_invoice_tax><id_order_invoice><![CDATA[2782]]></id_order_invoice>
<type><![CDATA[shipping]]></type>
<id_tax><![CDATA[1]]></id_tax>
<amount><![CDATA[0.781200]]></amount>
</order_invoice_tax>
<order_invoice_tax><id_order_invoice><![CDATA[2783]]></id_order_invoice>
<type><![CDATA[shipping]]></type>
<id_tax><![CDATA[1]]></id_tax>
<amount><![CDATA[0.781200]]></amount>
</order_invoice_tax>
<order_invoice_tax><id_order_invoice><![CDATA[2784]]></id_order_invoice>
<type><![CDATA[shipping]]></type>
<id_tax><![CDATA[1]]></id_tax>
<amount><![CDATA[0.781200]]></amount>
</order_invoice_tax>
<order_invoice_tax><id_order_invoice><![CDATA[2785]]></id_order_invoice>
<type><![CDATA[shipping]]></type>
<id_tax><![CDATA[1]]></id_tax>
<amount><![CDATA[0.000000]]></amount>
</order_invoice_tax>
<order_invoice_tax><id_order_invoice><![CDATA[2786]]></id_order_invoice>
<type><![CDATA[shipping]]></type>
<id_tax><![CDATA[1]]></id_tax>
<amount><![CDATA[0.000000]]></amount>
</order_invoice_tax>
<order_invoice_tax><id_order_invoice><![CDATA[2787]]></id_order_invoice>
<type><![CDATA[shipping]]></type>
<id_tax><![CDATA[1]]></id_tax>
<amount><![CDATA[0.781200]]></amount>
</order_invoice_tax>
<order_invoice_tax><id_order_invoice><![CDATA[2788]]></id_order_invoice>
<type><![CDATA[shipping]]></type>
<id_tax><![CDATA[1]]></id_tax>
<amount><![CDATA[0.000000]]></amount>
</order_invoice_tax>
<order_invoice_tax><id_order_invoice><![CDATA[2789]]></id_order_invoice>
<type><![CDATA[shipping]]></type>
<id_tax><![CDATA[1]]></id_tax>
<amount><![CDATA[1.545600]]></amount>
</order_invoice_tax>
<order_invoice_tax><id_order_invoice><![CDATA[2790]]></id_order_invoice>
<type><![CDATA[shipping]]></type>
<id_tax><![CDATA[1]]></id_tax>
<amount><![CDATA[0.781200]]></amount>
</order_invoice_tax>
<order_invoice_tax><id_order_invoice><![CDATA[2791]]></id_order_invoice>
<type><![CDATA[shipping]]></type>
<id_tax><![CDATA[1]]></id_tax>
<amount><![CDATA[1.545600]]></amount>
</order_invoice_tax>
<order_invoice_tax><id_order_invoice><![CDATA[2792]]></id_order_invoice>
<type><![CDATA[shipping]]></type>
<id_tax><![CDATA[1]]></id_tax>
<amount><![CDATA[0.000000]]></amount>
</order_invoice_tax>
<order_invoice_tax><id_order_invoice><![CDATA[2793]]></id_order_invoice>
<type><![CDATA[shipping]]></type>
<id_tax><![CDATA[1]]></id_tax>
<amount><![CDATA[1.509900]]></amount>
</order_invoice_tax>
<order_invoice_tax><id_order_invoice><![CDATA[2794]]></id_order_invoice>
<type><![CDATA[shipping]]></type>
<id_tax><![CDATA[1]]></id_tax>
<amount><![CDATA[0.781200]]></amount>
</order_invoice_tax>
<order_invoice_tax><id_order_invoice><![CDATA[2795]]></id_order_invoice>
<type><![CDATA[shipping]]></type>
<id_tax><![CDATA[1]]></id_tax>
<amount><![CDATA[0.781200]]></amount>
</order_invoice_tax>
<order_invoice_tax><id_order_invoice><![CDATA[2796]]></id_order_invoice>
<type><![CDATA[shipping]]></type>
<id_tax><![CDATA[1]]></id_tax>
<amount><![CDATA[1.509900]]></amount>
</order_invoice_tax>
<order_invoice_tax><id_order_invoice><![CDATA[2797]]></id_order_invoice>
<type><![CDATA[shipping]]></type>
<id_tax><![CDATA[1]]></id_tax>
<amount><![CDATA[1.302000]]></amount>
</order_invoice_tax>
<order_invoice_tax><id_order_invoice><![CDATA[2798]]></id_order_invoice>
<type><![CDATA[shipping]]></type>
<id_tax><![CDATA[1]]></id_tax>
<amount><![CDATA[1.302000]]></amount>
</order_invoice_tax>
<order_invoice_tax><id_order_invoice><![CDATA[2799]]></id_order_invoice>
<type><![CDATA[shipping]]></type>
<id_tax><![CDATA[1]]></id_tax>
<amount><![CDATA[0.781200]]></amount>
</order_invoice_tax>
<order_invoice_tax><id_order_invoice><![CDATA[2800]]></id_order_invoice>
<type><![CDATA[shipping]]></type>
<id_tax><![CDATA[1]]></id_tax>
<amount><![CDATA[1.545600]]></amount>
</order_invoice_tax>
<order_invoice_tax><id_order_invoice><![CDATA[2801]]></id_order_invoice>
<type><![CDATA[shipping]]></type>
<id_tax><![CDATA[1]]></id_tax>
<amount><![CDATA[1.476300]]></amount>
</order_invoice_tax>
<order_invoice_tax><id_order_invoice><![CDATA[2802]]></id_order_invoice>
<type><![CDATA[shipping]]></type>
<id_tax><![CDATA[1]]></id_tax>
<amount><![CDATA[1.476300]]></amount>
</order_invoice_tax>
<order_invoice_tax><id_order_invoice><![CDATA[2803]]></id_order_invoice>
<type><![CDATA[shipping]]></type>
<id_tax><![CDATA[1]]></id_tax>
<amount><![CDATA[0.000000]]></amount>
</order_invoice_tax>
<order_invoice_tax><id_order_invoice><![CDATA[2804]]></id_order_invoice>
<type><![CDATA[shipping]]></type>
<id_tax><![CDATA[1]]></id_tax>
<amount><![CDATA[1.476300]]></amount>
</order_invoice_tax>
<order_invoice_tax><id_order_invoice><![CDATA[2805]]></id_order_invoice>
<type><![CDATA[shipping]]></type>
<id_tax><![CDATA[1]]></id_tax>
<amount><![CDATA[0.000000]]></amount>
</order_invoice_tax>
<order_invoice_tax><id_order_invoice><![CDATA[2806]]></id_order_invoice>
<type><![CDATA[shipping]]></type>
<id_tax><![CDATA[1]]></id_tax>
<amount><![CDATA[0.000000]]></amount>
</order_invoice_tax>
<order_invoice_tax><id_order_invoice><![CDATA[2807]]></id_order_invoice>
<type><![CDATA[shipping]]></type>
<id_tax><![CDATA[1]]></id_tax>
<amount><![CDATA[0.000000]]></amount>
</order_invoice_tax>
<order_invoice_tax><id_order_invoice><![CDATA[2808]]></id_order_invoice>
<type><![CDATA[shipping]]></type>
<id_tax><![CDATA[1]]></id_tax>
<amount><![CDATA[0.000000]]></amount>
</order_invoice_tax>
<order_invoice_tax><id_order_invoice><![CDATA[2809]]></id_order_invoice>
<type><![CDATA[shipping]]></type>
<id_tax><![CDATA[1]]></id_tax>
<amount><![CDATA[0.781200]]></amount>
</order_invoice_tax>
<order_invoice_tax><id_order_invoice><![CDATA[2810]]></id_order_invoice>
<type><![CDATA[shipping]]></type>
<id_tax><![CDATA[1]]></id_tax>
<amount><![CDATA[1.302000]]></amount>
</order_invoice_tax>
<order_invoice_tax><id_order_invoice><![CDATA[2811]]></id_order_invoice>
<type><![CDATA[shipping]]></type>
<id_tax><![CDATA[1]]></id_tax>
<amount><![CDATA[0.781200]]></amount>
</order_invoice_tax>
<order_invoice_tax><id_order_invoice><![CDATA[2812]]></id_order_invoice>
<type><![CDATA[shipping]]></type>
<id_tax><![CDATA[1]]></id_tax>
<amount><![CDATA[0.000000]]></amount>
</order_invoice_tax>
<order_invoice_tax><id_order_invoice><![CDATA[2813]]></id_order_invoice>
<type><![CDATA[shipping]]></type>
<id_tax><![CDATA[1]]></id_tax>
<amount><![CDATA[0.781200]]></amount>
</order_invoice_tax>
<order_invoice_tax><id_order_invoice><![CDATA[2814]]></id_order_invoice>
<type><![CDATA[shipping]]></type>
<id_tax><![CDATA[1]]></id_tax>
<amount><![CDATA[0.000000]]></amount>
</order_invoice_tax>
<order_invoice_tax><id_order_invoice><![CDATA[2815]]></id_order_invoice>
<type><![CDATA[shipping]]></type>
<id_tax><![CDATA[1]]></id_tax>
<amount><![CDATA[0.000000]]></amount>
</order_invoice_tax>
<order_invoice_tax><id_order_invoice><![CDATA[2816]]></id_order_invoice>
<type><![CDATA[shipping]]></type>
<id_tax><![CDATA[1]]></id_tax>
<amount><![CDATA[0.781200]]></amount>
</order_invoice_tax>
<order_invoice_tax><id_order_invoice><![CDATA[2817]]></id_order_invoice>
<type><![CDATA[shipping]]></type>
<id_tax><![CDATA[1]]></id_tax>
<amount><![CDATA[1.509900]]></amount>
</order_invoice_tax>
<order_invoice_tax><id_order_invoice><![CDATA[2818]]></id_order_invoice>
<type><![CDATA[shipping]]></type>
<id_tax><![CDATA[1]]></id_tax>
<amount><![CDATA[1.509900]]></amount>
</order_invoice_tax>
<order_invoice_tax><id_order_invoice><![CDATA[2819]]></id_order_invoice>
<type><![CDATA[shipping]]></type>
<id_tax><![CDATA[1]]></id_tax>
<amount><![CDATA[1.545600]]></amount>
</order_invoice_tax>
<order_invoice_tax><id_order_invoice><![CDATA[2820]]></id_order_invoice>
<type><![CDATA[shipping]]></type>
<id_tax><![CDATA[1]]></id_tax>
<amount><![CDATA[0.000000]]></amount>
</order_invoice_tax>
<order_invoice_tax><id_order_invoice><![CDATA[2821]]></id_order_invoice>
<type><![CDATA[shipping]]></type>
<id_tax><![CDATA[1]]></id_tax>
<amount><![CDATA[0.781200]]></amount>
</order_invoice_tax>
<order_invoice_tax><id_order_invoice><![CDATA[2822]]></id_order_invoice>
<type><![CDATA[shipping]]></type>
<id_tax><![CDATA[1]]></id_tax>
<amount><![CDATA[1.302000]]></amount>
</order_invoice_tax>
<order_invoice_tax><id_order_invoice><![CDATA[2823]]></id_order_invoice>
<type><![CDATA[shipping]]></type>
<id_tax><![CDATA[1]]></id_tax>
<amount><![CDATA[0.781200]]></amount>
</order_invoice_tax>
<order_invoice_tax><id_order_invoice><![CDATA[2824]]></id_order_invoice>
<type><![CDATA[shipping]]></type>
<id_tax><![CDATA[1]]></id_tax>
<amount><![CDATA[0.781200]]></amount>
</order_invoice_tax>
<order_invoice_tax><id_order_invoice><![CDATA[2825]]></id_order_invoice>
<type><![CDATA[shipping]]></type>
<id_tax><![CDATA[1]]></id_tax>
<amount><![CDATA[1.545600]]></amount>
</order_invoice_tax>
<order_invoice_tax><id_order_invoice><![CDATA[2826]]></id_order_invoice>
<type><![CDATA[shipping]]></type>
<id_tax><![CDATA[1]]></id_tax>
<amount><![CDATA[0.781200]]></amount>
</order_invoice_tax>
<order_invoice_tax><id_order_invoice><![CDATA[2827]]></id_order_invoice>
<type><![CDATA[shipping]]></type>
<id_tax><![CDATA[1]]></id_tax>
<amount><![CDATA[1.476300]]></amount>
</order_invoice_tax>
<order_invoice_tax><id_order_invoice><![CDATA[2828]]></id_order_invoice>
<type><![CDATA[shipping]]></type>
<id_tax><![CDATA[1]]></id_tax>
<amount><![CDATA[1.509900]]></amount>
</order_invoice_tax>
<order_invoice_tax><id_order_invoice><![CDATA[2829]]></id_order_invoice>
<type><![CDATA[shipping]]></type>
<id_tax><![CDATA[1]]></id_tax>
<amount><![CDATA[1.476300]]></amount>
</order_invoice_tax>
<order_invoice_tax><id_order_invoice><![CDATA[2830]]></id_order_invoice>
<type><![CDATA[shipping]]></type>
<id_tax><![CDATA[1]]></id_tax>
<amount><![CDATA[1.302000]]></amount>
</order_invoice_tax>
<order_invoice_tax><id_order_invoice><![CDATA[2831]]></id_order_invoice>
<type><![CDATA[shipping]]></type>
<id_tax><![CDATA[1]]></id_tax>
<amount><![CDATA[1.476300]]></amount>
</order_invoice_tax>
<order_invoice_tax><id_order_invoice><![CDATA[2832]]></id_order_invoice>
<type><![CDATA[shipping]]></type>
<id_tax><![CDATA[1]]></id_tax>
<amount><![CDATA[0.000000]]></amount>
</order_invoice_tax>
<order_invoice_tax><id_order_invoice><![CDATA[2833]]></id_order_invoice>
<type><![CDATA[shipping]]></type>
<id_tax><![CDATA[1]]></id_tax>
<amount><![CDATA[0.000000]]></amount>
</order_invoice_tax>
<order_invoice_tax><id_order_invoice><![CDATA[2834]]></id_order_invoice>
<type><![CDATA[shipping]]></type>
<id_tax><![CDATA[1]]></id_tax>
<amount><![CDATA[0.000000]]></amount>
</order_invoice_tax>
<order_invoice_tax><id_order_invoice><![CDATA[2835]]></id_order_invoice>
<type><![CDATA[shipping]]></type>
<id_tax><![CDATA[1]]></id_tax>
<amount><![CDATA[0.781200]]></amount>
</order_invoice_tax>
<order_invoice_tax><id_order_invoice><![CDATA[2836]]></id_order_invoice>
<type><![CDATA[shipping]]></type>
<id_tax><![CDATA[1]]></id_tax>
<amount><![CDATA[0.781200]]></amount>
</order_invoice_tax>
<order_invoice_tax><id_order_invoice><![CDATA[2837]]></id_order_invoice>
<type><![CDATA[shipping]]></type>
<id_tax><![CDATA[1]]></id_tax>
<amount><![CDATA[0.000000]]></amount>
</order_invoice_tax>
<order_invoice_tax><id_order_invoice><![CDATA[2838]]></id_order_invoice>
<type><![CDATA[shipping]]></type>
<id_tax><![CDATA[1]]></id_tax>
<amount><![CDATA[1.302000]]></amount>
</order_invoice_tax>
<order_invoice_tax><id_order_invoice><![CDATA[2839]]></id_order_invoice>
<type><![CDATA[shipping]]></type>
<id_tax><![CDATA[1]]></id_tax>
<amount><![CDATA[0.781200]]></amount>
</order_invoice_tax>
<order_invoice_tax><id_order_invoice><![CDATA[2840]]></id_order_invoice>
<type><![CDATA[shipping]]></type>
<id_tax><![CDATA[1]]></id_tax>
<amount><![CDATA[1.509900]]></amount>
</order_invoice_tax>
<order_invoice_tax><id_order_invoice><![CDATA[2841]]></id_order_invoice>
<type><![CDATA[shipping]]></type>
<id_tax><![CDATA[1]]></id_tax>
<amount><![CDATA[0.781200]]></amount>
</order_invoice_tax>
<order_invoice_tax><id_order_invoice><![CDATA[2842]]></id_order_invoice>
<type><![CDATA[shipping]]></type>
<id_tax><![CDATA[1]]></id_tax>
<amount><![CDATA[0.000000]]></amount>
</order_invoice_tax>
<order_invoice_tax><id_order_invoice><![CDATA[2843]]></id_order_invoice>
<type><![CDATA[shipping]]></type>
<id_tax><![CDATA[1]]></id_tax>
<amount><![CDATA[1.509900]]></amount>
</order_invoice_tax>
<order_invoice_tax><id_order_invoice><![CDATA[2844]]></id_order_invoice>
<type><![CDATA[shipping]]></type>
<id_tax><![CDATA[1]]></id_tax>
<amount><![CDATA[1.545600]]></amount>
</order_invoice_tax>
<order_invoice_tax><id_order_invoice><![CDATA[2845]]></id_order_invoice>
<type><![CDATA[shipping]]></type>
<id_tax><![CDATA[1]]></id_tax>
<amount><![CDATA[1.545600]]></amount>
</order_invoice_tax>
<order_invoice_tax><id_order_invoice><![CDATA[2846]]></id_order_invoice>
<type><![CDATA[shipping]]></type>
<id_tax><![CDATA[1]]></id_tax>
<amount><![CDATA[0.781200]]></amount>
</order_invoice_tax>
<order_invoice_tax><id_order_invoice><![CDATA[2847]]></id_order_invoice>
<type><![CDATA[shipping]]></type>
<id_tax><![CDATA[1]]></id_tax>
<amount><![CDATA[1.302000]]></amount>
</order_invoice_tax>
<order_invoice_tax><id_order_invoice><![CDATA[2848]]></id_order_invoice>
<type><![CDATA[shipping]]></type>
<id_tax><![CDATA[1]]></id_tax>
<amount><![CDATA[0.000000]]></amount>
</order_invoice_tax>
<order_invoice_tax><id_order_invoice><![CDATA[2849]]></id_order_invoice>
<type><![CDATA[shipping]]></type>
<id_tax><![CDATA[1]]></id_tax>
<amount><![CDATA[0.781200]]></amount>
</order_invoice_tax>
<order_invoice_tax><id_order_invoice><![CDATA[2850]]></id_order_invoice>
<type><![CDATA[shipping]]></type>
<id_tax><![CDATA[1]]></id_tax>
<amount><![CDATA[1.476300]]></amount>
</order_invoice_tax>
<order_invoice_tax><id_order_invoice><![CDATA[2851]]></id_order_invoice>
<type><![CDATA[shipping]]></type>
<id_tax><![CDATA[1]]></id_tax>
<amount><![CDATA[0.781200]]></amount>
</order_invoice_tax>
<order_invoice_tax><id_order_invoice><![CDATA[2852]]></id_order_invoice>
<type><![CDATA[shipping]]></type>
<id_tax><![CDATA[1]]></id_tax>
<amount><![CDATA[0.000000]]></amount>
</order_invoice_tax>
<order_invoice_tax><id_order_invoice><![CDATA[2853]]></id_order_invoice>
<type><![CDATA[shipping]]></type>
<id_tax><![CDATA[1]]></id_tax>
<amount><![CDATA[1.545600]]></amount>
</order_invoice_tax>
<order_invoice_tax><id_order_invoice><![CDATA[2854]]></id_order_invoice>
<type><![CDATA[shipping]]></type>
<id_tax><![CDATA[1]]></id_tax>
<amount><![CDATA[0.781200]]></amount>
</order_invoice_tax>
<order_invoice_tax><id_order_invoice><![CDATA[2855]]></id_order_invoice>
<type><![CDATA[shipping]]></type>
<id_tax><![CDATA[1]]></id_tax>
<amount><![CDATA[0.781200]]></amount>
</order_invoice_tax>
<order_invoice_tax><id_order_invoice><![CDATA[2856]]></id_order_invoice>
<type><![CDATA[shipping]]></type>
<id_tax><![CDATA[1]]></id_tax>
<amount><![CDATA[1.545600]]></amount>
</order_invoice_tax>
<order_invoice_tax><id_order_invoice><![CDATA[2857]]></id_order_invoice>
<type><![CDATA[shipping]]></type>
<id_tax><![CDATA[1]]></id_tax>
<amount><![CDATA[1.545600]]></amount>
</order_invoice_tax>
<order_invoice_tax><id_order_invoice><![CDATA[2858]]></id_order_invoice>
<type><![CDATA[shipping]]></type>
<id_tax><![CDATA[1]]></id_tax>
<amount><![CDATA[0.000000]]></amount>
</order_invoice_tax>
<order_invoice_tax><id_order_invoice><![CDATA[2859]]></id_order_invoice>
<type><![CDATA[shipping]]></type>
<id_tax><![CDATA[1]]></id_tax>
<amount><![CDATA[0.000000]]></amount>
</order_invoice_tax>
<order_invoice_tax><id_order_invoice><![CDATA[2860]]></id_order_invoice>
<type><![CDATA[shipping]]></type>
<id_tax><![CDATA[1]]></id_tax>
<amount><![CDATA[1.509900]]></amount>
</order_invoice_tax>
<order_invoice_tax><id_order_invoice><![CDATA[2861]]></id_order_invoice>
<type><![CDATA[shipping]]></type>
<id_tax><![CDATA[1]]></id_tax>
<amount><![CDATA[1.545600]]></amount>
</order_invoice_tax>
<order_invoice_tax><id_order_invoice><![CDATA[2862]]></id_order_invoice>
<type><![CDATA[shipping]]></type>
<id_tax><![CDATA[1]]></id_tax>
<amount><![CDATA[0.000000]]></amount>
</order_invoice_tax>
<order_invoice_tax><id_order_invoice><![CDATA[2863]]></id_order_invoice>
<type><![CDATA[shipping]]></type>
<id_tax><![CDATA[1]]></id_tax>
<amount><![CDATA[0.781200]]></amount>
</order_invoice_tax>
<order_invoice_tax><id_order_invoice><![CDATA[2864]]></id_order_invoice>
<type><![CDATA[shipping]]></type>
<id_tax><![CDATA[1]]></id_tax>
<amount><![CDATA[1.545600]]></amount>
</order_invoice_tax>
<order_invoice_tax><id_order_invoice><![CDATA[2865]]></id_order_invoice>
<type><![CDATA[shipping]]></type>
<id_tax><![CDATA[1]]></id_tax>
<amount><![CDATA[1.302000]]></amount>
</order_invoice_tax>
<order_invoice_tax><id_order_invoice><![CDATA[2866]]></id_order_invoice>
<type><![CDATA[shipping]]></type>
<id_tax><![CDATA[1]]></id_tax>
<amount><![CDATA[0.781200]]></amount>
</order_invoice_tax>
<order_invoice_tax><id_order_invoice><![CDATA[2867]]></id_order_invoice>
<type><![CDATA[shipping]]></type>
<id_tax><![CDATA[1]]></id_tax>
<amount><![CDATA[0.781200]]></amount>
</order_invoice_tax>
<order_invoice_tax><id_order_invoice><![CDATA[2868]]></id_order_invoice>
<type><![CDATA[shipping]]></type>
<id_tax><![CDATA[1]]></id_tax>
<amount><![CDATA[0.781200]]></amount>
</order_invoice_tax>
<order_invoice_tax><id_order_invoice><![CDATA[2869]]></id_order_invoice>
<type><![CDATA[shipping]]></type>
<id_tax><![CDATA[1]]></id_tax>
<amount><![CDATA[0.781200]]></amount>
</order_invoice_tax>
<order_invoice_tax><id_order_invoice><![CDATA[2870]]></id_order_invoice>
<type><![CDATA[shipping]]></type>
<id_tax><![CDATA[1]]></id_tax>
<amount><![CDATA[0.781200]]></amount>
</order_invoice_tax>
<order_invoice_tax><id_order_invoice><![CDATA[2871]]></id_order_invoice>
<type><![CDATA[shipping]]></type>
<id_tax><![CDATA[1]]></id_tax>
<amount><![CDATA[1.509900]]></amount>
</order_invoice_tax>
<order_invoice_tax><id_order_invoice><![CDATA[2872]]></id_order_invoice>
<type><![CDATA[shipping]]></type>
<id_tax><![CDATA[1]]></id_tax>
<amount><![CDATA[0.781200]]></amount>
</order_invoice_tax>
<order_invoice_tax><id_order_invoice><![CDATA[2873]]></id_order_invoice>
<type><![CDATA[shipping]]></type>
<id_tax><![CDATA[1]]></id_tax>
<amount><![CDATA[0.000000]]></amount>
</order_invoice_tax>
<order_invoice_tax><id_order_invoice><![CDATA[2874]]></id_order_invoice>
<type><![CDATA[shipping]]></type>
<id_tax><![CDATA[1]]></id_tax>
<amount><![CDATA[0.000000]]></amount>
</order_invoice_tax>
<order_invoice_tax><id_order_invoice><![CDATA[2875]]></id_order_invoice>
<type><![CDATA[shipping]]></type>
<id_tax><![CDATA[1]]></id_tax>
<amount><![CDATA[1.476300]]></amount>
</order_invoice_tax>
<order_invoice_tax><id_order_invoice><![CDATA[2876]]></id_order_invoice>
<type><![CDATA[shipping]]></type>
<id_tax><![CDATA[1]]></id_tax>
<amount><![CDATA[0.000000]]></amount>
</order_invoice_tax>
<order_invoice_tax><id_order_invoice><![CDATA[2877]]></id_order_invoice>
<type><![CDATA[shipping]]></type>
<id_tax><![CDATA[1]]></id_tax>
<amount><![CDATA[1.545600]]></amount>
</order_invoice_tax>
<order_invoice_tax><id_order_invoice><![CDATA[2878]]></id_order_invoice>
<type><![CDATA[shipping]]></type>
<id_tax><![CDATA[1]]></id_tax>
<amount><![CDATA[0.781200]]></amount>
</order_invoice_tax>
<order_invoice_tax><id_order_invoice><![CDATA[2879]]></id_order_invoice>
<type><![CDATA[shipping]]></type>
<id_tax><![CDATA[1]]></id_tax>
<amount><![CDATA[0.000000]]></amount>
</order_invoice_tax>
<order_invoice_tax><id_order_invoice><![CDATA[2880]]></id_order_invoice>
<type><![CDATA[shipping]]></type>
<id_tax><![CDATA[1]]></id_tax>
<amount><![CDATA[0.781200]]></amount>
</order_invoice_tax>
<order_invoice_tax><id_order_invoice><![CDATA[2881]]></id_order_invoice>
<type><![CDATA[shipping]]></type>
<id_tax><![CDATA[1]]></id_tax>
<amount><![CDATA[0.000000]]></amount>
</order_invoice_tax>
<order_invoice_tax><id_order_invoice><![CDATA[2882]]></id_order_invoice>
<type><![CDATA[shipping]]></type>
<id_tax><![CDATA[1]]></id_tax>
<amount><![CDATA[0.781200]]></amount>
</order_invoice_tax>
<order_invoice_tax><id_order_invoice><![CDATA[2883]]></id_order_invoice>
<type><![CDATA[shipping]]></type>
<id_tax><![CDATA[1]]></id_tax>
<amount><![CDATA[0.000000]]></amount>
</order_invoice_tax>
<order_invoice_tax><id_order_invoice><![CDATA[2884]]></id_order_invoice>
<type><![CDATA[shipping]]></type>
<id_tax><![CDATA[1]]></id_tax>
<amount><![CDATA[0.781200]]></amount>
</order_invoice_tax>
<order_invoice_tax><id_order_invoice><![CDATA[2885]]></id_order_invoice>
<type><![CDATA[shipping]]></type>
<id_tax><![CDATA[1]]></id_tax>
<amount><![CDATA[1.476300]]></amount>
</order_invoice_tax>
<order_invoice_tax><id_order_invoice><![CDATA[2886]]></id_order_invoice>
<type><![CDATA[shipping]]></type>
<id_tax><![CDATA[1]]></id_tax>
<amount><![CDATA[1.545600]]></amount>
</order_invoice_tax>
<order_invoice_tax><id_order_invoice><![CDATA[2887]]></id_order_invoice>
<type><![CDATA[shipping]]></type>
<id_tax><![CDATA[1]]></id_tax>
<amount><![CDATA[0.781200]]></amount>
</order_invoice_tax>
<order_invoice_tax><id_order_invoice><![CDATA[2888]]></id_order_invoice>
<type><![CDATA[shipping]]></type>
<id_tax><![CDATA[1]]></id_tax>
<amount><![CDATA[1.476300]]></amount>
</order_invoice_tax>
<order_invoice_tax><id_order_invoice><![CDATA[2889]]></id_order_invoice>
<type><![CDATA[shipping]]></type>
<id_tax><![CDATA[1]]></id_tax>
<amount><![CDATA[1.476300]]></amount>
</order_invoice_tax>
<order_invoice_tax><id_order_invoice><![CDATA[2890]]></id_order_invoice>
<type><![CDATA[shipping]]></type>
<id_tax><![CDATA[1]]></id_tax>
<amount><![CDATA[1.476300]]></amount>
</order_invoice_tax>
<order_invoice_tax><id_order_invoice><![CDATA[2891]]></id_order_invoice>
<type><![CDATA[shipping]]></type>
<id_tax><![CDATA[1]]></id_tax>
<amount><![CDATA[1.509900]]></amount>
</order_invoice_tax>
<order_invoice_tax><id_order_invoice><![CDATA[2892]]></id_order_invoice>
<type><![CDATA[shipping]]></type>
<id_tax><![CDATA[1]]></id_tax>
<amount><![CDATA[1.033200]]></amount>
</order_invoice_tax>
<order_invoice_tax><id_order_invoice><![CDATA[2893]]></id_order_invoice>
<type><![CDATA[shipping]]></type>
<id_tax><![CDATA[1]]></id_tax>
<amount><![CDATA[0.781200]]></amount>
</order_invoice_tax>
<order_invoice_tax><id_order_invoice><![CDATA[2894]]></id_order_invoice>
<type><![CDATA[shipping]]></type>
<id_tax><![CDATA[1]]></id_tax>
<amount><![CDATA[1.302000]]></amount>
</order_invoice_tax>
<order_invoice_tax><id_order_invoice><![CDATA[2895]]></id_order_invoice>
<type><![CDATA[shipping]]></type>
<id_tax><![CDATA[1]]></id_tax>
<amount><![CDATA[0.781200]]></amount>
</order_invoice_tax>
<order_invoice_tax><id_order_invoice><![CDATA[2896]]></id_order_invoice>
<type><![CDATA[shipping]]></type>
<id_tax><![CDATA[1]]></id_tax>
<amount><![CDATA[1.302000]]></amount>
</order_invoice_tax>
<order_invoice_tax><id_order_invoice><![CDATA[2897]]></id_order_invoice>
<type><![CDATA[shipping]]></type>
<id_tax><![CDATA[1]]></id_tax>
<amount><![CDATA[0.781200]]></amount>
</order_invoice_tax>
<order_invoice_tax><id_order_invoice><![CDATA[2898]]></id_order_invoice>
<type><![CDATA[shipping]]></type>
<id_tax><![CDATA[1]]></id_tax>
<amount><![CDATA[0.781200]]></amount>
</order_invoice_tax>
<order_invoice_tax><id_order_invoice><![CDATA[2899]]></id_order_invoice>
<type><![CDATA[shipping]]></type>
<id_tax><![CDATA[1]]></id_tax>
<amount><![CDATA[1.545600]]></amount>
</order_invoice_tax>
<order_invoice_tax><id_order_invoice><![CDATA[2900]]></id_order_invoice>
<type><![CDATA[shipping]]></type>
<id_tax><![CDATA[1]]></id_tax>
<amount><![CDATA[0.000000]]></amount>
</order_invoice_tax>
<order_invoice_tax><id_order_invoice><![CDATA[2901]]></id_order_invoice>
<type><![CDATA[shipping]]></type>
<id_tax><![CDATA[1]]></id_tax>
<amount><![CDATA[1.509900]]></amount>
</order_invoice_tax>
<order_invoice_tax><id_order_invoice><![CDATA[2902]]></id_order_invoice>
<type><![CDATA[shipping]]></type>
<id_tax><![CDATA[1]]></id_tax>
<amount><![CDATA[0.000000]]></amount>
</order_invoice_tax>
<order_invoice_tax><id_order_invoice><![CDATA[2903]]></id_order_invoice>
<type><![CDATA[shipping]]></type>
<id_tax><![CDATA[1]]></id_tax>
<amount><![CDATA[0.781200]]></amount>
</order_invoice_tax>
<order_invoice_tax><id_order_invoice><![CDATA[2904]]></id_order_invoice>
<type><![CDATA[shipping]]></type>
<id_tax><![CDATA[1]]></id_tax>
<amount><![CDATA[0.000000]]></amount>
</order_invoice_tax>
<order_invoice_tax><id_order_invoice><![CDATA[2905]]></id_order_invoice>
<type><![CDATA[shipping]]></type>
<id_tax><![CDATA[1]]></id_tax>
<amount><![CDATA[0.000000]]></amount>
</order_invoice_tax>
<order_invoice_tax><id_order_invoice><![CDATA[2906]]></id_order_invoice>
<type><![CDATA[shipping]]></type>
<id_tax><![CDATA[1]]></id_tax>
<amount><![CDATA[0.000000]]></amount>
</order_invoice_tax>
<order_invoice_tax><id_order_invoice><![CDATA[2907]]></id_order_invoice>
<type><![CDATA[shipping]]></type>
<id_tax><![CDATA[1]]></id_tax>
<amount><![CDATA[0.781200]]></amount>
</order_invoice_tax>
<order_invoice_tax><id_order_invoice><![CDATA[2908]]></id_order_invoice>
<type><![CDATA[shipping]]></type>
<id_tax><![CDATA[1]]></id_tax>
<amount><![CDATA[0.000000]]></amount>
</order_invoice_tax>
<order_invoice_tax><id_order_invoice><![CDATA[2909]]></id_order_invoice>
<type><![CDATA[shipping]]></type>
<id_tax><![CDATA[1]]></id_tax>
<amount><![CDATA[0.781200]]></amount>
</order_invoice_tax>
<order_invoice_tax><id_order_invoice><![CDATA[2910]]></id_order_invoice>
<type><![CDATA[shipping]]></type>
<id_tax><![CDATA[1]]></id_tax>
<amount><![CDATA[0.000000]]></amount>
</order_invoice_tax>
<order_invoice_tax><id_order_invoice><![CDATA[2911]]></id_order_invoice>
<type><![CDATA[shipping]]></type>
<id_tax><![CDATA[1]]></id_tax>
<amount><![CDATA[0.781200]]></amount>
</order_invoice_tax>
<order_invoice_tax><id_order_invoice><![CDATA[2912]]></id_order_invoice>
<type><![CDATA[shipping]]></type>
<id_tax><![CDATA[1]]></id_tax>
<amount><![CDATA[1.509900]]></amount>
</order_invoice_tax>
<order_invoice_tax><id_order_invoice><![CDATA[2913]]></id_order_invoice>
<type><![CDATA[shipping]]></type>
<id_tax><![CDATA[1]]></id_tax>
<amount><![CDATA[1.545600]]></amount>
</order_invoice_tax>
<order_invoice_tax><id_order_invoice><![CDATA[2914]]></id_order_invoice>
<type><![CDATA[shipping]]></type>
<id_tax><![CDATA[1]]></id_tax>
<amount><![CDATA[1.476300]]></amount>
</order_invoice_tax>
<order_invoice_tax><id_order_invoice><![CDATA[2915]]></id_order_invoice>
<type><![CDATA[shipping]]></type>
<id_tax><![CDATA[1]]></id_tax>
<amount><![CDATA[1.302000]]></amount>
</order_invoice_tax>
<order_invoice_tax><id_order_invoice><![CDATA[2916]]></id_order_invoice>
<type><![CDATA[shipping]]></type>
<id_tax><![CDATA[1]]></id_tax>
<amount><![CDATA[1.302000]]></amount>
</order_invoice_tax>
<order_invoice_tax><id_order_invoice><![CDATA[2917]]></id_order_invoice>
<type><![CDATA[shipping]]></type>
<id_tax><![CDATA[1]]></id_tax>
<amount><![CDATA[1.476300]]></amount>
</order_invoice_tax>
<order_invoice_tax><id_order_invoice><![CDATA[2918]]></id_order_invoice>
<type><![CDATA[shipping]]></type>
<id_tax><![CDATA[1]]></id_tax>
<amount><![CDATA[0.781200]]></amount>
</order_invoice_tax>
<order_invoice_tax><id_order_invoice><![CDATA[2919]]></id_order_invoice>
<type><![CDATA[shipping]]></type>
<id_tax><![CDATA[1]]></id_tax>
<amount><![CDATA[0.781200]]></amount>
</order_invoice_tax>
<order_invoice_tax><id_order_invoice><![CDATA[2920]]></id_order_invoice>
<type><![CDATA[shipping]]></type>
<id_tax><![CDATA[1]]></id_tax>
<amount><![CDATA[1.302000]]></amount>
</order_invoice_tax>
<order_invoice_tax><id_order_invoice><![CDATA[2921]]></id_order_invoice>
<type><![CDATA[shipping]]></type>
<id_tax><![CDATA[1]]></id_tax>
<amount><![CDATA[0.000000]]></amount>
</order_invoice_tax>
<order_invoice_tax><id_order_invoice><![CDATA[2922]]></id_order_invoice>
<type><![CDATA[shipping]]></type>
<id_tax><![CDATA[1]]></id_tax>
<amount><![CDATA[0.000000]]></amount>
</order_invoice_tax>
<order_invoice_tax><id_order_invoice><![CDATA[2923]]></id_order_invoice>
<type><![CDATA[shipping]]></type>
<id_tax><![CDATA[1]]></id_tax>
<amount><![CDATA[0.000000]]></amount>
</order_invoice_tax>
<order_invoice_tax><id_order_invoice><![CDATA[2924]]></id_order_invoice>
<type><![CDATA[shipping]]></type>
<id_tax><![CDATA[1]]></id_tax>
<amount><![CDATA[0.000000]]></amount>
</order_invoice_tax>
<order_invoice_tax><id_order_invoice><![CDATA[2925]]></id_order_invoice>
<type><![CDATA[shipping]]></type>
<id_tax><![CDATA[1]]></id_tax>
<amount><![CDATA[1.302000]]></amount>
</order_invoice_tax>
<order_invoice_tax><id_order_invoice><![CDATA[2926]]></id_order_invoice>
<type><![CDATA[shipping]]></type>
<id_tax><![CDATA[1]]></id_tax>
<amount><![CDATA[1.509900]]></amount>
</order_invoice_tax>
<order_invoice_tax><id_order_invoice><![CDATA[2927]]></id_order_invoice>
<type><![CDATA[shipping]]></type>
<id_tax><![CDATA[1]]></id_tax>
<amount><![CDATA[1.476300]]></amount>
</order_invoice_tax>
<order_invoice_tax><id_order_invoice><![CDATA[2928]]></id_order_invoice>
<type><![CDATA[shipping]]></type>
<id_tax><![CDATA[1]]></id_tax>
<amount><![CDATA[0.000000]]></amount>
</order_invoice_tax>
<order_invoice_tax><id_order_invoice><![CDATA[2929]]></id_order_invoice>
<type><![CDATA[shipping]]></type>
<id_tax><![CDATA[1]]></id_tax>
<amount><![CDATA[0.000000]]></amount>
</order_invoice_tax>
<order_invoice_tax><id_order_invoice><![CDATA[2930]]></id_order_invoice>
<type><![CDATA[shipping]]></type>
<id_tax><![CDATA[1]]></id_tax>
<amount><![CDATA[0.781200]]></amount>
</order_invoice_tax>
<order_invoice_tax><id_order_invoice><![CDATA[2931]]></id_order_invoice>
<type><![CDATA[shipping]]></type>
<id_tax><![CDATA[1]]></id_tax>
<amount><![CDATA[0.781200]]></amount>
</order_invoice_tax>
<order_invoice_tax><id_order_invoice><![CDATA[2932]]></id_order_invoice>
<type><![CDATA[shipping]]></type>
<id_tax><![CDATA[1]]></id_tax>
<amount><![CDATA[0.781200]]></amount>
</order_invoice_tax>
<order_invoice_tax><id_order_invoice><![CDATA[2933]]></id_order_invoice>
<type><![CDATA[shipping]]></type>
<id_tax><![CDATA[1]]></id_tax>
<amount><![CDATA[1.302000]]></amount>
</order_invoice_tax>
<order_invoice_tax><id_order_invoice><![CDATA[2934]]></id_order_invoice>
<type><![CDATA[shipping]]></type>
<id_tax><![CDATA[1]]></id_tax>
<amount><![CDATA[0.781200]]></amount>
</order_invoice_tax>
<order_invoice_tax><id_order_invoice><![CDATA[2935]]></id_order_invoice>
<type><![CDATA[shipping]]></type>
<id_tax><![CDATA[1]]></id_tax>
<amount><![CDATA[0.781200]]></amount>
</order_invoice_tax>
<order_invoice_tax><id_order_invoice><![CDATA[2936]]></id_order_invoice>
<type><![CDATA[shipping]]></type>
<id_tax><![CDATA[1]]></id_tax>
<amount><![CDATA[0.000000]]></amount>
</order_invoice_tax>
<order_invoice_tax><id_order_invoice><![CDATA[2937]]></id_order_invoice>
<type><![CDATA[shipping]]></type>
<id_tax><![CDATA[1]]></id_tax>
<amount><![CDATA[0.000000]]></amount>
</order_invoice_tax>
<order_invoice_tax><id_order_invoice><![CDATA[2938]]></id_order_invoice>
<type><![CDATA[shipping]]></type>
<id_tax><![CDATA[1]]></id_tax>
<amount><![CDATA[1.302000]]></amount>
</order_invoice_tax>
<order_invoice_tax><id_order_invoice><![CDATA[2939]]></id_order_invoice>
<type><![CDATA[shipping]]></type>
<id_tax><![CDATA[1]]></id_tax>
<amount><![CDATA[1.302000]]></amount>
</order_invoice_tax>
<order_invoice_tax><id_order_invoice><![CDATA[2940]]></id_order_invoice>
<type><![CDATA[shipping]]></type>
<id_tax><![CDATA[1]]></id_tax>
<amount><![CDATA[0.781200]]></amount>
</order_invoice_tax>
<order_invoice_tax><id_order_invoice><![CDATA[2941]]></id_order_invoice>
<type><![CDATA[shipping]]></type>
<id_tax><![CDATA[1]]></id_tax>
<amount><![CDATA[0.781200]]></amount>
</order_invoice_tax>
<order_invoice_tax><id_order_invoice><![CDATA[2942]]></id_order_invoice>
<type><![CDATA[shipping]]></type>
<id_tax><![CDATA[1]]></id_tax>
<amount><![CDATA[1.545600]]></amount>
</order_invoice_tax>
<order_invoice_tax><id_order_invoice><![CDATA[2943]]></id_order_invoice>
<type><![CDATA[shipping]]></type>
<id_tax><![CDATA[1]]></id_tax>
<amount><![CDATA[1.476300]]></amount>
</order_invoice_tax>
<order_invoice_tax><id_order_invoice><![CDATA[2944]]></id_order_invoice>
<type><![CDATA[shipping]]></type>
<id_tax><![CDATA[1]]></id_tax>
<amount><![CDATA[1.545600]]></amount>
</order_invoice_tax>
<order_invoice_tax><id_order_invoice><![CDATA[2945]]></id_order_invoice>
<type><![CDATA[shipping]]></type>
<id_tax><![CDATA[1]]></id_tax>
<amount><![CDATA[0.781200]]></amount>
</order_invoice_tax>
<order_invoice_tax><id_order_invoice><![CDATA[2946]]></id_order_invoice>
<type><![CDATA[shipping]]></type>
<id_tax><![CDATA[1]]></id_tax>
<amount><![CDATA[0.000000]]></amount>
</order_invoice_tax>
<order_invoice_tax><id_order_invoice><![CDATA[2947]]></id_order_invoice>
<type><![CDATA[shipping]]></type>
<id_tax><![CDATA[1]]></id_tax>
<amount><![CDATA[0.000000]]></amount>
</order_invoice_tax>
<order_invoice_tax><id_order_invoice><![CDATA[2948]]></id_order_invoice>
<type><![CDATA[shipping]]></type>
<id_tax><![CDATA[1]]></id_tax>
<amount><![CDATA[1.545600]]></amount>
</order_invoice_tax>
<order_invoice_tax><id_order_invoice><![CDATA[2949]]></id_order_invoice>
<type><![CDATA[shipping]]></type>
<id_tax><![CDATA[1]]></id_tax>
<amount><![CDATA[1.476300]]></amount>
</order_invoice_tax>
<order_invoice_tax><id_order_invoice><![CDATA[2950]]></id_order_invoice>
<type><![CDATA[shipping]]></type>
<id_tax><![CDATA[1]]></id_tax>
<amount><![CDATA[0.000000]]></amount>
</order_invoice_tax>
<order_invoice_tax><id_order_invoice><![CDATA[2951]]></id_order_invoice>
<type><![CDATA[shipping]]></type>
<id_tax><![CDATA[1]]></id_tax>
<amount><![CDATA[0.781200]]></amount>
</order_invoice_tax>
<order_invoice_tax><id_order_invoice><![CDATA[2952]]></id_order_invoice>
<type><![CDATA[shipping]]></type>
<id_tax><![CDATA[1]]></id_tax>
<amount><![CDATA[0.781200]]></amount>
</order_invoice_tax>
<order_invoice_tax><id_order_invoice><![CDATA[2953]]></id_order_invoice>
<type><![CDATA[shipping]]></type>
<id_tax><![CDATA[1]]></id_tax>
<amount><![CDATA[1.476300]]></amount>
</order_invoice_tax>
<order_invoice_tax><id_order_invoice><![CDATA[2954]]></id_order_invoice>
<type><![CDATA[shipping]]></type>
<id_tax><![CDATA[1]]></id_tax>
<amount><![CDATA[0.781200]]></amount>
</order_invoice_tax>
<order_invoice_tax><id_order_invoice><![CDATA[2955]]></id_order_invoice>
<type><![CDATA[shipping]]></type>
<id_tax><![CDATA[1]]></id_tax>
<amount><![CDATA[1.509900]]></amount>
</order_invoice_tax>
<order_invoice_tax><id_order_invoice><![CDATA[2956]]></id_order_invoice>
<type><![CDATA[shipping]]></type>
<id_tax><![CDATA[1]]></id_tax>
<amount><![CDATA[1.509900]]></amount>
</order_invoice_tax>
<order_invoice_tax><id_order_invoice><![CDATA[2957]]></id_order_invoice>
<type><![CDATA[shipping]]></type>
<id_tax><![CDATA[1]]></id_tax>
<amount><![CDATA[0.781200]]></amount>
</order_invoice_tax>
<order_invoice_tax><id_order_invoice><![CDATA[2958]]></id_order_invoice>
<type><![CDATA[shipping]]></type>
<id_tax><![CDATA[1]]></id_tax>
<amount><![CDATA[0.781200]]></amount>
</order_invoice_tax>
<order_invoice_tax><id_order_invoice><![CDATA[2959]]></id_order_invoice>
<type><![CDATA[shipping]]></type>
<id_tax><![CDATA[1]]></id_tax>
<amount><![CDATA[1.302000]]></amount>
</order_invoice_tax>
<order_invoice_tax><id_order_invoice><![CDATA[2960]]></id_order_invoice>
<type><![CDATA[shipping]]></type>
<id_tax><![CDATA[1]]></id_tax>
<amount><![CDATA[0.781200]]></amount>
</order_invoice_tax>
<order_invoice_tax><id_order_invoice><![CDATA[2961]]></id_order_invoice>
<type><![CDATA[shipping]]></type>
<id_tax><![CDATA[1]]></id_tax>
<amount><![CDATA[1.545600]]></amount>
</order_invoice_tax>
<order_invoice_tax><id_order_invoice><![CDATA[2962]]></id_order_invoice>
<type><![CDATA[shipping]]></type>
<id_tax><![CDATA[1]]></id_tax>
<amount><![CDATA[0.781200]]></amount>
</order_invoice_tax>
<order_invoice_tax><id_order_invoice><![CDATA[2963]]></id_order_invoice>
<type><![CDATA[shipping]]></type>
<id_tax><![CDATA[1]]></id_tax>
<amount><![CDATA[0.781200]]></amount>
</order_invoice_tax>
<order_invoice_tax><id_order_invoice><![CDATA[2964]]></id_order_invoice>
<type><![CDATA[shipping]]></type>
<id_tax><![CDATA[1]]></id_tax>
<amount><![CDATA[0.000000]]></amount>
</order_invoice_tax>
<order_invoice_tax><id_order_invoice><![CDATA[2965]]></id_order_invoice>
<type><![CDATA[shipping]]></type>
<id_tax><![CDATA[1]]></id_tax>
<amount><![CDATA[0.781200]]></amount>
</order_invoice_tax>
<order_invoice_tax><id_order_invoice><![CDATA[2966]]></id_order_invoice>
<type><![CDATA[shipping]]></type>
<id_tax><![CDATA[1]]></id_tax>
<amount><![CDATA[0.000000]]></amount>
</order_invoice_tax>
<order_invoice_tax><id_order_invoice><![CDATA[2967]]></id_order_invoice>
<type><![CDATA[shipping]]></type>
<id_tax><![CDATA[1]]></id_tax>
<amount><![CDATA[0.781200]]></amount>
</order_invoice_tax>
<order_invoice_tax><id_order_invoice><![CDATA[2968]]></id_order_invoice>
<type><![CDATA[shipping]]></type>
<id_tax><![CDATA[1]]></id_tax>
<amount><![CDATA[0.000000]]></amount>
</order_invoice_tax>
<order_invoice_tax><id_order_invoice><![CDATA[2969]]></id_order_invoice>
<type><![CDATA[shipping]]></type>
<id_tax><![CDATA[1]]></id_tax>
<amount><![CDATA[1.476300]]></amount>
</order_invoice_tax>
<order_invoice_tax><id_order_invoice><![CDATA[2970]]></id_order_invoice>
<type><![CDATA[shipping]]></type>
<id_tax><![CDATA[1]]></id_tax>
<amount><![CDATA[1.545600]]></amount>
</order_invoice_tax>
<order_invoice_tax><id_order_invoice><![CDATA[2971]]></id_order_invoice>
<type><![CDATA[shipping]]></type>
<id_tax><![CDATA[1]]></id_tax>
<amount><![CDATA[0.781200]]></amount>
</order_invoice_tax>
<order_invoice_tax><id_order_invoice><![CDATA[2972]]></id_order_invoice>
<type><![CDATA[shipping]]></type>
<id_tax><![CDATA[1]]></id_tax>
<amount><![CDATA[0.781200]]></amount>
</order_invoice_tax>
<order_invoice_tax><id_order_invoice><![CDATA[2973]]></id_order_invoice>
<type><![CDATA[shipping]]></type>
<id_tax><![CDATA[1]]></id_tax>
<amount><![CDATA[1.302000]]></amount>
</order_invoice_tax>
<order_invoice_tax><id_order_invoice><![CDATA[2974]]></id_order_invoice>
<type><![CDATA[shipping]]></type>
<id_tax><![CDATA[1]]></id_tax>
<amount><![CDATA[0.781200]]></amount>
</order_invoice_tax>
<order_invoice_tax><id_order_invoice><![CDATA[2975]]></id_order_invoice>
<type><![CDATA[shipping]]></type>
<id_tax><![CDATA[1]]></id_tax>
<amount><![CDATA[1.509900]]></amount>
</order_invoice_tax>
<order_invoice_tax><id_order_invoice><![CDATA[2976]]></id_order_invoice>
<type><![CDATA[shipping]]></type>
<id_tax><![CDATA[1]]></id_tax>
<amount><![CDATA[1.302000]]></amount>
</order_invoice_tax>
<order_invoice_tax><id_order_invoice><![CDATA[2977]]></id_order_invoice>
<type><![CDATA[shipping]]></type>
<id_tax><![CDATA[1]]></id_tax>
<amount><![CDATA[1.545600]]></amount>
</order_invoice_tax>
<order_invoice_tax><id_order_invoice><![CDATA[2978]]></id_order_invoice>
<type><![CDATA[shipping]]></type>
<id_tax><![CDATA[1]]></id_tax>
<amount><![CDATA[1.545600]]></amount>
</order_invoice_tax>
<order_invoice_tax><id_order_invoice><![CDATA[2979]]></id_order_invoice>
<type><![CDATA[shipping]]></type>
<id_tax><![CDATA[1]]></id_tax>
<amount><![CDATA[0.000000]]></amount>
</order_invoice_tax>
<order_invoice_tax><id_order_invoice><![CDATA[2980]]></id_order_invoice>
<type><![CDATA[shipping]]></type>
<id_tax><![CDATA[1]]></id_tax>
<amount><![CDATA[0.781200]]></amount>
</order_invoice_tax>
<order_invoice_tax><id_order_invoice><![CDATA[2981]]></id_order_invoice>
<type><![CDATA[shipping]]></type>
<id_tax><![CDATA[1]]></id_tax>
<amount><![CDATA[0.000000]]></amount>
</order_invoice_tax>
<order_invoice_tax><id_order_invoice><![CDATA[2982]]></id_order_invoice>
<type><![CDATA[shipping]]></type>
<id_tax><![CDATA[1]]></id_tax>
<amount><![CDATA[1.509900]]></amount>
</order_invoice_tax>
<order_invoice_tax><id_order_invoice><![CDATA[2983]]></id_order_invoice>
<type><![CDATA[shipping]]></type>
<id_tax><![CDATA[1]]></id_tax>
<amount><![CDATA[1.509900]]></amount>
</order_invoice_tax>
<order_invoice_tax><id_order_invoice><![CDATA[2984]]></id_order_invoice>
<type><![CDATA[shipping]]></type>
<id_tax><![CDATA[1]]></id_tax>
<amount><![CDATA[0.781200]]></amount>
</order_invoice_tax>
<order_invoice_tax><id_order_invoice><![CDATA[2985]]></id_order_invoice>
<type><![CDATA[shipping]]></type>
<id_tax><![CDATA[1]]></id_tax>
<amount><![CDATA[0.781200]]></amount>
</order_invoice_tax>
<order_invoice_tax><id_order_invoice><![CDATA[2986]]></id_order_invoice>
<type><![CDATA[shipping]]></type>
<id_tax><![CDATA[1]]></id_tax>
<amount><![CDATA[1.476300]]></amount>
</order_invoice_tax>
<order_invoice_tax><id_order_invoice><![CDATA[2987]]></id_order_invoice>
<type><![CDATA[shipping]]></type>
<id_tax><![CDATA[1]]></id_tax>
<amount><![CDATA[1.476300]]></amount>
</order_invoice_tax>
<order_invoice_tax><id_order_invoice><![CDATA[2988]]></id_order_invoice>
<type><![CDATA[shipping]]></type>
<id_tax><![CDATA[1]]></id_tax>
<amount><![CDATA[1.545600]]></amount>
</order_invoice_tax>
<order_invoice_tax><id_order_invoice><![CDATA[2989]]></id_order_invoice>
<type><![CDATA[shipping]]></type>
<id_tax><![CDATA[1]]></id_tax>
<amount><![CDATA[0.000000]]></amount>
</order_invoice_tax>
<order_invoice_tax><id_order_invoice><![CDATA[2990]]></id_order_invoice>
<type><![CDATA[shipping]]></type>
<id_tax><![CDATA[1]]></id_tax>
<amount><![CDATA[1.509900]]></amount>
</order_invoice_tax>
<order_invoice_tax><id_order_invoice><![CDATA[2991]]></id_order_invoice>
<type><![CDATA[shipping]]></type>
<id_tax><![CDATA[1]]></id_tax>
<amount><![CDATA[0.781200]]></amount>
</order_invoice_tax>
<order_invoice_tax><id_order_invoice><![CDATA[2992]]></id_order_invoice>
<type><![CDATA[shipping]]></type>
<id_tax><![CDATA[1]]></id_tax>
<amount><![CDATA[0.000000]]></amount>
</order_invoice_tax>
<order_invoice_tax><id_order_invoice><![CDATA[2993]]></id_order_invoice>
<type><![CDATA[shipping]]></type>
<id_tax><![CDATA[1]]></id_tax>
<amount><![CDATA[1.476300]]></amount>
</order_invoice_tax>
<order_invoice_tax><id_order_invoice><![CDATA[2994]]></id_order_invoice>
<type><![CDATA[shipping]]></type>
<id_tax><![CDATA[1]]></id_tax>
<amount><![CDATA[0.781200]]></amount>
</order_invoice_tax>
<order_invoice_tax><id_order_invoice><![CDATA[2995]]></id_order_invoice>
<type><![CDATA[shipping]]></type>
<id_tax><![CDATA[1]]></id_tax>
<amount><![CDATA[0.000000]]></amount>
</order_invoice_tax>
<order_invoice_tax><id_order_invoice><![CDATA[2996]]></id_order_invoice>
<type><![CDATA[shipping]]></type>
<id_tax><![CDATA[1]]></id_tax>
<amount><![CDATA[0.781200]]></amount>
</order_invoice_tax>
<order_invoice_tax><id_order_invoice><![CDATA[2997]]></id_order_invoice>
<type><![CDATA[shipping]]></type>
<id_tax><![CDATA[1]]></id_tax>
<amount><![CDATA[0.781200]]></amount>
</order_invoice_tax>
<order_invoice_tax><id_order_invoice><![CDATA[2998]]></id_order_invoice>
<type><![CDATA[shipping]]></type>
<id_tax><![CDATA[1]]></id_tax>
<amount><![CDATA[0.781200]]></amount>
</order_invoice_tax>
<order_invoice_tax><id_order_invoice><![CDATA[2999]]></id_order_invoice>
<type><![CDATA[shipping]]></type>
<id_tax><![CDATA[1]]></id_tax>
<amount><![CDATA[0.781200]]></amount>
</order_invoice_tax>
<order_invoice_tax><id_order_invoice><![CDATA[3000]]></id_order_invoice>
<type><![CDATA[shipping]]></type>
<id_tax><![CDATA[1]]></id_tax>
<amount><![CDATA[0.000000]]></amount>
</order_invoice_tax>
<order_invoice_tax><id_order_invoice><![CDATA[3001]]></id_order_invoice>
<type><![CDATA[shipping]]></type>
<id_tax><![CDATA[1]]></id_tax>
<amount><![CDATA[0.000000]]></amount>
</order_invoice_tax>
<order_invoice_tax><id_order_invoice><![CDATA[3002]]></id_order_invoice>
<type><![CDATA[shipping]]></type>
<id_tax><![CDATA[1]]></id_tax>
<amount><![CDATA[0.000000]]></amount>
</order_invoice_tax>
<order_invoice_tax><id_order_invoice><![CDATA[3003]]></id_order_invoice>
<type><![CDATA[shipping]]></type>
<id_tax><![CDATA[1]]></id_tax>
<amount><![CDATA[0.000000]]></amount>
</order_invoice_tax>
<order_invoice_tax><id_order_invoice><![CDATA[3004]]></id_order_invoice>
<type><![CDATA[shipping]]></type>
<id_tax><![CDATA[1]]></id_tax>
<amount><![CDATA[0.781200]]></amount>
</order_invoice_tax>
<order_invoice_tax><id_order_invoice><![CDATA[3005]]></id_order_invoice>
<type><![CDATA[shipping]]></type>
<id_tax><![CDATA[1]]></id_tax>
<amount><![CDATA[0.000000]]></amount>
</order_invoice_tax>
<order_invoice_tax><id_order_invoice><![CDATA[3006]]></id_order_invoice>
<type><![CDATA[shipping]]></type>
<id_tax><![CDATA[1]]></id_tax>
<amount><![CDATA[0.000000]]></amount>
</order_invoice_tax>
<order_invoice_tax><id_order_invoice><![CDATA[3007]]></id_order_invoice>
<type><![CDATA[shipping]]></type>
<id_tax><![CDATA[1]]></id_tax>
<amount><![CDATA[0.000000]]></amount>
</order_invoice_tax>
<order_invoice_tax><id_order_invoice><![CDATA[3008]]></id_order_invoice>
<type><![CDATA[shipping]]></type>
<id_tax><![CDATA[1]]></id_tax>
<amount><![CDATA[1.302000]]></amount>
</order_invoice_tax>
<order_invoice_tax><id_order_invoice><![CDATA[3009]]></id_order_invoice>
<type><![CDATA[shipping]]></type>
<id_tax><![CDATA[1]]></id_tax>
<amount><![CDATA[1.476300]]></amount>
</order_invoice_tax>
<order_invoice_tax><id_order_invoice><![CDATA[3010]]></id_order_invoice>
<type><![CDATA[shipping]]></type>
<id_tax><![CDATA[1]]></id_tax>
<amount><![CDATA[0.781200]]></amount>
</order_invoice_tax>
<order_invoice_tax><id_order_invoice><![CDATA[3011]]></id_order_invoice>
<type><![CDATA[shipping]]></type>
<id_tax><![CDATA[1]]></id_tax>
<amount><![CDATA[0.781200]]></amount>
</order_invoice_tax>
<order_invoice_tax><id_order_invoice><![CDATA[3012]]></id_order_invoice>
<type><![CDATA[shipping]]></type>
<id_tax><![CDATA[1]]></id_tax>
<amount><![CDATA[0.781200]]></amount>
</order_invoice_tax>
<order_invoice_tax><id_order_invoice><![CDATA[3013]]></id_order_invoice>
<type><![CDATA[shipping]]></type>
<id_tax><![CDATA[1]]></id_tax>
<amount><![CDATA[0.000000]]></amount>
</order_invoice_tax>
<order_invoice_tax><id_order_invoice><![CDATA[3014]]></id_order_invoice>
<type><![CDATA[shipping]]></type>
<id_tax><![CDATA[1]]></id_tax>
<amount><![CDATA[1.509900]]></amount>
</order_invoice_tax>
<order_invoice_tax><id_order_invoice><![CDATA[3015]]></id_order_invoice>
<type><![CDATA[shipping]]></type>
<id_tax><![CDATA[1]]></id_tax>
<amount><![CDATA[1.302000]]></amount>
</order_invoice_tax>
<order_invoice_tax><id_order_invoice><![CDATA[3016]]></id_order_invoice>
<type><![CDATA[shipping]]></type>
<id_tax><![CDATA[1]]></id_tax>
<amount><![CDATA[1.476300]]></amount>
</order_invoice_tax>
<order_invoice_tax><id_order_invoice><![CDATA[3017]]></id_order_invoice>
<type><![CDATA[shipping]]></type>
<id_tax><![CDATA[1]]></id_tax>
<amount><![CDATA[0.000000]]></amount>
</order_invoice_tax>
<order_invoice_tax><id_order_invoice><![CDATA[3018]]></id_order_invoice>
<type><![CDATA[shipping]]></type>
<id_tax><![CDATA[1]]></id_tax>
<amount><![CDATA[0.781200]]></amount>
</order_invoice_tax>
<order_invoice_tax><id_order_invoice><![CDATA[3019]]></id_order_invoice>
<type><![CDATA[shipping]]></type>
<id_tax><![CDATA[1]]></id_tax>
<amount><![CDATA[0.781200]]></amount>
</order_invoice_tax>
<order_invoice_tax><id_order_invoice><![CDATA[3020]]></id_order_invoice>
<type><![CDATA[shipping]]></type>
<id_tax><![CDATA[1]]></id_tax>
<amount><![CDATA[0.000000]]></amount>
</order_invoice_tax>
<order_invoice_tax><id_order_invoice><![CDATA[3021]]></id_order_invoice>
<type><![CDATA[shipping]]></type>
<id_tax><![CDATA[1]]></id_tax>
<amount><![CDATA[1.476300]]></amount>
</order_invoice_tax>
<order_invoice_tax><id_order_invoice><![CDATA[3022]]></id_order_invoice>
<type><![CDATA[shipping]]></type>
<id_tax><![CDATA[1]]></id_tax>
<amount><![CDATA[0.781200]]></amount>
</order_invoice_tax>
<order_invoice_tax><id_order_invoice><![CDATA[3023]]></id_order_invoice>
<type><![CDATA[shipping]]></type>
<id_tax><![CDATA[1]]></id_tax>
<amount><![CDATA[1.476300]]></amount>
</order_invoice_tax>
<order_invoice_tax><id_order_invoice><![CDATA[3024]]></id_order_invoice>
<type><![CDATA[shipping]]></type>
<id_tax><![CDATA[1]]></id_tax>
<amount><![CDATA[0.000000]]></amount>
</order_invoice_tax>
<order_invoice_tax><id_order_invoice><![CDATA[3025]]></id_order_invoice>
<type><![CDATA[shipping]]></type>
<id_tax><![CDATA[1]]></id_tax>
<amount><![CDATA[0.000000]]></amount>
</order_invoice_tax>
<order_invoice_tax><id_order_invoice><![CDATA[3026]]></id_order_invoice>
<type><![CDATA[shipping]]></type>
<id_tax><![CDATA[1]]></id_tax>
<amount><![CDATA[1.476300]]></amount>
</order_invoice_tax>
<order_invoice_tax><id_order_invoice><![CDATA[3027]]></id_order_invoice>
<type><![CDATA[shipping]]></type>
<id_tax><![CDATA[1]]></id_tax>
<amount><![CDATA[1.545600]]></amount>
</order_invoice_tax>
<order_invoice_tax><id_order_invoice><![CDATA[3028]]></id_order_invoice>
<type><![CDATA[shipping]]></type>
<id_tax><![CDATA[1]]></id_tax>
<amount><![CDATA[0.781200]]></amount>
</order_invoice_tax>
</entity_profile>
