<?xml version="1.0" encoding="UTF-8"?>
<entity_profile>
<order_history><id_order_history><![CDATA[14315]]></id_order_history>
<id_order><![CDATA[3301]]></id_order>
<id_order_state><![CDATA[2]]></id_order_state>
<id_employee><![CDATA[0]]></id_employee>
<date_add><![CDATA[2019-11-10 12:08:18]]></date_add>
</order_history>
<order_history><id_order_history><![CDATA[14316]]></id_order_history>
<id_order><![CDATA[3301]]></id_order>
<id_order_state><![CDATA[18]]></id_order_state>
<id_employee><![CDATA[0]]></id_employee>
<date_add><![CDATA[2019-11-10 12:08:18]]></date_add>
</order_history>
<order_history><id_order_history><![CDATA[14319]]></id_order_history>
<id_order><![CDATA[3301]]></id_order>
<id_order_state><![CDATA[3]]></id_order_state>
<id_employee><![CDATA[21]]></id_employee>
<date_add><![CDATA[2019-11-10 12:08:18]]></date_add>
</order_history>
<order_history><id_order_history><![CDATA[14320]]></id_order_history>
<id_order><![CDATA[3301]]></id_order>
<id_order_state><![CDATA[4]]></id_order_state>
<id_employee><![CDATA[21]]></id_employee>
<date_add><![CDATA[2019-11-10 12:08:18]]></date_add>
</order_history>
<order_history><id_order_history><![CDATA[14322]]></id_order_history>
<id_order><![CDATA[3301]]></id_order>
<id_order_state><![CDATA[5]]></id_order_state>
<id_employee><![CDATA[21]]></id_employee>
<date_add><![CDATA[2019-11-10 12:08:18]]></date_add>
</order_history>
<order_history><id_order_history><![CDATA[14317]]></id_order_history>
<id_order><![CDATA[3302]]></id_order>
<id_order_state><![CDATA[20]]></id_order_state>
<id_employee><![CDATA[0]]></id_employee>
<date_add><![CDATA[2019-11-10 15:33:39]]></date_add>
</order_history>
<order_history><id_order_history><![CDATA[14318]]></id_order_history>
<id_order><![CDATA[3302]]></id_order>
<id_order_state><![CDATA[18]]></id_order_state>
<id_employee><![CDATA[0]]></id_employee>
<date_add><![CDATA[2019-11-10 15:33:39]]></date_add>
</order_history>
<order_history><id_order_history><![CDATA[14321]]></id_order_history>
<id_order><![CDATA[3302]]></id_order>
<id_order_state><![CDATA[4]]></id_order_state>
<id_employee><![CDATA[21]]></id_employee>
<date_add><![CDATA[2019-11-10 15:33:39]]></date_add>
</order_history>
<order_history><id_order_history><![CDATA[14330]]></id_order_history>
<id_order><![CDATA[3302]]></id_order>
<id_order_state><![CDATA[5]]></id_order_state>
<id_employee><![CDATA[21]]></id_employee>
<date_add><![CDATA[2019-11-10 15:33:39]]></date_add>
</order_history>
<order_history><id_order_history><![CDATA[14324]]></id_order_history>
<id_order><![CDATA[3303]]></id_order>
<id_order_state><![CDATA[20]]></id_order_state>
<id_employee><![CDATA[0]]></id_employee>
<date_add><![CDATA[2019-11-16 14:09:01]]></date_add>
</order_history>
<order_history><id_order_history><![CDATA[14325]]></id_order_history>
<id_order><![CDATA[3303]]></id_order>
<id_order_state><![CDATA[18]]></id_order_state>
<id_employee><![CDATA[0]]></id_employee>
<date_add><![CDATA[2019-11-16 14:09:01]]></date_add>
</order_history>
<order_history><id_order_history><![CDATA[14331]]></id_order_history>
<id_order><![CDATA[3303]]></id_order>
<id_order_state><![CDATA[3]]></id_order_state>
<id_employee><![CDATA[21]]></id_employee>
<date_add><![CDATA[2019-11-16 14:09:01]]></date_add>
</order_history>
<order_history><id_order_history><![CDATA[14333]]></id_order_history>
<id_order><![CDATA[3303]]></id_order>
<id_order_state><![CDATA[4]]></id_order_state>
<id_employee><![CDATA[21]]></id_employee>
<date_add><![CDATA[2019-11-16 14:09:01]]></date_add>
</order_history>
<order_history><id_order_history><![CDATA[14335]]></id_order_history>
<id_order><![CDATA[3303]]></id_order>
<id_order_state><![CDATA[5]]></id_order_state>
<id_employee><![CDATA[21]]></id_employee>
<date_add><![CDATA[2019-11-16 14:09:01]]></date_add>
</order_history>
<order_history><id_order_history><![CDATA[14326]]></id_order_history>
<id_order><![CDATA[3304]]></id_order>
<id_order_state><![CDATA[20]]></id_order_state>
<id_employee><![CDATA[0]]></id_employee>
<date_add><![CDATA[2019-11-17 11:46:39]]></date_add>
</order_history>
<order_history><id_order_history><![CDATA[14327]]></id_order_history>
<id_order><![CDATA[3304]]></id_order>
<id_order_state><![CDATA[18]]></id_order_state>
<id_employee><![CDATA[0]]></id_employee>
<date_add><![CDATA[2019-11-17 11:46:39]]></date_add>
</order_history>
<order_history><id_order_history><![CDATA[14328]]></id_order_history>
<id_order><![CDATA[3304]]></id_order>
<id_order_state><![CDATA[3]]></id_order_state>
<id_employee><![CDATA[21]]></id_employee>
<date_add><![CDATA[2019-11-17 11:46:39]]></date_add>
</order_history>
<order_history><id_order_history><![CDATA[14332]]></id_order_history>
<id_order><![CDATA[3304]]></id_order>
<id_order_state><![CDATA[4]]></id_order_state>
<id_employee><![CDATA[21]]></id_employee>
<date_add><![CDATA[2019-11-17 11:46:39]]></date_add>
</order_history>
<order_history><id_order_history><![CDATA[14336]]></id_order_history>
<id_order><![CDATA[3305]]></id_order>
<id_order_state><![CDATA[20]]></id_order_state>
<id_employee><![CDATA[0]]></id_employee>
<date_add><![CDATA[2019-11-24 09:56:28]]></date_add>
</order_history>
<order_history><id_order_history><![CDATA[14337]]></id_order_history>
<id_order><![CDATA[3305]]></id_order>
<id_order_state><![CDATA[18]]></id_order_state>
<id_employee><![CDATA[0]]></id_employee>
<date_add><![CDATA[2019-11-24 09:56:28]]></date_add>
</order_history>
<order_history><id_order_history><![CDATA[14338]]></id_order_history>
<id_order><![CDATA[3306]]></id_order>
<id_order_state><![CDATA[20]]></id_order_state>
<id_employee><![CDATA[0]]></id_employee>
<date_add><![CDATA[2019-11-24 20:18:34]]></date_add>
</order_history>
<order_history><id_order_history><![CDATA[14339]]></id_order_history>
<id_order><![CDATA[3306]]></id_order>
<id_order_state><![CDATA[18]]></id_order_state>
<id_employee><![CDATA[0]]></id_employee>
<date_add><![CDATA[2019-11-24 20:18:34]]></date_add>
</order_history>
</entity_profile>
