<?xml version="1.0" encoding="UTF-8"?>
<entity_profile>
<address><id_address><![CDATA[10585]]></id_address>
<id_customer><![CDATA[987]]></id_customer>
<id_manufacturer><![CDATA[0]]></id_manufacturer>
<id_supplier><![CDATA[0]]></id_supplier>
<id_warehouse><![CDATA[0]]></id_warehouse>
<id_country><![CDATA[6]]></id_country>
<id_state><![CDATA[313]]></id_state>
<alias><![CDATA[My address 53]]></alias>
<company><![CDATA[]]></company>
<lastname><![CDATA[.]]></lastname>
<firstname><![CDATA[.]]></firstname>
<vat_number><![CDATA[]]></vat_number>
<address1><![CDATA[.]]></address1>
<address2><![CDATA[]]></address2>
<postcode><![CDATA[00000]]></postcode>
<city><![CDATA[.]]></city>
<other><![CDATA[]]></other>
<phone><![CDATA[]]></phone>
<phone_mobile><![CDATA[]]></phone_mobile>
<dni><![CDATA[]]></dni>
<deleted><![CDATA[0]]></deleted>
<date_add><![CDATA[2019-10-24 12:46:53]]></date_add>
<date_upd><![CDATA[2019-10-24 12:46:53]]></date_upd>
</address>
<address><id_address><![CDATA[10586]]></id_address>
<id_customer><![CDATA[4809]]></id_customer>
<id_manufacturer><![CDATA[0]]></id_manufacturer>
<id_supplier><![CDATA[0]]></id_supplier>
<id_warehouse><![CDATA[0]]></id_warehouse>
<id_country><![CDATA[8]]></id_country>
<id_state><![CDATA[510]]></id_state>
<alias><![CDATA[My address 57]]></alias>
<company><![CDATA[]]></company>
<lastname><![CDATA[TEYSSIER]]></lastname>
<firstname><![CDATA[LUDOVIC]]></firstname>
<vat_number><![CDATA[]]></vat_number>
<address1><![CDATA[13 RUE ARISTIDE BRIAND ]]></address1>
<address2><![CDATA[]]></address2>
<postcode><![CDATA[92300]]></postcode>
<city><![CDATA[LEVALLOIS PERRET ]]></city>
<other><![CDATA[]]></other>
<phone><![CDATA[]]></phone>
<phone_mobile><![CDATA[0634691872]]></phone_mobile>
<dni><![CDATA[]]></dni>
<deleted><![CDATA[0]]></deleted>
<date_add><![CDATA[2019-10-24 14:20:46]]></date_add>
<date_upd><![CDATA[2019-10-24 14:26:57]]></date_upd>
</address>
<address><id_address><![CDATA[10587]]></id_address>
<id_customer><![CDATA[4810]]></id_customer>
<id_manufacturer><![CDATA[0]]></id_manufacturer>
<id_supplier><![CDATA[0]]></id_supplier>
<id_warehouse><![CDATA[0]]></id_warehouse>
<id_country><![CDATA[8]]></id_country>
<id_state><![CDATA[510]]></id_state>
<alias><![CDATA[My address]]></alias>
<company><![CDATA[]]></company>
<lastname><![CDATA[TEYSSIER]]></lastname>
<firstname><![CDATA[Ludovic ]]></firstname>
<vat_number><![CDATA[]]></vat_number>
<address1><![CDATA[13 RUE ARISTIDE BRIAND]]></address1>
<address2><![CDATA[]]></address2>
<postcode><![CDATA[92300]]></postcode>
<city><![CDATA[LEVALLOIS PERRET ]]></city>
<other><![CDATA[]]></other>
<phone><![CDATA[0634691872]]></phone>
<phone_mobile><![CDATA[0634691872]]></phone_mobile>
<dni><![CDATA[]]></dni>
<deleted><![CDATA[0]]></deleted>
<date_add><![CDATA[2019-10-24 14:45:30]]></date_add>
<date_upd><![CDATA[2019-10-24 14:45:30]]></date_upd>
</address>
<address><id_address><![CDATA[10588]]></id_address>
<id_customer><![CDATA[987]]></id_customer>
<id_manufacturer><![CDATA[0]]></id_manufacturer>
<id_supplier><![CDATA[0]]></id_supplier>
<id_warehouse><![CDATA[0]]></id_warehouse>
<id_country><![CDATA[10]]></id_country>
<id_state><![CDATA[123]]></id_state>
<alias><![CDATA[My address 27]]></alias>
<company><![CDATA[]]></company>
<lastname><![CDATA[.]]></lastname>
<firstname><![CDATA[.]]></firstname>
<vat_number><![CDATA[]]></vat_number>
<address1><![CDATA[.]]></address1>
<address2><![CDATA[]]></address2>
<postcode><![CDATA[]]></postcode>
<city><![CDATA[.]]></city>
<other><![CDATA[]]></other>
<phone><![CDATA[]]></phone>
<phone_mobile><![CDATA[]]></phone_mobile>
<dni><![CDATA[]]></dni>
<deleted><![CDATA[0]]></deleted>
<date_add><![CDATA[2019-10-24 15:49:27]]></date_add>
<date_upd><![CDATA[2019-10-24 15:49:36]]></date_upd>
</address>
<address><id_address><![CDATA[10589]]></id_address>
<id_customer><![CDATA[987]]></id_customer>
<id_manufacturer><![CDATA[0]]></id_manufacturer>
<id_supplier><![CDATA[0]]></id_supplier>
<id_warehouse><![CDATA[0]]></id_warehouse>
<id_country><![CDATA[6]]></id_country>
<id_state><![CDATA[313]]></id_state>
<alias><![CDATA[My address 04]]></alias>
<company><![CDATA[]]></company>
<lastname><![CDATA[.]]></lastname>
<firstname><![CDATA[.]]></firstname>
<vat_number><![CDATA[]]></vat_number>
<address1><![CDATA[.]]></address1>
<address2><![CDATA[]]></address2>
<postcode><![CDATA[00000]]></postcode>
<city><![CDATA[.]]></city>
<other><![CDATA[]]></other>
<phone><![CDATA[]]></phone>
<phone_mobile><![CDATA[]]></phone_mobile>
<dni><![CDATA[]]></dni>
<deleted><![CDATA[0]]></deleted>
<date_add><![CDATA[2019-10-24 18:08:04]]></date_add>
<date_upd><![CDATA[2019-10-24 18:08:04]]></date_upd>
</address>
<address><id_address><![CDATA[10590]]></id_address>
<id_customer><![CDATA[987]]></id_customer>
<id_manufacturer><![CDATA[0]]></id_manufacturer>
<id_supplier><![CDATA[0]]></id_supplier>
<id_warehouse><![CDATA[0]]></id_warehouse>
<id_country><![CDATA[6]]></id_country>
<id_state><![CDATA[313]]></id_state>
<alias><![CDATA[My address 27]]></alias>
<company><![CDATA[]]></company>
<lastname><![CDATA[.]]></lastname>
<firstname><![CDATA[.]]></firstname>
<vat_number><![CDATA[]]></vat_number>
<address1><![CDATA[.]]></address1>
<address2><![CDATA[]]></address2>
<postcode><![CDATA[00000]]></postcode>
<city><![CDATA[.]]></city>
<other><![CDATA[]]></other>
<phone><![CDATA[]]></phone>
<phone_mobile><![CDATA[]]></phone_mobile>
<dni><![CDATA[]]></dni>
<deleted><![CDATA[0]]></deleted>
<date_add><![CDATA[2019-10-24 22:35:27]]></date_add>
<date_upd><![CDATA[2019-10-24 22:35:33]]></date_upd>
</address>
<address><id_address><![CDATA[10591]]></id_address>
<id_customer><![CDATA[4811]]></id_customer>
<id_manufacturer><![CDATA[0]]></id_manufacturer>
<id_supplier><![CDATA[0]]></id_supplier>
<id_warehouse><![CDATA[0]]></id_warehouse>
<id_country><![CDATA[1]]></id_country>
<id_state><![CDATA[427]]></id_state>
<alias><![CDATA[My address 20]]></alias>
<company><![CDATA[]]></company>
<lastname><![CDATA[Becker]]></lastname>
<firstname><![CDATA[Sabrina]]></firstname>
<vat_number><![CDATA[]]></vat_number>
<address1><![CDATA[Zum Traroth 57]]></address1>
<address2><![CDATA[]]></address2>
<postcode><![CDATA[63628]]></postcode>
<city><![CDATA[Bad Soden-Salmünster]]></city>
<other><![CDATA[]]></other>
<phone><![CDATA[]]></phone>
<phone_mobile><![CDATA[017664297249]]></phone_mobile>
<dni><![CDATA[]]></dni>
<deleted><![CDATA[0]]></deleted>
<date_add><![CDATA[2019-10-24 23:33:14]]></date_add>
<date_upd><![CDATA[2019-10-24 23:36:20]]></date_upd>
</address>
<address><id_address><![CDATA[10592]]></id_address>
<id_customer><![CDATA[987]]></id_customer>
<id_manufacturer><![CDATA[0]]></id_manufacturer>
<id_supplier><![CDATA[0]]></id_supplier>
<id_warehouse><![CDATA[0]]></id_warehouse>
<id_country><![CDATA[17]]></id_country>
<id_state><![CDATA[534]]></id_state>
<alias><![CDATA[My address 40]]></alias>
<company><![CDATA[]]></company>
<lastname><![CDATA[.]]></lastname>
<firstname><![CDATA[.]]></firstname>
<vat_number><![CDATA[]]></vat_number>
<address1><![CDATA[.]]></address1>
<address2><![CDATA[]]></address2>
<postcode><![CDATA[]]></postcode>
<city><![CDATA[.]]></city>
<other><![CDATA[]]></other>
<phone><![CDATA[]]></phone>
<phone_mobile><![CDATA[]]></phone_mobile>
<dni><![CDATA[]]></dni>
<deleted><![CDATA[0]]></deleted>
<date_add><![CDATA[2019-10-25 12:49:40]]></date_add>
<date_upd><![CDATA[2019-10-25 12:49:57]]></date_upd>
</address>
<address><id_address><![CDATA[10593]]></id_address>
<id_customer><![CDATA[4812]]></id_customer>
<id_manufacturer><![CDATA[0]]></id_manufacturer>
<id_supplier><![CDATA[0]]></id_supplier>
<id_warehouse><![CDATA[0]]></id_warehouse>
<id_country><![CDATA[6]]></id_country>
<id_state><![CDATA[322]]></id_state>
<alias><![CDATA[My address 10]]></alias>
<company><![CDATA[]]></company>
<lastname><![CDATA[Achard]]></lastname>
<firstname><![CDATA[Sebastien]]></firstname>
<vat_number><![CDATA[]]></vat_number>
<address1><![CDATA[c/ pujades 74, 3-8]]></address1>
<address2><![CDATA[]]></address2>
<postcode><![CDATA[08005]]></postcode>
<city><![CDATA[Barcelona]]></city>
<other><![CDATA[]]></other>
<phone><![CDATA[]]></phone>
<phone_mobile><![CDATA[689873484]]></phone_mobile>
<dni><![CDATA[]]></dni>
<deleted><![CDATA[0]]></deleted>
<date_add><![CDATA[2019-10-25 20:39:02]]></date_add>
<date_upd><![CDATA[2019-10-25 20:40:10]]></date_upd>
</address>
<address><id_address><![CDATA[10594]]></id_address>
<id_customer><![CDATA[987]]></id_customer>
<id_manufacturer><![CDATA[0]]></id_manufacturer>
<id_supplier><![CDATA[0]]></id_supplier>
<id_warehouse><![CDATA[0]]></id_warehouse>
<id_country><![CDATA[6]]></id_country>
<id_state><![CDATA[313]]></id_state>
<alias><![CDATA[My address 39]]></alias>
<company><![CDATA[]]></company>
<lastname><![CDATA[.]]></lastname>
<firstname><![CDATA[.]]></firstname>
<vat_number><![CDATA[]]></vat_number>
<address1><![CDATA[.]]></address1>
<address2><![CDATA[]]></address2>
<postcode><![CDATA[00000]]></postcode>
<city><![CDATA[.]]></city>
<other><![CDATA[]]></other>
<phone><![CDATA[]]></phone>
<phone_mobile><![CDATA[]]></phone_mobile>
<dni><![CDATA[]]></dni>
<deleted><![CDATA[0]]></deleted>
<date_add><![CDATA[2019-10-25 22:33:39]]></date_add>
<date_upd><![CDATA[2019-10-25 22:33:39]]></date_upd>
</address>
<address><id_address><![CDATA[10595]]></id_address>
<id_customer><![CDATA[4817]]></id_customer>
<id_manufacturer><![CDATA[0]]></id_manufacturer>
<id_supplier><![CDATA[0]]></id_supplier>
<id_warehouse><![CDATA[0]]></id_warehouse>
<id_country><![CDATA[6]]></id_country>
<id_state><![CDATA[357]]></id_state>
<alias><![CDATA[My address 31]]></alias>
<company><![CDATA[]]></company>
<lastname><![CDATA[Sedamanos]]></lastname>
<firstname><![CDATA[Verónica ]]></firstname>
<vat_number><![CDATA[]]></vat_number>
<address1><![CDATA[Calle la torre de Esteban Hambran 4]]></address1>
<address2><![CDATA[]]></address2>
<postcode><![CDATA[45183]]></postcode>
<city><![CDATA[Ventas d retamosa]]></city>
<other><![CDATA[]]></other>
<phone><![CDATA[]]></phone>
<phone_mobile><![CDATA[655177914]]></phone_mobile>
<dni><![CDATA[]]></dni>
<deleted><![CDATA[0]]></deleted>
<date_add><![CDATA[2019-10-26 00:02:46]]></date_add>
<date_upd><![CDATA[2019-10-28 12:06:31]]></date_upd>
</address>
<address><id_address><![CDATA[10596]]></id_address>
<id_customer><![CDATA[987]]></id_customer>
<id_manufacturer><![CDATA[0]]></id_manufacturer>
<id_supplier><![CDATA[0]]></id_supplier>
<id_warehouse><![CDATA[0]]></id_warehouse>
<id_country><![CDATA[10]]></id_country>
<id_state><![CDATA[123]]></id_state>
<alias><![CDATA[My address 09]]></alias>
<company><![CDATA[]]></company>
<lastname><![CDATA[.]]></lastname>
<firstname><![CDATA[.]]></firstname>
<vat_number><![CDATA[]]></vat_number>
<address1><![CDATA[.]]></address1>
<address2><![CDATA[]]></address2>
<postcode><![CDATA[]]></postcode>
<city><![CDATA[.]]></city>
<other><![CDATA[]]></other>
<phone><![CDATA[]]></phone>
<phone_mobile><![CDATA[]]></phone_mobile>
<dni><![CDATA[]]></dni>
<deleted><![CDATA[0]]></deleted>
<date_add><![CDATA[2019-10-26 17:35:09]]></date_add>
<date_upd><![CDATA[2019-10-26 17:35:28]]></date_upd>
</address>
<address><id_address><![CDATA[10597]]></id_address>
<id_customer><![CDATA[4815]]></id_customer>
<id_manufacturer><![CDATA[0]]></id_manufacturer>
<id_supplier><![CDATA[0]]></id_supplier>
<id_warehouse><![CDATA[0]]></id_warehouse>
<id_country><![CDATA[8]]></id_country>
<id_state><![CDATA[521]]></id_state>
<alias><![CDATA[My address 21]]></alias>
<company><![CDATA[]]></company>
<lastname><![CDATA[Hardy-Boyer]]></lastname>
<firstname><![CDATA[Agnes]]></firstname>
<vat_number><![CDATA[]]></vat_number>
<address1><![CDATA[16 chemin de kerzolles]]></address1>
<address2><![CDATA[]]></address2>
<postcode><![CDATA[22300]]></postcode>
<city><![CDATA[Lannion]]></city>
<other><![CDATA[]]></other>
<phone><![CDATA[]]></phone>
<phone_mobile><![CDATA[0015705046357]]></phone_mobile>
<dni><![CDATA[]]></dni>
<deleted><![CDATA[0]]></deleted>
<date_add><![CDATA[2019-10-26 19:46:48]]></date_add>
<date_upd><![CDATA[2019-10-27 16:24:07]]></date_upd>
</address>
<address><id_address><![CDATA[10598]]></id_address>
<id_customer><![CDATA[4823]]></id_customer>
<id_manufacturer><![CDATA[0]]></id_manufacturer>
<id_supplier><![CDATA[0]]></id_supplier>
<id_warehouse><![CDATA[0]]></id_warehouse>
<id_country><![CDATA[17]]></id_country>
<id_state><![CDATA[603]]></id_state>
<alias><![CDATA[My address 21]]></alias>
<company><![CDATA[]]></company>
<lastname><![CDATA[McBride]]></lastname>
<firstname><![CDATA[Paddy]]></firstname>
<vat_number><![CDATA[]]></vat_number>
<address1><![CDATA[A&N Fuels, Unit 4&5, Elagh Business Park, Derry Bt48 8QH]]></address1>
<address2><![CDATA[]]></address2>
<postcode><![CDATA[BT48 8QH]]></postcode>
<city><![CDATA[Derry]]></city>
<other><![CDATA[]]></other>
<phone><![CDATA[]]></phone>
<phone_mobile><![CDATA[0876119626]]></phone_mobile>
<dni><![CDATA[]]></dni>
<deleted><![CDATA[0]]></deleted>
<date_add><![CDATA[2019-10-26 22:56:55]]></date_add>
<date_upd><![CDATA[2019-11-03 11:40:21]]></date_upd>
</address>
<address><id_address><![CDATA[10599]]></id_address>
<id_customer><![CDATA[987]]></id_customer>
<id_manufacturer><![CDATA[0]]></id_manufacturer>
<id_supplier><![CDATA[0]]></id_supplier>
<id_warehouse><![CDATA[0]]></id_warehouse>
<id_country><![CDATA[6]]></id_country>
<id_state><![CDATA[313]]></id_state>
<alias><![CDATA[My address 14]]></alias>
<company><![CDATA[]]></company>
<lastname><![CDATA[.]]></lastname>
<firstname><![CDATA[.]]></firstname>
<vat_number><![CDATA[]]></vat_number>
<address1><![CDATA[.]]></address1>
<address2><![CDATA[]]></address2>
<postcode><![CDATA[00000]]></postcode>
<city><![CDATA[.]]></city>
<other><![CDATA[]]></other>
<phone><![CDATA[]]></phone>
<phone_mobile><![CDATA[]]></phone_mobile>
<dni><![CDATA[]]></dni>
<deleted><![CDATA[0]]></deleted>
<date_add><![CDATA[2019-10-27 15:45:14]]></date_add>
<date_upd><![CDATA[2019-10-27 15:45:54]]></date_upd>
</address>
<address><id_address><![CDATA[10600]]></id_address>
<id_customer><![CDATA[987]]></id_customer>
<id_manufacturer><![CDATA[0]]></id_manufacturer>
<id_supplier><![CDATA[0]]></id_supplier>
<id_warehouse><![CDATA[0]]></id_warehouse>
<id_country><![CDATA[6]]></id_country>
<id_state><![CDATA[313]]></id_state>
<alias><![CDATA[My address 14]]></alias>
<company><![CDATA[]]></company>
<lastname><![CDATA[.]]></lastname>
<firstname><![CDATA[.]]></firstname>
<vat_number><![CDATA[]]></vat_number>
<address1><![CDATA[.]]></address1>
<address2><![CDATA[]]></address2>
<postcode><![CDATA[00000]]></postcode>
<city><![CDATA[.]]></city>
<other><![CDATA[]]></other>
<phone><![CDATA[]]></phone>
<phone_mobile><![CDATA[]]></phone_mobile>
<dni><![CDATA[]]></dni>
<deleted><![CDATA[0]]></deleted>
<date_add><![CDATA[2019-10-28 11:19:14]]></date_add>
<date_upd><![CDATA[2019-10-28 11:20:49]]></date_upd>
</address>
<address><id_address><![CDATA[10601]]></id_address>
<id_customer><![CDATA[4818]]></id_customer>
<id_manufacturer><![CDATA[0]]></id_manufacturer>
<id_supplier><![CDATA[0]]></id_supplier>
<id_warehouse><![CDATA[0]]></id_warehouse>
<id_country><![CDATA[17]]></id_country>
<id_state><![CDATA[562]]></id_state>
<alias><![CDATA[My address 08]]></alias>
<company><![CDATA[]]></company>
<lastname><![CDATA[Pickett]]></lastname>
<firstname><![CDATA[Isobel]]></firstname>
<vat_number><![CDATA[]]></vat_number>
<address1><![CDATA[37 the rowans, chalfont St. Peter ]]></address1>
<address2><![CDATA[]]></address2>
<postcode><![CDATA[SL98SE]]></postcode>
<city><![CDATA[Gerrards Cross ]]></city>
<other><![CDATA[]]></other>
<phone><![CDATA[]]></phone>
<phone_mobile><![CDATA[07968358554]]></phone_mobile>
<dni><![CDATA[]]></dni>
<deleted><![CDATA[0]]></deleted>
<date_add><![CDATA[2019-10-28 12:03:15]]></date_add>
<date_upd><![CDATA[2019-10-28 14:42:08]]></date_upd>
</address>
<address><id_address><![CDATA[10602]]></id_address>
<id_customer><![CDATA[987]]></id_customer>
<id_manufacturer><![CDATA[0]]></id_manufacturer>
<id_supplier><![CDATA[0]]></id_supplier>
<id_warehouse><![CDATA[0]]></id_warehouse>
<id_country><![CDATA[12]]></id_country>
<id_state><![CDATA[812]]></id_state>
<alias><![CDATA[My address 31]]></alias>
<company><![CDATA[]]></company>
<lastname><![CDATA[.]]></lastname>
<firstname><![CDATA[.]]></firstname>
<vat_number><![CDATA[]]></vat_number>
<address1><![CDATA[.]]></address1>
<address2><![CDATA[]]></address2>
<postcode><![CDATA[0000]]></postcode>
<city><![CDATA[.]]></city>
<other><![CDATA[]]></other>
<phone><![CDATA[]]></phone>
<phone_mobile><![CDATA[]]></phone_mobile>
<dni><![CDATA[]]></dni>
<deleted><![CDATA[0]]></deleted>
<date_add><![CDATA[2019-10-28 12:04:31]]></date_add>
<date_upd><![CDATA[2019-10-28 15:34:54]]></date_upd>
</address>
<address><id_address><![CDATA[10603]]></id_address>
<id_customer><![CDATA[4819]]></id_customer>
<id_manufacturer><![CDATA[0]]></id_manufacturer>
<id_supplier><![CDATA[0]]></id_supplier>
<id_warehouse><![CDATA[0]]></id_warehouse>
<id_country><![CDATA[6]]></id_country>
<id_state><![CDATA[342]]></id_state>
<alias><![CDATA[My address 59]]></alias>
<company><![CDATA[]]></company>
<lastname><![CDATA[Zabaleta]]></lastname>
<firstname><![CDATA[Natalia]]></firstname>
<vat_number><![CDATA[]]></vat_number>
<address1><![CDATA[Pintor Fierro n3-1A ]]></address1>
<address2><![CDATA[]]></address2>
<postcode><![CDATA[00000]]></postcode>
<city><![CDATA[Ribadeo]]></city>
<other><![CDATA[]]></other>
<phone><![CDATA[]]></phone>
<phone_mobile><![CDATA[607115138 ]]></phone_mobile>
<dni><![CDATA[]]></dni>
<deleted><![CDATA[0]]></deleted>
<date_add><![CDATA[2019-10-28 19:37:43]]></date_add>
<date_upd><![CDATA[2019-10-29 08:24:05]]></date_upd>
</address>
<address><id_address><![CDATA[10604]]></id_address>
<id_customer><![CDATA[987]]></id_customer>
<id_manufacturer><![CDATA[0]]></id_manufacturer>
<id_supplier><![CDATA[0]]></id_supplier>
<id_warehouse><![CDATA[0]]></id_warehouse>
<id_country><![CDATA[6]]></id_country>
<id_state><![CDATA[313]]></id_state>
<alias><![CDATA[My address 36]]></alias>
<company><![CDATA[]]></company>
<lastname><![CDATA[.]]></lastname>
<firstname><![CDATA[.]]></firstname>
<vat_number><![CDATA[]]></vat_number>
<address1><![CDATA[.]]></address1>
<address2><![CDATA[]]></address2>
<postcode><![CDATA[00000]]></postcode>
<city><![CDATA[.]]></city>
<other><![CDATA[]]></other>
<phone><![CDATA[]]></phone>
<phone_mobile><![CDATA[]]></phone_mobile>
<dni><![CDATA[]]></dni>
<deleted><![CDATA[0]]></deleted>
<date_add><![CDATA[2019-10-28 21:40:36]]></date_add>
<date_upd><![CDATA[2019-10-28 21:46:56]]></date_upd>
</address>
<address><id_address><![CDATA[10605]]></id_address>
<id_customer><![CDATA[987]]></id_customer>
<id_manufacturer><![CDATA[0]]></id_manufacturer>
<id_supplier><![CDATA[0]]></id_supplier>
<id_warehouse><![CDATA[0]]></id_warehouse>
<id_country><![CDATA[17]]></id_country>
<id_state><![CDATA[622]]></id_state>
<alias><![CDATA[My address 16]]></alias>
<company><![CDATA[]]></company>
<lastname><![CDATA[.]]></lastname>
<firstname><![CDATA[.]]></firstname>
<vat_number><![CDATA[]]></vat_number>
<address1><![CDATA[.]]></address1>
<address2><![CDATA[]]></address2>
<postcode><![CDATA[]]></postcode>
<city><![CDATA[.]]></city>
<other><![CDATA[]]></other>
<phone><![CDATA[]]></phone>
<phone_mobile><![CDATA[]]></phone_mobile>
<dni><![CDATA[]]></dni>
<deleted><![CDATA[0]]></deleted>
<date_add><![CDATA[2019-10-29 09:33:16]]></date_add>
<date_upd><![CDATA[2019-10-29 09:33:53]]></date_upd>
</address>
<address><id_address><![CDATA[10606]]></id_address>
<id_customer><![CDATA[987]]></id_customer>
<id_manufacturer><![CDATA[0]]></id_manufacturer>
<id_supplier><![CDATA[0]]></id_supplier>
<id_warehouse><![CDATA[0]]></id_warehouse>
<id_country><![CDATA[6]]></id_country>
<id_state><![CDATA[313]]></id_state>
<alias><![CDATA[My address 27]]></alias>
<company><![CDATA[]]></company>
<lastname><![CDATA[.]]></lastname>
<firstname><![CDATA[.]]></firstname>
<vat_number><![CDATA[]]></vat_number>
<address1><![CDATA[.]]></address1>
<address2><![CDATA[]]></address2>
<postcode><![CDATA[00000]]></postcode>
<city><![CDATA[.]]></city>
<other><![CDATA[]]></other>
<phone><![CDATA[]]></phone>
<phone_mobile><![CDATA[]]></phone_mobile>
<dni><![CDATA[]]></dni>
<deleted><![CDATA[0]]></deleted>
<date_add><![CDATA[2019-10-29 22:32:27]]></date_add>
<date_upd><![CDATA[2019-10-30 08:45:52]]></date_upd>
</address>
<address><id_address><![CDATA[10607]]></id_address>
<id_customer><![CDATA[987]]></id_customer>
<id_manufacturer><![CDATA[0]]></id_manufacturer>
<id_supplier><![CDATA[0]]></id_supplier>
<id_warehouse><![CDATA[0]]></id_warehouse>
<id_country><![CDATA[6]]></id_country>
<id_state><![CDATA[313]]></id_state>
<alias><![CDATA[My address 49]]></alias>
<company><![CDATA[]]></company>
<lastname><![CDATA[.]]></lastname>
<firstname><![CDATA[.]]></firstname>
<vat_number><![CDATA[]]></vat_number>
<address1><![CDATA[.]]></address1>
<address2><![CDATA[]]></address2>
<postcode><![CDATA[00000]]></postcode>
<city><![CDATA[.]]></city>
<other><![CDATA[]]></other>
<phone><![CDATA[]]></phone>
<phone_mobile><![CDATA[]]></phone_mobile>
<dni><![CDATA[]]></dni>
<deleted><![CDATA[0]]></deleted>
<date_add><![CDATA[2019-10-30 04:05:49]]></date_add>
<date_upd><![CDATA[2019-10-30 04:05:49]]></date_upd>
</address>
<address><id_address><![CDATA[10608]]></id_address>
<id_customer><![CDATA[987]]></id_customer>
<id_manufacturer><![CDATA[0]]></id_manufacturer>
<id_supplier><![CDATA[0]]></id_supplier>
<id_warehouse><![CDATA[0]]></id_warehouse>
<id_country><![CDATA[6]]></id_country>
<id_state><![CDATA[313]]></id_state>
<alias><![CDATA[My address 52]]></alias>
<company><![CDATA[]]></company>
<lastname><![CDATA[.]]></lastname>
<firstname><![CDATA[.]]></firstname>
<vat_number><![CDATA[]]></vat_number>
<address1><![CDATA[.]]></address1>
<address2><![CDATA[]]></address2>
<postcode><![CDATA[00000]]></postcode>
<city><![CDATA[.]]></city>
<other><![CDATA[]]></other>
<phone><![CDATA[]]></phone>
<phone_mobile><![CDATA[]]></phone_mobile>
<dni><![CDATA[]]></dni>
<deleted><![CDATA[0]]></deleted>
<date_add><![CDATA[2019-10-30 15:56:52]]></date_add>
<date_upd><![CDATA[2019-10-30 15:56:52]]></date_upd>
</address>
<address><id_address><![CDATA[10609]]></id_address>
<id_customer><![CDATA[4822]]></id_customer>
<id_manufacturer><![CDATA[0]]></id_manufacturer>
<id_supplier><![CDATA[0]]></id_supplier>
<id_warehouse><![CDATA[0]]></id_warehouse>
<id_country><![CDATA[6]]></id_country>
<id_state><![CDATA[313]]></id_state>
<alias><![CDATA[My address 07]]></alias>
<company><![CDATA[]]></company>
<lastname><![CDATA[Alonso]]></lastname>
<firstname><![CDATA[Yolanda]]></firstname>
<vat_number><![CDATA[]]></vat_number>
<address1><![CDATA[Learreta markina 20 kafe kantoi]]></address1>
<address2><![CDATA[]]></address2>
<postcode><![CDATA[00000]]></postcode>
<city><![CDATA[Berriz]]></city>
<other><![CDATA[]]></other>
<phone><![CDATA[]]></phone>
<phone_mobile><![CDATA[699553689]]></phone_mobile>
<dni><![CDATA[]]></dni>
<deleted><![CDATA[0]]></deleted>
<date_add><![CDATA[2019-10-31 09:27:28]]></date_add>
<date_upd><![CDATA[2019-10-31 09:32:03]]></date_upd>
</address>
<address><id_address><![CDATA[10610]]></id_address>
<id_customer><![CDATA[987]]></id_customer>
<id_manufacturer><![CDATA[0]]></id_manufacturer>
<id_supplier><![CDATA[0]]></id_supplier>
<id_warehouse><![CDATA[0]]></id_warehouse>
<id_country><![CDATA[6]]></id_country>
<id_state><![CDATA[313]]></id_state>
<alias><![CDATA[My address 16]]></alias>
<company><![CDATA[]]></company>
<lastname><![CDATA[.]]></lastname>
<firstname><![CDATA[.]]></firstname>
<vat_number><![CDATA[]]></vat_number>
<address1><![CDATA[.]]></address1>
<address2><![CDATA[]]></address2>
<postcode><![CDATA[00000]]></postcode>
<city><![CDATA[.]]></city>
<other><![CDATA[]]></other>
<phone><![CDATA[]]></phone>
<phone_mobile><![CDATA[]]></phone_mobile>
<dni><![CDATA[]]></dni>
<deleted><![CDATA[0]]></deleted>
<date_add><![CDATA[2019-10-31 13:28:16]]></date_add>
<date_upd><![CDATA[2019-10-31 13:28:16]]></date_upd>
</address>
<address><id_address><![CDATA[10611]]></id_address>
<id_customer><![CDATA[987]]></id_customer>
<id_manufacturer><![CDATA[0]]></id_manufacturer>
<id_supplier><![CDATA[0]]></id_supplier>
<id_warehouse><![CDATA[0]]></id_warehouse>
<id_country><![CDATA[6]]></id_country>
<id_state><![CDATA[313]]></id_state>
<alias><![CDATA[My address 20]]></alias>
<company><![CDATA[]]></company>
<lastname><![CDATA[.]]></lastname>
<firstname><![CDATA[.]]></firstname>
<vat_number><![CDATA[]]></vat_number>
<address1><![CDATA[.]]></address1>
<address2><![CDATA[]]></address2>
<postcode><![CDATA[00000]]></postcode>
<city><![CDATA[.]]></city>
<other><![CDATA[]]></other>
<phone><![CDATA[]]></phone>
<phone_mobile><![CDATA[]]></phone_mobile>
<dni><![CDATA[]]></dni>
<deleted><![CDATA[0]]></deleted>
<date_add><![CDATA[2019-11-03 01:24:20]]></date_add>
<date_upd><![CDATA[2019-11-10 15:32:48]]></date_upd>
</address>
<address><id_address><![CDATA[10612]]></id_address>
<id_customer><![CDATA[4824]]></id_customer>
<id_manufacturer><![CDATA[0]]></id_manufacturer>
<id_supplier><![CDATA[0]]></id_supplier>
<id_warehouse><![CDATA[0]]></id_warehouse>
<id_country><![CDATA[3]]></id_country>
<id_state><![CDATA[784]]></id_state>
<alias><![CDATA[My address 50]]></alias>
<company><![CDATA[]]></company>
<lastname><![CDATA[Sanchez]]></lastname>
<firstname><![CDATA[Christelle]]></firstname>
<vat_number><![CDATA[]]></vat_number>
<address1><![CDATA[Rue Sur les Charneux 382]]></address1>
<address2><![CDATA[]]></address2>
<postcode><![CDATA[4870]]></postcode>
<city><![CDATA[FRAIPONT]]></city>
<other><![CDATA[]]></other>
<phone><![CDATA[]]></phone>
<phone_mobile><![CDATA[+32476305128]]></phone_mobile>
<dni><![CDATA[]]></dni>
<deleted><![CDATA[0]]></deleted>
<date_add><![CDATA[2019-11-03 16:59:48]]></date_add>
<date_upd><![CDATA[2019-11-03 17:01:50]]></date_upd>
</address>
<address><id_address><![CDATA[10613]]></id_address>
<id_customer><![CDATA[987]]></id_customer>
<id_manufacturer><![CDATA[0]]></id_manufacturer>
<id_supplier><![CDATA[0]]></id_supplier>
<id_warehouse><![CDATA[0]]></id_warehouse>
<id_country><![CDATA[1]]></id_country>
<id_state><![CDATA[427]]></id_state>
<alias><![CDATA[My address 55]]></alias>
<company><![CDATA[]]></company>
<lastname><![CDATA[.]]></lastname>
<firstname><![CDATA[.]]></firstname>
<vat_number><![CDATA[]]></vat_number>
<address1><![CDATA[.]]></address1>
<address2><![CDATA[]]></address2>
<postcode><![CDATA[]]></postcode>
<city><![CDATA[.]]></city>
<other><![CDATA[]]></other>
<phone><![CDATA[]]></phone>
<phone_mobile><![CDATA[]]></phone_mobile>
<dni><![CDATA[]]></dni>
<deleted><![CDATA[0]]></deleted>
<date_add><![CDATA[2019-11-04 09:02:55]]></date_add>
<date_upd><![CDATA[2019-11-04 09:03:53]]></date_upd>
</address>
<address><id_address><![CDATA[10614]]></id_address>
<id_customer><![CDATA[4825]]></id_customer>
<id_manufacturer><![CDATA[0]]></id_manufacturer>
<id_supplier><![CDATA[0]]></id_supplier>
<id_warehouse><![CDATA[0]]></id_warehouse>
<id_country><![CDATA[1]]></id_country>
<id_state><![CDATA[427]]></id_state>
<alias><![CDATA[My address 32]]></alias>
<company><![CDATA[]]></company>
<lastname><![CDATA[Zimmer]]></lastname>
<firstname><![CDATA[Katja]]></firstname>
<vat_number><![CDATA[]]></vat_number>
<address1><![CDATA[Adolf-Menges-Str. 18]]></address1>
<address2><![CDATA[]]></address2>
<postcode><![CDATA[35216]]></postcode>
<city><![CDATA[Biedenkopf]]></city>
<other><![CDATA[]]></other>
<phone><![CDATA[]]></phone>
<phone_mobile><![CDATA[01704583198]]></phone_mobile>
<dni><![CDATA[]]></dni>
<deleted><![CDATA[0]]></deleted>
<date_add><![CDATA[2019-11-04 11:31:41]]></date_add>
<date_upd><![CDATA[2019-11-04 11:40:32]]></date_upd>
</address>
<address><id_address><![CDATA[10615]]></id_address>
<id_customer><![CDATA[987]]></id_customer>
<id_manufacturer><![CDATA[0]]></id_manufacturer>
<id_supplier><![CDATA[0]]></id_supplier>
<id_warehouse><![CDATA[0]]></id_warehouse>
<id_country><![CDATA[13]]></id_country>
<id_state><![CDATA[776]]></id_state>
<alias><![CDATA[My address 51]]></alias>
<company><![CDATA[]]></company>
<lastname><![CDATA[.]]></lastname>
<firstname><![CDATA[.]]></firstname>
<vat_number><![CDATA[]]></vat_number>
<address1><![CDATA[.]]></address1>
<address2><![CDATA[]]></address2>
<postcode><![CDATA[]]></postcode>
<city><![CDATA[.]]></city>
<other><![CDATA[]]></other>
<phone><![CDATA[]]></phone>
<phone_mobile><![CDATA[]]></phone_mobile>
<dni><![CDATA[]]></dni>
<deleted><![CDATA[0]]></deleted>
<date_add><![CDATA[2019-11-04 11:34:51]]></date_add>
<date_upd><![CDATA[2019-11-04 11:35:04]]></date_upd>
</address>
<address><id_address><![CDATA[10616]]></id_address>
<id_customer><![CDATA[987]]></id_customer>
<id_manufacturer><![CDATA[0]]></id_manufacturer>
<id_supplier><![CDATA[0]]></id_supplier>
<id_warehouse><![CDATA[0]]></id_warehouse>
<id_country><![CDATA[3]]></id_country>
<id_state><![CDATA[777]]></id_state>
<alias><![CDATA[My address 43]]></alias>
<company><![CDATA[]]></company>
<lastname><![CDATA[.]]></lastname>
<firstname><![CDATA[.]]></firstname>
<vat_number><![CDATA[]]></vat_number>
<address1><![CDATA[.]]></address1>
<address2><![CDATA[]]></address2>
<postcode><![CDATA[]]></postcode>
<city><![CDATA[.]]></city>
<other><![CDATA[]]></other>
<phone><![CDATA[]]></phone>
<phone_mobile><![CDATA[]]></phone_mobile>
<dni><![CDATA[]]></dni>
<deleted><![CDATA[0]]></deleted>
<date_add><![CDATA[2019-11-04 14:45:43]]></date_add>
<date_upd><![CDATA[2019-11-04 14:46:32]]></date_upd>
</address>
<address><id_address><![CDATA[10617]]></id_address>
<id_customer><![CDATA[987]]></id_customer>
<id_manufacturer><![CDATA[0]]></id_manufacturer>
<id_supplier><![CDATA[0]]></id_supplier>
<id_warehouse><![CDATA[0]]></id_warehouse>
<id_country><![CDATA[6]]></id_country>
<id_state><![CDATA[313]]></id_state>
<alias><![CDATA[My address 44]]></alias>
<company><![CDATA[]]></company>
<lastname><![CDATA[.]]></lastname>
<firstname><![CDATA[.]]></firstname>
<vat_number><![CDATA[]]></vat_number>
<address1><![CDATA[.]]></address1>
<address2><![CDATA[]]></address2>
<postcode><![CDATA[00000]]></postcode>
<city><![CDATA[.]]></city>
<other><![CDATA[]]></other>
<phone><![CDATA[]]></phone>
<phone_mobile><![CDATA[]]></phone_mobile>
<dni><![CDATA[]]></dni>
<deleted><![CDATA[0]]></deleted>
<date_add><![CDATA[2019-11-04 15:39:44]]></date_add>
<date_upd><![CDATA[2019-11-04 15:39:44]]></date_upd>
</address>
<address><id_address><![CDATA[10618]]></id_address>
<id_customer><![CDATA[987]]></id_customer>
<id_manufacturer><![CDATA[0]]></id_manufacturer>
<id_supplier><![CDATA[0]]></id_supplier>
<id_warehouse><![CDATA[0]]></id_warehouse>
<id_country><![CDATA[6]]></id_country>
<id_state><![CDATA[313]]></id_state>
<alias><![CDATA[My address 02]]></alias>
<company><![CDATA[]]></company>
<lastname><![CDATA[.]]></lastname>
<firstname><![CDATA[.]]></firstname>
<vat_number><![CDATA[]]></vat_number>
<address1><![CDATA[.]]></address1>
<address2><![CDATA[]]></address2>
<postcode><![CDATA[00000]]></postcode>
<city><![CDATA[.]]></city>
<other><![CDATA[]]></other>
<phone><![CDATA[]]></phone>
<phone_mobile><![CDATA[]]></phone_mobile>
<dni><![CDATA[]]></dni>
<deleted><![CDATA[0]]></deleted>
<date_add><![CDATA[2019-11-04 19:09:02]]></date_add>
<date_upd><![CDATA[2019-11-05 07:02:37]]></date_upd>
</address>
<address><id_address><![CDATA[10619]]></id_address>
<id_customer><![CDATA[987]]></id_customer>
<id_manufacturer><![CDATA[0]]></id_manufacturer>
<id_supplier><![CDATA[0]]></id_supplier>
<id_warehouse><![CDATA[0]]></id_warehouse>
<id_country><![CDATA[6]]></id_country>
<id_state><![CDATA[313]]></id_state>
<alias><![CDATA[My address 45]]></alias>
<company><![CDATA[]]></company>
<lastname><![CDATA[.]]></lastname>
<firstname><![CDATA[.]]></firstname>
<vat_number><![CDATA[]]></vat_number>
<address1><![CDATA[.]]></address1>
<address2><![CDATA[]]></address2>
<postcode><![CDATA[00000]]></postcode>
<city><![CDATA[.]]></city>
<other><![CDATA[]]></other>
<phone><![CDATA[]]></phone>
<phone_mobile><![CDATA[]]></phone_mobile>
<dni><![CDATA[]]></dni>
<deleted><![CDATA[0]]></deleted>
<date_add><![CDATA[2019-11-05 01:39:45]]></date_add>
<date_upd><![CDATA[2019-11-05 01:40:46]]></date_upd>
</address>
<address><id_address><![CDATA[10620]]></id_address>
<id_customer><![CDATA[987]]></id_customer>
<id_manufacturer><![CDATA[0]]></id_manufacturer>
<id_supplier><![CDATA[0]]></id_supplier>
<id_warehouse><![CDATA[0]]></id_warehouse>
<id_country><![CDATA[6]]></id_country>
<id_state><![CDATA[313]]></id_state>
<alias><![CDATA[My address 32]]></alias>
<company><![CDATA[]]></company>
<lastname><![CDATA[.]]></lastname>
<firstname><![CDATA[.]]></firstname>
<vat_number><![CDATA[]]></vat_number>
<address1><![CDATA[.]]></address1>
<address2><![CDATA[]]></address2>
<postcode><![CDATA[00000]]></postcode>
<city><![CDATA[.]]></city>
<other><![CDATA[]]></other>
<phone><![CDATA[]]></phone>
<phone_mobile><![CDATA[]]></phone_mobile>
<dni><![CDATA[]]></dni>
<deleted><![CDATA[0]]></deleted>
<date_add><![CDATA[2019-11-05 11:13:32]]></date_add>
<date_upd><![CDATA[2019-11-05 11:13:32]]></date_upd>
</address>
<address><id_address><![CDATA[10621]]></id_address>
<id_customer><![CDATA[987]]></id_customer>
<id_manufacturer><![CDATA[0]]></id_manufacturer>
<id_supplier><![CDATA[0]]></id_supplier>
<id_warehouse><![CDATA[0]]></id_warehouse>
<id_country><![CDATA[6]]></id_country>
<id_state><![CDATA[313]]></id_state>
<alias><![CDATA[My address 31]]></alias>
<company><![CDATA[]]></company>
<lastname><![CDATA[.]]></lastname>
<firstname><![CDATA[.]]></firstname>
<vat_number><![CDATA[]]></vat_number>
<address1><![CDATA[.]]></address1>
<address2><![CDATA[]]></address2>
<postcode><![CDATA[00000]]></postcode>
<city><![CDATA[.]]></city>
<other><![CDATA[]]></other>
<phone><![CDATA[]]></phone>
<phone_mobile><![CDATA[]]></phone_mobile>
<dni><![CDATA[]]></dni>
<deleted><![CDATA[0]]></deleted>
<date_add><![CDATA[2019-11-05 17:32:31]]></date_add>
<date_upd><![CDATA[2019-11-05 17:32:31]]></date_upd>
</address>
<address><id_address><![CDATA[10622]]></id_address>
<id_customer><![CDATA[987]]></id_customer>
<id_manufacturer><![CDATA[0]]></id_manufacturer>
<id_supplier><![CDATA[0]]></id_supplier>
<id_warehouse><![CDATA[0]]></id_warehouse>
<id_country><![CDATA[6]]></id_country>
<id_state><![CDATA[313]]></id_state>
<alias><![CDATA[My address 26]]></alias>
<company><![CDATA[]]></company>
<lastname><![CDATA[.]]></lastname>
<firstname><![CDATA[.]]></firstname>
<vat_number><![CDATA[]]></vat_number>
<address1><![CDATA[.]]></address1>
<address2><![CDATA[]]></address2>
<postcode><![CDATA[00000]]></postcode>
<city><![CDATA[.]]></city>
<other><![CDATA[]]></other>
<phone><![CDATA[]]></phone>
<phone_mobile><![CDATA[]]></phone_mobile>
<dni><![CDATA[]]></dni>
<deleted><![CDATA[0]]></deleted>
<date_add><![CDATA[2019-11-06 09:49:26]]></date_add>
<date_upd><![CDATA[2019-11-06 09:49:34]]></date_upd>
</address>
<address><id_address><![CDATA[10623]]></id_address>
<id_customer><![CDATA[987]]></id_customer>
<id_manufacturer><![CDATA[0]]></id_manufacturer>
<id_supplier><![CDATA[0]]></id_supplier>
<id_warehouse><![CDATA[0]]></id_warehouse>
<id_country><![CDATA[6]]></id_country>
<id_state><![CDATA[313]]></id_state>
<alias><![CDATA[My address 43]]></alias>
<company><![CDATA[]]></company>
<lastname><![CDATA[.]]></lastname>
<firstname><![CDATA[.]]></firstname>
<vat_number><![CDATA[]]></vat_number>
<address1><![CDATA[.]]></address1>
<address2><![CDATA[]]></address2>
<postcode><![CDATA[00000]]></postcode>
<city><![CDATA[.]]></city>
<other><![CDATA[]]></other>
<phone><![CDATA[]]></phone>
<phone_mobile><![CDATA[]]></phone_mobile>
<dni><![CDATA[]]></dni>
<deleted><![CDATA[0]]></deleted>
<date_add><![CDATA[2019-11-06 11:32:43]]></date_add>
<date_upd><![CDATA[2019-11-11 19:45:57]]></date_upd>
</address>
<address><id_address><![CDATA[10624]]></id_address>
<id_customer><![CDATA[4827]]></id_customer>
<id_manufacturer><![CDATA[0]]></id_manufacturer>
<id_supplier><![CDATA[0]]></id_supplier>
<id_warehouse><![CDATA[0]]></id_warehouse>
<id_country><![CDATA[6]]></id_country>
<id_state><![CDATA[326]]></id_state>
<alias><![CDATA[Mi dirección]]></alias>
<company><![CDATA[]]></company>
<lastname><![CDATA[Olanda]]></lastname>
<firstname><![CDATA[Susana]]></firstname>
<vat_number><![CDATA[]]></vat_number>
<address1><![CDATA[Angel abajo perez, 252]]></address1>
<address2><![CDATA[]]></address2>
<postcode><![CDATA[39530]]></postcode>
<city><![CDATA[Puente san Miguel]]></city>
<other><![CDATA[]]></other>
<phone><![CDATA[942000000]]></phone>
<phone_mobile><![CDATA[664579544]]></phone_mobile>
<dni><![CDATA[72133076Q]]></dni>
<deleted><![CDATA[0]]></deleted>
<date_add><![CDATA[2019-11-06 16:31:25]]></date_add>
<date_upd><![CDATA[2019-11-06 16:31:25]]></date_upd>
</address>
<address><id_address><![CDATA[10625]]></id_address>
<id_customer><![CDATA[4829]]></id_customer>
<id_manufacturer><![CDATA[0]]></id_manufacturer>
<id_supplier><![CDATA[0]]></id_supplier>
<id_warehouse><![CDATA[0]]></id_warehouse>
<id_country><![CDATA[8]]></id_country>
<id_state><![CDATA[519]]></id_state>
<alias><![CDATA[My address 40]]></alias>
<company><![CDATA[]]></company>
<lastname><![CDATA[LIBOUREL GERARD]]></lastname>
<firstname><![CDATA[Monsieur]]></firstname>
<vat_number><![CDATA[]]></vat_number>
<address1><![CDATA[6 traverse de la lavogne]]></address1>
<address2><![CDATA[]]></address2>
<postcode><![CDATA[12490]]></postcode>
<city><![CDATA[St Rome de Cernon]]></city>
<other><![CDATA[]]></other>
<phone><![CDATA[]]></phone>
<phone_mobile><![CDATA[330680106683]]></phone_mobile>
<dni><![CDATA[]]></dni>
<deleted><![CDATA[0]]></deleted>
<date_add><![CDATA[2019-11-07 15:23:50]]></date_add>
<date_upd><![CDATA[2019-11-07 15:44:40]]></date_upd>
</address>
<address><id_address><![CDATA[10626]]></id_address>
<id_customer><![CDATA[4831]]></id_customer>
<id_manufacturer><![CDATA[0]]></id_manufacturer>
<id_supplier><![CDATA[0]]></id_supplier>
<id_warehouse><![CDATA[0]]></id_warehouse>
<id_country><![CDATA[6]]></id_country>
<id_state><![CDATA[313]]></id_state>
<alias><![CDATA[My address 05]]></alias>
<company><![CDATA[]]></company>
<lastname><![CDATA[Álvarez Palacios]]></lastname>
<firstname><![CDATA[Diego]]></firstname>
<vat_number><![CDATA[]]></vat_number>
<address1><![CDATA[Calle 25 de noviembre, Bloq. 3 puerta D]]></address1>
<address2><![CDATA[]]></address2>
<postcode><![CDATA[11140]]></postcode>
<city><![CDATA[Conil Cadiz]]></city>
<other><![CDATA[]]></other>
<phone><![CDATA[]]></phone>
<phone_mobile><![CDATA[615988345]]></phone_mobile>
<dni><![CDATA[]]></dni>
<deleted><![CDATA[0]]></deleted>
<date_add><![CDATA[2019-11-07 21:06:08]]></date_add>
<date_upd><![CDATA[2019-11-07 21:08:05]]></date_upd>
</address>
<address><id_address><![CDATA[10627]]></id_address>
<id_customer><![CDATA[4832]]></id_customer>
<id_manufacturer><![CDATA[0]]></id_manufacturer>
<id_supplier><![CDATA[0]]></id_supplier>
<id_warehouse><![CDATA[0]]></id_warehouse>
<id_country><![CDATA[1]]></id_country>
<id_state><![CDATA[421]]></id_state>
<alias><![CDATA[My address 42]]></alias>
<company><![CDATA[]]></company>
<lastname><![CDATA[Glaser]]></lastname>
<firstname><![CDATA[Olga]]></firstname>
<vat_number><![CDATA[]]></vat_number>
<address1><![CDATA[Grosse Gasse 15]]></address1>
<address2><![CDATA[]]></address2>
<postcode><![CDATA[75428]]></postcode>
<city><![CDATA[Illingen]]></city>
<other><![CDATA[]]></other>
<phone><![CDATA[]]></phone>
<phone_mobile><![CDATA[15128157456]]></phone_mobile>
<dni><![CDATA[]]></dni>
<deleted><![CDATA[0]]></deleted>
<date_add><![CDATA[2019-11-07 21:10:25]]></date_add>
<date_upd><![CDATA[2019-11-08 12:46:42]]></date_upd>
</address>
<address><id_address><![CDATA[10628]]></id_address>
<id_customer><![CDATA[987]]></id_customer>
<id_manufacturer><![CDATA[0]]></id_manufacturer>
<id_supplier><![CDATA[0]]></id_supplier>
<id_warehouse><![CDATA[0]]></id_warehouse>
<id_country><![CDATA[3]]></id_country>
<id_state><![CDATA[777]]></id_state>
<alias><![CDATA[My address 24]]></alias>
<company><![CDATA[]]></company>
<lastname><![CDATA[.]]></lastname>
<firstname><![CDATA[.]]></firstname>
<vat_number><![CDATA[]]></vat_number>
<address1><![CDATA[.]]></address1>
<address2><![CDATA[]]></address2>
<postcode><![CDATA[2900]]></postcode>
<city><![CDATA[Schoten]]></city>
<other><![CDATA[]]></other>
<phone><![CDATA[]]></phone>
<phone_mobile><![CDATA[]]></phone_mobile>
<dni><![CDATA[]]></dni>
<deleted><![CDATA[0]]></deleted>
<date_add><![CDATA[2019-11-08 17:09:24]]></date_add>
<date_upd><![CDATA[2019-11-08 17:10:00]]></date_upd>
</address>
<address><id_address><![CDATA[10629]]></id_address>
<id_customer><![CDATA[4833]]></id_customer>
<id_manufacturer><![CDATA[0]]></id_manufacturer>
<id_supplier><![CDATA[0]]></id_supplier>
<id_warehouse><![CDATA[0]]></id_warehouse>
<id_country><![CDATA[6]]></id_country>
<id_state><![CDATA[344]]></id_state>
<alias><![CDATA[My address 05]]></alias>
<company><![CDATA[]]></company>
<lastname><![CDATA[Abreu]]></lastname>
<firstname><![CDATA[Dayana]]></firstname>
<vat_number><![CDATA[]]></vat_number>
<address1><![CDATA[Av de Andalucía 11. Edif Meridional. Piso 3 - Vinci Hair Clinic]]></address1>
<address2><![CDATA[]]></address2>
<postcode><![CDATA[29002]]></postcode>
<city><![CDATA[Málaga  ]]></city>
<other><![CDATA[]]></other>
<phone><![CDATA[]]></phone>
<phone_mobile><![CDATA[617858167]]></phone_mobile>
<dni><![CDATA[]]></dni>
<deleted><![CDATA[0]]></deleted>
<date_add><![CDATA[2019-11-10 12:02:05]]></date_add>
<date_upd><![CDATA[2019-11-10 12:07:05]]></date_upd>
</address>
<address><id_address><![CDATA[10630]]></id_address>
<id_customer><![CDATA[4834]]></id_customer>
<id_manufacturer><![CDATA[0]]></id_manufacturer>
<id_supplier><![CDATA[0]]></id_supplier>
<id_warehouse><![CDATA[0]]></id_warehouse>
<id_country><![CDATA[6]]></id_country>
<id_state><![CDATA[313]]></id_state>
<alias><![CDATA[My address 22]]></alias>
<company><![CDATA[]]></company>
<lastname><![CDATA[Michael ]]></lastname>
<firstname><![CDATA[Sanchez]]></firstname>
<vat_number><![CDATA[]]></vat_number>
<address1><![CDATA[23 rue Louis duhen ]]></address1>
<address2><![CDATA[]]></address2>
<postcode><![CDATA[76600]]></postcode>
<city><![CDATA[Le havre]]></city>
<other><![CDATA[]]></other>
<phone><![CDATA[]]></phone>
<phone_mobile><![CDATA[0662121025]]></phone_mobile>
<dni><![CDATA[]]></dni>
<deleted><![CDATA[0]]></deleted>
<date_add><![CDATA[2019-11-10 15:26:56]]></date_add>
<date_upd><![CDATA[2019-11-10 15:31:22]]></date_upd>
</address>
<address><id_address><![CDATA[10631]]></id_address>
<id_customer><![CDATA[987]]></id_customer>
<id_manufacturer><![CDATA[0]]></id_manufacturer>
<id_supplier><![CDATA[0]]></id_supplier>
<id_warehouse><![CDATA[0]]></id_warehouse>
<id_country><![CDATA[6]]></id_country>
<id_state><![CDATA[313]]></id_state>
<alias><![CDATA[My address 05]]></alias>
<company><![CDATA[]]></company>
<lastname><![CDATA[.]]></lastname>
<firstname><![CDATA[.]]></firstname>
<vat_number><![CDATA[]]></vat_number>
<address1><![CDATA[.]]></address1>
<address2><![CDATA[]]></address2>
<postcode><![CDATA[00000]]></postcode>
<city><![CDATA[.]]></city>
<other><![CDATA[]]></other>
<phone><![CDATA[]]></phone>
<phone_mobile><![CDATA[]]></phone_mobile>
<dni><![CDATA[]]></dni>
<deleted><![CDATA[0]]></deleted>
<date_add><![CDATA[2019-11-10 15:34:05]]></date_add>
<date_upd><![CDATA[2019-11-10 17:39:22]]></date_upd>
</address>
<address><id_address><![CDATA[10632]]></id_address>
<id_customer><![CDATA[987]]></id_customer>
<id_manufacturer><![CDATA[0]]></id_manufacturer>
<id_supplier><![CDATA[0]]></id_supplier>
<id_warehouse><![CDATA[0]]></id_warehouse>
<id_country><![CDATA[8]]></id_country>
<id_state><![CDATA[458]]></id_state>
<alias><![CDATA[My address 41]]></alias>
<company><![CDATA[]]></company>
<lastname><![CDATA[.]]></lastname>
<firstname><![CDATA[.]]></firstname>
<vat_number><![CDATA[]]></vat_number>
<address1><![CDATA[.]]></address1>
<address2><![CDATA[]]></address2>
<postcode><![CDATA[]]></postcode>
<city><![CDATA[.]]></city>
<other><![CDATA[]]></other>
<phone><![CDATA[]]></phone>
<phone_mobile><![CDATA[]]></phone_mobile>
<dni><![CDATA[]]></dni>
<deleted><![CDATA[0]]></deleted>
<date_add><![CDATA[2019-11-10 19:42:41]]></date_add>
<date_upd><![CDATA[2019-11-10 19:42:46]]></date_upd>
</address>
<address><id_address><![CDATA[10633]]></id_address>
<id_customer><![CDATA[987]]></id_customer>
<id_manufacturer><![CDATA[0]]></id_manufacturer>
<id_supplier><![CDATA[0]]></id_supplier>
<id_warehouse><![CDATA[0]]></id_warehouse>
<id_country><![CDATA[6]]></id_country>
<id_state><![CDATA[313]]></id_state>
<alias><![CDATA[My address 12]]></alias>
<company><![CDATA[]]></company>
<lastname><![CDATA[.]]></lastname>
<firstname><![CDATA[.]]></firstname>
<vat_number><![CDATA[]]></vat_number>
<address1><![CDATA[.]]></address1>
<address2><![CDATA[]]></address2>
<postcode><![CDATA[00000]]></postcode>
<city><![CDATA[.]]></city>
<other><![CDATA[]]></other>
<phone><![CDATA[]]></phone>
<phone_mobile><![CDATA[]]></phone_mobile>
<dni><![CDATA[]]></dni>
<deleted><![CDATA[0]]></deleted>
<date_add><![CDATA[2019-11-10 20:54:12]]></date_add>
<date_upd><![CDATA[2019-11-10 20:54:12]]></date_upd>
</address>
<address><id_address><![CDATA[10634]]></id_address>
<id_customer><![CDATA[987]]></id_customer>
<id_manufacturer><![CDATA[0]]></id_manufacturer>
<id_supplier><![CDATA[0]]></id_supplier>
<id_warehouse><![CDATA[0]]></id_warehouse>
<id_country><![CDATA[6]]></id_country>
<id_state><![CDATA[313]]></id_state>
<alias><![CDATA[My address 11]]></alias>
<company><![CDATA[]]></company>
<lastname><![CDATA[.]]></lastname>
<firstname><![CDATA[.]]></firstname>
<vat_number><![CDATA[]]></vat_number>
<address1><![CDATA[.]]></address1>
<address2><![CDATA[]]></address2>
<postcode><![CDATA[00000]]></postcode>
<city><![CDATA[.]]></city>
<other><![CDATA[]]></other>
<phone><![CDATA[]]></phone>
<phone_mobile><![CDATA[]]></phone_mobile>
<dni><![CDATA[]]></dni>
<deleted><![CDATA[0]]></deleted>
<date_add><![CDATA[2019-11-12 10:36:11]]></date_add>
<date_upd><![CDATA[2019-11-12 10:36:11]]></date_upd>
</address>
<address><id_address><![CDATA[10635]]></id_address>
<id_customer><![CDATA[1713]]></id_customer>
<id_manufacturer><![CDATA[0]]></id_manufacturer>
<id_supplier><![CDATA[0]]></id_supplier>
<id_warehouse><![CDATA[0]]></id_warehouse>
<id_country><![CDATA[6]]></id_country>
<id_state><![CDATA[313]]></id_state>
<alias><![CDATA[My address 12]]></alias>
<company><![CDATA[]]></company>
<lastname><![CDATA[Alvarz palacios]]></lastname>
<firstname><![CDATA[Diego]]></firstname>
<vat_number><![CDATA[]]></vat_number>
<address1><![CDATA[.]]></address1>
<address2><![CDATA[]]></address2>
<postcode><![CDATA[00000]]></postcode>
<city><![CDATA[.]]></city>
<other><![CDATA[]]></other>
<phone><![CDATA[]]></phone>
<phone_mobile><![CDATA[]]></phone_mobile>
<dni><![CDATA[]]></dni>
<deleted><![CDATA[0]]></deleted>
<date_add><![CDATA[2019-11-12 12:08:12]]></date_add>
<date_upd><![CDATA[2019-11-12 12:08:38]]></date_upd>
</address>
<address><id_address><![CDATA[10636]]></id_address>
<id_customer><![CDATA[987]]></id_customer>
<id_manufacturer><![CDATA[0]]></id_manufacturer>
<id_supplier><![CDATA[0]]></id_supplier>
<id_warehouse><![CDATA[0]]></id_warehouse>
<id_country><![CDATA[6]]></id_country>
<id_state><![CDATA[313]]></id_state>
<alias><![CDATA[My address 23]]></alias>
<company><![CDATA[]]></company>
<lastname><![CDATA[.]]></lastname>
<firstname><![CDATA[.]]></firstname>
<vat_number><![CDATA[]]></vat_number>
<address1><![CDATA[.]]></address1>
<address2><![CDATA[]]></address2>
<postcode><![CDATA[00000]]></postcode>
<city><![CDATA[.]]></city>
<other><![CDATA[]]></other>
<phone><![CDATA[]]></phone>
<phone_mobile><![CDATA[]]></phone_mobile>
<dni><![CDATA[]]></dni>
<deleted><![CDATA[0]]></deleted>
<date_add><![CDATA[2019-11-13 12:58:23]]></date_add>
<date_upd><![CDATA[2019-11-13 12:58:23]]></date_upd>
</address>
<address><id_address><![CDATA[10637]]></id_address>
<id_customer><![CDATA[987]]></id_customer>
<id_manufacturer><![CDATA[0]]></id_manufacturer>
<id_supplier><![CDATA[0]]></id_supplier>
<id_warehouse><![CDATA[0]]></id_warehouse>
<id_country><![CDATA[6]]></id_country>
<id_state><![CDATA[313]]></id_state>
<alias><![CDATA[My address 15]]></alias>
<company><![CDATA[]]></company>
<lastname><![CDATA[.]]></lastname>
<firstname><![CDATA[.]]></firstname>
<vat_number><![CDATA[]]></vat_number>
<address1><![CDATA[.]]></address1>
<address2><![CDATA[]]></address2>
<postcode><![CDATA[00000]]></postcode>
<city><![CDATA[.]]></city>
<other><![CDATA[]]></other>
<phone><![CDATA[]]></phone>
<phone_mobile><![CDATA[]]></phone_mobile>
<dni><![CDATA[]]></dni>
<deleted><![CDATA[0]]></deleted>
<date_add><![CDATA[2019-11-15 18:18:15]]></date_add>
<date_upd><![CDATA[2019-11-15 18:18:15]]></date_upd>
</address>
</entity_profile>
