<?xml version="1.0" encoding="UTF-8"?>
<entity_profile>
<customer_group><id_customer><![CDATA[498]]></id_customer>
<id_group><![CDATA[2]]></id_group>
</customer_group>
<customer_group><id_customer><![CDATA[499]]></id_customer>
<id_group><![CDATA[2]]></id_group>
</customer_group>
<customer_group><id_customer><![CDATA[500]]></id_customer>
<id_group><![CDATA[3]]></id_group>
</customer_group>
<customer_group><id_customer><![CDATA[501]]></id_customer>
<id_group><![CDATA[2]]></id_group>
</customer_group>
<customer_group><id_customer><![CDATA[502]]></id_customer>
<id_group><![CDATA[3]]></id_group>
</customer_group>
<customer_group><id_customer><![CDATA[503]]></id_customer>
<id_group><![CDATA[3]]></id_group>
</customer_group>
<customer_group><id_customer><![CDATA[504]]></id_customer>
<id_group><![CDATA[3]]></id_group>
</customer_group>
<customer_group><id_customer><![CDATA[505]]></id_customer>
<id_group><![CDATA[3]]></id_group>
</customer_group>
<customer_group><id_customer><![CDATA[506]]></id_customer>
<id_group><![CDATA[3]]></id_group>
</customer_group>
<customer_group><id_customer><![CDATA[507]]></id_customer>
<id_group><![CDATA[2]]></id_group>
</customer_group>
<customer_group><id_customer><![CDATA[508]]></id_customer>
<id_group><![CDATA[3]]></id_group>
</customer_group>
<customer_group><id_customer><![CDATA[509]]></id_customer>
<id_group><![CDATA[3]]></id_group>
</customer_group>
<customer_group><id_customer><![CDATA[510]]></id_customer>
<id_group><![CDATA[3]]></id_group>
</customer_group>
<customer_group><id_customer><![CDATA[511]]></id_customer>
<id_group><![CDATA[3]]></id_group>
</customer_group>
<customer_group><id_customer><![CDATA[512]]></id_customer>
<id_group><![CDATA[3]]></id_group>
</customer_group>
<customer_group><id_customer><![CDATA[513]]></id_customer>
<id_group><![CDATA[3]]></id_group>
</customer_group>
<customer_group><id_customer><![CDATA[514]]></id_customer>
<id_group><![CDATA[3]]></id_group>
</customer_group>
<customer_group><id_customer><![CDATA[515]]></id_customer>
<id_group><![CDATA[2]]></id_group>
</customer_group>
<customer_group><id_customer><![CDATA[516]]></id_customer>
<id_group><![CDATA[3]]></id_group>
</customer_group>
<customer_group><id_customer><![CDATA[517]]></id_customer>
<id_group><![CDATA[3]]></id_group>
</customer_group>
<customer_group><id_customer><![CDATA[518]]></id_customer>
<id_group><![CDATA[3]]></id_group>
</customer_group>
<customer_group><id_customer><![CDATA[519]]></id_customer>
<id_group><![CDATA[3]]></id_group>
</customer_group>
<customer_group><id_customer><![CDATA[520]]></id_customer>
<id_group><![CDATA[3]]></id_group>
</customer_group>
<customer_group><id_customer><![CDATA[521]]></id_customer>
<id_group><![CDATA[3]]></id_group>
</customer_group>
<customer_group><id_customer><![CDATA[522]]></id_customer>
<id_group><![CDATA[3]]></id_group>
</customer_group>
<customer_group><id_customer><![CDATA[523]]></id_customer>
<id_group><![CDATA[3]]></id_group>
</customer_group>
<customer_group><id_customer><![CDATA[524]]></id_customer>
<id_group><![CDATA[3]]></id_group>
</customer_group>
<customer_group><id_customer><![CDATA[525]]></id_customer>
<id_group><![CDATA[3]]></id_group>
</customer_group>
<customer_group><id_customer><![CDATA[526]]></id_customer>
<id_group><![CDATA[3]]></id_group>
</customer_group>
<customer_group><id_customer><![CDATA[527]]></id_customer>
<id_group><![CDATA[3]]></id_group>
</customer_group>
<customer_group><id_customer><![CDATA[528]]></id_customer>
<id_group><![CDATA[3]]></id_group>
</customer_group>
<customer_group><id_customer><![CDATA[529]]></id_customer>
<id_group><![CDATA[3]]></id_group>
</customer_group>
<customer_group><id_customer><![CDATA[530]]></id_customer>
<id_group><![CDATA[3]]></id_group>
</customer_group>
<customer_group><id_customer><![CDATA[531]]></id_customer>
<id_group><![CDATA[3]]></id_group>
</customer_group>
<customer_group><id_customer><![CDATA[532]]></id_customer>
<id_group><![CDATA[3]]></id_group>
</customer_group>
<customer_group><id_customer><![CDATA[533]]></id_customer>
<id_group><![CDATA[2]]></id_group>
</customer_group>
<customer_group><id_customer><![CDATA[534]]></id_customer>
<id_group><![CDATA[2]]></id_group>
</customer_group>
<customer_group><id_customer><![CDATA[535]]></id_customer>
<id_group><![CDATA[2]]></id_group>
</customer_group>
<customer_group><id_customer><![CDATA[536]]></id_customer>
<id_group><![CDATA[3]]></id_group>
</customer_group>
<customer_group><id_customer><![CDATA[537]]></id_customer>
<id_group><![CDATA[3]]></id_group>
</customer_group>
<customer_group><id_customer><![CDATA[538]]></id_customer>
<id_group><![CDATA[3]]></id_group>
</customer_group>
<customer_group><id_customer><![CDATA[539]]></id_customer>
<id_group><![CDATA[3]]></id_group>
</customer_group>
<customer_group><id_customer><![CDATA[540]]></id_customer>
<id_group><![CDATA[3]]></id_group>
</customer_group>
<customer_group><id_customer><![CDATA[541]]></id_customer>
<id_group><![CDATA[3]]></id_group>
</customer_group>
<customer_group><id_customer><![CDATA[542]]></id_customer>
<id_group><![CDATA[2]]></id_group>
</customer_group>
<customer_group><id_customer><![CDATA[543]]></id_customer>
<id_group><![CDATA[3]]></id_group>
</customer_group>
<customer_group><id_customer><![CDATA[544]]></id_customer>
<id_group><![CDATA[3]]></id_group>
</customer_group>
<customer_group><id_customer><![CDATA[545]]></id_customer>
<id_group><![CDATA[3]]></id_group>
</customer_group>
<customer_group><id_customer><![CDATA[546]]></id_customer>
<id_group><![CDATA[3]]></id_group>
</customer_group>
<customer_group><id_customer><![CDATA[547]]></id_customer>
<id_group><![CDATA[2]]></id_group>
</customer_group>
<customer_group><id_customer><![CDATA[548]]></id_customer>
<id_group><![CDATA[2]]></id_group>
</customer_group>
<customer_group><id_customer><![CDATA[549]]></id_customer>
<id_group><![CDATA[3]]></id_group>
</customer_group>
<customer_group><id_customer><![CDATA[550]]></id_customer>
<id_group><![CDATA[3]]></id_group>
</customer_group>
<customer_group><id_customer><![CDATA[551]]></id_customer>
<id_group><![CDATA[3]]></id_group>
</customer_group>
<customer_group><id_customer><![CDATA[552]]></id_customer>
<id_group><![CDATA[2]]></id_group>
</customer_group>
<customer_group><id_customer><![CDATA[553]]></id_customer>
<id_group><![CDATA[3]]></id_group>
</customer_group>
<customer_group><id_customer><![CDATA[554]]></id_customer>
<id_group><![CDATA[3]]></id_group>
</customer_group>
<customer_group><id_customer><![CDATA[555]]></id_customer>
<id_group><![CDATA[3]]></id_group>
</customer_group>
<customer_group><id_customer><![CDATA[556]]></id_customer>
<id_group><![CDATA[2]]></id_group>
</customer_group>
<customer_group><id_customer><![CDATA[557]]></id_customer>
<id_group><![CDATA[2]]></id_group>
</customer_group>
<customer_group><id_customer><![CDATA[558]]></id_customer>
<id_group><![CDATA[3]]></id_group>
</customer_group>
<customer_group><id_customer><![CDATA[559]]></id_customer>
<id_group><![CDATA[3]]></id_group>
</customer_group>
<customer_group><id_customer><![CDATA[560]]></id_customer>
<id_group><![CDATA[3]]></id_group>
</customer_group>
<customer_group><id_customer><![CDATA[561]]></id_customer>
<id_group><![CDATA[3]]></id_group>
</customer_group>
<customer_group><id_customer><![CDATA[562]]></id_customer>
<id_group><![CDATA[3]]></id_group>
</customer_group>
<customer_group><id_customer><![CDATA[563]]></id_customer>
<id_group><![CDATA[3]]></id_group>
</customer_group>
<customer_group><id_customer><![CDATA[564]]></id_customer>
<id_group><![CDATA[3]]></id_group>
</customer_group>
<customer_group><id_customer><![CDATA[565]]></id_customer>
<id_group><![CDATA[3]]></id_group>
</customer_group>
<customer_group><id_customer><![CDATA[566]]></id_customer>
<id_group><![CDATA[3]]></id_group>
</customer_group>
<customer_group><id_customer><![CDATA[567]]></id_customer>
<id_group><![CDATA[3]]></id_group>
</customer_group>
<customer_group><id_customer><![CDATA[568]]></id_customer>
<id_group><![CDATA[2]]></id_group>
</customer_group>
<customer_group><id_customer><![CDATA[569]]></id_customer>
<id_group><![CDATA[2]]></id_group>
</customer_group>
<customer_group><id_customer><![CDATA[570]]></id_customer>
<id_group><![CDATA[2]]></id_group>
</customer_group>
<customer_group><id_customer><![CDATA[571]]></id_customer>
<id_group><![CDATA[3]]></id_group>
</customer_group>
<customer_group><id_customer><![CDATA[572]]></id_customer>
<id_group><![CDATA[3]]></id_group>
</customer_group>
<customer_group><id_customer><![CDATA[573]]></id_customer>
<id_group><![CDATA[2]]></id_group>
</customer_group>
<customer_group><id_customer><![CDATA[574]]></id_customer>
<id_group><![CDATA[3]]></id_group>
</customer_group>
<customer_group><id_customer><![CDATA[575]]></id_customer>
<id_group><![CDATA[3]]></id_group>
</customer_group>
<customer_group><id_customer><![CDATA[576]]></id_customer>
<id_group><![CDATA[2]]></id_group>
</customer_group>
<customer_group><id_customer><![CDATA[577]]></id_customer>
<id_group><![CDATA[3]]></id_group>
</customer_group>
<customer_group><id_customer><![CDATA[578]]></id_customer>
<id_group><![CDATA[3]]></id_group>
</customer_group>
<customer_group><id_customer><![CDATA[579]]></id_customer>
<id_group><![CDATA[2]]></id_group>
</customer_group>
<customer_group><id_customer><![CDATA[580]]></id_customer>
<id_group><![CDATA[2]]></id_group>
</customer_group>
<customer_group><id_customer><![CDATA[581]]></id_customer>
<id_group><![CDATA[2]]></id_group>
</customer_group>
<customer_group><id_customer><![CDATA[582]]></id_customer>
<id_group><![CDATA[2]]></id_group>
</customer_group>
<customer_group><id_customer><![CDATA[583]]></id_customer>
<id_group><![CDATA[2]]></id_group>
</customer_group>
<customer_group><id_customer><![CDATA[584]]></id_customer>
<id_group><![CDATA[2]]></id_group>
</customer_group>
<customer_group><id_customer><![CDATA[585]]></id_customer>
<id_group><![CDATA[3]]></id_group>
</customer_group>
<customer_group><id_customer><![CDATA[586]]></id_customer>
<id_group><![CDATA[3]]></id_group>
</customer_group>
<customer_group><id_customer><![CDATA[587]]></id_customer>
<id_group><![CDATA[3]]></id_group>
</customer_group>
<customer_group><id_customer><![CDATA[588]]></id_customer>
<id_group><![CDATA[3]]></id_group>
</customer_group>
<customer_group><id_customer><![CDATA[589]]></id_customer>
<id_group><![CDATA[3]]></id_group>
</customer_group>
<customer_group><id_customer><![CDATA[590]]></id_customer>
<id_group><![CDATA[3]]></id_group>
</customer_group>
<customer_group><id_customer><![CDATA[591]]></id_customer>
<id_group><![CDATA[3]]></id_group>
</customer_group>
<customer_group><id_customer><![CDATA[592]]></id_customer>
<id_group><![CDATA[3]]></id_group>
</customer_group>
<customer_group><id_customer><![CDATA[593]]></id_customer>
<id_group><![CDATA[3]]></id_group>
</customer_group>
<customer_group><id_customer><![CDATA[594]]></id_customer>
<id_group><![CDATA[3]]></id_group>
</customer_group>
<customer_group><id_customer><![CDATA[595]]></id_customer>
<id_group><![CDATA[3]]></id_group>
</customer_group>
<customer_group><id_customer><![CDATA[596]]></id_customer>
<id_group><![CDATA[3]]></id_group>
</customer_group>
<customer_group><id_customer><![CDATA[597]]></id_customer>
<id_group><![CDATA[3]]></id_group>
</customer_group>
<customer_group><id_customer><![CDATA[598]]></id_customer>
<id_group><![CDATA[2]]></id_group>
</customer_group>
<customer_group><id_customer><![CDATA[599]]></id_customer>
<id_group><![CDATA[2]]></id_group>
</customer_group>
<customer_group><id_customer><![CDATA[600]]></id_customer>
<id_group><![CDATA[2]]></id_group>
</customer_group>
<customer_group><id_customer><![CDATA[601]]></id_customer>
<id_group><![CDATA[2]]></id_group>
</customer_group>
<customer_group><id_customer><![CDATA[602]]></id_customer>
<id_group><![CDATA[3]]></id_group>
</customer_group>
<customer_group><id_customer><![CDATA[603]]></id_customer>
<id_group><![CDATA[3]]></id_group>
</customer_group>
<customer_group><id_customer><![CDATA[604]]></id_customer>
<id_group><![CDATA[3]]></id_group>
</customer_group>
<customer_group><id_customer><![CDATA[605]]></id_customer>
<id_group><![CDATA[3]]></id_group>
</customer_group>
<customer_group><id_customer><![CDATA[606]]></id_customer>
<id_group><![CDATA[3]]></id_group>
</customer_group>
<customer_group><id_customer><![CDATA[607]]></id_customer>
<id_group><![CDATA[2]]></id_group>
</customer_group>
<customer_group><id_customer><![CDATA[608]]></id_customer>
<id_group><![CDATA[2]]></id_group>
</customer_group>
<customer_group><id_customer><![CDATA[609]]></id_customer>
<id_group><![CDATA[3]]></id_group>
</customer_group>
<customer_group><id_customer><![CDATA[610]]></id_customer>
<id_group><![CDATA[2]]></id_group>
</customer_group>
<customer_group><id_customer><![CDATA[611]]></id_customer>
<id_group><![CDATA[3]]></id_group>
</customer_group>
<customer_group><id_customer><![CDATA[612]]></id_customer>
<id_group><![CDATA[3]]></id_group>
</customer_group>
<customer_group><id_customer><![CDATA[613]]></id_customer>
<id_group><![CDATA[3]]></id_group>
</customer_group>
<customer_group><id_customer><![CDATA[614]]></id_customer>
<id_group><![CDATA[2]]></id_group>
</customer_group>
<customer_group><id_customer><![CDATA[615]]></id_customer>
<id_group><![CDATA[3]]></id_group>
</customer_group>
<customer_group><id_customer><![CDATA[616]]></id_customer>
<id_group><![CDATA[3]]></id_group>
</customer_group>
<customer_group><id_customer><![CDATA[617]]></id_customer>
<id_group><![CDATA[3]]></id_group>
</customer_group>
<customer_group><id_customer><![CDATA[618]]></id_customer>
<id_group><![CDATA[3]]></id_group>
</customer_group>
<customer_group><id_customer><![CDATA[619]]></id_customer>
<id_group><![CDATA[2]]></id_group>
</customer_group>
<customer_group><id_customer><![CDATA[620]]></id_customer>
<id_group><![CDATA[3]]></id_group>
</customer_group>
<customer_group><id_customer><![CDATA[621]]></id_customer>
<id_group><![CDATA[3]]></id_group>
</customer_group>
<customer_group><id_customer><![CDATA[622]]></id_customer>
<id_group><![CDATA[2]]></id_group>
</customer_group>
<customer_group><id_customer><![CDATA[623]]></id_customer>
<id_group><![CDATA[3]]></id_group>
</customer_group>
<customer_group><id_customer><![CDATA[624]]></id_customer>
<id_group><![CDATA[2]]></id_group>
</customer_group>
<customer_group><id_customer><![CDATA[625]]></id_customer>
<id_group><![CDATA[2]]></id_group>
</customer_group>
<customer_group><id_customer><![CDATA[626]]></id_customer>
<id_group><![CDATA[2]]></id_group>
</customer_group>
<customer_group><id_customer><![CDATA[627]]></id_customer>
<id_group><![CDATA[3]]></id_group>
</customer_group>
<customer_group><id_customer><![CDATA[628]]></id_customer>
<id_group><![CDATA[4]]></id_group>
</customer_group>
<customer_group><id_customer><![CDATA[629]]></id_customer>
<id_group><![CDATA[3]]></id_group>
</customer_group>
<customer_group><id_customer><![CDATA[630]]></id_customer>
<id_group><![CDATA[3]]></id_group>
</customer_group>
<customer_group><id_customer><![CDATA[631]]></id_customer>
<id_group><![CDATA[3]]></id_group>
</customer_group>
<customer_group><id_customer><![CDATA[632]]></id_customer>
<id_group><![CDATA[2]]></id_group>
</customer_group>
<customer_group><id_customer><![CDATA[633]]></id_customer>
<id_group><![CDATA[3]]></id_group>
</customer_group>
<customer_group><id_customer><![CDATA[634]]></id_customer>
<id_group><![CDATA[2]]></id_group>
</customer_group>
<customer_group><id_customer><![CDATA[635]]></id_customer>
<id_group><![CDATA[2]]></id_group>
</customer_group>
<customer_group><id_customer><![CDATA[636]]></id_customer>
<id_group><![CDATA[2]]></id_group>
</customer_group>
<customer_group><id_customer><![CDATA[637]]></id_customer>
<id_group><![CDATA[3]]></id_group>
</customer_group>
<customer_group><id_customer><![CDATA[638]]></id_customer>
<id_group><![CDATA[2]]></id_group>
</customer_group>
<customer_group><id_customer><![CDATA[639]]></id_customer>
<id_group><![CDATA[2]]></id_group>
</customer_group>
<customer_group><id_customer><![CDATA[640]]></id_customer>
<id_group><![CDATA[2]]></id_group>
</customer_group>
<customer_group><id_customer><![CDATA[641]]></id_customer>
<id_group><![CDATA[2]]></id_group>
</customer_group>
<customer_group><id_customer><![CDATA[642]]></id_customer>
<id_group><![CDATA[3]]></id_group>
</customer_group>
<customer_group><id_customer><![CDATA[643]]></id_customer>
<id_group><![CDATA[3]]></id_group>
</customer_group>
<customer_group><id_customer><![CDATA[644]]></id_customer>
<id_group><![CDATA[3]]></id_group>
</customer_group>
<customer_group><id_customer><![CDATA[645]]></id_customer>
<id_group><![CDATA[3]]></id_group>
</customer_group>
<customer_group><id_customer><![CDATA[646]]></id_customer>
<id_group><![CDATA[3]]></id_group>
</customer_group>
<customer_group><id_customer><![CDATA[647]]></id_customer>
<id_group><![CDATA[2]]></id_group>
</customer_group>
<customer_group><id_customer><![CDATA[648]]></id_customer>
<id_group><![CDATA[3]]></id_group>
</customer_group>
<customer_group><id_customer><![CDATA[649]]></id_customer>
<id_group><![CDATA[2]]></id_group>
</customer_group>
<customer_group><id_customer><![CDATA[650]]></id_customer>
<id_group><![CDATA[3]]></id_group>
</customer_group>
<customer_group><id_customer><![CDATA[651]]></id_customer>
<id_group><![CDATA[2]]></id_group>
</customer_group>
<customer_group><id_customer><![CDATA[652]]></id_customer>
<id_group><![CDATA[3]]></id_group>
</customer_group>
<customer_group><id_customer><![CDATA[653]]></id_customer>
<id_group><![CDATA[2]]></id_group>
</customer_group>
<customer_group><id_customer><![CDATA[654]]></id_customer>
<id_group><![CDATA[2]]></id_group>
</customer_group>
<customer_group><id_customer><![CDATA[655]]></id_customer>
<id_group><![CDATA[3]]></id_group>
</customer_group>
<customer_group><id_customer><![CDATA[656]]></id_customer>
<id_group><![CDATA[3]]></id_group>
</customer_group>
<customer_group><id_customer><![CDATA[657]]></id_customer>
<id_group><![CDATA[2]]></id_group>
</customer_group>
<customer_group><id_customer><![CDATA[658]]></id_customer>
<id_group><![CDATA[3]]></id_group>
</customer_group>
<customer_group><id_customer><![CDATA[659]]></id_customer>
<id_group><![CDATA[2]]></id_group>
</customer_group>
<customer_group><id_customer><![CDATA[660]]></id_customer>
<id_group><![CDATA[3]]></id_group>
</customer_group>
<customer_group><id_customer><![CDATA[661]]></id_customer>
<id_group><![CDATA[3]]></id_group>
</customer_group>
<customer_group><id_customer><![CDATA[662]]></id_customer>
<id_group><![CDATA[3]]></id_group>
</customer_group>
<customer_group><id_customer><![CDATA[663]]></id_customer>
<id_group><![CDATA[2]]></id_group>
</customer_group>
<customer_group><id_customer><![CDATA[664]]></id_customer>
<id_group><![CDATA[3]]></id_group>
</customer_group>
<customer_group><id_customer><![CDATA[665]]></id_customer>
<id_group><![CDATA[3]]></id_group>
</customer_group>
<customer_group><id_customer><![CDATA[666]]></id_customer>
<id_group><![CDATA[2]]></id_group>
</customer_group>
<customer_group><id_customer><![CDATA[667]]></id_customer>
<id_group><![CDATA[2]]></id_group>
</customer_group>
<customer_group><id_customer><![CDATA[668]]></id_customer>
<id_group><![CDATA[2]]></id_group>
</customer_group>
<customer_group><id_customer><![CDATA[669]]></id_customer>
<id_group><![CDATA[2]]></id_group>
</customer_group>
<customer_group><id_customer><![CDATA[670]]></id_customer>
<id_group><![CDATA[2]]></id_group>
</customer_group>
<customer_group><id_customer><![CDATA[671]]></id_customer>
<id_group><![CDATA[3]]></id_group>
</customer_group>
<customer_group><id_customer><![CDATA[672]]></id_customer>
<id_group><![CDATA[3]]></id_group>
</customer_group>
<customer_group><id_customer><![CDATA[673]]></id_customer>
<id_group><![CDATA[3]]></id_group>
</customer_group>
<customer_group><id_customer><![CDATA[674]]></id_customer>
<id_group><![CDATA[2]]></id_group>
</customer_group>
<customer_group><id_customer><![CDATA[675]]></id_customer>
<id_group><![CDATA[3]]></id_group>
</customer_group>
<customer_group><id_customer><![CDATA[676]]></id_customer>
<id_group><![CDATA[2]]></id_group>
</customer_group>
<customer_group><id_customer><![CDATA[677]]></id_customer>
<id_group><![CDATA[3]]></id_group>
</customer_group>
<customer_group><id_customer><![CDATA[678]]></id_customer>
<id_group><![CDATA[2]]></id_group>
</customer_group>
<customer_group><id_customer><![CDATA[679]]></id_customer>
<id_group><![CDATA[3]]></id_group>
</customer_group>
<customer_group><id_customer><![CDATA[680]]></id_customer>
<id_group><![CDATA[3]]></id_group>
</customer_group>
<customer_group><id_customer><![CDATA[681]]></id_customer>
<id_group><![CDATA[3]]></id_group>
</customer_group>
<customer_group><id_customer><![CDATA[682]]></id_customer>
<id_group><![CDATA[3]]></id_group>
</customer_group>
<customer_group><id_customer><![CDATA[683]]></id_customer>
<id_group><![CDATA[3]]></id_group>
</customer_group>
<customer_group><id_customer><![CDATA[684]]></id_customer>
<id_group><![CDATA[3]]></id_group>
</customer_group>
<customer_group><id_customer><![CDATA[685]]></id_customer>
<id_group><![CDATA[3]]></id_group>
</customer_group>
<customer_group><id_customer><![CDATA[686]]></id_customer>
<id_group><![CDATA[2]]></id_group>
</customer_group>
<customer_group><id_customer><![CDATA[687]]></id_customer>
<id_group><![CDATA[3]]></id_group>
</customer_group>
<customer_group><id_customer><![CDATA[688]]></id_customer>
<id_group><![CDATA[3]]></id_group>
</customer_group>
<customer_group><id_customer><![CDATA[689]]></id_customer>
<id_group><![CDATA[3]]></id_group>
</customer_group>
<customer_group><id_customer><![CDATA[690]]></id_customer>
<id_group><![CDATA[3]]></id_group>
</customer_group>
<customer_group><id_customer><![CDATA[691]]></id_customer>
<id_group><![CDATA[3]]></id_group>
</customer_group>
<customer_group><id_customer><![CDATA[692]]></id_customer>
<id_group><![CDATA[3]]></id_group>
</customer_group>
<customer_group><id_customer><![CDATA[693]]></id_customer>
<id_group><![CDATA[3]]></id_group>
</customer_group>
<customer_group><id_customer><![CDATA[694]]></id_customer>
<id_group><![CDATA[2]]></id_group>
</customer_group>
<customer_group><id_customer><![CDATA[695]]></id_customer>
<id_group><![CDATA[3]]></id_group>
</customer_group>
<customer_group><id_customer><![CDATA[696]]></id_customer>
<id_group><![CDATA[2]]></id_group>
</customer_group>
<customer_group><id_customer><![CDATA[697]]></id_customer>
<id_group><![CDATA[2]]></id_group>
</customer_group>
<customer_group><id_customer><![CDATA[698]]></id_customer>
<id_group><![CDATA[3]]></id_group>
</customer_group>
<customer_group><id_customer><![CDATA[699]]></id_customer>
<id_group><![CDATA[3]]></id_group>
</customer_group>
<customer_group><id_customer><![CDATA[700]]></id_customer>
<id_group><![CDATA[3]]></id_group>
</customer_group>
<customer_group><id_customer><![CDATA[701]]></id_customer>
<id_group><![CDATA[2]]></id_group>
</customer_group>
<customer_group><id_customer><![CDATA[702]]></id_customer>
<id_group><![CDATA[3]]></id_group>
</customer_group>
<customer_group><id_customer><![CDATA[703]]></id_customer>
<id_group><![CDATA[3]]></id_group>
</customer_group>
<customer_group><id_customer><![CDATA[704]]></id_customer>
<id_group><![CDATA[2]]></id_group>
</customer_group>
<customer_group><id_customer><![CDATA[705]]></id_customer>
<id_group><![CDATA[3]]></id_group>
</customer_group>
<customer_group><id_customer><![CDATA[706]]></id_customer>
<id_group><![CDATA[3]]></id_group>
</customer_group>
<customer_group><id_customer><![CDATA[707]]></id_customer>
<id_group><![CDATA[3]]></id_group>
</customer_group>
<customer_group><id_customer><![CDATA[708]]></id_customer>
<id_group><![CDATA[2]]></id_group>
</customer_group>
<customer_group><id_customer><![CDATA[709]]></id_customer>
<id_group><![CDATA[2]]></id_group>
</customer_group>
<customer_group><id_customer><![CDATA[710]]></id_customer>
<id_group><![CDATA[3]]></id_group>
</customer_group>
<customer_group><id_customer><![CDATA[711]]></id_customer>
<id_group><![CDATA[3]]></id_group>
</customer_group>
<customer_group><id_customer><![CDATA[712]]></id_customer>
<id_group><![CDATA[3]]></id_group>
</customer_group>
<customer_group><id_customer><![CDATA[713]]></id_customer>
<id_group><![CDATA[3]]></id_group>
</customer_group>
<customer_group><id_customer><![CDATA[714]]></id_customer>
<id_group><![CDATA[3]]></id_group>
</customer_group>
<customer_group><id_customer><![CDATA[715]]></id_customer>
<id_group><![CDATA[3]]></id_group>
</customer_group>
<customer_group><id_customer><![CDATA[716]]></id_customer>
<id_group><![CDATA[3]]></id_group>
</customer_group>
<customer_group><id_customer><![CDATA[717]]></id_customer>
<id_group><![CDATA[3]]></id_group>
</customer_group>
<customer_group><id_customer><![CDATA[718]]></id_customer>
<id_group><![CDATA[3]]></id_group>
</customer_group>
<customer_group><id_customer><![CDATA[719]]></id_customer>
<id_group><![CDATA[2]]></id_group>
</customer_group>
<customer_group><id_customer><![CDATA[720]]></id_customer>
<id_group><![CDATA[2]]></id_group>
</customer_group>
<customer_group><id_customer><![CDATA[721]]></id_customer>
<id_group><![CDATA[2]]></id_group>
</customer_group>
<customer_group><id_customer><![CDATA[722]]></id_customer>
<id_group><![CDATA[2]]></id_group>
</customer_group>
<customer_group><id_customer><![CDATA[723]]></id_customer>
<id_group><![CDATA[2]]></id_group>
</customer_group>
<customer_group><id_customer><![CDATA[724]]></id_customer>
<id_group><![CDATA[2]]></id_group>
</customer_group>
<customer_group><id_customer><![CDATA[725]]></id_customer>
<id_group><![CDATA[3]]></id_group>
</customer_group>
<customer_group><id_customer><![CDATA[726]]></id_customer>
<id_group><![CDATA[2]]></id_group>
</customer_group>
<customer_group><id_customer><![CDATA[727]]></id_customer>
<id_group><![CDATA[3]]></id_group>
</customer_group>
<customer_group><id_customer><![CDATA[728]]></id_customer>
<id_group><![CDATA[3]]></id_group>
</customer_group>
<customer_group><id_customer><![CDATA[729]]></id_customer>
<id_group><![CDATA[3]]></id_group>
</customer_group>
<customer_group><id_customer><![CDATA[730]]></id_customer>
<id_group><![CDATA[3]]></id_group>
</customer_group>
<customer_group><id_customer><![CDATA[731]]></id_customer>
<id_group><![CDATA[3]]></id_group>
</customer_group>
<customer_group><id_customer><![CDATA[732]]></id_customer>
<id_group><![CDATA[3]]></id_group>
</customer_group>
<customer_group><id_customer><![CDATA[733]]></id_customer>
<id_group><![CDATA[2]]></id_group>
</customer_group>
<customer_group><id_customer><![CDATA[734]]></id_customer>
<id_group><![CDATA[3]]></id_group>
</customer_group>
<customer_group><id_customer><![CDATA[735]]></id_customer>
<id_group><![CDATA[3]]></id_group>
</customer_group>
<customer_group><id_customer><![CDATA[736]]></id_customer>
<id_group><![CDATA[3]]></id_group>
</customer_group>
<customer_group><id_customer><![CDATA[737]]></id_customer>
<id_group><![CDATA[2]]></id_group>
</customer_group>
<customer_group><id_customer><![CDATA[738]]></id_customer>
<id_group><![CDATA[3]]></id_group>
</customer_group>
<customer_group><id_customer><![CDATA[739]]></id_customer>
<id_group><![CDATA[3]]></id_group>
</customer_group>
<customer_group><id_customer><![CDATA[740]]></id_customer>
<id_group><![CDATA[3]]></id_group>
</customer_group>
<customer_group><id_customer><![CDATA[741]]></id_customer>
<id_group><![CDATA[3]]></id_group>
</customer_group>
<customer_group><id_customer><![CDATA[742]]></id_customer>
<id_group><![CDATA[2]]></id_group>
</customer_group>
<customer_group><id_customer><![CDATA[743]]></id_customer>
<id_group><![CDATA[2]]></id_group>
</customer_group>
<customer_group><id_customer><![CDATA[744]]></id_customer>
<id_group><![CDATA[2]]></id_group>
</customer_group>
<customer_group><id_customer><![CDATA[745]]></id_customer>
<id_group><![CDATA[2]]></id_group>
</customer_group>
<customer_group><id_customer><![CDATA[746]]></id_customer>
<id_group><![CDATA[2]]></id_group>
</customer_group>
<customer_group><id_customer><![CDATA[747]]></id_customer>
<id_group><![CDATA[2]]></id_group>
</customer_group>
<customer_group><id_customer><![CDATA[748]]></id_customer>
<id_group><![CDATA[2]]></id_group>
</customer_group>
<customer_group><id_customer><![CDATA[749]]></id_customer>
<id_group><![CDATA[3]]></id_group>
</customer_group>
<customer_group><id_customer><![CDATA[750]]></id_customer>
<id_group><![CDATA[3]]></id_group>
</customer_group>
<customer_group><id_customer><![CDATA[751]]></id_customer>
<id_group><![CDATA[2]]></id_group>
</customer_group>
<customer_group><id_customer><![CDATA[752]]></id_customer>
<id_group><![CDATA[3]]></id_group>
</customer_group>
<customer_group><id_customer><![CDATA[753]]></id_customer>
<id_group><![CDATA[3]]></id_group>
</customer_group>
<customer_group><id_customer><![CDATA[754]]></id_customer>
<id_group><![CDATA[3]]></id_group>
</customer_group>
<customer_group><id_customer><![CDATA[755]]></id_customer>
<id_group><![CDATA[3]]></id_group>
</customer_group>
<customer_group><id_customer><![CDATA[756]]></id_customer>
<id_group><![CDATA[3]]></id_group>
</customer_group>
<customer_group><id_customer><![CDATA[757]]></id_customer>
<id_group><![CDATA[3]]></id_group>
</customer_group>
<customer_group><id_customer><![CDATA[758]]></id_customer>
<id_group><![CDATA[3]]></id_group>
</customer_group>
<customer_group><id_customer><![CDATA[759]]></id_customer>
<id_group><![CDATA[3]]></id_group>
</customer_group>
<customer_group><id_customer><![CDATA[760]]></id_customer>
<id_group><![CDATA[3]]></id_group>
</customer_group>
<customer_group><id_customer><![CDATA[761]]></id_customer>
<id_group><![CDATA[3]]></id_group>
</customer_group>
<customer_group><id_customer><![CDATA[762]]></id_customer>
<id_group><![CDATA[3]]></id_group>
</customer_group>
<customer_group><id_customer><![CDATA[763]]></id_customer>
<id_group><![CDATA[3]]></id_group>
</customer_group>
<customer_group><id_customer><![CDATA[764]]></id_customer>
<id_group><![CDATA[3]]></id_group>
</customer_group>
<customer_group><id_customer><![CDATA[765]]></id_customer>
<id_group><![CDATA[3]]></id_group>
</customer_group>
<customer_group><id_customer><![CDATA[766]]></id_customer>
<id_group><![CDATA[3]]></id_group>
</customer_group>
<customer_group><id_customer><![CDATA[767]]></id_customer>
<id_group><![CDATA[3]]></id_group>
</customer_group>
<customer_group><id_customer><![CDATA[768]]></id_customer>
<id_group><![CDATA[2]]></id_group>
</customer_group>
<customer_group><id_customer><![CDATA[769]]></id_customer>
<id_group><![CDATA[2]]></id_group>
</customer_group>
<customer_group><id_customer><![CDATA[770]]></id_customer>
<id_group><![CDATA[2]]></id_group>
</customer_group>
<customer_group><id_customer><![CDATA[771]]></id_customer>
<id_group><![CDATA[2]]></id_group>
</customer_group>
<customer_group><id_customer><![CDATA[772]]></id_customer>
<id_group><![CDATA[3]]></id_group>
</customer_group>
<customer_group><id_customer><![CDATA[773]]></id_customer>
<id_group><![CDATA[2]]></id_group>
</customer_group>
<customer_group><id_customer><![CDATA[774]]></id_customer>
<id_group><![CDATA[2]]></id_group>
</customer_group>
<customer_group><id_customer><![CDATA[775]]></id_customer>
<id_group><![CDATA[3]]></id_group>
</customer_group>
<customer_group><id_customer><![CDATA[776]]></id_customer>
<id_group><![CDATA[3]]></id_group>
</customer_group>
<customer_group><id_customer><![CDATA[777]]></id_customer>
<id_group><![CDATA[3]]></id_group>
</customer_group>
<customer_group><id_customer><![CDATA[778]]></id_customer>
<id_group><![CDATA[3]]></id_group>
</customer_group>
<customer_group><id_customer><![CDATA[779]]></id_customer>
<id_group><![CDATA[2]]></id_group>
</customer_group>
<customer_group><id_customer><![CDATA[780]]></id_customer>
<id_group><![CDATA[3]]></id_group>
</customer_group>
<customer_group><id_customer><![CDATA[781]]></id_customer>
<id_group><![CDATA[3]]></id_group>
</customer_group>
<customer_group><id_customer><![CDATA[782]]></id_customer>
<id_group><![CDATA[3]]></id_group>
</customer_group>
<customer_group><id_customer><![CDATA[783]]></id_customer>
<id_group><![CDATA[3]]></id_group>
</customer_group>
<customer_group><id_customer><![CDATA[784]]></id_customer>
<id_group><![CDATA[2]]></id_group>
</customer_group>
<customer_group><id_customer><![CDATA[785]]></id_customer>
<id_group><![CDATA[2]]></id_group>
</customer_group>
<customer_group><id_customer><![CDATA[786]]></id_customer>
<id_group><![CDATA[2]]></id_group>
</customer_group>
<customer_group><id_customer><![CDATA[787]]></id_customer>
<id_group><![CDATA[2]]></id_group>
</customer_group>
<customer_group><id_customer><![CDATA[788]]></id_customer>
<id_group><![CDATA[2]]></id_group>
</customer_group>
<customer_group><id_customer><![CDATA[789]]></id_customer>
<id_group><![CDATA[3]]></id_group>
</customer_group>
<customer_group><id_customer><![CDATA[790]]></id_customer>
<id_group><![CDATA[2]]></id_group>
</customer_group>
<customer_group><id_customer><![CDATA[791]]></id_customer>
<id_group><![CDATA[3]]></id_group>
</customer_group>
<customer_group><id_customer><![CDATA[792]]></id_customer>
<id_group><![CDATA[3]]></id_group>
</customer_group>
<customer_group><id_customer><![CDATA[793]]></id_customer>
<id_group><![CDATA[3]]></id_group>
</customer_group>
<customer_group><id_customer><![CDATA[794]]></id_customer>
<id_group><![CDATA[3]]></id_group>
</customer_group>
<customer_group><id_customer><![CDATA[795]]></id_customer>
<id_group><![CDATA[2]]></id_group>
</customer_group>
<customer_group><id_customer><![CDATA[796]]></id_customer>
<id_group><![CDATA[3]]></id_group>
</customer_group>
<customer_group><id_customer><![CDATA[797]]></id_customer>
<id_group><![CDATA[2]]></id_group>
</customer_group>
<customer_group><id_customer><![CDATA[798]]></id_customer>
<id_group><![CDATA[3]]></id_group>
</customer_group>
<customer_group><id_customer><![CDATA[799]]></id_customer>
<id_group><![CDATA[3]]></id_group>
</customer_group>
<customer_group><id_customer><![CDATA[800]]></id_customer>
<id_group><![CDATA[2]]></id_group>
</customer_group>
<customer_group><id_customer><![CDATA[801]]></id_customer>
<id_group><![CDATA[3]]></id_group>
</customer_group>
<customer_group><id_customer><![CDATA[802]]></id_customer>
<id_group><![CDATA[3]]></id_group>
</customer_group>
<customer_group><id_customer><![CDATA[803]]></id_customer>
<id_group><![CDATA[2]]></id_group>
</customer_group>
<customer_group><id_customer><![CDATA[804]]></id_customer>
<id_group><![CDATA[3]]></id_group>
</customer_group>
<customer_group><id_customer><![CDATA[805]]></id_customer>
<id_group><![CDATA[3]]></id_group>
</customer_group>
<customer_group><id_customer><![CDATA[806]]></id_customer>
<id_group><![CDATA[3]]></id_group>
</customer_group>
<customer_group><id_customer><![CDATA[807]]></id_customer>
<id_group><![CDATA[3]]></id_group>
</customer_group>
<customer_group><id_customer><![CDATA[808]]></id_customer>
<id_group><![CDATA[3]]></id_group>
</customer_group>
<customer_group><id_customer><![CDATA[809]]></id_customer>
<id_group><![CDATA[3]]></id_group>
</customer_group>
<customer_group><id_customer><![CDATA[810]]></id_customer>
<id_group><![CDATA[3]]></id_group>
</customer_group>
<customer_group><id_customer><![CDATA[811]]></id_customer>
<id_group><![CDATA[3]]></id_group>
</customer_group>
<customer_group><id_customer><![CDATA[812]]></id_customer>
<id_group><![CDATA[3]]></id_group>
</customer_group>
<customer_group><id_customer><![CDATA[813]]></id_customer>
<id_group><![CDATA[2]]></id_group>
</customer_group>
<customer_group><id_customer><![CDATA[814]]></id_customer>
<id_group><![CDATA[3]]></id_group>
</customer_group>
<customer_group><id_customer><![CDATA[815]]></id_customer>
<id_group><![CDATA[3]]></id_group>
</customer_group>
<customer_group><id_customer><![CDATA[816]]></id_customer>
<id_group><![CDATA[2]]></id_group>
</customer_group>
<customer_group><id_customer><![CDATA[817]]></id_customer>
<id_group><![CDATA[3]]></id_group>
</customer_group>
<customer_group><id_customer><![CDATA[818]]></id_customer>
<id_group><![CDATA[3]]></id_group>
</customer_group>
<customer_group><id_customer><![CDATA[819]]></id_customer>
<id_group><![CDATA[2]]></id_group>
</customer_group>
<customer_group><id_customer><![CDATA[820]]></id_customer>
<id_group><![CDATA[3]]></id_group>
</customer_group>
<customer_group><id_customer><![CDATA[821]]></id_customer>
<id_group><![CDATA[3]]></id_group>
</customer_group>
<customer_group><id_customer><![CDATA[822]]></id_customer>
<id_group><![CDATA[3]]></id_group>
</customer_group>
<customer_group><id_customer><![CDATA[823]]></id_customer>
<id_group><![CDATA[3]]></id_group>
</customer_group>
<customer_group><id_customer><![CDATA[824]]></id_customer>
<id_group><![CDATA[3]]></id_group>
</customer_group>
<customer_group><id_customer><![CDATA[825]]></id_customer>
<id_group><![CDATA[2]]></id_group>
</customer_group>
<customer_group><id_customer><![CDATA[826]]></id_customer>
<id_group><![CDATA[3]]></id_group>
</customer_group>
<customer_group><id_customer><![CDATA[827]]></id_customer>
<id_group><![CDATA[3]]></id_group>
</customer_group>
<customer_group><id_customer><![CDATA[828]]></id_customer>
<id_group><![CDATA[2]]></id_group>
</customer_group>
<customer_group><id_customer><![CDATA[829]]></id_customer>
<id_group><![CDATA[2]]></id_group>
</customer_group>
<customer_group><id_customer><![CDATA[830]]></id_customer>
<id_group><![CDATA[3]]></id_group>
</customer_group>
<customer_group><id_customer><![CDATA[831]]></id_customer>
<id_group><![CDATA[3]]></id_group>
</customer_group>
<customer_group><id_customer><![CDATA[832]]></id_customer>
<id_group><![CDATA[2]]></id_group>
</customer_group>
<customer_group><id_customer><![CDATA[833]]></id_customer>
<id_group><![CDATA[3]]></id_group>
</customer_group>
<customer_group><id_customer><![CDATA[834]]></id_customer>
<id_group><![CDATA[3]]></id_group>
</customer_group>
<customer_group><id_customer><![CDATA[835]]></id_customer>
<id_group><![CDATA[3]]></id_group>
</customer_group>
<customer_group><id_customer><![CDATA[836]]></id_customer>
<id_group><![CDATA[2]]></id_group>
</customer_group>
<customer_group><id_customer><![CDATA[837]]></id_customer>
<id_group><![CDATA[3]]></id_group>
</customer_group>
<customer_group><id_customer><![CDATA[838]]></id_customer>
<id_group><![CDATA[2]]></id_group>
</customer_group>
<customer_group><id_customer><![CDATA[839]]></id_customer>
<id_group><![CDATA[3]]></id_group>
</customer_group>
<customer_group><id_customer><![CDATA[839]]></id_customer>
<id_group><![CDATA[4]]></id_group>
</customer_group>
<customer_group><id_customer><![CDATA[840]]></id_customer>
<id_group><![CDATA[2]]></id_group>
</customer_group>
<customer_group><id_customer><![CDATA[841]]></id_customer>
<id_group><![CDATA[3]]></id_group>
</customer_group>
<customer_group><id_customer><![CDATA[841]]></id_customer>
<id_group><![CDATA[4]]></id_group>
</customer_group>
<customer_group><id_customer><![CDATA[842]]></id_customer>
<id_group><![CDATA[3]]></id_group>
</customer_group>
<customer_group><id_customer><![CDATA[843]]></id_customer>
<id_group><![CDATA[3]]></id_group>
</customer_group>
<customer_group><id_customer><![CDATA[844]]></id_customer>
<id_group><![CDATA[3]]></id_group>
</customer_group>
<customer_group><id_customer><![CDATA[845]]></id_customer>
<id_group><![CDATA[3]]></id_group>
</customer_group>
<customer_group><id_customer><![CDATA[846]]></id_customer>
<id_group><![CDATA[3]]></id_group>
</customer_group>
<customer_group><id_customer><![CDATA[847]]></id_customer>
<id_group><![CDATA[2]]></id_group>
</customer_group>
<customer_group><id_customer><![CDATA[848]]></id_customer>
<id_group><![CDATA[2]]></id_group>
</customer_group>
<customer_group><id_customer><![CDATA[849]]></id_customer>
<id_group><![CDATA[3]]></id_group>
</customer_group>
<customer_group><id_customer><![CDATA[850]]></id_customer>
<id_group><![CDATA[3]]></id_group>
</customer_group>
<customer_group><id_customer><![CDATA[851]]></id_customer>
<id_group><![CDATA[3]]></id_group>
</customer_group>
<customer_group><id_customer><![CDATA[852]]></id_customer>
<id_group><![CDATA[2]]></id_group>
</customer_group>
<customer_group><id_customer><![CDATA[853]]></id_customer>
<id_group><![CDATA[2]]></id_group>
</customer_group>
<customer_group><id_customer><![CDATA[854]]></id_customer>
<id_group><![CDATA[3]]></id_group>
</customer_group>
<customer_group><id_customer><![CDATA[855]]></id_customer>
<id_group><![CDATA[2]]></id_group>
</customer_group>
<customer_group><id_customer><![CDATA[856]]></id_customer>
<id_group><![CDATA[2]]></id_group>
</customer_group>
<customer_group><id_customer><![CDATA[857]]></id_customer>
<id_group><![CDATA[3]]></id_group>
</customer_group>
<customer_group><id_customer><![CDATA[858]]></id_customer>
<id_group><![CDATA[2]]></id_group>
</customer_group>
<customer_group><id_customer><![CDATA[859]]></id_customer>
<id_group><![CDATA[2]]></id_group>
</customer_group>
<customer_group><id_customer><![CDATA[860]]></id_customer>
<id_group><![CDATA[2]]></id_group>
</customer_group>
<customer_group><id_customer><![CDATA[861]]></id_customer>
<id_group><![CDATA[3]]></id_group>
</customer_group>
<customer_group><id_customer><![CDATA[862]]></id_customer>
<id_group><![CDATA[3]]></id_group>
</customer_group>
<customer_group><id_customer><![CDATA[863]]></id_customer>
<id_group><![CDATA[3]]></id_group>
</customer_group>
<customer_group><id_customer><![CDATA[864]]></id_customer>
<id_group><![CDATA[3]]></id_group>
</customer_group>
<customer_group><id_customer><![CDATA[865]]></id_customer>
<id_group><![CDATA[3]]></id_group>
</customer_group>
<customer_group><id_customer><![CDATA[866]]></id_customer>
<id_group><![CDATA[3]]></id_group>
</customer_group>
<customer_group><id_customer><![CDATA[867]]></id_customer>
<id_group><![CDATA[3]]></id_group>
</customer_group>
<customer_group><id_customer><![CDATA[868]]></id_customer>
<id_group><![CDATA[3]]></id_group>
</customer_group>
<customer_group><id_customer><![CDATA[869]]></id_customer>
<id_group><![CDATA[3]]></id_group>
</customer_group>
<customer_group><id_customer><![CDATA[870]]></id_customer>
<id_group><![CDATA[3]]></id_group>
</customer_group>
<customer_group><id_customer><![CDATA[871]]></id_customer>
<id_group><![CDATA[3]]></id_group>
</customer_group>
<customer_group><id_customer><![CDATA[872]]></id_customer>
<id_group><![CDATA[3]]></id_group>
</customer_group>
<customer_group><id_customer><![CDATA[873]]></id_customer>
<id_group><![CDATA[3]]></id_group>
</customer_group>
<customer_group><id_customer><![CDATA[874]]></id_customer>
<id_group><![CDATA[3]]></id_group>
</customer_group>
<customer_group><id_customer><![CDATA[875]]></id_customer>
<id_group><![CDATA[2]]></id_group>
</customer_group>
<customer_group><id_customer><![CDATA[876]]></id_customer>
<id_group><![CDATA[3]]></id_group>
</customer_group>
<customer_group><id_customer><![CDATA[877]]></id_customer>
<id_group><![CDATA[3]]></id_group>
</customer_group>
<customer_group><id_customer><![CDATA[878]]></id_customer>
<id_group><![CDATA[2]]></id_group>
</customer_group>
<customer_group><id_customer><![CDATA[879]]></id_customer>
<id_group><![CDATA[2]]></id_group>
</customer_group>
<customer_group><id_customer><![CDATA[880]]></id_customer>
<id_group><![CDATA[2]]></id_group>
</customer_group>
<customer_group><id_customer><![CDATA[881]]></id_customer>
<id_group><![CDATA[2]]></id_group>
</customer_group>
<customer_group><id_customer><![CDATA[882]]></id_customer>
<id_group><![CDATA[2]]></id_group>
</customer_group>
<customer_group><id_customer><![CDATA[883]]></id_customer>
<id_group><![CDATA[2]]></id_group>
</customer_group>
<customer_group><id_customer><![CDATA[884]]></id_customer>
<id_group><![CDATA[3]]></id_group>
</customer_group>
<customer_group><id_customer><![CDATA[885]]></id_customer>
<id_group><![CDATA[2]]></id_group>
</customer_group>
<customer_group><id_customer><![CDATA[886]]></id_customer>
<id_group><![CDATA[2]]></id_group>
</customer_group>
<customer_group><id_customer><![CDATA[887]]></id_customer>
<id_group><![CDATA[2]]></id_group>
</customer_group>
<customer_group><id_customer><![CDATA[888]]></id_customer>
<id_group><![CDATA[2]]></id_group>
</customer_group>
<customer_group><id_customer><![CDATA[889]]></id_customer>
<id_group><![CDATA[3]]></id_group>
</customer_group>
<customer_group><id_customer><![CDATA[890]]></id_customer>
<id_group><![CDATA[2]]></id_group>
</customer_group>
<customer_group><id_customer><![CDATA[891]]></id_customer>
<id_group><![CDATA[3]]></id_group>
</customer_group>
<customer_group><id_customer><![CDATA[892]]></id_customer>
<id_group><![CDATA[3]]></id_group>
</customer_group>
<customer_group><id_customer><![CDATA[893]]></id_customer>
<id_group><![CDATA[2]]></id_group>
</customer_group>
<customer_group><id_customer><![CDATA[894]]></id_customer>
<id_group><![CDATA[3]]></id_group>
</customer_group>
<customer_group><id_customer><![CDATA[895]]></id_customer>
<id_group><![CDATA[3]]></id_group>
</customer_group>
<customer_group><id_customer><![CDATA[896]]></id_customer>
<id_group><![CDATA[3]]></id_group>
</customer_group>
<customer_group><id_customer><![CDATA[897]]></id_customer>
<id_group><![CDATA[3]]></id_group>
</customer_group>
<customer_group><id_customer><![CDATA[898]]></id_customer>
<id_group><![CDATA[3]]></id_group>
</customer_group>
<customer_group><id_customer><![CDATA[899]]></id_customer>
<id_group><![CDATA[3]]></id_group>
</customer_group>
<customer_group><id_customer><![CDATA[900]]></id_customer>
<id_group><![CDATA[3]]></id_group>
</customer_group>
<customer_group><id_customer><![CDATA[901]]></id_customer>
<id_group><![CDATA[3]]></id_group>
</customer_group>
<customer_group><id_customer><![CDATA[902]]></id_customer>
<id_group><![CDATA[2]]></id_group>
</customer_group>
<customer_group><id_customer><![CDATA[903]]></id_customer>
<id_group><![CDATA[3]]></id_group>
</customer_group>
<customer_group><id_customer><![CDATA[904]]></id_customer>
<id_group><![CDATA[3]]></id_group>
</customer_group>
<customer_group><id_customer><![CDATA[905]]></id_customer>
<id_group><![CDATA[3]]></id_group>
</customer_group>
<customer_group><id_customer><![CDATA[906]]></id_customer>
<id_group><![CDATA[2]]></id_group>
</customer_group>
<customer_group><id_customer><![CDATA[907]]></id_customer>
<id_group><![CDATA[3]]></id_group>
</customer_group>
<customer_group><id_customer><![CDATA[908]]></id_customer>
<id_group><![CDATA[2]]></id_group>
</customer_group>
<customer_group><id_customer><![CDATA[909]]></id_customer>
<id_group><![CDATA[3]]></id_group>
</customer_group>
<customer_group><id_customer><![CDATA[910]]></id_customer>
<id_group><![CDATA[2]]></id_group>
</customer_group>
<customer_group><id_customer><![CDATA[911]]></id_customer>
<id_group><![CDATA[3]]></id_group>
</customer_group>
<customer_group><id_customer><![CDATA[912]]></id_customer>
<id_group><![CDATA[2]]></id_group>
</customer_group>
<customer_group><id_customer><![CDATA[913]]></id_customer>
<id_group><![CDATA[3]]></id_group>
</customer_group>
<customer_group><id_customer><![CDATA[914]]></id_customer>
<id_group><![CDATA[3]]></id_group>
</customer_group>
<customer_group><id_customer><![CDATA[915]]></id_customer>
<id_group><![CDATA[3]]></id_group>
</customer_group>
<customer_group><id_customer><![CDATA[916]]></id_customer>
<id_group><![CDATA[2]]></id_group>
</customer_group>
<customer_group><id_customer><![CDATA[917]]></id_customer>
<id_group><![CDATA[2]]></id_group>
</customer_group>
<customer_group><id_customer><![CDATA[918]]></id_customer>
<id_group><![CDATA[2]]></id_group>
</customer_group>
<customer_group><id_customer><![CDATA[919]]></id_customer>
<id_group><![CDATA[2]]></id_group>
</customer_group>
<customer_group><id_customer><![CDATA[920]]></id_customer>
<id_group><![CDATA[2]]></id_group>
</customer_group>
<customer_group><id_customer><![CDATA[921]]></id_customer>
<id_group><![CDATA[2]]></id_group>
</customer_group>
<customer_group><id_customer><![CDATA[922]]></id_customer>
<id_group><![CDATA[3]]></id_group>
</customer_group>
<customer_group><id_customer><![CDATA[923]]></id_customer>
<id_group><![CDATA[2]]></id_group>
</customer_group>
<customer_group><id_customer><![CDATA[924]]></id_customer>
<id_group><![CDATA[2]]></id_group>
</customer_group>
<customer_group><id_customer><![CDATA[925]]></id_customer>
<id_group><![CDATA[3]]></id_group>
</customer_group>
<customer_group><id_customer><![CDATA[926]]></id_customer>
<id_group><![CDATA[3]]></id_group>
</customer_group>
<customer_group><id_customer><![CDATA[927]]></id_customer>
<id_group><![CDATA[2]]></id_group>
</customer_group>
<customer_group><id_customer><![CDATA[928]]></id_customer>
<id_group><![CDATA[2]]></id_group>
</customer_group>
<customer_group><id_customer><![CDATA[929]]></id_customer>
<id_group><![CDATA[2]]></id_group>
</customer_group>
<customer_group><id_customer><![CDATA[930]]></id_customer>
<id_group><![CDATA[2]]></id_group>
</customer_group>
<customer_group><id_customer><![CDATA[931]]></id_customer>
<id_group><![CDATA[3]]></id_group>
</customer_group>
<customer_group><id_customer><![CDATA[932]]></id_customer>
<id_group><![CDATA[3]]></id_group>
</customer_group>
<customer_group><id_customer><![CDATA[933]]></id_customer>
<id_group><![CDATA[3]]></id_group>
</customer_group>
<customer_group><id_customer><![CDATA[934]]></id_customer>
<id_group><![CDATA[3]]></id_group>
</customer_group>
<customer_group><id_customer><![CDATA[935]]></id_customer>
<id_group><![CDATA[3]]></id_group>
</customer_group>
<customer_group><id_customer><![CDATA[936]]></id_customer>
<id_group><![CDATA[3]]></id_group>
</customer_group>
<customer_group><id_customer><![CDATA[937]]></id_customer>
<id_group><![CDATA[2]]></id_group>
</customer_group>
<customer_group><id_customer><![CDATA[938]]></id_customer>
<id_group><![CDATA[2]]></id_group>
</customer_group>
<customer_group><id_customer><![CDATA[939]]></id_customer>
<id_group><![CDATA[3]]></id_group>
</customer_group>
<customer_group><id_customer><![CDATA[940]]></id_customer>
<id_group><![CDATA[3]]></id_group>
</customer_group>
<customer_group><id_customer><![CDATA[941]]></id_customer>
<id_group><![CDATA[3]]></id_group>
</customer_group>
<customer_group><id_customer><![CDATA[942]]></id_customer>
<id_group><![CDATA[2]]></id_group>
</customer_group>
<customer_group><id_customer><![CDATA[943]]></id_customer>
<id_group><![CDATA[3]]></id_group>
</customer_group>
<customer_group><id_customer><![CDATA[944]]></id_customer>
<id_group><![CDATA[2]]></id_group>
</customer_group>
<customer_group><id_customer><![CDATA[945]]></id_customer>
<id_group><![CDATA[2]]></id_group>
</customer_group>
<customer_group><id_customer><![CDATA[946]]></id_customer>
<id_group><![CDATA[3]]></id_group>
</customer_group>
<customer_group><id_customer><![CDATA[947]]></id_customer>
<id_group><![CDATA[3]]></id_group>
</customer_group>
<customer_group><id_customer><![CDATA[948]]></id_customer>
<id_group><![CDATA[3]]></id_group>
</customer_group>
<customer_group><id_customer><![CDATA[949]]></id_customer>
<id_group><![CDATA[2]]></id_group>
</customer_group>
<customer_group><id_customer><![CDATA[950]]></id_customer>
<id_group><![CDATA[3]]></id_group>
</customer_group>
<customer_group><id_customer><![CDATA[951]]></id_customer>
<id_group><![CDATA[2]]></id_group>
</customer_group>
<customer_group><id_customer><![CDATA[952]]></id_customer>
<id_group><![CDATA[3]]></id_group>
</customer_group>
<customer_group><id_customer><![CDATA[953]]></id_customer>
<id_group><![CDATA[2]]></id_group>
</customer_group>
<customer_group><id_customer><![CDATA[954]]></id_customer>
<id_group><![CDATA[3]]></id_group>
</customer_group>
<customer_group><id_customer><![CDATA[955]]></id_customer>
<id_group><![CDATA[3]]></id_group>
</customer_group>
<customer_group><id_customer><![CDATA[956]]></id_customer>
<id_group><![CDATA[3]]></id_group>
</customer_group>
<customer_group><id_customer><![CDATA[957]]></id_customer>
<id_group><![CDATA[3]]></id_group>
</customer_group>
<customer_group><id_customer><![CDATA[958]]></id_customer>
<id_group><![CDATA[2]]></id_group>
</customer_group>
<customer_group><id_customer><![CDATA[959]]></id_customer>
<id_group><![CDATA[3]]></id_group>
</customer_group>
<customer_group><id_customer><![CDATA[960]]></id_customer>
<id_group><![CDATA[3]]></id_group>
</customer_group>
<customer_group><id_customer><![CDATA[961]]></id_customer>
<id_group><![CDATA[3]]></id_group>
</customer_group>
<customer_group><id_customer><![CDATA[962]]></id_customer>
<id_group><![CDATA[3]]></id_group>
</customer_group>
<customer_group><id_customer><![CDATA[963]]></id_customer>
<id_group><![CDATA[2]]></id_group>
</customer_group>
<customer_group><id_customer><![CDATA[964]]></id_customer>
<id_group><![CDATA[3]]></id_group>
</customer_group>
<customer_group><id_customer><![CDATA[965]]></id_customer>
<id_group><![CDATA[3]]></id_group>
</customer_group>
<customer_group><id_customer><![CDATA[966]]></id_customer>
<id_group><![CDATA[2]]></id_group>
</customer_group>
<customer_group><id_customer><![CDATA[967]]></id_customer>
<id_group><![CDATA[2]]></id_group>
</customer_group>
<customer_group><id_customer><![CDATA[968]]></id_customer>
<id_group><![CDATA[2]]></id_group>
</customer_group>
<customer_group><id_customer><![CDATA[969]]></id_customer>
<id_group><![CDATA[2]]></id_group>
</customer_group>
<customer_group><id_customer><![CDATA[970]]></id_customer>
<id_group><![CDATA[3]]></id_group>
</customer_group>
<customer_group><id_customer><![CDATA[971]]></id_customer>
<id_group><![CDATA[3]]></id_group>
</customer_group>
<customer_group><id_customer><![CDATA[972]]></id_customer>
<id_group><![CDATA[3]]></id_group>
</customer_group>
<customer_group><id_customer><![CDATA[973]]></id_customer>
<id_group><![CDATA[3]]></id_group>
</customer_group>
<customer_group><id_customer><![CDATA[974]]></id_customer>
<id_group><![CDATA[2]]></id_group>
</customer_group>
<customer_group><id_customer><![CDATA[975]]></id_customer>
<id_group><![CDATA[3]]></id_group>
</customer_group>
<customer_group><id_customer><![CDATA[976]]></id_customer>
<id_group><![CDATA[2]]></id_group>
</customer_group>
<customer_group><id_customer><![CDATA[977]]></id_customer>
<id_group><![CDATA[2]]></id_group>
</customer_group>
<customer_group><id_customer><![CDATA[978]]></id_customer>
<id_group><![CDATA[2]]></id_group>
</customer_group>
<customer_group><id_customer><![CDATA[979]]></id_customer>
<id_group><![CDATA[2]]></id_group>
</customer_group>
<customer_group><id_customer><![CDATA[980]]></id_customer>
<id_group><![CDATA[3]]></id_group>
</customer_group>
<customer_group><id_customer><![CDATA[981]]></id_customer>
<id_group><![CDATA[3]]></id_group>
</customer_group>
<customer_group><id_customer><![CDATA[982]]></id_customer>
<id_group><![CDATA[2]]></id_group>
</customer_group>
<customer_group><id_customer><![CDATA[983]]></id_customer>
<id_group><![CDATA[3]]></id_group>
</customer_group>
<customer_group><id_customer><![CDATA[984]]></id_customer>
<id_group><![CDATA[3]]></id_group>
</customer_group>
<customer_group><id_customer><![CDATA[985]]></id_customer>
<id_group><![CDATA[2]]></id_group>
</customer_group>
<customer_group><id_customer><![CDATA[986]]></id_customer>
<id_group><![CDATA[3]]></id_group>
</customer_group>
<customer_group><id_customer><![CDATA[987]]></id_customer>
<id_group><![CDATA[3]]></id_group>
</customer_group>
<customer_group><id_customer><![CDATA[988]]></id_customer>
<id_group><![CDATA[3]]></id_group>
</customer_group>
<customer_group><id_customer><![CDATA[989]]></id_customer>
<id_group><![CDATA[3]]></id_group>
</customer_group>
<customer_group><id_customer><![CDATA[990]]></id_customer>
<id_group><![CDATA[3]]></id_group>
</customer_group>
<customer_group><id_customer><![CDATA[991]]></id_customer>
<id_group><![CDATA[2]]></id_group>
</customer_group>
<customer_group><id_customer><![CDATA[992]]></id_customer>
<id_group><![CDATA[3]]></id_group>
</customer_group>
<customer_group><id_customer><![CDATA[993]]></id_customer>
<id_group><![CDATA[2]]></id_group>
</customer_group>
<customer_group><id_customer><![CDATA[994]]></id_customer>
<id_group><![CDATA[3]]></id_group>
</customer_group>
<customer_group><id_customer><![CDATA[995]]></id_customer>
<id_group><![CDATA[3]]></id_group>
</customer_group>
</entity_profile>
