<?xml version="1.0" encoding="UTF-8"?>
<entity_profile>
<domain>koalabay.com</domain>
<pres_version>1.6.0.14</pres_version>
<cookie_key>hhhdakOYt4J2VM2IJuHWO0zpsUmOQBLDzXoOxLhtBygBkU2woVCsYeNJ</cookie_key>
<link_site>https://koalabay.com/</link_site>
<countlang>5</countlang>
<countcurrency>1</countcurrency>
<countzone>21</countzone>
<countcountry>244</countcountry>
<countstate>787</countstate>
<countcustomer>4820</countcustomer>
<countgroup>4</countgroup>
<countaddress>5053</countaddress>
<count_category_group_customer>1398</count_category_group_customer><counttotalcustomer>11275</counttotalcustomer>
<countorder>3302</countorder>
<countorderstate>27</countorderstate>
<countcart>21727</countcart>
<countorderdetail>5735</countorderdetail>
<countorderinvoice>3212</countorderinvoice>
<countorderdetailtax>5715</countorderdetailtax>
<countorderinvoicepayment>3212</countorderinvoicepayment>
<countorderinvoicetax>3184</countorderinvoicetax>
<countorderslip>4</countorderslip>
<countordercarrier>3304</countordercarrier>
<countordercartrule>375</countordercartrule>
<countorderhistory>14323</countorderhistory>
<countordermessage>4</countordermessage>
<countorderpayment>3213</countorderpayment>
<countorderreturn>55</countorderreturn>
<countmessage>2232</countmessage>
<totalitem>69846</totalitem>
<exporteddata>customers,orders</exporteddata>
</entity_profile>
