<?xml version="1.0" encoding="UTF-8"?>
<entity_profile>
<employee><id_employee><![CDATA[1]]></id_employee>
<lastname><![CDATA[Acevedo]]></lastname>
<firstname><![CDATA[Juan Enrique]]></firstname>
<email><![CDATA[amk@amk.es]]></email>
<id_lang><![CDATA[1]]></id_lang>
<passwd><![CDATA[d6663d79a89d6c1819db352bf7e90df4]]></passwd>
<last_passwd_gen><![CDATA[2015-04-22 07:50:09]]></last_passwd_gen>
<active><![CDATA[0]]></active>
<optin><![CDATA[0]]></optin>
<id_profile><![CDATA[1]]></id_profile>
<bo_color><![CDATA[]]></bo_color>
<default_tab><![CDATA[1]]></default_tab>
<bo_theme><![CDATA[default]]></bo_theme>
<bo_css><![CDATA[admin-theme.css]]></bo_css>
<bo_width><![CDATA[0]]></bo_width>
<bo_menu><![CDATA[1]]></bo_menu>
<stats_date_from><![CDATA[2016-06-01]]></stats_date_from>
<stats_date_to><![CDATA[2016-06-30]]></stats_date_to>
<stats_compare_from><![CDATA[0000-00-00]]></stats_compare_from>
<stats_compare_to><![CDATA[0000-00-00]]></stats_compare_to>
<stats_compare_option><![CDATA[1]]></stats_compare_option>
<preselect_date_range><![CDATA[day]]></preselect_date_range>
<id_last_order><![CDATA[1227]]></id_last_order>
<id_last_customer_message><![CDATA[369]]></id_last_customer_message>
<id_last_customer><![CDATA[1838]]></id_last_customer>
<datashop id_shop="1"></datashop>
</employee>
<employee><id_employee><![CDATA[2]]></id_employee>
<lastname><![CDATA[desarrollo]]></lastname>
<firstname><![CDATA[desarrollo]]></firstname>
<email><![CDATA[jcflores@amk.es]]></email>
<id_lang><![CDATA[1]]></id_lang>
<passwd><![CDATA[d6663d79a89d6c1819db352bf7e90df4]]></passwd>
<last_passwd_gen><![CDATA[2015-07-14 05:36:05]]></last_passwd_gen>
<active><![CDATA[0]]></active>
<optin><![CDATA[1]]></optin>
<id_profile><![CDATA[1]]></id_profile>
<bo_color><![CDATA[]]></bo_color>
<default_tab><![CDATA[1]]></default_tab>
<bo_theme><![CDATA[default]]></bo_theme>
<bo_css><![CDATA[admin-theme.css]]></bo_css>
<bo_width><![CDATA[0]]></bo_width>
<bo_menu><![CDATA[1]]></bo_menu>
<stats_date_from><![CDATA[2015-08-01]]></stats_date_from>
<stats_date_to><![CDATA[2015-08-31]]></stats_date_to>
<stats_compare_from><![CDATA[0000-00-00]]></stats_compare_from>
<stats_compare_to><![CDATA[0000-00-00]]></stats_compare_to>
<stats_compare_option><![CDATA[1]]></stats_compare_option>
<preselect_date_range><![CDATA[]]></preselect_date_range>
<id_last_order><![CDATA[98]]></id_last_order>
<id_last_customer_message><![CDATA[23]]></id_last_customer_message>
<id_last_customer><![CDATA[103]]></id_last_customer>
<datashop id_shop="1"></datashop>
</employee>
<employee><id_employee><![CDATA[3]]></id_employee>
<lastname><![CDATA[Portolés]]></lastname>
<firstname><![CDATA[Patricia]]></firstname>
<email><![CDATA[p.portoles@koalabay.es]]></email>
<id_lang><![CDATA[1]]></id_lang>
<passwd><![CDATA[7cddd4aba111b181bd31529e8b0eaf67]]></passwd>
<last_passwd_gen><![CDATA[2015-08-20 12:12:45]]></last_passwd_gen>
<active><![CDATA[0]]></active>
<optin><![CDATA[1]]></optin>
<id_profile><![CDATA[1]]></id_profile>
<bo_color><![CDATA[]]></bo_color>
<default_tab><![CDATA[1]]></default_tab>
<bo_theme><![CDATA[default]]></bo_theme>
<bo_css><![CDATA[admin-theme.css]]></bo_css>
<bo_width><![CDATA[0]]></bo_width>
<bo_menu><![CDATA[1]]></bo_menu>
<stats_date_from><![CDATA[2015-07-20]]></stats_date_from>
<stats_date_to><![CDATA[2015-10-22]]></stats_date_to>
<stats_compare_from><![CDATA[0000-00-00]]></stats_compare_from>
<stats_compare_to><![CDATA[0000-00-00]]></stats_compare_to>
<stats_compare_option><![CDATA[1]]></stats_compare_option>
<preselect_date_range><![CDATA[year]]></preselect_date_range>
<id_last_order><![CDATA[695]]></id_last_order>
<id_last_customer_message><![CDATA[133]]></id_last_customer_message>
<id_last_customer><![CDATA[972]]></id_last_customer>
<datashop id_shop="1"></datashop>
</employee>
<employee><id_employee><![CDATA[4]]></id_employee>
<lastname><![CDATA[López]]></lastname>
<firstname><![CDATA[Iván]]></firstname>
<email><![CDATA[i.lopez@koalabay.com]]></email>
<id_lang><![CDATA[1]]></id_lang>
<passwd><![CDATA[96c19b772744fb26ef7ae6bee56d6367]]></passwd>
<last_passwd_gen><![CDATA[2016-02-15 07:11:52]]></last_passwd_gen>
<active><![CDATA[0]]></active>
<optin><![CDATA[1]]></optin>
<id_profile><![CDATA[5]]></id_profile>
<bo_color><![CDATA[]]></bo_color>
<default_tab><![CDATA[1]]></default_tab>
<bo_theme><![CDATA[default]]></bo_theme>
<bo_css><![CDATA[admin-theme.css]]></bo_css>
<bo_width><![CDATA[0]]></bo_width>
<bo_menu><![CDATA[1]]></bo_menu>
<stats_date_from><![CDATA[2016-01-01]]></stats_date_from>
<stats_date_to><![CDATA[2016-12-31]]></stats_date_to>
<stats_compare_from><![CDATA[0000-00-00]]></stats_compare_from>
<stats_compare_to><![CDATA[0000-00-00]]></stats_compare_to>
<stats_compare_option><![CDATA[1]]></stats_compare_option>
<preselect_date_range><![CDATA[prev-month]]></preselect_date_range>
<id_last_order><![CDATA[1267]]></id_last_order>
<id_last_customer_message><![CDATA[382]]></id_last_customer_message>
<id_last_customer><![CDATA[1889]]></id_last_customer>
<datashop id_shop="1"></datashop>
</employee>
<employee><id_employee><![CDATA[5]]></id_employee>
<lastname><![CDATA[Poveda]]></lastname>
<firstname><![CDATA[Ernesto]]></firstname>
<email><![CDATA[e.poveda@koalabay.es]]></email>
<id_lang><![CDATA[1]]></id_lang>
<passwd><![CDATA[b4f09ce01b7addff63d7b0d9437e2490]]></passwd>
<last_passwd_gen><![CDATA[2016-06-16 05:34:55]]></last_passwd_gen>
<active><![CDATA[1]]></active>
<optin><![CDATA[1]]></optin>
<id_profile><![CDATA[1]]></id_profile>
<bo_color><![CDATA[]]></bo_color>
<default_tab><![CDATA[1]]></default_tab>
<bo_theme><![CDATA[default]]></bo_theme>
<bo_css><![CDATA[admin-theme.css]]></bo_css>
<bo_width><![CDATA[0]]></bo_width>
<bo_menu><![CDATA[1]]></bo_menu>
<stats_date_from><![CDATA[2018-04-01]]></stats_date_from>
<stats_date_to><![CDATA[2018-04-11]]></stats_date_to>
<stats_compare_from><![CDATA[0000-00-00]]></stats_compare_from>
<stats_compare_to><![CDATA[0000-00-00]]></stats_compare_to>
<stats_compare_option><![CDATA[1]]></stats_compare_option>
<preselect_date_range><![CDATA[month]]></preselect_date_range>
<id_last_order><![CDATA[2289]]></id_last_order>
<id_last_customer_message><![CDATA[1666]]></id_last_customer_message>
<id_last_customer><![CDATA[3451]]></id_last_customer>
<datashop id_shop="1"></datashop>
</employee>
<employee><id_employee><![CDATA[6]]></id_employee>
<lastname><![CDATA[Molina]]></lastname>
<firstname><![CDATA[Miguel]]></firstname>
<email><![CDATA[m.molina@koalabay.es]]></email>
<id_lang><![CDATA[1]]></id_lang>
<passwd><![CDATA[1be72b92ee272585ac783c0268f373d8]]></passwd>
<last_passwd_gen><![CDATA[2016-06-22 10:59:40]]></last_passwd_gen>
<active><![CDATA[0]]></active>
<optin><![CDATA[1]]></optin>
<id_profile><![CDATA[1]]></id_profile>
<bo_color><![CDATA[]]></bo_color>
<default_tab><![CDATA[1]]></default_tab>
<bo_theme><![CDATA[default]]></bo_theme>
<bo_css><![CDATA[admin-theme.css]]></bo_css>
<bo_width><![CDATA[0]]></bo_width>
<bo_menu><![CDATA[1]]></bo_menu>
<stats_date_from><![CDATA[2016-12-01]]></stats_date_from>
<stats_date_to><![CDATA[2016-12-07]]></stats_date_to>
<stats_compare_from><![CDATA[2015-12-01]]></stats_compare_from>
<stats_compare_to><![CDATA[2015-12-31]]></stats_compare_to>
<stats_compare_option><![CDATA[3]]></stats_compare_option>
<preselect_date_range><![CDATA[prev-year]]></preselect_date_range>
<id_last_order><![CDATA[712]]></id_last_order>
<id_last_customer_message><![CDATA[135]]></id_last_customer_message>
<id_last_customer><![CDATA[1000]]></id_last_customer>
<datashop id_shop="1"></datashop>
</employee>
<employee><id_employee><![CDATA[8]]></id_employee>
<lastname><![CDATA[Martin Barroso]]></lastname>
<firstname><![CDATA[Jesus]]></firstname>
<email><![CDATA[Jesus.MartinBarroso@santanderelavontpvvirtual.es]]></email>
<id_lang><![CDATA[1]]></id_lang>
<passwd><![CDATA[91545403504f7f7bd01f40c7f9e0bde5]]></passwd>
<last_passwd_gen><![CDATA[2016-10-14 04:47:11]]></last_passwd_gen>
<active><![CDATA[0]]></active>
<optin><![CDATA[1]]></optin>
<id_profile><![CDATA[1]]></id_profile>
<bo_color><![CDATA[]]></bo_color>
<default_tab><![CDATA[1]]></default_tab>
<bo_theme><![CDATA[default]]></bo_theme>
<bo_css><![CDATA[admin-theme.css]]></bo_css>
<bo_width><![CDATA[0]]></bo_width>
<bo_menu><![CDATA[1]]></bo_menu>
<stats_date_from><![CDATA[2016-09-14]]></stats_date_from>
<stats_date_to><![CDATA[2016-10-14]]></stats_date_to>
<stats_compare_from><![CDATA[0000-00-00]]></stats_compare_from>
<stats_compare_to><![CDATA[0000-00-00]]></stats_compare_to>
<stats_compare_option><![CDATA[1]]></stats_compare_option>
<preselect_date_range><![CDATA[]]></preselect_date_range>
<id_last_order><![CDATA[680]]></id_last_order>
<id_last_customer_message><![CDATA[129]]></id_last_customer_message>
<id_last_customer><![CDATA[957]]></id_last_customer>
<datashop id_shop="1"></datashop>
</employee>
<employee><id_employee><![CDATA[9]]></id_employee>
<lastname><![CDATA[Coccinet]]></lastname>
<firstname><![CDATA[Coccinet]]></firstname>
<email><![CDATA[maxence@coccinet.com]]></email>
<id_lang><![CDATA[2]]></id_lang>
<passwd><![CDATA[6b979744aff89e21c1091e495d56a022]]></passwd>
<last_passwd_gen><![CDATA[2016-11-15 12:09:19]]></last_passwd_gen>
<active><![CDATA[0]]></active>
<optin><![CDATA[1]]></optin>
<id_profile><![CDATA[1]]></id_profile>
<bo_color><![CDATA[]]></bo_color>
<default_tab><![CDATA[1]]></default_tab>
<bo_theme><![CDATA[default]]></bo_theme>
<bo_css><![CDATA[admin-theme.css]]></bo_css>
<bo_width><![CDATA[0]]></bo_width>
<bo_menu><![CDATA[1]]></bo_menu>
<stats_date_from><![CDATA[2016-10-15]]></stats_date_from>
<stats_date_to><![CDATA[2016-11-15]]></stats_date_to>
<stats_compare_from><![CDATA[0000-00-00]]></stats_compare_from>
<stats_compare_to><![CDATA[0000-00-00]]></stats_compare_to>
<stats_compare_option><![CDATA[1]]></stats_compare_option>
<preselect_date_range><![CDATA[]]></preselect_date_range>
<id_last_order><![CDATA[700]]></id_last_order>
<id_last_customer_message><![CDATA[133]]></id_last_customer_message>
<id_last_customer><![CDATA[982]]></id_last_customer>
<datashop id_shop="1"></datashop>
</employee>
<employee><id_employee><![CDATA[10]]></id_employee>
<lastname><![CDATA[Rico Madrid]]></lastname>
<firstname><![CDATA[Mariano]]></firstname>
<email><![CDATA[m.rico@koalabay.es]]></email>
<id_lang><![CDATA[1]]></id_lang>
<passwd><![CDATA[dd894fdfd44cd05af1dbff160de21376]]></passwd>
<last_passwd_gen><![CDATA[2017-03-16 09:48:11]]></last_passwd_gen>
<active><![CDATA[1]]></active>
<optin><![CDATA[1]]></optin>
<id_profile><![CDATA[1]]></id_profile>
<bo_color><![CDATA[]]></bo_color>
<default_tab><![CDATA[1]]></default_tab>
<bo_theme><![CDATA[default]]></bo_theme>
<bo_css><![CDATA[schemes/admin-theme-blue.css]]></bo_css>
<bo_width><![CDATA[0]]></bo_width>
<bo_menu><![CDATA[1]]></bo_menu>
<stats_date_from><![CDATA[2017-07-01]]></stats_date_from>
<stats_date_to><![CDATA[2017-07-31]]></stats_date_to>
<stats_compare_from><![CDATA[0000-00-00]]></stats_compare_from>
<stats_compare_to><![CDATA[0000-00-00]]></stats_compare_to>
<stats_compare_option><![CDATA[1]]></stats_compare_option>
<preselect_date_range><![CDATA[]]></preselect_date_range>
<id_last_order><![CDATA[871]]></id_last_order>
<id_last_customer_message><![CDATA[159]]></id_last_customer_message>
<id_last_customer><![CDATA[1242]]></id_last_customer>
<datashop id_shop="1"></datashop>
</employee>
<employee><id_employee><![CDATA[11]]></id_employee>
<lastname><![CDATA[Orruño]]></lastname>
<firstname><![CDATA[Victoria]]></firstname>
<email><![CDATA[v.orruno@koalabay.es]]></email>
<id_lang><![CDATA[1]]></id_lang>
<passwd><![CDATA[5d45af693915526cb3e20456bc5b94b1]]></passwd>
<last_passwd_gen><![CDATA[2018-12-24 10:26:07]]></last_passwd_gen>
<active><![CDATA[0]]></active>
<optin><![CDATA[1]]></optin>
<id_profile><![CDATA[1]]></id_profile>
<bo_color><![CDATA[]]></bo_color>
<default_tab><![CDATA[1]]></default_tab>
<bo_theme><![CDATA[default]]></bo_theme>
<bo_css><![CDATA[admin-theme.css]]></bo_css>
<bo_width><![CDATA[0]]></bo_width>
<bo_menu><![CDATA[1]]></bo_menu>
<stats_date_from><![CDATA[2018-10-01]]></stats_date_from>
<stats_date_to><![CDATA[2018-10-15]]></stats_date_to>
<stats_compare_from><![CDATA[0000-00-00]]></stats_compare_from>
<stats_compare_to><![CDATA[0000-00-00]]></stats_compare_to>
<stats_compare_option><![CDATA[1]]></stats_compare_option>
<preselect_date_range><![CDATA[month]]></preselect_date_range>
<id_last_order><![CDATA[2176]]></id_last_order>
<id_last_customer_message><![CDATA[1191]]></id_last_customer_message>
<id_last_customer><![CDATA[3253]]></id_last_customer>
<datashop id_shop="1"></datashop>
</employee>
<employee><id_employee><![CDATA[12]]></id_employee>
<lastname><![CDATA[Botia]]></lastname>
<firstname><![CDATA[Naiara]]></firstname>
<email><![CDATA[n.botia@koalabay.es]]></email>
<id_lang><![CDATA[1]]></id_lang>
<passwd><![CDATA[85d10a43e7314e9ee78c8c0bc47f7024]]></passwd>
<last_passwd_gen><![CDATA[2017-07-03 11:01:17]]></last_passwd_gen>
<active><![CDATA[0]]></active>
<optin><![CDATA[1]]></optin>
<id_profile><![CDATA[1]]></id_profile>
<bo_color><![CDATA[]]></bo_color>
<default_tab><![CDATA[1]]></default_tab>
<bo_theme><![CDATA[default]]></bo_theme>
<bo_css><![CDATA[admin-theme.css]]></bo_css>
<bo_width><![CDATA[0]]></bo_width>
<bo_menu><![CDATA[1]]></bo_menu>
<stats_date_from><![CDATA[2019-09-16]]></stats_date_from>
<stats_date_to><![CDATA[2019-09-22]]></stats_date_to>
<stats_compare_from><![CDATA[0000-00-00]]></stats_compare_from>
<stats_compare_to><![CDATA[0000-00-00]]></stats_compare_to>
<stats_compare_option><![CDATA[1]]></stats_compare_option>
<preselect_date_range><![CDATA[]]></preselect_date_range>
<id_last_order><![CDATA[3209]]></id_last_order>
<id_last_customer_message><![CDATA[2259]]></id_last_customer_message>
<id_last_customer><![CDATA[4669]]></id_last_customer>
<datashop id_shop="1"></datashop>
</employee>
<employee><id_employee><![CDATA[13]]></id_employee>
<lastname><![CDATA[Gonzalez]]></lastname>
<firstname><![CDATA[Alejandro]]></firstname>
<email><![CDATA[a.gonzalez@koalabay.es]]></email>
<id_lang><![CDATA[1]]></id_lang>
<passwd><![CDATA[34e5417ea74096c3412878b97f23d46b]]></passwd>
<last_passwd_gen><![CDATA[2017-07-03 11:04:10]]></last_passwd_gen>
<active><![CDATA[0]]></active>
<optin><![CDATA[1]]></optin>
<id_profile><![CDATA[1]]></id_profile>
<bo_color><![CDATA[]]></bo_color>
<default_tab><![CDATA[1]]></default_tab>
<bo_theme><![CDATA[default]]></bo_theme>
<bo_css><![CDATA[admin-theme.css]]></bo_css>
<bo_width><![CDATA[0]]></bo_width>
<bo_menu><![CDATA[1]]></bo_menu>
<stats_date_from><![CDATA[2019-08-19]]></stats_date_from>
<stats_date_to><![CDATA[2019-09-16]]></stats_date_to>
<stats_compare_from><![CDATA[0000-00-00]]></stats_compare_from>
<stats_compare_to><![CDATA[0000-00-00]]></stats_compare_to>
<stats_compare_option><![CDATA[1]]></stats_compare_option>
<preselect_date_range><![CDATA[]]></preselect_date_range>
<id_last_order><![CDATA[3249]]></id_last_order>
<id_last_customer_message><![CDATA[2313]]></id_last_customer_message>
<id_last_customer><![CDATA[4735]]></id_last_customer>
<datashop id_shop="1"></datashop>
</employee>
<employee><id_employee><![CDATA[14]]></id_employee>
<lastname><![CDATA[Gómez]]></lastname>
<firstname><![CDATA[David]]></firstname>
<email><![CDATA[support@2bedigital.com]]></email>
<id_lang><![CDATA[1]]></id_lang>
<passwd><![CDATA[5fb0fa1fa6f5ded980c04c2388ff52c0]]></passwd>
<last_passwd_gen><![CDATA[2018-02-07 06:48:56]]></last_passwd_gen>
<active><![CDATA[0]]></active>
<optin><![CDATA[1]]></optin>
<id_profile><![CDATA[5]]></id_profile>
<bo_color><![CDATA[]]></bo_color>
<default_tab><![CDATA[1]]></default_tab>
<bo_theme><![CDATA[default]]></bo_theme>
<bo_css><![CDATA[admin-theme.css]]></bo_css>
<bo_width><![CDATA[0]]></bo_width>
<bo_menu><![CDATA[1]]></bo_menu>
<stats_date_from><![CDATA[2018-03-01]]></stats_date_from>
<stats_date_to><![CDATA[2018-10-31]]></stats_date_to>
<stats_compare_from><![CDATA[0000-00-00]]></stats_compare_from>
<stats_compare_to><![CDATA[0000-00-00]]></stats_compare_to>
<stats_compare_option><![CDATA[1]]></stats_compare_option>
<preselect_date_range><![CDATA[month]]></preselect_date_range>
<id_last_order><![CDATA[1240]]></id_last_order>
<id_last_customer_message><![CDATA[583]]></id_last_customer_message>
<id_last_customer><![CDATA[2371]]></id_last_customer>
<datashop id_shop="1"></datashop>
</employee>
<employee><id_employee><![CDATA[15]]></id_employee>
<lastname><![CDATA[Salguero]]></lastname>
<firstname><![CDATA[Félix]]></firstname>
<email><![CDATA[f.salguero@koalabay.es]]></email>
<id_lang><![CDATA[1]]></id_lang>
<passwd><![CDATA[cfd307986f8850866d1f8f561c170737]]></passwd>
<last_passwd_gen><![CDATA[2019-03-11 11:51:03]]></last_passwd_gen>
<active><![CDATA[0]]></active>
<optin><![CDATA[1]]></optin>
<id_profile><![CDATA[1]]></id_profile>
<bo_color><![CDATA[]]></bo_color>
<default_tab><![CDATA[1]]></default_tab>
<bo_theme><![CDATA[default]]></bo_theme>
<bo_css><![CDATA[admin-theme.css]]></bo_css>
<bo_width><![CDATA[0]]></bo_width>
<bo_menu><![CDATA[1]]></bo_menu>
<stats_date_from><![CDATA[2018-08-01]]></stats_date_from>
<stats_date_to><![CDATA[2018-08-11]]></stats_date_to>
<stats_compare_from><![CDATA[0000-00-00]]></stats_compare_from>
<stats_compare_to><![CDATA[0000-00-00]]></stats_compare_to>
<stats_compare_option><![CDATA[1]]></stats_compare_option>
<preselect_date_range><![CDATA[]]></preselect_date_range>
<id_last_order><![CDATA[3194]]></id_last_order>
<id_last_customer_message><![CDATA[2243]]></id_last_customer_message>
<id_last_customer><![CDATA[4645]]></id_last_customer>
<datashop id_shop="1"></datashop>
</employee>
<employee><id_employee><![CDATA[16]]></id_employee>
<lastname><![CDATA[Humanos]]></lastname>
<firstname><![CDATA[Recursos]]></firstname>
<email><![CDATA[rrhh@koalabay.es]]></email>
<id_lang><![CDATA[1]]></id_lang>
<passwd><![CDATA[d80a4b56f608db1d3ff684599a690a4c]]></passwd>
<last_passwd_gen><![CDATA[2019-01-29 03:25:38]]></last_passwd_gen>
<active><![CDATA[1]]></active>
<optin><![CDATA[1]]></optin>
<id_profile><![CDATA[6]]></id_profile>
<bo_color><![CDATA[]]></bo_color>
<default_tab><![CDATA[1]]></default_tab>
<bo_theme><![CDATA[default]]></bo_theme>
<bo_css><![CDATA[admin-theme.css]]></bo_css>
<bo_width><![CDATA[0]]></bo_width>
<bo_menu><![CDATA[1]]></bo_menu>
<stats_date_from><![CDATA[2018-12-29]]></stats_date_from>
<stats_date_to><![CDATA[2019-01-29]]></stats_date_to>
<stats_compare_from><![CDATA[0000-00-00]]></stats_compare_from>
<stats_compare_to><![CDATA[0000-00-00]]></stats_compare_to>
<stats_compare_option><![CDATA[1]]></stats_compare_option>
<preselect_date_range><![CDATA[]]></preselect_date_range>
<id_last_order><![CDATA[2198]]></id_last_order>
<id_last_customer_message><![CDATA[1523]]></id_last_customer_message>
<id_last_customer><![CDATA[3313]]></id_last_customer>
<datashop id_shop="1"></datashop>
</employee>
<employee><id_employee><![CDATA[17]]></id_employee>
<lastname><![CDATA[Dropalia]]></lastname>
<firstname><![CDATA[Dropalia]]></firstname>
<email><![CDATA[emilio@dropalia.com]]></email>
<id_lang><![CDATA[1]]></id_lang>
<passwd><![CDATA[aeb30da8d4cefb33eca6a2949f40fcdc]]></passwd>
<last_passwd_gen><![CDATA[2019-04-26 09:30:39]]></last_passwd_gen>
<active><![CDATA[1]]></active>
<optin><![CDATA[1]]></optin>
<id_profile><![CDATA[1]]></id_profile>
<bo_color><![CDATA[]]></bo_color>
<default_tab><![CDATA[1]]></default_tab>
<bo_theme><![CDATA[default]]></bo_theme>
<bo_css><![CDATA[admin-theme.css]]></bo_css>
<bo_width><![CDATA[0]]></bo_width>
<bo_menu><![CDATA[1]]></bo_menu>
<stats_date_from><![CDATA[2019-01-01]]></stats_date_from>
<stats_date_to><![CDATA[2019-05-14]]></stats_date_to>
<stats_compare_from><![CDATA[0000-00-00]]></stats_compare_from>
<stats_compare_to><![CDATA[0000-00-00]]></stats_compare_to>
<stats_compare_option><![CDATA[1]]></stats_compare_option>
<preselect_date_range><![CDATA[year]]></preselect_date_range>
<id_last_order><![CDATA[2328]]></id_last_order>
<id_last_customer_message><![CDATA[1677]]></id_last_customer_message>
<id_last_customer><![CDATA[3503]]></id_last_customer>
<datashop id_shop="1"></datashop>
</employee>
<employee><id_employee><![CDATA[18]]></id_employee>
<lastname><![CDATA[Mompo]]></lastname>
<firstname><![CDATA[Chelo]]></firstname>
<email><![CDATA[c.mompo@koalabay.es]]></email>
<id_lang><![CDATA[1]]></id_lang>
<passwd><![CDATA[4b9caea5edb1bf11a9f86cc3a0fd3500]]></passwd>
<last_passwd_gen><![CDATA[2019-07-03 12:45:45]]></last_passwd_gen>
<active><![CDATA[1]]></active>
<optin><![CDATA[1]]></optin>
<id_profile><![CDATA[1]]></id_profile>
<bo_color><![CDATA[]]></bo_color>
<default_tab><![CDATA[1]]></default_tab>
<bo_theme><![CDATA[default]]></bo_theme>
<bo_css><![CDATA[admin-theme.css]]></bo_css>
<bo_width><![CDATA[0]]></bo_width>
<bo_menu><![CDATA[1]]></bo_menu>
<stats_date_from><![CDATA[2019-06-03]]></stats_date_from>
<stats_date_to><![CDATA[2019-07-03]]></stats_date_to>
<stats_compare_from><![CDATA[0000-00-00]]></stats_compare_from>
<stats_compare_to><![CDATA[0000-00-00]]></stats_compare_to>
<stats_compare_option><![CDATA[1]]></stats_compare_option>
<preselect_date_range><![CDATA[]]></preselect_date_range>
<id_last_order><![CDATA[3254]]></id_last_order>
<id_last_customer_message><![CDATA[2320]]></id_last_customer_message>
<id_last_customer><![CDATA[4744]]></id_last_customer>
<datashop id_shop="1"></datashop>
</employee>
<employee><id_employee><![CDATA[19]]></id_employee>
<lastname><![CDATA[Sansano]]></lastname>
<firstname><![CDATA[Olga]]></firstname>
<email><![CDATA[o.sansano@koalabay.es]]></email>
<id_lang><![CDATA[1]]></id_lang>
<passwd><![CDATA[d80a4b56f608db1d3ff684599a690a4c]]></passwd>
<last_passwd_gen><![CDATA[2019-08-27 11:31:01]]></last_passwd_gen>
<active><![CDATA[1]]></active>
<optin><![CDATA[1]]></optin>
<id_profile><![CDATA[7]]></id_profile>
<bo_color><![CDATA[]]></bo_color>
<default_tab><![CDATA[1]]></default_tab>
<bo_theme><![CDATA[default]]></bo_theme>
<bo_css><![CDATA[admin-theme.css]]></bo_css>
<bo_width><![CDATA[0]]></bo_width>
<bo_menu><![CDATA[1]]></bo_menu>
<stats_date_from><![CDATA[2019-07-27]]></stats_date_from>
<stats_date_to><![CDATA[2019-08-27]]></stats_date_to>
<stats_compare_from><![CDATA[0000-00-00]]></stats_compare_from>
<stats_compare_to><![CDATA[0000-00-00]]></stats_compare_to>
<stats_compare_option><![CDATA[1]]></stats_compare_option>
<preselect_date_range><![CDATA[]]></preselect_date_range>
<id_last_order><![CDATA[3172]]></id_last_order>
<id_last_customer_message><![CDATA[2232]]></id_last_customer_message>
<id_last_customer><![CDATA[4621]]></id_last_customer>
<datashop id_shop="1"></datashop>
</employee>
<employee><id_employee><![CDATA[20]]></id_employee>
<lastname><![CDATA[Romero]]></lastname>
<firstname><![CDATA[Alejandro]]></firstname>
<email><![CDATA[a.rey@koalabay.es]]></email>
<id_lang><![CDATA[1]]></id_lang>
<passwd><![CDATA[ed660edce8151940fb33b248ab38f75b]]></passwd>
<last_passwd_gen><![CDATA[2019-09-26 04:15:31]]></last_passwd_gen>
<active><![CDATA[1]]></active>
<optin><![CDATA[1]]></optin>
<id_profile><![CDATA[1]]></id_profile>
<bo_color><![CDATA[]]></bo_color>
<default_tab><![CDATA[30]]></default_tab>
<bo_theme><![CDATA[default]]></bo_theme>
<bo_css><![CDATA[admin-theme.css]]></bo_css>
<bo_width><![CDATA[0]]></bo_width>
<bo_menu><![CDATA[1]]></bo_menu>
<stats_date_from><![CDATA[2019-08-26]]></stats_date_from>
<stats_date_to><![CDATA[2019-09-26]]></stats_date_to>
<stats_compare_from><![CDATA[0000-00-00]]></stats_compare_from>
<stats_compare_to><![CDATA[0000-00-00]]></stats_compare_to>
<stats_compare_option><![CDATA[1]]></stats_compare_option>
<preselect_date_range><![CDATA[]]></preselect_date_range>
<id_last_order><![CDATA[3255]]></id_last_order>
<id_last_customer_message><![CDATA[2341]]></id_last_customer_message>
<id_last_customer><![CDATA[4768]]></id_last_customer>
<datashop id_shop="1"></datashop>
</employee>
<employee><id_employee><![CDATA[21]]></id_employee>
<lastname><![CDATA[Caló]]></lastname>
<firstname><![CDATA[Orianna]]></firstname>
<email><![CDATA[o.calo@koalabay.es]]></email>
<id_lang><![CDATA[1]]></id_lang>
<passwd><![CDATA[2a99fcdc0c7a58bcfd60c9ff81d6d1bc]]></passwd>
<last_passwd_gen><![CDATA[2019-10-08 04:28:56]]></last_passwd_gen>
<active><![CDATA[1]]></active>
<optin><![CDATA[1]]></optin>
<id_profile><![CDATA[1]]></id_profile>
<bo_color><![CDATA[]]></bo_color>
<default_tab><![CDATA[1]]></default_tab>
<bo_theme><![CDATA[default]]></bo_theme>
<bo_css><![CDATA[admin-theme.css]]></bo_css>
<bo_width><![CDATA[0]]></bo_width>
<bo_menu><![CDATA[1]]></bo_menu>
<stats_date_from><![CDATA[2019-09-01]]></stats_date_from>
<stats_date_to><![CDATA[2019-09-30]]></stats_date_to>
<stats_compare_from><![CDATA[0000-00-00]]></stats_compare_from>
<stats_compare_to><![CDATA[0000-00-00]]></stats_compare_to>
<stats_compare_option><![CDATA[1]]></stats_compare_option>
<preselect_date_range><![CDATA[prev-month]]></preselect_date_range>
<id_last_order><![CDATA[3302]]></id_last_order>
<id_last_customer_message><![CDATA[2397]]></id_last_customer_message>
<id_last_customer><![CDATA[4835]]></id_last_customer>
<datashop id_shop="1"></datashop>
</employee>
<employee><id_employee><![CDATA[22]]></id_employee>
<lastname><![CDATA[Serena]]></lastname>
<firstname><![CDATA[Gabriel]]></firstname>
<email><![CDATA[g.serena@koalabay.es]]></email>
<id_lang><![CDATA[1]]></id_lang>
<passwd><![CDATA[19fe1c296c9afa6625a808f12d93bc7b]]></passwd>
<last_passwd_gen><![CDATA[2019-10-11 07:42:18]]></last_passwd_gen>
<active><![CDATA[1]]></active>
<optin><![CDATA[1]]></optin>
<id_profile><![CDATA[1]]></id_profile>
<bo_color><![CDATA[]]></bo_color>
<default_tab><![CDATA[1]]></default_tab>
<bo_theme><![CDATA[default]]></bo_theme>
<bo_css><![CDATA[admin-theme.css]]></bo_css>
<bo_width><![CDATA[0]]></bo_width>
<bo_menu><![CDATA[1]]></bo_menu>
<stats_date_from><![CDATA[2019-09-11]]></stats_date_from>
<stats_date_to><![CDATA[2019-10-11]]></stats_date_to>
<stats_compare_from><![CDATA[0000-00-00]]></stats_compare_from>
<stats_compare_to><![CDATA[0000-00-00]]></stats_compare_to>
<stats_compare_option><![CDATA[1]]></stats_compare_option>
<preselect_date_range><![CDATA[]]></preselect_date_range>
<id_last_order><![CDATA[3276]]></id_last_order>
<id_last_customer_message><![CDATA[2355]]></id_last_customer_message>
<id_last_customer><![CDATA[4784]]></id_last_customer>
<datashop id_shop="1"></datashop>
</employee>
</entity_profile>
