<?xml version="1.0" encoding="UTF-8"?>
<entity_profile>
<message><id_message><![CDATA[2002]]></id_message>
<message><![CDATA[Payment accepted.]]></message>
<id_cart><![CDATA[0]]></id_cart>
<id_order><![CDATA[2712]]></id_order>
<id_customer><![CDATA[0]]></id_customer>
<id_employee><![CDATA[0]]></id_employee>
<private><![CDATA[1]]></private>
<date_add><![CDATA[2019-06-27 19:10:57]]></date_add>
</message>
<message><id_message><![CDATA[2003]]></id_message>
<message><![CDATA[Payment accepted.]]></message>
<id_cart><![CDATA[0]]></id_cart>
<id_order><![CDATA[2714]]></id_order>
<id_customer><![CDATA[0]]></id_customer>
<id_employee><![CDATA[0]]></id_employee>
<private><![CDATA[1]]></private>
<date_add><![CDATA[2019-06-27 22:40:18]]></date_add>
</message>
<message><id_message><![CDATA[2004]]></id_message>
<message><![CDATA[Payment accepted.]]></message>
<id_cart><![CDATA[0]]></id_cart>
<id_order><![CDATA[2716]]></id_order>
<id_customer><![CDATA[0]]></id_customer>
<id_employee><![CDATA[0]]></id_employee>
<private><![CDATA[1]]></private>
<date_add><![CDATA[2019-06-27 23:00:45]]></date_add>
</message>
<message><id_message><![CDATA[2005]]></id_message>
<message><![CDATA[Payment accepted.]]></message>
<id_cart><![CDATA[0]]></id_cart>
<id_order><![CDATA[2717]]></id_order>
<id_customer><![CDATA[0]]></id_customer>
<id_employee><![CDATA[0]]></id_employee>
<private><![CDATA[1]]></private>
<date_add><![CDATA[2019-06-28 08:09:45]]></date_add>
</message>
<message><id_message><![CDATA[2006]]></id_message>
<message><![CDATA[Payment accepted.]]></message>
<id_cart><![CDATA[0]]></id_cart>
<id_order><![CDATA[2722]]></id_order>
<id_customer><![CDATA[0]]></id_customer>
<id_employee><![CDATA[0]]></id_employee>
<private><![CDATA[1]]></private>
<date_add><![CDATA[2019-06-28 10:19:16]]></date_add>
</message>
<message><id_message><![CDATA[2007]]></id_message>
<message><![CDATA[Payment accepted.]]></message>
<id_cart><![CDATA[0]]></id_cart>
<id_order><![CDATA[2725]]></id_order>
<id_customer><![CDATA[0]]></id_customer>
<id_employee><![CDATA[0]]></id_employee>
<private><![CDATA[1]]></private>
<date_add><![CDATA[2019-06-28 15:01:17]]></date_add>
</message>
<message><id_message><![CDATA[2008]]></id_message>
<message><![CDATA[Payment accepted.]]></message>
<id_cart><![CDATA[0]]></id_cart>
<id_order><![CDATA[2726]]></id_order>
<id_customer><![CDATA[0]]></id_customer>
<id_employee><![CDATA[0]]></id_employee>
<private><![CDATA[1]]></private>
<date_add><![CDATA[2019-06-28 15:32:19]]></date_add>
</message>
<message><id_message><![CDATA[2009]]></id_message>
<message><![CDATA[Payment accepted.]]></message>
<id_cart><![CDATA[0]]></id_cart>
<id_order><![CDATA[2727]]></id_order>
<id_customer><![CDATA[0]]></id_customer>
<id_employee><![CDATA[0]]></id_employee>
<private><![CDATA[1]]></private>
<date_add><![CDATA[2019-06-28 16:20:57]]></date_add>
</message>
<message><id_message><![CDATA[2010]]></id_message>
<message><![CDATA[Payment accepted.]]></message>
<id_cart><![CDATA[0]]></id_cart>
<id_order><![CDATA[2731]]></id_order>
<id_customer><![CDATA[0]]></id_customer>
<id_employee><![CDATA[0]]></id_employee>
<private><![CDATA[1]]></private>
<date_add><![CDATA[2019-06-29 17:12:13]]></date_add>
</message>
<message><id_message><![CDATA[2011]]></id_message>
<message><![CDATA[Payment accepted.]]></message>
<id_cart><![CDATA[0]]></id_cart>
<id_order><![CDATA[2732]]></id_order>
<id_customer><![CDATA[0]]></id_customer>
<id_employee><![CDATA[0]]></id_employee>
<private><![CDATA[1]]></private>
<date_add><![CDATA[2019-06-29 18:25:38]]></date_add>
</message>
<message><id_message><![CDATA[2012]]></id_message>
<message><![CDATA[Payment accepted.]]></message>
<id_cart><![CDATA[0]]></id_cart>
<id_order><![CDATA[2736]]></id_order>
<id_customer><![CDATA[0]]></id_customer>
<id_employee><![CDATA[0]]></id_employee>
<private><![CDATA[1]]></private>
<date_add><![CDATA[2019-06-29 21:56:22]]></date_add>
</message>
<message><id_message><![CDATA[2013]]></id_message>
<message><![CDATA[Payment accepted.]]></message>
<id_cart><![CDATA[0]]></id_cart>
<id_order><![CDATA[2738]]></id_order>
<id_customer><![CDATA[0]]></id_customer>
<id_employee><![CDATA[0]]></id_employee>
<private><![CDATA[1]]></private>
<date_add><![CDATA[2019-06-30 12:35:35]]></date_add>
</message>
<message><id_message><![CDATA[2014]]></id_message>
<message><![CDATA[Payment accepted.]]></message>
<id_cart><![CDATA[0]]></id_cart>
<id_order><![CDATA[2739]]></id_order>
<id_customer><![CDATA[0]]></id_customer>
<id_employee><![CDATA[0]]></id_employee>
<private><![CDATA[1]]></private>
<date_add><![CDATA[2019-06-30 14:19:48]]></date_add>
</message>
<message><id_message><![CDATA[2015]]></id_message>
<message><![CDATA[Payment accepted.]]></message>
<id_cart><![CDATA[0]]></id_cart>
<id_order><![CDATA[2740]]></id_order>
<id_customer><![CDATA[0]]></id_customer>
<id_employee><![CDATA[0]]></id_employee>
<private><![CDATA[1]]></private>
<date_add><![CDATA[2019-06-30 15:20:52]]></date_add>
</message>
<message><id_message><![CDATA[2016]]></id_message>
<message><![CDATA[Payment accepted.]]></message>
<id_cart><![CDATA[0]]></id_cart>
<id_order><![CDATA[2744]]></id_order>
<id_customer><![CDATA[0]]></id_customer>
<id_employee><![CDATA[0]]></id_employee>
<private><![CDATA[1]]></private>
<date_add><![CDATA[2019-06-30 18:52:32]]></date_add>
</message>
<message><id_message><![CDATA[2017]]></id_message>
<message><![CDATA[Payment accepted.]]></message>
<id_cart><![CDATA[0]]></id_cart>
<id_order><![CDATA[2746]]></id_order>
<id_customer><![CDATA[0]]></id_customer>
<id_employee><![CDATA[0]]></id_employee>
<private><![CDATA[1]]></private>
<date_add><![CDATA[2019-06-30 20:12:00]]></date_add>
</message>
<message><id_message><![CDATA[2018]]></id_message>
<message><![CDATA[Payment accepted.]]></message>
<id_cart><![CDATA[0]]></id_cart>
<id_order><![CDATA[2748]]></id_order>
<id_customer><![CDATA[0]]></id_customer>
<id_employee><![CDATA[0]]></id_employee>
<private><![CDATA[1]]></private>
<date_add><![CDATA[2019-06-30 20:38:47]]></date_add>
</message>
<message><id_message><![CDATA[2019]]></id_message>
<message><![CDATA[Payment accepted.]]></message>
<id_cart><![CDATA[0]]></id_cart>
<id_order><![CDATA[2749]]></id_order>
<id_customer><![CDATA[0]]></id_customer>
<id_employee><![CDATA[0]]></id_employee>
<private><![CDATA[1]]></private>
<date_add><![CDATA[2019-06-30 21:45:39]]></date_add>
</message>
<message><id_message><![CDATA[2020]]></id_message>
<message><![CDATA[Payment accepted.]]></message>
<id_cart><![CDATA[0]]></id_cart>
<id_order><![CDATA[2751]]></id_order>
<id_customer><![CDATA[0]]></id_customer>
<id_employee><![CDATA[0]]></id_employee>
<private><![CDATA[1]]></private>
<date_add><![CDATA[2019-07-01 08:03:22]]></date_add>
</message>
<message><id_message><![CDATA[2021]]></id_message>
<message><![CDATA[Payment accepted.]]></message>
<id_cart><![CDATA[0]]></id_cart>
<id_order><![CDATA[2753]]></id_order>
<id_customer><![CDATA[0]]></id_customer>
<id_employee><![CDATA[0]]></id_employee>
<private><![CDATA[1]]></private>
<date_add><![CDATA[2019-07-01 11:53:36]]></date_add>
</message>
<message><id_message><![CDATA[2022]]></id_message>
<message><![CDATA[Payment accepted.]]></message>
<id_cart><![CDATA[0]]></id_cart>
<id_order><![CDATA[2754]]></id_order>
<id_customer><![CDATA[0]]></id_customer>
<id_employee><![CDATA[0]]></id_employee>
<private><![CDATA[1]]></private>
<date_add><![CDATA[2019-07-01 12:43:18]]></date_add>
</message>
<message><id_message><![CDATA[2023]]></id_message>
<message><![CDATA[Payment accepted.]]></message>
<id_cart><![CDATA[0]]></id_cart>
<id_order><![CDATA[2755]]></id_order>
<id_customer><![CDATA[0]]></id_customer>
<id_employee><![CDATA[0]]></id_employee>
<private><![CDATA[1]]></private>
<date_add><![CDATA[2019-07-01 13:58:49]]></date_add>
</message>
<message><id_message><![CDATA[2024]]></id_message>
<message><![CDATA[Payment accepted.]]></message>
<id_cart><![CDATA[0]]></id_cart>
<id_order><![CDATA[2760]]></id_order>
<id_customer><![CDATA[0]]></id_customer>
<id_employee><![CDATA[0]]></id_employee>
<private><![CDATA[1]]></private>
<date_add><![CDATA[2019-07-01 20:04:47]]></date_add>
</message>
<message><id_message><![CDATA[2025]]></id_message>
<message><![CDATA[Payment accepted.]]></message>
<id_cart><![CDATA[0]]></id_cart>
<id_order><![CDATA[2767]]></id_order>
<id_customer><![CDATA[0]]></id_customer>
<id_employee><![CDATA[0]]></id_employee>
<private><![CDATA[1]]></private>
<date_add><![CDATA[2019-07-02 06:45:11]]></date_add>
</message>
<message><id_message><![CDATA[2026]]></id_message>
<message><![CDATA[Payment accepted.]]></message>
<id_cart><![CDATA[0]]></id_cart>
<id_order><![CDATA[2772]]></id_order>
<id_customer><![CDATA[0]]></id_customer>
<id_employee><![CDATA[0]]></id_employee>
<private><![CDATA[1]]></private>
<date_add><![CDATA[2019-07-02 18:16:59]]></date_add>
</message>
<message><id_message><![CDATA[2027]]></id_message>
<message><![CDATA[Payment accepted.]]></message>
<id_cart><![CDATA[0]]></id_cart>
<id_order><![CDATA[2773]]></id_order>
<id_customer><![CDATA[0]]></id_customer>
<id_employee><![CDATA[0]]></id_employee>
<private><![CDATA[1]]></private>
<date_add><![CDATA[2019-07-03 09:23:57]]></date_add>
</message>
<message><id_message><![CDATA[2028]]></id_message>
<message><![CDATA[Payment accepted.]]></message>
<id_cart><![CDATA[0]]></id_cart>
<id_order><![CDATA[2774]]></id_order>
<id_customer><![CDATA[0]]></id_customer>
<id_employee><![CDATA[0]]></id_employee>
<private><![CDATA[1]]></private>
<date_add><![CDATA[2019-07-03 12:56:08]]></date_add>
</message>
<message><id_message><![CDATA[2029]]></id_message>
<message><![CDATA[Payment accepted.]]></message>
<id_cart><![CDATA[0]]></id_cart>
<id_order><![CDATA[2778]]></id_order>
<id_customer><![CDATA[0]]></id_customer>
<id_employee><![CDATA[0]]></id_employee>
<private><![CDATA[1]]></private>
<date_add><![CDATA[2019-07-03 14:26:28]]></date_add>
</message>
<message><id_message><![CDATA[2030]]></id_message>
<message><![CDATA[Payment accepted.]]></message>
<id_cart><![CDATA[0]]></id_cart>
<id_order><![CDATA[2782]]></id_order>
<id_customer><![CDATA[0]]></id_customer>
<id_employee><![CDATA[0]]></id_employee>
<private><![CDATA[1]]></private>
<date_add><![CDATA[2019-07-03 19:06:47]]></date_add>
</message>
<message><id_message><![CDATA[2031]]></id_message>
<message><![CDATA[Payment accepted.]]></message>
<id_cart><![CDATA[0]]></id_cart>
<id_order><![CDATA[2783]]></id_order>
<id_customer><![CDATA[0]]></id_customer>
<id_employee><![CDATA[0]]></id_employee>
<private><![CDATA[1]]></private>
<date_add><![CDATA[2019-07-03 21:18:04]]></date_add>
</message>
<message><id_message><![CDATA[2032]]></id_message>
<message><![CDATA[Payment accepted.]]></message>
<id_cart><![CDATA[0]]></id_cart>
<id_order><![CDATA[2789]]></id_order>
<id_customer><![CDATA[0]]></id_customer>
<id_employee><![CDATA[0]]></id_employee>
<private><![CDATA[1]]></private>
<date_add><![CDATA[2019-07-04 21:10:50]]></date_add>
</message>
<message><id_message><![CDATA[2033]]></id_message>
<message><![CDATA[Payment accepted.]]></message>
<id_cart><![CDATA[0]]></id_cart>
<id_order><![CDATA[2792]]></id_order>
<id_customer><![CDATA[0]]></id_customer>
<id_employee><![CDATA[0]]></id_employee>
<private><![CDATA[1]]></private>
<date_add><![CDATA[2019-07-05 01:40:49]]></date_add>
</message>
<message><id_message><![CDATA[2034]]></id_message>
<message><![CDATA[Payment accepted.]]></message>
<id_cart><![CDATA[0]]></id_cart>
<id_order><![CDATA[2793]]></id_order>
<id_customer><![CDATA[0]]></id_customer>
<id_employee><![CDATA[0]]></id_employee>
<private><![CDATA[1]]></private>
<date_add><![CDATA[2019-07-05 12:30:24]]></date_add>
</message>
<message><id_message><![CDATA[2035]]></id_message>
<message><![CDATA[Payment accepted.]]></message>
<id_cart><![CDATA[0]]></id_cart>
<id_order><![CDATA[2794]]></id_order>
<id_customer><![CDATA[0]]></id_customer>
<id_employee><![CDATA[0]]></id_employee>
<private><![CDATA[1]]></private>
<date_add><![CDATA[2019-07-05 12:52:33]]></date_add>
</message>
<message><id_message><![CDATA[2036]]></id_message>
<message><![CDATA[Payment accepted.]]></message>
<id_cart><![CDATA[0]]></id_cart>
<id_order><![CDATA[2795]]></id_order>
<id_customer><![CDATA[0]]></id_customer>
<id_employee><![CDATA[0]]></id_employee>
<private><![CDATA[1]]></private>
<date_add><![CDATA[2019-07-05 14:21:38]]></date_add>
</message>
<message><id_message><![CDATA[2037]]></id_message>
<message><![CDATA[Payment accepted.]]></message>
<id_cart><![CDATA[0]]></id_cart>
<id_order><![CDATA[2798]]></id_order>
<id_customer><![CDATA[0]]></id_customer>
<id_employee><![CDATA[0]]></id_employee>
<private><![CDATA[1]]></private>
<date_add><![CDATA[2019-07-06 13:59:29]]></date_add>
</message>
<message><id_message><![CDATA[2038]]></id_message>
<message><![CDATA[Payment accepted.]]></message>
<id_cart><![CDATA[0]]></id_cart>
<id_order><![CDATA[2800]]></id_order>
<id_customer><![CDATA[0]]></id_customer>
<id_employee><![CDATA[0]]></id_employee>
<private><![CDATA[1]]></private>
<date_add><![CDATA[2019-07-06 15:55:08]]></date_add>
</message>
<message><id_message><![CDATA[2039]]></id_message>
<message><![CDATA[Payment accepted.]]></message>
<id_cart><![CDATA[0]]></id_cart>
<id_order><![CDATA[2801]]></id_order>
<id_customer><![CDATA[0]]></id_customer>
<id_employee><![CDATA[0]]></id_employee>
<private><![CDATA[1]]></private>
<date_add><![CDATA[2019-07-06 17:48:15]]></date_add>
</message>
<message><id_message><![CDATA[2040]]></id_message>
<message><![CDATA[Payment accepted.]]></message>
<id_cart><![CDATA[0]]></id_cart>
<id_order><![CDATA[2804]]></id_order>
<id_customer><![CDATA[0]]></id_customer>
<id_employee><![CDATA[0]]></id_employee>
<private><![CDATA[1]]></private>
<date_add><![CDATA[2019-07-07 12:05:01]]></date_add>
</message>
<message><id_message><![CDATA[2041]]></id_message>
<message><![CDATA[Payment accepted.]]></message>
<id_cart><![CDATA[0]]></id_cart>
<id_order><![CDATA[2806]]></id_order>
<id_customer><![CDATA[0]]></id_customer>
<id_employee><![CDATA[0]]></id_employee>
<private><![CDATA[1]]></private>
<date_add><![CDATA[2019-07-07 14:51:59]]></date_add>
</message>
<message><id_message><![CDATA[2042]]></id_message>
<message><![CDATA[Payment accepted.]]></message>
<id_cart><![CDATA[0]]></id_cart>
<id_order><![CDATA[2807]]></id_order>
<id_customer><![CDATA[0]]></id_customer>
<id_employee><![CDATA[0]]></id_employee>
<private><![CDATA[1]]></private>
<date_add><![CDATA[2019-07-07 15:26:09]]></date_add>
</message>
<message><id_message><![CDATA[2043]]></id_message>
<message><![CDATA[Payment accepted.]]></message>
<id_cart><![CDATA[0]]></id_cart>
<id_order><![CDATA[2810]]></id_order>
<id_customer><![CDATA[0]]></id_customer>
<id_employee><![CDATA[0]]></id_employee>
<private><![CDATA[1]]></private>
<date_add><![CDATA[2019-07-07 22:18:06]]></date_add>
</message>
<message><id_message><![CDATA[2044]]></id_message>
<message><![CDATA[Payment accepted.]]></message>
<id_cart><![CDATA[0]]></id_cart>
<id_order><![CDATA[2817]]></id_order>
<id_customer><![CDATA[0]]></id_customer>
<id_employee><![CDATA[0]]></id_employee>
<private><![CDATA[1]]></private>
<date_add><![CDATA[2019-07-08 18:29:48]]></date_add>
</message>
<message><id_message><![CDATA[2045]]></id_message>
<message><![CDATA[Payment accepted.]]></message>
<id_cart><![CDATA[0]]></id_cart>
<id_order><![CDATA[2818]]></id_order>
<id_customer><![CDATA[0]]></id_customer>
<id_employee><![CDATA[0]]></id_employee>
<private><![CDATA[1]]></private>
<date_add><![CDATA[2019-07-08 18:31:44]]></date_add>
</message>
<message><id_message><![CDATA[2046]]></id_message>
<message><![CDATA[Payment accepted.]]></message>
<id_cart><![CDATA[0]]></id_cart>
<id_order><![CDATA[2819]]></id_order>
<id_customer><![CDATA[0]]></id_customer>
<id_employee><![CDATA[0]]></id_employee>
<private><![CDATA[1]]></private>
<date_add><![CDATA[2019-07-08 21:43:11]]></date_add>
</message>
<message><id_message><![CDATA[2047]]></id_message>
<message><![CDATA[Payment accepted.]]></message>
<id_cart><![CDATA[0]]></id_cart>
<id_order><![CDATA[2821]]></id_order>
<id_customer><![CDATA[0]]></id_customer>
<id_employee><![CDATA[0]]></id_employee>
<private><![CDATA[1]]></private>
<date_add><![CDATA[2019-07-09 21:16:05]]></date_add>
</message>
<message><id_message><![CDATA[2048]]></id_message>
<message><![CDATA[Payment accepted.]]></message>
<id_cart><![CDATA[0]]></id_cart>
<id_order><![CDATA[2822]]></id_order>
<id_customer><![CDATA[0]]></id_customer>
<id_employee><![CDATA[0]]></id_employee>
<private><![CDATA[1]]></private>
<date_add><![CDATA[2019-07-09 21:38:35]]></date_add>
</message>
<message><id_message><![CDATA[2049]]></id_message>
<message><![CDATA[Payment accepted.]]></message>
<id_cart><![CDATA[0]]></id_cart>
<id_order><![CDATA[2826]]></id_order>
<id_customer><![CDATA[0]]></id_customer>
<id_employee><![CDATA[0]]></id_employee>
<private><![CDATA[1]]></private>
<date_add><![CDATA[2019-07-10 14:27:38]]></date_add>
</message>
<message><id_message><![CDATA[2050]]></id_message>
<message><![CDATA[Payment accepted.]]></message>
<id_cart><![CDATA[0]]></id_cart>
<id_order><![CDATA[2828]]></id_order>
<id_customer><![CDATA[0]]></id_customer>
<id_employee><![CDATA[0]]></id_employee>
<private><![CDATA[1]]></private>
<date_add><![CDATA[2019-07-10 15:07:16]]></date_add>
</message>
<message><id_message><![CDATA[2051]]></id_message>
<message><![CDATA[Payment accepted.]]></message>
<id_cart><![CDATA[0]]></id_cart>
<id_order><![CDATA[2832]]></id_order>
<id_customer><![CDATA[0]]></id_customer>
<id_employee><![CDATA[0]]></id_employee>
<private><![CDATA[1]]></private>
<date_add><![CDATA[2019-07-10 16:58:22]]></date_add>
</message>
<message><id_message><![CDATA[2052]]></id_message>
<message><![CDATA[Payment accepted.]]></message>
<id_cart><![CDATA[0]]></id_cart>
<id_order><![CDATA[2833]]></id_order>
<id_customer><![CDATA[0]]></id_customer>
<id_employee><![CDATA[0]]></id_employee>
<private><![CDATA[1]]></private>
<date_add><![CDATA[2019-07-10 19:18:16]]></date_add>
</message>
<message><id_message><![CDATA[2053]]></id_message>
<message><![CDATA[Payment accepted.]]></message>
<id_cart><![CDATA[0]]></id_cart>
<id_order><![CDATA[2834]]></id_order>
<id_customer><![CDATA[0]]></id_customer>
<id_employee><![CDATA[0]]></id_employee>
<private><![CDATA[1]]></private>
<date_add><![CDATA[2019-07-10 19:19:04]]></date_add>
</message>
<message><id_message><![CDATA[2054]]></id_message>
<message><![CDATA[Payment accepted.]]></message>
<id_cart><![CDATA[0]]></id_cart>
<id_order><![CDATA[2836]]></id_order>
<id_customer><![CDATA[0]]></id_customer>
<id_employee><![CDATA[0]]></id_employee>
<private><![CDATA[1]]></private>
<date_add><![CDATA[2019-07-10 22:38:50]]></date_add>
</message>
<message><id_message><![CDATA[2055]]></id_message>
<message><![CDATA[Payment accepted.]]></message>
<id_cart><![CDATA[0]]></id_cart>
<id_order><![CDATA[2842]]></id_order>
<id_customer><![CDATA[0]]></id_customer>
<id_employee><![CDATA[0]]></id_employee>
<private><![CDATA[1]]></private>
<date_add><![CDATA[2019-07-11 15:57:53]]></date_add>
</message>
<message><id_message><![CDATA[2056]]></id_message>
<message><![CDATA[Pedido manual -- Empleado A. Gonzalez]]></message>
<id_cart><![CDATA[0]]></id_cart>
<id_order><![CDATA[2843]]></id_order>
<id_customer><![CDATA[0]]></id_customer>
<id_employee><![CDATA[0]]></id_employee>
<private><![CDATA[1]]></private>
<date_add><![CDATA[2019-07-11 17:22:13]]></date_add>
</message>
<message><id_message><![CDATA[2057]]></id_message>
<message><![CDATA[Payment accepted.]]></message>
<id_cart><![CDATA[0]]></id_cart>
<id_order><![CDATA[2845]]></id_order>
<id_customer><![CDATA[0]]></id_customer>
<id_employee><![CDATA[0]]></id_employee>
<private><![CDATA[1]]></private>
<date_add><![CDATA[2019-07-11 22:34:39]]></date_add>
</message>
<message><id_message><![CDATA[2058]]></id_message>
<message><![CDATA[Payment accepted.]]></message>
<id_cart><![CDATA[0]]></id_cart>
<id_order><![CDATA[2846]]></id_order>
<id_customer><![CDATA[0]]></id_customer>
<id_employee><![CDATA[0]]></id_employee>
<private><![CDATA[1]]></private>
<date_add><![CDATA[2019-07-12 11:49:01]]></date_add>
</message>
<message><id_message><![CDATA[2059]]></id_message>
<message><![CDATA[Payment accepted.]]></message>
<id_cart><![CDATA[0]]></id_cart>
<id_order><![CDATA[2847]]></id_order>
<id_customer><![CDATA[0]]></id_customer>
<id_employee><![CDATA[0]]></id_employee>
<private><![CDATA[1]]></private>
<date_add><![CDATA[2019-07-12 14:12:13]]></date_add>
</message>
<message><id_message><![CDATA[2060]]></id_message>
<message><![CDATA[Payment accepted.]]></message>
<id_cart><![CDATA[0]]></id_cart>
<id_order><![CDATA[2848]]></id_order>
<id_customer><![CDATA[0]]></id_customer>
<id_employee><![CDATA[0]]></id_employee>
<private><![CDATA[1]]></private>
<date_add><![CDATA[2019-07-12 15:16:32]]></date_add>
</message>
<message><id_message><![CDATA[2061]]></id_message>
<message><![CDATA[Payment accepted.]]></message>
<id_cart><![CDATA[0]]></id_cart>
<id_order><![CDATA[2849]]></id_order>
<id_customer><![CDATA[0]]></id_customer>
<id_employee><![CDATA[0]]></id_employee>
<private><![CDATA[1]]></private>
<date_add><![CDATA[2019-07-12 16:54:53]]></date_add>
</message>
<message><id_message><![CDATA[2062]]></id_message>
<message><![CDATA[Payment accepted.]]></message>
<id_cart><![CDATA[0]]></id_cart>
<id_order><![CDATA[2850]]></id_order>
<id_customer><![CDATA[0]]></id_customer>
<id_employee><![CDATA[0]]></id_employee>
<private><![CDATA[1]]></private>
<date_add><![CDATA[2019-07-12 17:37:15]]></date_add>
</message>
<message><id_message><![CDATA[2063]]></id_message>
<message><![CDATA[Payment accepted.]]></message>
<id_cart><![CDATA[0]]></id_cart>
<id_order><![CDATA[2853]]></id_order>
<id_customer><![CDATA[0]]></id_customer>
<id_employee><![CDATA[0]]></id_employee>
<private><![CDATA[1]]></private>
<date_add><![CDATA[2019-07-13 09:59:15]]></date_add>
</message>
<message><id_message><![CDATA[2064]]></id_message>
<message><![CDATA[Payment accepted.]]></message>
<id_cart><![CDATA[0]]></id_cart>
<id_order><![CDATA[2854]]></id_order>
<id_customer><![CDATA[0]]></id_customer>
<id_employee><![CDATA[0]]></id_employee>
<private><![CDATA[1]]></private>
<date_add><![CDATA[2019-07-13 10:56:24]]></date_add>
</message>
<message><id_message><![CDATA[2065]]></id_message>
<message><![CDATA[Payment accepted.]]></message>
<id_cart><![CDATA[0]]></id_cart>
<id_order><![CDATA[2855]]></id_order>
<id_customer><![CDATA[0]]></id_customer>
<id_employee><![CDATA[0]]></id_employee>
<private><![CDATA[1]]></private>
<date_add><![CDATA[2019-07-13 14:36:32]]></date_add>
</message>
<message><id_message><![CDATA[2066]]></id_message>
<message><![CDATA[Payment accepted.]]></message>
<id_cart><![CDATA[0]]></id_cart>
<id_order><![CDATA[2856]]></id_order>
<id_customer><![CDATA[0]]></id_customer>
<id_employee><![CDATA[0]]></id_employee>
<private><![CDATA[1]]></private>
<date_add><![CDATA[2019-07-13 16:49:05]]></date_add>
</message>
<message><id_message><![CDATA[2067]]></id_message>
<message><![CDATA[Payment accepted.]]></message>
<id_cart><![CDATA[0]]></id_cart>
<id_order><![CDATA[2858]]></id_order>
<id_customer><![CDATA[0]]></id_customer>
<id_employee><![CDATA[0]]></id_employee>
<private><![CDATA[1]]></private>
<date_add><![CDATA[2019-07-14 09:29:58]]></date_add>
</message>
<message><id_message><![CDATA[2068]]></id_message>
<message><![CDATA[Payment accepted.]]></message>
<id_cart><![CDATA[0]]></id_cart>
<id_order><![CDATA[2859]]></id_order>
<id_customer><![CDATA[0]]></id_customer>
<id_employee><![CDATA[0]]></id_employee>
<private><![CDATA[1]]></private>
<date_add><![CDATA[2019-07-14 10:11:39]]></date_add>
</message>
<message><id_message><![CDATA[2069]]></id_message>
<message><![CDATA[Payment accepted.]]></message>
<id_cart><![CDATA[0]]></id_cart>
<id_order><![CDATA[2862]]></id_order>
<id_customer><![CDATA[0]]></id_customer>
<id_employee><![CDATA[0]]></id_employee>
<private><![CDATA[1]]></private>
<date_add><![CDATA[2019-07-14 12:53:11]]></date_add>
</message>
<message><id_message><![CDATA[2070]]></id_message>
<message><![CDATA[Payment accepted.]]></message>
<id_cart><![CDATA[0]]></id_cart>
<id_order><![CDATA[2864]]></id_order>
<id_customer><![CDATA[0]]></id_customer>
<id_employee><![CDATA[0]]></id_employee>
<private><![CDATA[1]]></private>
<date_add><![CDATA[2019-07-14 14:23:24]]></date_add>
</message>
<message><id_message><![CDATA[2071]]></id_message>
<message><![CDATA[Payment accepted.]]></message>
<id_cart><![CDATA[0]]></id_cart>
<id_order><![CDATA[2868]]></id_order>
<id_customer><![CDATA[0]]></id_customer>
<id_employee><![CDATA[0]]></id_employee>
<private><![CDATA[1]]></private>
<date_add><![CDATA[2019-07-15 00:12:00]]></date_add>
</message>
<message><id_message><![CDATA[2072]]></id_message>
<message><![CDATA[Payment accepted.]]></message>
<id_cart><![CDATA[0]]></id_cart>
<id_order><![CDATA[2869]]></id_order>
<id_customer><![CDATA[0]]></id_customer>
<id_employee><![CDATA[0]]></id_employee>
<private><![CDATA[1]]></private>
<date_add><![CDATA[2019-07-15 09:52:23]]></date_add>
</message>
<message><id_message><![CDATA[2073]]></id_message>
<message><![CDATA[Payment accepted.]]></message>
<id_cart><![CDATA[0]]></id_cart>
<id_order><![CDATA[2870]]></id_order>
<id_customer><![CDATA[0]]></id_customer>
<id_employee><![CDATA[0]]></id_employee>
<private><![CDATA[1]]></private>
<date_add><![CDATA[2019-07-15 10:31:05]]></date_add>
</message>
<message><id_message><![CDATA[2074]]></id_message>
<message><![CDATA[Payment accepted.]]></message>
<id_cart><![CDATA[0]]></id_cart>
<id_order><![CDATA[2876]]></id_order>
<id_customer><![CDATA[0]]></id_customer>
<id_employee><![CDATA[0]]></id_employee>
<private><![CDATA[1]]></private>
<date_add><![CDATA[2019-07-15 16:00:58]]></date_add>
</message>
<message><id_message><![CDATA[2075]]></id_message>
<message><![CDATA[Payment accepted.]]></message>
<id_cart><![CDATA[0]]></id_cart>
<id_order><![CDATA[2877]]></id_order>
<id_customer><![CDATA[0]]></id_customer>
<id_employee><![CDATA[0]]></id_employee>
<private><![CDATA[1]]></private>
<date_add><![CDATA[2019-07-15 17:16:13]]></date_add>
</message>
<message><id_message><![CDATA[2076]]></id_message>
<message><![CDATA[Payment accepted.]]></message>
<id_cart><![CDATA[0]]></id_cart>
<id_order><![CDATA[2878]]></id_order>
<id_customer><![CDATA[0]]></id_customer>
<id_employee><![CDATA[0]]></id_employee>
<private><![CDATA[1]]></private>
<date_add><![CDATA[2019-07-15 19:05:10]]></date_add>
</message>
<message><id_message><![CDATA[2077]]></id_message>
<message><![CDATA[Payment accepted.]]></message>
<id_cart><![CDATA[0]]></id_cart>
<id_order><![CDATA[2881]]></id_order>
<id_customer><![CDATA[0]]></id_customer>
<id_employee><![CDATA[0]]></id_employee>
<private><![CDATA[1]]></private>
<date_add><![CDATA[2019-07-15 21:29:35]]></date_add>
</message>
<message><id_message><![CDATA[2078]]></id_message>
<message><![CDATA[Payment accepted.]]></message>
<id_cart><![CDATA[0]]></id_cart>
<id_order><![CDATA[2882]]></id_order>
<id_customer><![CDATA[0]]></id_customer>
<id_employee><![CDATA[0]]></id_employee>
<private><![CDATA[1]]></private>
<date_add><![CDATA[2019-07-15 21:44:10]]></date_add>
</message>
<message><id_message><![CDATA[2079]]></id_message>
<message><![CDATA[Payment accepted.]]></message>
<id_cart><![CDATA[0]]></id_cart>
<id_order><![CDATA[2888]]></id_order>
<id_customer><![CDATA[0]]></id_customer>
<id_employee><![CDATA[0]]></id_employee>
<private><![CDATA[1]]></private>
<date_add><![CDATA[2019-07-16 12:54:48]]></date_add>
</message>
<message><id_message><![CDATA[2080]]></id_message>
<message><![CDATA[Payment accepted.]]></message>
<id_cart><![CDATA[0]]></id_cart>
<id_order><![CDATA[2889]]></id_order>
<id_customer><![CDATA[0]]></id_customer>
<id_employee><![CDATA[0]]></id_employee>
<private><![CDATA[1]]></private>
<date_add><![CDATA[2019-07-16 15:18:42]]></date_add>
</message>
<message><id_message><![CDATA[2081]]></id_message>
<message><![CDATA[Payment accepted.]]></message>
<id_cart><![CDATA[0]]></id_cart>
<id_order><![CDATA[2891]]></id_order>
<id_customer><![CDATA[0]]></id_customer>
<id_employee><![CDATA[0]]></id_employee>
<private><![CDATA[1]]></private>
<date_add><![CDATA[2019-07-16 19:23:55]]></date_add>
</message>
<message><id_message><![CDATA[2082]]></id_message>
<message><![CDATA[Payment accepted.]]></message>
<id_cart><![CDATA[0]]></id_cart>
<id_order><![CDATA[2892]]></id_order>
<id_customer><![CDATA[0]]></id_customer>
<id_employee><![CDATA[0]]></id_employee>
<private><![CDATA[1]]></private>
<date_add><![CDATA[2019-07-16 20:14:51]]></date_add>
</message>
<message><id_message><![CDATA[2083]]></id_message>
<message><![CDATA[Payment accepted.]]></message>
<id_cart><![CDATA[0]]></id_cart>
<id_order><![CDATA[2897]]></id_order>
<id_customer><![CDATA[0]]></id_customer>
<id_employee><![CDATA[0]]></id_employee>
<private><![CDATA[1]]></private>
<date_add><![CDATA[2019-07-17 04:19:39]]></date_add>
</message>
<message><id_message><![CDATA[2084]]></id_message>
<message><![CDATA[Payment accepted.]]></message>
<id_cart><![CDATA[0]]></id_cart>
<id_order><![CDATA[2900]]></id_order>
<id_customer><![CDATA[0]]></id_customer>
<id_employee><![CDATA[0]]></id_employee>
<private><![CDATA[1]]></private>
<date_add><![CDATA[2019-07-17 11:58:00]]></date_add>
</message>
<message><id_message><![CDATA[2085]]></id_message>
<message><![CDATA[Payment accepted.]]></message>
<id_cart><![CDATA[0]]></id_cart>
<id_order><![CDATA[2901]]></id_order>
<id_customer><![CDATA[0]]></id_customer>
<id_employee><![CDATA[0]]></id_employee>
<private><![CDATA[1]]></private>
<date_add><![CDATA[2019-07-17 11:59:56]]></date_add>
</message>
<message><id_message><![CDATA[2086]]></id_message>
<message><![CDATA[Payment accepted.]]></message>
<id_cart><![CDATA[0]]></id_cart>
<id_order><![CDATA[2910]]></id_order>
<id_customer><![CDATA[0]]></id_customer>
<id_employee><![CDATA[0]]></id_employee>
<private><![CDATA[1]]></private>
<date_add><![CDATA[2019-07-17 23:58:06]]></date_add>
</message>
<message><id_message><![CDATA[2087]]></id_message>
<message><![CDATA[Payment accepted.]]></message>
<id_cart><![CDATA[0]]></id_cart>
<id_order><![CDATA[2911]]></id_order>
<id_customer><![CDATA[0]]></id_customer>
<id_employee><![CDATA[0]]></id_employee>
<private><![CDATA[1]]></private>
<date_add><![CDATA[2019-07-18 07:03:19]]></date_add>
</message>
<message><id_message><![CDATA[2088]]></id_message>
<message><![CDATA[Payment accepted.]]></message>
<id_cart><![CDATA[0]]></id_cart>
<id_order><![CDATA[2912]]></id_order>
<id_customer><![CDATA[0]]></id_customer>
<id_employee><![CDATA[0]]></id_employee>
<private><![CDATA[1]]></private>
<date_add><![CDATA[2019-07-18 07:25:06]]></date_add>
</message>
<message><id_message><![CDATA[2089]]></id_message>
<message><![CDATA[Payment accepted.]]></message>
<id_cart><![CDATA[0]]></id_cart>
<id_order><![CDATA[2914]]></id_order>
<id_customer><![CDATA[0]]></id_customer>
<id_employee><![CDATA[0]]></id_employee>
<private><![CDATA[1]]></private>
<date_add><![CDATA[2019-07-18 11:38:18]]></date_add>
</message>
<message><id_message><![CDATA[2090]]></id_message>
<message><![CDATA[Payment accepted.]]></message>
<id_cart><![CDATA[0]]></id_cart>
<id_order><![CDATA[2917]]></id_order>
<id_customer><![CDATA[0]]></id_customer>
<id_employee><![CDATA[0]]></id_employee>
<private><![CDATA[1]]></private>
<date_add><![CDATA[2019-07-18 16:56:20]]></date_add>
</message>
<message><id_message><![CDATA[2091]]></id_message>
<message><![CDATA[Payment accepted.]]></message>
<id_cart><![CDATA[0]]></id_cart>
<id_order><![CDATA[2921]]></id_order>
<id_customer><![CDATA[0]]></id_customer>
<id_employee><![CDATA[0]]></id_employee>
<private><![CDATA[1]]></private>
<date_add><![CDATA[2019-07-19 00:37:45]]></date_add>
</message>
<message><id_message><![CDATA[2092]]></id_message>
<message><![CDATA[Payment accepted.]]></message>
<id_cart><![CDATA[0]]></id_cart>
<id_order><![CDATA[2925]]></id_order>
<id_customer><![CDATA[0]]></id_customer>
<id_employee><![CDATA[0]]></id_employee>
<private><![CDATA[1]]></private>
<date_add><![CDATA[2019-07-19 13:56:17]]></date_add>
</message>
<message><id_message><![CDATA[2093]]></id_message>
<message><![CDATA[Payment accepted.]]></message>
<id_cart><![CDATA[0]]></id_cart>
<id_order><![CDATA[2931]]></id_order>
<id_customer><![CDATA[0]]></id_customer>
<id_employee><![CDATA[0]]></id_employee>
<private><![CDATA[1]]></private>
<date_add><![CDATA[2019-07-20 13:22:49]]></date_add>
</message>
<message><id_message><![CDATA[2094]]></id_message>
<message><![CDATA[Payment accepted.]]></message>
<id_cart><![CDATA[0]]></id_cart>
<id_order><![CDATA[2932]]></id_order>
<id_customer><![CDATA[0]]></id_customer>
<id_employee><![CDATA[0]]></id_employee>
<private><![CDATA[1]]></private>
<date_add><![CDATA[2019-07-20 14:58:07]]></date_add>
</message>
<message><id_message><![CDATA[2095]]></id_message>
<message><![CDATA[Payment accepted.]]></message>
<id_cart><![CDATA[0]]></id_cart>
<id_order><![CDATA[2945]]></id_order>
<id_customer><![CDATA[0]]></id_customer>
<id_employee><![CDATA[0]]></id_employee>
<private><![CDATA[1]]></private>
<date_add><![CDATA[2019-07-22 20:39:38]]></date_add>
</message>
<message><id_message><![CDATA[2096]]></id_message>
<message><![CDATA[Payment accepted.]]></message>
<id_cart><![CDATA[0]]></id_cart>
<id_order><![CDATA[2947]]></id_order>
<id_customer><![CDATA[0]]></id_customer>
<id_employee><![CDATA[0]]></id_employee>
<private><![CDATA[1]]></private>
<date_add><![CDATA[2019-07-22 21:13:56]]></date_add>
</message>
<message><id_message><![CDATA[2097]]></id_message>
<message><![CDATA[Payment accepted.]]></message>
<id_cart><![CDATA[0]]></id_cart>
<id_order><![CDATA[2951]]></id_order>
<id_customer><![CDATA[0]]></id_customer>
<id_employee><![CDATA[0]]></id_employee>
<private><![CDATA[1]]></private>
<date_add><![CDATA[2019-07-23 15:16:58]]></date_add>
</message>
<message><id_message><![CDATA[2098]]></id_message>
<message><![CDATA[Payment accepted.]]></message>
<id_cart><![CDATA[0]]></id_cart>
<id_order><![CDATA[2955]]></id_order>
<id_customer><![CDATA[0]]></id_customer>
<id_employee><![CDATA[0]]></id_employee>
<private><![CDATA[1]]></private>
<date_add><![CDATA[2019-07-24 00:16:38]]></date_add>
</message>
<message><id_message><![CDATA[2099]]></id_message>
<message><![CDATA[Payment accepted.]]></message>
<id_cart><![CDATA[0]]></id_cart>
<id_order><![CDATA[2964]]></id_order>
<id_customer><![CDATA[0]]></id_customer>
<id_employee><![CDATA[0]]></id_employee>
<private><![CDATA[1]]></private>
<date_add><![CDATA[2019-07-24 16:56:16]]></date_add>
</message>
<message><id_message><![CDATA[2100]]></id_message>
<message><![CDATA[Payment accepted.]]></message>
<id_cart><![CDATA[0]]></id_cart>
<id_order><![CDATA[2967]]></id_order>
<id_customer><![CDATA[0]]></id_customer>
<id_employee><![CDATA[0]]></id_employee>
<private><![CDATA[1]]></private>
<date_add><![CDATA[2019-07-24 23:26:12]]></date_add>
</message>
<message><id_message><![CDATA[2101]]></id_message>
<message><![CDATA[Payment accepted.]]></message>
<id_cart><![CDATA[0]]></id_cart>
<id_order><![CDATA[2971]]></id_order>
<id_customer><![CDATA[0]]></id_customer>
<id_employee><![CDATA[0]]></id_employee>
<private><![CDATA[1]]></private>
<date_add><![CDATA[2019-07-25 13:41:44]]></date_add>
</message>
<message><id_message><![CDATA[2102]]></id_message>
<message><![CDATA[Payment accepted.]]></message>
<id_cart><![CDATA[0]]></id_cart>
<id_order><![CDATA[2973]]></id_order>
<id_customer><![CDATA[0]]></id_customer>
<id_employee><![CDATA[0]]></id_employee>
<private><![CDATA[1]]></private>
<date_add><![CDATA[2019-07-25 20:37:44]]></date_add>
</message>
<message><id_message><![CDATA[2103]]></id_message>
<message><![CDATA[Payment accepted.]]></message>
<id_cart><![CDATA[0]]></id_cart>
<id_order><![CDATA[2974]]></id_order>
<id_customer><![CDATA[0]]></id_customer>
<id_employee><![CDATA[0]]></id_employee>
<private><![CDATA[1]]></private>
<date_add><![CDATA[2019-07-26 11:13:32]]></date_add>
</message>
<message><id_message><![CDATA[2104]]></id_message>
<message><![CDATA[Payment accepted.]]></message>
<id_cart><![CDATA[0]]></id_cart>
<id_order><![CDATA[2977]]></id_order>
<id_customer><![CDATA[0]]></id_customer>
<id_employee><![CDATA[0]]></id_employee>
<private><![CDATA[1]]></private>
<date_add><![CDATA[2019-07-26 13:52:05]]></date_add>
</message>
<message><id_message><![CDATA[2105]]></id_message>
<message><![CDATA[Payment accepted.]]></message>
<id_cart><![CDATA[0]]></id_cart>
<id_order><![CDATA[2978]]></id_order>
<id_customer><![CDATA[0]]></id_customer>
<id_employee><![CDATA[0]]></id_employee>
<private><![CDATA[1]]></private>
<date_add><![CDATA[2019-07-26 15:10:35]]></date_add>
</message>
<message><id_message><![CDATA[2106]]></id_message>
<message><![CDATA[Payment accepted.]]></message>
<id_cart><![CDATA[0]]></id_cart>
<id_order><![CDATA[2979]]></id_order>
<id_customer><![CDATA[0]]></id_customer>
<id_employee><![CDATA[0]]></id_employee>
<private><![CDATA[1]]></private>
<date_add><![CDATA[2019-07-26 19:26:04]]></date_add>
</message>
<message><id_message><![CDATA[2107]]></id_message>
<message><![CDATA[Payment accepted.]]></message>
<id_cart><![CDATA[0]]></id_cart>
<id_order><![CDATA[2981]]></id_order>
<id_customer><![CDATA[0]]></id_customer>
<id_employee><![CDATA[0]]></id_employee>
<private><![CDATA[1]]></private>
<date_add><![CDATA[2019-07-27 06:37:08]]></date_add>
</message>
<message><id_message><![CDATA[2108]]></id_message>
<message><![CDATA[Payment accepted.]]></message>
<id_cart><![CDATA[0]]></id_cart>
<id_order><![CDATA[2984]]></id_order>
<id_customer><![CDATA[0]]></id_customer>
<id_employee><![CDATA[0]]></id_employee>
<private><![CDATA[1]]></private>
<date_add><![CDATA[2019-07-27 12:13:16]]></date_add>
</message>
<message><id_message><![CDATA[2109]]></id_message>
<message><![CDATA[Payment accepted.]]></message>
<id_cart><![CDATA[0]]></id_cart>
<id_order><![CDATA[2986]]></id_order>
<id_customer><![CDATA[0]]></id_customer>
<id_employee><![CDATA[0]]></id_employee>
<private><![CDATA[1]]></private>
<date_add><![CDATA[2019-07-27 16:09:45]]></date_add>
</message>
<message><id_message><![CDATA[2110]]></id_message>
<message><![CDATA[Payment accepted.]]></message>
<id_cart><![CDATA[0]]></id_cart>
<id_order><![CDATA[2989]]></id_order>
<id_customer><![CDATA[0]]></id_customer>
<id_employee><![CDATA[0]]></id_employee>
<private><![CDATA[1]]></private>
<date_add><![CDATA[2019-07-28 11:51:29]]></date_add>
</message>
<message><id_message><![CDATA[2111]]></id_message>
<message><![CDATA[Payment accepted.]]></message>
<id_cart><![CDATA[0]]></id_cart>
<id_order><![CDATA[2991]]></id_order>
<id_customer><![CDATA[0]]></id_customer>
<id_employee><![CDATA[0]]></id_employee>
<private><![CDATA[1]]></private>
<date_add><![CDATA[2019-07-28 13:03:55]]></date_add>
</message>
<message><id_message><![CDATA[2112]]></id_message>
<message><![CDATA[Payment accepted.]]></message>
<id_cart><![CDATA[0]]></id_cart>
<id_order><![CDATA[2993]]></id_order>
<id_customer><![CDATA[0]]></id_customer>
<id_employee><![CDATA[0]]></id_employee>
<private><![CDATA[1]]></private>
<date_add><![CDATA[2019-07-28 15:06:33]]></date_add>
</message>
<message><id_message><![CDATA[2113]]></id_message>
<message><![CDATA[Payment accepted.]]></message>
<id_cart><![CDATA[0]]></id_cart>
<id_order><![CDATA[2996]]></id_order>
<id_customer><![CDATA[0]]></id_customer>
<id_employee><![CDATA[0]]></id_employee>
<private><![CDATA[1]]></private>
<date_add><![CDATA[2019-07-28 20:36:12]]></date_add>
</message>
<message><id_message><![CDATA[2114]]></id_message>
<message><![CDATA[Payment accepted.]]></message>
<id_cart><![CDATA[0]]></id_cart>
<id_order><![CDATA[3000]]></id_order>
<id_customer><![CDATA[0]]></id_customer>
<id_employee><![CDATA[0]]></id_employee>
<private><![CDATA[1]]></private>
<date_add><![CDATA[2019-07-29 00:32:12]]></date_add>
</message>
<message><id_message><![CDATA[2115]]></id_message>
<message><![CDATA[Payment accepted.]]></message>
<id_cart><![CDATA[0]]></id_cart>
<id_order><![CDATA[3001]]></id_order>
<id_customer><![CDATA[0]]></id_customer>
<id_employee><![CDATA[0]]></id_employee>
<private><![CDATA[1]]></private>
<date_add><![CDATA[2019-07-29 08:50:44]]></date_add>
</message>
<message><id_message><![CDATA[2116]]></id_message>
<message><![CDATA[Payment accepted.]]></message>
<id_cart><![CDATA[0]]></id_cart>
<id_order><![CDATA[3005]]></id_order>
<id_customer><![CDATA[0]]></id_customer>
<id_employee><![CDATA[0]]></id_employee>
<private><![CDATA[1]]></private>
<date_add><![CDATA[2019-07-29 13:20:39]]></date_add>
</message>
<message><id_message><![CDATA[2117]]></id_message>
<message><![CDATA[Payment accepted.]]></message>
<id_cart><![CDATA[0]]></id_cart>
<id_order><![CDATA[3006]]></id_order>
<id_customer><![CDATA[0]]></id_customer>
<id_employee><![CDATA[0]]></id_employee>
<private><![CDATA[1]]></private>
<date_add><![CDATA[2019-07-29 13:45:34]]></date_add>
</message>
<message><id_message><![CDATA[2118]]></id_message>
<message><![CDATA[Payment accepted.]]></message>
<id_cart><![CDATA[0]]></id_cart>
<id_order><![CDATA[3007]]></id_order>
<id_customer><![CDATA[0]]></id_customer>
<id_employee><![CDATA[0]]></id_employee>
<private><![CDATA[1]]></private>
<date_add><![CDATA[2019-07-29 17:43:12]]></date_add>
</message>
<message><id_message><![CDATA[2119]]></id_message>
<message><![CDATA[Payment accepted.]]></message>
<id_cart><![CDATA[0]]></id_cart>
<id_order><![CDATA[3009]]></id_order>
<id_customer><![CDATA[0]]></id_customer>
<id_employee><![CDATA[0]]></id_employee>
<private><![CDATA[1]]></private>
<date_add><![CDATA[2019-07-29 19:59:10]]></date_add>
</message>
<message><id_message><![CDATA[2120]]></id_message>
<message><![CDATA[Payment accepted.]]></message>
<id_cart><![CDATA[0]]></id_cart>
<id_order><![CDATA[3011]]></id_order>
<id_customer><![CDATA[0]]></id_customer>
<id_employee><![CDATA[0]]></id_employee>
<private><![CDATA[1]]></private>
<date_add><![CDATA[2019-07-29 21:42:22]]></date_add>
</message>
<message><id_message><![CDATA[2121]]></id_message>
<message><![CDATA[Payment accepted.]]></message>
<id_cart><![CDATA[0]]></id_cart>
<id_order><![CDATA[3013]]></id_order>
<id_customer><![CDATA[0]]></id_customer>
<id_employee><![CDATA[0]]></id_employee>
<private><![CDATA[1]]></private>
<date_add><![CDATA[2019-07-30 16:29:05]]></date_add>
</message>
<message><id_message><![CDATA[2122]]></id_message>
<message><![CDATA[Payment accepted.]]></message>
<id_cart><![CDATA[0]]></id_cart>
<id_order><![CDATA[3015]]></id_order>
<id_customer><![CDATA[0]]></id_customer>
<id_employee><![CDATA[0]]></id_employee>
<private><![CDATA[1]]></private>
<date_add><![CDATA[2019-07-30 20:24:20]]></date_add>
</message>
<message><id_message><![CDATA[2123]]></id_message>
<message><![CDATA[Payment accepted.]]></message>
<id_cart><![CDATA[0]]></id_cart>
<id_order><![CDATA[3016]]></id_order>
<id_customer><![CDATA[0]]></id_customer>
<id_employee><![CDATA[0]]></id_employee>
<private><![CDATA[1]]></private>
<date_add><![CDATA[2019-07-30 21:59:40]]></date_add>
</message>
<message><id_message><![CDATA[2124]]></id_message>
<message><![CDATA[Payment accepted.]]></message>
<id_cart><![CDATA[0]]></id_cart>
<id_order><![CDATA[3021]]></id_order>
<id_customer><![CDATA[0]]></id_customer>
<id_employee><![CDATA[0]]></id_employee>
<private><![CDATA[1]]></private>
<date_add><![CDATA[2019-07-31 16:45:55]]></date_add>
</message>
<message><id_message><![CDATA[2125]]></id_message>
<message><![CDATA[Payment accepted.]]></message>
<id_cart><![CDATA[0]]></id_cart>
<id_order><![CDATA[3023]]></id_order>
<id_customer><![CDATA[0]]></id_customer>
<id_employee><![CDATA[0]]></id_employee>
<private><![CDATA[1]]></private>
<date_add><![CDATA[2019-07-31 21:18:45]]></date_add>
</message>
<message><id_message><![CDATA[2126]]></id_message>
<message><![CDATA[Payment accepted.]]></message>
<id_cart><![CDATA[0]]></id_cart>
<id_order><![CDATA[3025]]></id_order>
<id_customer><![CDATA[0]]></id_customer>
<id_employee><![CDATA[0]]></id_employee>
<private><![CDATA[1]]></private>
<date_add><![CDATA[2019-07-31 23:31:28]]></date_add>
</message>
<message><id_message><![CDATA[2127]]></id_message>
<message><![CDATA[Payment accepted.]]></message>
<id_cart><![CDATA[0]]></id_cart>
<id_order><![CDATA[3026]]></id_order>
<id_customer><![CDATA[0]]></id_customer>
<id_employee><![CDATA[0]]></id_employee>
<private><![CDATA[1]]></private>
<date_add><![CDATA[2019-08-01 09:10:03]]></date_add>
</message>
<message><id_message><![CDATA[2128]]></id_message>
<message><![CDATA[Payment accepted.]]></message>
<id_cart><![CDATA[0]]></id_cart>
<id_order><![CDATA[3029]]></id_order>
<id_customer><![CDATA[0]]></id_customer>
<id_employee><![CDATA[0]]></id_employee>
<private><![CDATA[1]]></private>
<date_add><![CDATA[2019-08-01 15:56:57]]></date_add>
</message>
<message><id_message><![CDATA[2129]]></id_message>
<message><![CDATA[Payment accepted.]]></message>
<id_cart><![CDATA[0]]></id_cart>
<id_order><![CDATA[3032]]></id_order>
<id_customer><![CDATA[0]]></id_customer>
<id_employee><![CDATA[0]]></id_employee>
<private><![CDATA[1]]></private>
<date_add><![CDATA[2019-08-01 21:28:50]]></date_add>
</message>
<message><id_message><![CDATA[2130]]></id_message>
<message><![CDATA[Payment accepted.]]></message>
<id_cart><![CDATA[0]]></id_cart>
<id_order><![CDATA[3035]]></id_order>
<id_customer><![CDATA[0]]></id_customer>
<id_employee><![CDATA[0]]></id_employee>
<private><![CDATA[1]]></private>
<date_add><![CDATA[2019-08-02 07:51:51]]></date_add>
</message>
<message><id_message><![CDATA[2131]]></id_message>
<message><![CDATA[Payment accepted.]]></message>
<id_cart><![CDATA[0]]></id_cart>
<id_order><![CDATA[3038]]></id_order>
<id_customer><![CDATA[0]]></id_customer>
<id_employee><![CDATA[0]]></id_employee>
<private><![CDATA[1]]></private>
<date_add><![CDATA[2019-08-02 14:49:26]]></date_add>
</message>
<message><id_message><![CDATA[2132]]></id_message>
<message><![CDATA[Payment accepted.]]></message>
<id_cart><![CDATA[0]]></id_cart>
<id_order><![CDATA[3044]]></id_order>
<id_customer><![CDATA[0]]></id_customer>
<id_employee><![CDATA[0]]></id_employee>
<private><![CDATA[1]]></private>
<date_add><![CDATA[2019-08-04 14:30:35]]></date_add>
</message>
<message><id_message><![CDATA[2133]]></id_message>
<message><![CDATA[Payment accepted.]]></message>
<id_cart><![CDATA[0]]></id_cart>
<id_order><![CDATA[3051]]></id_order>
<id_customer><![CDATA[0]]></id_customer>
<id_employee><![CDATA[0]]></id_employee>
<private><![CDATA[1]]></private>
<date_add><![CDATA[2019-08-05 16:41:52]]></date_add>
</message>
<message><id_message><![CDATA[2134]]></id_message>
<message><![CDATA[Payment accepted.]]></message>
<id_cart><![CDATA[0]]></id_cart>
<id_order><![CDATA[3053]]></id_order>
<id_customer><![CDATA[0]]></id_customer>
<id_employee><![CDATA[0]]></id_employee>
<private><![CDATA[1]]></private>
<date_add><![CDATA[2019-08-05 21:16:22]]></date_add>
</message>
<message><id_message><![CDATA[2135]]></id_message>
<message><![CDATA[Payment accepted.]]></message>
<id_cart><![CDATA[0]]></id_cart>
<id_order><![CDATA[3055]]></id_order>
<id_customer><![CDATA[0]]></id_customer>
<id_employee><![CDATA[0]]></id_employee>
<private><![CDATA[1]]></private>
<date_add><![CDATA[2019-08-06 11:29:43]]></date_add>
</message>
<message><id_message><![CDATA[2136]]></id_message>
<message><![CDATA[Payment accepted.]]></message>
<id_cart><![CDATA[0]]></id_cart>
<id_order><![CDATA[3057]]></id_order>
<id_customer><![CDATA[0]]></id_customer>
<id_employee><![CDATA[0]]></id_employee>
<private><![CDATA[1]]></private>
<date_add><![CDATA[2019-08-06 13:42:17]]></date_add>
</message>
<message><id_message><![CDATA[2137]]></id_message>
<message><![CDATA[Payment accepted.]]></message>
<id_cart><![CDATA[0]]></id_cart>
<id_order><![CDATA[3058]]></id_order>
<id_customer><![CDATA[0]]></id_customer>
<id_employee><![CDATA[0]]></id_employee>
<private><![CDATA[1]]></private>
<date_add><![CDATA[2019-08-06 15:42:29]]></date_add>
</message>
<message><id_message><![CDATA[2138]]></id_message>
<message><![CDATA[Payment accepted.]]></message>
<id_cart><![CDATA[0]]></id_cart>
<id_order><![CDATA[3059]]></id_order>
<id_customer><![CDATA[0]]></id_customer>
<id_employee><![CDATA[0]]></id_employee>
<private><![CDATA[1]]></private>
<date_add><![CDATA[2019-08-06 16:45:37]]></date_add>
</message>
<message><id_message><![CDATA[2139]]></id_message>
<message><![CDATA[Payment accepted.]]></message>
<id_cart><![CDATA[0]]></id_cart>
<id_order><![CDATA[3060]]></id_order>
<id_customer><![CDATA[0]]></id_customer>
<id_employee><![CDATA[0]]></id_employee>
<private><![CDATA[1]]></private>
<date_add><![CDATA[2019-08-06 17:05:11]]></date_add>
</message>
<message><id_message><![CDATA[2140]]></id_message>
<message><![CDATA[Payment accepted.]]></message>
<id_cart><![CDATA[0]]></id_cart>
<id_order><![CDATA[3062]]></id_order>
<id_customer><![CDATA[0]]></id_customer>
<id_employee><![CDATA[0]]></id_employee>
<private><![CDATA[1]]></private>
<date_add><![CDATA[2019-08-06 18:35:13]]></date_add>
</message>
<message><id_message><![CDATA[2141]]></id_message>
<message><![CDATA[Payment accepted.]]></message>
<id_cart><![CDATA[0]]></id_cart>
<id_order><![CDATA[3063]]></id_order>
<id_customer><![CDATA[0]]></id_customer>
<id_employee><![CDATA[0]]></id_employee>
<private><![CDATA[1]]></private>
<date_add><![CDATA[2019-08-06 19:09:37]]></date_add>
</message>
<message><id_message><![CDATA[2142]]></id_message>
<message><![CDATA[Payment accepted.]]></message>
<id_cart><![CDATA[0]]></id_cart>
<id_order><![CDATA[3065]]></id_order>
<id_customer><![CDATA[0]]></id_customer>
<id_employee><![CDATA[0]]></id_employee>
<private><![CDATA[1]]></private>
<date_add><![CDATA[2019-08-06 20:49:31]]></date_add>
</message>
<message><id_message><![CDATA[2143]]></id_message>
<message><![CDATA[Payment accepted.]]></message>
<id_cart><![CDATA[0]]></id_cart>
<id_order><![CDATA[3066]]></id_order>
<id_customer><![CDATA[0]]></id_customer>
<id_employee><![CDATA[0]]></id_employee>
<private><![CDATA[1]]></private>
<date_add><![CDATA[2019-08-06 21:08:34]]></date_add>
</message>
<message><id_message><![CDATA[2144]]></id_message>
<message><![CDATA[Payment accepted.]]></message>
<id_cart><![CDATA[0]]></id_cart>
<id_order><![CDATA[3067]]></id_order>
<id_customer><![CDATA[0]]></id_customer>
<id_employee><![CDATA[0]]></id_employee>
<private><![CDATA[1]]></private>
<date_add><![CDATA[2019-08-06 21:29:53]]></date_add>
</message>
<message><id_message><![CDATA[2145]]></id_message>
<message><![CDATA[Payment accepted.]]></message>
<id_cart><![CDATA[0]]></id_cart>
<id_order><![CDATA[3068]]></id_order>
<id_customer><![CDATA[0]]></id_customer>
<id_employee><![CDATA[0]]></id_employee>
<private><![CDATA[1]]></private>
<date_add><![CDATA[2019-08-06 23:18:26]]></date_add>
</message>
<message><id_message><![CDATA[2146]]></id_message>
<message><![CDATA[Payment accepted.]]></message>
<id_cart><![CDATA[0]]></id_cart>
<id_order><![CDATA[3069]]></id_order>
<id_customer><![CDATA[0]]></id_customer>
<id_employee><![CDATA[0]]></id_employee>
<private><![CDATA[1]]></private>
<date_add><![CDATA[2019-08-07 10:31:48]]></date_add>
</message>
<message><id_message><![CDATA[2147]]></id_message>
<message><![CDATA[Payment accepted.]]></message>
<id_cart><![CDATA[0]]></id_cart>
<id_order><![CDATA[3070]]></id_order>
<id_customer><![CDATA[0]]></id_customer>
<id_employee><![CDATA[0]]></id_employee>
<private><![CDATA[1]]></private>
<date_add><![CDATA[2019-08-07 11:18:03]]></date_add>
</message>
<message><id_message><![CDATA[2148]]></id_message>
<message><![CDATA[Payment accepted.]]></message>
<id_cart><![CDATA[0]]></id_cart>
<id_order><![CDATA[3071]]></id_order>
<id_customer><![CDATA[0]]></id_customer>
<id_employee><![CDATA[0]]></id_employee>
<private><![CDATA[1]]></private>
<date_add><![CDATA[2019-08-07 22:35:25]]></date_add>
</message>
<message><id_message><![CDATA[2149]]></id_message>
<message><![CDATA[Payment accepted.]]></message>
<id_cart><![CDATA[0]]></id_cart>
<id_order><![CDATA[3075]]></id_order>
<id_customer><![CDATA[0]]></id_customer>
<id_employee><![CDATA[0]]></id_employee>
<private><![CDATA[1]]></private>
<date_add><![CDATA[2019-08-08 17:12:16]]></date_add>
</message>
<message><id_message><![CDATA[2150]]></id_message>
<message><![CDATA[Payment accepted.]]></message>
<id_cart><![CDATA[0]]></id_cart>
<id_order><![CDATA[3077]]></id_order>
<id_customer><![CDATA[0]]></id_customer>
<id_employee><![CDATA[0]]></id_employee>
<private><![CDATA[1]]></private>
<date_add><![CDATA[2019-08-09 01:06:11]]></date_add>
</message>
<message><id_message><![CDATA[2151]]></id_message>
<message><![CDATA[Payment accepted.]]></message>
<id_cart><![CDATA[0]]></id_cart>
<id_order><![CDATA[3079]]></id_order>
<id_customer><![CDATA[0]]></id_customer>
<id_employee><![CDATA[0]]></id_employee>
<private><![CDATA[1]]></private>
<date_add><![CDATA[2019-08-09 12:30:56]]></date_add>
</message>
<message><id_message><![CDATA[2152]]></id_message>
<message><![CDATA[Payment accepted.]]></message>
<id_cart><![CDATA[0]]></id_cart>
<id_order><![CDATA[3081]]></id_order>
<id_customer><![CDATA[0]]></id_customer>
<id_employee><![CDATA[0]]></id_employee>
<private><![CDATA[1]]></private>
<date_add><![CDATA[2019-08-09 15:06:05]]></date_add>
</message>
<message><id_message><![CDATA[2153]]></id_message>
<message><![CDATA[Payment accepted.]]></message>
<id_cart><![CDATA[0]]></id_cart>
<id_order><![CDATA[3082]]></id_order>
<id_customer><![CDATA[0]]></id_customer>
<id_employee><![CDATA[0]]></id_employee>
<private><![CDATA[1]]></private>
<date_add><![CDATA[2019-08-09 23:48:12]]></date_add>
</message>
<message><id_message><![CDATA[2154]]></id_message>
<message><![CDATA[Payment accepted.]]></message>
<id_cart><![CDATA[0]]></id_cart>
<id_order><![CDATA[3083]]></id_order>
<id_customer><![CDATA[0]]></id_customer>
<id_employee><![CDATA[0]]></id_employee>
<private><![CDATA[1]]></private>
<date_add><![CDATA[2019-08-10 08:52:50]]></date_add>
</message>
<message><id_message><![CDATA[2155]]></id_message>
<message><![CDATA[Payment accepted.]]></message>
<id_cart><![CDATA[0]]></id_cart>
<id_order><![CDATA[3086]]></id_order>
<id_customer><![CDATA[0]]></id_customer>
<id_employee><![CDATA[0]]></id_employee>
<private><![CDATA[1]]></private>
<date_add><![CDATA[2019-08-10 15:15:29]]></date_add>
</message>
<message><id_message><![CDATA[2156]]></id_message>
<message><![CDATA[Payment accepted.]]></message>
<id_cart><![CDATA[0]]></id_cart>
<id_order><![CDATA[3092]]></id_order>
<id_customer><![CDATA[0]]></id_customer>
<id_employee><![CDATA[0]]></id_employee>
<private><![CDATA[1]]></private>
<date_add><![CDATA[2019-08-11 17:14:11]]></date_add>
</message>
<message><id_message><![CDATA[2157]]></id_message>
<message><![CDATA[Payment accepted.]]></message>
<id_cart><![CDATA[0]]></id_cart>
<id_order><![CDATA[3097]]></id_order>
<id_customer><![CDATA[0]]></id_customer>
<id_employee><![CDATA[0]]></id_employee>
<private><![CDATA[1]]></private>
<date_add><![CDATA[2019-08-12 16:32:48]]></date_add>
</message>
<message><id_message><![CDATA[2158]]></id_message>
<message><![CDATA[Payment accepted.]]></message>
<id_cart><![CDATA[0]]></id_cart>
<id_order><![CDATA[3099]]></id_order>
<id_customer><![CDATA[0]]></id_customer>
<id_employee><![CDATA[0]]></id_employee>
<private><![CDATA[1]]></private>
<date_add><![CDATA[2019-08-12 17:55:08]]></date_add>
</message>
<message><id_message><![CDATA[2159]]></id_message>
<message><![CDATA[Payment accepted.]]></message>
<id_cart><![CDATA[0]]></id_cart>
<id_order><![CDATA[3101]]></id_order>
<id_customer><![CDATA[0]]></id_customer>
<id_employee><![CDATA[0]]></id_employee>
<private><![CDATA[1]]></private>
<date_add><![CDATA[2019-08-13 09:34:23]]></date_add>
</message>
<message><id_message><![CDATA[2160]]></id_message>
<message><![CDATA[Payment accepted.]]></message>
<id_cart><![CDATA[0]]></id_cart>
<id_order><![CDATA[3103]]></id_order>
<id_customer><![CDATA[0]]></id_customer>
<id_employee><![CDATA[0]]></id_employee>
<private><![CDATA[1]]></private>
<date_add><![CDATA[2019-08-14 09:23:29]]></date_add>
</message>
<message><id_message><![CDATA[2161]]></id_message>
<message><![CDATA[Payment accepted.]]></message>
<id_cart><![CDATA[0]]></id_cart>
<id_order><![CDATA[3104]]></id_order>
<id_customer><![CDATA[0]]></id_customer>
<id_employee><![CDATA[0]]></id_employee>
<private><![CDATA[1]]></private>
<date_add><![CDATA[2019-08-14 09:25:16]]></date_add>
</message>
<message><id_message><![CDATA[2162]]></id_message>
<message><![CDATA[Payment accepted.]]></message>
<id_cart><![CDATA[0]]></id_cart>
<id_order><![CDATA[3105]]></id_order>
<id_customer><![CDATA[0]]></id_customer>
<id_employee><![CDATA[0]]></id_employee>
<private><![CDATA[1]]></private>
<date_add><![CDATA[2019-08-14 11:16:35]]></date_add>
</message>
<message><id_message><![CDATA[2163]]></id_message>
<message><![CDATA[Payment accepted.]]></message>
<id_cart><![CDATA[0]]></id_cart>
<id_order><![CDATA[3107]]></id_order>
<id_customer><![CDATA[0]]></id_customer>
<id_employee><![CDATA[0]]></id_employee>
<private><![CDATA[1]]></private>
<date_add><![CDATA[2019-08-14 15:19:28]]></date_add>
</message>
<message><id_message><![CDATA[2164]]></id_message>
<message><![CDATA[Payment accepted.]]></message>
<id_cart><![CDATA[0]]></id_cart>
<id_order><![CDATA[3109]]></id_order>
<id_customer><![CDATA[0]]></id_customer>
<id_employee><![CDATA[0]]></id_employee>
<private><![CDATA[1]]></private>
<date_add><![CDATA[2019-08-15 10:31:59]]></date_add>
</message>
<message><id_message><![CDATA[2165]]></id_message>
<message><![CDATA[Payment accepted.]]></message>
<id_cart><![CDATA[0]]></id_cart>
<id_order><![CDATA[3110]]></id_order>
<id_customer><![CDATA[0]]></id_customer>
<id_employee><![CDATA[0]]></id_employee>
<private><![CDATA[1]]></private>
<date_add><![CDATA[2019-08-15 10:41:01]]></date_add>
</message>
<message><id_message><![CDATA[2166]]></id_message>
<message><![CDATA[Payment accepted.]]></message>
<id_cart><![CDATA[0]]></id_cart>
<id_order><![CDATA[3112]]></id_order>
<id_customer><![CDATA[0]]></id_customer>
<id_employee><![CDATA[0]]></id_employee>
<private><![CDATA[1]]></private>
<date_add><![CDATA[2019-08-15 14:38:36]]></date_add>
</message>
<message><id_message><![CDATA[2167]]></id_message>
<message><![CDATA[Payment accepted.]]></message>
<id_cart><![CDATA[0]]></id_cart>
<id_order><![CDATA[3115]]></id_order>
<id_customer><![CDATA[0]]></id_customer>
<id_employee><![CDATA[0]]></id_employee>
<private><![CDATA[1]]></private>
<date_add><![CDATA[2019-08-16 15:05:01]]></date_add>
</message>
<message><id_message><![CDATA[2168]]></id_message>
<message><![CDATA[Payment accepted.]]></message>
<id_cart><![CDATA[0]]></id_cart>
<id_order><![CDATA[3117]]></id_order>
<id_customer><![CDATA[0]]></id_customer>
<id_employee><![CDATA[0]]></id_employee>
<private><![CDATA[1]]></private>
<date_add><![CDATA[2019-08-16 21:07:13]]></date_add>
</message>
<message><id_message><![CDATA[2169]]></id_message>
<message><![CDATA[Payment accepted.]]></message>
<id_cart><![CDATA[0]]></id_cart>
<id_order><![CDATA[3118]]></id_order>
<id_customer><![CDATA[0]]></id_customer>
<id_employee><![CDATA[0]]></id_employee>
<private><![CDATA[1]]></private>
<date_add><![CDATA[2019-08-17 00:22:14]]></date_add>
</message>
<message><id_message><![CDATA[2170]]></id_message>
<message><![CDATA[Payment accepted.]]></message>
<id_cart><![CDATA[0]]></id_cart>
<id_order><![CDATA[3122]]></id_order>
<id_customer><![CDATA[0]]></id_customer>
<id_employee><![CDATA[0]]></id_employee>
<private><![CDATA[1]]></private>
<date_add><![CDATA[2019-08-17 20:04:20]]></date_add>
</message>
<message><id_message><![CDATA[2171]]></id_message>
<message><![CDATA[Payment accepted.]]></message>
<id_cart><![CDATA[0]]></id_cart>
<id_order><![CDATA[3125]]></id_order>
<id_customer><![CDATA[0]]></id_customer>
<id_employee><![CDATA[0]]></id_employee>
<private><![CDATA[1]]></private>
<date_add><![CDATA[2019-08-18 11:09:32]]></date_add>
</message>
<message><id_message><![CDATA[2172]]></id_message>
<message><![CDATA[Payment accepted.]]></message>
<id_cart><![CDATA[0]]></id_cart>
<id_order><![CDATA[3126]]></id_order>
<id_customer><![CDATA[0]]></id_customer>
<id_employee><![CDATA[0]]></id_employee>
<private><![CDATA[1]]></private>
<date_add><![CDATA[2019-08-18 13:36:15]]></date_add>
</message>
<message><id_message><![CDATA[2173]]></id_message>
<message><![CDATA[Payment accepted.]]></message>
<id_cart><![CDATA[0]]></id_cart>
<id_order><![CDATA[3132]]></id_order>
<id_customer><![CDATA[0]]></id_customer>
<id_employee><![CDATA[0]]></id_employee>
<private><![CDATA[1]]></private>
<date_add><![CDATA[2019-08-20 19:22:28]]></date_add>
</message>
<message><id_message><![CDATA[2174]]></id_message>
<message><![CDATA[Payment accepted.]]></message>
<id_cart><![CDATA[0]]></id_cart>
<id_order><![CDATA[3133]]></id_order>
<id_customer><![CDATA[0]]></id_customer>
<id_employee><![CDATA[0]]></id_employee>
<private><![CDATA[1]]></private>
<date_add><![CDATA[2019-08-20 22:04:49]]></date_add>
</message>
<message><id_message><![CDATA[2175]]></id_message>
<message><![CDATA[Payment accepted.]]></message>
<id_cart><![CDATA[0]]></id_cart>
<id_order><![CDATA[3134]]></id_order>
<id_customer><![CDATA[0]]></id_customer>
<id_employee><![CDATA[0]]></id_employee>
<private><![CDATA[1]]></private>
<date_add><![CDATA[2019-08-21 09:29:17]]></date_add>
</message>
<message><id_message><![CDATA[2176]]></id_message>
<message><![CDATA[Payment accepted.]]></message>
<id_cart><![CDATA[0]]></id_cart>
<id_order><![CDATA[3136]]></id_order>
<id_customer><![CDATA[0]]></id_customer>
<id_employee><![CDATA[0]]></id_employee>
<private><![CDATA[1]]></private>
<date_add><![CDATA[2019-08-21 14:56:27]]></date_add>
</message>
<message><id_message><![CDATA[2177]]></id_message>
<message><![CDATA[Payment accepted.]]></message>
<id_cart><![CDATA[0]]></id_cart>
<id_order><![CDATA[3137]]></id_order>
<id_customer><![CDATA[0]]></id_customer>
<id_employee><![CDATA[0]]></id_employee>
<private><![CDATA[1]]></private>
<date_add><![CDATA[2019-08-21 16:06:40]]></date_add>
</message>
<message><id_message><![CDATA[2178]]></id_message>
<message><![CDATA[Payment accepted.]]></message>
<id_cart><![CDATA[0]]></id_cart>
<id_order><![CDATA[3143]]></id_order>
<id_customer><![CDATA[0]]></id_customer>
<id_employee><![CDATA[0]]></id_employee>
<private><![CDATA[1]]></private>
<date_add><![CDATA[2019-08-21 21:56:01]]></date_add>
</message>
<message><id_message><![CDATA[2179]]></id_message>
<message><![CDATA[Payment accepted.]]></message>
<id_cart><![CDATA[0]]></id_cart>
<id_order><![CDATA[3145]]></id_order>
<id_customer><![CDATA[0]]></id_customer>
<id_employee><![CDATA[0]]></id_employee>
<private><![CDATA[1]]></private>
<date_add><![CDATA[2019-08-22 09:35:19]]></date_add>
</message>
<message><id_message><![CDATA[2180]]></id_message>
<message><![CDATA[Payment accepted.]]></message>
<id_cart><![CDATA[0]]></id_cart>
<id_order><![CDATA[3146]]></id_order>
<id_customer><![CDATA[0]]></id_customer>
<id_employee><![CDATA[0]]></id_employee>
<private><![CDATA[1]]></private>
<date_add><![CDATA[2019-08-22 12:15:23]]></date_add>
</message>
<message><id_message><![CDATA[2181]]></id_message>
<message><![CDATA[Payment accepted.]]></message>
<id_cart><![CDATA[0]]></id_cart>
<id_order><![CDATA[3147]]></id_order>
<id_customer><![CDATA[0]]></id_customer>
<id_employee><![CDATA[0]]></id_employee>
<private><![CDATA[1]]></private>
<date_add><![CDATA[2019-08-22 12:40:21]]></date_add>
</message>
<message><id_message><![CDATA[2182]]></id_message>
<message><![CDATA[Payment accepted.]]></message>
<id_cart><![CDATA[0]]></id_cart>
<id_order><![CDATA[3150]]></id_order>
<id_customer><![CDATA[0]]></id_customer>
<id_employee><![CDATA[0]]></id_employee>
<private><![CDATA[1]]></private>
<date_add><![CDATA[2019-08-22 22:48:25]]></date_add>
</message>
<message><id_message><![CDATA[2183]]></id_message>
<message><![CDATA[Payment accepted.]]></message>
<id_cart><![CDATA[0]]></id_cart>
<id_order><![CDATA[3160]]></id_order>
<id_customer><![CDATA[0]]></id_customer>
<id_employee><![CDATA[0]]></id_employee>
<private><![CDATA[1]]></private>
<date_add><![CDATA[2019-08-25 19:38:59]]></date_add>
</message>
<message><id_message><![CDATA[2184]]></id_message>
<message><![CDATA[Payment accepted.]]></message>
<id_cart><![CDATA[0]]></id_cart>
<id_order><![CDATA[3163]]></id_order>
<id_customer><![CDATA[0]]></id_customer>
<id_employee><![CDATA[0]]></id_employee>
<private><![CDATA[1]]></private>
<date_add><![CDATA[2019-08-26 01:54:17]]></date_add>
</message>
<message><id_message><![CDATA[2185]]></id_message>
<message><![CDATA[Payment accepted.]]></message>
<id_cart><![CDATA[0]]></id_cart>
<id_order><![CDATA[3164]]></id_order>
<id_customer><![CDATA[0]]></id_customer>
<id_employee><![CDATA[0]]></id_employee>
<private><![CDATA[1]]></private>
<date_add><![CDATA[2019-08-26 15:23:34]]></date_add>
</message>
<message><id_message><![CDATA[2186]]></id_message>
<message><![CDATA[Payment accepted.]]></message>
<id_cart><![CDATA[0]]></id_cart>
<id_order><![CDATA[3165]]></id_order>
<id_customer><![CDATA[0]]></id_customer>
<id_employee><![CDATA[0]]></id_employee>
<private><![CDATA[1]]></private>
<date_add><![CDATA[2019-08-26 15:26:44]]></date_add>
</message>
<message><id_message><![CDATA[2187]]></id_message>
<message><![CDATA[Payment accepted.]]></message>
<id_cart><![CDATA[0]]></id_cart>
<id_order><![CDATA[3168]]></id_order>
<id_customer><![CDATA[0]]></id_customer>
<id_employee><![CDATA[0]]></id_employee>
<private><![CDATA[1]]></private>
<date_add><![CDATA[2019-08-26 19:47:13]]></date_add>
</message>
<message><id_message><![CDATA[2188]]></id_message>
<message><![CDATA[Payment accepted.]]></message>
<id_cart><![CDATA[0]]></id_cart>
<id_order><![CDATA[3169]]></id_order>
<id_customer><![CDATA[0]]></id_customer>
<id_employee><![CDATA[0]]></id_employee>
<private><![CDATA[1]]></private>
<date_add><![CDATA[2019-08-26 21:35:25]]></date_add>
</message>
<message><id_message><![CDATA[2189]]></id_message>
<message><![CDATA[Payment accepted.]]></message>
<id_cart><![CDATA[0]]></id_cart>
<id_order><![CDATA[3170]]></id_order>
<id_customer><![CDATA[0]]></id_customer>
<id_employee><![CDATA[0]]></id_employee>
<private><![CDATA[1]]></private>
<date_add><![CDATA[2019-08-27 11:48:35]]></date_add>
</message>
<message><id_message><![CDATA[2190]]></id_message>
<message><![CDATA[Payment accepted.]]></message>
<id_cart><![CDATA[0]]></id_cart>
<id_order><![CDATA[3171]]></id_order>
<id_customer><![CDATA[0]]></id_customer>
<id_employee><![CDATA[0]]></id_employee>
<private><![CDATA[1]]></private>
<date_add><![CDATA[2019-08-27 15:32:21]]></date_add>
</message>
<message><id_message><![CDATA[2191]]></id_message>
<message><![CDATA[Payment accepted.]]></message>
<id_cart><![CDATA[0]]></id_cart>
<id_order><![CDATA[3172]]></id_order>
<id_customer><![CDATA[0]]></id_customer>
<id_employee><![CDATA[0]]></id_employee>
<private><![CDATA[1]]></private>
<date_add><![CDATA[2019-08-27 16:04:39]]></date_add>
</message>
<message><id_message><![CDATA[2192]]></id_message>
<message><![CDATA[Payment accepted.]]></message>
<id_cart><![CDATA[0]]></id_cart>
<id_order><![CDATA[3175]]></id_order>
<id_customer><![CDATA[0]]></id_customer>
<id_employee><![CDATA[0]]></id_employee>
<private><![CDATA[1]]></private>
<date_add><![CDATA[2019-08-27 22:04:50]]></date_add>
</message>
<message><id_message><![CDATA[2193]]></id_message>
<message><![CDATA[Payment accepted.]]></message>
<id_cart><![CDATA[0]]></id_cart>
<id_order><![CDATA[3183]]></id_order>
<id_customer><![CDATA[0]]></id_customer>
<id_employee><![CDATA[0]]></id_employee>
<private><![CDATA[1]]></private>
<date_add><![CDATA[2019-08-28 17:28:53]]></date_add>
</message>
<message><id_message><![CDATA[2194]]></id_message>
<message><![CDATA[Payment accepted.]]></message>
<id_cart><![CDATA[0]]></id_cart>
<id_order><![CDATA[3186]]></id_order>
<id_customer><![CDATA[0]]></id_customer>
<id_employee><![CDATA[0]]></id_employee>
<private><![CDATA[1]]></private>
<date_add><![CDATA[2019-08-28 22:35:09]]></date_add>
</message>
<message><id_message><![CDATA[2195]]></id_message>
<message><![CDATA[Payment accepted.]]></message>
<id_cart><![CDATA[0]]></id_cart>
<id_order><![CDATA[3188]]></id_order>
<id_customer><![CDATA[0]]></id_customer>
<id_employee><![CDATA[0]]></id_employee>
<private><![CDATA[1]]></private>
<date_add><![CDATA[2019-08-28 23:17:34]]></date_add>
</message>
<message><id_message><![CDATA[2196]]></id_message>
<message><![CDATA[Payment accepted.]]></message>
<id_cart><![CDATA[0]]></id_cart>
<id_order><![CDATA[3189]]></id_order>
<id_customer><![CDATA[0]]></id_customer>
<id_employee><![CDATA[0]]></id_employee>
<private><![CDATA[1]]></private>
<date_add><![CDATA[2019-08-29 10:57:34]]></date_add>
</message>
<message><id_message><![CDATA[2197]]></id_message>
<message><![CDATA[Payment accepted.]]></message>
<id_cart><![CDATA[0]]></id_cart>
<id_order><![CDATA[3190]]></id_order>
<id_customer><![CDATA[0]]></id_customer>
<id_employee><![CDATA[0]]></id_employee>
<private><![CDATA[1]]></private>
<date_add><![CDATA[2019-08-29 15:09:41]]></date_add>
</message>
<message><id_message><![CDATA[2198]]></id_message>
<message><![CDATA[Payment accepted.]]></message>
<id_cart><![CDATA[0]]></id_cart>
<id_order><![CDATA[3196]]></id_order>
<id_customer><![CDATA[0]]></id_customer>
<id_employee><![CDATA[0]]></id_employee>
<private><![CDATA[1]]></private>
<date_add><![CDATA[2019-08-31 14:48:24]]></date_add>
</message>
<message><id_message><![CDATA[2199]]></id_message>
<message><![CDATA[Payment accepted.]]></message>
<id_cart><![CDATA[0]]></id_cart>
<id_order><![CDATA[3198]]></id_order>
<id_customer><![CDATA[0]]></id_customer>
<id_employee><![CDATA[0]]></id_employee>
<private><![CDATA[1]]></private>
<date_add><![CDATA[2019-09-01 08:59:21]]></date_add>
</message>
<message><id_message><![CDATA[2200]]></id_message>
<message><![CDATA[Payment accepted.]]></message>
<id_cart><![CDATA[0]]></id_cart>
<id_order><![CDATA[3199]]></id_order>
<id_customer><![CDATA[0]]></id_customer>
<id_employee><![CDATA[0]]></id_employee>
<private><![CDATA[1]]></private>
<date_add><![CDATA[2019-09-01 10:08:45]]></date_add>
</message>
<message><id_message><![CDATA[2201]]></id_message>
<message><![CDATA[Payment accepted.]]></message>
<id_cart><![CDATA[0]]></id_cart>
<id_order><![CDATA[3201]]></id_order>
<id_customer><![CDATA[0]]></id_customer>
<id_employee><![CDATA[0]]></id_employee>
<private><![CDATA[1]]></private>
<date_add><![CDATA[2019-09-01 18:57:02]]></date_add>
</message>
<message><id_message><![CDATA[2202]]></id_message>
<message><![CDATA[Payment accepted.]]></message>
<id_cart><![CDATA[0]]></id_cart>
<id_order><![CDATA[3202]]></id_order>
<id_customer><![CDATA[0]]></id_customer>
<id_employee><![CDATA[0]]></id_employee>
<private><![CDATA[1]]></private>
<date_add><![CDATA[2019-09-02 12:24:00]]></date_add>
</message>
<message><id_message><![CDATA[2203]]></id_message>
<message><![CDATA[Payment accepted.]]></message>
<id_cart><![CDATA[0]]></id_cart>
<id_order><![CDATA[3207]]></id_order>
<id_customer><![CDATA[0]]></id_customer>
<id_employee><![CDATA[0]]></id_employee>
<private><![CDATA[1]]></private>
<date_add><![CDATA[2019-09-03 22:44:09]]></date_add>
</message>
<message><id_message><![CDATA[2204]]></id_message>
<message><![CDATA[Payment accepted.]]></message>
<id_cart><![CDATA[0]]></id_cart>
<id_order><![CDATA[3209]]></id_order>
<id_customer><![CDATA[0]]></id_customer>
<id_employee><![CDATA[0]]></id_employee>
<private><![CDATA[1]]></private>
<date_add><![CDATA[2019-09-04 22:11:09]]></date_add>
</message>
<message><id_message><![CDATA[2205]]></id_message>
<message><![CDATA[Payment accepted.]]></message>
<id_cart><![CDATA[0]]></id_cart>
<id_order><![CDATA[3211]]></id_order>
<id_customer><![CDATA[0]]></id_customer>
<id_employee><![CDATA[0]]></id_employee>
<private><![CDATA[1]]></private>
<date_add><![CDATA[2019-09-05 22:24:44]]></date_add>
</message>
<message><id_message><![CDATA[2206]]></id_message>
<message><![CDATA[Payment accepted.]]></message>
<id_cart><![CDATA[0]]></id_cart>
<id_order><![CDATA[3213]]></id_order>
<id_customer><![CDATA[0]]></id_customer>
<id_employee><![CDATA[0]]></id_employee>
<private><![CDATA[1]]></private>
<date_add><![CDATA[2019-09-06 23:31:12]]></date_add>
</message>
<message><id_message><![CDATA[2207]]></id_message>
<message><![CDATA[Payment accepted.]]></message>
<id_cart><![CDATA[0]]></id_cart>
<id_order><![CDATA[3214]]></id_order>
<id_customer><![CDATA[0]]></id_customer>
<id_employee><![CDATA[0]]></id_employee>
<private><![CDATA[1]]></private>
<date_add><![CDATA[2019-09-08 08:34:56]]></date_add>
</message>
<message><id_message><![CDATA[2208]]></id_message>
<message><![CDATA[Payment accepted.]]></message>
<id_cart><![CDATA[0]]></id_cart>
<id_order><![CDATA[3215]]></id_order>
<id_customer><![CDATA[0]]></id_customer>
<id_employee><![CDATA[0]]></id_employee>
<private><![CDATA[1]]></private>
<date_add><![CDATA[2019-09-08 12:18:05]]></date_add>
</message>
<message><id_message><![CDATA[2209]]></id_message>
<message><![CDATA[Payment accepted.]]></message>
<id_cart><![CDATA[0]]></id_cart>
<id_order><![CDATA[3222]]></id_order>
<id_customer><![CDATA[0]]></id_customer>
<id_employee><![CDATA[0]]></id_employee>
<private><![CDATA[1]]></private>
<date_add><![CDATA[2019-09-09 19:16:28]]></date_add>
</message>
<message><id_message><![CDATA[2210]]></id_message>
<message><![CDATA[Payment accepted.]]></message>
<id_cart><![CDATA[0]]></id_cart>
<id_order><![CDATA[3223]]></id_order>
<id_customer><![CDATA[0]]></id_customer>
<id_employee><![CDATA[0]]></id_employee>
<private><![CDATA[1]]></private>
<date_add><![CDATA[2019-09-10 00:53:07]]></date_add>
</message>
<message><id_message><![CDATA[2211]]></id_message>
<message><![CDATA[Payment accepted.]]></message>
<id_cart><![CDATA[0]]></id_cart>
<id_order><![CDATA[3226]]></id_order>
<id_customer><![CDATA[0]]></id_customer>
<id_employee><![CDATA[0]]></id_employee>
<private><![CDATA[1]]></private>
<date_add><![CDATA[2019-09-10 22:01:16]]></date_add>
</message>
<message><id_message><![CDATA[2212]]></id_message>
<message><![CDATA[Payment accepted.]]></message>
<id_cart><![CDATA[0]]></id_cart>
<id_order><![CDATA[3228]]></id_order>
<id_customer><![CDATA[0]]></id_customer>
<id_employee><![CDATA[0]]></id_employee>
<private><![CDATA[1]]></private>
<date_add><![CDATA[2019-09-11 09:24:38]]></date_add>
</message>
<message><id_message><![CDATA[2213]]></id_message>
<message><![CDATA[Payment accepted.]]></message>
<id_cart><![CDATA[0]]></id_cart>
<id_order><![CDATA[3230]]></id_order>
<id_customer><![CDATA[0]]></id_customer>
<id_employee><![CDATA[0]]></id_employee>
<private><![CDATA[1]]></private>
<date_add><![CDATA[2019-09-11 19:41:33]]></date_add>
</message>
<message><id_message><![CDATA[2214]]></id_message>
<message><![CDATA[Payment accepted.]]></message>
<id_cart><![CDATA[0]]></id_cart>
<id_order><![CDATA[3235]]></id_order>
<id_customer><![CDATA[0]]></id_customer>
<id_employee><![CDATA[0]]></id_employee>
<private><![CDATA[1]]></private>
<date_add><![CDATA[2019-09-12 14:38:41]]></date_add>
</message>
<message><id_message><![CDATA[2215]]></id_message>
<message><![CDATA[Payment accepted.]]></message>
<id_cart><![CDATA[0]]></id_cart>
<id_order><![CDATA[3236]]></id_order>
<id_customer><![CDATA[0]]></id_customer>
<id_employee><![CDATA[0]]></id_employee>
<private><![CDATA[1]]></private>
<date_add><![CDATA[2019-09-12 20:04:18]]></date_add>
</message>
<message><id_message><![CDATA[2216]]></id_message>
<message><![CDATA[Payment accepted.]]></message>
<id_cart><![CDATA[0]]></id_cart>
<id_order><![CDATA[3239]]></id_order>
<id_customer><![CDATA[0]]></id_customer>
<id_employee><![CDATA[0]]></id_employee>
<private><![CDATA[1]]></private>
<date_add><![CDATA[2019-09-13 16:38:14]]></date_add>
</message>
<message><id_message><![CDATA[2217]]></id_message>
<message><![CDATA[Payment accepted.]]></message>
<id_cart><![CDATA[0]]></id_cart>
<id_order><![CDATA[3246]]></id_order>
<id_customer><![CDATA[0]]></id_customer>
<id_employee><![CDATA[0]]></id_employee>
<private><![CDATA[1]]></private>
<date_add><![CDATA[2019-09-17 10:32:19]]></date_add>
</message>
<message><id_message><![CDATA[2218]]></id_message>
<message><![CDATA[Payment accepted.]]></message>
<id_cart><![CDATA[0]]></id_cart>
<id_order><![CDATA[3260]]></id_order>
<id_customer><![CDATA[0]]></id_customer>
<id_employee><![CDATA[0]]></id_employee>
<private><![CDATA[1]]></private>
<date_add><![CDATA[2019-09-28 10:44:47]]></date_add>
</message>
<message><id_message><![CDATA[2219]]></id_message>
<message><![CDATA[Payment accepted.]]></message>
<id_cart><![CDATA[0]]></id_cart>
<id_order><![CDATA[3265]]></id_order>
<id_customer><![CDATA[0]]></id_customer>
<id_employee><![CDATA[0]]></id_employee>
<private><![CDATA[1]]></private>
<date_add><![CDATA[2019-10-01 13:15:47]]></date_add>
</message>
<message><id_message><![CDATA[2220]]></id_message>
<message><![CDATA[Payment accepted.]]></message>
<id_cart><![CDATA[0]]></id_cart>
<id_order><![CDATA[3266]]></id_order>
<id_customer><![CDATA[0]]></id_customer>
<id_employee><![CDATA[0]]></id_employee>
<private><![CDATA[1]]></private>
<date_add><![CDATA[2019-10-01 13:40:48]]></date_add>
</message>
<message><id_message><![CDATA[2221]]></id_message>
<message><![CDATA[Payment accepted.]]></message>
<id_cart><![CDATA[0]]></id_cart>
<id_order><![CDATA[3269]]></id_order>
<id_customer><![CDATA[0]]></id_customer>
<id_employee><![CDATA[0]]></id_employee>
<private><![CDATA[1]]></private>
<date_add><![CDATA[2019-10-04 12:50:41]]></date_add>
</message>
<message><id_message><![CDATA[2222]]></id_message>
<message><![CDATA[Payment accepted.]]></message>
<id_cart><![CDATA[0]]></id_cart>
<id_order><![CDATA[3271]]></id_order>
<id_customer><![CDATA[0]]></id_customer>
<id_employee><![CDATA[0]]></id_employee>
<private><![CDATA[1]]></private>
<date_add><![CDATA[2019-10-06 19:08:47]]></date_add>
</message>
<message><id_message><![CDATA[2223]]></id_message>
<message><![CDATA[Payment accepted.]]></message>
<id_cart><![CDATA[0]]></id_cart>
<id_order><![CDATA[3273]]></id_order>
<id_customer><![CDATA[0]]></id_customer>
<id_employee><![CDATA[0]]></id_employee>
<private><![CDATA[1]]></private>
<date_add><![CDATA[2019-10-07 21:52:34]]></date_add>
</message>
<message><id_message><![CDATA[2224]]></id_message>
<message><![CDATA[Payment accepted.]]></message>
<id_cart><![CDATA[0]]></id_cart>
<id_order><![CDATA[3276]]></id_order>
<id_customer><![CDATA[0]]></id_customer>
<id_employee><![CDATA[0]]></id_employee>
<private><![CDATA[1]]></private>
<date_add><![CDATA[2019-10-10 17:49:33]]></date_add>
</message>
<message><id_message><![CDATA[2225]]></id_message>
<message><![CDATA[Payment accepted.]]></message>
<id_cart><![CDATA[0]]></id_cart>
<id_order><![CDATA[3278]]></id_order>
<id_customer><![CDATA[0]]></id_customer>
<id_employee><![CDATA[0]]></id_employee>
<private><![CDATA[1]]></private>
<date_add><![CDATA[2019-10-14 15:15:13]]></date_add>
</message>
<message><id_message><![CDATA[2226]]></id_message>
<message><![CDATA[Payment accepted.]]></message>
<id_cart><![CDATA[0]]></id_cart>
<id_order><![CDATA[3280]]></id_order>
<id_customer><![CDATA[0]]></id_customer>
<id_employee><![CDATA[0]]></id_employee>
<private><![CDATA[1]]></private>
<date_add><![CDATA[2019-10-16 20:18:21]]></date_add>
</message>
<message><id_message><![CDATA[2227]]></id_message>
<message><![CDATA[Payment accepted.]]></message>
<id_cart><![CDATA[0]]></id_cart>
<id_order><![CDATA[3282]]></id_order>
<id_customer><![CDATA[0]]></id_customer>
<id_employee><![CDATA[0]]></id_employee>
<private><![CDATA[1]]></private>
<date_add><![CDATA[2019-10-21 10:39:13]]></date_add>
</message>
<message><id_message><![CDATA[2228]]></id_message>
<message><![CDATA[Payment accepted.]]></message>
<id_cart><![CDATA[0]]></id_cart>
<id_order><![CDATA[3288]]></id_order>
<id_customer><![CDATA[0]]></id_customer>
<id_employee><![CDATA[0]]></id_employee>
<private><![CDATA[1]]></private>
<date_add><![CDATA[2019-10-24 23:36:46]]></date_add>
</message>
<message><id_message><![CDATA[2229]]></id_message>
<message><![CDATA[Payment accepted.]]></message>
<id_cart><![CDATA[0]]></id_cart>
<id_order><![CDATA[3289]]></id_order>
<id_customer><![CDATA[0]]></id_customer>
<id_employee><![CDATA[0]]></id_employee>
<private><![CDATA[1]]></private>
<date_add><![CDATA[2019-10-25 20:41:00]]></date_add>
</message>
<message><id_message><![CDATA[2230]]></id_message>
<message><![CDATA[PayPal response:TIMESTAMP -> 2019-10-28T10:54:15ZL_ERRORCODE0 -> 10485L_SHORTMESSAGE0 -> Payment not authorizedL_LONGMESSAGE0 -> Payment has not been authorized by the user.L_SEVERITYCODE0 -> Error]]></message>
<id_cart><![CDATA[0]]></id_cart>
<id_order><![CDATA[3291]]></id_order>
<id_customer><![CDATA[0]]></id_customer>
<id_employee><![CDATA[0]]></id_employee>
<private><![CDATA[1]]></private>
<date_add><![CDATA[2019-10-28 11:54:15]]></date_add>
</message>
<message><id_message><![CDATA[2231]]></id_message>
<message><![CDATA[Payment accepted.]]></message>
<id_cart><![CDATA[0]]></id_cart>
<id_order><![CDATA[3296]]></id_order>
<id_customer><![CDATA[0]]></id_customer>
<id_employee><![CDATA[0]]></id_employee>
<private><![CDATA[1]]></private>
<date_add><![CDATA[2019-11-03 17:02:22]]></date_add>
</message>
<message><id_message><![CDATA[2232]]></id_message>
<message><![CDATA[Payment accepted.]]></message>
<id_cart><![CDATA[0]]></id_cart>
<id_order><![CDATA[3297]]></id_order>
<id_customer><![CDATA[0]]></id_customer>
<id_employee><![CDATA[0]]></id_employee>
<private><![CDATA[1]]></private>
<date_add><![CDATA[2019-11-04 11:41:09]]></date_add>
</message>
<message><id_message><![CDATA[2233]]></id_message>
<message><![CDATA[Payment accepted.]]></message>
<id_cart><![CDATA[0]]></id_cart>
<id_order><![CDATA[3301]]></id_order>
<id_customer><![CDATA[0]]></id_customer>
<id_employee><![CDATA[0]]></id_employee>
<private><![CDATA[1]]></private>
<date_add><![CDATA[2019-11-10 12:08:18]]></date_add>
</message>
</entity_profile>
