<?xml version="1.0" encoding="UTF-8"?>
<entity_profile>
<order_detail_tax><id_order_detail><![CDATA[5526]]></id_order_detail>
<id_tax><![CDATA[1]]></id_tax>
<unit_amount><![CDATA[2.941735]]></unit_amount>
<total_amount><![CDATA[2.940000]]></total_amount>
</order_detail_tax>
<order_detail_tax><id_order_detail><![CDATA[5527]]></id_order_detail>
<id_tax><![CDATA[1]]></id_tax>
<unit_amount><![CDATA[2.254463]]></unit_amount>
<total_amount><![CDATA[2.250000]]></total_amount>
</order_detail_tax>
<order_detail_tax><id_order_detail><![CDATA[5528]]></id_order_detail>
<id_tax><![CDATA[1]]></id_tax>
<unit_amount><![CDATA[2.941735]]></unit_amount>
<total_amount><![CDATA[2.940000]]></total_amount>
</order_detail_tax>
<order_detail_tax><id_order_detail><![CDATA[5529]]></id_order_detail>
<id_tax><![CDATA[1]]></id_tax>
<unit_amount><![CDATA[2.941735]]></unit_amount>
<total_amount><![CDATA[2.940000]]></total_amount>
</order_detail_tax>
<order_detail_tax><id_order_detail><![CDATA[5530]]></id_order_detail>
<id_tax><![CDATA[1]]></id_tax>
<unit_amount><![CDATA[3.983058]]></unit_amount>
<total_amount><![CDATA[3.980000]]></total_amount>
</order_detail_tax>
<order_detail_tax><id_order_detail><![CDATA[5531]]></id_order_detail>
<id_tax><![CDATA[1]]></id_tax>
<unit_amount><![CDATA[4.337108]]></unit_amount>
<total_amount><![CDATA[4.340000]]></total_amount>
</order_detail_tax>
<order_detail_tax><id_order_detail><![CDATA[5532]]></id_order_detail>
<id_tax><![CDATA[1]]></id_tax>
<unit_amount><![CDATA[3.115289]]></unit_amount>
<total_amount><![CDATA[6.230000]]></total_amount>
</order_detail_tax>
<order_detail_tax><id_order_detail><![CDATA[5533]]></id_order_detail>
<id_tax><![CDATA[1]]></id_tax>
<unit_amount><![CDATA[3.990000]]></unit_amount>
<total_amount><![CDATA[3.990000]]></total_amount>
</order_detail_tax>
<order_detail_tax><id_order_detail><![CDATA[5534]]></id_order_detail>
<id_tax><![CDATA[1]]></id_tax>
<unit_amount><![CDATA[6.065703]]></unit_amount>
<total_amount><![CDATA[6.070000]]></total_amount>
</order_detail_tax>
<order_detail_tax><id_order_detail><![CDATA[5535]]></id_order_detail>
<id_tax><![CDATA[1]]></id_tax>
<unit_amount><![CDATA[3.208800]]></unit_amount>
<total_amount><![CDATA[3.210000]]></total_amount>
</order_detail_tax>
<order_detail_tax><id_order_detail><![CDATA[5536]]></id_order_detail>
<id_tax><![CDATA[1]]></id_tax>
<unit_amount><![CDATA[3.462397]]></unit_amount>
<total_amount><![CDATA[3.460000]]></total_amount>
</order_detail_tax>
<order_detail_tax><id_order_detail><![CDATA[5537]]></id_order_detail>
<id_tax><![CDATA[1]]></id_tax>
<unit_amount><![CDATA[6.065703]]></unit_amount>
<total_amount><![CDATA[6.070000]]></total_amount>
</order_detail_tax>
<order_detail_tax><id_order_detail><![CDATA[5538]]></id_order_detail>
<id_tax><![CDATA[1]]></id_tax>
<unit_amount><![CDATA[3.115289]]></unit_amount>
<total_amount><![CDATA[3.120000]]></total_amount>
</order_detail_tax>
<order_detail_tax><id_order_detail><![CDATA[5539]]></id_order_detail>
<id_tax><![CDATA[1]]></id_tax>
<unit_amount><![CDATA[4.337108]]></unit_amount>
<total_amount><![CDATA[4.340000]]></total_amount>
</order_detail_tax>
<order_detail_tax><id_order_detail><![CDATA[5540]]></id_order_detail>
<id_tax><![CDATA[1]]></id_tax>
<unit_amount><![CDATA[3.462397]]></unit_amount>
<total_amount><![CDATA[3.460000]]></total_amount>
</order_detail_tax>
<order_detail_tax><id_order_detail><![CDATA[5541]]></id_order_detail>
<id_tax><![CDATA[1]]></id_tax>
<unit_amount><![CDATA[4.330165]]></unit_amount>
<total_amount><![CDATA[4.330000]]></total_amount>
</order_detail_tax>
<order_detail_tax><id_order_detail><![CDATA[5542]]></id_order_detail>
<id_tax><![CDATA[1]]></id_tax>
<unit_amount><![CDATA[8.321901]]></unit_amount>
<total_amount><![CDATA[8.320000]]></total_amount>
</order_detail_tax>
<order_detail_tax><id_order_detail><![CDATA[5543]]></id_order_detail>
<id_tax><![CDATA[1]]></id_tax>
<unit_amount><![CDATA[1.733802]]></unit_amount>
<total_amount><![CDATA[1.730000]]></total_amount>
</order_detail_tax>
<order_detail_tax><id_order_detail><![CDATA[5544]]></id_order_detail>
<id_tax><![CDATA[1]]></id_tax>
<unit_amount><![CDATA[7.801240]]></unit_amount>
<total_amount><![CDATA[7.800000]]></total_amount>
</order_detail_tax>
<order_detail_tax><id_order_detail><![CDATA[5545]]></id_order_detail>
<id_tax><![CDATA[1]]></id_tax>
<unit_amount><![CDATA[6.065703]]></unit_amount>
<total_amount><![CDATA[12.130000]]></total_amount>
</order_detail_tax>
<order_detail_tax><id_order_detail><![CDATA[5546]]></id_order_detail>
<id_tax><![CDATA[1]]></id_tax>
<unit_amount><![CDATA[2.601570]]></unit_amount>
<total_amount><![CDATA[2.600000]]></total_amount>
</order_detail_tax>
<order_detail_tax><id_order_detail><![CDATA[5547]]></id_order_detail>
<id_tax><![CDATA[1]]></id_tax>
<unit_amount><![CDATA[3.469339]]></unit_amount>
<total_amount><![CDATA[3.470000]]></total_amount>
</order_detail_tax>
<order_detail_tax><id_order_detail><![CDATA[5548]]></id_order_detail>
<id_tax><![CDATA[1]]></id_tax>
<unit_amount><![CDATA[5.197934]]></unit_amount>
<total_amount><![CDATA[5.200000]]></total_amount>
</order_detail_tax>
<order_detail_tax><id_order_detail><![CDATA[5549]]></id_order_detail>
<id_tax><![CDATA[1]]></id_tax>
<unit_amount><![CDATA[4.330165]]></unit_amount>
<total_amount><![CDATA[4.330000]]></total_amount>
</order_detail_tax>
<order_detail_tax><id_order_detail><![CDATA[5550]]></id_order_detail>
<id_tax><![CDATA[1]]></id_tax>
<unit_amount><![CDATA[4.330165]]></unit_amount>
<total_amount><![CDATA[4.330000]]></total_amount>
</order_detail_tax>
<order_detail_tax><id_order_detail><![CDATA[5551]]></id_order_detail>
<id_tax><![CDATA[1]]></id_tax>
<unit_amount><![CDATA[5.197934]]></unit_amount>
<total_amount><![CDATA[5.200000]]></total_amount>
</order_detail_tax>
<order_detail_tax><id_order_detail><![CDATA[5552]]></id_order_detail>
<id_tax><![CDATA[1]]></id_tax>
<unit_amount><![CDATA[5.197934]]></unit_amount>
<total_amount><![CDATA[5.200000]]></total_amount>
</order_detail_tax>
<order_detail_tax><id_order_detail><![CDATA[5553]]></id_order_detail>
<id_tax><![CDATA[1]]></id_tax>
<unit_amount><![CDATA[7.801240]]></unit_amount>
<total_amount><![CDATA[7.800000]]></total_amount>
</order_detail_tax>
<order_detail_tax><id_order_detail><![CDATA[5554]]></id_order_detail>
<id_tax><![CDATA[1]]></id_tax>
<unit_amount><![CDATA[1.733802]]></unit_amount>
<total_amount><![CDATA[1.730000]]></total_amount>
</order_detail_tax>
<order_detail_tax><id_order_detail><![CDATA[5555]]></id_order_detail>
<id_tax><![CDATA[1]]></id_tax>
<unit_amount><![CDATA[8.321901]]></unit_amount>
<total_amount><![CDATA[8.320000]]></total_amount>
</order_detail_tax>
<order_detail_tax><id_order_detail><![CDATA[5556]]></id_order_detail>
<id_tax><![CDATA[1]]></id_tax>
<unit_amount><![CDATA[7.801240]]></unit_amount>
<total_amount><![CDATA[7.800000]]></total_amount>
</order_detail_tax>
<order_detail_tax><id_order_detail><![CDATA[5557]]></id_order_detail>
<id_tax><![CDATA[1]]></id_tax>
<unit_amount><![CDATA[7.801240]]></unit_amount>
<total_amount><![CDATA[7.800000]]></total_amount>
</order_detail_tax>
<order_detail_tax><id_order_detail><![CDATA[5558]]></id_order_detail>
<id_tax><![CDATA[1]]></id_tax>
<unit_amount><![CDATA[6.065703]]></unit_amount>
<total_amount><![CDATA[6.070000]]></total_amount>
</order_detail_tax>
<order_detail_tax><id_order_detail><![CDATA[5559]]></id_order_detail>
<id_tax><![CDATA[1]]></id_tax>
<unit_amount><![CDATA[6.065703]]></unit_amount>
<total_amount><![CDATA[6.070000]]></total_amount>
</order_detail_tax>
<order_detail_tax><id_order_detail><![CDATA[5560]]></id_order_detail>
<id_tax><![CDATA[1]]></id_tax>
<unit_amount><![CDATA[3.990000]]></unit_amount>
<total_amount><![CDATA[3.990000]]></total_amount>
</order_detail_tax>
<order_detail_tax><id_order_detail><![CDATA[5561]]></id_order_detail>
<id_tax><![CDATA[1]]></id_tax>
<unit_amount><![CDATA[1.733802]]></unit_amount>
<total_amount><![CDATA[1.730000]]></total_amount>
</order_detail_tax>
<order_detail_tax><id_order_detail><![CDATA[5562]]></id_order_detail>
<id_tax><![CDATA[1]]></id_tax>
<unit_amount><![CDATA[1.733802]]></unit_amount>
<total_amount><![CDATA[1.730000]]></total_amount>
</order_detail_tax>
<order_detail_tax><id_order_detail><![CDATA[5563]]></id_order_detail>
<id_tax><![CDATA[1]]></id_tax>
<unit_amount><![CDATA[4.330165]]></unit_amount>
<total_amount><![CDATA[4.330000]]></total_amount>
</order_detail_tax>
<order_detail_tax><id_order_detail><![CDATA[5564]]></id_order_detail>
<id_tax><![CDATA[1]]></id_tax>
<unit_amount><![CDATA[5.197934]]></unit_amount>
<total_amount><![CDATA[5.200000]]></total_amount>
</order_detail_tax>
<order_detail_tax><id_order_detail><![CDATA[5565]]></id_order_detail>
<id_tax><![CDATA[1]]></id_tax>
<unit_amount><![CDATA[5.197934]]></unit_amount>
<total_amount><![CDATA[5.200000]]></total_amount>
</order_detail_tax>
<order_detail_tax><id_order_detail><![CDATA[5566]]></id_order_detail>
<id_tax><![CDATA[1]]></id_tax>
<unit_amount><![CDATA[6.065703]]></unit_amount>
<total_amount><![CDATA[6.070000]]></total_amount>
</order_detail_tax>
<order_detail_tax><id_order_detail><![CDATA[5567]]></id_order_detail>
<id_tax><![CDATA[1]]></id_tax>
<unit_amount><![CDATA[6.065703]]></unit_amount>
<total_amount><![CDATA[6.070000]]></total_amount>
</order_detail_tax>
<order_detail_tax><id_order_detail><![CDATA[5568]]></id_order_detail>
<id_tax><![CDATA[1]]></id_tax>
<unit_amount><![CDATA[5.204876]]></unit_amount>
<total_amount><![CDATA[5.200000]]></total_amount>
</order_detail_tax>
<order_detail_tax><id_order_detail><![CDATA[5569]]></id_order_detail>
<id_tax><![CDATA[1]]></id_tax>
<unit_amount><![CDATA[5.197934]]></unit_amount>
<total_amount><![CDATA[5.200000]]></total_amount>
</order_detail_tax>
<order_detail_tax><id_order_detail><![CDATA[5570]]></id_order_detail>
<id_tax><![CDATA[1]]></id_tax>
<unit_amount><![CDATA[5.197934]]></unit_amount>
<total_amount><![CDATA[5.200000]]></total_amount>
</order_detail_tax>
<order_detail_tax><id_order_detail><![CDATA[5571]]></id_order_detail>
<id_tax><![CDATA[1]]></id_tax>
<unit_amount><![CDATA[4.337108]]></unit_amount>
<total_amount><![CDATA[4.340000]]></total_amount>
</order_detail_tax>
<order_detail_tax><id_order_detail><![CDATA[5572]]></id_order_detail>
<id_tax><![CDATA[1]]></id_tax>
<unit_amount><![CDATA[6.065703]]></unit_amount>
<total_amount><![CDATA[6.070000]]></total_amount>
</order_detail_tax>
<order_detail_tax><id_order_detail><![CDATA[5573]]></id_order_detail>
<id_tax><![CDATA[1]]></id_tax>
<unit_amount><![CDATA[6.065703]]></unit_amount>
<total_amount><![CDATA[6.070000]]></total_amount>
</order_detail_tax>
<order_detail_tax><id_order_detail><![CDATA[5574]]></id_order_detail>
<id_tax><![CDATA[1]]></id_tax>
<unit_amount><![CDATA[6.065703]]></unit_amount>
<total_amount><![CDATA[6.070000]]></total_amount>
</order_detail_tax>
<order_detail_tax><id_order_detail><![CDATA[5575]]></id_order_detail>
<id_tax><![CDATA[1]]></id_tax>
<unit_amount><![CDATA[5.197934]]></unit_amount>
<total_amount><![CDATA[5.200000]]></total_amount>
</order_detail_tax>
<order_detail_tax><id_order_detail><![CDATA[5576]]></id_order_detail>
<id_tax><![CDATA[1]]></id_tax>
<unit_amount><![CDATA[1.733802]]></unit_amount>
<total_amount><![CDATA[1.730000]]></total_amount>
</order_detail_tax>
<order_detail_tax><id_order_detail><![CDATA[5577]]></id_order_detail>
<id_tax><![CDATA[1]]></id_tax>
<unit_amount><![CDATA[2.594628]]></unit_amount>
<total_amount><![CDATA[2.590000]]></total_amount>
</order_detail_tax>
<order_detail_tax><id_order_detail><![CDATA[5578]]></id_order_detail>
<id_tax><![CDATA[1]]></id_tax>
<unit_amount><![CDATA[3.115289]]></unit_amount>
<total_amount><![CDATA[3.120000]]></total_amount>
</order_detail_tax>
<order_detail_tax><id_order_detail><![CDATA[5579]]></id_order_detail>
<id_tax><![CDATA[1]]></id_tax>
<unit_amount><![CDATA[2.941735]]></unit_amount>
<total_amount><![CDATA[2.940000]]></total_amount>
</order_detail_tax>
<order_detail_tax><id_order_detail><![CDATA[5580]]></id_order_detail>
<id_tax><![CDATA[1]]></id_tax>
<unit_amount><![CDATA[3.462397]]></unit_amount>
<total_amount><![CDATA[3.460000]]></total_amount>
</order_detail_tax>
<order_detail_tax><id_order_detail><![CDATA[5581]]></id_order_detail>
<id_tax><![CDATA[1]]></id_tax>
<unit_amount><![CDATA[3.983058]]></unit_amount>
<total_amount><![CDATA[3.980000]]></total_amount>
</order_detail_tax>
<order_detail_tax><id_order_detail><![CDATA[5582]]></id_order_detail>
<id_tax><![CDATA[1]]></id_tax>
<unit_amount><![CDATA[3.186446]]></unit_amount>
<total_amount><![CDATA[3.190000]]></total_amount>
</order_detail_tax>
<order_detail_tax><id_order_detail><![CDATA[5583]]></id_order_detail>
<id_tax><![CDATA[1]]></id_tax>
<unit_amount><![CDATA[2.492231]]></unit_amount>
<total_amount><![CDATA[2.490000]]></total_amount>
</order_detail_tax>
<order_detail_tax><id_order_detail><![CDATA[5584]]></id_order_detail>
<id_tax><![CDATA[1]]></id_tax>
<unit_amount><![CDATA[2.769917]]></unit_amount>
<total_amount><![CDATA[2.770000]]></total_amount>
</order_detail_tax>
<order_detail_tax><id_order_detail><![CDATA[5585]]></id_order_detail>
<id_tax><![CDATA[1]]></id_tax>
<unit_amount><![CDATA[1.733802]]></unit_amount>
<total_amount><![CDATA[1.730000]]></total_amount>
</order_detail_tax>
<order_detail_tax><id_order_detail><![CDATA[5586]]></id_order_detail>
<id_tax><![CDATA[1]]></id_tax>
<unit_amount><![CDATA[0.168001]]></unit_amount>
<total_amount><![CDATA[0.170000]]></total_amount>
</order_detail_tax>
<order_detail_tax><id_order_detail><![CDATA[5587]]></id_order_detail>
<id_tax><![CDATA[1]]></id_tax>
<unit_amount><![CDATA[4.158347]]></unit_amount>
<total_amount><![CDATA[4.160000]]></total_amount>
</order_detail_tax>
<order_detail_tax><id_order_detail><![CDATA[5588]]></id_order_detail>
<id_tax><![CDATA[1]]></id_tax>
<unit_amount><![CDATA[6.065703]]></unit_amount>
<total_amount><![CDATA[6.070000]]></total_amount>
</order_detail_tax>
<order_detail_tax><id_order_detail><![CDATA[5589]]></id_order_detail>
<id_tax><![CDATA[1]]></id_tax>
<unit_amount><![CDATA[2.769917]]></unit_amount>
<total_amount><![CDATA[2.770000]]></total_amount>
</order_detail_tax>
<order_detail_tax><id_order_detail><![CDATA[5590]]></id_order_detail>
<id_tax><![CDATA[1]]></id_tax>
<unit_amount><![CDATA[3.469339]]></unit_amount>
<total_amount><![CDATA[3.470000]]></total_amount>
</order_detail_tax>
<order_detail_tax><id_order_detail><![CDATA[5591]]></id_order_detail>
<id_tax><![CDATA[1]]></id_tax>
<unit_amount><![CDATA[3.186446]]></unit_amount>
<total_amount><![CDATA[3.190000]]></total_amount>
</order_detail_tax>
<order_detail_tax><id_order_detail><![CDATA[5592]]></id_order_detail>
<id_tax><![CDATA[1]]></id_tax>
<unit_amount><![CDATA[2.492231]]></unit_amount>
<total_amount><![CDATA[2.490000]]></total_amount>
</order_detail_tax>
<order_detail_tax><id_order_detail><![CDATA[5593]]></id_order_detail>
<id_tax><![CDATA[1]]></id_tax>
<unit_amount><![CDATA[6.657521]]></unit_amount>
<total_amount><![CDATA[6.660000]]></total_amount>
</order_detail_tax>
<order_detail_tax><id_order_detail><![CDATA[5594]]></id_order_detail>
<id_tax><![CDATA[1]]></id_tax>
<unit_amount><![CDATA[1.381488]]></unit_amount>
<total_amount><![CDATA[1.380000]]></total_amount>
</order_detail_tax>
<order_detail_tax><id_order_detail><![CDATA[5595]]></id_order_detail>
<id_tax><![CDATA[1]]></id_tax>
<unit_amount><![CDATA[0.000000]]></unit_amount>
<total_amount><![CDATA[0.000000]]></total_amount>
</order_detail_tax>
<order_detail_tax><id_order_detail><![CDATA[5596]]></id_order_detail>
<id_tax><![CDATA[1]]></id_tax>
<unit_amount><![CDATA[0.000000]]></unit_amount>
<total_amount><![CDATA[0.000000]]></total_amount>
</order_detail_tax>
<order_detail_tax><id_order_detail><![CDATA[5597]]></id_order_detail>
<id_tax><![CDATA[1]]></id_tax>
<unit_amount><![CDATA[0.000000]]></unit_amount>
<total_amount><![CDATA[0.000000]]></total_amount>
</order_detail_tax>
<order_detail_tax><id_order_detail><![CDATA[5598]]></id_order_detail>
<id_tax><![CDATA[1]]></id_tax>
<unit_amount><![CDATA[0.000000]]></unit_amount>
<total_amount><![CDATA[0.000000]]></total_amount>
</order_detail_tax>
<order_detail_tax><id_order_detail><![CDATA[5599]]></id_order_detail>
<id_tax><![CDATA[1]]></id_tax>
<unit_amount><![CDATA[0.000000]]></unit_amount>
<total_amount><![CDATA[0.000000]]></total_amount>
</order_detail_tax>
<order_detail_tax><id_order_detail><![CDATA[5600]]></id_order_detail>
<id_tax><![CDATA[1]]></id_tax>
<unit_amount><![CDATA[4.158347]]></unit_amount>
<total_amount><![CDATA[4.160000]]></total_amount>
</order_detail_tax>
<order_detail_tax><id_order_detail><![CDATA[5601]]></id_order_detail>
<id_tax><![CDATA[1]]></id_tax>
<unit_amount><![CDATA[4.158347]]></unit_amount>
<total_amount><![CDATA[4.160000]]></total_amount>
</order_detail_tax>
<order_detail_tax><id_order_detail><![CDATA[5602]]></id_order_detail>
<id_tax><![CDATA[1]]></id_tax>
<unit_amount><![CDATA[4.158347]]></unit_amount>
<total_amount><![CDATA[4.160000]]></total_amount>
</order_detail_tax>
<order_detail_tax><id_order_detail><![CDATA[5603]]></id_order_detail>
<id_tax><![CDATA[1]]></id_tax>
<unit_amount><![CDATA[3.186446]]></unit_amount>
<total_amount><![CDATA[3.190000]]></total_amount>
</order_detail_tax>
<order_detail_tax><id_order_detail><![CDATA[5604]]></id_order_detail>
<id_tax><![CDATA[1]]></id_tax>
<unit_amount><![CDATA[2.769917]]></unit_amount>
<total_amount><![CDATA[2.770000]]></total_amount>
</order_detail_tax>
<order_detail_tax><id_order_detail><![CDATA[5605]]></id_order_detail>
<id_tax><![CDATA[1]]></id_tax>
<unit_amount><![CDATA[2.492231]]></unit_amount>
<total_amount><![CDATA[2.490000]]></total_amount>
</order_detail_tax>
<order_detail_tax><id_order_detail><![CDATA[5606]]></id_order_detail>
<id_tax><![CDATA[1]]></id_tax>
<unit_amount><![CDATA[4.158347]]></unit_amount>
<total_amount><![CDATA[4.160000]]></total_amount>
</order_detail_tax>
<order_detail_tax><id_order_detail><![CDATA[5607]]></id_order_detail>
<id_tax><![CDATA[1]]></id_tax>
<unit_amount><![CDATA[2.075703]]></unit_amount>
<total_amount><![CDATA[2.080000]]></total_amount>
</order_detail_tax>
<order_detail_tax><id_order_detail><![CDATA[5608]]></id_order_detail>
<id_tax><![CDATA[1]]></id_tax>
<unit_amount><![CDATA[4.158347]]></unit_amount>
<total_amount><![CDATA[4.160000]]></total_amount>
</order_detail_tax>
<order_detail_tax><id_order_detail><![CDATA[5609]]></id_order_detail>
<id_tax><![CDATA[1]]></id_tax>
<unit_amount><![CDATA[2.769917]]></unit_amount>
<total_amount><![CDATA[2.770000]]></total_amount>
</order_detail_tax>
<order_detail_tax><id_order_detail><![CDATA[5610]]></id_order_detail>
<id_tax><![CDATA[1]]></id_tax>
<unit_amount><![CDATA[2.769917]]></unit_amount>
<total_amount><![CDATA[2.770000]]></total_amount>
</order_detail_tax>
<order_detail_tax><id_order_detail><![CDATA[5611]]></id_order_detail>
<id_tax><![CDATA[1]]></id_tax>
<unit_amount><![CDATA[3.464132]]></unit_amount>
<total_amount><![CDATA[3.460000]]></total_amount>
</order_detail_tax>
<order_detail_tax><id_order_detail><![CDATA[5612]]></id_order_detail>
<id_tax><![CDATA[1]]></id_tax>
<unit_amount><![CDATA[2.075703]]></unit_amount>
<total_amount><![CDATA[2.080000]]></total_amount>
</order_detail_tax>
<order_detail_tax><id_order_detail><![CDATA[5613]]></id_order_detail>
<id_tax><![CDATA[1]]></id_tax>
<unit_amount><![CDATA[2.492231]]></unit_amount>
<total_amount><![CDATA[2.490000]]></total_amount>
</order_detail_tax>
<order_detail_tax><id_order_detail><![CDATA[5614]]></id_order_detail>
<id_tax><![CDATA[1]]></id_tax>
<unit_amount><![CDATA[2.492231]]></unit_amount>
<total_amount><![CDATA[2.490000]]></total_amount>
</order_detail_tax>
<order_detail_tax><id_order_detail><![CDATA[5615]]></id_order_detail>
<id_tax><![CDATA[1]]></id_tax>
<unit_amount><![CDATA[2.492231]]></unit_amount>
<total_amount><![CDATA[2.490000]]></total_amount>
</order_detail_tax>
<order_detail_tax><id_order_detail><![CDATA[5616]]></id_order_detail>
<id_tax><![CDATA[1]]></id_tax>
<unit_amount><![CDATA[4.158347]]></unit_amount>
<total_amount><![CDATA[4.160000]]></total_amount>
</order_detail_tax>
<order_detail_tax><id_order_detail><![CDATA[5617]]></id_order_detail>
<id_tax><![CDATA[1]]></id_tax>
<unit_amount><![CDATA[4.158347]]></unit_amount>
<total_amount><![CDATA[4.160000]]></total_amount>
</order_detail_tax>
<order_detail_tax><id_order_detail><![CDATA[5618]]></id_order_detail>
<id_tax><![CDATA[1]]></id_tax>
<unit_amount><![CDATA[2.492231]]></unit_amount>
<total_amount><![CDATA[2.490000]]></total_amount>
</order_detail_tax>
<order_detail_tax><id_order_detail><![CDATA[5619]]></id_order_detail>
<id_tax><![CDATA[1]]></id_tax>
<unit_amount><![CDATA[4.574876]]></unit_amount>
<total_amount><![CDATA[4.570000]]></total_amount>
</order_detail_tax>
<order_detail_tax><id_order_detail><![CDATA[5620]]></id_order_detail>
<id_tax><![CDATA[1]]></id_tax>
<unit_amount><![CDATA[1.733802]]></unit_amount>
<total_amount><![CDATA[1.730000]]></total_amount>
</order_detail_tax>
<order_detail_tax><id_order_detail><![CDATA[5621]]></id_order_detail>
<id_tax><![CDATA[1]]></id_tax>
<unit_amount><![CDATA[3.464132]]></unit_amount>
<total_amount><![CDATA[3.460000]]></total_amount>
</order_detail_tax>
<order_detail_tax><id_order_detail><![CDATA[5622]]></id_order_detail>
<id_tax><![CDATA[1]]></id_tax>
<unit_amount><![CDATA[2.075703]]></unit_amount>
<total_amount><![CDATA[2.080000]]></total_amount>
</order_detail_tax>
<order_detail_tax><id_order_detail><![CDATA[5623]]></id_order_detail>
<id_tax><![CDATA[1]]></id_tax>
<unit_amount><![CDATA[2.075703]]></unit_amount>
<total_amount><![CDATA[2.080000]]></total_amount>
</order_detail_tax>
<order_detail_tax><id_order_detail><![CDATA[5624]]></id_order_detail>
<id_tax><![CDATA[1]]></id_tax>
<unit_amount><![CDATA[4.852562]]></unit_amount>
<total_amount><![CDATA[4.850000]]></total_amount>
</order_detail_tax>
<order_detail_tax><id_order_detail><![CDATA[5625]]></id_order_detail>
<id_tax><![CDATA[1]]></id_tax>
<unit_amount><![CDATA[4.852562]]></unit_amount>
<total_amount><![CDATA[4.850000]]></total_amount>
</order_detail_tax>
<order_detail_tax><id_order_detail><![CDATA[5626]]></id_order_detail>
<id_tax><![CDATA[1]]></id_tax>
<unit_amount><![CDATA[3.990000]]></unit_amount>
<total_amount><![CDATA[3.990000]]></total_amount>
</order_detail_tax>
<order_detail_tax><id_order_detail><![CDATA[5627]]></id_order_detail>
<id_tax><![CDATA[1]]></id_tax>
<unit_amount><![CDATA[4.158347]]></unit_amount>
<total_amount><![CDATA[4.160000]]></total_amount>
</order_detail_tax>
<order_detail_tax><id_order_detail><![CDATA[5628]]></id_order_detail>
<id_tax><![CDATA[1]]></id_tax>
<unit_amount><![CDATA[4.158347]]></unit_amount>
<total_amount><![CDATA[4.160000]]></total_amount>
</order_detail_tax>
<order_detail_tax><id_order_detail><![CDATA[5629]]></id_order_detail>
<id_tax><![CDATA[1]]></id_tax>
<unit_amount><![CDATA[2.353388]]></unit_amount>
<total_amount><![CDATA[4.710000]]></total_amount>
</order_detail_tax>
<order_detail_tax><id_order_detail><![CDATA[5630]]></id_order_detail>
<id_tax><![CDATA[1]]></id_tax>
<unit_amount><![CDATA[6.240992]]></unit_amount>
<total_amount><![CDATA[6.240000]]></total_amount>
</order_detail_tax>
<order_detail_tax><id_order_detail><![CDATA[5631]]></id_order_detail>
<id_tax><![CDATA[1]]></id_tax>
<unit_amount><![CDATA[2.075703]]></unit_amount>
<total_amount><![CDATA[2.080000]]></total_amount>
</order_detail_tax>
<order_detail_tax><id_order_detail><![CDATA[5632]]></id_order_detail>
<id_tax><![CDATA[1]]></id_tax>
<unit_amount><![CDATA[2.247521]]></unit_amount>
<total_amount><![CDATA[2.250000]]></total_amount>
</order_detail_tax>
<order_detail_tax><id_order_detail><![CDATA[5633]]></id_order_detail>
<id_tax><![CDATA[1]]></id_tax>
<unit_amount><![CDATA[2.941735]]></unit_amount>
<total_amount><![CDATA[2.940000]]></total_amount>
</order_detail_tax>
<order_detail_tax><id_order_detail><![CDATA[5634]]></id_order_detail>
<id_tax><![CDATA[1]]></id_tax>
<unit_amount><![CDATA[1.798016]]></unit_amount>
<total_amount><![CDATA[1.800000]]></total_amount>
</order_detail_tax>
<order_detail_tax><id_order_detail><![CDATA[5635]]></id_order_detail>
<id_tax><![CDATA[1]]></id_tax>
<unit_amount><![CDATA[1.103802]]></unit_amount>
<total_amount><![CDATA[1.100000]]></total_amount>
</order_detail_tax>
<order_detail_tax><id_order_detail><![CDATA[5636]]></id_order_detail>
<id_tax><![CDATA[1]]></id_tax>
<unit_amount><![CDATA[6.065703]]></unit_amount>
<total_amount><![CDATA[6.070000]]></total_amount>
</order_detail_tax>
<order_detail_tax><id_order_detail><![CDATA[5637]]></id_order_detail>
<id_tax><![CDATA[1]]></id_tax>
<unit_amount><![CDATA[3.464132]]></unit_amount>
<total_amount><![CDATA[3.460000]]></total_amount>
</order_detail_tax>
<order_detail_tax><id_order_detail><![CDATA[5638]]></id_order_detail>
<id_tax><![CDATA[1]]></id_tax>
<unit_amount><![CDATA[3.464132]]></unit_amount>
<total_amount><![CDATA[3.460000]]></total_amount>
</order_detail_tax>
<order_detail_tax><id_order_detail><![CDATA[5639]]></id_order_detail>
<id_tax><![CDATA[1]]></id_tax>
<unit_amount><![CDATA[3.464132]]></unit_amount>
<total_amount><![CDATA[3.460000]]></total_amount>
</order_detail_tax>
<order_detail_tax><id_order_detail><![CDATA[5640]]></id_order_detail>
<id_tax><![CDATA[1]]></id_tax>
<unit_amount><![CDATA[3.464132]]></unit_amount>
<total_amount><![CDATA[3.460000]]></total_amount>
</order_detail_tax>
<order_detail_tax><id_order_detail><![CDATA[5641]]></id_order_detail>
<id_tax><![CDATA[1]]></id_tax>
<unit_amount><![CDATA[2.075703]]></unit_amount>
<total_amount><![CDATA[2.080000]]></total_amount>
</order_detail_tax>
<order_detail_tax><id_order_detail><![CDATA[5642]]></id_order_detail>
<id_tax><![CDATA[1]]></id_tax>
<unit_amount><![CDATA[2.075703]]></unit_amount>
<total_amount><![CDATA[2.080000]]></total_amount>
</order_detail_tax>
<order_detail_tax><id_order_detail><![CDATA[5643]]></id_order_detail>
<id_tax><![CDATA[1]]></id_tax>
<unit_amount><![CDATA[6.240992]]></unit_amount>
<total_amount><![CDATA[6.240000]]></total_amount>
</order_detail_tax>
<order_detail_tax><id_order_detail><![CDATA[5644]]></id_order_detail>
<id_tax><![CDATA[1]]></id_tax>
<unit_amount><![CDATA[3.115289]]></unit_amount>
<total_amount><![CDATA[3.120000]]></total_amount>
</order_detail_tax>
<order_detail_tax><id_order_detail><![CDATA[5645]]></id_order_detail>
<id_tax><![CDATA[1]]></id_tax>
<unit_amount><![CDATA[6.065703]]></unit_amount>
<total_amount><![CDATA[6.070000]]></total_amount>
</order_detail_tax>
<order_detail_tax><id_order_detail><![CDATA[5646]]></id_order_detail>
<id_tax><![CDATA[1]]></id_tax>
<unit_amount><![CDATA[1.379752]]></unit_amount>
<total_amount><![CDATA[1.380000]]></total_amount>
</order_detail_tax>
<order_detail_tax><id_order_detail><![CDATA[5647]]></id_order_detail>
<id_tax><![CDATA[1]]></id_tax>
<unit_amount><![CDATA[7.801240]]></unit_amount>
<total_amount><![CDATA[7.800000]]></total_amount>
</order_detail_tax>
<order_detail_tax><id_order_detail><![CDATA[5648]]></id_order_detail>
<id_tax><![CDATA[1]]></id_tax>
<unit_amount><![CDATA[2.594628]]></unit_amount>
<total_amount><![CDATA[2.590000]]></total_amount>
</order_detail_tax>
<order_detail_tax><id_order_detail><![CDATA[5649]]></id_order_detail>
<id_tax><![CDATA[1]]></id_tax>
<unit_amount><![CDATA[2.247521]]></unit_amount>
<total_amount><![CDATA[2.250000]]></total_amount>
</order_detail_tax>
<order_detail_tax><id_order_detail><![CDATA[5650]]></id_order_detail>
<id_tax><![CDATA[1]]></id_tax>
<unit_amount><![CDATA[4.330165]]></unit_amount>
<total_amount><![CDATA[4.330000]]></total_amount>
</order_detail_tax>
<order_detail_tax><id_order_detail><![CDATA[5651]]></id_order_detail>
<id_tax><![CDATA[1]]></id_tax>
<unit_amount><![CDATA[7.801240]]></unit_amount>
<total_amount><![CDATA[7.800000]]></total_amount>
</order_detail_tax>
<order_detail_tax><id_order_detail><![CDATA[5652]]></id_order_detail>
<id_tax><![CDATA[1]]></id_tax>
<unit_amount><![CDATA[3.469339]]></unit_amount>
<total_amount><![CDATA[3.470000]]></total_amount>
</order_detail_tax>
<order_detail_tax><id_order_detail><![CDATA[5653]]></id_order_detail>
<id_tax><![CDATA[1]]></id_tax>
<unit_amount><![CDATA[3.469339]]></unit_amount>
<total_amount><![CDATA[3.470000]]></total_amount>
</order_detail_tax>
<order_detail_tax><id_order_detail><![CDATA[5654]]></id_order_detail>
<id_tax><![CDATA[1]]></id_tax>
<unit_amount><![CDATA[7.801240]]></unit_amount>
<total_amount><![CDATA[7.800000]]></total_amount>
</order_detail_tax>
<order_detail_tax><id_order_detail><![CDATA[5655]]></id_order_detail>
<id_tax><![CDATA[1]]></id_tax>
<unit_amount><![CDATA[7.801240]]></unit_amount>
<total_amount><![CDATA[7.800000]]></total_amount>
</order_detail_tax>
<order_detail_tax><id_order_detail><![CDATA[5656]]></id_order_detail>
<id_tax><![CDATA[1]]></id_tax>
<unit_amount><![CDATA[1.733802]]></unit_amount>
<total_amount><![CDATA[1.730000]]></total_amount>
</order_detail_tax>
<order_detail_tax><id_order_detail><![CDATA[5657]]></id_order_detail>
<id_tax><![CDATA[1]]></id_tax>
<unit_amount><![CDATA[3.983058]]></unit_amount>
<total_amount><![CDATA[3.980000]]></total_amount>
</order_detail_tax>
<order_detail_tax><id_order_detail><![CDATA[5658]]></id_order_detail>
<id_tax><![CDATA[1]]></id_tax>
<unit_amount><![CDATA[5.204876]]></unit_amount>
<total_amount><![CDATA[5.200000]]></total_amount>
</order_detail_tax>
<order_detail_tax><id_order_detail><![CDATA[5659]]></id_order_detail>
<id_tax><![CDATA[1]]></id_tax>
<unit_amount><![CDATA[2.254463]]></unit_amount>
<total_amount><![CDATA[2.250000]]></total_amount>
</order_detail_tax>
<order_detail_tax><id_order_detail><![CDATA[5660]]></id_order_detail>
<id_tax><![CDATA[1]]></id_tax>
<unit_amount><![CDATA[2.601570]]></unit_amount>
<total_amount><![CDATA[2.600000]]></total_amount>
</order_detail_tax>
<order_detail_tax><id_order_detail><![CDATA[5661]]></id_order_detail>
<id_tax><![CDATA[1]]></id_tax>
<unit_amount><![CDATA[3.462397]]></unit_amount>
<total_amount><![CDATA[3.460000]]></total_amount>
</order_detail_tax>
<order_detail_tax><id_order_detail><![CDATA[5662]]></id_order_detail>
<id_tax><![CDATA[1]]></id_tax>
<unit_amount><![CDATA[2.596364]]></unit_amount>
<total_amount><![CDATA[2.600000]]></total_amount>
</order_detail_tax>
<order_detail_tax><id_order_detail><![CDATA[5663]]></id_order_detail>
<id_tax><![CDATA[1]]></id_tax>
<unit_amount><![CDATA[3.115289]]></unit_amount>
<total_amount><![CDATA[3.120000]]></total_amount>
</order_detail_tax>
<order_detail_tax><id_order_detail><![CDATA[5664]]></id_order_detail>
<id_tax><![CDATA[1]]></id_tax>
<unit_amount><![CDATA[2.594628]]></unit_amount>
<total_amount><![CDATA[2.590000]]></total_amount>
</order_detail_tax>
<order_detail_tax><id_order_detail><![CDATA[5665]]></id_order_detail>
<id_tax><![CDATA[1]]></id_tax>
<unit_amount><![CDATA[2.941735]]></unit_amount>
<total_amount><![CDATA[2.940000]]></total_amount>
</order_detail_tax>
<order_detail_tax><id_order_detail><![CDATA[5666]]></id_order_detail>
<id_tax><![CDATA[1]]></id_tax>
<unit_amount><![CDATA[2.941735]]></unit_amount>
<total_amount><![CDATA[2.940000]]></total_amount>
</order_detail_tax>
<order_detail_tax><id_order_detail><![CDATA[5667]]></id_order_detail>
<id_tax><![CDATA[1]]></id_tax>
<unit_amount><![CDATA[4.330165]]></unit_amount>
<total_amount><![CDATA[4.330000]]></total_amount>
</order_detail_tax>
<order_detail_tax><id_order_detail><![CDATA[5668]]></id_order_detail>
<id_tax><![CDATA[1]]></id_tax>
<unit_amount><![CDATA[3.990000]]></unit_amount>
<total_amount><![CDATA[3.990000]]></total_amount>
</order_detail_tax>
<order_detail_tax><id_order_detail><![CDATA[5669]]></id_order_detail>
<id_tax><![CDATA[1]]></id_tax>
<unit_amount><![CDATA[0.126791]]></unit_amount>
<total_amount><![CDATA[0.130000]]></total_amount>
</order_detail_tax>
<order_detail_tax><id_order_detail><![CDATA[5670]]></id_order_detail>
<id_tax><![CDATA[1]]></id_tax>
<unit_amount><![CDATA[0.091552]]></unit_amount>
<total_amount><![CDATA[0.090000]]></total_amount>
</order_detail_tax>
<order_detail_tax><id_order_detail><![CDATA[5671]]></id_order_detail>
<id_tax><![CDATA[1]]></id_tax>
<unit_amount><![CDATA[4.330165]]></unit_amount>
<total_amount><![CDATA[4.330000]]></total_amount>
</order_detail_tax>
<order_detail_tax><id_order_detail><![CDATA[5672]]></id_order_detail>
<id_tax><![CDATA[1]]></id_tax>
<unit_amount><![CDATA[7.801240]]></unit_amount>
<total_amount><![CDATA[7.800000]]></total_amount>
</order_detail_tax>
<order_detail_tax><id_order_detail><![CDATA[5673]]></id_order_detail>
<id_tax><![CDATA[1]]></id_tax>
<unit_amount><![CDATA[5.197934]]></unit_amount>
<total_amount><![CDATA[5.200000]]></total_amount>
</order_detail_tax>
<order_detail_tax><id_order_detail><![CDATA[5674]]></id_order_detail>
<id_tax><![CDATA[1]]></id_tax>
<unit_amount><![CDATA[3.115289]]></unit_amount>
<total_amount><![CDATA[3.120000]]></total_amount>
</order_detail_tax>
<order_detail_tax><id_order_detail><![CDATA[5675]]></id_order_detail>
<id_tax><![CDATA[1]]></id_tax>
<unit_amount><![CDATA[2.594628]]></unit_amount>
<total_amount><![CDATA[2.590000]]></total_amount>
</order_detail_tax>
<order_detail_tax><id_order_detail><![CDATA[5676]]></id_order_detail>
<id_tax><![CDATA[1]]></id_tax>
<unit_amount><![CDATA[2.941735]]></unit_amount>
<total_amount><![CDATA[2.940000]]></total_amount>
</order_detail_tax>
<order_detail_tax><id_order_detail><![CDATA[5677]]></id_order_detail>
<id_tax><![CDATA[1]]></id_tax>
<unit_amount><![CDATA[7.801240]]></unit_amount>
<total_amount><![CDATA[7.800000]]></total_amount>
</order_detail_tax>
<order_detail_tax><id_order_detail><![CDATA[5678]]></id_order_detail>
<id_tax><![CDATA[1]]></id_tax>
<unit_amount><![CDATA[7.801240]]></unit_amount>
<total_amount><![CDATA[7.800000]]></total_amount>
</order_detail_tax>
<order_detail_tax><id_order_detail><![CDATA[5679]]></id_order_detail>
<id_tax><![CDATA[1]]></id_tax>
<unit_amount><![CDATA[3.983058]]></unit_amount>
<total_amount><![CDATA[3.980000]]></total_amount>
</order_detail_tax>
<order_detail_tax><id_order_detail><![CDATA[5680]]></id_order_detail>
<id_tax><![CDATA[1]]></id_tax>
<unit_amount><![CDATA[5.204876]]></unit_amount>
<total_amount><![CDATA[5.200000]]></total_amount>
</order_detail_tax>
<order_detail_tax><id_order_detail><![CDATA[5681]]></id_order_detail>
<id_tax><![CDATA[1]]></id_tax>
<unit_amount><![CDATA[5.204876]]></unit_amount>
<total_amount><![CDATA[5.200000]]></total_amount>
</order_detail_tax>
<order_detail_tax><id_order_detail><![CDATA[5682]]></id_order_detail>
<id_tax><![CDATA[1]]></id_tax>
<unit_amount><![CDATA[3.122231]]></unit_amount>
<total_amount><![CDATA[3.120000]]></total_amount>
</order_detail_tax>
<order_detail_tax><id_order_detail><![CDATA[5683]]></id_order_detail>
<id_tax><![CDATA[1]]></id_tax>
<unit_amount><![CDATA[3.462397]]></unit_amount>
<total_amount><![CDATA[3.460000]]></total_amount>
</order_detail_tax>
<order_detail_tax><id_order_detail><![CDATA[5684]]></id_order_detail>
<id_tax><![CDATA[1]]></id_tax>
<unit_amount><![CDATA[2.247521]]></unit_amount>
<total_amount><![CDATA[2.250000]]></total_amount>
</order_detail_tax>
<order_detail_tax><id_order_detail><![CDATA[5685]]></id_order_detail>
<id_tax><![CDATA[1]]></id_tax>
<unit_amount><![CDATA[5.197934]]></unit_amount>
<total_amount><![CDATA[5.200000]]></total_amount>
</order_detail_tax>
<order_detail_tax><id_order_detail><![CDATA[5686]]></id_order_detail>
<id_tax><![CDATA[1]]></id_tax>
<unit_amount><![CDATA[3.990000]]></unit_amount>
<total_amount><![CDATA[3.990000]]></total_amount>
</order_detail_tax>
<order_detail_tax><id_order_detail><![CDATA[5687]]></id_order_detail>
<id_tax><![CDATA[1]]></id_tax>
<unit_amount><![CDATA[4.330165]]></unit_amount>
<total_amount><![CDATA[4.330000]]></total_amount>
</order_detail_tax>
<order_detail_tax><id_order_detail><![CDATA[5688]]></id_order_detail>
<id_tax><![CDATA[1]]></id_tax>
<unit_amount><![CDATA[5.718595]]></unit_amount>
<total_amount><![CDATA[5.720000]]></total_amount>
</order_detail_tax>
<order_detail_tax><id_order_detail><![CDATA[5689]]></id_order_detail>
<id_tax><![CDATA[1]]></id_tax>
<unit_amount><![CDATA[4.850827]]></unit_amount>
<total_amount><![CDATA[4.850000]]></total_amount>
</order_detail_tax>
<order_detail_tax><id_order_detail><![CDATA[5690]]></id_order_detail>
<id_tax><![CDATA[1]]></id_tax>
<unit_amount><![CDATA[2.594628]]></unit_amount>
<total_amount><![CDATA[2.590000]]></total_amount>
</order_detail_tax>
<order_detail_tax><id_order_detail><![CDATA[5691]]></id_order_detail>
<id_tax><![CDATA[1]]></id_tax>
<unit_amount><![CDATA[7.801240]]></unit_amount>
<total_amount><![CDATA[7.800000]]></total_amount>
</order_detail_tax>
<order_detail_tax><id_order_detail><![CDATA[5692]]></id_order_detail>
<id_tax><![CDATA[1]]></id_tax>
<unit_amount><![CDATA[3.115289]]></unit_amount>
<total_amount><![CDATA[3.120000]]></total_amount>
</order_detail_tax>
<order_detail_tax><id_order_detail><![CDATA[5693]]></id_order_detail>
<id_tax><![CDATA[1]]></id_tax>
<unit_amount><![CDATA[3.115289]]></unit_amount>
<total_amount><![CDATA[3.120000]]></total_amount>
</order_detail_tax>
<order_detail_tax><id_order_detail><![CDATA[5694]]></id_order_detail>
<id_tax><![CDATA[1]]></id_tax>
<unit_amount><![CDATA[4.330165]]></unit_amount>
<total_amount><![CDATA[4.330000]]></total_amount>
</order_detail_tax>
<order_detail_tax><id_order_detail><![CDATA[5695]]></id_order_detail>
<id_tax><![CDATA[1]]></id_tax>
<unit_amount><![CDATA[8.669008]]></unit_amount>
<total_amount><![CDATA[8.670000]]></total_amount>
</order_detail_tax>
<order_detail_tax><id_order_detail><![CDATA[5696]]></id_order_detail>
<id_tax><![CDATA[1]]></id_tax>
<unit_amount><![CDATA[3.469339]]></unit_amount>
<total_amount><![CDATA[3.470000]]></total_amount>
</order_detail_tax>
<order_detail_tax><id_order_detail><![CDATA[5697]]></id_order_detail>
<id_tax><![CDATA[1]]></id_tax>
<unit_amount><![CDATA[3.469339]]></unit_amount>
<total_amount><![CDATA[6.940000]]></total_amount>
</order_detail_tax>
<order_detail_tax><id_order_detail><![CDATA[5698]]></id_order_detail>
<id_tax><![CDATA[1]]></id_tax>
<unit_amount><![CDATA[4.857769]]></unit_amount>
<total_amount><![CDATA[9.720000]]></total_amount>
</order_detail_tax>
<order_detail_tax><id_order_detail><![CDATA[5699]]></id_order_detail>
<id_tax><![CDATA[1]]></id_tax>
<unit_amount><![CDATA[4.857769]]></unit_amount>
<total_amount><![CDATA[9.720000]]></total_amount>
</order_detail_tax>
<order_detail_tax><id_order_detail><![CDATA[5700]]></id_order_detail>
<id_tax><![CDATA[1]]></id_tax>
<unit_amount><![CDATA[2.601570]]></unit_amount>
<total_amount><![CDATA[5.200000]]></total_amount>
</order_detail_tax>
<order_detail_tax><id_order_detail><![CDATA[5701]]></id_order_detail>
<id_tax><![CDATA[1]]></id_tax>
<unit_amount><![CDATA[5.204876]]></unit_amount>
<total_amount><![CDATA[10.410000]]></total_amount>
</order_detail_tax>
<order_detail_tax><id_order_detail><![CDATA[5702]]></id_order_detail>
<id_tax><![CDATA[1]]></id_tax>
<unit_amount><![CDATA[3.462397]]></unit_amount>
<total_amount><![CDATA[3.460000]]></total_amount>
</order_detail_tax>
<order_detail_tax><id_order_detail><![CDATA[5703]]></id_order_detail>
<id_tax><![CDATA[1]]></id_tax>
<unit_amount><![CDATA[3.115289]]></unit_amount>
<total_amount><![CDATA[3.120000]]></total_amount>
</order_detail_tax>
<order_detail_tax><id_order_detail><![CDATA[5704]]></id_order_detail>
<id_tax><![CDATA[1]]></id_tax>
<unit_amount><![CDATA[4.857769]]></unit_amount>
<total_amount><![CDATA[4.860000]]></total_amount>
</order_detail_tax>
<order_detail_tax><id_order_detail><![CDATA[5705]]></id_order_detail>
<id_tax><![CDATA[1]]></id_tax>
<unit_amount><![CDATA[8.669008]]></unit_amount>
<total_amount><![CDATA[8.670000]]></total_amount>
</order_detail_tax>
<order_detail_tax><id_order_detail><![CDATA[5706]]></id_order_detail>
<id_tax><![CDATA[1]]></id_tax>
<unit_amount><![CDATA[5.718595]]></unit_amount>
<total_amount><![CDATA[5.720000]]></total_amount>
</order_detail_tax>
<order_detail_tax><id_order_detail><![CDATA[5707]]></id_order_detail>
<id_tax><![CDATA[1]]></id_tax>
<unit_amount><![CDATA[9.536777]]></unit_amount>
<total_amount><![CDATA[9.540000]]></total_amount>
</order_detail_tax>
<order_detail_tax><id_order_detail><![CDATA[5708]]></id_order_detail>
<id_tax><![CDATA[1]]></id_tax>
<unit_amount><![CDATA[2.941735]]></unit_amount>
<total_amount><![CDATA[2.940000]]></total_amount>
</order_detail_tax>
<order_detail_tax><id_order_detail><![CDATA[5709]]></id_order_detail>
<id_tax><![CDATA[1]]></id_tax>
<unit_amount><![CDATA[6.065703]]></unit_amount>
<total_amount><![CDATA[6.070000]]></total_amount>
</order_detail_tax>
<order_detail_tax><id_order_detail><![CDATA[5710]]></id_order_detail>
<id_tax><![CDATA[1]]></id_tax>
<unit_amount><![CDATA[6.065703]]></unit_amount>
<total_amount><![CDATA[12.130000]]></total_amount>
</order_detail_tax>
<order_detail_tax><id_order_detail><![CDATA[5711]]></id_order_detail>
<id_tax><![CDATA[1]]></id_tax>
<unit_amount><![CDATA[4.330165]]></unit_amount>
<total_amount><![CDATA[4.330000]]></total_amount>
</order_detail_tax>
<order_detail_tax><id_order_detail><![CDATA[5712]]></id_order_detail>
<id_tax><![CDATA[1]]></id_tax>
<unit_amount><![CDATA[4.330165]]></unit_amount>
<total_amount><![CDATA[4.330000]]></total_amount>
</order_detail_tax>
<order_detail_tax><id_order_detail><![CDATA[5713]]></id_order_detail>
<id_tax><![CDATA[1]]></id_tax>
<unit_amount><![CDATA[3.469339]]></unit_amount>
<total_amount><![CDATA[3.470000]]></total_amount>
</order_detail_tax>
<order_detail_tax><id_order_detail><![CDATA[5714]]></id_order_detail>
<id_tax><![CDATA[1]]></id_tax>
<unit_amount><![CDATA[3.115289]]></unit_amount>
<total_amount><![CDATA[3.120000]]></total_amount>
</order_detail_tax>
<order_detail_tax><id_order_detail><![CDATA[5715]]></id_order_detail>
<id_tax><![CDATA[1]]></id_tax>
<unit_amount><![CDATA[3.115289]]></unit_amount>
<total_amount><![CDATA[3.120000]]></total_amount>
</order_detail_tax>
<order_detail_tax><id_order_detail><![CDATA[5716]]></id_order_detail>
<id_tax><![CDATA[1]]></id_tax>
<unit_amount><![CDATA[0.236767]]></unit_amount>
<total_amount><![CDATA[0.240000]]></total_amount>
</order_detail_tax>
<order_detail_tax><id_order_detail><![CDATA[5717]]></id_order_detail>
<id_tax><![CDATA[1]]></id_tax>
<unit_amount><![CDATA[0.236767]]></unit_amount>
<total_amount><![CDATA[0.240000]]></total_amount>
</order_detail_tax>
<order_detail_tax><id_order_detail><![CDATA[5718]]></id_order_detail>
<id_tax><![CDATA[1]]></id_tax>
<unit_amount><![CDATA[0.170340]]></unit_amount>
<total_amount><![CDATA[0.170000]]></total_amount>
</order_detail_tax>
<order_detail_tax><id_order_detail><![CDATA[5719]]></id_order_detail>
<id_tax><![CDATA[1]]></id_tax>
<unit_amount><![CDATA[0.170340]]></unit_amount>
<total_amount><![CDATA[0.170000]]></total_amount>
</order_detail_tax>
<order_detail_tax><id_order_detail><![CDATA[5720]]></id_order_detail>
<id_tax><![CDATA[1]]></id_tax>
<unit_amount><![CDATA[0.189698]]></unit_amount>
<total_amount><![CDATA[0.190000]]></total_amount>
</order_detail_tax>
<order_detail_tax><id_order_detail><![CDATA[5721]]></id_order_detail>
<id_tax><![CDATA[1]]></id_tax>
<unit_amount><![CDATA[4.330165]]></unit_amount>
<total_amount><![CDATA[4.330000]]></total_amount>
</order_detail_tax>
<order_detail_tax><id_order_detail><![CDATA[5722]]></id_order_detail>
<id_tax><![CDATA[1]]></id_tax>
<unit_amount><![CDATA[2.941735]]></unit_amount>
<total_amount><![CDATA[2.940000]]></total_amount>
</order_detail_tax>
<order_detail_tax><id_order_detail><![CDATA[5723]]></id_order_detail>
<id_tax><![CDATA[1]]></id_tax>
<unit_amount><![CDATA[2.594628]]></unit_amount>
<total_amount><![CDATA[2.590000]]></total_amount>
</order_detail_tax>
<order_detail_tax><id_order_detail><![CDATA[5724]]></id_order_detail>
<id_tax><![CDATA[1]]></id_tax>
<unit_amount><![CDATA[2.594628]]></unit_amount>
<total_amount><![CDATA[2.590000]]></total_amount>
</order_detail_tax>
<order_detail_tax><id_order_detail><![CDATA[5725]]></id_order_detail>
<id_tax><![CDATA[1]]></id_tax>
<unit_amount><![CDATA[3.122231]]></unit_amount>
<total_amount><![CDATA[3.120000]]></total_amount>
</order_detail_tax>
<order_detail_tax><id_order_detail><![CDATA[5726]]></id_order_detail>
<id_tax><![CDATA[1]]></id_tax>
<unit_amount><![CDATA[3.115289]]></unit_amount>
<total_amount><![CDATA[3.120000]]></total_amount>
</order_detail_tax>
<order_detail_tax><id_order_detail><![CDATA[5727]]></id_order_detail>
<id_tax><![CDATA[1]]></id_tax>
<unit_amount><![CDATA[3.462397]]></unit_amount>
<total_amount><![CDATA[3.460000]]></total_amount>
</order_detail_tax>
<order_detail_tax><id_order_detail><![CDATA[5728]]></id_order_detail>
<id_tax><![CDATA[1]]></id_tax>
<unit_amount><![CDATA[2.594628]]></unit_amount>
<total_amount><![CDATA[2.590000]]></total_amount>
</order_detail_tax>
<order_detail_tax><id_order_detail><![CDATA[5729]]></id_order_detail>
<id_tax><![CDATA[1]]></id_tax>
<unit_amount><![CDATA[2.594628]]></unit_amount>
<total_amount><![CDATA[2.590000]]></total_amount>
</order_detail_tax>
<order_detail_tax><id_order_detail><![CDATA[5730]]></id_order_detail>
<id_tax><![CDATA[1]]></id_tax>
<unit_amount><![CDATA[2.941735]]></unit_amount>
<total_amount><![CDATA[2.940000]]></total_amount>
</order_detail_tax>
<order_detail_tax><id_order_detail><![CDATA[5731]]></id_order_detail>
<id_tax><![CDATA[1]]></id_tax>
<unit_amount><![CDATA[3.115289]]></unit_amount>
<total_amount><![CDATA[3.120000]]></total_amount>
</order_detail_tax>
<order_detail_tax><id_order_detail><![CDATA[5732]]></id_order_detail>
<id_tax><![CDATA[1]]></id_tax>
<unit_amount><![CDATA[2.941735]]></unit_amount>
<total_amount><![CDATA[5.880000]]></total_amount>
</order_detail_tax>
<order_detail_tax><id_order_detail><![CDATA[5733]]></id_order_detail>
<id_tax><![CDATA[1]]></id_tax>
<unit_amount><![CDATA[1.733802]]></unit_amount>
<total_amount><![CDATA[3.470000]]></total_amount>
</order_detail_tax>
<order_detail_tax><id_order_detail><![CDATA[5734]]></id_order_detail>
<id_tax><![CDATA[1]]></id_tax>
<unit_amount><![CDATA[1.733802]]></unit_amount>
<total_amount><![CDATA[6.940000]]></total_amount>
</order_detail_tax>
<order_detail_tax><id_order_detail><![CDATA[5735]]></id_order_detail>
<id_tax><![CDATA[1]]></id_tax>
<unit_amount><![CDATA[4.337108]]></unit_amount>
<total_amount><![CDATA[4.340000]]></total_amount>
</order_detail_tax>
<order_detail_tax><id_order_detail><![CDATA[5736]]></id_order_detail>
<id_tax><![CDATA[1]]></id_tax>
<unit_amount><![CDATA[6.933471]]></unit_amount>
<total_amount><![CDATA[6.930000]]></total_amount>
</order_detail_tax>
<order_detail_tax><id_order_detail><![CDATA[5737]]></id_order_detail>
<id_tax><![CDATA[1]]></id_tax>
<unit_amount><![CDATA[4.337108]]></unit_amount>
<total_amount><![CDATA[4.340000]]></total_amount>
</order_detail_tax>
<order_detail_tax><id_order_detail><![CDATA[5738]]></id_order_detail>
<id_tax><![CDATA[1]]></id_tax>
<unit_amount><![CDATA[2.594628]]></unit_amount>
<total_amount><![CDATA[2.590000]]></total_amount>
</order_detail_tax>
<order_detail_tax><id_order_detail><![CDATA[5739]]></id_order_detail>
<id_tax><![CDATA[1]]></id_tax>
<unit_amount><![CDATA[3.115289]]></unit_amount>
<total_amount><![CDATA[3.120000]]></total_amount>
</order_detail_tax>
<order_detail_tax><id_order_detail><![CDATA[5740]]></id_order_detail>
<id_tax><![CDATA[1]]></id_tax>
<unit_amount><![CDATA[2.247521]]></unit_amount>
<total_amount><![CDATA[2.250000]]></total_amount>
</order_detail_tax>
</entity_profile>
