<?xml version="1.0" encoding="UTF-8"?>
<entity_profile>
<order_invoice_tax><id_order_invoice><![CDATA[3029]]></id_order_invoice>
<type><![CDATA[shipping]]></type>
<id_tax><![CDATA[1]]></id_tax>
<amount><![CDATA[0.000000]]></amount>
</order_invoice_tax>
<order_invoice_tax><id_order_invoice><![CDATA[3030]]></id_order_invoice>
<type><![CDATA[shipping]]></type>
<id_tax><![CDATA[1]]></id_tax>
<amount><![CDATA[1.509900]]></amount>
</order_invoice_tax>
<order_invoice_tax><id_order_invoice><![CDATA[3031]]></id_order_invoice>
<type><![CDATA[shipping]]></type>
<id_tax><![CDATA[1]]></id_tax>
<amount><![CDATA[1.545600]]></amount>
</order_invoice_tax>
<order_invoice_tax><id_order_invoice><![CDATA[3032]]></id_order_invoice>
<type><![CDATA[shipping]]></type>
<id_tax><![CDATA[1]]></id_tax>
<amount><![CDATA[0.781200]]></amount>
</order_invoice_tax>
<order_invoice_tax><id_order_invoice><![CDATA[3033]]></id_order_invoice>
<type><![CDATA[shipping]]></type>
<id_tax><![CDATA[1]]></id_tax>
<amount><![CDATA[1.509900]]></amount>
</order_invoice_tax>
<order_invoice_tax><id_order_invoice><![CDATA[3034]]></id_order_invoice>
<type><![CDATA[shipping]]></type>
<id_tax><![CDATA[1]]></id_tax>
<amount><![CDATA[1.476300]]></amount>
</order_invoice_tax>
<order_invoice_tax><id_order_invoice><![CDATA[3035]]></id_order_invoice>
<type><![CDATA[shipping]]></type>
<id_tax><![CDATA[1]]></id_tax>
<amount><![CDATA[0.000000]]></amount>
</order_invoice_tax>
<order_invoice_tax><id_order_invoice><![CDATA[3036]]></id_order_invoice>
<type><![CDATA[shipping]]></type>
<id_tax><![CDATA[1]]></id_tax>
<amount><![CDATA[0.781200]]></amount>
</order_invoice_tax>
<order_invoice_tax><id_order_invoice><![CDATA[3037]]></id_order_invoice>
<type><![CDATA[shipping]]></type>
<id_tax><![CDATA[1]]></id_tax>
<amount><![CDATA[1.509900]]></amount>
</order_invoice_tax>
<order_invoice_tax><id_order_invoice><![CDATA[3038]]></id_order_invoice>
<type><![CDATA[shipping]]></type>
<id_tax><![CDATA[1]]></id_tax>
<amount><![CDATA[1.545600]]></amount>
</order_invoice_tax>
<order_invoice_tax><id_order_invoice><![CDATA[3039]]></id_order_invoice>
<type><![CDATA[shipping]]></type>
<id_tax><![CDATA[1]]></id_tax>
<amount><![CDATA[1.509900]]></amount>
</order_invoice_tax>
<order_invoice_tax><id_order_invoice><![CDATA[3040]]></id_order_invoice>
<type><![CDATA[shipping]]></type>
<id_tax><![CDATA[1]]></id_tax>
<amount><![CDATA[1.545600]]></amount>
</order_invoice_tax>
<order_invoice_tax><id_order_invoice><![CDATA[3041]]></id_order_invoice>
<type><![CDATA[shipping]]></type>
<id_tax><![CDATA[1]]></id_tax>
<amount><![CDATA[5.208000]]></amount>
</order_invoice_tax>
<order_invoice_tax><id_order_invoice><![CDATA[3042]]></id_order_invoice>
<type><![CDATA[shipping]]></type>
<id_tax><![CDATA[1]]></id_tax>
<amount><![CDATA[0.000000]]></amount>
</order_invoice_tax>
<order_invoice_tax><id_order_invoice><![CDATA[3043]]></id_order_invoice>
<type><![CDATA[shipping]]></type>
<id_tax><![CDATA[1]]></id_tax>
<amount><![CDATA[0.000000]]></amount>
</order_invoice_tax>
<order_invoice_tax><id_order_invoice><![CDATA[3044]]></id_order_invoice>
<type><![CDATA[shipping]]></type>
<id_tax><![CDATA[1]]></id_tax>
<amount><![CDATA[0.781200]]></amount>
</order_invoice_tax>
<order_invoice_tax><id_order_invoice><![CDATA[3045]]></id_order_invoice>
<type><![CDATA[shipping]]></type>
<id_tax><![CDATA[1]]></id_tax>
<amount><![CDATA[1.476300]]></amount>
</order_invoice_tax>
<order_invoice_tax><id_order_invoice><![CDATA[3046]]></id_order_invoice>
<type><![CDATA[shipping]]></type>
<id_tax><![CDATA[1]]></id_tax>
<amount><![CDATA[0.781200]]></amount>
</order_invoice_tax>
<order_invoice_tax><id_order_invoice><![CDATA[3047]]></id_order_invoice>
<type><![CDATA[shipping]]></type>
<id_tax><![CDATA[1]]></id_tax>
<amount><![CDATA[1.476300]]></amount>
</order_invoice_tax>
<order_invoice_tax><id_order_invoice><![CDATA[3048]]></id_order_invoice>
<type><![CDATA[shipping]]></type>
<id_tax><![CDATA[1]]></id_tax>
<amount><![CDATA[0.781200]]></amount>
</order_invoice_tax>
<order_invoice_tax><id_order_invoice><![CDATA[3049]]></id_order_invoice>
<type><![CDATA[shipping]]></type>
<id_tax><![CDATA[1]]></id_tax>
<amount><![CDATA[0.000000]]></amount>
</order_invoice_tax>
<order_invoice_tax><id_order_invoice><![CDATA[3050]]></id_order_invoice>
<type><![CDATA[shipping]]></type>
<id_tax><![CDATA[1]]></id_tax>
<amount><![CDATA[1.476300]]></amount>
</order_invoice_tax>
<order_invoice_tax><id_order_invoice><![CDATA[3051]]></id_order_invoice>
<type><![CDATA[shipping]]></type>
<id_tax><![CDATA[1]]></id_tax>
<amount><![CDATA[1.509900]]></amount>
</order_invoice_tax>
<order_invoice_tax><id_order_invoice><![CDATA[3052]]></id_order_invoice>
<type><![CDATA[shipping]]></type>
<id_tax><![CDATA[1]]></id_tax>
<amount><![CDATA[1.545600]]></amount>
</order_invoice_tax>
<order_invoice_tax><id_order_invoice><![CDATA[3053]]></id_order_invoice>
<type><![CDATA[shipping]]></type>
<id_tax><![CDATA[1]]></id_tax>
<amount><![CDATA[0.000000]]></amount>
</order_invoice_tax>
<order_invoice_tax><id_order_invoice><![CDATA[3054]]></id_order_invoice>
<type><![CDATA[shipping]]></type>
<id_tax><![CDATA[1]]></id_tax>
<amount><![CDATA[0.781200]]></amount>
</order_invoice_tax>
<order_invoice_tax><id_order_invoice><![CDATA[3055]]></id_order_invoice>
<type><![CDATA[shipping]]></type>
<id_tax><![CDATA[1]]></id_tax>
<amount><![CDATA[0.781200]]></amount>
</order_invoice_tax>
<order_invoice_tax><id_order_invoice><![CDATA[3056]]></id_order_invoice>
<type><![CDATA[shipping]]></type>
<id_tax><![CDATA[1]]></id_tax>
<amount><![CDATA[1.302000]]></amount>
</order_invoice_tax>
<order_invoice_tax><id_order_invoice><![CDATA[3057]]></id_order_invoice>
<type><![CDATA[shipping]]></type>
<id_tax><![CDATA[1]]></id_tax>
<amount><![CDATA[0.781200]]></amount>
</order_invoice_tax>
<order_invoice_tax><id_order_invoice><![CDATA[3058]]></id_order_invoice>
<type><![CDATA[shipping]]></type>
<id_tax><![CDATA[1]]></id_tax>
<amount><![CDATA[1.509900]]></amount>
</order_invoice_tax>
<order_invoice_tax><id_order_invoice><![CDATA[3059]]></id_order_invoice>
<type><![CDATA[shipping]]></type>
<id_tax><![CDATA[1]]></id_tax>
<amount><![CDATA[0.781200]]></amount>
</order_invoice_tax>
<order_invoice_tax><id_order_invoice><![CDATA[3060]]></id_order_invoice>
<type><![CDATA[shipping]]></type>
<id_tax><![CDATA[1]]></id_tax>
<amount><![CDATA[0.781200]]></amount>
</order_invoice_tax>
<order_invoice_tax><id_order_invoice><![CDATA[3061]]></id_order_invoice>
<type><![CDATA[shipping]]></type>
<id_tax><![CDATA[1]]></id_tax>
<amount><![CDATA[0.781200]]></amount>
</order_invoice_tax>
<order_invoice_tax><id_order_invoice><![CDATA[3062]]></id_order_invoice>
<type><![CDATA[shipping]]></type>
<id_tax><![CDATA[1]]></id_tax>
<amount><![CDATA[1.545600]]></amount>
</order_invoice_tax>
<order_invoice_tax><id_order_invoice><![CDATA[3063]]></id_order_invoice>
<type><![CDATA[shipping]]></type>
<id_tax><![CDATA[1]]></id_tax>
<amount><![CDATA[0.781200]]></amount>
</order_invoice_tax>
<order_invoice_tax><id_order_invoice><![CDATA[3064]]></id_order_invoice>
<type><![CDATA[shipping]]></type>
<id_tax><![CDATA[1]]></id_tax>
<amount><![CDATA[0.781200]]></amount>
</order_invoice_tax>
<order_invoice_tax><id_order_invoice><![CDATA[3065]]></id_order_invoice>
<type><![CDATA[shipping]]></type>
<id_tax><![CDATA[1]]></id_tax>
<amount><![CDATA[1.509900]]></amount>
</order_invoice_tax>
<order_invoice_tax><id_order_invoice><![CDATA[3066]]></id_order_invoice>
<type><![CDATA[shipping]]></type>
<id_tax><![CDATA[1]]></id_tax>
<amount><![CDATA[1.509900]]></amount>
</order_invoice_tax>
<order_invoice_tax><id_order_invoice><![CDATA[3067]]></id_order_invoice>
<type><![CDATA[shipping]]></type>
<id_tax><![CDATA[1]]></id_tax>
<amount><![CDATA[0.781200]]></amount>
</order_invoice_tax>
<order_invoice_tax><id_order_invoice><![CDATA[3068]]></id_order_invoice>
<type><![CDATA[shipping]]></type>
<id_tax><![CDATA[1]]></id_tax>
<amount><![CDATA[0.781200]]></amount>
</order_invoice_tax>
<order_invoice_tax><id_order_invoice><![CDATA[3069]]></id_order_invoice>
<type><![CDATA[shipping]]></type>
<id_tax><![CDATA[1]]></id_tax>
<amount><![CDATA[0.000000]]></amount>
</order_invoice_tax>
<order_invoice_tax><id_order_invoice><![CDATA[3070]]></id_order_invoice>
<type><![CDATA[shipping]]></type>
<id_tax><![CDATA[1]]></id_tax>
<amount><![CDATA[0.000000]]></amount>
</order_invoice_tax>
<order_invoice_tax><id_order_invoice><![CDATA[3071]]></id_order_invoice>
<type><![CDATA[shipping]]></type>
<id_tax><![CDATA[1]]></id_tax>
<amount><![CDATA[1.545600]]></amount>
</order_invoice_tax>
<order_invoice_tax><id_order_invoice><![CDATA[3072]]></id_order_invoice>
<type><![CDATA[shipping]]></type>
<id_tax><![CDATA[1]]></id_tax>
<amount><![CDATA[1.476300]]></amount>
</order_invoice_tax>
<order_invoice_tax><id_order_invoice><![CDATA[3073]]></id_order_invoice>
<type><![CDATA[shipping]]></type>
<id_tax><![CDATA[1]]></id_tax>
<amount><![CDATA[1.545600]]></amount>
</order_invoice_tax>
<order_invoice_tax><id_order_invoice><![CDATA[3074]]></id_order_invoice>
<type><![CDATA[shipping]]></type>
<id_tax><![CDATA[1]]></id_tax>
<amount><![CDATA[0.781200]]></amount>
</order_invoice_tax>
<order_invoice_tax><id_order_invoice><![CDATA[3075]]></id_order_invoice>
<type><![CDATA[shipping]]></type>
<id_tax><![CDATA[1]]></id_tax>
<amount><![CDATA[0.781200]]></amount>
</order_invoice_tax>
<order_invoice_tax><id_order_invoice><![CDATA[3076]]></id_order_invoice>
<type><![CDATA[shipping]]></type>
<id_tax><![CDATA[1]]></id_tax>
<amount><![CDATA[1.476300]]></amount>
</order_invoice_tax>
<order_invoice_tax><id_order_invoice><![CDATA[3077]]></id_order_invoice>
<type><![CDATA[shipping]]></type>
<id_tax><![CDATA[1]]></id_tax>
<amount><![CDATA[0.781200]]></amount>
</order_invoice_tax>
<order_invoice_tax><id_order_invoice><![CDATA[3078]]></id_order_invoice>
<type><![CDATA[shipping]]></type>
<id_tax><![CDATA[1]]></id_tax>
<amount><![CDATA[0.781200]]></amount>
</order_invoice_tax>
<order_invoice_tax><id_order_invoice><![CDATA[3079]]></id_order_invoice>
<type><![CDATA[shipping]]></type>
<id_tax><![CDATA[1]]></id_tax>
<amount><![CDATA[0.781200]]></amount>
</order_invoice_tax>
<order_invoice_tax><id_order_invoice><![CDATA[3080]]></id_order_invoice>
<type><![CDATA[shipping]]></type>
<id_tax><![CDATA[1]]></id_tax>
<amount><![CDATA[1.509900]]></amount>
</order_invoice_tax>
<order_invoice_tax><id_order_invoice><![CDATA[3081]]></id_order_invoice>
<type><![CDATA[shipping]]></type>
<id_tax><![CDATA[1]]></id_tax>
<amount><![CDATA[0.000000]]></amount>
</order_invoice_tax>
<order_invoice_tax><id_order_invoice><![CDATA[3082]]></id_order_invoice>
<type><![CDATA[shipping]]></type>
<id_tax><![CDATA[1]]></id_tax>
<amount><![CDATA[0.781200]]></amount>
</order_invoice_tax>
<order_invoice_tax><id_order_invoice><![CDATA[3083]]></id_order_invoice>
<type><![CDATA[shipping]]></type>
<id_tax><![CDATA[1]]></id_tax>
<amount><![CDATA[0.000000]]></amount>
</order_invoice_tax>
<order_invoice_tax><id_order_invoice><![CDATA[3084]]></id_order_invoice>
<type><![CDATA[shipping]]></type>
<id_tax><![CDATA[1]]></id_tax>
<amount><![CDATA[1.476300]]></amount>
</order_invoice_tax>
<order_invoice_tax><id_order_invoice><![CDATA[3085]]></id_order_invoice>
<type><![CDATA[shipping]]></type>
<id_tax><![CDATA[1]]></id_tax>
<amount><![CDATA[0.781200]]></amount>
</order_invoice_tax>
<order_invoice_tax><id_order_invoice><![CDATA[3086]]></id_order_invoice>
<type><![CDATA[shipping]]></type>
<id_tax><![CDATA[1]]></id_tax>
<amount><![CDATA[0.781200]]></amount>
</order_invoice_tax>
<order_invoice_tax><id_order_invoice><![CDATA[3087]]></id_order_invoice>
<type><![CDATA[shipping]]></type>
<id_tax><![CDATA[1]]></id_tax>
<amount><![CDATA[1.476300]]></amount>
</order_invoice_tax>
<order_invoice_tax><id_order_invoice><![CDATA[3088]]></id_order_invoice>
<type><![CDATA[shipping]]></type>
<id_tax><![CDATA[1]]></id_tax>
<amount><![CDATA[1.476300]]></amount>
</order_invoice_tax>
<order_invoice_tax><id_order_invoice><![CDATA[3089]]></id_order_invoice>
<type><![CDATA[shipping]]></type>
<id_tax><![CDATA[1]]></id_tax>
<amount><![CDATA[0.781200]]></amount>
</order_invoice_tax>
<order_invoice_tax><id_order_invoice><![CDATA[3090]]></id_order_invoice>
<type><![CDATA[shipping]]></type>
<id_tax><![CDATA[1]]></id_tax>
<amount><![CDATA[0.781200]]></amount>
</order_invoice_tax>
<order_invoice_tax><id_order_invoice><![CDATA[3091]]></id_order_invoice>
<type><![CDATA[shipping]]></type>
<id_tax><![CDATA[1]]></id_tax>
<amount><![CDATA[0.000000]]></amount>
</order_invoice_tax>
<order_invoice_tax><id_order_invoice><![CDATA[3092]]></id_order_invoice>
<type><![CDATA[shipping]]></type>
<id_tax><![CDATA[1]]></id_tax>
<amount><![CDATA[0.781200]]></amount>
</order_invoice_tax>
<order_invoice_tax><id_order_invoice><![CDATA[3093]]></id_order_invoice>
<type><![CDATA[shipping]]></type>
<id_tax><![CDATA[1]]></id_tax>
<amount><![CDATA[0.781200]]></amount>
</order_invoice_tax>
<order_invoice_tax><id_order_invoice><![CDATA[3094]]></id_order_invoice>
<type><![CDATA[shipping]]></type>
<id_tax><![CDATA[1]]></id_tax>
<amount><![CDATA[1.545600]]></amount>
</order_invoice_tax>
<order_invoice_tax><id_order_invoice><![CDATA[3095]]></id_order_invoice>
<type><![CDATA[shipping]]></type>
<id_tax><![CDATA[1]]></id_tax>
<amount><![CDATA[0.781200]]></amount>
</order_invoice_tax>
<order_invoice_tax><id_order_invoice><![CDATA[3096]]></id_order_invoice>
<type><![CDATA[shipping]]></type>
<id_tax><![CDATA[1]]></id_tax>
<amount><![CDATA[0.781200]]></amount>
</order_invoice_tax>
<order_invoice_tax><id_order_invoice><![CDATA[3097]]></id_order_invoice>
<type><![CDATA[shipping]]></type>
<id_tax><![CDATA[1]]></id_tax>
<amount><![CDATA[0.781200]]></amount>
</order_invoice_tax>
<order_invoice_tax><id_order_invoice><![CDATA[3098]]></id_order_invoice>
<type><![CDATA[shipping]]></type>
<id_tax><![CDATA[1]]></id_tax>
<amount><![CDATA[0.000000]]></amount>
</order_invoice_tax>
<order_invoice_tax><id_order_invoice><![CDATA[3099]]></id_order_invoice>
<type><![CDATA[shipping]]></type>
<id_tax><![CDATA[1]]></id_tax>
<amount><![CDATA[0.781200]]></amount>
</order_invoice_tax>
<order_invoice_tax><id_order_invoice><![CDATA[3100]]></id_order_invoice>
<type><![CDATA[shipping]]></type>
<id_tax><![CDATA[1]]></id_tax>
<amount><![CDATA[1.545600]]></amount>
</order_invoice_tax>
<order_invoice_tax><id_order_invoice><![CDATA[3101]]></id_order_invoice>
<type><![CDATA[shipping]]></type>
<id_tax><![CDATA[1]]></id_tax>
<amount><![CDATA[1.302000]]></amount>
</order_invoice_tax>
<order_invoice_tax><id_order_invoice><![CDATA[3102]]></id_order_invoice>
<type><![CDATA[shipping]]></type>
<id_tax><![CDATA[1]]></id_tax>
<amount><![CDATA[0.781200]]></amount>
</order_invoice_tax>
<order_invoice_tax><id_order_invoice><![CDATA[3103]]></id_order_invoice>
<type><![CDATA[shipping]]></type>
<id_tax><![CDATA[1]]></id_tax>
<amount><![CDATA[0.781200]]></amount>
</order_invoice_tax>
<order_invoice_tax><id_order_invoice><![CDATA[3104]]></id_order_invoice>
<type><![CDATA[shipping]]></type>
<id_tax><![CDATA[1]]></id_tax>
<amount><![CDATA[5.208000]]></amount>
</order_invoice_tax>
<order_invoice_tax><id_order_invoice><![CDATA[3105]]></id_order_invoice>
<type><![CDATA[shipping]]></type>
<id_tax><![CDATA[1]]></id_tax>
<amount><![CDATA[1.509900]]></amount>
</order_invoice_tax>
<order_invoice_tax><id_order_invoice><![CDATA[3106]]></id_order_invoice>
<type><![CDATA[shipping]]></type>
<id_tax><![CDATA[1]]></id_tax>
<amount><![CDATA[1.509900]]></amount>
</order_invoice_tax>
<order_invoice_tax><id_order_invoice><![CDATA[3107]]></id_order_invoice>
<type><![CDATA[shipping]]></type>
<id_tax><![CDATA[1]]></id_tax>
<amount><![CDATA[1.302000]]></amount>
</order_invoice_tax>
<order_invoice_tax><id_order_invoice><![CDATA[3108]]></id_order_invoice>
<type><![CDATA[shipping]]></type>
<id_tax><![CDATA[1]]></id_tax>
<amount><![CDATA[0.000000]]></amount>
</order_invoice_tax>
<order_invoice_tax><id_order_invoice><![CDATA[3109]]></id_order_invoice>
<type><![CDATA[shipping]]></type>
<id_tax><![CDATA[1]]></id_tax>
<amount><![CDATA[1.509900]]></amount>
</order_invoice_tax>
<order_invoice_tax><id_order_invoice><![CDATA[3110]]></id_order_invoice>
<type><![CDATA[shipping]]></type>
<id_tax><![CDATA[1]]></id_tax>
<amount><![CDATA[0.000000]]></amount>
</order_invoice_tax>
<order_invoice_tax><id_order_invoice><![CDATA[3111]]></id_order_invoice>
<type><![CDATA[shipping]]></type>
<id_tax><![CDATA[1]]></id_tax>
<amount><![CDATA[1.476300]]></amount>
</order_invoice_tax>
<order_invoice_tax><id_order_invoice><![CDATA[3112]]></id_order_invoice>
<type><![CDATA[shipping]]></type>
<id_tax><![CDATA[1]]></id_tax>
<amount><![CDATA[1.545600]]></amount>
</order_invoice_tax>
<order_invoice_tax><id_order_invoice><![CDATA[3113]]></id_order_invoice>
<type><![CDATA[shipping]]></type>
<id_tax><![CDATA[1]]></id_tax>
<amount><![CDATA[1.302000]]></amount>
</order_invoice_tax>
<order_invoice_tax><id_order_invoice><![CDATA[3114]]></id_order_invoice>
<type><![CDATA[shipping]]></type>
<id_tax><![CDATA[1]]></id_tax>
<amount><![CDATA[0.781200]]></amount>
</order_invoice_tax>
<order_invoice_tax><id_order_invoice><![CDATA[3115]]></id_order_invoice>
<type><![CDATA[shipping]]></type>
<id_tax><![CDATA[1]]></id_tax>
<amount><![CDATA[0.000000]]></amount>
</order_invoice_tax>
<order_invoice_tax><id_order_invoice><![CDATA[3116]]></id_order_invoice>
<type><![CDATA[shipping]]></type>
<id_tax><![CDATA[1]]></id_tax>
<amount><![CDATA[1.545600]]></amount>
</order_invoice_tax>
<order_invoice_tax><id_order_invoice><![CDATA[3117]]></id_order_invoice>
<type><![CDATA[shipping]]></type>
<id_tax><![CDATA[1]]></id_tax>
<amount><![CDATA[0.781200]]></amount>
</order_invoice_tax>
<order_invoice_tax><id_order_invoice><![CDATA[3118]]></id_order_invoice>
<type><![CDATA[shipping]]></type>
<id_tax><![CDATA[1]]></id_tax>
<amount><![CDATA[1.545600]]></amount>
</order_invoice_tax>
<order_invoice_tax><id_order_invoice><![CDATA[3119]]></id_order_invoice>
<type><![CDATA[shipping]]></type>
<id_tax><![CDATA[1]]></id_tax>
<amount><![CDATA[1.509900]]></amount>
</order_invoice_tax>
<order_invoice_tax><id_order_invoice><![CDATA[3120]]></id_order_invoice>
<type><![CDATA[shipping]]></type>
<id_tax><![CDATA[1]]></id_tax>
<amount><![CDATA[1.302000]]></amount>
</order_invoice_tax>
<order_invoice_tax><id_order_invoice><![CDATA[3121]]></id_order_invoice>
<type><![CDATA[shipping]]></type>
<id_tax><![CDATA[1]]></id_tax>
<amount><![CDATA[1.476300]]></amount>
</order_invoice_tax>
<order_invoice_tax><id_order_invoice><![CDATA[3122]]></id_order_invoice>
<type><![CDATA[shipping]]></type>
<id_tax><![CDATA[1]]></id_tax>
<amount><![CDATA[1.476300]]></amount>
</order_invoice_tax>
<order_invoice_tax><id_order_invoice><![CDATA[3123]]></id_order_invoice>
<type><![CDATA[shipping]]></type>
<id_tax><![CDATA[1]]></id_tax>
<amount><![CDATA[0.000000]]></amount>
</order_invoice_tax>
<order_invoice_tax><id_order_invoice><![CDATA[3124]]></id_order_invoice>
<type><![CDATA[shipping]]></type>
<id_tax><![CDATA[1]]></id_tax>
<amount><![CDATA[1.476300]]></amount>
</order_invoice_tax>
<order_invoice_tax><id_order_invoice><![CDATA[3125]]></id_order_invoice>
<type><![CDATA[shipping]]></type>
<id_tax><![CDATA[1]]></id_tax>
<amount><![CDATA[1.545600]]></amount>
</order_invoice_tax>
<order_invoice_tax><id_order_invoice><![CDATA[3126]]></id_order_invoice>
<type><![CDATA[shipping]]></type>
<id_tax><![CDATA[1]]></id_tax>
<amount><![CDATA[0.781200]]></amount>
</order_invoice_tax>
<order_invoice_tax><id_order_invoice><![CDATA[3127]]></id_order_invoice>
<type><![CDATA[shipping]]></type>
<id_tax><![CDATA[1]]></id_tax>
<amount><![CDATA[0.781200]]></amount>
</order_invoice_tax>
<order_invoice_tax><id_order_invoice><![CDATA[3128]]></id_order_invoice>
<type><![CDATA[shipping]]></type>
<id_tax><![CDATA[1]]></id_tax>
<amount><![CDATA[0.781200]]></amount>
</order_invoice_tax>
<order_invoice_tax><id_order_invoice><![CDATA[3129]]></id_order_invoice>
<type><![CDATA[shipping]]></type>
<id_tax><![CDATA[1]]></id_tax>
<amount><![CDATA[0.781200]]></amount>
</order_invoice_tax>
<order_invoice_tax><id_order_invoice><![CDATA[3130]]></id_order_invoice>
<type><![CDATA[shipping]]></type>
<id_tax><![CDATA[1]]></id_tax>
<amount><![CDATA[0.781200]]></amount>
</order_invoice_tax>
<order_invoice_tax><id_order_invoice><![CDATA[3131]]></id_order_invoice>
<type><![CDATA[shipping]]></type>
<id_tax><![CDATA[1]]></id_tax>
<amount><![CDATA[0.781200]]></amount>
</order_invoice_tax>
<order_invoice_tax><id_order_invoice><![CDATA[3132]]></id_order_invoice>
<type><![CDATA[shipping]]></type>
<id_tax><![CDATA[1]]></id_tax>
<amount><![CDATA[0.000000]]></amount>
</order_invoice_tax>
<order_invoice_tax><id_order_invoice><![CDATA[3133]]></id_order_invoice>
<type><![CDATA[shipping]]></type>
<id_tax><![CDATA[1]]></id_tax>
<amount><![CDATA[1.545600]]></amount>
</order_invoice_tax>
<order_invoice_tax><id_order_invoice><![CDATA[3134]]></id_order_invoice>
<type><![CDATA[shipping]]></type>
<id_tax><![CDATA[1]]></id_tax>
<amount><![CDATA[0.000000]]></amount>
</order_invoice_tax>
<order_invoice_tax><id_order_invoice><![CDATA[3135]]></id_order_invoice>
<type><![CDATA[shipping]]></type>
<id_tax><![CDATA[1]]></id_tax>
<amount><![CDATA[1.302000]]></amount>
</order_invoice_tax>
<order_invoice_tax><id_order_invoice><![CDATA[3136]]></id_order_invoice>
<type><![CDATA[shipping]]></type>
<id_tax><![CDATA[1]]></id_tax>
<amount><![CDATA[0.781200]]></amount>
</order_invoice_tax>
<order_invoice_tax><id_order_invoice><![CDATA[3137]]></id_order_invoice>
<type><![CDATA[shipping]]></type>
<id_tax><![CDATA[1]]></id_tax>
<amount><![CDATA[1.509900]]></amount>
</order_invoice_tax>
<order_invoice_tax><id_order_invoice><![CDATA[3138]]></id_order_invoice>
<type><![CDATA[shipping]]></type>
<id_tax><![CDATA[1]]></id_tax>
<amount><![CDATA[0.000000]]></amount>
</order_invoice_tax>
<order_invoice_tax><id_order_invoice><![CDATA[3139]]></id_order_invoice>
<type><![CDATA[shipping]]></type>
<id_tax><![CDATA[1]]></id_tax>
<amount><![CDATA[0.781200]]></amount>
</order_invoice_tax>
<order_invoice_tax><id_order_invoice><![CDATA[3140]]></id_order_invoice>
<type><![CDATA[shipping]]></type>
<id_tax><![CDATA[1]]></id_tax>
<amount><![CDATA[1.509900]]></amount>
</order_invoice_tax>
<order_invoice_tax><id_order_invoice><![CDATA[3141]]></id_order_invoice>
<type><![CDATA[shipping]]></type>
<id_tax><![CDATA[1]]></id_tax>
<amount><![CDATA[1.476300]]></amount>
</order_invoice_tax>
<order_invoice_tax><id_order_invoice><![CDATA[3142]]></id_order_invoice>
<type><![CDATA[shipping]]></type>
<id_tax><![CDATA[1]]></id_tax>
<amount><![CDATA[1.545600]]></amount>
</order_invoice_tax>
<order_invoice_tax><id_order_invoice><![CDATA[3143]]></id_order_invoice>
<type><![CDATA[shipping]]></type>
<id_tax><![CDATA[1]]></id_tax>
<amount><![CDATA[0.000000]]></amount>
</order_invoice_tax>
<order_invoice_tax><id_order_invoice><![CDATA[3144]]></id_order_invoice>
<type><![CDATA[shipping]]></type>
<id_tax><![CDATA[1]]></id_tax>
<amount><![CDATA[0.781200]]></amount>
</order_invoice_tax>
<order_invoice_tax><id_order_invoice><![CDATA[3145]]></id_order_invoice>
<type><![CDATA[shipping]]></type>
<id_tax><![CDATA[1]]></id_tax>
<amount><![CDATA[1.509900]]></amount>
</order_invoice_tax>
<order_invoice_tax><id_order_invoice><![CDATA[3146]]></id_order_invoice>
<type><![CDATA[shipping]]></type>
<id_tax><![CDATA[1]]></id_tax>
<amount><![CDATA[1.545600]]></amount>
</order_invoice_tax>
<order_invoice_tax><id_order_invoice><![CDATA[3147]]></id_order_invoice>
<type><![CDATA[shipping]]></type>
<id_tax><![CDATA[1]]></id_tax>
<amount><![CDATA[1.545600]]></amount>
</order_invoice_tax>
<order_invoice_tax><id_order_invoice><![CDATA[3148]]></id_order_invoice>
<type><![CDATA[shipping]]></type>
<id_tax><![CDATA[1]]></id_tax>
<amount><![CDATA[0.781200]]></amount>
</order_invoice_tax>
<order_invoice_tax><id_order_invoice><![CDATA[3149]]></id_order_invoice>
<type><![CDATA[shipping]]></type>
<id_tax><![CDATA[1]]></id_tax>
<amount><![CDATA[1.509900]]></amount>
</order_invoice_tax>
<order_invoice_tax><id_order_invoice><![CDATA[3150]]></id_order_invoice>
<type><![CDATA[shipping]]></type>
<id_tax><![CDATA[1]]></id_tax>
<amount><![CDATA[1.545600]]></amount>
</order_invoice_tax>
<order_invoice_tax><id_order_invoice><![CDATA[3151]]></id_order_invoice>
<type><![CDATA[shipping]]></type>
<id_tax><![CDATA[1]]></id_tax>
<amount><![CDATA[0.781200]]></amount>
</order_invoice_tax>
<order_invoice_tax><id_order_invoice><![CDATA[3152]]></id_order_invoice>
<type><![CDATA[shipping]]></type>
<id_tax><![CDATA[1]]></id_tax>
<amount><![CDATA[1.476300]]></amount>
</order_invoice_tax>
<order_invoice_tax><id_order_invoice><![CDATA[3153]]></id_order_invoice>
<type><![CDATA[shipping]]></type>
<id_tax><![CDATA[1]]></id_tax>
<amount><![CDATA[1.476300]]></amount>
</order_invoice_tax>
<order_invoice_tax><id_order_invoice><![CDATA[3154]]></id_order_invoice>
<type><![CDATA[shipping]]></type>
<id_tax><![CDATA[1]]></id_tax>
<amount><![CDATA[1.476300]]></amount>
</order_invoice_tax>
<order_invoice_tax><id_order_invoice><![CDATA[3155]]></id_order_invoice>
<type><![CDATA[shipping]]></type>
<id_tax><![CDATA[1]]></id_tax>
<amount><![CDATA[1.545600]]></amount>
</order_invoice_tax>
<order_invoice_tax><id_order_invoice><![CDATA[3156]]></id_order_invoice>
<type><![CDATA[shipping]]></type>
<id_tax><![CDATA[1]]></id_tax>
<amount><![CDATA[0.781200]]></amount>
</order_invoice_tax>
<order_invoice_tax><id_order_invoice><![CDATA[3157]]></id_order_invoice>
<type><![CDATA[shipping]]></type>
<id_tax><![CDATA[1]]></id_tax>
<amount><![CDATA[1.476300]]></amount>
</order_invoice_tax>
<order_invoice_tax><id_order_invoice><![CDATA[3158]]></id_order_invoice>
<type><![CDATA[shipping]]></type>
<id_tax><![CDATA[1]]></id_tax>
<amount><![CDATA[1.545600]]></amount>
</order_invoice_tax>
<order_invoice_tax><id_order_invoice><![CDATA[3159]]></id_order_invoice>
<type><![CDATA[shipping]]></type>
<id_tax><![CDATA[1]]></id_tax>
<amount><![CDATA[0.781200]]></amount>
</order_invoice_tax>
<order_invoice_tax><id_order_invoice><![CDATA[3160]]></id_order_invoice>
<type><![CDATA[shipping]]></type>
<id_tax><![CDATA[1]]></id_tax>
<amount><![CDATA[0.000000]]></amount>
</order_invoice_tax>
<order_invoice_tax><id_order_invoice><![CDATA[3161]]></id_order_invoice>
<type><![CDATA[shipping]]></type>
<id_tax><![CDATA[1]]></id_tax>
<amount><![CDATA[1.545600]]></amount>
</order_invoice_tax>
<order_invoice_tax><id_order_invoice><![CDATA[3162]]></id_order_invoice>
<type><![CDATA[shipping]]></type>
<id_tax><![CDATA[1]]></id_tax>
<amount><![CDATA[0.781200]]></amount>
</order_invoice_tax>
<order_invoice_tax><id_order_invoice><![CDATA[3163]]></id_order_invoice>
<type><![CDATA[shipping]]></type>
<id_tax><![CDATA[1]]></id_tax>
<amount><![CDATA[1.545600]]></amount>
</order_invoice_tax>
<order_invoice_tax><id_order_invoice><![CDATA[3164]]></id_order_invoice>
<type><![CDATA[shipping]]></type>
<id_tax><![CDATA[1]]></id_tax>
<amount><![CDATA[0.781200]]></amount>
</order_invoice_tax>
<order_invoice_tax><id_order_invoice><![CDATA[3165]]></id_order_invoice>
<type><![CDATA[shipping]]></type>
<id_tax><![CDATA[1]]></id_tax>
<amount><![CDATA[0.781200]]></amount>
</order_invoice_tax>
<order_invoice_tax><id_order_invoice><![CDATA[3166]]></id_order_invoice>
<type><![CDATA[shipping]]></type>
<id_tax><![CDATA[1]]></id_tax>
<amount><![CDATA[0.781200]]></amount>
</order_invoice_tax>
<order_invoice_tax><id_order_invoice><![CDATA[3167]]></id_order_invoice>
<type><![CDATA[shipping]]></type>
<id_tax><![CDATA[1]]></id_tax>
<amount><![CDATA[1.545600]]></amount>
</order_invoice_tax>
<order_invoice_tax><id_order_invoice><![CDATA[3168]]></id_order_invoice>
<type><![CDATA[shipping]]></type>
<id_tax><![CDATA[1]]></id_tax>
<amount><![CDATA[0.781200]]></amount>
</order_invoice_tax>
<order_invoice_tax><id_order_invoice><![CDATA[3169]]></id_order_invoice>
<type><![CDATA[shipping]]></type>
<id_tax><![CDATA[1]]></id_tax>
<amount><![CDATA[0.000000]]></amount>
</order_invoice_tax>
<order_invoice_tax><id_order_invoice><![CDATA[3170]]></id_order_invoice>
<type><![CDATA[shipping]]></type>
<id_tax><![CDATA[1]]></id_tax>
<amount><![CDATA[1.545600]]></amount>
</order_invoice_tax>
<order_invoice_tax><id_order_invoice><![CDATA[3171]]></id_order_invoice>
<type><![CDATA[shipping]]></type>
<id_tax><![CDATA[1]]></id_tax>
<amount><![CDATA[1.545600]]></amount>
</order_invoice_tax>
<order_invoice_tax><id_order_invoice><![CDATA[3172]]></id_order_invoice>
<type><![CDATA[shipping]]></type>
<id_tax><![CDATA[1]]></id_tax>
<amount><![CDATA[1.509900]]></amount>
</order_invoice_tax>
<order_invoice_tax><id_order_invoice><![CDATA[3173]]></id_order_invoice>
<type><![CDATA[shipping]]></type>
<id_tax><![CDATA[1]]></id_tax>
<amount><![CDATA[0.781200]]></amount>
</order_invoice_tax>
<order_invoice_tax><id_order_invoice><![CDATA[3174]]></id_order_invoice>
<type><![CDATA[shipping]]></type>
<id_tax><![CDATA[1]]></id_tax>
<amount><![CDATA[0.781200]]></amount>
</order_invoice_tax>
<order_invoice_tax><id_order_invoice><![CDATA[3175]]></id_order_invoice>
<type><![CDATA[shipping]]></type>
<id_tax><![CDATA[1]]></id_tax>
<amount><![CDATA[0.781200]]></amount>
</order_invoice_tax>
<order_invoice_tax><id_order_invoice><![CDATA[3176]]></id_order_invoice>
<type><![CDATA[shipping]]></type>
<id_tax><![CDATA[1]]></id_tax>
<amount><![CDATA[1.476300]]></amount>
</order_invoice_tax>
<order_invoice_tax><id_order_invoice><![CDATA[3177]]></id_order_invoice>
<type><![CDATA[shipping]]></type>
<id_tax><![CDATA[1]]></id_tax>
<amount><![CDATA[1.302000]]></amount>
</order_invoice_tax>
<order_invoice_tax><id_order_invoice><![CDATA[3178]]></id_order_invoice>
<type><![CDATA[shipping]]></type>
<id_tax><![CDATA[1]]></id_tax>
<amount><![CDATA[1.545600]]></amount>
</order_invoice_tax>
<order_invoice_tax><id_order_invoice><![CDATA[3179]]></id_order_invoice>
<type><![CDATA[shipping]]></type>
<id_tax><![CDATA[1]]></id_tax>
<amount><![CDATA[1.476300]]></amount>
</order_invoice_tax>
<order_invoice_tax><id_order_invoice><![CDATA[3180]]></id_order_invoice>
<type><![CDATA[shipping]]></type>
<id_tax><![CDATA[1]]></id_tax>
<amount><![CDATA[1.302000]]></amount>
</order_invoice_tax>
<order_invoice_tax><id_order_invoice><![CDATA[3181]]></id_order_invoice>
<type><![CDATA[shipping]]></type>
<id_tax><![CDATA[1]]></id_tax>
<amount><![CDATA[0.781200]]></amount>
</order_invoice_tax>
<order_invoice_tax><id_order_invoice><![CDATA[3182]]></id_order_invoice>
<type><![CDATA[shipping]]></type>
<id_tax><![CDATA[1]]></id_tax>
<amount><![CDATA[1.302000]]></amount>
</order_invoice_tax>
<order_invoice_tax><id_order_invoice><![CDATA[3183]]></id_order_invoice>
<type><![CDATA[shipping]]></type>
<id_tax><![CDATA[1]]></id_tax>
<amount><![CDATA[1.545600]]></amount>
</order_invoice_tax>
<order_invoice_tax><id_order_invoice><![CDATA[3184]]></id_order_invoice>
<type><![CDATA[shipping]]></type>
<id_tax><![CDATA[1]]></id_tax>
<amount><![CDATA[0.781200]]></amount>
</order_invoice_tax>
<order_invoice_tax><id_order_invoice><![CDATA[3185]]></id_order_invoice>
<type><![CDATA[shipping]]></type>
<id_tax><![CDATA[1]]></id_tax>
<amount><![CDATA[1.509900]]></amount>
</order_invoice_tax>
<order_invoice_tax><id_order_invoice><![CDATA[3186]]></id_order_invoice>
<type><![CDATA[shipping]]></type>
<id_tax><![CDATA[1]]></id_tax>
<amount><![CDATA[1.509900]]></amount>
</order_invoice_tax>
<order_invoice_tax><id_order_invoice><![CDATA[3187]]></id_order_invoice>
<type><![CDATA[shipping]]></type>
<id_tax><![CDATA[1]]></id_tax>
<amount><![CDATA[1.302000]]></amount>
</order_invoice_tax>
<order_invoice_tax><id_order_invoice><![CDATA[3188]]></id_order_invoice>
<type><![CDATA[shipping]]></type>
<id_tax><![CDATA[1]]></id_tax>
<amount><![CDATA[1.476300]]></amount>
</order_invoice_tax>
<order_invoice_tax><id_order_invoice><![CDATA[3189]]></id_order_invoice>
<type><![CDATA[shipping]]></type>
<id_tax><![CDATA[1]]></id_tax>
<amount><![CDATA[1.302000]]></amount>
</order_invoice_tax>
<order_invoice_tax><id_order_invoice><![CDATA[3190]]></id_order_invoice>
<type><![CDATA[shipping]]></type>
<id_tax><![CDATA[1]]></id_tax>
<amount><![CDATA[1.509900]]></amount>
</order_invoice_tax>
<order_invoice_tax><id_order_invoice><![CDATA[3191]]></id_order_invoice>
<type><![CDATA[shipping]]></type>
<id_tax><![CDATA[1]]></id_tax>
<amount><![CDATA[1.545600]]></amount>
</order_invoice_tax>
<order_invoice_tax><id_order_invoice><![CDATA[3192]]></id_order_invoice>
<type><![CDATA[shipping]]></type>
<id_tax><![CDATA[1]]></id_tax>
<amount><![CDATA[1.545600]]></amount>
</order_invoice_tax>
<order_invoice_tax><id_order_invoice><![CDATA[3193]]></id_order_invoice>
<type><![CDATA[shipping]]></type>
<id_tax><![CDATA[1]]></id_tax>
<amount><![CDATA[0.000000]]></amount>
</order_invoice_tax>
<order_invoice_tax><id_order_invoice><![CDATA[3194]]></id_order_invoice>
<type><![CDATA[shipping]]></type>
<id_tax><![CDATA[1]]></id_tax>
<amount><![CDATA[1.302000]]></amount>
</order_invoice_tax>
<order_invoice_tax><id_order_invoice><![CDATA[3195]]></id_order_invoice>
<type><![CDATA[shipping]]></type>
<id_tax><![CDATA[1]]></id_tax>
<amount><![CDATA[1.545600]]></amount>
</order_invoice_tax>
<order_invoice_tax><id_order_invoice><![CDATA[3196]]></id_order_invoice>
<type><![CDATA[shipping]]></type>
<id_tax><![CDATA[1]]></id_tax>
<amount><![CDATA[0.781200]]></amount>
</order_invoice_tax>
<order_invoice_tax><id_order_invoice><![CDATA[3197]]></id_order_invoice>
<type><![CDATA[shipping]]></type>
<id_tax><![CDATA[1]]></id_tax>
<amount><![CDATA[0.000000]]></amount>
</order_invoice_tax>
<order_invoice_tax><id_order_invoice><![CDATA[3198]]></id_order_invoice>
<type><![CDATA[shipping]]></type>
<id_tax><![CDATA[1]]></id_tax>
<amount><![CDATA[1.476300]]></amount>
</order_invoice_tax>
<order_invoice_tax><id_order_invoice><![CDATA[3199]]></id_order_invoice>
<type><![CDATA[shipping]]></type>
<id_tax><![CDATA[1]]></id_tax>
<amount><![CDATA[1.302000]]></amount>
</order_invoice_tax>
<order_invoice_tax><id_order_invoice><![CDATA[3200]]></id_order_invoice>
<type><![CDATA[shipping]]></type>
<id_tax><![CDATA[1]]></id_tax>
<amount><![CDATA[0.000000]]></amount>
</order_invoice_tax>
<order_invoice_tax><id_order_invoice><![CDATA[3201]]></id_order_invoice>
<type><![CDATA[shipping]]></type>
<id_tax><![CDATA[1]]></id_tax>
<amount><![CDATA[1.476300]]></amount>
</order_invoice_tax>
<order_invoice_tax><id_order_invoice><![CDATA[3202]]></id_order_invoice>
<type><![CDATA[shipping]]></type>
<id_tax><![CDATA[1]]></id_tax>
<amount><![CDATA[0.000000]]></amount>
</order_invoice_tax>
<order_invoice_tax><id_order_invoice><![CDATA[3203]]></id_order_invoice>
<type><![CDATA[shipping]]></type>
<id_tax><![CDATA[1]]></id_tax>
<amount><![CDATA[1.545600]]></amount>
</order_invoice_tax>
<order_invoice_tax><id_order_invoice><![CDATA[3204]]></id_order_invoice>
<type><![CDATA[shipping]]></type>
<id_tax><![CDATA[1]]></id_tax>
<amount><![CDATA[0.000000]]></amount>
</order_invoice_tax>
<order_invoice_tax><id_order_invoice><![CDATA[3205]]></id_order_invoice>
<type><![CDATA[shipping]]></type>
<id_tax><![CDATA[1]]></id_tax>
<amount><![CDATA[1.545600]]></amount>
</order_invoice_tax>
<order_invoice_tax><id_order_invoice><![CDATA[3206]]></id_order_invoice>
<type><![CDATA[shipping]]></type>
<id_tax><![CDATA[1]]></id_tax>
<amount><![CDATA[1.509900]]></amount>
</order_invoice_tax>
<order_invoice_tax><id_order_invoice><![CDATA[3207]]></id_order_invoice>
<type><![CDATA[shipping]]></type>
<id_tax><![CDATA[1]]></id_tax>
<amount><![CDATA[1.302000]]></amount>
</order_invoice_tax>
<order_invoice_tax><id_order_invoice><![CDATA[3208]]></id_order_invoice>
<type><![CDATA[shipping]]></type>
<id_tax><![CDATA[1]]></id_tax>
<amount><![CDATA[1.476300]]></amount>
</order_invoice_tax>
<order_invoice_tax><id_order_invoice><![CDATA[3209]]></id_order_invoice>
<type><![CDATA[shipping]]></type>
<id_tax><![CDATA[1]]></id_tax>
<amount><![CDATA[0.000000]]></amount>
</order_invoice_tax>
<order_invoice_tax><id_order_invoice><![CDATA[3210]]></id_order_invoice>
<type><![CDATA[shipping]]></type>
<id_tax><![CDATA[1]]></id_tax>
<amount><![CDATA[1.302000]]></amount>
</order_invoice_tax>
<order_invoice_tax><id_order_invoice><![CDATA[3211]]></id_order_invoice>
<type><![CDATA[shipping]]></type>
<id_tax><![CDATA[1]]></id_tax>
<amount><![CDATA[0.781200]]></amount>
</order_invoice_tax>
<order_invoice_tax><id_order_invoice><![CDATA[3212]]></id_order_invoice>
<type><![CDATA[shipping]]></type>
<id_tax><![CDATA[1]]></id_tax>
<amount><![CDATA[0.781200]]></amount>
</order_invoice_tax>
</entity_profile>
