<?xml version="1.0" encoding="UTF-8"?>
<entity_profile>
<order_invoice_payment><id_order_invoice><![CDATA[3001]]></id_order_invoice>
<id_order_payment><![CDATA[3002]]></id_order_payment>
<id_order><![CDATA[3090]]></id_order>
</order_invoice_payment>
<order_invoice_payment><id_order_invoice><![CDATA[3002]]></id_order_invoice>
<id_order_payment><![CDATA[3003]]></id_order_payment>
<id_order><![CDATA[3091]]></id_order>
</order_invoice_payment>
<order_invoice_payment><id_order_invoice><![CDATA[3003]]></id_order_invoice>
<id_order_payment><![CDATA[3004]]></id_order_payment>
<id_order><![CDATA[3092]]></id_order>
</order_invoice_payment>
<order_invoice_payment><id_order_invoice><![CDATA[3004]]></id_order_invoice>
<id_order_payment><![CDATA[3005]]></id_order_payment>
<id_order><![CDATA[3093]]></id_order>
</order_invoice_payment>
<order_invoice_payment><id_order_invoice><![CDATA[3005]]></id_order_invoice>
<id_order_payment><![CDATA[3006]]></id_order_payment>
<id_order><![CDATA[3094]]></id_order>
</order_invoice_payment>
<order_invoice_payment><id_order_invoice><![CDATA[3006]]></id_order_invoice>
<id_order_payment><![CDATA[3007]]></id_order_payment>
<id_order><![CDATA[3095]]></id_order>
</order_invoice_payment>
<order_invoice_payment><id_order_invoice><![CDATA[3007]]></id_order_invoice>
<id_order_payment><![CDATA[3008]]></id_order_payment>
<id_order><![CDATA[3096]]></id_order>
</order_invoice_payment>
<order_invoice_payment><id_order_invoice><![CDATA[3008]]></id_order_invoice>
<id_order_payment><![CDATA[3009]]></id_order_payment>
<id_order><![CDATA[3097]]></id_order>
</order_invoice_payment>
<order_invoice_payment><id_order_invoice><![CDATA[3009]]></id_order_invoice>
<id_order_payment><![CDATA[3010]]></id_order_payment>
<id_order><![CDATA[3098]]></id_order>
</order_invoice_payment>
<order_invoice_payment><id_order_invoice><![CDATA[3010]]></id_order_invoice>
<id_order_payment><![CDATA[3011]]></id_order_payment>
<id_order><![CDATA[3099]]></id_order>
</order_invoice_payment>
<order_invoice_payment><id_order_invoice><![CDATA[3011]]></id_order_invoice>
<id_order_payment><![CDATA[3012]]></id_order_payment>
<id_order><![CDATA[3100]]></id_order>
</order_invoice_payment>
<order_invoice_payment><id_order_invoice><![CDATA[3012]]></id_order_invoice>
<id_order_payment><![CDATA[3013]]></id_order_payment>
<id_order><![CDATA[3101]]></id_order>
</order_invoice_payment>
<order_invoice_payment><id_order_invoice><![CDATA[3013]]></id_order_invoice>
<id_order_payment><![CDATA[3014]]></id_order_payment>
<id_order><![CDATA[3102]]></id_order>
</order_invoice_payment>
<order_invoice_payment><id_order_invoice><![CDATA[3014]]></id_order_invoice>
<id_order_payment><![CDATA[3015]]></id_order_payment>
<id_order><![CDATA[3103]]></id_order>
</order_invoice_payment>
<order_invoice_payment><id_order_invoice><![CDATA[3015]]></id_order_invoice>
<id_order_payment><![CDATA[3016]]></id_order_payment>
<id_order><![CDATA[3104]]></id_order>
</order_invoice_payment>
<order_invoice_payment><id_order_invoice><![CDATA[3016]]></id_order_invoice>
<id_order_payment><![CDATA[3017]]></id_order_payment>
<id_order><![CDATA[3105]]></id_order>
</order_invoice_payment>
<order_invoice_payment><id_order_invoice><![CDATA[3017]]></id_order_invoice>
<id_order_payment><![CDATA[3018]]></id_order_payment>
<id_order><![CDATA[3106]]></id_order>
</order_invoice_payment>
<order_invoice_payment><id_order_invoice><![CDATA[3018]]></id_order_invoice>
<id_order_payment><![CDATA[3019]]></id_order_payment>
<id_order><![CDATA[3107]]></id_order>
</order_invoice_payment>
<order_invoice_payment><id_order_invoice><![CDATA[3019]]></id_order_invoice>
<id_order_payment><![CDATA[3020]]></id_order_payment>
<id_order><![CDATA[3108]]></id_order>
</order_invoice_payment>
<order_invoice_payment><id_order_invoice><![CDATA[3020]]></id_order_invoice>
<id_order_payment><![CDATA[3021]]></id_order_payment>
<id_order><![CDATA[3109]]></id_order>
</order_invoice_payment>
<order_invoice_payment><id_order_invoice><![CDATA[3021]]></id_order_invoice>
<id_order_payment><![CDATA[3022]]></id_order_payment>
<id_order><![CDATA[3110]]></id_order>
</order_invoice_payment>
<order_invoice_payment><id_order_invoice><![CDATA[3022]]></id_order_invoice>
<id_order_payment><![CDATA[3023]]></id_order_payment>
<id_order><![CDATA[3111]]></id_order>
</order_invoice_payment>
<order_invoice_payment><id_order_invoice><![CDATA[3023]]></id_order_invoice>
<id_order_payment><![CDATA[3024]]></id_order_payment>
<id_order><![CDATA[3112]]></id_order>
</order_invoice_payment>
<order_invoice_payment><id_order_invoice><![CDATA[3024]]></id_order_invoice>
<id_order_payment><![CDATA[3025]]></id_order_payment>
<id_order><![CDATA[3113]]></id_order>
</order_invoice_payment>
<order_invoice_payment><id_order_invoice><![CDATA[3025]]></id_order_invoice>
<id_order_payment><![CDATA[3026]]></id_order_payment>
<id_order><![CDATA[3114]]></id_order>
</order_invoice_payment>
<order_invoice_payment><id_order_invoice><![CDATA[3026]]></id_order_invoice>
<id_order_payment><![CDATA[3027]]></id_order_payment>
<id_order><![CDATA[3115]]></id_order>
</order_invoice_payment>
<order_invoice_payment><id_order_invoice><![CDATA[3027]]></id_order_invoice>
<id_order_payment><![CDATA[3028]]></id_order_payment>
<id_order><![CDATA[3116]]></id_order>
</order_invoice_payment>
<order_invoice_payment><id_order_invoice><![CDATA[3028]]></id_order_invoice>
<id_order_payment><![CDATA[3029]]></id_order_payment>
<id_order><![CDATA[3117]]></id_order>
</order_invoice_payment>
<order_invoice_payment><id_order_invoice><![CDATA[3029]]></id_order_invoice>
<id_order_payment><![CDATA[3030]]></id_order_payment>
<id_order><![CDATA[3118]]></id_order>
</order_invoice_payment>
<order_invoice_payment><id_order_invoice><![CDATA[3030]]></id_order_invoice>
<id_order_payment><![CDATA[3031]]></id_order_payment>
<id_order><![CDATA[3119]]></id_order>
</order_invoice_payment>
<order_invoice_payment><id_order_invoice><![CDATA[3031]]></id_order_invoice>
<id_order_payment><![CDATA[3032]]></id_order_payment>
<id_order><![CDATA[3120]]></id_order>
</order_invoice_payment>
<order_invoice_payment><id_order_invoice><![CDATA[3032]]></id_order_invoice>
<id_order_payment><![CDATA[3033]]></id_order_payment>
<id_order><![CDATA[3121]]></id_order>
</order_invoice_payment>
<order_invoice_payment><id_order_invoice><![CDATA[3033]]></id_order_invoice>
<id_order_payment><![CDATA[3034]]></id_order_payment>
<id_order><![CDATA[3122]]></id_order>
</order_invoice_payment>
<order_invoice_payment><id_order_invoice><![CDATA[3034]]></id_order_invoice>
<id_order_payment><![CDATA[3035]]></id_order_payment>
<id_order><![CDATA[3123]]></id_order>
</order_invoice_payment>
<order_invoice_payment><id_order_invoice><![CDATA[3035]]></id_order_invoice>
<id_order_payment><![CDATA[3036]]></id_order_payment>
<id_order><![CDATA[3124]]></id_order>
</order_invoice_payment>
<order_invoice_payment><id_order_invoice><![CDATA[3036]]></id_order_invoice>
<id_order_payment><![CDATA[3037]]></id_order_payment>
<id_order><![CDATA[3125]]></id_order>
</order_invoice_payment>
<order_invoice_payment><id_order_invoice><![CDATA[3037]]></id_order_invoice>
<id_order_payment><![CDATA[3038]]></id_order_payment>
<id_order><![CDATA[3126]]></id_order>
</order_invoice_payment>
<order_invoice_payment><id_order_invoice><![CDATA[3038]]></id_order_invoice>
<id_order_payment><![CDATA[3039]]></id_order_payment>
<id_order><![CDATA[3127]]></id_order>
</order_invoice_payment>
<order_invoice_payment><id_order_invoice><![CDATA[3039]]></id_order_invoice>
<id_order_payment><![CDATA[3040]]></id_order_payment>
<id_order><![CDATA[3128]]></id_order>
</order_invoice_payment>
<order_invoice_payment><id_order_invoice><![CDATA[3040]]></id_order_invoice>
<id_order_payment><![CDATA[3041]]></id_order_payment>
<id_order><![CDATA[3129]]></id_order>
</order_invoice_payment>
<order_invoice_payment><id_order_invoice><![CDATA[3041]]></id_order_invoice>
<id_order_payment><![CDATA[3042]]></id_order_payment>
<id_order><![CDATA[3130]]></id_order>
</order_invoice_payment>
<order_invoice_payment><id_order_invoice><![CDATA[3042]]></id_order_invoice>
<id_order_payment><![CDATA[3043]]></id_order_payment>
<id_order><![CDATA[3131]]></id_order>
</order_invoice_payment>
<order_invoice_payment><id_order_invoice><![CDATA[3043]]></id_order_invoice>
<id_order_payment><![CDATA[3044]]></id_order_payment>
<id_order><![CDATA[3132]]></id_order>
</order_invoice_payment>
<order_invoice_payment><id_order_invoice><![CDATA[3044]]></id_order_invoice>
<id_order_payment><![CDATA[3045]]></id_order_payment>
<id_order><![CDATA[3133]]></id_order>
</order_invoice_payment>
<order_invoice_payment><id_order_invoice><![CDATA[3045]]></id_order_invoice>
<id_order_payment><![CDATA[3046]]></id_order_payment>
<id_order><![CDATA[3134]]></id_order>
</order_invoice_payment>
<order_invoice_payment><id_order_invoice><![CDATA[3046]]></id_order_invoice>
<id_order_payment><![CDATA[3047]]></id_order_payment>
<id_order><![CDATA[3135]]></id_order>
</order_invoice_payment>
<order_invoice_payment><id_order_invoice><![CDATA[3047]]></id_order_invoice>
<id_order_payment><![CDATA[3048]]></id_order_payment>
<id_order><![CDATA[3136]]></id_order>
</order_invoice_payment>
<order_invoice_payment><id_order_invoice><![CDATA[3048]]></id_order_invoice>
<id_order_payment><![CDATA[3049]]></id_order_payment>
<id_order><![CDATA[3137]]></id_order>
</order_invoice_payment>
<order_invoice_payment><id_order_invoice><![CDATA[3049]]></id_order_invoice>
<id_order_payment><![CDATA[3050]]></id_order_payment>
<id_order><![CDATA[3138]]></id_order>
</order_invoice_payment>
<order_invoice_payment><id_order_invoice><![CDATA[3050]]></id_order_invoice>
<id_order_payment><![CDATA[3051]]></id_order_payment>
<id_order><![CDATA[3139]]></id_order>
</order_invoice_payment>
<order_invoice_payment><id_order_invoice><![CDATA[3051]]></id_order_invoice>
<id_order_payment><![CDATA[3052]]></id_order_payment>
<id_order><![CDATA[3140]]></id_order>
</order_invoice_payment>
<order_invoice_payment><id_order_invoice><![CDATA[3052]]></id_order_invoice>
<id_order_payment><![CDATA[3053]]></id_order_payment>
<id_order><![CDATA[3141]]></id_order>
</order_invoice_payment>
<order_invoice_payment><id_order_invoice><![CDATA[3053]]></id_order_invoice>
<id_order_payment><![CDATA[3054]]></id_order_payment>
<id_order><![CDATA[3142]]></id_order>
</order_invoice_payment>
<order_invoice_payment><id_order_invoice><![CDATA[3054]]></id_order_invoice>
<id_order_payment><![CDATA[3055]]></id_order_payment>
<id_order><![CDATA[3143]]></id_order>
</order_invoice_payment>
<order_invoice_payment><id_order_invoice><![CDATA[3055]]></id_order_invoice>
<id_order_payment><![CDATA[3056]]></id_order_payment>
<id_order><![CDATA[3144]]></id_order>
</order_invoice_payment>
<order_invoice_payment><id_order_invoice><![CDATA[3056]]></id_order_invoice>
<id_order_payment><![CDATA[3057]]></id_order_payment>
<id_order><![CDATA[3145]]></id_order>
</order_invoice_payment>
<order_invoice_payment><id_order_invoice><![CDATA[3057]]></id_order_invoice>
<id_order_payment><![CDATA[3058]]></id_order_payment>
<id_order><![CDATA[3146]]></id_order>
</order_invoice_payment>
<order_invoice_payment><id_order_invoice><![CDATA[3058]]></id_order_invoice>
<id_order_payment><![CDATA[3059]]></id_order_payment>
<id_order><![CDATA[3147]]></id_order>
</order_invoice_payment>
<order_invoice_payment><id_order_invoice><![CDATA[3059]]></id_order_invoice>
<id_order_payment><![CDATA[3060]]></id_order_payment>
<id_order><![CDATA[3148]]></id_order>
</order_invoice_payment>
<order_invoice_payment><id_order_invoice><![CDATA[3060]]></id_order_invoice>
<id_order_payment><![CDATA[3061]]></id_order_payment>
<id_order><![CDATA[3149]]></id_order>
</order_invoice_payment>
<order_invoice_payment><id_order_invoice><![CDATA[3061]]></id_order_invoice>
<id_order_payment><![CDATA[3062]]></id_order_payment>
<id_order><![CDATA[3150]]></id_order>
</order_invoice_payment>
<order_invoice_payment><id_order_invoice><![CDATA[3062]]></id_order_invoice>
<id_order_payment><![CDATA[3063]]></id_order_payment>
<id_order><![CDATA[3151]]></id_order>
</order_invoice_payment>
<order_invoice_payment><id_order_invoice><![CDATA[3063]]></id_order_invoice>
<id_order_payment><![CDATA[3064]]></id_order_payment>
<id_order><![CDATA[3152]]></id_order>
</order_invoice_payment>
<order_invoice_payment><id_order_invoice><![CDATA[3064]]></id_order_invoice>
<id_order_payment><![CDATA[3065]]></id_order_payment>
<id_order><![CDATA[3153]]></id_order>
</order_invoice_payment>
<order_invoice_payment><id_order_invoice><![CDATA[3065]]></id_order_invoice>
<id_order_payment><![CDATA[3066]]></id_order_payment>
<id_order><![CDATA[3154]]></id_order>
</order_invoice_payment>
<order_invoice_payment><id_order_invoice><![CDATA[3066]]></id_order_invoice>
<id_order_payment><![CDATA[3067]]></id_order_payment>
<id_order><![CDATA[3155]]></id_order>
</order_invoice_payment>
<order_invoice_payment><id_order_invoice><![CDATA[3067]]></id_order_invoice>
<id_order_payment><![CDATA[3068]]></id_order_payment>
<id_order><![CDATA[3156]]></id_order>
</order_invoice_payment>
<order_invoice_payment><id_order_invoice><![CDATA[3068]]></id_order_invoice>
<id_order_payment><![CDATA[3069]]></id_order_payment>
<id_order><![CDATA[3157]]></id_order>
</order_invoice_payment>
<order_invoice_payment><id_order_invoice><![CDATA[3069]]></id_order_invoice>
<id_order_payment><![CDATA[3070]]></id_order_payment>
<id_order><![CDATA[3158]]></id_order>
</order_invoice_payment>
<order_invoice_payment><id_order_invoice><![CDATA[3070]]></id_order_invoice>
<id_order_payment><![CDATA[3071]]></id_order_payment>
<id_order><![CDATA[3159]]></id_order>
</order_invoice_payment>
<order_invoice_payment><id_order_invoice><![CDATA[3071]]></id_order_invoice>
<id_order_payment><![CDATA[3072]]></id_order_payment>
<id_order><![CDATA[3160]]></id_order>
</order_invoice_payment>
<order_invoice_payment><id_order_invoice><![CDATA[3072]]></id_order_invoice>
<id_order_payment><![CDATA[3073]]></id_order_payment>
<id_order><![CDATA[3161]]></id_order>
</order_invoice_payment>
<order_invoice_payment><id_order_invoice><![CDATA[3073]]></id_order_invoice>
<id_order_payment><![CDATA[3074]]></id_order_payment>
<id_order><![CDATA[3162]]></id_order>
</order_invoice_payment>
<order_invoice_payment><id_order_invoice><![CDATA[3074]]></id_order_invoice>
<id_order_payment><![CDATA[3075]]></id_order_payment>
<id_order><![CDATA[3163]]></id_order>
</order_invoice_payment>
<order_invoice_payment><id_order_invoice><![CDATA[3075]]></id_order_invoice>
<id_order_payment><![CDATA[3076]]></id_order_payment>
<id_order><![CDATA[3164]]></id_order>
</order_invoice_payment>
<order_invoice_payment><id_order_invoice><![CDATA[3076]]></id_order_invoice>
<id_order_payment><![CDATA[3077]]></id_order_payment>
<id_order><![CDATA[3165]]></id_order>
</order_invoice_payment>
<order_invoice_payment><id_order_invoice><![CDATA[3077]]></id_order_invoice>
<id_order_payment><![CDATA[3078]]></id_order_payment>
<id_order><![CDATA[3166]]></id_order>
</order_invoice_payment>
<order_invoice_payment><id_order_invoice><![CDATA[3078]]></id_order_invoice>
<id_order_payment><![CDATA[3079]]></id_order_payment>
<id_order><![CDATA[3167]]></id_order>
</order_invoice_payment>
<order_invoice_payment><id_order_invoice><![CDATA[3079]]></id_order_invoice>
<id_order_payment><![CDATA[3080]]></id_order_payment>
<id_order><![CDATA[3168]]></id_order>
</order_invoice_payment>
<order_invoice_payment><id_order_invoice><![CDATA[3080]]></id_order_invoice>
<id_order_payment><![CDATA[3081]]></id_order_payment>
<id_order><![CDATA[3169]]></id_order>
</order_invoice_payment>
<order_invoice_payment><id_order_invoice><![CDATA[3081]]></id_order_invoice>
<id_order_payment><![CDATA[3082]]></id_order_payment>
<id_order><![CDATA[3170]]></id_order>
</order_invoice_payment>
<order_invoice_payment><id_order_invoice><![CDATA[3082]]></id_order_invoice>
<id_order_payment><![CDATA[3083]]></id_order_payment>
<id_order><![CDATA[3171]]></id_order>
</order_invoice_payment>
<order_invoice_payment><id_order_invoice><![CDATA[3083]]></id_order_invoice>
<id_order_payment><![CDATA[3084]]></id_order_payment>
<id_order><![CDATA[3172]]></id_order>
</order_invoice_payment>
<order_invoice_payment><id_order_invoice><![CDATA[3084]]></id_order_invoice>
<id_order_payment><![CDATA[3085]]></id_order_payment>
<id_order><![CDATA[3173]]></id_order>
</order_invoice_payment>
<order_invoice_payment><id_order_invoice><![CDATA[3085]]></id_order_invoice>
<id_order_payment><![CDATA[3086]]></id_order_payment>
<id_order><![CDATA[3174]]></id_order>
</order_invoice_payment>
<order_invoice_payment><id_order_invoice><![CDATA[3086]]></id_order_invoice>
<id_order_payment><![CDATA[3087]]></id_order_payment>
<id_order><![CDATA[3175]]></id_order>
</order_invoice_payment>
<order_invoice_payment><id_order_invoice><![CDATA[3087]]></id_order_invoice>
<id_order_payment><![CDATA[3088]]></id_order_payment>
<id_order><![CDATA[3176]]></id_order>
</order_invoice_payment>
<order_invoice_payment><id_order_invoice><![CDATA[3088]]></id_order_invoice>
<id_order_payment><![CDATA[3089]]></id_order_payment>
<id_order><![CDATA[3177]]></id_order>
</order_invoice_payment>
<order_invoice_payment><id_order_invoice><![CDATA[3089]]></id_order_invoice>
<id_order_payment><![CDATA[3090]]></id_order_payment>
<id_order><![CDATA[3178]]></id_order>
</order_invoice_payment>
<order_invoice_payment><id_order_invoice><![CDATA[3090]]></id_order_invoice>
<id_order_payment><![CDATA[3091]]></id_order_payment>
<id_order><![CDATA[3179]]></id_order>
</order_invoice_payment>
<order_invoice_payment><id_order_invoice><![CDATA[3091]]></id_order_invoice>
<id_order_payment><![CDATA[3092]]></id_order_payment>
<id_order><![CDATA[3180]]></id_order>
</order_invoice_payment>
<order_invoice_payment><id_order_invoice><![CDATA[3092]]></id_order_invoice>
<id_order_payment><![CDATA[3093]]></id_order_payment>
<id_order><![CDATA[3181]]></id_order>
</order_invoice_payment>
<order_invoice_payment><id_order_invoice><![CDATA[3093]]></id_order_invoice>
<id_order_payment><![CDATA[3094]]></id_order_payment>
<id_order><![CDATA[3182]]></id_order>
</order_invoice_payment>
<order_invoice_payment><id_order_invoice><![CDATA[3094]]></id_order_invoice>
<id_order_payment><![CDATA[3095]]></id_order_payment>
<id_order><![CDATA[3183]]></id_order>
</order_invoice_payment>
<order_invoice_payment><id_order_invoice><![CDATA[3095]]></id_order_invoice>
<id_order_payment><![CDATA[3096]]></id_order_payment>
<id_order><![CDATA[3184]]></id_order>
</order_invoice_payment>
<order_invoice_payment><id_order_invoice><![CDATA[3096]]></id_order_invoice>
<id_order_payment><![CDATA[3097]]></id_order_payment>
<id_order><![CDATA[3185]]></id_order>
</order_invoice_payment>
<order_invoice_payment><id_order_invoice><![CDATA[3097]]></id_order_invoice>
<id_order_payment><![CDATA[3098]]></id_order_payment>
<id_order><![CDATA[3186]]></id_order>
</order_invoice_payment>
<order_invoice_payment><id_order_invoice><![CDATA[3098]]></id_order_invoice>
<id_order_payment><![CDATA[3099]]></id_order_payment>
<id_order><![CDATA[3187]]></id_order>
</order_invoice_payment>
<order_invoice_payment><id_order_invoice><![CDATA[3099]]></id_order_invoice>
<id_order_payment><![CDATA[3100]]></id_order_payment>
<id_order><![CDATA[3188]]></id_order>
</order_invoice_payment>
<order_invoice_payment><id_order_invoice><![CDATA[3100]]></id_order_invoice>
<id_order_payment><![CDATA[3101]]></id_order_payment>
<id_order><![CDATA[3189]]></id_order>
</order_invoice_payment>
<order_invoice_payment><id_order_invoice><![CDATA[3101]]></id_order_invoice>
<id_order_payment><![CDATA[3102]]></id_order_payment>
<id_order><![CDATA[3190]]></id_order>
</order_invoice_payment>
<order_invoice_payment><id_order_invoice><![CDATA[3102]]></id_order_invoice>
<id_order_payment><![CDATA[3103]]></id_order_payment>
<id_order><![CDATA[3191]]></id_order>
</order_invoice_payment>
<order_invoice_payment><id_order_invoice><![CDATA[3103]]></id_order_invoice>
<id_order_payment><![CDATA[3104]]></id_order_payment>
<id_order><![CDATA[3192]]></id_order>
</order_invoice_payment>
<order_invoice_payment><id_order_invoice><![CDATA[3104]]></id_order_invoice>
<id_order_payment><![CDATA[3105]]></id_order_payment>
<id_order><![CDATA[3193]]></id_order>
</order_invoice_payment>
<order_invoice_payment><id_order_invoice><![CDATA[3105]]></id_order_invoice>
<id_order_payment><![CDATA[3106]]></id_order_payment>
<id_order><![CDATA[3194]]></id_order>
</order_invoice_payment>
<order_invoice_payment><id_order_invoice><![CDATA[3106]]></id_order_invoice>
<id_order_payment><![CDATA[3107]]></id_order_payment>
<id_order><![CDATA[3195]]></id_order>
</order_invoice_payment>
<order_invoice_payment><id_order_invoice><![CDATA[3107]]></id_order_invoice>
<id_order_payment><![CDATA[3108]]></id_order_payment>
<id_order><![CDATA[3196]]></id_order>
</order_invoice_payment>
<order_invoice_payment><id_order_invoice><![CDATA[3108]]></id_order_invoice>
<id_order_payment><![CDATA[3109]]></id_order_payment>
<id_order><![CDATA[3197]]></id_order>
</order_invoice_payment>
<order_invoice_payment><id_order_invoice><![CDATA[3109]]></id_order_invoice>
<id_order_payment><![CDATA[3110]]></id_order_payment>
<id_order><![CDATA[3198]]></id_order>
</order_invoice_payment>
<order_invoice_payment><id_order_invoice><![CDATA[3110]]></id_order_invoice>
<id_order_payment><![CDATA[3111]]></id_order_payment>
<id_order><![CDATA[3199]]></id_order>
</order_invoice_payment>
<order_invoice_payment><id_order_invoice><![CDATA[3111]]></id_order_invoice>
<id_order_payment><![CDATA[3112]]></id_order_payment>
<id_order><![CDATA[3200]]></id_order>
</order_invoice_payment>
<order_invoice_payment><id_order_invoice><![CDATA[3112]]></id_order_invoice>
<id_order_payment><![CDATA[3113]]></id_order_payment>
<id_order><![CDATA[3201]]></id_order>
</order_invoice_payment>
<order_invoice_payment><id_order_invoice><![CDATA[3113]]></id_order_invoice>
<id_order_payment><![CDATA[3114]]></id_order_payment>
<id_order><![CDATA[3202]]></id_order>
</order_invoice_payment>
<order_invoice_payment><id_order_invoice><![CDATA[3114]]></id_order_invoice>
<id_order_payment><![CDATA[3115]]></id_order_payment>
<id_order><![CDATA[3203]]></id_order>
</order_invoice_payment>
<order_invoice_payment><id_order_invoice><![CDATA[3115]]></id_order_invoice>
<id_order_payment><![CDATA[3116]]></id_order_payment>
<id_order><![CDATA[3204]]></id_order>
</order_invoice_payment>
<order_invoice_payment><id_order_invoice><![CDATA[3116]]></id_order_invoice>
<id_order_payment><![CDATA[3117]]></id_order_payment>
<id_order><![CDATA[3205]]></id_order>
</order_invoice_payment>
<order_invoice_payment><id_order_invoice><![CDATA[3117]]></id_order_invoice>
<id_order_payment><![CDATA[3118]]></id_order_payment>
<id_order><![CDATA[3206]]></id_order>
</order_invoice_payment>
<order_invoice_payment><id_order_invoice><![CDATA[3118]]></id_order_invoice>
<id_order_payment><![CDATA[3119]]></id_order_payment>
<id_order><![CDATA[3207]]></id_order>
</order_invoice_payment>
<order_invoice_payment><id_order_invoice><![CDATA[3119]]></id_order_invoice>
<id_order_payment><![CDATA[3120]]></id_order_payment>
<id_order><![CDATA[3208]]></id_order>
</order_invoice_payment>
<order_invoice_payment><id_order_invoice><![CDATA[3120]]></id_order_invoice>
<id_order_payment><![CDATA[3121]]></id_order_payment>
<id_order><![CDATA[3209]]></id_order>
</order_invoice_payment>
<order_invoice_payment><id_order_invoice><![CDATA[3121]]></id_order_invoice>
<id_order_payment><![CDATA[3122]]></id_order_payment>
<id_order><![CDATA[3210]]></id_order>
</order_invoice_payment>
<order_invoice_payment><id_order_invoice><![CDATA[3122]]></id_order_invoice>
<id_order_payment><![CDATA[3123]]></id_order_payment>
<id_order><![CDATA[3211]]></id_order>
</order_invoice_payment>
<order_invoice_payment><id_order_invoice><![CDATA[3123]]></id_order_invoice>
<id_order_payment><![CDATA[3124]]></id_order_payment>
<id_order><![CDATA[3212]]></id_order>
</order_invoice_payment>
<order_invoice_payment><id_order_invoice><![CDATA[3129]]></id_order_invoice>
<id_order_payment><![CDATA[3125]]></id_order_payment>
<id_order><![CDATA[3213]]></id_order>
</order_invoice_payment>
<order_invoice_payment><id_order_invoice><![CDATA[3124]]></id_order_invoice>
<id_order_payment><![CDATA[3126]]></id_order_payment>
<id_order><![CDATA[3214]]></id_order>
</order_invoice_payment>
<order_invoice_payment><id_order_invoice><![CDATA[3125]]></id_order_invoice>
<id_order_payment><![CDATA[3127]]></id_order_payment>
<id_order><![CDATA[3215]]></id_order>
</order_invoice_payment>
<order_invoice_payment><id_order_invoice><![CDATA[3126]]></id_order_invoice>
<id_order_payment><![CDATA[3128]]></id_order_payment>
<id_order><![CDATA[3216]]></id_order>
</order_invoice_payment>
<order_invoice_payment><id_order_invoice><![CDATA[3127]]></id_order_invoice>
<id_order_payment><![CDATA[3129]]></id_order_payment>
<id_order><![CDATA[3217]]></id_order>
</order_invoice_payment>
<order_invoice_payment><id_order_invoice><![CDATA[3128]]></id_order_invoice>
<id_order_payment><![CDATA[3130]]></id_order_payment>
<id_order><![CDATA[3218]]></id_order>
</order_invoice_payment>
<order_invoice_payment><id_order_invoice><![CDATA[3130]]></id_order_invoice>
<id_order_payment><![CDATA[3131]]></id_order_payment>
<id_order><![CDATA[3219]]></id_order>
</order_invoice_payment>
<order_invoice_payment><id_order_invoice><![CDATA[3131]]></id_order_invoice>
<id_order_payment><![CDATA[3132]]></id_order_payment>
<id_order><![CDATA[3220]]></id_order>
</order_invoice_payment>
<order_invoice_payment><id_order_invoice><![CDATA[3132]]></id_order_invoice>
<id_order_payment><![CDATA[3133]]></id_order_payment>
<id_order><![CDATA[3221]]></id_order>
</order_invoice_payment>
<order_invoice_payment><id_order_invoice><![CDATA[3133]]></id_order_invoice>
<id_order_payment><![CDATA[3134]]></id_order_payment>
<id_order><![CDATA[3222]]></id_order>
</order_invoice_payment>
<order_invoice_payment><id_order_invoice><![CDATA[3134]]></id_order_invoice>
<id_order_payment><![CDATA[3135]]></id_order_payment>
<id_order><![CDATA[3223]]></id_order>
</order_invoice_payment>
<order_invoice_payment><id_order_invoice><![CDATA[3135]]></id_order_invoice>
<id_order_payment><![CDATA[3136]]></id_order_payment>
<id_order><![CDATA[3224]]></id_order>
</order_invoice_payment>
<order_invoice_payment><id_order_invoice><![CDATA[3136]]></id_order_invoice>
<id_order_payment><![CDATA[3137]]></id_order_payment>
<id_order><![CDATA[3225]]></id_order>
</order_invoice_payment>
<order_invoice_payment><id_order_invoice><![CDATA[3137]]></id_order_invoice>
<id_order_payment><![CDATA[3138]]></id_order_payment>
<id_order><![CDATA[3226]]></id_order>
</order_invoice_payment>
<order_invoice_payment><id_order_invoice><![CDATA[3138]]></id_order_invoice>
<id_order_payment><![CDATA[3139]]></id_order_payment>
<id_order><![CDATA[3227]]></id_order>
</order_invoice_payment>
<order_invoice_payment><id_order_invoice><![CDATA[3139]]></id_order_invoice>
<id_order_payment><![CDATA[3140]]></id_order_payment>
<id_order><![CDATA[3228]]></id_order>
</order_invoice_payment>
<order_invoice_payment><id_order_invoice><![CDATA[3140]]></id_order_invoice>
<id_order_payment><![CDATA[3141]]></id_order_payment>
<id_order><![CDATA[3229]]></id_order>
</order_invoice_payment>
<order_invoice_payment><id_order_invoice><![CDATA[3141]]></id_order_invoice>
<id_order_payment><![CDATA[3142]]></id_order_payment>
<id_order><![CDATA[3230]]></id_order>
</order_invoice_payment>
<order_invoice_payment><id_order_invoice><![CDATA[3142]]></id_order_invoice>
<id_order_payment><![CDATA[3143]]></id_order_payment>
<id_order><![CDATA[3231]]></id_order>
</order_invoice_payment>
<order_invoice_payment><id_order_invoice><![CDATA[3143]]></id_order_invoice>
<id_order_payment><![CDATA[3144]]></id_order_payment>
<id_order><![CDATA[3232]]></id_order>
</order_invoice_payment>
<order_invoice_payment><id_order_invoice><![CDATA[3144]]></id_order_invoice>
<id_order_payment><![CDATA[3145]]></id_order_payment>
<id_order><![CDATA[3233]]></id_order>
</order_invoice_payment>
<order_invoice_payment><id_order_invoice><![CDATA[3145]]></id_order_invoice>
<id_order_payment><![CDATA[3146]]></id_order_payment>
<id_order><![CDATA[3234]]></id_order>
</order_invoice_payment>
<order_invoice_payment><id_order_invoice><![CDATA[3146]]></id_order_invoice>
<id_order_payment><![CDATA[3147]]></id_order_payment>
<id_order><![CDATA[3235]]></id_order>
</order_invoice_payment>
<order_invoice_payment><id_order_invoice><![CDATA[3147]]></id_order_invoice>
<id_order_payment><![CDATA[3148]]></id_order_payment>
<id_order><![CDATA[3236]]></id_order>
</order_invoice_payment>
<order_invoice_payment><id_order_invoice><![CDATA[3148]]></id_order_invoice>
<id_order_payment><![CDATA[3149]]></id_order_payment>
<id_order><![CDATA[3237]]></id_order>
</order_invoice_payment>
<order_invoice_payment><id_order_invoice><![CDATA[3149]]></id_order_invoice>
<id_order_payment><![CDATA[3150]]></id_order_payment>
<id_order><![CDATA[3238]]></id_order>
</order_invoice_payment>
<order_invoice_payment><id_order_invoice><![CDATA[3150]]></id_order_invoice>
<id_order_payment><![CDATA[3151]]></id_order_payment>
<id_order><![CDATA[3239]]></id_order>
</order_invoice_payment>
<order_invoice_payment><id_order_invoice><![CDATA[3151]]></id_order_invoice>
<id_order_payment><![CDATA[3152]]></id_order_payment>
<id_order><![CDATA[3240]]></id_order>
</order_invoice_payment>
<order_invoice_payment><id_order_invoice><![CDATA[3152]]></id_order_invoice>
<id_order_payment><![CDATA[3153]]></id_order_payment>
<id_order><![CDATA[3241]]></id_order>
</order_invoice_payment>
<order_invoice_payment><id_order_invoice><![CDATA[3153]]></id_order_invoice>
<id_order_payment><![CDATA[3154]]></id_order_payment>
<id_order><![CDATA[3242]]></id_order>
</order_invoice_payment>
<order_invoice_payment><id_order_invoice><![CDATA[3154]]></id_order_invoice>
<id_order_payment><![CDATA[3155]]></id_order_payment>
<id_order><![CDATA[3243]]></id_order>
</order_invoice_payment>
<order_invoice_payment><id_order_invoice><![CDATA[3155]]></id_order_invoice>
<id_order_payment><![CDATA[3156]]></id_order_payment>
<id_order><![CDATA[3244]]></id_order>
</order_invoice_payment>
<order_invoice_payment><id_order_invoice><![CDATA[3156]]></id_order_invoice>
<id_order_payment><![CDATA[3157]]></id_order_payment>
<id_order><![CDATA[3245]]></id_order>
</order_invoice_payment>
<order_invoice_payment><id_order_invoice><![CDATA[3157]]></id_order_invoice>
<id_order_payment><![CDATA[3158]]></id_order_payment>
<id_order><![CDATA[3246]]></id_order>
</order_invoice_payment>
<order_invoice_payment><id_order_invoice><![CDATA[3158]]></id_order_invoice>
<id_order_payment><![CDATA[3159]]></id_order_payment>
<id_order><![CDATA[3247]]></id_order>
</order_invoice_payment>
<order_invoice_payment><id_order_invoice><![CDATA[3159]]></id_order_invoice>
<id_order_payment><![CDATA[3160]]></id_order_payment>
<id_order><![CDATA[3248]]></id_order>
</order_invoice_payment>
<order_invoice_payment><id_order_invoice><![CDATA[3160]]></id_order_invoice>
<id_order_payment><![CDATA[3161]]></id_order_payment>
<id_order><![CDATA[3249]]></id_order>
</order_invoice_payment>
<order_invoice_payment><id_order_invoice><![CDATA[3161]]></id_order_invoice>
<id_order_payment><![CDATA[3162]]></id_order_payment>
<id_order><![CDATA[3250]]></id_order>
</order_invoice_payment>
<order_invoice_payment><id_order_invoice><![CDATA[3162]]></id_order_invoice>
<id_order_payment><![CDATA[3163]]></id_order_payment>
<id_order><![CDATA[3251]]></id_order>
</order_invoice_payment>
<order_invoice_payment><id_order_invoice><![CDATA[3163]]></id_order_invoice>
<id_order_payment><![CDATA[3164]]></id_order_payment>
<id_order><![CDATA[3252]]></id_order>
</order_invoice_payment>
<order_invoice_payment><id_order_invoice><![CDATA[3164]]></id_order_invoice>
<id_order_payment><![CDATA[3165]]></id_order_payment>
<id_order><![CDATA[3253]]></id_order>
</order_invoice_payment>
<order_invoice_payment><id_order_invoice><![CDATA[3165]]></id_order_invoice>
<id_order_payment><![CDATA[3166]]></id_order_payment>
<id_order><![CDATA[3254]]></id_order>
</order_invoice_payment>
<order_invoice_payment><id_order_invoice><![CDATA[3166]]></id_order_invoice>
<id_order_payment><![CDATA[3167]]></id_order_payment>
<id_order><![CDATA[3255]]></id_order>
</order_invoice_payment>
<order_invoice_payment><id_order_invoice><![CDATA[3167]]></id_order_invoice>
<id_order_payment><![CDATA[3168]]></id_order_payment>
<id_order><![CDATA[3256]]></id_order>
</order_invoice_payment>
<order_invoice_payment><id_order_invoice><![CDATA[3168]]></id_order_invoice>
<id_order_payment><![CDATA[3169]]></id_order_payment>
<id_order><![CDATA[3257]]></id_order>
</order_invoice_payment>
<order_invoice_payment><id_order_invoice><![CDATA[3169]]></id_order_invoice>
<id_order_payment><![CDATA[3170]]></id_order_payment>
<id_order><![CDATA[3258]]></id_order>
</order_invoice_payment>
<order_invoice_payment><id_order_invoice><![CDATA[3170]]></id_order_invoice>
<id_order_payment><![CDATA[3171]]></id_order_payment>
<id_order><![CDATA[3259]]></id_order>
</order_invoice_payment>
<order_invoice_payment><id_order_invoice><![CDATA[3171]]></id_order_invoice>
<id_order_payment><![CDATA[3172]]></id_order_payment>
<id_order><![CDATA[3260]]></id_order>
</order_invoice_payment>
<order_invoice_payment><id_order_invoice><![CDATA[3172]]></id_order_invoice>
<id_order_payment><![CDATA[3173]]></id_order_payment>
<id_order><![CDATA[3261]]></id_order>
</order_invoice_payment>
<order_invoice_payment><id_order_invoice><![CDATA[3173]]></id_order_invoice>
<id_order_payment><![CDATA[3174]]></id_order_payment>
<id_order><![CDATA[3262]]></id_order>
</order_invoice_payment>
<order_invoice_payment><id_order_invoice><![CDATA[3174]]></id_order_invoice>
<id_order_payment><![CDATA[3175]]></id_order_payment>
<id_order><![CDATA[3263]]></id_order>
</order_invoice_payment>
<order_invoice_payment><id_order_invoice><![CDATA[3175]]></id_order_invoice>
<id_order_payment><![CDATA[3176]]></id_order_payment>
<id_order><![CDATA[3264]]></id_order>
</order_invoice_payment>
<order_invoice_payment><id_order_invoice><![CDATA[3176]]></id_order_invoice>
<id_order_payment><![CDATA[3177]]></id_order_payment>
<id_order><![CDATA[3265]]></id_order>
</order_invoice_payment>
<order_invoice_payment><id_order_invoice><![CDATA[3177]]></id_order_invoice>
<id_order_payment><![CDATA[3178]]></id_order_payment>
<id_order><![CDATA[3266]]></id_order>
</order_invoice_payment>
<order_invoice_payment><id_order_invoice><![CDATA[3178]]></id_order_invoice>
<id_order_payment><![CDATA[3179]]></id_order_payment>
<id_order><![CDATA[3267]]></id_order>
</order_invoice_payment>
<order_invoice_payment><id_order_invoice><![CDATA[3179]]></id_order_invoice>
<id_order_payment><![CDATA[3180]]></id_order_payment>
<id_order><![CDATA[3268]]></id_order>
</order_invoice_payment>
<order_invoice_payment><id_order_invoice><![CDATA[3180]]></id_order_invoice>
<id_order_payment><![CDATA[3181]]></id_order_payment>
<id_order><![CDATA[3269]]></id_order>
</order_invoice_payment>
<order_invoice_payment><id_order_invoice><![CDATA[3181]]></id_order_invoice>
<id_order_payment><![CDATA[3182]]></id_order_payment>
<id_order><![CDATA[3270]]></id_order>
</order_invoice_payment>
<order_invoice_payment><id_order_invoice><![CDATA[3182]]></id_order_invoice>
<id_order_payment><![CDATA[3183]]></id_order_payment>
<id_order><![CDATA[3271]]></id_order>
</order_invoice_payment>
<order_invoice_payment><id_order_invoice><![CDATA[3183]]></id_order_invoice>
<id_order_payment><![CDATA[3184]]></id_order_payment>
<id_order><![CDATA[3272]]></id_order>
</order_invoice_payment>
<order_invoice_payment><id_order_invoice><![CDATA[3184]]></id_order_invoice>
<id_order_payment><![CDATA[3185]]></id_order_payment>
<id_order><![CDATA[3273]]></id_order>
</order_invoice_payment>
<order_invoice_payment><id_order_invoice><![CDATA[3185]]></id_order_invoice>
<id_order_payment><![CDATA[3186]]></id_order_payment>
<id_order><![CDATA[3274]]></id_order>
</order_invoice_payment>
<order_invoice_payment><id_order_invoice><![CDATA[3186]]></id_order_invoice>
<id_order_payment><![CDATA[3187]]></id_order_payment>
<id_order><![CDATA[3275]]></id_order>
</order_invoice_payment>
<order_invoice_payment><id_order_invoice><![CDATA[3187]]></id_order_invoice>
<id_order_payment><![CDATA[3188]]></id_order_payment>
<id_order><![CDATA[3276]]></id_order>
</order_invoice_payment>
<order_invoice_payment><id_order_invoice><![CDATA[3188]]></id_order_invoice>
<id_order_payment><![CDATA[3189]]></id_order_payment>
<id_order><![CDATA[3277]]></id_order>
</order_invoice_payment>
<order_invoice_payment><id_order_invoice><![CDATA[3189]]></id_order_invoice>
<id_order_payment><![CDATA[3190]]></id_order_payment>
<id_order><![CDATA[3278]]></id_order>
</order_invoice_payment>
<order_invoice_payment><id_order_invoice><![CDATA[3190]]></id_order_invoice>
<id_order_payment><![CDATA[3191]]></id_order_payment>
<id_order><![CDATA[3279]]></id_order>
</order_invoice_payment>
<order_invoice_payment><id_order_invoice><![CDATA[3191]]></id_order_invoice>
<id_order_payment><![CDATA[3192]]></id_order_payment>
<id_order><![CDATA[3280]]></id_order>
</order_invoice_payment>
<order_invoice_payment><id_order_invoice><![CDATA[3192]]></id_order_invoice>
<id_order_payment><![CDATA[3193]]></id_order_payment>
<id_order><![CDATA[3281]]></id_order>
</order_invoice_payment>
<order_invoice_payment><id_order_invoice><![CDATA[3193]]></id_order_invoice>
<id_order_payment><![CDATA[3194]]></id_order_payment>
<id_order><![CDATA[3282]]></id_order>
</order_invoice_payment>
<order_invoice_payment><id_order_invoice><![CDATA[3194]]></id_order_invoice>
<id_order_payment><![CDATA[3195]]></id_order_payment>
<id_order><![CDATA[3283]]></id_order>
</order_invoice_payment>
<order_invoice_payment><id_order_invoice><![CDATA[3195]]></id_order_invoice>
<id_order_payment><![CDATA[3196]]></id_order_payment>
<id_order><![CDATA[3284]]></id_order>
</order_invoice_payment>
<order_invoice_payment><id_order_invoice><![CDATA[3196]]></id_order_invoice>
<id_order_payment><![CDATA[3197]]></id_order_payment>
<id_order><![CDATA[3285]]></id_order>
</order_invoice_payment>
<order_invoice_payment><id_order_invoice><![CDATA[3197]]></id_order_invoice>
<id_order_payment><![CDATA[3198]]></id_order_payment>
<id_order><![CDATA[3286]]></id_order>
</order_invoice_payment>
<order_invoice_payment><id_order_invoice><![CDATA[3198]]></id_order_invoice>
<id_order_payment><![CDATA[3199]]></id_order_payment>
<id_order><![CDATA[3287]]></id_order>
</order_invoice_payment>
<order_invoice_payment><id_order_invoice><![CDATA[3199]]></id_order_invoice>
<id_order_payment><![CDATA[3200]]></id_order_payment>
<id_order><![CDATA[3288]]></id_order>
</order_invoice_payment>
<order_invoice_payment><id_order_invoice><![CDATA[3200]]></id_order_invoice>
<id_order_payment><![CDATA[3201]]></id_order_payment>
<id_order><![CDATA[3289]]></id_order>
</order_invoice_payment>
<order_invoice_payment><id_order_invoice><![CDATA[3201]]></id_order_invoice>
<id_order_payment><![CDATA[3202]]></id_order_payment>
<id_order><![CDATA[3290]]></id_order>
</order_invoice_payment>
<order_invoice_payment><id_order_invoice><![CDATA[3202]]></id_order_invoice>
<id_order_payment><![CDATA[3203]]></id_order_payment>
<id_order><![CDATA[3292]]></id_order>
</order_invoice_payment>
<order_invoice_payment><id_order_invoice><![CDATA[3203]]></id_order_invoice>
<id_order_payment><![CDATA[3204]]></id_order_payment>
<id_order><![CDATA[3293]]></id_order>
</order_invoice_payment>
<order_invoice_payment><id_order_invoice><![CDATA[3204]]></id_order_invoice>
<id_order_payment><![CDATA[3205]]></id_order_payment>
<id_order><![CDATA[3294]]></id_order>
</order_invoice_payment>
<order_invoice_payment><id_order_invoice><![CDATA[3205]]></id_order_invoice>
<id_order_payment><![CDATA[3206]]></id_order_payment>
<id_order><![CDATA[3295]]></id_order>
</order_invoice_payment>
<order_invoice_payment><id_order_invoice><![CDATA[3206]]></id_order_invoice>
<id_order_payment><![CDATA[3207]]></id_order_payment>
<id_order><![CDATA[3296]]></id_order>
</order_invoice_payment>
<order_invoice_payment><id_order_invoice><![CDATA[3207]]></id_order_invoice>
<id_order_payment><![CDATA[3208]]></id_order_payment>
<id_order><![CDATA[3297]]></id_order>
</order_invoice_payment>
<order_invoice_payment><id_order_invoice><![CDATA[3208]]></id_order_invoice>
<id_order_payment><![CDATA[3209]]></id_order_payment>
<id_order><![CDATA[3298]]></id_order>
</order_invoice_payment>
<order_invoice_payment><id_order_invoice><![CDATA[3209]]></id_order_invoice>
<id_order_payment><![CDATA[3210]]></id_order_payment>
<id_order><![CDATA[3299]]></id_order>
</order_invoice_payment>
<order_invoice_payment><id_order_invoice><![CDATA[3210]]></id_order_invoice>
<id_order_payment><![CDATA[3211]]></id_order_payment>
<id_order><![CDATA[3300]]></id_order>
</order_invoice_payment>
<order_invoice_payment><id_order_invoice><![CDATA[3211]]></id_order_invoice>
<id_order_payment><![CDATA[3212]]></id_order_payment>
<id_order><![CDATA[3301]]></id_order>
</order_invoice_payment>
<order_invoice_payment><id_order_invoice><![CDATA[3212]]></id_order_invoice>
<id_order_payment><![CDATA[3213]]></id_order_payment>
<id_order><![CDATA[3302]]></id_order>
</order_invoice_payment>
</entity_profile>
