<?xml version="1.0" encoding="UTF-8"?>
<entity_profile>
<order_message><id_order_message><![CDATA[1]]></id_order_message>
<date_add><![CDATA[2015-04-22 13:50:20]]></date_add>
<datalanguage iso_code="de" >
<name><![CDATA[Delay]]></name>
<message><![CDATA[Hi,

Unfortunately, an item on your order is currently out of stock. This may cause a slight delay in delivery.
Please accept our apologies and rest assured that we are working hard to rectify this.

Best regards,]]></message>
</datalanguage>
<datalanguage iso_code="en" >
<name><![CDATA[Retraso]]></name>
<message><![CDATA[Hola.

Lamentablemente, uno de los artículos que has pedido está agotado. Esto podría causar un ligero retraso en el envío.
Por favor, disculpa las molestias ocasionadas. Estamos trabajando duro para solucionarlo, no te preocupes.

Un saludo,]]></message>
</datalanguage>
<datalanguage iso_code="es" default="1" >
<name><![CDATA[Retraso]]></name>
<message><![CDATA[Hola.

Lamentablemente, uno de los artículos que has pedido está agotado. Esto podría causar un ligero retraso en el envío.
Por favor, disculpa las molestias ocasionadas. Estamos trabajando duro para solucionarlo, no te preocupes.

Un saludo,]]></message>
</datalanguage>
<datalanguage iso_code="fr" >
<name><![CDATA[Delay]]></name>
<message><![CDATA[Hi,

Unfortunately, an item on your order is currently out of stock. This may cause a slight delay in delivery.
Please accept our apologies and rest assured that we are working hard to rectify this.

Best regards,]]></message>
</datalanguage>
<datalanguage iso_code="nl" >
<name><![CDATA[Retraso]]></name>
<message><![CDATA[Hola.

Lamentablemente, uno de los artículos que has pedido está agotado. Esto podría causar un ligero retraso en el envío.
Por favor, disculpa las molestias ocasionadas. Estamos trabajando duro para solucionarlo, no te preocupes.

Un saludo,]]></message>
</datalanguage>
</order_message>
<order_message><id_order_message><![CDATA[2]]></id_order_message>
<date_add><![CDATA[2016-08-02 09:43:00]]></date_add>
<datalanguage iso_code="de" >
<name><![CDATA[Número Expedición transporte]]></name>
<message><![CDATA[Puede consultar el estado de su pedido en la web de Seur usando el siguiente número de expedición.
Número de expedición:  	]]></message>
</datalanguage>
<datalanguage iso_code="en" >
<name><![CDATA[Número Expedición transporte]]></name>
<message><![CDATA[Puede consultar el estado de su pedido en la web de Seur usando el siguiente número de expedición.
Número de expedición:  	]]></message>
</datalanguage>
<datalanguage iso_code="es" default="1" >
<name><![CDATA[Número Expedición transporte]]></name>
<message><![CDATA[Puede consultar el estado de su pedido en la web de Seur usando el siguiente número de expedición.
Número de expedición:  	]]></message>
</datalanguage>
<datalanguage iso_code="fr" >
<name><![CDATA[Número Expedición transporte]]></name>
<message><![CDATA[Puede consultar el estado de su pedido en la web de Seur usando el siguiente número de expedición.
Número de expedición:  	]]></message>
</datalanguage>
<datalanguage iso_code="nl" >
<name><![CDATA[Número Expedición transporte]]></name>
<message><![CDATA[Puede consultar el estado de su pedido en la web de Seur usando el siguiente número de expedición.
Número de expedición:  	]]></message>
</datalanguage>
</order_message>
<order_message><id_order_message><![CDATA[3]]></id_order_message>
<date_add><![CDATA[2018-10-18 10:32:01]]></date_add>
<datalanguage iso_code="de" >
<name><![CDATA[Pedido entregado en Oficina de Correos]]></name>
<message><![CDATA[Hola,

Te escribimos para informarte de que tu pedido ha sido entregado en una Oficina de Correos. Puedes revisar con la agencia de transporte GLS para más información.

Te recomendamos que recojas tu pedido lo antes posible o el paquete podría ser devuelto a nuestros almacenes.

Saludos.]]></message>
</datalanguage>
<datalanguage iso_code="en" >
<name><![CDATA[Order delivered at a Post Office]]></name>
<message><![CDATA[Hello,

We are writing to inform you that your order has been delivered at a Post Office. Check with GLS for more information.

We highly suggest you to pick up the order as soon as possible ot the package can be returned to our warehouse.

Regards.
]]></message>
</datalanguage>
<datalanguage iso_code="es" default="1" >
<name><![CDATA[Pedido entregado en Oficina de Correos]]></name>
<message><![CDATA[Hola,

Te escribimos para informarte de que tu pedido ha sido entregado en una Oficina de Correos. Puedes contactar con la agencia de transporte GLS para más información.

Te recomendamos que recojas tu pedido lo antes posible o el paquete podría ser devuelto a nuestros almacenes.

Saludos.]]></message>
</datalanguage>
<datalanguage iso_code="fr" >
<name><![CDATA[Pedido entregado en Oficina de Correos]]></name>
<message><![CDATA[Hola,

Te escribimos para informarte de que tu pedido ha sido entregado en una Oficina de Correos. Puedes revisar con la agencia de transporte GLS para más información.

Te recomendamos que recojas tu pedido lo antes posible o el paquete podría ser devuelto a nuestros almacenes.

Saludos.]]></message>
</datalanguage>
<datalanguage iso_code="nl" >
<name><![CDATA[Pedido entregado en Oficina de Correos]]></name>
<message><![CDATA[Hola,

Te escribimos para informarte de que tu pedido ha sido entregado en una Oficina de Correos. Puedes revisar con la agencia de transporte GLS para más información.

Te recomendamos que recojas tu pedido lo antes posible o el paquete podría ser devuelto a nuestros almacenes.

Saludos.]]></message>
</datalanguage>
</order_message>
<order_message><id_order_message><![CDATA[4]]></id_order_message>
<date_add><![CDATA[2018-10-18 10:34:18]]></date_add>
<datalanguage iso_code="de" >
<name><![CDATA[Pedido entregado en Punto de Recogida]]></name>
<message><![CDATA[Hola,

Te escribimos para informarte de que tu pedido ha sido entregado en un Punto de Recogida GLS. Puedes contactar con la agencia de transporte GLS para más información.

Te recomendamos que recojas tu pedido lo antes posible o el paquete podría ser devuelto a nuestros almacenes.

Saludos.
]]></message>
</datalanguage>
<datalanguage iso_code="en" >
<name><![CDATA[Order delivered at a Parcel Shop]]></name>
<message><![CDATA[Hello,

We are writing to inform you that your order has been delivered at a Parcel Shop. Check with GLS for more information.

We highly suggest you to pick up the order as soon as possible or the package can be returned to our warehouse.

Please, let us know if you have any problem.

Regards.
]]></message>
</datalanguage>
<datalanguage iso_code="es" default="1" >
<name><![CDATA[Pedido entregado en Punto de Recogida]]></name>
<message><![CDATA[Hola,

Te escribimos para informarte de que tu pedido ha sido entregado en un Punto de Recogida GLS. Puedes contactar con la agencia de transporte GLS para más información.

Te recomendamos que recojas tu pedido lo antes posible o el paquete podría ser devuelto a nuestros almacenes.

Saludos.
]]></message>
</datalanguage>
<datalanguage iso_code="fr" >
<name><![CDATA[Pedido entregado en Punto de Recogida]]></name>
<message><![CDATA[Hola,

Te escribimos para informarte de que tu pedido ha sido entregado en un Punto de Recogida GLS. Puedes contactar con la agencia de transporte GLS para más información.

Te recomendamos que recojas tu pedido lo antes posible o el paquete podría ser devuelto a nuestros almacenes.

Saludos.
]]></message>
</datalanguage>
<datalanguage iso_code="nl" >
<name><![CDATA[Pedido entregado en Punto de Recogida]]></name>
<message><![CDATA[Hola,

Te escribimos para informarte de que tu pedido ha sido entregado en un Punto de Recogida GLS. Puedes contactar con la agencia de transporte GLS para más información.

Te recomendamos que recojas tu pedido lo antes posible o el paquete podría ser devuelto a nuestros almacenes.

Saludos.
]]></message>
</datalanguage>
</order_message>
</entity_profile>
