<?xml version="1.0" encoding="UTF-8"?>
<entity_profile>
<order_history><id_order_history><![CDATA[13986]]></id_order_history>
<id_order><![CDATA[3239]]></id_order>
<id_order_state><![CDATA[18]]></id_order_state>
<id_employee><![CDATA[0]]></id_employee>
<date_add><![CDATA[2019-09-13 16:38:14]]></date_add>
</order_history>
<order_history><id_order_history><![CDATA[13987]]></id_order_history>
<id_order><![CDATA[3239]]></id_order>
<id_order_state><![CDATA[3]]></id_order_state>
<id_employee><![CDATA[13]]></id_employee>
<date_add><![CDATA[2019-09-13 16:38:14]]></date_add>
</order_history>
<order_history><id_order_history><![CDATA[14009]]></id_order_history>
<id_order><![CDATA[3239]]></id_order>
<id_order_state><![CDATA[4]]></id_order_state>
<id_employee><![CDATA[13]]></id_employee>
<date_add><![CDATA[2019-09-13 16:38:14]]></date_add>
</order_history>
<order_history><id_order_history><![CDATA[14067]]></id_order_history>
<id_order><![CDATA[3239]]></id_order>
<id_order_state><![CDATA[5]]></id_order_state>
<id_employee><![CDATA[12]]></id_employee>
<date_add><![CDATA[2019-09-13 16:38:14]]></date_add>
</order_history>
<order_history><id_order_history><![CDATA[13991]]></id_order_history>
<id_order><![CDATA[3240]]></id_order>
<id_order_state><![CDATA[20]]></id_order_state>
<id_employee><![CDATA[0]]></id_employee>
<date_add><![CDATA[2019-09-13 20:11:38]]></date_add>
</order_history>
<order_history><id_order_history><![CDATA[13992]]></id_order_history>
<id_order><![CDATA[3240]]></id_order>
<id_order_state><![CDATA[18]]></id_order_state>
<id_employee><![CDATA[0]]></id_employee>
<date_add><![CDATA[2019-09-13 20:11:38]]></date_add>
</order_history>
<order_history><id_order_history><![CDATA[14005]]></id_order_history>
<id_order><![CDATA[3240]]></id_order>
<id_order_state><![CDATA[3]]></id_order_state>
<id_employee><![CDATA[13]]></id_employee>
<date_add><![CDATA[2019-09-13 20:11:38]]></date_add>
</order_history>
<order_history><id_order_history><![CDATA[14010]]></id_order_history>
<id_order><![CDATA[3240]]></id_order>
<id_order_state><![CDATA[4]]></id_order_state>
<id_employee><![CDATA[13]]></id_employee>
<date_add><![CDATA[2019-09-13 20:11:38]]></date_add>
</order_history>
<order_history><id_order_history><![CDATA[14026]]></id_order_history>
<id_order><![CDATA[3240]]></id_order>
<id_order_state><![CDATA[5]]></id_order_state>
<id_employee><![CDATA[13]]></id_employee>
<date_add><![CDATA[2019-09-13 20:11:38]]></date_add>
</order_history>
<order_history><id_order_history><![CDATA[13993]]></id_order_history>
<id_order><![CDATA[3241]]></id_order>
<id_order_state><![CDATA[20]]></id_order_state>
<id_employee><![CDATA[0]]></id_employee>
<date_add><![CDATA[2019-09-15 00:01:39]]></date_add>
</order_history>
<order_history><id_order_history><![CDATA[13994]]></id_order_history>
<id_order><![CDATA[3241]]></id_order>
<id_order_state><![CDATA[18]]></id_order_state>
<id_employee><![CDATA[0]]></id_employee>
<date_add><![CDATA[2019-09-15 00:01:39]]></date_add>
</order_history>
<order_history><id_order_history><![CDATA[14004]]></id_order_history>
<id_order><![CDATA[3241]]></id_order>
<id_order_state><![CDATA[3]]></id_order_state>
<id_employee><![CDATA[13]]></id_employee>
<date_add><![CDATA[2019-09-15 00:01:39]]></date_add>
</order_history>
<order_history><id_order_history><![CDATA[14011]]></id_order_history>
<id_order><![CDATA[3241]]></id_order>
<id_order_state><![CDATA[4]]></id_order_state>
<id_employee><![CDATA[13]]></id_employee>
<date_add><![CDATA[2019-09-15 00:01:39]]></date_add>
</order_history>
<order_history><id_order_history><![CDATA[14077]]></id_order_history>
<id_order><![CDATA[3241]]></id_order>
<id_order_state><![CDATA[5]]></id_order_state>
<id_employee><![CDATA[12]]></id_employee>
<date_add><![CDATA[2019-09-15 00:01:39]]></date_add>
</order_history>
<order_history><id_order_history><![CDATA[13995]]></id_order_history>
<id_order><![CDATA[3242]]></id_order>
<id_order_state><![CDATA[20]]></id_order_state>
<id_employee><![CDATA[0]]></id_employee>
<date_add><![CDATA[2019-09-15 17:39:10]]></date_add>
</order_history>
<order_history><id_order_history><![CDATA[13996]]></id_order_history>
<id_order><![CDATA[3242]]></id_order>
<id_order_state><![CDATA[18]]></id_order_state>
<id_employee><![CDATA[0]]></id_employee>
<date_add><![CDATA[2019-09-15 17:39:10]]></date_add>
</order_history>
<order_history><id_order_history><![CDATA[14003]]></id_order_history>
<id_order><![CDATA[3242]]></id_order>
<id_order_state><![CDATA[3]]></id_order_state>
<id_employee><![CDATA[13]]></id_employee>
<date_add><![CDATA[2019-09-15 17:39:10]]></date_add>
</order_history>
<order_history><id_order_history><![CDATA[14012]]></id_order_history>
<id_order><![CDATA[3242]]></id_order>
<id_order_state><![CDATA[4]]></id_order_state>
<id_employee><![CDATA[13]]></id_employee>
<date_add><![CDATA[2019-09-15 17:39:10]]></date_add>
</order_history>
<order_history><id_order_history><![CDATA[14032]]></id_order_history>
<id_order><![CDATA[3242]]></id_order>
<id_order_state><![CDATA[5]]></id_order_state>
<id_employee><![CDATA[13]]></id_employee>
<date_add><![CDATA[2019-09-15 17:39:10]]></date_add>
</order_history>
<order_history><id_order_history><![CDATA[13997]]></id_order_history>
<id_order><![CDATA[3243]]></id_order>
<id_order_state><![CDATA[20]]></id_order_state>
<id_employee><![CDATA[0]]></id_employee>
<date_add><![CDATA[2019-09-15 18:30:29]]></date_add>
</order_history>
<order_history><id_order_history><![CDATA[13998]]></id_order_history>
<id_order><![CDATA[3243]]></id_order>
<id_order_state><![CDATA[18]]></id_order_state>
<id_employee><![CDATA[0]]></id_employee>
<date_add><![CDATA[2019-09-15 18:30:29]]></date_add>
</order_history>
<order_history><id_order_history><![CDATA[14002]]></id_order_history>
<id_order><![CDATA[3243]]></id_order>
<id_order_state><![CDATA[3]]></id_order_state>
<id_employee><![CDATA[13]]></id_employee>
<date_add><![CDATA[2019-09-15 18:30:29]]></date_add>
</order_history>
<order_history><id_order_history><![CDATA[14013]]></id_order_history>
<id_order><![CDATA[3243]]></id_order>
<id_order_state><![CDATA[4]]></id_order_state>
<id_employee><![CDATA[13]]></id_employee>
<date_add><![CDATA[2019-09-15 18:30:29]]></date_add>
</order_history>
<order_history><id_order_history><![CDATA[14031]]></id_order_history>
<id_order><![CDATA[3243]]></id_order>
<id_order_state><![CDATA[5]]></id_order_state>
<id_employee><![CDATA[13]]></id_employee>
<date_add><![CDATA[2019-09-15 18:30:29]]></date_add>
</order_history>
<order_history><id_order_history><![CDATA[13999]]></id_order_history>
<id_order><![CDATA[3244]]></id_order>
<id_order_state><![CDATA[20]]></id_order_state>
<id_employee><![CDATA[0]]></id_employee>
<date_add><![CDATA[2019-09-15 21:24:05]]></date_add>
</order_history>
<order_history><id_order_history><![CDATA[14000]]></id_order_history>
<id_order><![CDATA[3244]]></id_order>
<id_order_state><![CDATA[18]]></id_order_state>
<id_employee><![CDATA[0]]></id_employee>
<date_add><![CDATA[2019-09-15 21:24:05]]></date_add>
</order_history>
<order_history><id_order_history><![CDATA[14001]]></id_order_history>
<id_order><![CDATA[3244]]></id_order>
<id_order_state><![CDATA[3]]></id_order_state>
<id_employee><![CDATA[13]]></id_employee>
<date_add><![CDATA[2019-09-15 21:24:05]]></date_add>
</order_history>
<order_history><id_order_history><![CDATA[14014]]></id_order_history>
<id_order><![CDATA[3244]]></id_order>
<id_order_state><![CDATA[4]]></id_order_state>
<id_employee><![CDATA[13]]></id_employee>
<date_add><![CDATA[2019-09-15 21:24:05]]></date_add>
</order_history>
<order_history><id_order_history><![CDATA[14047]]></id_order_history>
<id_order><![CDATA[3244]]></id_order>
<id_order_state><![CDATA[5]]></id_order_state>
<id_employee><![CDATA[12]]></id_employee>
<date_add><![CDATA[2019-09-15 21:24:05]]></date_add>
</order_history>
<order_history><id_order_history><![CDATA[14015]]></id_order_history>
<id_order><![CDATA[3245]]></id_order>
<id_order_state><![CDATA[20]]></id_order_state>
<id_employee><![CDATA[0]]></id_employee>
<date_add><![CDATA[2019-09-16 22:48:51]]></date_add>
</order_history>
<order_history><id_order_history><![CDATA[14016]]></id_order_history>
<id_order><![CDATA[3245]]></id_order>
<id_order_state><![CDATA[18]]></id_order_state>
<id_employee><![CDATA[0]]></id_employee>
<date_add><![CDATA[2019-09-16 22:48:51]]></date_add>
</order_history>
<order_history><id_order_history><![CDATA[14017]]></id_order_history>
<id_order><![CDATA[3245]]></id_order>
<id_order_state><![CDATA[3]]></id_order_state>
<id_employee><![CDATA[13]]></id_employee>
<date_add><![CDATA[2019-09-16 22:48:51]]></date_add>
</order_history>
<order_history><id_order_history><![CDATA[14021]]></id_order_history>
<id_order><![CDATA[3245]]></id_order>
<id_order_state><![CDATA[4]]></id_order_state>
<id_employee><![CDATA[13]]></id_employee>
<date_add><![CDATA[2019-09-16 22:48:51]]></date_add>
</order_history>
<order_history><id_order_history><![CDATA[14066]]></id_order_history>
<id_order><![CDATA[3245]]></id_order>
<id_order_state><![CDATA[5]]></id_order_state>
<id_employee><![CDATA[12]]></id_employee>
<date_add><![CDATA[2019-09-16 22:48:51]]></date_add>
</order_history>
<order_history><id_order_history><![CDATA[14018]]></id_order_history>
<id_order><![CDATA[3246]]></id_order>
<id_order_state><![CDATA[2]]></id_order_state>
<id_employee><![CDATA[0]]></id_employee>
<date_add><![CDATA[2019-09-17 10:32:19]]></date_add>
</order_history>
<order_history><id_order_history><![CDATA[14019]]></id_order_history>
<id_order><![CDATA[3246]]></id_order>
<id_order_state><![CDATA[18]]></id_order_state>
<id_employee><![CDATA[0]]></id_employee>
<date_add><![CDATA[2019-09-17 10:32:19]]></date_add>
</order_history>
<order_history><id_order_history><![CDATA[14020]]></id_order_history>
<id_order><![CDATA[3246]]></id_order>
<id_order_state><![CDATA[3]]></id_order_state>
<id_employee><![CDATA[13]]></id_employee>
<date_add><![CDATA[2019-09-17 10:32:19]]></date_add>
</order_history>
<order_history><id_order_history><![CDATA[14028]]></id_order_history>
<id_order><![CDATA[3246]]></id_order>
<id_order_state><![CDATA[4]]></id_order_state>
<id_employee><![CDATA[13]]></id_employee>
<date_add><![CDATA[2019-09-17 10:32:19]]></date_add>
</order_history>
<order_history><id_order_history><![CDATA[14030]]></id_order_history>
<id_order><![CDATA[3246]]></id_order>
<id_order_state><![CDATA[5]]></id_order_state>
<id_employee><![CDATA[13]]></id_employee>
<date_add><![CDATA[2019-09-17 10:32:19]]></date_add>
</order_history>
<order_history><id_order_history><![CDATA[14022]]></id_order_history>
<id_order><![CDATA[3247]]></id_order>
<id_order_state><![CDATA[20]]></id_order_state>
<id_employee><![CDATA[0]]></id_employee>
<date_add><![CDATA[2019-09-18 09:35:33]]></date_add>
</order_history>
<order_history><id_order_history><![CDATA[14023]]></id_order_history>
<id_order><![CDATA[3247]]></id_order>
<id_order_state><![CDATA[18]]></id_order_state>
<id_employee><![CDATA[0]]></id_employee>
<date_add><![CDATA[2019-09-18 09:35:33]]></date_add>
</order_history>
<order_history><id_order_history><![CDATA[14024]]></id_order_history>
<id_order><![CDATA[3247]]></id_order>
<id_order_state><![CDATA[3]]></id_order_state>
<id_employee><![CDATA[13]]></id_employee>
<date_add><![CDATA[2019-09-18 09:35:33]]></date_add>
</order_history>
<order_history><id_order_history><![CDATA[14029]]></id_order_history>
<id_order><![CDATA[3247]]></id_order>
<id_order_state><![CDATA[4]]></id_order_state>
<id_employee><![CDATA[13]]></id_employee>
<date_add><![CDATA[2019-09-18 09:35:33]]></date_add>
</order_history>
<order_history><id_order_history><![CDATA[14116]]></id_order_history>
<id_order><![CDATA[3247]]></id_order>
<id_order_state><![CDATA[5]]></id_order_state>
<id_employee><![CDATA[20]]></id_employee>
<date_add><![CDATA[2019-09-18 09:35:33]]></date_add>
</order_history>
<order_history><id_order_history><![CDATA[14036]]></id_order_history>
<id_order><![CDATA[3248]]></id_order>
<id_order_state><![CDATA[20]]></id_order_state>
<id_employee><![CDATA[0]]></id_employee>
<date_add><![CDATA[2019-09-19 11:11:45]]></date_add>
</order_history>
<order_history><id_order_history><![CDATA[14037]]></id_order_history>
<id_order><![CDATA[3248]]></id_order>
<id_order_state><![CDATA[18]]></id_order_state>
<id_employee><![CDATA[0]]></id_employee>
<date_add><![CDATA[2019-09-19 11:11:45]]></date_add>
</order_history>
<order_history><id_order_history><![CDATA[14038]]></id_order_history>
<id_order><![CDATA[3248]]></id_order>
<id_order_state><![CDATA[3]]></id_order_state>
<id_employee><![CDATA[13]]></id_employee>
<date_add><![CDATA[2019-09-19 11:11:45]]></date_add>
</order_history>
<order_history><id_order_history><![CDATA[14044]]></id_order_history>
<id_order><![CDATA[3248]]></id_order>
<id_order_state><![CDATA[4]]></id_order_state>
<id_employee><![CDATA[13]]></id_employee>
<date_add><![CDATA[2019-09-19 11:11:45]]></date_add>
</order_history>
<order_history><id_order_history><![CDATA[14046]]></id_order_history>
<id_order><![CDATA[3248]]></id_order>
<id_order_state><![CDATA[5]]></id_order_state>
<id_employee><![CDATA[12]]></id_employee>
<date_add><![CDATA[2019-09-19 11:11:45]]></date_add>
</order_history>
<order_history><id_order_history><![CDATA[14039]]></id_order_history>
<id_order><![CDATA[3249]]></id_order>
<id_order_state><![CDATA[20]]></id_order_state>
<id_employee><![CDATA[0]]></id_employee>
<date_add><![CDATA[2019-09-19 15:46:00]]></date_add>
</order_history>
<order_history><id_order_history><![CDATA[14040]]></id_order_history>
<id_order><![CDATA[3249]]></id_order>
<id_order_state><![CDATA[18]]></id_order_state>
<id_employee><![CDATA[0]]></id_employee>
<date_add><![CDATA[2019-09-19 15:46:00]]></date_add>
</order_history>
<order_history><id_order_history><![CDATA[14041]]></id_order_history>
<id_order><![CDATA[3249]]></id_order>
<id_order_state><![CDATA[3]]></id_order_state>
<id_employee><![CDATA[13]]></id_employee>
<date_add><![CDATA[2019-09-19 15:46:00]]></date_add>
</order_history>
<order_history><id_order_history><![CDATA[14058]]></id_order_history>
<id_order><![CDATA[3249]]></id_order>
<id_order_state><![CDATA[4]]></id_order_state>
<id_employee><![CDATA[12]]></id_employee>
<date_add><![CDATA[2019-09-19 15:46:00]]></date_add>
</order_history>
<order_history><id_order_history><![CDATA[14065]]></id_order_history>
<id_order><![CDATA[3249]]></id_order>
<id_order_state><![CDATA[5]]></id_order_state>
<id_employee><![CDATA[12]]></id_employee>
<date_add><![CDATA[2019-09-19 15:46:00]]></date_add>
</order_history>
<order_history><id_order_history><![CDATA[14042]]></id_order_history>
<id_order><![CDATA[3250]]></id_order>
<id_order_state><![CDATA[20]]></id_order_state>
<id_employee><![CDATA[0]]></id_employee>
<date_add><![CDATA[2019-09-19 17:41:55]]></date_add>
</order_history>
<order_history><id_order_history><![CDATA[14043]]></id_order_history>
<id_order><![CDATA[3250]]></id_order>
<id_order_state><![CDATA[18]]></id_order_state>
<id_employee><![CDATA[0]]></id_employee>
<date_add><![CDATA[2019-09-19 17:41:55]]></date_add>
</order_history>
<order_history><id_order_history><![CDATA[14045]]></id_order_history>
<id_order><![CDATA[3250]]></id_order>
<id_order_state><![CDATA[3]]></id_order_state>
<id_employee><![CDATA[12]]></id_employee>
<date_add><![CDATA[2019-09-19 17:41:55]]></date_add>
</order_history>
<order_history><id_order_history><![CDATA[14057]]></id_order_history>
<id_order><![CDATA[3250]]></id_order>
<id_order_state><![CDATA[4]]></id_order_state>
<id_employee><![CDATA[12]]></id_employee>
<date_add><![CDATA[2019-09-19 17:41:55]]></date_add>
</order_history>
<order_history><id_order_history><![CDATA[14088]]></id_order_history>
<id_order><![CDATA[3250]]></id_order>
<id_order_state><![CDATA[5]]></id_order_state>
<id_employee><![CDATA[12]]></id_employee>
<date_add><![CDATA[2019-09-19 17:41:55]]></date_add>
</order_history>
<order_history><id_order_history><![CDATA[14048]]></id_order_history>
<id_order><![CDATA[3251]]></id_order>
<id_order_state><![CDATA[20]]></id_order_state>
<id_employee><![CDATA[0]]></id_employee>
<date_add><![CDATA[2019-09-20 21:40:54]]></date_add>
</order_history>
<order_history><id_order_history><![CDATA[14049]]></id_order_history>
<id_order><![CDATA[3251]]></id_order>
<id_order_state><![CDATA[18]]></id_order_state>
<id_employee><![CDATA[0]]></id_employee>
<date_add><![CDATA[2019-09-20 21:40:54]]></date_add>
</order_history>
<order_history><id_order_history><![CDATA[14056]]></id_order_history>
<id_order><![CDATA[3251]]></id_order>
<id_order_state><![CDATA[3]]></id_order_state>
<id_employee><![CDATA[12]]></id_employee>
<date_add><![CDATA[2019-09-20 21:40:54]]></date_add>
</order_history>
<order_history><id_order_history><![CDATA[14062]]></id_order_history>
<id_order><![CDATA[3251]]></id_order>
<id_order_state><![CDATA[4]]></id_order_state>
<id_employee><![CDATA[12]]></id_employee>
<date_add><![CDATA[2019-09-20 21:40:54]]></date_add>
</order_history>
<order_history><id_order_history><![CDATA[14104]]></id_order_history>
<id_order><![CDATA[3251]]></id_order>
<id_order_state><![CDATA[5]]></id_order_state>
<id_employee><![CDATA[20]]></id_employee>
<date_add><![CDATA[2019-09-20 21:40:54]]></date_add>
</order_history>
<order_history><id_order_history><![CDATA[14050]]></id_order_history>
<id_order><![CDATA[3252]]></id_order>
<id_order_state><![CDATA[20]]></id_order_state>
<id_employee><![CDATA[0]]></id_employee>
<date_add><![CDATA[2019-09-22 10:35:24]]></date_add>
</order_history>
<order_history><id_order_history><![CDATA[14051]]></id_order_history>
<id_order><![CDATA[3252]]></id_order>
<id_order_state><![CDATA[18]]></id_order_state>
<id_employee><![CDATA[0]]></id_employee>
<date_add><![CDATA[2019-09-22 10:35:24]]></date_add>
</order_history>
<order_history><id_order_history><![CDATA[14055]]></id_order_history>
<id_order><![CDATA[3252]]></id_order>
<id_order_state><![CDATA[3]]></id_order_state>
<id_employee><![CDATA[12]]></id_employee>
<date_add><![CDATA[2019-09-22 10:35:24]]></date_add>
</order_history>
<order_history><id_order_history><![CDATA[14063]]></id_order_history>
<id_order><![CDATA[3252]]></id_order>
<id_order_state><![CDATA[4]]></id_order_state>
<id_employee><![CDATA[12]]></id_employee>
<date_add><![CDATA[2019-09-22 10:35:24]]></date_add>
</order_history>
<order_history><id_order_history><![CDATA[14089]]></id_order_history>
<id_order><![CDATA[3252]]></id_order>
<id_order_state><![CDATA[5]]></id_order_state>
<id_employee><![CDATA[12]]></id_employee>
<date_add><![CDATA[2019-09-22 10:35:24]]></date_add>
</order_history>
<order_history><id_order_history><![CDATA[14052]]></id_order_history>
<id_order><![CDATA[3253]]></id_order>
<id_order_state><![CDATA[20]]></id_order_state>
<id_employee><![CDATA[0]]></id_employee>
<date_add><![CDATA[2019-09-22 22:21:00]]></date_add>
</order_history>
<order_history><id_order_history><![CDATA[14053]]></id_order_history>
<id_order><![CDATA[3253]]></id_order>
<id_order_state><![CDATA[18]]></id_order_state>
<id_employee><![CDATA[0]]></id_employee>
<date_add><![CDATA[2019-09-22 22:21:00]]></date_add>
</order_history>
<order_history><id_order_history><![CDATA[14054]]></id_order_history>
<id_order><![CDATA[3253]]></id_order>
<id_order_state><![CDATA[3]]></id_order_state>
<id_employee><![CDATA[12]]></id_employee>
<date_add><![CDATA[2019-09-22 22:21:00]]></date_add>
</order_history>
<order_history><id_order_history><![CDATA[14064]]></id_order_history>
<id_order><![CDATA[3253]]></id_order>
<id_order_state><![CDATA[4]]></id_order_state>
<id_employee><![CDATA[12]]></id_employee>
<date_add><![CDATA[2019-09-22 22:21:00]]></date_add>
</order_history>
<order_history><id_order_history><![CDATA[14073]]></id_order_history>
<id_order><![CDATA[3253]]></id_order>
<id_order_state><![CDATA[5]]></id_order_state>
<id_employee><![CDATA[12]]></id_employee>
<date_add><![CDATA[2019-09-22 22:21:00]]></date_add>
</order_history>
<order_history><id_order_history><![CDATA[14059]]></id_order_history>
<id_order><![CDATA[3254]]></id_order>
<id_order_state><![CDATA[20]]></id_order_state>
<id_employee><![CDATA[0]]></id_employee>
<date_add><![CDATA[2019-09-23 15:37:16]]></date_add>
</order_history>
<order_history><id_order_history><![CDATA[14060]]></id_order_history>
<id_order><![CDATA[3254]]></id_order>
<id_order_state><![CDATA[18]]></id_order_state>
<id_employee><![CDATA[0]]></id_employee>
<date_add><![CDATA[2019-09-23 15:37:16]]></date_add>
</order_history>
<order_history><id_order_history><![CDATA[14061]]></id_order_history>
<id_order><![CDATA[3254]]></id_order>
<id_order_state><![CDATA[3]]></id_order_state>
<id_employee><![CDATA[12]]></id_employee>
<date_add><![CDATA[2019-09-23 15:37:16]]></date_add>
</order_history>
<order_history><id_order_history><![CDATA[14072]]></id_order_history>
<id_order><![CDATA[3254]]></id_order>
<id_order_state><![CDATA[4]]></id_order_state>
<id_employee><![CDATA[12]]></id_employee>
<date_add><![CDATA[2019-09-23 15:37:16]]></date_add>
</order_history>
<order_history><id_order_history><![CDATA[14078]]></id_order_history>
<id_order><![CDATA[3254]]></id_order>
<id_order_state><![CDATA[5]]></id_order_state>
<id_employee><![CDATA[12]]></id_employee>
<date_add><![CDATA[2019-09-23 15:37:16]]></date_add>
</order_history>
<order_history><id_order_history><![CDATA[14074]]></id_order_history>
<id_order><![CDATA[3255]]></id_order>
<id_order_state><![CDATA[20]]></id_order_state>
<id_employee><![CDATA[0]]></id_employee>
<date_add><![CDATA[2019-09-25 17:16:36]]></date_add>
</order_history>
<order_history><id_order_history><![CDATA[14075]]></id_order_history>
<id_order><![CDATA[3255]]></id_order>
<id_order_state><![CDATA[18]]></id_order_state>
<id_employee><![CDATA[0]]></id_employee>
<date_add><![CDATA[2019-09-25 17:16:36]]></date_add>
</order_history>
<order_history><id_order_history><![CDATA[14076]]></id_order_history>
<id_order><![CDATA[3255]]></id_order>
<id_order_state><![CDATA[3]]></id_order_state>
<id_employee><![CDATA[12]]></id_employee>
<date_add><![CDATA[2019-09-25 17:16:36]]></date_add>
</order_history>
<order_history><id_order_history><![CDATA[14142]]></id_order_history>
<id_order><![CDATA[3255]]></id_order>
<id_order_state><![CDATA[4]]></id_order_state>
<id_employee><![CDATA[20]]></id_employee>
<date_add><![CDATA[2019-09-25 17:16:36]]></date_add>
</order_history>
<order_history><id_order_history><![CDATA[14143]]></id_order_history>
<id_order><![CDATA[3255]]></id_order>
<id_order_state><![CDATA[5]]></id_order_state>
<id_employee><![CDATA[20]]></id_employee>
<date_add><![CDATA[2019-09-25 17:16:36]]></date_add>
</order_history>
<order_history><id_order_history><![CDATA[14079]]></id_order_history>
<id_order><![CDATA[3256]]></id_order>
<id_order_state><![CDATA[20]]></id_order_state>
<id_employee><![CDATA[0]]></id_employee>
<date_add><![CDATA[2019-09-26 10:22:41]]></date_add>
</order_history>
<order_history><id_order_history><![CDATA[14080]]></id_order_history>
<id_order><![CDATA[3256]]></id_order>
<id_order_state><![CDATA[18]]></id_order_state>
<id_employee><![CDATA[0]]></id_employee>
<date_add><![CDATA[2019-09-26 10:22:41]]></date_add>
</order_history>
<order_history><id_order_history><![CDATA[14084]]></id_order_history>
<id_order><![CDATA[3256]]></id_order>
<id_order_state><![CDATA[3]]></id_order_state>
<id_employee><![CDATA[12]]></id_employee>
<date_add><![CDATA[2019-09-26 10:22:41]]></date_add>
</order_history>
<order_history><id_order_history><![CDATA[14091]]></id_order_history>
<id_order><![CDATA[3256]]></id_order>
<id_order_state><![CDATA[4]]></id_order_state>
<id_employee><![CDATA[20]]></id_employee>
<date_add><![CDATA[2019-09-26 10:22:41]]></date_add>
</order_history>
<order_history><id_order_history><![CDATA[14150]]></id_order_history>
<id_order><![CDATA[3256]]></id_order>
<id_order_state><![CDATA[5]]></id_order_state>
<id_employee><![CDATA[20]]></id_employee>
<date_add><![CDATA[2019-09-26 10:22:41]]></date_add>
</order_history>
<order_history><id_order_history><![CDATA[14081]]></id_order_history>
<id_order><![CDATA[3257]]></id_order>
<id_order_state><![CDATA[20]]></id_order_state>
<id_employee><![CDATA[0]]></id_employee>
<date_add><![CDATA[2019-09-26 17:46:19]]></date_add>
</order_history>
<order_history><id_order_history><![CDATA[14082]]></id_order_history>
<id_order><![CDATA[3257]]></id_order>
<id_order_state><![CDATA[18]]></id_order_state>
<id_employee><![CDATA[0]]></id_employee>
<date_add><![CDATA[2019-09-26 17:46:19]]></date_add>
</order_history>
<order_history><id_order_history><![CDATA[14083]]></id_order_history>
<id_order><![CDATA[3257]]></id_order>
<id_order_state><![CDATA[3]]></id_order_state>
<id_employee><![CDATA[12]]></id_employee>
<date_add><![CDATA[2019-09-26 17:46:19]]></date_add>
</order_history>
<order_history><id_order_history><![CDATA[14090]]></id_order_history>
<id_order><![CDATA[3257]]></id_order>
<id_order_state><![CDATA[4]]></id_order_state>
<id_employee><![CDATA[20]]></id_employee>
<date_add><![CDATA[2019-09-26 17:46:19]]></date_add>
</order_history>
<order_history><id_order_history><![CDATA[14137]]></id_order_history>
<id_order><![CDATA[3257]]></id_order>
<id_order_state><![CDATA[5]]></id_order_state>
<id_employee><![CDATA[20]]></id_employee>
<date_add><![CDATA[2019-09-26 17:46:19]]></date_add>
</order_history>
<order_history><id_order_history><![CDATA[14085]]></id_order_history>
<id_order><![CDATA[3258]]></id_order>
<id_order_state><![CDATA[20]]></id_order_state>
<id_employee><![CDATA[0]]></id_employee>
<date_add><![CDATA[2019-09-27 09:14:06]]></date_add>
</order_history>
<order_history><id_order_history><![CDATA[14086]]></id_order_history>
<id_order><![CDATA[3258]]></id_order>
<id_order_state><![CDATA[18]]></id_order_state>
<id_employee><![CDATA[0]]></id_employee>
<date_add><![CDATA[2019-09-27 09:14:06]]></date_add>
</order_history>
<order_history><id_order_history><![CDATA[14087]]></id_order_history>
<id_order><![CDATA[3258]]></id_order>
<id_order_state><![CDATA[3]]></id_order_state>
<id_employee><![CDATA[12]]></id_employee>
<date_add><![CDATA[2019-09-27 09:14:06]]></date_add>
</order_history>
<order_history><id_order_history><![CDATA[14117]]></id_order_history>
<id_order><![CDATA[3258]]></id_order>
<id_order_state><![CDATA[4]]></id_order_state>
<id_employee><![CDATA[20]]></id_employee>
<date_add><![CDATA[2019-09-27 09:14:06]]></date_add>
</order_history>
<order_history><id_order_history><![CDATA[14118]]></id_order_history>
<id_order><![CDATA[3258]]></id_order>
<id_order_state><![CDATA[5]]></id_order_state>
<id_employee><![CDATA[20]]></id_employee>
<date_add><![CDATA[2019-09-27 09:14:06]]></date_add>
</order_history>
<order_history><id_order_history><![CDATA[14092]]></id_order_history>
<id_order><![CDATA[3259]]></id_order>
<id_order_state><![CDATA[20]]></id_order_state>
<id_employee><![CDATA[0]]></id_employee>
<date_add><![CDATA[2019-09-27 20:52:40]]></date_add>
</order_history>
<order_history><id_order_history><![CDATA[14093]]></id_order_history>
<id_order><![CDATA[3259]]></id_order>
<id_order_state><![CDATA[18]]></id_order_state>
<id_employee><![CDATA[0]]></id_employee>
<date_add><![CDATA[2019-09-27 20:52:40]]></date_add>
</order_history>
<order_history><id_order_history><![CDATA[14100]]></id_order_history>
<id_order><![CDATA[3259]]></id_order>
<id_order_state><![CDATA[3]]></id_order_state>
<id_employee><![CDATA[20]]></id_employee>
<date_add><![CDATA[2019-09-27 20:52:40]]></date_add>
</order_history>
<order_history><id_order_history><![CDATA[14111]]></id_order_history>
<id_order><![CDATA[3259]]></id_order>
<id_order_state><![CDATA[4]]></id_order_state>
<id_employee><![CDATA[20]]></id_employee>
<date_add><![CDATA[2019-09-27 20:52:40]]></date_add>
</order_history>
<order_history><id_order_history><![CDATA[14173]]></id_order_history>
<id_order><![CDATA[3259]]></id_order>
<id_order_state><![CDATA[5]]></id_order_state>
<id_employee><![CDATA[21]]></id_employee>
<date_add><![CDATA[2019-09-27 20:52:40]]></date_add>
</order_history>
<order_history><id_order_history><![CDATA[14094]]></id_order_history>
<id_order><![CDATA[3260]]></id_order>
<id_order_state><![CDATA[2]]></id_order_state>
<id_employee><![CDATA[0]]></id_employee>
<date_add><![CDATA[2019-09-28 10:44:47]]></date_add>
</order_history>
<order_history><id_order_history><![CDATA[14095]]></id_order_history>
<id_order><![CDATA[3260]]></id_order>
<id_order_state><![CDATA[18]]></id_order_state>
<id_employee><![CDATA[0]]></id_employee>
<date_add><![CDATA[2019-09-28 10:44:47]]></date_add>
</order_history>
<order_history><id_order_history><![CDATA[14101]]></id_order_history>
<id_order><![CDATA[3260]]></id_order>
<id_order_state><![CDATA[3]]></id_order_state>
<id_employee><![CDATA[20]]></id_employee>
<date_add><![CDATA[2019-09-28 10:44:47]]></date_add>
</order_history>
<order_history><id_order_history><![CDATA[14112]]></id_order_history>
<id_order><![CDATA[3260]]></id_order>
<id_order_state><![CDATA[4]]></id_order_state>
<id_employee><![CDATA[20]]></id_employee>
<date_add><![CDATA[2019-09-28 10:44:47]]></date_add>
</order_history>
<order_history><id_order_history><![CDATA[14151]]></id_order_history>
<id_order><![CDATA[3260]]></id_order>
<id_order_state><![CDATA[5]]></id_order_state>
<id_employee><![CDATA[20]]></id_employee>
<date_add><![CDATA[2019-09-28 10:44:47]]></date_add>
</order_history>
<order_history><id_order_history><![CDATA[14096]]></id_order_history>
<id_order><![CDATA[3261]]></id_order>
<id_order_state><![CDATA[20]]></id_order_state>
<id_employee><![CDATA[0]]></id_employee>
<date_add><![CDATA[2019-09-28 17:20:00]]></date_add>
</order_history>
<order_history><id_order_history><![CDATA[14097]]></id_order_history>
<id_order><![CDATA[3261]]></id_order>
<id_order_state><![CDATA[18]]></id_order_state>
<id_employee><![CDATA[0]]></id_employee>
<date_add><![CDATA[2019-09-28 17:20:00]]></date_add>
</order_history>
<order_history><id_order_history><![CDATA[14102]]></id_order_history>
<id_order><![CDATA[3261]]></id_order>
<id_order_state><![CDATA[3]]></id_order_state>
<id_employee><![CDATA[20]]></id_employee>
<date_add><![CDATA[2019-09-28 17:20:00]]></date_add>
</order_history>
<order_history><id_order_history><![CDATA[14113]]></id_order_history>
<id_order><![CDATA[3261]]></id_order>
<id_order_state><![CDATA[4]]></id_order_state>
<id_employee><![CDATA[20]]></id_employee>
<date_add><![CDATA[2019-09-28 17:20:00]]></date_add>
</order_history>
<order_history><id_order_history><![CDATA[14174]]></id_order_history>
<id_order><![CDATA[3261]]></id_order>
<id_order_state><![CDATA[5]]></id_order_state>
<id_employee><![CDATA[21]]></id_employee>
<date_add><![CDATA[2019-09-28 17:20:00]]></date_add>
</order_history>
<order_history><id_order_history><![CDATA[14098]]></id_order_history>
<id_order><![CDATA[3262]]></id_order>
<id_order_state><![CDATA[20]]></id_order_state>
<id_employee><![CDATA[0]]></id_employee>
<date_add><![CDATA[2019-09-29 16:57:01]]></date_add>
</order_history>
<order_history><id_order_history><![CDATA[14099]]></id_order_history>
<id_order><![CDATA[3262]]></id_order>
<id_order_state><![CDATA[18]]></id_order_state>
<id_employee><![CDATA[0]]></id_employee>
<date_add><![CDATA[2019-09-29 16:57:01]]></date_add>
</order_history>
<order_history><id_order_history><![CDATA[14103]]></id_order_history>
<id_order><![CDATA[3262]]></id_order>
<id_order_state><![CDATA[3]]></id_order_state>
<id_employee><![CDATA[20]]></id_employee>
<date_add><![CDATA[2019-09-29 16:57:01]]></date_add>
</order_history>
<order_history><id_order_history><![CDATA[14110]]></id_order_history>
<id_order><![CDATA[3262]]></id_order>
<id_order_state><![CDATA[4]]></id_order_state>
<id_employee><![CDATA[20]]></id_employee>
<date_add><![CDATA[2019-09-29 16:57:01]]></date_add>
</order_history>
<order_history><id_order_history><![CDATA[14138]]></id_order_history>
<id_order><![CDATA[3262]]></id_order>
<id_order_state><![CDATA[5]]></id_order_state>
<id_employee><![CDATA[20]]></id_employee>
<date_add><![CDATA[2019-09-29 16:57:01]]></date_add>
</order_history>
<order_history><id_order_history><![CDATA[14105]]></id_order_history>
<id_order><![CDATA[3263]]></id_order>
<id_order_state><![CDATA[20]]></id_order_state>
<id_employee><![CDATA[0]]></id_employee>
<date_add><![CDATA[2019-09-30 11:58:29]]></date_add>
</order_history>
<order_history><id_order_history><![CDATA[14106]]></id_order_history>
<id_order><![CDATA[3263]]></id_order>
<id_order_state><![CDATA[18]]></id_order_state>
<id_employee><![CDATA[0]]></id_employee>
<date_add><![CDATA[2019-09-30 11:58:29]]></date_add>
</order_history>
<order_history><id_order_history><![CDATA[14107]]></id_order_history>
<id_order><![CDATA[3263]]></id_order>
<id_order_state><![CDATA[3]]></id_order_state>
<id_employee><![CDATA[20]]></id_employee>
<date_add><![CDATA[2019-09-30 11:58:29]]></date_add>
</order_history>
<order_history><id_order_history><![CDATA[14114]]></id_order_history>
<id_order><![CDATA[3263]]></id_order>
<id_order_state><![CDATA[4]]></id_order_state>
<id_employee><![CDATA[20]]></id_employee>
<date_add><![CDATA[2019-09-30 11:58:29]]></date_add>
</order_history>
<order_history><id_order_history><![CDATA[14139]]></id_order_history>
<id_order><![CDATA[3263]]></id_order>
<id_order_state><![CDATA[5]]></id_order_state>
<id_employee><![CDATA[20]]></id_employee>
<date_add><![CDATA[2019-09-30 11:58:29]]></date_add>
</order_history>
<order_history><id_order_history><![CDATA[14108]]></id_order_history>
<id_order><![CDATA[3264]]></id_order>
<id_order_state><![CDATA[20]]></id_order_state>
<id_employee><![CDATA[0]]></id_employee>
<date_add><![CDATA[2019-09-30 17:41:18]]></date_add>
</order_history>
<order_history><id_order_history><![CDATA[14109]]></id_order_history>
<id_order><![CDATA[3264]]></id_order>
<id_order_state><![CDATA[18]]></id_order_state>
<id_employee><![CDATA[0]]></id_employee>
<date_add><![CDATA[2019-09-30 17:41:18]]></date_add>
</order_history>
<order_history><id_order_history><![CDATA[14115]]></id_order_history>
<id_order><![CDATA[3264]]></id_order>
<id_order_state><![CDATA[3]]></id_order_state>
<id_employee><![CDATA[20]]></id_employee>
<date_add><![CDATA[2019-09-30 17:41:18]]></date_add>
</order_history>
<order_history><id_order_history><![CDATA[14134]]></id_order_history>
<id_order><![CDATA[3264]]></id_order>
<id_order_state><![CDATA[4]]></id_order_state>
<id_employee><![CDATA[20]]></id_employee>
<date_add><![CDATA[2019-09-30 17:41:18]]></date_add>
</order_history>
<order_history><id_order_history><![CDATA[14147]]></id_order_history>
<id_order><![CDATA[3264]]></id_order>
<id_order_state><![CDATA[5]]></id_order_state>
<id_employee><![CDATA[20]]></id_employee>
<date_add><![CDATA[2019-09-30 17:41:18]]></date_add>
</order_history>
<order_history><id_order_history><![CDATA[14119]]></id_order_history>
<id_order><![CDATA[3265]]></id_order>
<id_order_state><![CDATA[2]]></id_order_state>
<id_employee><![CDATA[0]]></id_employee>
<date_add><![CDATA[2019-10-01 13:15:47]]></date_add>
</order_history>
<order_history><id_order_history><![CDATA[14120]]></id_order_history>
<id_order><![CDATA[3265]]></id_order>
<id_order_state><![CDATA[19]]></id_order_state>
<id_employee><![CDATA[0]]></id_employee>
<date_add><![CDATA[2019-10-01 13:15:47]]></date_add>
</order_history>
<order_history><id_order_history><![CDATA[14132]]></id_order_history>
<id_order><![CDATA[3265]]></id_order>
<id_order_state><![CDATA[18]]></id_order_state>
<id_employee><![CDATA[20]]></id_employee>
<date_add><![CDATA[2019-10-01 13:15:47]]></date_add>
</order_history>
<order_history><id_order_history><![CDATA[14135]]></id_order_history>
<id_order><![CDATA[3265]]></id_order>
<id_order_state><![CDATA[3]]></id_order_state>
<id_employee><![CDATA[20]]></id_employee>
<date_add><![CDATA[2019-10-01 13:15:47]]></date_add>
</order_history>
<order_history><id_order_history><![CDATA[14140]]></id_order_history>
<id_order><![CDATA[3265]]></id_order>
<id_order_state><![CDATA[4]]></id_order_state>
<id_employee><![CDATA[20]]></id_employee>
<date_add><![CDATA[2019-10-01 13:15:47]]></date_add>
</order_history>
<order_history><id_order_history><![CDATA[14175]]></id_order_history>
<id_order><![CDATA[3265]]></id_order>
<id_order_state><![CDATA[5]]></id_order_state>
<id_employee><![CDATA[21]]></id_employee>
<date_add><![CDATA[2019-10-01 13:15:47]]></date_add>
</order_history>
<order_history><id_order_history><![CDATA[14121]]></id_order_history>
<id_order><![CDATA[3266]]></id_order>
<id_order_state><![CDATA[2]]></id_order_state>
<id_employee><![CDATA[0]]></id_employee>
<date_add><![CDATA[2019-10-01 13:40:47]]></date_add>
</order_history>
<order_history><id_order_history><![CDATA[14122]]></id_order_history>
<id_order><![CDATA[3266]]></id_order>
<id_order_state><![CDATA[19]]></id_order_state>
<id_employee><![CDATA[0]]></id_employee>
<date_add><![CDATA[2019-10-01 13:40:47]]></date_add>
</order_history>
<order_history><id_order_history><![CDATA[14123]]></id_order_history>
<id_order><![CDATA[3266]]></id_order>
<id_order_state><![CDATA[2]]></id_order_state>
<id_employee><![CDATA[5]]></id_employee>
<date_add><![CDATA[2019-10-01 13:40:47]]></date_add>
</order_history>
<order_history><id_order_history><![CDATA[14124]]></id_order_history>
<id_order><![CDATA[3266]]></id_order>
<id_order_state><![CDATA[19]]></id_order_state>
<id_employee><![CDATA[5]]></id_employee>
<date_add><![CDATA[2019-10-01 13:40:47]]></date_add>
</order_history>
<order_history><id_order_history><![CDATA[14125]]></id_order_history>
<id_order><![CDATA[3266]]></id_order>
<id_order_state><![CDATA[2]]></id_order_state>
<id_employee><![CDATA[10]]></id_employee>
<date_add><![CDATA[2019-10-01 13:40:47]]></date_add>
</order_history>
<order_history><id_order_history><![CDATA[14126]]></id_order_history>
<id_order><![CDATA[3266]]></id_order>
<id_order_state><![CDATA[19]]></id_order_state>
<id_employee><![CDATA[10]]></id_employee>
<date_add><![CDATA[2019-10-01 13:40:47]]></date_add>
</order_history>
<order_history><id_order_history><![CDATA[14127]]></id_order_history>
<id_order><![CDATA[3266]]></id_order>
<id_order_state><![CDATA[20]]></id_order_state>
<id_employee><![CDATA[10]]></id_employee>
<date_add><![CDATA[2019-10-01 13:40:47]]></date_add>
</order_history>
<order_history><id_order_history><![CDATA[14128]]></id_order_history>
<id_order><![CDATA[3266]]></id_order>
<id_order_state><![CDATA[19]]></id_order_state>
<id_employee><![CDATA[10]]></id_employee>
<date_add><![CDATA[2019-10-01 13:40:47]]></date_add>
</order_history>
<order_history><id_order_history><![CDATA[14129]]></id_order_history>
<id_order><![CDATA[3266]]></id_order>
<id_order_state><![CDATA[2]]></id_order_state>
<id_employee><![CDATA[10]]></id_employee>
<date_add><![CDATA[2019-10-01 13:40:47]]></date_add>
</order_history>
<order_history><id_order_history><![CDATA[14130]]></id_order_history>
<id_order><![CDATA[3266]]></id_order>
<id_order_state><![CDATA[19]]></id_order_state>
<id_employee><![CDATA[10]]></id_employee>
<date_add><![CDATA[2019-10-01 13:40:47]]></date_add>
</order_history>
<order_history><id_order_history><![CDATA[14131]]></id_order_history>
<id_order><![CDATA[3266]]></id_order>
<id_order_state><![CDATA[2]]></id_order_state>
<id_employee><![CDATA[10]]></id_employee>
<date_add><![CDATA[2019-10-01 13:40:47]]></date_add>
</order_history>
<order_history><id_order_history><![CDATA[14133]]></id_order_history>
<id_order><![CDATA[3266]]></id_order>
<id_order_state><![CDATA[18]]></id_order_state>
<id_employee><![CDATA[20]]></id_employee>
<date_add><![CDATA[2019-10-01 13:40:47]]></date_add>
</order_history>
<order_history><id_order_history><![CDATA[14136]]></id_order_history>
<id_order><![CDATA[3266]]></id_order>
<id_order_state><![CDATA[3]]></id_order_state>
<id_employee><![CDATA[20]]></id_employee>
<date_add><![CDATA[2019-10-01 13:40:47]]></date_add>
</order_history>
<order_history><id_order_history><![CDATA[14141]]></id_order_history>
<id_order><![CDATA[3266]]></id_order>
<id_order_state><![CDATA[4]]></id_order_state>
<id_employee><![CDATA[20]]></id_employee>
<date_add><![CDATA[2019-10-01 13:40:47]]></date_add>
</order_history>
<order_history><id_order_history><![CDATA[14176]]></id_order_history>
<id_order><![CDATA[3266]]></id_order>
<id_order_state><![CDATA[5]]></id_order_state>
<id_employee><![CDATA[21]]></id_employee>
<date_add><![CDATA[2019-10-01 13:40:47]]></date_add>
</order_history>
<order_history><id_order_history><![CDATA[14144]]></id_order_history>
<id_order><![CDATA[3267]]></id_order>
<id_order_state><![CDATA[20]]></id_order_state>
<id_employee><![CDATA[0]]></id_employee>
<date_add><![CDATA[2019-10-02 20:56:32]]></date_add>
</order_history>
<order_history><id_order_history><![CDATA[14145]]></id_order_history>
<id_order><![CDATA[3267]]></id_order>
<id_order_state><![CDATA[19]]></id_order_state>
<id_employee><![CDATA[0]]></id_employee>
<date_add><![CDATA[2019-10-02 20:56:32]]></date_add>
</order_history>
<order_history><id_order_history><![CDATA[14146]]></id_order_history>
<id_order><![CDATA[3267]]></id_order>
<id_order_state><![CDATA[18]]></id_order_state>
<id_employee><![CDATA[20]]></id_employee>
<date_add><![CDATA[2019-10-02 20:56:32]]></date_add>
</order_history>
<order_history><id_order_history><![CDATA[14148]]></id_order_history>
<id_order><![CDATA[3267]]></id_order>
<id_order_state><![CDATA[3]]></id_order_state>
<id_employee><![CDATA[20]]></id_employee>
<date_add><![CDATA[2019-10-02 20:56:32]]></date_add>
</order_history>
<order_history><id_order_history><![CDATA[14149]]></id_order_history>
<id_order><![CDATA[3267]]></id_order>
<id_order_state><![CDATA[4]]></id_order_state>
<id_employee><![CDATA[20]]></id_employee>
<date_add><![CDATA[2019-10-02 20:56:32]]></date_add>
</order_history>
<order_history><id_order_history><![CDATA[14185]]></id_order_history>
<id_order><![CDATA[3267]]></id_order>
<id_order_state><![CDATA[5]]></id_order_state>
<id_employee><![CDATA[21]]></id_employee>
<date_add><![CDATA[2019-10-02 20:56:32]]></date_add>
</order_history>
<order_history><id_order_history><![CDATA[14152]]></id_order_history>
<id_order><![CDATA[3268]]></id_order>
<id_order_state><![CDATA[20]]></id_order_state>
<id_employee><![CDATA[0]]></id_employee>
<date_add><![CDATA[2019-10-04 10:35:55]]></date_add>
</order_history>
<order_history><id_order_history><![CDATA[14153]]></id_order_history>
<id_order><![CDATA[3268]]></id_order>
<id_order_state><![CDATA[18]]></id_order_state>
<id_employee><![CDATA[0]]></id_employee>
<date_add><![CDATA[2019-10-04 10:35:55]]></date_add>
</order_history>
<order_history><id_order_history><![CDATA[14157]]></id_order_history>
<id_order><![CDATA[3268]]></id_order>
<id_order_state><![CDATA[3]]></id_order_state>
<id_employee><![CDATA[20]]></id_employee>
<date_add><![CDATA[2019-10-04 10:35:55]]></date_add>
</order_history>
<order_history><id_order_history><![CDATA[14159]]></id_order_history>
<id_order><![CDATA[3268]]></id_order>
<id_order_state><![CDATA[4]]></id_order_state>
<id_employee><![CDATA[20]]></id_employee>
<date_add><![CDATA[2019-10-04 10:35:55]]></date_add>
</order_history>
<order_history><id_order_history><![CDATA[14186]]></id_order_history>
<id_order><![CDATA[3268]]></id_order>
<id_order_state><![CDATA[5]]></id_order_state>
<id_employee><![CDATA[21]]></id_employee>
<date_add><![CDATA[2019-10-04 10:35:55]]></date_add>
</order_history>
<order_history><id_order_history><![CDATA[14154]]></id_order_history>
<id_order><![CDATA[3269]]></id_order>
<id_order_state><![CDATA[2]]></id_order_state>
<id_employee><![CDATA[0]]></id_employee>
<date_add><![CDATA[2019-10-04 12:50:39]]></date_add>
</order_history>
<order_history><id_order_history><![CDATA[14155]]></id_order_history>
<id_order><![CDATA[3269]]></id_order>
<id_order_state><![CDATA[19]]></id_order_state>
<id_employee><![CDATA[0]]></id_employee>
<date_add><![CDATA[2019-10-04 12:50:39]]></date_add>
</order_history>
<order_history><id_order_history><![CDATA[14156]]></id_order_history>
<id_order><![CDATA[3269]]></id_order>
<id_order_state><![CDATA[18]]></id_order_state>
<id_employee><![CDATA[20]]></id_employee>
<date_add><![CDATA[2019-10-04 12:50:39]]></date_add>
</order_history>
<order_history><id_order_history><![CDATA[14158]]></id_order_history>
<id_order><![CDATA[3269]]></id_order>
<id_order_state><![CDATA[3]]></id_order_state>
<id_employee><![CDATA[20]]></id_employee>
<date_add><![CDATA[2019-10-04 12:50:39]]></date_add>
</order_history>
<order_history><id_order_history><![CDATA[14160]]></id_order_history>
<id_order><![CDATA[3269]]></id_order>
<id_order_state><![CDATA[4]]></id_order_state>
<id_employee><![CDATA[20]]></id_employee>
<date_add><![CDATA[2019-10-04 12:50:39]]></date_add>
</order_history>
<order_history><id_order_history><![CDATA[14195]]></id_order_history>
<id_order><![CDATA[3269]]></id_order>
<id_order_state><![CDATA[5]]></id_order_state>
<id_employee><![CDATA[21]]></id_employee>
<date_add><![CDATA[2019-10-04 12:50:39]]></date_add>
</order_history>
<order_history><id_order_history><![CDATA[14161]]></id_order_history>
<id_order><![CDATA[3270]]></id_order>
<id_order_state><![CDATA[20]]></id_order_state>
<id_employee><![CDATA[0]]></id_employee>
<date_add><![CDATA[2019-10-05 14:32:16]]></date_add>
</order_history>
<order_history><id_order_history><![CDATA[14162]]></id_order_history>
<id_order><![CDATA[3270]]></id_order>
<id_order_state><![CDATA[18]]></id_order_state>
<id_employee><![CDATA[0]]></id_employee>
<date_add><![CDATA[2019-10-05 14:32:16]]></date_add>
</order_history>
<order_history><id_order_history><![CDATA[14170]]></id_order_history>
<id_order><![CDATA[3270]]></id_order>
<id_order_state><![CDATA[3]]></id_order_state>
<id_employee><![CDATA[21]]></id_employee>
<date_add><![CDATA[2019-10-05 14:32:16]]></date_add>
</order_history>
<order_history><id_order_history><![CDATA[14180]]></id_order_history>
<id_order><![CDATA[3270]]></id_order>
<id_order_state><![CDATA[4]]></id_order_state>
<id_employee><![CDATA[21]]></id_employee>
<date_add><![CDATA[2019-10-05 14:32:16]]></date_add>
</order_history>
<order_history><id_order_history><![CDATA[14188]]></id_order_history>
<id_order><![CDATA[3270]]></id_order>
<id_order_state><![CDATA[5]]></id_order_state>
<id_employee><![CDATA[21]]></id_employee>
<date_add><![CDATA[2019-10-05 14:32:16]]></date_add>
</order_history>
<order_history><id_order_history><![CDATA[14163]]></id_order_history>
<id_order><![CDATA[3271]]></id_order>
<id_order_state><![CDATA[2]]></id_order_state>
<id_employee><![CDATA[0]]></id_employee>
<date_add><![CDATA[2019-10-06 19:08:46]]></date_add>
</order_history>
<order_history><id_order_history><![CDATA[14164]]></id_order_history>
<id_order><![CDATA[3271]]></id_order>
<id_order_state><![CDATA[18]]></id_order_state>
<id_employee><![CDATA[0]]></id_employee>
<date_add><![CDATA[2019-10-06 19:08:46]]></date_add>
</order_history>
<order_history><id_order_history><![CDATA[14169]]></id_order_history>
<id_order><![CDATA[3271]]></id_order>
<id_order_state><![CDATA[3]]></id_order_state>
<id_employee><![CDATA[21]]></id_employee>
<date_add><![CDATA[2019-10-06 19:08:46]]></date_add>
</order_history>
<order_history><id_order_history><![CDATA[14181]]></id_order_history>
<id_order><![CDATA[3271]]></id_order>
<id_order_state><![CDATA[4]]></id_order_state>
<id_employee><![CDATA[21]]></id_employee>
<date_add><![CDATA[2019-10-06 19:08:46]]></date_add>
</order_history>
<order_history><id_order_history><![CDATA[14198]]></id_order_history>
<id_order><![CDATA[3271]]></id_order>
<id_order_state><![CDATA[5]]></id_order_state>
<id_employee><![CDATA[21]]></id_employee>
<date_add><![CDATA[2019-10-06 19:08:46]]></date_add>
</order_history>
<order_history><id_order_history><![CDATA[14165]]></id_order_history>
<id_order><![CDATA[3272]]></id_order>
<id_order_state><![CDATA[20]]></id_order_state>
<id_employee><![CDATA[0]]></id_employee>
<date_add><![CDATA[2019-10-06 23:36:01]]></date_add>
</order_history>
<order_history><id_order_history><![CDATA[14166]]></id_order_history>
<id_order><![CDATA[3272]]></id_order>
<id_order_state><![CDATA[18]]></id_order_state>
<id_employee><![CDATA[0]]></id_employee>
<date_add><![CDATA[2019-10-06 23:36:01]]></date_add>
</order_history>
<order_history><id_order_history><![CDATA[14171]]></id_order_history>
<id_order><![CDATA[3272]]></id_order>
<id_order_state><![CDATA[3]]></id_order_state>
<id_employee><![CDATA[21]]></id_employee>
<date_add><![CDATA[2019-10-06 23:36:01]]></date_add>
</order_history>
<order_history><id_order_history><![CDATA[14182]]></id_order_history>
<id_order><![CDATA[3272]]></id_order>
<id_order_state><![CDATA[4]]></id_order_state>
<id_employee><![CDATA[21]]></id_employee>
<date_add><![CDATA[2019-10-06 23:36:01]]></date_add>
</order_history>
<order_history><id_order_history><![CDATA[14199]]></id_order_history>
<id_order><![CDATA[3272]]></id_order>
<id_order_state><![CDATA[5]]></id_order_state>
<id_employee><![CDATA[21]]></id_employee>
<date_add><![CDATA[2019-10-06 23:36:01]]></date_add>
</order_history>
<order_history><id_order_history><![CDATA[14167]]></id_order_history>
<id_order><![CDATA[3273]]></id_order>
<id_order_state><![CDATA[2]]></id_order_state>
<id_employee><![CDATA[0]]></id_employee>
<date_add><![CDATA[2019-10-07 21:52:33]]></date_add>
</order_history>
<order_history><id_order_history><![CDATA[14168]]></id_order_history>
<id_order><![CDATA[3273]]></id_order>
<id_order_state><![CDATA[18]]></id_order_state>
<id_employee><![CDATA[0]]></id_employee>
<date_add><![CDATA[2019-10-07 21:52:33]]></date_add>
</order_history>
<order_history><id_order_history><![CDATA[14172]]></id_order_history>
<id_order><![CDATA[3273]]></id_order>
<id_order_state><![CDATA[3]]></id_order_state>
<id_employee><![CDATA[21]]></id_employee>
<date_add><![CDATA[2019-10-07 21:52:33]]></date_add>
</order_history>
<order_history><id_order_history><![CDATA[14183]]></id_order_history>
<id_order><![CDATA[3273]]></id_order>
<id_order_state><![CDATA[4]]></id_order_state>
<id_employee><![CDATA[21]]></id_employee>
<date_add><![CDATA[2019-10-07 21:52:33]]></date_add>
</order_history>
<order_history><id_order_history><![CDATA[14187]]></id_order_history>
<id_order><![CDATA[3273]]></id_order>
<id_order_state><![CDATA[5]]></id_order_state>
<id_employee><![CDATA[21]]></id_employee>
<date_add><![CDATA[2019-10-07 21:52:33]]></date_add>
</order_history>
<order_history><id_order_history><![CDATA[14177]]></id_order_history>
<id_order><![CDATA[3274]]></id_order>
<id_order_state><![CDATA[20]]></id_order_state>
<id_employee><![CDATA[0]]></id_employee>
<date_add><![CDATA[2019-10-08 12:08:26]]></date_add>
</order_history>
<order_history><id_order_history><![CDATA[14178]]></id_order_history>
<id_order><![CDATA[3274]]></id_order>
<id_order_state><![CDATA[18]]></id_order_state>
<id_employee><![CDATA[21]]></id_employee>
<date_add><![CDATA[2019-10-08 12:08:26]]></date_add>
</order_history>
<order_history><id_order_history><![CDATA[14179]]></id_order_history>
<id_order><![CDATA[3274]]></id_order>
<id_order_state><![CDATA[3]]></id_order_state>
<id_employee><![CDATA[21]]></id_employee>
<date_add><![CDATA[2019-10-08 12:08:26]]></date_add>
</order_history>
<order_history><id_order_history><![CDATA[14184]]></id_order_history>
<id_order><![CDATA[3274]]></id_order>
<id_order_state><![CDATA[4]]></id_order_state>
<id_employee><![CDATA[21]]></id_employee>
<date_add><![CDATA[2019-10-08 12:08:26]]></date_add>
</order_history>
<order_history><id_order_history><![CDATA[14206]]></id_order_history>
<id_order><![CDATA[3274]]></id_order>
<id_order_state><![CDATA[5]]></id_order_state>
<id_employee><![CDATA[21]]></id_employee>
<date_add><![CDATA[2019-10-08 12:08:26]]></date_add>
</order_history>
<order_history><id_order_history><![CDATA[14189]]></id_order_history>
<id_order><![CDATA[3275]]></id_order>
<id_order_state><![CDATA[20]]></id_order_state>
<id_employee><![CDATA[0]]></id_employee>
<date_add><![CDATA[2019-10-10 14:46:40]]></date_add>
</order_history>
<order_history><id_order_history><![CDATA[14190]]></id_order_history>
<id_order><![CDATA[3275]]></id_order>
<id_order_state><![CDATA[18]]></id_order_state>
<id_employee><![CDATA[0]]></id_employee>
<date_add><![CDATA[2019-10-10 14:46:40]]></date_add>
</order_history>
<order_history><id_order_history><![CDATA[14191]]></id_order_history>
<id_order><![CDATA[3275]]></id_order>
<id_order_state><![CDATA[3]]></id_order_state>
<id_employee><![CDATA[21]]></id_employee>
<date_add><![CDATA[2019-10-10 14:46:40]]></date_add>
</order_history>
<order_history><id_order_history><![CDATA[14192]]></id_order_history>
<id_order><![CDATA[3275]]></id_order>
<id_order_state><![CDATA[4]]></id_order_state>
<id_employee><![CDATA[21]]></id_employee>
<date_add><![CDATA[2019-10-10 14:46:40]]></date_add>
</order_history>
<order_history><id_order_history><![CDATA[14213]]></id_order_history>
<id_order><![CDATA[3275]]></id_order>
<id_order_state><![CDATA[5]]></id_order_state>
<id_employee><![CDATA[21]]></id_employee>
<date_add><![CDATA[2019-10-10 14:46:40]]></date_add>
</order_history>
<order_history><id_order_history><![CDATA[14193]]></id_order_history>
<id_order><![CDATA[3276]]></id_order>
<id_order_state><![CDATA[2]]></id_order_state>
<id_employee><![CDATA[0]]></id_employee>
<date_add><![CDATA[2019-10-10 17:49:32]]></date_add>
</order_history>
<order_history><id_order_history><![CDATA[14194]]></id_order_history>
<id_order><![CDATA[3276]]></id_order>
<id_order_state><![CDATA[18]]></id_order_state>
<id_employee><![CDATA[0]]></id_employee>
<date_add><![CDATA[2019-10-10 17:49:32]]></date_add>
</order_history>
<order_history><id_order_history><![CDATA[14196]]></id_order_history>
<id_order><![CDATA[3276]]></id_order>
<id_order_state><![CDATA[3]]></id_order_state>
<id_employee><![CDATA[21]]></id_employee>
<date_add><![CDATA[2019-10-10 17:49:32]]></date_add>
</order_history>
<order_history><id_order_history><![CDATA[14197]]></id_order_history>
<id_order><![CDATA[3276]]></id_order>
<id_order_state><![CDATA[4]]></id_order_state>
<id_employee><![CDATA[21]]></id_employee>
<date_add><![CDATA[2019-10-10 17:49:32]]></date_add>
</order_history>
<order_history><id_order_history><![CDATA[14215]]></id_order_history>
<id_order><![CDATA[3276]]></id_order>
<id_order_state><![CDATA[5]]></id_order_state>
<id_employee><![CDATA[21]]></id_employee>
<date_add><![CDATA[2019-10-10 17:49:32]]></date_add>
</order_history>
<order_history><id_order_history><![CDATA[14200]]></id_order_history>
<id_order><![CDATA[3277]]></id_order>
<id_order_state><![CDATA[20]]></id_order_state>
<id_employee><![CDATA[0]]></id_employee>
<date_add><![CDATA[2019-10-13 11:51:49]]></date_add>
</order_history>
<order_history><id_order_history><![CDATA[14201]]></id_order_history>
<id_order><![CDATA[3277]]></id_order>
<id_order_state><![CDATA[18]]></id_order_state>
<id_employee><![CDATA[0]]></id_employee>
<date_add><![CDATA[2019-10-13 11:51:49]]></date_add>
</order_history>
<order_history><id_order_history><![CDATA[14202]]></id_order_history>
<id_order><![CDATA[3277]]></id_order>
<id_order_state><![CDATA[3]]></id_order_state>
<id_employee><![CDATA[21]]></id_employee>
<date_add><![CDATA[2019-10-13 11:51:49]]></date_add>
</order_history>
<order_history><id_order_history><![CDATA[14207]]></id_order_history>
<id_order><![CDATA[3277]]></id_order>
<id_order_state><![CDATA[4]]></id_order_state>
<id_employee><![CDATA[21]]></id_employee>
<date_add><![CDATA[2019-10-13 11:51:49]]></date_add>
</order_history>
<order_history><id_order_history><![CDATA[14214]]></id_order_history>
<id_order><![CDATA[3277]]></id_order>
<id_order_state><![CDATA[5]]></id_order_state>
<id_employee><![CDATA[21]]></id_employee>
<date_add><![CDATA[2019-10-13 11:51:49]]></date_add>
</order_history>
<order_history><id_order_history><![CDATA[14203]]></id_order_history>
<id_order><![CDATA[3278]]></id_order>
<id_order_state><![CDATA[2]]></id_order_state>
<id_employee><![CDATA[0]]></id_employee>
<date_add><![CDATA[2019-10-14 15:15:12]]></date_add>
</order_history>
<order_history><id_order_history><![CDATA[14204]]></id_order_history>
<id_order><![CDATA[3278]]></id_order>
<id_order_state><![CDATA[18]]></id_order_state>
<id_employee><![CDATA[0]]></id_employee>
<date_add><![CDATA[2019-10-14 15:15:12]]></date_add>
</order_history>
<order_history><id_order_history><![CDATA[14205]]></id_order_history>
<id_order><![CDATA[3278]]></id_order>
<id_order_state><![CDATA[3]]></id_order_state>
<id_employee><![CDATA[21]]></id_employee>
<date_add><![CDATA[2019-10-14 15:15:12]]></date_add>
</order_history>
<order_history><id_order_history><![CDATA[14211]]></id_order_history>
<id_order><![CDATA[3278]]></id_order>
<id_order_state><![CDATA[4]]></id_order_state>
<id_employee><![CDATA[21]]></id_employee>
<date_add><![CDATA[2019-10-14 15:15:12]]></date_add>
</order_history>
<order_history><id_order_history><![CDATA[14220]]></id_order_history>
<id_order><![CDATA[3278]]></id_order>
<id_order_state><![CDATA[5]]></id_order_state>
<id_employee><![CDATA[21]]></id_employee>
<date_add><![CDATA[2019-10-14 15:15:12]]></date_add>
</order_history>
<order_history><id_order_history><![CDATA[14208]]></id_order_history>
<id_order><![CDATA[3279]]></id_order>
<id_order_state><![CDATA[20]]></id_order_state>
<id_employee><![CDATA[0]]></id_employee>
<date_add><![CDATA[2019-10-14 20:22:37]]></date_add>
</order_history>
<order_history><id_order_history><![CDATA[14209]]></id_order_history>
<id_order><![CDATA[3279]]></id_order>
<id_order_state><![CDATA[18]]></id_order_state>
<id_employee><![CDATA[0]]></id_employee>
<date_add><![CDATA[2019-10-14 20:22:37]]></date_add>
</order_history>
<order_history><id_order_history><![CDATA[14210]]></id_order_history>
<id_order><![CDATA[3279]]></id_order>
<id_order_state><![CDATA[3]]></id_order_state>
<id_employee><![CDATA[21]]></id_employee>
<date_add><![CDATA[2019-10-14 20:22:37]]></date_add>
</order_history>
<order_history><id_order_history><![CDATA[14212]]></id_order_history>
<id_order><![CDATA[3279]]></id_order>
<id_order_state><![CDATA[4]]></id_order_state>
<id_employee><![CDATA[21]]></id_employee>
<date_add><![CDATA[2019-10-14 20:22:37]]></date_add>
</order_history>
<order_history><id_order_history><![CDATA[14227]]></id_order_history>
<id_order><![CDATA[3279]]></id_order>
<id_order_state><![CDATA[5]]></id_order_state>
<id_employee><![CDATA[21]]></id_employee>
<date_add><![CDATA[2019-10-14 20:22:37]]></date_add>
</order_history>
<order_history><id_order_history><![CDATA[14216]]></id_order_history>
<id_order><![CDATA[3280]]></id_order>
<id_order_state><![CDATA[2]]></id_order_state>
<id_employee><![CDATA[0]]></id_employee>
<date_add><![CDATA[2019-10-16 20:18:21]]></date_add>
</order_history>
<order_history><id_order_history><![CDATA[14217]]></id_order_history>
<id_order><![CDATA[3280]]></id_order>
<id_order_state><![CDATA[18]]></id_order_state>
<id_employee><![CDATA[0]]></id_employee>
<date_add><![CDATA[2019-10-16 20:18:21]]></date_add>
</order_history>
<order_history><id_order_history><![CDATA[14218]]></id_order_history>
<id_order><![CDATA[3280]]></id_order>
<id_order_state><![CDATA[3]]></id_order_state>
<id_employee><![CDATA[21]]></id_employee>
<date_add><![CDATA[2019-10-16 20:18:21]]></date_add>
</order_history>
<order_history><id_order_history><![CDATA[14219]]></id_order_history>
<id_order><![CDATA[3280]]></id_order>
<id_order_state><![CDATA[4]]></id_order_state>
<id_employee><![CDATA[21]]></id_employee>
<date_add><![CDATA[2019-10-16 20:18:21]]></date_add>
</order_history>
<order_history><id_order_history><![CDATA[14240]]></id_order_history>
<id_order><![CDATA[3280]]></id_order>
<id_order_state><![CDATA[5]]></id_order_state>
<id_employee><![CDATA[21]]></id_employee>
<date_add><![CDATA[2019-10-16 20:18:21]]></date_add>
</order_history>
<order_history><id_order_history><![CDATA[14221]]></id_order_history>
<id_order><![CDATA[3281]]></id_order>
<id_order_state><![CDATA[20]]></id_order_state>
<id_employee><![CDATA[0]]></id_employee>
<date_add><![CDATA[2019-10-20 12:27:32]]></date_add>
</order_history>
<order_history><id_order_history><![CDATA[14222]]></id_order_history>
<id_order><![CDATA[3281]]></id_order>
<id_order_state><![CDATA[18]]></id_order_state>
<id_employee><![CDATA[0]]></id_employee>
<date_add><![CDATA[2019-10-20 12:27:32]]></date_add>
</order_history>
<order_history><id_order_history><![CDATA[14223]]></id_order_history>
<id_order><![CDATA[3281]]></id_order>
<id_order_state><![CDATA[3]]></id_order_state>
<id_employee><![CDATA[21]]></id_employee>
<date_add><![CDATA[2019-10-20 12:27:32]]></date_add>
</order_history>
<order_history><id_order_history><![CDATA[14228]]></id_order_history>
<id_order><![CDATA[3281]]></id_order>
<id_order_state><![CDATA[4]]></id_order_state>
<id_employee><![CDATA[21]]></id_employee>
<date_add><![CDATA[2019-10-20 12:27:32]]></date_add>
</order_history>
<order_history><id_order_history><![CDATA[14265]]></id_order_history>
<id_order><![CDATA[3281]]></id_order>
<id_order_state><![CDATA[5]]></id_order_state>
<id_employee><![CDATA[21]]></id_employee>
<date_add><![CDATA[2019-10-20 12:27:32]]></date_add>
</order_history>
<order_history><id_order_history><![CDATA[14224]]></id_order_history>
<id_order><![CDATA[3282]]></id_order>
<id_order_state><![CDATA[2]]></id_order_state>
<id_employee><![CDATA[0]]></id_employee>
<date_add><![CDATA[2019-10-21 10:39:10]]></date_add>
</order_history>
<order_history><id_order_history><![CDATA[14225]]></id_order_history>
<id_order><![CDATA[3282]]></id_order>
<id_order_state><![CDATA[18]]></id_order_state>
<id_employee><![CDATA[0]]></id_employee>
<date_add><![CDATA[2019-10-21 10:39:10]]></date_add>
</order_history>
<order_history><id_order_history><![CDATA[14226]]></id_order_history>
<id_order><![CDATA[3282]]></id_order>
<id_order_state><![CDATA[3]]></id_order_state>
<id_employee><![CDATA[21]]></id_employee>
<date_add><![CDATA[2019-10-21 10:39:10]]></date_add>
</order_history>
<order_history><id_order_history><![CDATA[14229]]></id_order_history>
<id_order><![CDATA[3282]]></id_order>
<id_order_state><![CDATA[4]]></id_order_state>
<id_employee><![CDATA[21]]></id_employee>
<date_add><![CDATA[2019-10-21 10:39:10]]></date_add>
</order_history>
<order_history><id_order_history><![CDATA[14230]]></id_order_history>
<id_order><![CDATA[3282]]></id_order>
<id_order_state><![CDATA[5]]></id_order_state>
<id_employee><![CDATA[21]]></id_employee>
<date_add><![CDATA[2019-10-21 10:39:10]]></date_add>
</order_history>
<order_history><id_order_history><![CDATA[14231]]></id_order_history>
<id_order><![CDATA[3283]]></id_order>
<id_order_state><![CDATA[20]]></id_order_state>
<id_employee><![CDATA[0]]></id_employee>
<date_add><![CDATA[2019-10-22 18:43:35]]></date_add>
</order_history>
<order_history><id_order_history><![CDATA[14232]]></id_order_history>
<id_order><![CDATA[3283]]></id_order>
<id_order_state><![CDATA[18]]></id_order_state>
<id_employee><![CDATA[0]]></id_employee>
<date_add><![CDATA[2019-10-22 18:43:35]]></date_add>
</order_history>
<order_history><id_order_history><![CDATA[14235]]></id_order_history>
<id_order><![CDATA[3283]]></id_order>
<id_order_state><![CDATA[3]]></id_order_state>
<id_employee><![CDATA[21]]></id_employee>
<date_add><![CDATA[2019-10-22 18:43:35]]></date_add>
</order_history>
<order_history><id_order_history><![CDATA[14241]]></id_order_history>
<id_order><![CDATA[3283]]></id_order>
<id_order_state><![CDATA[4]]></id_order_state>
<id_employee><![CDATA[21]]></id_employee>
<date_add><![CDATA[2019-10-22 18:43:35]]></date_add>
</order_history>
<order_history><id_order_history><![CDATA[14283]]></id_order_history>
<id_order><![CDATA[3283]]></id_order>
<id_order_state><![CDATA[5]]></id_order_state>
<id_employee><![CDATA[21]]></id_employee>
<date_add><![CDATA[2019-10-22 18:43:35]]></date_add>
</order_history>
<order_history><id_order_history><![CDATA[14233]]></id_order_history>
<id_order><![CDATA[3284]]></id_order>
<id_order_state><![CDATA[20]]></id_order_state>
<id_employee><![CDATA[0]]></id_employee>
<date_add><![CDATA[2019-10-22 20:04:39]]></date_add>
</order_history>
<order_history><id_order_history><![CDATA[14234]]></id_order_history>
<id_order><![CDATA[3284]]></id_order>
<id_order_state><![CDATA[18]]></id_order_state>
<id_employee><![CDATA[0]]></id_employee>
<date_add><![CDATA[2019-10-22 20:04:39]]></date_add>
</order_history>
<order_history><id_order_history><![CDATA[14236]]></id_order_history>
<id_order><![CDATA[3284]]></id_order>
<id_order_state><![CDATA[3]]></id_order_state>
<id_employee><![CDATA[21]]></id_employee>
<date_add><![CDATA[2019-10-22 20:04:39]]></date_add>
</order_history>
<order_history><id_order_history><![CDATA[14242]]></id_order_history>
<id_order><![CDATA[3284]]></id_order>
<id_order_state><![CDATA[4]]></id_order_state>
<id_employee><![CDATA[21]]></id_employee>
<date_add><![CDATA[2019-10-22 20:04:39]]></date_add>
</order_history>
<order_history><id_order_history><![CDATA[14285]]></id_order_history>
<id_order><![CDATA[3284]]></id_order>
<id_order_state><![CDATA[5]]></id_order_state>
<id_employee><![CDATA[21]]></id_employee>
<date_add><![CDATA[2019-10-22 20:04:39]]></date_add>
</order_history>
<order_history><id_order_history><![CDATA[14237]]></id_order_history>
<id_order><![CDATA[3285]]></id_order>
<id_order_state><![CDATA[20]]></id_order_state>
<id_employee><![CDATA[0]]></id_employee>
<date_add><![CDATA[2019-10-23 10:33:59]]></date_add>
</order_history>
<order_history><id_order_history><![CDATA[14238]]></id_order_history>
<id_order><![CDATA[3285]]></id_order>
<id_order_state><![CDATA[18]]></id_order_state>
<id_employee><![CDATA[0]]></id_employee>
<date_add><![CDATA[2019-10-23 10:33:59]]></date_add>
</order_history>
<order_history><id_order_history><![CDATA[14239]]></id_order_history>
<id_order><![CDATA[3285]]></id_order>
<id_order_state><![CDATA[3]]></id_order_state>
<id_employee><![CDATA[21]]></id_employee>
<date_add><![CDATA[2019-10-23 10:33:59]]></date_add>
</order_history>
<order_history><id_order_history><![CDATA[14248]]></id_order_history>
<id_order><![CDATA[3285]]></id_order>
<id_order_state><![CDATA[4]]></id_order_state>
<id_employee><![CDATA[21]]></id_employee>
<date_add><![CDATA[2019-10-23 10:33:59]]></date_add>
</order_history>
<order_history><id_order_history><![CDATA[14266]]></id_order_history>
<id_order><![CDATA[3285]]></id_order>
<id_order_state><![CDATA[5]]></id_order_state>
<id_employee><![CDATA[21]]></id_employee>
<date_add><![CDATA[2019-10-23 10:33:59]]></date_add>
</order_history>
<order_history><id_order_history><![CDATA[14243]]></id_order_history>
<id_order><![CDATA[3286]]></id_order>
<id_order_state><![CDATA[20]]></id_order_state>
<id_employee><![CDATA[0]]></id_employee>
<date_add><![CDATA[2019-10-23 21:36:26]]></date_add>
</order_history>
<order_history><id_order_history><![CDATA[14244]]></id_order_history>
<id_order><![CDATA[3286]]></id_order>
<id_order_state><![CDATA[18]]></id_order_state>
<id_employee><![CDATA[0]]></id_employee>
<date_add><![CDATA[2019-10-23 21:36:26]]></date_add>
</order_history>
<order_history><id_order_history><![CDATA[14247]]></id_order_history>
<id_order><![CDATA[3286]]></id_order>
<id_order_state><![CDATA[3]]></id_order_state>
<id_employee><![CDATA[21]]></id_employee>
<date_add><![CDATA[2019-10-23 21:36:26]]></date_add>
</order_history>
<order_history><id_order_history><![CDATA[14249]]></id_order_history>
<id_order><![CDATA[3286]]></id_order>
<id_order_state><![CDATA[4]]></id_order_state>
<id_employee><![CDATA[21]]></id_employee>
<date_add><![CDATA[2019-10-23 21:36:26]]></date_add>
</order_history>
<order_history><id_order_history><![CDATA[14267]]></id_order_history>
<id_order><![CDATA[3286]]></id_order>
<id_order_state><![CDATA[5]]></id_order_state>
<id_employee><![CDATA[21]]></id_employee>
<date_add><![CDATA[2019-10-23 21:36:26]]></date_add>
</order_history>
<order_history><id_order_history><![CDATA[14245]]></id_order_history>
<id_order><![CDATA[3287]]></id_order>
<id_order_state><![CDATA[20]]></id_order_state>
<id_employee><![CDATA[0]]></id_employee>
<date_add><![CDATA[2019-10-24 14:27:56]]></date_add>
</order_history>
<order_history><id_order_history><![CDATA[14246]]></id_order_history>
<id_order><![CDATA[3287]]></id_order>
<id_order_state><![CDATA[3]]></id_order_state>
<id_employee><![CDATA[21]]></id_employee>
<date_add><![CDATA[2019-10-24 14:27:56]]></date_add>
</order_history>
<order_history><id_order_history><![CDATA[14250]]></id_order_history>
<id_order><![CDATA[3287]]></id_order>
<id_order_state><![CDATA[4]]></id_order_state>
<id_employee><![CDATA[21]]></id_employee>
<date_add><![CDATA[2019-10-24 14:27:56]]></date_add>
</order_history>
<order_history><id_order_history><![CDATA[14268]]></id_order_history>
<id_order><![CDATA[3287]]></id_order>
<id_order_state><![CDATA[5]]></id_order_state>
<id_employee><![CDATA[21]]></id_employee>
<date_add><![CDATA[2019-10-24 14:27:56]]></date_add>
</order_history>
<order_history><id_order_history><![CDATA[14251]]></id_order_history>
<id_order><![CDATA[3288]]></id_order>
<id_order_state><![CDATA[2]]></id_order_state>
<id_employee><![CDATA[0]]></id_employee>
<date_add><![CDATA[2019-10-24 23:36:46]]></date_add>
</order_history>
<order_history><id_order_history><![CDATA[14252]]></id_order_history>
<id_order><![CDATA[3288]]></id_order>
<id_order_state><![CDATA[18]]></id_order_state>
<id_employee><![CDATA[0]]></id_employee>
<date_add><![CDATA[2019-10-24 23:36:46]]></date_add>
</order_history>
<order_history><id_order_history><![CDATA[14253]]></id_order_history>
<id_order><![CDATA[3288]]></id_order>
<id_order_state><![CDATA[3]]></id_order_state>
<id_employee><![CDATA[21]]></id_employee>
<date_add><![CDATA[2019-10-24 23:36:46]]></date_add>
</order_history>
<order_history><id_order_history><![CDATA[14254]]></id_order_history>
<id_order><![CDATA[3288]]></id_order>
<id_order_state><![CDATA[4]]></id_order_state>
<id_employee><![CDATA[21]]></id_employee>
<date_add><![CDATA[2019-10-24 23:36:46]]></date_add>
</order_history>
<order_history><id_order_history><![CDATA[14282]]></id_order_history>
<id_order><![CDATA[3288]]></id_order>
<id_order_state><![CDATA[5]]></id_order_state>
<id_employee><![CDATA[21]]></id_employee>
<date_add><![CDATA[2019-10-24 23:36:46]]></date_add>
</order_history>
<order_history><id_order_history><![CDATA[14255]]></id_order_history>
<id_order><![CDATA[3289]]></id_order>
<id_order_state><![CDATA[2]]></id_order_state>
<id_employee><![CDATA[0]]></id_employee>
<date_add><![CDATA[2019-10-25 20:40:58]]></date_add>
</order_history>
<order_history><id_order_history><![CDATA[14256]]></id_order_history>
<id_order><![CDATA[3289]]></id_order>
<id_order_state><![CDATA[18]]></id_order_state>
<id_employee><![CDATA[0]]></id_employee>
<date_add><![CDATA[2019-10-25 20:40:58]]></date_add>
</order_history>
<order_history><id_order_history><![CDATA[14259]]></id_order_history>
<id_order><![CDATA[3289]]></id_order>
<id_order_state><![CDATA[3]]></id_order_state>
<id_employee><![CDATA[21]]></id_employee>
<date_add><![CDATA[2019-10-25 20:40:58]]></date_add>
</order_history>
<order_history><id_order_history><![CDATA[14274]]></id_order_history>
<id_order><![CDATA[3289]]></id_order>
<id_order_state><![CDATA[4]]></id_order_state>
<id_employee><![CDATA[21]]></id_employee>
<date_add><![CDATA[2019-10-25 20:40:58]]></date_add>
</order_history>
<order_history><id_order_history><![CDATA[14281]]></id_order_history>
<id_order><![CDATA[3289]]></id_order>
<id_order_state><![CDATA[5]]></id_order_state>
<id_employee><![CDATA[21]]></id_employee>
<date_add><![CDATA[2019-10-25 20:40:58]]></date_add>
</order_history>
<order_history><id_order_history><![CDATA[14257]]></id_order_history>
<id_order><![CDATA[3290]]></id_order>
<id_order_state><![CDATA[20]]></id_order_state>
<id_employee><![CDATA[0]]></id_employee>
<date_add><![CDATA[2019-10-27 16:26:54]]></date_add>
</order_history>
<order_history><id_order_history><![CDATA[14258]]></id_order_history>
<id_order><![CDATA[3290]]></id_order>
<id_order_state><![CDATA[18]]></id_order_state>
<id_employee><![CDATA[0]]></id_employee>
<date_add><![CDATA[2019-10-27 16:26:54]]></date_add>
</order_history>
<order_history><id_order_history><![CDATA[14260]]></id_order_history>
<id_order><![CDATA[3290]]></id_order>
<id_order_state><![CDATA[3]]></id_order_state>
<id_employee><![CDATA[21]]></id_employee>
<date_add><![CDATA[2019-10-27 16:26:54]]></date_add>
</order_history>
<order_history><id_order_history><![CDATA[14273]]></id_order_history>
<id_order><![CDATA[3290]]></id_order>
<id_order_state><![CDATA[4]]></id_order_state>
<id_employee><![CDATA[21]]></id_employee>
<date_add><![CDATA[2019-10-27 16:26:54]]></date_add>
</order_history>
<order_history><id_order_history><![CDATA[14296]]></id_order_history>
<id_order><![CDATA[3290]]></id_order>
<id_order_state><![CDATA[5]]></id_order_state>
<id_employee><![CDATA[21]]></id_employee>
<date_add><![CDATA[2019-10-27 16:26:54]]></date_add>
</order_history>
<order_history><id_order_history><![CDATA[14261]]></id_order_history>
<id_order><![CDATA[3291]]></id_order>
<id_order_state><![CDATA[8]]></id_order_state>
<id_employee><![CDATA[0]]></id_employee>
<date_add><![CDATA[2019-10-28 11:54:15]]></date_add>
</order_history>
<order_history><id_order_history><![CDATA[14262]]></id_order_history>
<id_order><![CDATA[3292]]></id_order>
<id_order_state><![CDATA[20]]></id_order_state>
<id_employee><![CDATA[0]]></id_employee>
<date_add><![CDATA[2019-10-28 12:07:33]]></date_add>
</order_history>
<order_history><id_order_history><![CDATA[14263]]></id_order_history>
<id_order><![CDATA[3292]]></id_order>
<id_order_state><![CDATA[18]]></id_order_state>
<id_employee><![CDATA[0]]></id_employee>
<date_add><![CDATA[2019-10-28 12:07:33]]></date_add>
</order_history>
<order_history><id_order_history><![CDATA[14264]]></id_order_history>
<id_order><![CDATA[3292]]></id_order>
<id_order_state><![CDATA[3]]></id_order_state>
<id_employee><![CDATA[21]]></id_employee>
<date_add><![CDATA[2019-10-28 12:07:33]]></date_add>
</order_history>
<order_history><id_order_history><![CDATA[14272]]></id_order_history>
<id_order><![CDATA[3292]]></id_order>
<id_order_state><![CDATA[4]]></id_order_state>
<id_employee><![CDATA[21]]></id_employee>
<date_add><![CDATA[2019-10-28 12:07:33]]></date_add>
</order_history>
<order_history><id_order_history><![CDATA[14280]]></id_order_history>
<id_order><![CDATA[3292]]></id_order>
<id_order_state><![CDATA[5]]></id_order_state>
<id_employee><![CDATA[21]]></id_employee>
<date_add><![CDATA[2019-10-28 12:07:33]]></date_add>
</order_history>
<order_history><id_order_history><![CDATA[14269]]></id_order_history>
<id_order><![CDATA[3293]]></id_order>
<id_order_state><![CDATA[20]]></id_order_state>
<id_employee><![CDATA[0]]></id_employee>
<date_add><![CDATA[2019-10-28 14:42:37]]></date_add>
</order_history>
<order_history><id_order_history><![CDATA[14270]]></id_order_history>
<id_order><![CDATA[3293]]></id_order>
<id_order_state><![CDATA[18]]></id_order_state>
<id_employee><![CDATA[0]]></id_employee>
<date_add><![CDATA[2019-10-28 14:42:37]]></date_add>
</order_history>
<order_history><id_order_history><![CDATA[14271]]></id_order_history>
<id_order><![CDATA[3293]]></id_order>
<id_order_state><![CDATA[3]]></id_order_state>
<id_employee><![CDATA[21]]></id_employee>
<date_add><![CDATA[2019-10-28 14:42:37]]></date_add>
</order_history>
<order_history><id_order_history><![CDATA[14279]]></id_order_history>
<id_order><![CDATA[3293]]></id_order>
<id_order_state><![CDATA[4]]></id_order_state>
<id_employee><![CDATA[21]]></id_employee>
<date_add><![CDATA[2019-10-28 14:42:37]]></date_add>
</order_history>
<order_history><id_order_history><![CDATA[14295]]></id_order_history>
<id_order><![CDATA[3293]]></id_order>
<id_order_state><![CDATA[5]]></id_order_state>
<id_employee><![CDATA[21]]></id_employee>
<date_add><![CDATA[2019-10-28 14:42:37]]></date_add>
</order_history>
<order_history><id_order_history><![CDATA[14275]]></id_order_history>
<id_order><![CDATA[3294]]></id_order>
<id_order_state><![CDATA[20]]></id_order_state>
<id_employee><![CDATA[0]]></id_employee>
<date_add><![CDATA[2019-10-28 21:44:54]]></date_add>
</order_history>
<order_history><id_order_history><![CDATA[14276]]></id_order_history>
<id_order><![CDATA[3294]]></id_order>
<id_order_state><![CDATA[18]]></id_order_state>
<id_employee><![CDATA[0]]></id_employee>
<date_add><![CDATA[2019-10-28 21:44:54]]></date_add>
</order_history>
<order_history><id_order_history><![CDATA[14277]]></id_order_history>
<id_order><![CDATA[3294]]></id_order>
<id_order_state><![CDATA[3]]></id_order_state>
<id_employee><![CDATA[21]]></id_employee>
<date_add><![CDATA[2019-10-28 21:44:54]]></date_add>
</order_history>
<order_history><id_order_history><![CDATA[14278]]></id_order_history>
<id_order><![CDATA[3294]]></id_order>
<id_order_state><![CDATA[4]]></id_order_state>
<id_employee><![CDATA[21]]></id_employee>
<date_add><![CDATA[2019-10-28 21:44:54]]></date_add>
</order_history>
<order_history><id_order_history><![CDATA[14284]]></id_order_history>
<id_order><![CDATA[3294]]></id_order>
<id_order_state><![CDATA[5]]></id_order_state>
<id_employee><![CDATA[21]]></id_employee>
<date_add><![CDATA[2019-10-28 21:44:54]]></date_add>
</order_history>
<order_history><id_order_history><![CDATA[14286]]></id_order_history>
<id_order><![CDATA[3295]]></id_order>
<id_order_state><![CDATA[20]]></id_order_state>
<id_employee><![CDATA[0]]></id_employee>
<date_add><![CDATA[2019-11-03 11:41:19]]></date_add>
</order_history>
<order_history><id_order_history><![CDATA[14287]]></id_order_history>
<id_order><![CDATA[3295]]></id_order>
<id_order_state><![CDATA[18]]></id_order_state>
<id_employee><![CDATA[0]]></id_employee>
<date_add><![CDATA[2019-11-03 11:41:19]]></date_add>
</order_history>
<order_history><id_order_history><![CDATA[14291]]></id_order_history>
<id_order><![CDATA[3295]]></id_order>
<id_order_state><![CDATA[3]]></id_order_state>
<id_employee><![CDATA[21]]></id_employee>
<date_add><![CDATA[2019-11-03 11:41:19]]></date_add>
</order_history>
<order_history><id_order_history><![CDATA[14297]]></id_order_history>
<id_order><![CDATA[3295]]></id_order>
<id_order_state><![CDATA[4]]></id_order_state>
<id_employee><![CDATA[21]]></id_employee>
<date_add><![CDATA[2019-11-03 11:41:19]]></date_add>
</order_history>
<order_history><id_order_history><![CDATA[14311]]></id_order_history>
<id_order><![CDATA[3295]]></id_order>
<id_order_state><![CDATA[5]]></id_order_state>
<id_employee><![CDATA[21]]></id_employee>
<date_add><![CDATA[2019-11-03 11:41:19]]></date_add>
</order_history>
<order_history><id_order_history><![CDATA[14288]]></id_order_history>
<id_order><![CDATA[3296]]></id_order>
<id_order_state><![CDATA[2]]></id_order_state>
<id_employee><![CDATA[0]]></id_employee>
<date_add><![CDATA[2019-11-03 17:02:21]]></date_add>
</order_history>
<order_history><id_order_history><![CDATA[14289]]></id_order_history>
<id_order><![CDATA[3296]]></id_order>
<id_order_state><![CDATA[18]]></id_order_state>
<id_employee><![CDATA[0]]></id_employee>
<date_add><![CDATA[2019-11-03 17:02:21]]></date_add>
</order_history>
<order_history><id_order_history><![CDATA[14290]]></id_order_history>
<id_order><![CDATA[3296]]></id_order>
<id_order_state><![CDATA[3]]></id_order_state>
<id_employee><![CDATA[21]]></id_employee>
<date_add><![CDATA[2019-11-03 17:02:21]]></date_add>
</order_history>
<order_history><id_order_history><![CDATA[14298]]></id_order_history>
<id_order><![CDATA[3296]]></id_order>
<id_order_state><![CDATA[4]]></id_order_state>
<id_employee><![CDATA[21]]></id_employee>
<date_add><![CDATA[2019-11-03 17:02:21]]></date_add>
</order_history>
<order_history><id_order_history><![CDATA[14310]]></id_order_history>
<id_order><![CDATA[3296]]></id_order>
<id_order_state><![CDATA[5]]></id_order_state>
<id_employee><![CDATA[21]]></id_employee>
<date_add><![CDATA[2019-11-03 17:02:21]]></date_add>
</order_history>
<order_history><id_order_history><![CDATA[14292]]></id_order_history>
<id_order><![CDATA[3297]]></id_order>
<id_order_state><![CDATA[2]]></id_order_state>
<id_employee><![CDATA[0]]></id_employee>
<date_add><![CDATA[2019-11-04 11:41:09]]></date_add>
</order_history>
<order_history><id_order_history><![CDATA[14293]]></id_order_history>
<id_order><![CDATA[3297]]></id_order>
<id_order_state><![CDATA[18]]></id_order_state>
<id_employee><![CDATA[0]]></id_employee>
<date_add><![CDATA[2019-11-04 11:41:09]]></date_add>
</order_history>
<order_history><id_order_history><![CDATA[14294]]></id_order_history>
<id_order><![CDATA[3297]]></id_order>
<id_order_state><![CDATA[3]]></id_order_state>
<id_employee><![CDATA[21]]></id_employee>
<date_add><![CDATA[2019-11-04 11:41:09]]></date_add>
</order_history>
<order_history><id_order_history><![CDATA[14299]]></id_order_history>
<id_order><![CDATA[3297]]></id_order>
<id_order_state><![CDATA[4]]></id_order_state>
<id_employee><![CDATA[21]]></id_employee>
<date_add><![CDATA[2019-11-04 11:41:09]]></date_add>
</order_history>
<order_history><id_order_history><![CDATA[14309]]></id_order_history>
<id_order><![CDATA[3297]]></id_order>
<id_order_state><![CDATA[5]]></id_order_state>
<id_employee><![CDATA[21]]></id_employee>
<date_add><![CDATA[2019-11-04 11:41:09]]></date_add>
</order_history>
<order_history><id_order_history><![CDATA[14300]]></id_order_history>
<id_order><![CDATA[3298]]></id_order>
<id_order_state><![CDATA[20]]></id_order_state>
<id_employee><![CDATA[0]]></id_employee>
<date_add><![CDATA[2019-11-07 15:46:18]]></date_add>
</order_history>
<order_history><id_order_history><![CDATA[14301]]></id_order_history>
<id_order><![CDATA[3298]]></id_order>
<id_order_state><![CDATA[18]]></id_order_state>
<id_employee><![CDATA[0]]></id_employee>
<date_add><![CDATA[2019-11-07 15:46:18]]></date_add>
</order_history>
<order_history><id_order_history><![CDATA[14302]]></id_order_history>
<id_order><![CDATA[3298]]></id_order>
<id_order_state><![CDATA[3]]></id_order_state>
<id_employee><![CDATA[21]]></id_employee>
<date_add><![CDATA[2019-11-07 15:46:18]]></date_add>
</order_history>
<order_history><id_order_history><![CDATA[14312]]></id_order_history>
<id_order><![CDATA[3298]]></id_order>
<id_order_state><![CDATA[4]]></id_order_state>
<id_employee><![CDATA[21]]></id_employee>
<date_add><![CDATA[2019-11-07 15:46:18]]></date_add>
</order_history>
<order_history><id_order_history><![CDATA[14303]]></id_order_history>
<id_order><![CDATA[3299]]></id_order>
<id_order_state><![CDATA[20]]></id_order_state>
<id_employee><![CDATA[0]]></id_employee>
<date_add><![CDATA[2019-11-07 21:09:50]]></date_add>
</order_history>
<order_history><id_order_history><![CDATA[14304]]></id_order_history>
<id_order><![CDATA[3299]]></id_order>
<id_order_state><![CDATA[18]]></id_order_state>
<id_employee><![CDATA[0]]></id_employee>
<date_add><![CDATA[2019-11-07 21:09:50]]></date_add>
</order_history>
<order_history><id_order_history><![CDATA[14305]]></id_order_history>
<id_order><![CDATA[3299]]></id_order>
<id_order_state><![CDATA[3]]></id_order_state>
<id_employee><![CDATA[21]]></id_employee>
<date_add><![CDATA[2019-11-07 21:09:50]]></date_add>
</order_history>
<order_history><id_order_history><![CDATA[14313]]></id_order_history>
<id_order><![CDATA[3299]]></id_order>
<id_order_state><![CDATA[4]]></id_order_state>
<id_employee><![CDATA[21]]></id_employee>
<date_add><![CDATA[2019-11-07 21:09:50]]></date_add>
</order_history>
<order_history><id_order_history><![CDATA[14306]]></id_order_history>
<id_order><![CDATA[3300]]></id_order>
<id_order_state><![CDATA[20]]></id_order_state>
<id_employee><![CDATA[0]]></id_employee>
<date_add><![CDATA[2019-11-08 12:48:33]]></date_add>
</order_history>
<order_history><id_order_history><![CDATA[14307]]></id_order_history>
<id_order><![CDATA[3300]]></id_order>
<id_order_state><![CDATA[18]]></id_order_state>
<id_employee><![CDATA[0]]></id_employee>
<date_add><![CDATA[2019-11-08 12:48:33]]></date_add>
</order_history>
<order_history><id_order_history><![CDATA[14308]]></id_order_history>
<id_order><![CDATA[3300]]></id_order>
<id_order_state><![CDATA[3]]></id_order_state>
<id_employee><![CDATA[21]]></id_employee>
<date_add><![CDATA[2019-11-08 12:48:33]]></date_add>
</order_history>
<order_history><id_order_history><![CDATA[14314]]></id_order_history>
<id_order><![CDATA[3300]]></id_order>
<id_order_state><![CDATA[4]]></id_order_state>
<id_employee><![CDATA[21]]></id_employee>
<date_add><![CDATA[2019-11-08 12:48:33]]></date_add>
</order_history>
<order_history><id_order_history><![CDATA[14323]]></id_order_history>
<id_order><![CDATA[3300]]></id_order>
<id_order_state><![CDATA[5]]></id_order_state>
<id_employee><![CDATA[21]]></id_employee>
<date_add><![CDATA[2019-11-08 12:48:33]]></date_add>
</order_history>
<order_history><id_order_history><![CDATA[14315]]></id_order_history>
<id_order><![CDATA[3301]]></id_order>
<id_order_state><![CDATA[2]]></id_order_state>
<id_employee><![CDATA[0]]></id_employee>
<date_add><![CDATA[2019-11-10 12:08:18]]></date_add>
</order_history>
<order_history><id_order_history><![CDATA[14316]]></id_order_history>
<id_order><![CDATA[3301]]></id_order>
<id_order_state><![CDATA[18]]></id_order_state>
<id_employee><![CDATA[0]]></id_employee>
<date_add><![CDATA[2019-11-10 12:08:18]]></date_add>
</order_history>
<order_history><id_order_history><![CDATA[14319]]></id_order_history>
<id_order><![CDATA[3301]]></id_order>
<id_order_state><![CDATA[3]]></id_order_state>
<id_employee><![CDATA[21]]></id_employee>
<date_add><![CDATA[2019-11-10 12:08:18]]></date_add>
</order_history>
<order_history><id_order_history><![CDATA[14320]]></id_order_history>
<id_order><![CDATA[3301]]></id_order>
<id_order_state><![CDATA[4]]></id_order_state>
<id_employee><![CDATA[21]]></id_employee>
<date_add><![CDATA[2019-11-10 12:08:18]]></date_add>
</order_history>
<order_history><id_order_history><![CDATA[14322]]></id_order_history>
<id_order><![CDATA[3301]]></id_order>
<id_order_state><![CDATA[5]]></id_order_state>
<id_employee><![CDATA[21]]></id_employee>
<date_add><![CDATA[2019-11-10 12:08:18]]></date_add>
</order_history>
<order_history><id_order_history><![CDATA[14317]]></id_order_history>
<id_order><![CDATA[3302]]></id_order>
<id_order_state><![CDATA[20]]></id_order_state>
<id_employee><![CDATA[0]]></id_employee>
<date_add><![CDATA[2019-11-10 15:33:39]]></date_add>
</order_history>
<order_history><id_order_history><![CDATA[14318]]></id_order_history>
<id_order><![CDATA[3302]]></id_order>
<id_order_state><![CDATA[18]]></id_order_state>
<id_employee><![CDATA[0]]></id_employee>
<date_add><![CDATA[2019-11-10 15:33:39]]></date_add>
</order_history>
<order_history><id_order_history><![CDATA[14321]]></id_order_history>
<id_order><![CDATA[3302]]></id_order>
<id_order_state><![CDATA[4]]></id_order_state>
<id_employee><![CDATA[21]]></id_employee>
<date_add><![CDATA[2019-11-10 15:33:39]]></date_add>
</order_history>
</entity_profile>
