<?xml version="1.0" encoding="UTF-8"?>
<entity_profile>
<order_slip><id_order_slip><![CDATA[1]]></id_order_slip>
<id_customer><![CDATA[6]]></id_customer>
<id_order><![CDATA[21]]></id_order>
<conversion_rate><![CDATA[1.000000]]></conversion_rate>
<total_products_tax_excl><![CDATA[4.960000]]></total_products_tax_excl>
<total_products_tax_incl><![CDATA[6.000000]]></total_products_tax_incl>
<total_shipping_tax_excl><![CDATA[4.500000]]></total_shipping_tax_excl>
<total_shipping_tax_incl><![CDATA[4.500000]]></total_shipping_tax_incl>
<amount><![CDATA[6.00]]></amount>
<shipping_cost><![CDATA[0]]></shipping_cost>
<shipping_cost_amount><![CDATA[0.00]]></shipping_cost_amount>
<partial><![CDATA[0]]></partial>
<date_add><![CDATA[2015-07-09 12:17:37]]></date_add>
<date_upd><![CDATA[2015-07-09 12:18:42]]></date_upd>
<order_slip_type><![CDATA[0]]></order_slip_type>
</order_slip>
<order_slip><id_order_slip><![CDATA[2]]></id_order_slip>
<id_customer><![CDATA[6]]></id_customer>
<id_order><![CDATA[22]]></id_order>
<conversion_rate><![CDATA[1.000000]]></conversion_rate>
<total_products_tax_excl><![CDATA[9.090000]]></total_products_tax_excl>
<total_products_tax_incl><![CDATA[11.000000]]></total_products_tax_incl>
<total_shipping_tax_excl><![CDATA[4.500000]]></total_shipping_tax_excl>
<total_shipping_tax_incl><![CDATA[4.500000]]></total_shipping_tax_incl>
<amount><![CDATA[11.00]]></amount>
<shipping_cost><![CDATA[0]]></shipping_cost>
<shipping_cost_amount><![CDATA[0.00]]></shipping_cost_amount>
<partial><![CDATA[0]]></partial>
<date_add><![CDATA[2015-07-10 09:44:16]]></date_add>
<date_upd><![CDATA[2015-07-10 09:59:17]]></date_upd>
<order_slip_type><![CDATA[0]]></order_slip_type>
</order_slip>
<order_slip><id_order_slip><![CDATA[3]]></id_order_slip>
<id_customer><![CDATA[12]]></id_customer>
<id_order><![CDATA[28]]></id_order>
<conversion_rate><![CDATA[1.000000]]></conversion_rate>
<total_products_tax_excl><![CDATA[0.000000]]></total_products_tax_excl>
<total_products_tax_incl><![CDATA[0.000000]]></total_products_tax_incl>
<total_shipping_tax_excl><![CDATA[4.500000]]></total_shipping_tax_excl>
<total_shipping_tax_incl><![CDATA[4.500000]]></total_shipping_tax_incl>
<amount><![CDATA[0.00]]></amount>
<shipping_cost><![CDATA[1]]></shipping_cost>
<shipping_cost_amount><![CDATA[19.46]]></shipping_cost_amount>
<partial><![CDATA[0]]></partial>
<date_add><![CDATA[2015-07-20 17:10:59]]></date_add>
<date_upd><![CDATA[2015-07-20 17:18:11]]></date_upd>
<order_slip_type><![CDATA[2]]></order_slip_type>
</order_slip>
<order_slip><id_order_slip><![CDATA[4]]></id_order_slip>
<id_customer><![CDATA[51]]></id_customer>
<id_order><![CDATA[60]]></id_order>
<conversion_rate><![CDATA[1.000000]]></conversion_rate>
<total_products_tax_excl><![CDATA[35.040000]]></total_products_tax_excl>
<total_products_tax_incl><![CDATA[42.400000]]></total_products_tax_incl>
<total_shipping_tax_excl><![CDATA[0.000000]]></total_shipping_tax_excl>
<total_shipping_tax_incl><![CDATA[0.000000]]></total_shipping_tax_incl>
<amount><![CDATA[42.40]]></amount>
<shipping_cost><![CDATA[0]]></shipping_cost>
<shipping_cost_amount><![CDATA[0.00]]></shipping_cost_amount>
<partial><![CDATA[0]]></partial>
<date_add><![CDATA[2015-08-17 18:45:07]]></date_add>
<date_upd><![CDATA[2015-08-19 12:22:30]]></date_upd>
<order_slip_type><![CDATA[0]]></order_slip_type>
</order_slip>
</entity_profile>
