<?xml version="1.0" encoding="UTF-8"?>
<entity_profile>
<order_invoice_payment><id_order_invoice><![CDATA[1501]]></id_order_invoice>
<id_order_payment><![CDATA[1502]]></id_order_payment>
<id_order><![CDATA[1585]]></id_order>
</order_invoice_payment>
<order_invoice_payment><id_order_invoice><![CDATA[1502]]></id_order_invoice>
<id_order_payment><![CDATA[1503]]></id_order_payment>
<id_order><![CDATA[1586]]></id_order>
</order_invoice_payment>
<order_invoice_payment><id_order_invoice><![CDATA[1503]]></id_order_invoice>
<id_order_payment><![CDATA[1504]]></id_order_payment>
<id_order><![CDATA[1587]]></id_order>
</order_invoice_payment>
<order_invoice_payment><id_order_invoice><![CDATA[1504]]></id_order_invoice>
<id_order_payment><![CDATA[1505]]></id_order_payment>
<id_order><![CDATA[1588]]></id_order>
</order_invoice_payment>
<order_invoice_payment><id_order_invoice><![CDATA[1505]]></id_order_invoice>
<id_order_payment><![CDATA[1506]]></id_order_payment>
<id_order><![CDATA[1589]]></id_order>
</order_invoice_payment>
<order_invoice_payment><id_order_invoice><![CDATA[1506]]></id_order_invoice>
<id_order_payment><![CDATA[1507]]></id_order_payment>
<id_order><![CDATA[1590]]></id_order>
</order_invoice_payment>
<order_invoice_payment><id_order_invoice><![CDATA[1507]]></id_order_invoice>
<id_order_payment><![CDATA[1508]]></id_order_payment>
<id_order><![CDATA[1591]]></id_order>
</order_invoice_payment>
<order_invoice_payment><id_order_invoice><![CDATA[1508]]></id_order_invoice>
<id_order_payment><![CDATA[1509]]></id_order_payment>
<id_order><![CDATA[1592]]></id_order>
</order_invoice_payment>
<order_invoice_payment><id_order_invoice><![CDATA[1509]]></id_order_invoice>
<id_order_payment><![CDATA[1510]]></id_order_payment>
<id_order><![CDATA[1593]]></id_order>
</order_invoice_payment>
<order_invoice_payment><id_order_invoice><![CDATA[1510]]></id_order_invoice>
<id_order_payment><![CDATA[1511]]></id_order_payment>
<id_order><![CDATA[1594]]></id_order>
</order_invoice_payment>
<order_invoice_payment><id_order_invoice><![CDATA[1511]]></id_order_invoice>
<id_order_payment><![CDATA[1512]]></id_order_payment>
<id_order><![CDATA[1595]]></id_order>
</order_invoice_payment>
<order_invoice_payment><id_order_invoice><![CDATA[1512]]></id_order_invoice>
<id_order_payment><![CDATA[1513]]></id_order_payment>
<id_order><![CDATA[1596]]></id_order>
</order_invoice_payment>
<order_invoice_payment><id_order_invoice><![CDATA[1513]]></id_order_invoice>
<id_order_payment><![CDATA[1514]]></id_order_payment>
<id_order><![CDATA[1597]]></id_order>
</order_invoice_payment>
<order_invoice_payment><id_order_invoice><![CDATA[1514]]></id_order_invoice>
<id_order_payment><![CDATA[1515]]></id_order_payment>
<id_order><![CDATA[1598]]></id_order>
</order_invoice_payment>
<order_invoice_payment><id_order_invoice><![CDATA[1515]]></id_order_invoice>
<id_order_payment><![CDATA[1516]]></id_order_payment>
<id_order><![CDATA[1599]]></id_order>
</order_invoice_payment>
<order_invoice_payment><id_order_invoice><![CDATA[1516]]></id_order_invoice>
<id_order_payment><![CDATA[1517]]></id_order_payment>
<id_order><![CDATA[1600]]></id_order>
</order_invoice_payment>
<order_invoice_payment><id_order_invoice><![CDATA[1517]]></id_order_invoice>
<id_order_payment><![CDATA[1518]]></id_order_payment>
<id_order><![CDATA[1601]]></id_order>
</order_invoice_payment>
<order_invoice_payment><id_order_invoice><![CDATA[1518]]></id_order_invoice>
<id_order_payment><![CDATA[1519]]></id_order_payment>
<id_order><![CDATA[1602]]></id_order>
</order_invoice_payment>
<order_invoice_payment><id_order_invoice><![CDATA[1519]]></id_order_invoice>
<id_order_payment><![CDATA[1520]]></id_order_payment>
<id_order><![CDATA[1603]]></id_order>
</order_invoice_payment>
<order_invoice_payment><id_order_invoice><![CDATA[1520]]></id_order_invoice>
<id_order_payment><![CDATA[1521]]></id_order_payment>
<id_order><![CDATA[1604]]></id_order>
</order_invoice_payment>
<order_invoice_payment><id_order_invoice><![CDATA[1521]]></id_order_invoice>
<id_order_payment><![CDATA[1522]]></id_order_payment>
<id_order><![CDATA[1605]]></id_order>
</order_invoice_payment>
<order_invoice_payment><id_order_invoice><![CDATA[1522]]></id_order_invoice>
<id_order_payment><![CDATA[1523]]></id_order_payment>
<id_order><![CDATA[1606]]></id_order>
</order_invoice_payment>
<order_invoice_payment><id_order_invoice><![CDATA[1523]]></id_order_invoice>
<id_order_payment><![CDATA[1524]]></id_order_payment>
<id_order><![CDATA[1607]]></id_order>
</order_invoice_payment>
<order_invoice_payment><id_order_invoice><![CDATA[1524]]></id_order_invoice>
<id_order_payment><![CDATA[1525]]></id_order_payment>
<id_order><![CDATA[1608]]></id_order>
</order_invoice_payment>
<order_invoice_payment><id_order_invoice><![CDATA[1525]]></id_order_invoice>
<id_order_payment><![CDATA[1526]]></id_order_payment>
<id_order><![CDATA[1609]]></id_order>
</order_invoice_payment>
<order_invoice_payment><id_order_invoice><![CDATA[1526]]></id_order_invoice>
<id_order_payment><![CDATA[1527]]></id_order_payment>
<id_order><![CDATA[1610]]></id_order>
</order_invoice_payment>
<order_invoice_payment><id_order_invoice><![CDATA[1527]]></id_order_invoice>
<id_order_payment><![CDATA[1528]]></id_order_payment>
<id_order><![CDATA[1611]]></id_order>
</order_invoice_payment>
<order_invoice_payment><id_order_invoice><![CDATA[1528]]></id_order_invoice>
<id_order_payment><![CDATA[1529]]></id_order_payment>
<id_order><![CDATA[1612]]></id_order>
</order_invoice_payment>
<order_invoice_payment><id_order_invoice><![CDATA[1529]]></id_order_invoice>
<id_order_payment><![CDATA[1530]]></id_order_payment>
<id_order><![CDATA[1613]]></id_order>
</order_invoice_payment>
<order_invoice_payment><id_order_invoice><![CDATA[1530]]></id_order_invoice>
<id_order_payment><![CDATA[1531]]></id_order_payment>
<id_order><![CDATA[1614]]></id_order>
</order_invoice_payment>
<order_invoice_payment><id_order_invoice><![CDATA[1531]]></id_order_invoice>
<id_order_payment><![CDATA[1532]]></id_order_payment>
<id_order><![CDATA[1615]]></id_order>
</order_invoice_payment>
<order_invoice_payment><id_order_invoice><![CDATA[1532]]></id_order_invoice>
<id_order_payment><![CDATA[1533]]></id_order_payment>
<id_order><![CDATA[1616]]></id_order>
</order_invoice_payment>
<order_invoice_payment><id_order_invoice><![CDATA[1533]]></id_order_invoice>
<id_order_payment><![CDATA[1534]]></id_order_payment>
<id_order><![CDATA[1617]]></id_order>
</order_invoice_payment>
<order_invoice_payment><id_order_invoice><![CDATA[1534]]></id_order_invoice>
<id_order_payment><![CDATA[1535]]></id_order_payment>
<id_order><![CDATA[1618]]></id_order>
</order_invoice_payment>
<order_invoice_payment><id_order_invoice><![CDATA[1535]]></id_order_invoice>
<id_order_payment><![CDATA[1536]]></id_order_payment>
<id_order><![CDATA[1619]]></id_order>
</order_invoice_payment>
<order_invoice_payment><id_order_invoice><![CDATA[1536]]></id_order_invoice>
<id_order_payment><![CDATA[1537]]></id_order_payment>
<id_order><![CDATA[1620]]></id_order>
</order_invoice_payment>
<order_invoice_payment><id_order_invoice><![CDATA[1537]]></id_order_invoice>
<id_order_payment><![CDATA[1538]]></id_order_payment>
<id_order><![CDATA[1621]]></id_order>
</order_invoice_payment>
<order_invoice_payment><id_order_invoice><![CDATA[1538]]></id_order_invoice>
<id_order_payment><![CDATA[1539]]></id_order_payment>
<id_order><![CDATA[1622]]></id_order>
</order_invoice_payment>
<order_invoice_payment><id_order_invoice><![CDATA[1539]]></id_order_invoice>
<id_order_payment><![CDATA[1540]]></id_order_payment>
<id_order><![CDATA[1623]]></id_order>
</order_invoice_payment>
<order_invoice_payment><id_order_invoice><![CDATA[1540]]></id_order_invoice>
<id_order_payment><![CDATA[1541]]></id_order_payment>
<id_order><![CDATA[1624]]></id_order>
</order_invoice_payment>
<order_invoice_payment><id_order_invoice><![CDATA[1541]]></id_order_invoice>
<id_order_payment><![CDATA[1542]]></id_order_payment>
<id_order><![CDATA[1625]]></id_order>
</order_invoice_payment>
<order_invoice_payment><id_order_invoice><![CDATA[1542]]></id_order_invoice>
<id_order_payment><![CDATA[1543]]></id_order_payment>
<id_order><![CDATA[1626]]></id_order>
</order_invoice_payment>
<order_invoice_payment><id_order_invoice><![CDATA[1543]]></id_order_invoice>
<id_order_payment><![CDATA[1544]]></id_order_payment>
<id_order><![CDATA[1627]]></id_order>
</order_invoice_payment>
<order_invoice_payment><id_order_invoice><![CDATA[1544]]></id_order_invoice>
<id_order_payment><![CDATA[1545]]></id_order_payment>
<id_order><![CDATA[1628]]></id_order>
</order_invoice_payment>
<order_invoice_payment><id_order_invoice><![CDATA[1545]]></id_order_invoice>
<id_order_payment><![CDATA[1546]]></id_order_payment>
<id_order><![CDATA[1629]]></id_order>
</order_invoice_payment>
<order_invoice_payment><id_order_invoice><![CDATA[1546]]></id_order_invoice>
<id_order_payment><![CDATA[1547]]></id_order_payment>
<id_order><![CDATA[1630]]></id_order>
</order_invoice_payment>
<order_invoice_payment><id_order_invoice><![CDATA[1547]]></id_order_invoice>
<id_order_payment><![CDATA[1548]]></id_order_payment>
<id_order><![CDATA[1631]]></id_order>
</order_invoice_payment>
<order_invoice_payment><id_order_invoice><![CDATA[1548]]></id_order_invoice>
<id_order_payment><![CDATA[1549]]></id_order_payment>
<id_order><![CDATA[1632]]></id_order>
</order_invoice_payment>
<order_invoice_payment><id_order_invoice><![CDATA[1549]]></id_order_invoice>
<id_order_payment><![CDATA[1550]]></id_order_payment>
<id_order><![CDATA[1633]]></id_order>
</order_invoice_payment>
<order_invoice_payment><id_order_invoice><![CDATA[1550]]></id_order_invoice>
<id_order_payment><![CDATA[1551]]></id_order_payment>
<id_order><![CDATA[1634]]></id_order>
</order_invoice_payment>
<order_invoice_payment><id_order_invoice><![CDATA[1551]]></id_order_invoice>
<id_order_payment><![CDATA[1552]]></id_order_payment>
<id_order><![CDATA[1635]]></id_order>
</order_invoice_payment>
<order_invoice_payment><id_order_invoice><![CDATA[1552]]></id_order_invoice>
<id_order_payment><![CDATA[1553]]></id_order_payment>
<id_order><![CDATA[1636]]></id_order>
</order_invoice_payment>
<order_invoice_payment><id_order_invoice><![CDATA[1553]]></id_order_invoice>
<id_order_payment><![CDATA[1554]]></id_order_payment>
<id_order><![CDATA[1637]]></id_order>
</order_invoice_payment>
<order_invoice_payment><id_order_invoice><![CDATA[1554]]></id_order_invoice>
<id_order_payment><![CDATA[1555]]></id_order_payment>
<id_order><![CDATA[1638]]></id_order>
</order_invoice_payment>
<order_invoice_payment><id_order_invoice><![CDATA[1555]]></id_order_invoice>
<id_order_payment><![CDATA[1556]]></id_order_payment>
<id_order><![CDATA[1639]]></id_order>
</order_invoice_payment>
<order_invoice_payment><id_order_invoice><![CDATA[1556]]></id_order_invoice>
<id_order_payment><![CDATA[1557]]></id_order_payment>
<id_order><![CDATA[1640]]></id_order>
</order_invoice_payment>
<order_invoice_payment><id_order_invoice><![CDATA[1557]]></id_order_invoice>
<id_order_payment><![CDATA[1558]]></id_order_payment>
<id_order><![CDATA[1641]]></id_order>
</order_invoice_payment>
<order_invoice_payment><id_order_invoice><![CDATA[1558]]></id_order_invoice>
<id_order_payment><![CDATA[1559]]></id_order_payment>
<id_order><![CDATA[1642]]></id_order>
</order_invoice_payment>
<order_invoice_payment><id_order_invoice><![CDATA[1559]]></id_order_invoice>
<id_order_payment><![CDATA[1560]]></id_order_payment>
<id_order><![CDATA[1643]]></id_order>
</order_invoice_payment>
<order_invoice_payment><id_order_invoice><![CDATA[1560]]></id_order_invoice>
<id_order_payment><![CDATA[1561]]></id_order_payment>
<id_order><![CDATA[1644]]></id_order>
</order_invoice_payment>
<order_invoice_payment><id_order_invoice><![CDATA[1561]]></id_order_invoice>
<id_order_payment><![CDATA[1562]]></id_order_payment>
<id_order><![CDATA[1645]]></id_order>
</order_invoice_payment>
<order_invoice_payment><id_order_invoice><![CDATA[1562]]></id_order_invoice>
<id_order_payment><![CDATA[1563]]></id_order_payment>
<id_order><![CDATA[1646]]></id_order>
</order_invoice_payment>
<order_invoice_payment><id_order_invoice><![CDATA[1563]]></id_order_invoice>
<id_order_payment><![CDATA[1564]]></id_order_payment>
<id_order><![CDATA[1647]]></id_order>
</order_invoice_payment>
<order_invoice_payment><id_order_invoice><![CDATA[1564]]></id_order_invoice>
<id_order_payment><![CDATA[1565]]></id_order_payment>
<id_order><![CDATA[1648]]></id_order>
</order_invoice_payment>
<order_invoice_payment><id_order_invoice><![CDATA[1565]]></id_order_invoice>
<id_order_payment><![CDATA[1566]]></id_order_payment>
<id_order><![CDATA[1649]]></id_order>
</order_invoice_payment>
<order_invoice_payment><id_order_invoice><![CDATA[1566]]></id_order_invoice>
<id_order_payment><![CDATA[1567]]></id_order_payment>
<id_order><![CDATA[1650]]></id_order>
</order_invoice_payment>
<order_invoice_payment><id_order_invoice><![CDATA[1567]]></id_order_invoice>
<id_order_payment><![CDATA[1568]]></id_order_payment>
<id_order><![CDATA[1651]]></id_order>
</order_invoice_payment>
<order_invoice_payment><id_order_invoice><![CDATA[1568]]></id_order_invoice>
<id_order_payment><![CDATA[1569]]></id_order_payment>
<id_order><![CDATA[1652]]></id_order>
</order_invoice_payment>
<order_invoice_payment><id_order_invoice><![CDATA[1569]]></id_order_invoice>
<id_order_payment><![CDATA[1570]]></id_order_payment>
<id_order><![CDATA[1653]]></id_order>
</order_invoice_payment>
<order_invoice_payment><id_order_invoice><![CDATA[1570]]></id_order_invoice>
<id_order_payment><![CDATA[1571]]></id_order_payment>
<id_order><![CDATA[1654]]></id_order>
</order_invoice_payment>
<order_invoice_payment><id_order_invoice><![CDATA[1571]]></id_order_invoice>
<id_order_payment><![CDATA[1572]]></id_order_payment>
<id_order><![CDATA[1655]]></id_order>
</order_invoice_payment>
<order_invoice_payment><id_order_invoice><![CDATA[1572]]></id_order_invoice>
<id_order_payment><![CDATA[1573]]></id_order_payment>
<id_order><![CDATA[1656]]></id_order>
</order_invoice_payment>
<order_invoice_payment><id_order_invoice><![CDATA[1573]]></id_order_invoice>
<id_order_payment><![CDATA[1574]]></id_order_payment>
<id_order><![CDATA[1657]]></id_order>
</order_invoice_payment>
<order_invoice_payment><id_order_invoice><![CDATA[1574]]></id_order_invoice>
<id_order_payment><![CDATA[1575]]></id_order_payment>
<id_order><![CDATA[1658]]></id_order>
</order_invoice_payment>
<order_invoice_payment><id_order_invoice><![CDATA[1575]]></id_order_invoice>
<id_order_payment><![CDATA[1576]]></id_order_payment>
<id_order><![CDATA[1659]]></id_order>
</order_invoice_payment>
<order_invoice_payment><id_order_invoice><![CDATA[1576]]></id_order_invoice>
<id_order_payment><![CDATA[1577]]></id_order_payment>
<id_order><![CDATA[1660]]></id_order>
</order_invoice_payment>
<order_invoice_payment><id_order_invoice><![CDATA[1577]]></id_order_invoice>
<id_order_payment><![CDATA[1578]]></id_order_payment>
<id_order><![CDATA[1661]]></id_order>
</order_invoice_payment>
<order_invoice_payment><id_order_invoice><![CDATA[1578]]></id_order_invoice>
<id_order_payment><![CDATA[1579]]></id_order_payment>
<id_order><![CDATA[1662]]></id_order>
</order_invoice_payment>
<order_invoice_payment><id_order_invoice><![CDATA[1579]]></id_order_invoice>
<id_order_payment><![CDATA[1580]]></id_order_payment>
<id_order><![CDATA[1663]]></id_order>
</order_invoice_payment>
<order_invoice_payment><id_order_invoice><![CDATA[1580]]></id_order_invoice>
<id_order_payment><![CDATA[1581]]></id_order_payment>
<id_order><![CDATA[1664]]></id_order>
</order_invoice_payment>
<order_invoice_payment><id_order_invoice><![CDATA[1581]]></id_order_invoice>
<id_order_payment><![CDATA[1582]]></id_order_payment>
<id_order><![CDATA[1665]]></id_order>
</order_invoice_payment>
<order_invoice_payment><id_order_invoice><![CDATA[1582]]></id_order_invoice>
<id_order_payment><![CDATA[1583]]></id_order_payment>
<id_order><![CDATA[1666]]></id_order>
</order_invoice_payment>
<order_invoice_payment><id_order_invoice><![CDATA[1583]]></id_order_invoice>
<id_order_payment><![CDATA[1584]]></id_order_payment>
<id_order><![CDATA[1667]]></id_order>
</order_invoice_payment>
<order_invoice_payment><id_order_invoice><![CDATA[1584]]></id_order_invoice>
<id_order_payment><![CDATA[1585]]></id_order_payment>
<id_order><![CDATA[1668]]></id_order>
</order_invoice_payment>
<order_invoice_payment><id_order_invoice><![CDATA[1585]]></id_order_invoice>
<id_order_payment><![CDATA[1586]]></id_order_payment>
<id_order><![CDATA[1669]]></id_order>
</order_invoice_payment>
<order_invoice_payment><id_order_invoice><![CDATA[1586]]></id_order_invoice>
<id_order_payment><![CDATA[1587]]></id_order_payment>
<id_order><![CDATA[1670]]></id_order>
</order_invoice_payment>
<order_invoice_payment><id_order_invoice><![CDATA[1587]]></id_order_invoice>
<id_order_payment><![CDATA[1588]]></id_order_payment>
<id_order><![CDATA[1671]]></id_order>
</order_invoice_payment>
<order_invoice_payment><id_order_invoice><![CDATA[1588]]></id_order_invoice>
<id_order_payment><![CDATA[1589]]></id_order_payment>
<id_order><![CDATA[1672]]></id_order>
</order_invoice_payment>
<order_invoice_payment><id_order_invoice><![CDATA[1589]]></id_order_invoice>
<id_order_payment><![CDATA[1590]]></id_order_payment>
<id_order><![CDATA[1673]]></id_order>
</order_invoice_payment>
<order_invoice_payment><id_order_invoice><![CDATA[1590]]></id_order_invoice>
<id_order_payment><![CDATA[1591]]></id_order_payment>
<id_order><![CDATA[1674]]></id_order>
</order_invoice_payment>
<order_invoice_payment><id_order_invoice><![CDATA[1591]]></id_order_invoice>
<id_order_payment><![CDATA[1592]]></id_order_payment>
<id_order><![CDATA[1675]]></id_order>
</order_invoice_payment>
<order_invoice_payment><id_order_invoice><![CDATA[1592]]></id_order_invoice>
<id_order_payment><![CDATA[1593]]></id_order_payment>
<id_order><![CDATA[1676]]></id_order>
</order_invoice_payment>
<order_invoice_payment><id_order_invoice><![CDATA[1593]]></id_order_invoice>
<id_order_payment><![CDATA[1594]]></id_order_payment>
<id_order><![CDATA[1677]]></id_order>
</order_invoice_payment>
<order_invoice_payment><id_order_invoice><![CDATA[1594]]></id_order_invoice>
<id_order_payment><![CDATA[1595]]></id_order_payment>
<id_order><![CDATA[1678]]></id_order>
</order_invoice_payment>
<order_invoice_payment><id_order_invoice><![CDATA[1595]]></id_order_invoice>
<id_order_payment><![CDATA[1596]]></id_order_payment>
<id_order><![CDATA[1679]]></id_order>
</order_invoice_payment>
<order_invoice_payment><id_order_invoice><![CDATA[1596]]></id_order_invoice>
<id_order_payment><![CDATA[1597]]></id_order_payment>
<id_order><![CDATA[1680]]></id_order>
</order_invoice_payment>
<order_invoice_payment><id_order_invoice><![CDATA[1597]]></id_order_invoice>
<id_order_payment><![CDATA[1598]]></id_order_payment>
<id_order><![CDATA[1681]]></id_order>
</order_invoice_payment>
<order_invoice_payment><id_order_invoice><![CDATA[1598]]></id_order_invoice>
<id_order_payment><![CDATA[1599]]></id_order_payment>
<id_order><![CDATA[1682]]></id_order>
</order_invoice_payment>
<order_invoice_payment><id_order_invoice><![CDATA[1599]]></id_order_invoice>
<id_order_payment><![CDATA[1600]]></id_order_payment>
<id_order><![CDATA[1683]]></id_order>
</order_invoice_payment>
<order_invoice_payment><id_order_invoice><![CDATA[1600]]></id_order_invoice>
<id_order_payment><![CDATA[1601]]></id_order_payment>
<id_order><![CDATA[1684]]></id_order>
</order_invoice_payment>
<order_invoice_payment><id_order_invoice><![CDATA[1601]]></id_order_invoice>
<id_order_payment><![CDATA[1602]]></id_order_payment>
<id_order><![CDATA[1685]]></id_order>
</order_invoice_payment>
<order_invoice_payment><id_order_invoice><![CDATA[1602]]></id_order_invoice>
<id_order_payment><![CDATA[1603]]></id_order_payment>
<id_order><![CDATA[1686]]></id_order>
</order_invoice_payment>
<order_invoice_payment><id_order_invoice><![CDATA[1603]]></id_order_invoice>
<id_order_payment><![CDATA[1604]]></id_order_payment>
<id_order><![CDATA[1687]]></id_order>
</order_invoice_payment>
<order_invoice_payment><id_order_invoice><![CDATA[1604]]></id_order_invoice>
<id_order_payment><![CDATA[1605]]></id_order_payment>
<id_order><![CDATA[1689]]></id_order>
</order_invoice_payment>
<order_invoice_payment><id_order_invoice><![CDATA[1605]]></id_order_invoice>
<id_order_payment><![CDATA[1606]]></id_order_payment>
<id_order><![CDATA[1690]]></id_order>
</order_invoice_payment>
<order_invoice_payment><id_order_invoice><![CDATA[1606]]></id_order_invoice>
<id_order_payment><![CDATA[1607]]></id_order_payment>
<id_order><![CDATA[1691]]></id_order>
</order_invoice_payment>
<order_invoice_payment><id_order_invoice><![CDATA[1607]]></id_order_invoice>
<id_order_payment><![CDATA[1608]]></id_order_payment>
<id_order><![CDATA[1692]]></id_order>
</order_invoice_payment>
<order_invoice_payment><id_order_invoice><![CDATA[1608]]></id_order_invoice>
<id_order_payment><![CDATA[1609]]></id_order_payment>
<id_order><![CDATA[1693]]></id_order>
</order_invoice_payment>
<order_invoice_payment><id_order_invoice><![CDATA[1609]]></id_order_invoice>
<id_order_payment><![CDATA[1610]]></id_order_payment>
<id_order><![CDATA[1694]]></id_order>
</order_invoice_payment>
<order_invoice_payment><id_order_invoice><![CDATA[1610]]></id_order_invoice>
<id_order_payment><![CDATA[1611]]></id_order_payment>
<id_order><![CDATA[1695]]></id_order>
</order_invoice_payment>
<order_invoice_payment><id_order_invoice><![CDATA[1611]]></id_order_invoice>
<id_order_payment><![CDATA[1612]]></id_order_payment>
<id_order><![CDATA[1696]]></id_order>
</order_invoice_payment>
<order_invoice_payment><id_order_invoice><![CDATA[1612]]></id_order_invoice>
<id_order_payment><![CDATA[1613]]></id_order_payment>
<id_order><![CDATA[1697]]></id_order>
</order_invoice_payment>
<order_invoice_payment><id_order_invoice><![CDATA[1613]]></id_order_invoice>
<id_order_payment><![CDATA[1614]]></id_order_payment>
<id_order><![CDATA[1698]]></id_order>
</order_invoice_payment>
<order_invoice_payment><id_order_invoice><![CDATA[1614]]></id_order_invoice>
<id_order_payment><![CDATA[1615]]></id_order_payment>
<id_order><![CDATA[1699]]></id_order>
</order_invoice_payment>
<order_invoice_payment><id_order_invoice><![CDATA[1615]]></id_order_invoice>
<id_order_payment><![CDATA[1616]]></id_order_payment>
<id_order><![CDATA[1700]]></id_order>
</order_invoice_payment>
<order_invoice_payment><id_order_invoice><![CDATA[1616]]></id_order_invoice>
<id_order_payment><![CDATA[1617]]></id_order_payment>
<id_order><![CDATA[1701]]></id_order>
</order_invoice_payment>
<order_invoice_payment><id_order_invoice><![CDATA[1617]]></id_order_invoice>
<id_order_payment><![CDATA[1618]]></id_order_payment>
<id_order><![CDATA[1702]]></id_order>
</order_invoice_payment>
<order_invoice_payment><id_order_invoice><![CDATA[1618]]></id_order_invoice>
<id_order_payment><![CDATA[1619]]></id_order_payment>
<id_order><![CDATA[1703]]></id_order>
</order_invoice_payment>
<order_invoice_payment><id_order_invoice><![CDATA[1619]]></id_order_invoice>
<id_order_payment><![CDATA[1620]]></id_order_payment>
<id_order><![CDATA[1704]]></id_order>
</order_invoice_payment>
<order_invoice_payment><id_order_invoice><![CDATA[1620]]></id_order_invoice>
<id_order_payment><![CDATA[1621]]></id_order_payment>
<id_order><![CDATA[1705]]></id_order>
</order_invoice_payment>
<order_invoice_payment><id_order_invoice><![CDATA[1621]]></id_order_invoice>
<id_order_payment><![CDATA[1622]]></id_order_payment>
<id_order><![CDATA[1706]]></id_order>
</order_invoice_payment>
<order_invoice_payment><id_order_invoice><![CDATA[1622]]></id_order_invoice>
<id_order_payment><![CDATA[1623]]></id_order_payment>
<id_order><![CDATA[1707]]></id_order>
</order_invoice_payment>
<order_invoice_payment><id_order_invoice><![CDATA[1623]]></id_order_invoice>
<id_order_payment><![CDATA[1624]]></id_order_payment>
<id_order><![CDATA[1708]]></id_order>
</order_invoice_payment>
<order_invoice_payment><id_order_invoice><![CDATA[1624]]></id_order_invoice>
<id_order_payment><![CDATA[1625]]></id_order_payment>
<id_order><![CDATA[1709]]></id_order>
</order_invoice_payment>
<order_invoice_payment><id_order_invoice><![CDATA[1625]]></id_order_invoice>
<id_order_payment><![CDATA[1626]]></id_order_payment>
<id_order><![CDATA[1710]]></id_order>
</order_invoice_payment>
<order_invoice_payment><id_order_invoice><![CDATA[1626]]></id_order_invoice>
<id_order_payment><![CDATA[1627]]></id_order_payment>
<id_order><![CDATA[1711]]></id_order>
</order_invoice_payment>
<order_invoice_payment><id_order_invoice><![CDATA[1627]]></id_order_invoice>
<id_order_payment><![CDATA[1628]]></id_order_payment>
<id_order><![CDATA[1712]]></id_order>
</order_invoice_payment>
<order_invoice_payment><id_order_invoice><![CDATA[1628]]></id_order_invoice>
<id_order_payment><![CDATA[1629]]></id_order_payment>
<id_order><![CDATA[1713]]></id_order>
</order_invoice_payment>
<order_invoice_payment><id_order_invoice><![CDATA[1629]]></id_order_invoice>
<id_order_payment><![CDATA[1630]]></id_order_payment>
<id_order><![CDATA[1714]]></id_order>
</order_invoice_payment>
<order_invoice_payment><id_order_invoice><![CDATA[1630]]></id_order_invoice>
<id_order_payment><![CDATA[1631]]></id_order_payment>
<id_order><![CDATA[1715]]></id_order>
</order_invoice_payment>
<order_invoice_payment><id_order_invoice><![CDATA[1631]]></id_order_invoice>
<id_order_payment><![CDATA[1632]]></id_order_payment>
<id_order><![CDATA[1716]]></id_order>
</order_invoice_payment>
<order_invoice_payment><id_order_invoice><![CDATA[1632]]></id_order_invoice>
<id_order_payment><![CDATA[1633]]></id_order_payment>
<id_order><![CDATA[1717]]></id_order>
</order_invoice_payment>
<order_invoice_payment><id_order_invoice><![CDATA[1633]]></id_order_invoice>
<id_order_payment><![CDATA[1634]]></id_order_payment>
<id_order><![CDATA[1718]]></id_order>
</order_invoice_payment>
<order_invoice_payment><id_order_invoice><![CDATA[1634]]></id_order_invoice>
<id_order_payment><![CDATA[1635]]></id_order_payment>
<id_order><![CDATA[1719]]></id_order>
</order_invoice_payment>
<order_invoice_payment><id_order_invoice><![CDATA[1635]]></id_order_invoice>
<id_order_payment><![CDATA[1636]]></id_order_payment>
<id_order><![CDATA[1720]]></id_order>
</order_invoice_payment>
<order_invoice_payment><id_order_invoice><![CDATA[1636]]></id_order_invoice>
<id_order_payment><![CDATA[1637]]></id_order_payment>
<id_order><![CDATA[1721]]></id_order>
</order_invoice_payment>
<order_invoice_payment><id_order_invoice><![CDATA[1637]]></id_order_invoice>
<id_order_payment><![CDATA[1638]]></id_order_payment>
<id_order><![CDATA[1722]]></id_order>
</order_invoice_payment>
<order_invoice_payment><id_order_invoice><![CDATA[1638]]></id_order_invoice>
<id_order_payment><![CDATA[1639]]></id_order_payment>
<id_order><![CDATA[1723]]></id_order>
</order_invoice_payment>
<order_invoice_payment><id_order_invoice><![CDATA[1639]]></id_order_invoice>
<id_order_payment><![CDATA[1640]]></id_order_payment>
<id_order><![CDATA[1724]]></id_order>
</order_invoice_payment>
<order_invoice_payment><id_order_invoice><![CDATA[1640]]></id_order_invoice>
<id_order_payment><![CDATA[1641]]></id_order_payment>
<id_order><![CDATA[1725]]></id_order>
</order_invoice_payment>
<order_invoice_payment><id_order_invoice><![CDATA[1641]]></id_order_invoice>
<id_order_payment><![CDATA[1642]]></id_order_payment>
<id_order><![CDATA[1726]]></id_order>
</order_invoice_payment>
<order_invoice_payment><id_order_invoice><![CDATA[1642]]></id_order_invoice>
<id_order_payment><![CDATA[1643]]></id_order_payment>
<id_order><![CDATA[1727]]></id_order>
</order_invoice_payment>
<order_invoice_payment><id_order_invoice><![CDATA[1643]]></id_order_invoice>
<id_order_payment><![CDATA[1644]]></id_order_payment>
<id_order><![CDATA[1728]]></id_order>
</order_invoice_payment>
<order_invoice_payment><id_order_invoice><![CDATA[1644]]></id_order_invoice>
<id_order_payment><![CDATA[1645]]></id_order_payment>
<id_order><![CDATA[1729]]></id_order>
</order_invoice_payment>
<order_invoice_payment><id_order_invoice><![CDATA[1645]]></id_order_invoice>
<id_order_payment><![CDATA[1646]]></id_order_payment>
<id_order><![CDATA[1730]]></id_order>
</order_invoice_payment>
<order_invoice_payment><id_order_invoice><![CDATA[1646]]></id_order_invoice>
<id_order_payment><![CDATA[1647]]></id_order_payment>
<id_order><![CDATA[1731]]></id_order>
</order_invoice_payment>
<order_invoice_payment><id_order_invoice><![CDATA[1647]]></id_order_invoice>
<id_order_payment><![CDATA[1648]]></id_order_payment>
<id_order><![CDATA[1732]]></id_order>
</order_invoice_payment>
<order_invoice_payment><id_order_invoice><![CDATA[1648]]></id_order_invoice>
<id_order_payment><![CDATA[1649]]></id_order_payment>
<id_order><![CDATA[1733]]></id_order>
</order_invoice_payment>
<order_invoice_payment><id_order_invoice><![CDATA[1649]]></id_order_invoice>
<id_order_payment><![CDATA[1650]]></id_order_payment>
<id_order><![CDATA[1734]]></id_order>
</order_invoice_payment>
<order_invoice_payment><id_order_invoice><![CDATA[1650]]></id_order_invoice>
<id_order_payment><![CDATA[1651]]></id_order_payment>
<id_order><![CDATA[1735]]></id_order>
</order_invoice_payment>
<order_invoice_payment><id_order_invoice><![CDATA[1651]]></id_order_invoice>
<id_order_payment><![CDATA[1652]]></id_order_payment>
<id_order><![CDATA[1736]]></id_order>
</order_invoice_payment>
<order_invoice_payment><id_order_invoice><![CDATA[1652]]></id_order_invoice>
<id_order_payment><![CDATA[1653]]></id_order_payment>
<id_order><![CDATA[1737]]></id_order>
</order_invoice_payment>
<order_invoice_payment><id_order_invoice><![CDATA[1653]]></id_order_invoice>
<id_order_payment><![CDATA[1654]]></id_order_payment>
<id_order><![CDATA[1738]]></id_order>
</order_invoice_payment>
<order_invoice_payment><id_order_invoice><![CDATA[1654]]></id_order_invoice>
<id_order_payment><![CDATA[1655]]></id_order_payment>
<id_order><![CDATA[1739]]></id_order>
</order_invoice_payment>
<order_invoice_payment><id_order_invoice><![CDATA[1655]]></id_order_invoice>
<id_order_payment><![CDATA[1656]]></id_order_payment>
<id_order><![CDATA[1740]]></id_order>
</order_invoice_payment>
<order_invoice_payment><id_order_invoice><![CDATA[1656]]></id_order_invoice>
<id_order_payment><![CDATA[1657]]></id_order_payment>
<id_order><![CDATA[1741]]></id_order>
</order_invoice_payment>
<order_invoice_payment><id_order_invoice><![CDATA[1657]]></id_order_invoice>
<id_order_payment><![CDATA[1658]]></id_order_payment>
<id_order><![CDATA[1742]]></id_order>
</order_invoice_payment>
<order_invoice_payment><id_order_invoice><![CDATA[1658]]></id_order_invoice>
<id_order_payment><![CDATA[1659]]></id_order_payment>
<id_order><![CDATA[1743]]></id_order>
</order_invoice_payment>
<order_invoice_payment><id_order_invoice><![CDATA[1659]]></id_order_invoice>
<id_order_payment><![CDATA[1660]]></id_order_payment>
<id_order><![CDATA[1744]]></id_order>
</order_invoice_payment>
<order_invoice_payment><id_order_invoice><![CDATA[1660]]></id_order_invoice>
<id_order_payment><![CDATA[1661]]></id_order_payment>
<id_order><![CDATA[1745]]></id_order>
</order_invoice_payment>
<order_invoice_payment><id_order_invoice><![CDATA[1661]]></id_order_invoice>
<id_order_payment><![CDATA[1662]]></id_order_payment>
<id_order><![CDATA[1746]]></id_order>
</order_invoice_payment>
<order_invoice_payment><id_order_invoice><![CDATA[1662]]></id_order_invoice>
<id_order_payment><![CDATA[1663]]></id_order_payment>
<id_order><![CDATA[1747]]></id_order>
</order_invoice_payment>
<order_invoice_payment><id_order_invoice><![CDATA[1663]]></id_order_invoice>
<id_order_payment><![CDATA[1664]]></id_order_payment>
<id_order><![CDATA[1748]]></id_order>
</order_invoice_payment>
<order_invoice_payment><id_order_invoice><![CDATA[1682]]></id_order_invoice>
<id_order_payment><![CDATA[1683]]></id_order_payment>
<id_order><![CDATA[1749]]></id_order>
</order_invoice_payment>
<order_invoice_payment><id_order_invoice><![CDATA[1664]]></id_order_invoice>
<id_order_payment><![CDATA[1665]]></id_order_payment>
<id_order><![CDATA[1750]]></id_order>
</order_invoice_payment>
<order_invoice_payment><id_order_invoice><![CDATA[1665]]></id_order_invoice>
<id_order_payment><![CDATA[1666]]></id_order_payment>
<id_order><![CDATA[1751]]></id_order>
</order_invoice_payment>
<order_invoice_payment><id_order_invoice><![CDATA[1666]]></id_order_invoice>
<id_order_payment><![CDATA[1667]]></id_order_payment>
<id_order><![CDATA[1752]]></id_order>
</order_invoice_payment>
<order_invoice_payment><id_order_invoice><![CDATA[1667]]></id_order_invoice>
<id_order_payment><![CDATA[1668]]></id_order_payment>
<id_order><![CDATA[1753]]></id_order>
</order_invoice_payment>
<order_invoice_payment><id_order_invoice><![CDATA[1668]]></id_order_invoice>
<id_order_payment><![CDATA[1669]]></id_order_payment>
<id_order><![CDATA[1754]]></id_order>
</order_invoice_payment>
<order_invoice_payment><id_order_invoice><![CDATA[1669]]></id_order_invoice>
<id_order_payment><![CDATA[1670]]></id_order_payment>
<id_order><![CDATA[1755]]></id_order>
</order_invoice_payment>
<order_invoice_payment><id_order_invoice><![CDATA[1670]]></id_order_invoice>
<id_order_payment><![CDATA[1671]]></id_order_payment>
<id_order><![CDATA[1756]]></id_order>
</order_invoice_payment>
<order_invoice_payment><id_order_invoice><![CDATA[1671]]></id_order_invoice>
<id_order_payment><![CDATA[1672]]></id_order_payment>
<id_order><![CDATA[1757]]></id_order>
</order_invoice_payment>
<order_invoice_payment><id_order_invoice><![CDATA[1672]]></id_order_invoice>
<id_order_payment><![CDATA[1673]]></id_order_payment>
<id_order><![CDATA[1758]]></id_order>
</order_invoice_payment>
<order_invoice_payment><id_order_invoice><![CDATA[1673]]></id_order_invoice>
<id_order_payment><![CDATA[1674]]></id_order_payment>
<id_order><![CDATA[1759]]></id_order>
</order_invoice_payment>
<order_invoice_payment><id_order_invoice><![CDATA[1674]]></id_order_invoice>
<id_order_payment><![CDATA[1675]]></id_order_payment>
<id_order><![CDATA[1760]]></id_order>
</order_invoice_payment>
<order_invoice_payment><id_order_invoice><![CDATA[1675]]></id_order_invoice>
<id_order_payment><![CDATA[1676]]></id_order_payment>
<id_order><![CDATA[1761]]></id_order>
</order_invoice_payment>
<order_invoice_payment><id_order_invoice><![CDATA[1676]]></id_order_invoice>
<id_order_payment><![CDATA[1677]]></id_order_payment>
<id_order><![CDATA[1762]]></id_order>
</order_invoice_payment>
<order_invoice_payment><id_order_invoice><![CDATA[1677]]></id_order_invoice>
<id_order_payment><![CDATA[1678]]></id_order_payment>
<id_order><![CDATA[1763]]></id_order>
</order_invoice_payment>
<order_invoice_payment><id_order_invoice><![CDATA[1678]]></id_order_invoice>
<id_order_payment><![CDATA[1679]]></id_order_payment>
<id_order><![CDATA[1764]]></id_order>
</order_invoice_payment>
<order_invoice_payment><id_order_invoice><![CDATA[1679]]></id_order_invoice>
<id_order_payment><![CDATA[1680]]></id_order_payment>
<id_order><![CDATA[1765]]></id_order>
</order_invoice_payment>
<order_invoice_payment><id_order_invoice><![CDATA[1680]]></id_order_invoice>
<id_order_payment><![CDATA[1681]]></id_order_payment>
<id_order><![CDATA[1766]]></id_order>
</order_invoice_payment>
<order_invoice_payment><id_order_invoice><![CDATA[1681]]></id_order_invoice>
<id_order_payment><![CDATA[1682]]></id_order_payment>
<id_order><![CDATA[1767]]></id_order>
</order_invoice_payment>
<order_invoice_payment><id_order_invoice><![CDATA[1683]]></id_order_invoice>
<id_order_payment><![CDATA[1684]]></id_order_payment>
<id_order><![CDATA[1768]]></id_order>
</order_invoice_payment>
<order_invoice_payment><id_order_invoice><![CDATA[1684]]></id_order_invoice>
<id_order_payment><![CDATA[1685]]></id_order_payment>
<id_order><![CDATA[1769]]></id_order>
</order_invoice_payment>
<order_invoice_payment><id_order_invoice><![CDATA[1685]]></id_order_invoice>
<id_order_payment><![CDATA[1686]]></id_order_payment>
<id_order><![CDATA[1770]]></id_order>
</order_invoice_payment>
<order_invoice_payment><id_order_invoice><![CDATA[1686]]></id_order_invoice>
<id_order_payment><![CDATA[1687]]></id_order_payment>
<id_order><![CDATA[1771]]></id_order>
</order_invoice_payment>
<order_invoice_payment><id_order_invoice><![CDATA[1687]]></id_order_invoice>
<id_order_payment><![CDATA[1688]]></id_order_payment>
<id_order><![CDATA[1772]]></id_order>
</order_invoice_payment>
<order_invoice_payment><id_order_invoice><![CDATA[1688]]></id_order_invoice>
<id_order_payment><![CDATA[1689]]></id_order_payment>
<id_order><![CDATA[1773]]></id_order>
</order_invoice_payment>
<order_invoice_payment><id_order_invoice><![CDATA[1689]]></id_order_invoice>
<id_order_payment><![CDATA[1690]]></id_order_payment>
<id_order><![CDATA[1774]]></id_order>
</order_invoice_payment>
<order_invoice_payment><id_order_invoice><![CDATA[1690]]></id_order_invoice>
<id_order_payment><![CDATA[1691]]></id_order_payment>
<id_order><![CDATA[1775]]></id_order>
</order_invoice_payment>
<order_invoice_payment><id_order_invoice><![CDATA[1691]]></id_order_invoice>
<id_order_payment><![CDATA[1692]]></id_order_payment>
<id_order><![CDATA[1776]]></id_order>
</order_invoice_payment>
<order_invoice_payment><id_order_invoice><![CDATA[1692]]></id_order_invoice>
<id_order_payment><![CDATA[1693]]></id_order_payment>
<id_order><![CDATA[1777]]></id_order>
</order_invoice_payment>
<order_invoice_payment><id_order_invoice><![CDATA[1693]]></id_order_invoice>
<id_order_payment><![CDATA[1694]]></id_order_payment>
<id_order><![CDATA[1778]]></id_order>
</order_invoice_payment>
<order_invoice_payment><id_order_invoice><![CDATA[1694]]></id_order_invoice>
<id_order_payment><![CDATA[1695]]></id_order_payment>
<id_order><![CDATA[1779]]></id_order>
</order_invoice_payment>
<order_invoice_payment><id_order_invoice><![CDATA[1695]]></id_order_invoice>
<id_order_payment><![CDATA[1696]]></id_order_payment>
<id_order><![CDATA[1780]]></id_order>
</order_invoice_payment>
<order_invoice_payment><id_order_invoice><![CDATA[1696]]></id_order_invoice>
<id_order_payment><![CDATA[1697]]></id_order_payment>
<id_order><![CDATA[1781]]></id_order>
</order_invoice_payment>
<order_invoice_payment><id_order_invoice><![CDATA[1697]]></id_order_invoice>
<id_order_payment><![CDATA[1698]]></id_order_payment>
<id_order><![CDATA[1782]]></id_order>
</order_invoice_payment>
<order_invoice_payment><id_order_invoice><![CDATA[1698]]></id_order_invoice>
<id_order_payment><![CDATA[1699]]></id_order_payment>
<id_order><![CDATA[1783]]></id_order>
</order_invoice_payment>
<order_invoice_payment><id_order_invoice><![CDATA[1699]]></id_order_invoice>
<id_order_payment><![CDATA[1700]]></id_order_payment>
<id_order><![CDATA[1784]]></id_order>
</order_invoice_payment>
<order_invoice_payment><id_order_invoice><![CDATA[1700]]></id_order_invoice>
<id_order_payment><![CDATA[1701]]></id_order_payment>
<id_order><![CDATA[1785]]></id_order>
</order_invoice_payment>
<order_invoice_payment><id_order_invoice><![CDATA[1701]]></id_order_invoice>
<id_order_payment><![CDATA[1702]]></id_order_payment>
<id_order><![CDATA[1786]]></id_order>
</order_invoice_payment>
<order_invoice_payment><id_order_invoice><![CDATA[1702]]></id_order_invoice>
<id_order_payment><![CDATA[1703]]></id_order_payment>
<id_order><![CDATA[1787]]></id_order>
</order_invoice_payment>
<order_invoice_payment><id_order_invoice><![CDATA[1703]]></id_order_invoice>
<id_order_payment><![CDATA[1704]]></id_order_payment>
<id_order><![CDATA[1788]]></id_order>
</order_invoice_payment>
<order_invoice_payment><id_order_invoice><![CDATA[1704]]></id_order_invoice>
<id_order_payment><![CDATA[1705]]></id_order_payment>
<id_order><![CDATA[1789]]></id_order>
</order_invoice_payment>
<order_invoice_payment><id_order_invoice><![CDATA[1705]]></id_order_invoice>
<id_order_payment><![CDATA[1706]]></id_order_payment>
<id_order><![CDATA[1790]]></id_order>
</order_invoice_payment>
<order_invoice_payment><id_order_invoice><![CDATA[1706]]></id_order_invoice>
<id_order_payment><![CDATA[1707]]></id_order_payment>
<id_order><![CDATA[1791]]></id_order>
</order_invoice_payment>
<order_invoice_payment><id_order_invoice><![CDATA[1707]]></id_order_invoice>
<id_order_payment><![CDATA[1708]]></id_order_payment>
<id_order><![CDATA[1792]]></id_order>
</order_invoice_payment>
<order_invoice_payment><id_order_invoice><![CDATA[1708]]></id_order_invoice>
<id_order_payment><![CDATA[1709]]></id_order_payment>
<id_order><![CDATA[1793]]></id_order>
</order_invoice_payment>
<order_invoice_payment><id_order_invoice><![CDATA[1709]]></id_order_invoice>
<id_order_payment><![CDATA[1710]]></id_order_payment>
<id_order><![CDATA[1794]]></id_order>
</order_invoice_payment>
<order_invoice_payment><id_order_invoice><![CDATA[1710]]></id_order_invoice>
<id_order_payment><![CDATA[1711]]></id_order_payment>
<id_order><![CDATA[1795]]></id_order>
</order_invoice_payment>
<order_invoice_payment><id_order_invoice><![CDATA[1711]]></id_order_invoice>
<id_order_payment><![CDATA[1712]]></id_order_payment>
<id_order><![CDATA[1796]]></id_order>
</order_invoice_payment>
<order_invoice_payment><id_order_invoice><![CDATA[1712]]></id_order_invoice>
<id_order_payment><![CDATA[1713]]></id_order_payment>
<id_order><![CDATA[1797]]></id_order>
</order_invoice_payment>
<order_invoice_payment><id_order_invoice><![CDATA[1713]]></id_order_invoice>
<id_order_payment><![CDATA[1714]]></id_order_payment>
<id_order><![CDATA[1798]]></id_order>
</order_invoice_payment>
<order_invoice_payment><id_order_invoice><![CDATA[1714]]></id_order_invoice>
<id_order_payment><![CDATA[1715]]></id_order_payment>
<id_order><![CDATA[1799]]></id_order>
</order_invoice_payment>
<order_invoice_payment><id_order_invoice><![CDATA[1715]]></id_order_invoice>
<id_order_payment><![CDATA[1716]]></id_order_payment>
<id_order><![CDATA[1800]]></id_order>
</order_invoice_payment>
<order_invoice_payment><id_order_invoice><![CDATA[1716]]></id_order_invoice>
<id_order_payment><![CDATA[1717]]></id_order_payment>
<id_order><![CDATA[1801]]></id_order>
</order_invoice_payment>
<order_invoice_payment><id_order_invoice><![CDATA[1717]]></id_order_invoice>
<id_order_payment><![CDATA[1718]]></id_order_payment>
<id_order><![CDATA[1802]]></id_order>
</order_invoice_payment>
<order_invoice_payment><id_order_invoice><![CDATA[1718]]></id_order_invoice>
<id_order_payment><![CDATA[1719]]></id_order_payment>
<id_order><![CDATA[1803]]></id_order>
</order_invoice_payment>
<order_invoice_payment><id_order_invoice><![CDATA[1719]]></id_order_invoice>
<id_order_payment><![CDATA[1720]]></id_order_payment>
<id_order><![CDATA[1804]]></id_order>
</order_invoice_payment>
<order_invoice_payment><id_order_invoice><![CDATA[1720]]></id_order_invoice>
<id_order_payment><![CDATA[1721]]></id_order_payment>
<id_order><![CDATA[1805]]></id_order>
</order_invoice_payment>
<order_invoice_payment><id_order_invoice><![CDATA[1721]]></id_order_invoice>
<id_order_payment><![CDATA[1722]]></id_order_payment>
<id_order><![CDATA[1806]]></id_order>
</order_invoice_payment>
<order_invoice_payment><id_order_invoice><![CDATA[1722]]></id_order_invoice>
<id_order_payment><![CDATA[1723]]></id_order_payment>
<id_order><![CDATA[1807]]></id_order>
</order_invoice_payment>
<order_invoice_payment><id_order_invoice><![CDATA[1723]]></id_order_invoice>
<id_order_payment><![CDATA[1724]]></id_order_payment>
<id_order><![CDATA[1808]]></id_order>
</order_invoice_payment>
<order_invoice_payment><id_order_invoice><![CDATA[1724]]></id_order_invoice>
<id_order_payment><![CDATA[1725]]></id_order_payment>
<id_order><![CDATA[1809]]></id_order>
</order_invoice_payment>
<order_invoice_payment><id_order_invoice><![CDATA[1725]]></id_order_invoice>
<id_order_payment><![CDATA[1726]]></id_order_payment>
<id_order><![CDATA[1810]]></id_order>
</order_invoice_payment>
<order_invoice_payment><id_order_invoice><![CDATA[1726]]></id_order_invoice>
<id_order_payment><![CDATA[1727]]></id_order_payment>
<id_order><![CDATA[1811]]></id_order>
</order_invoice_payment>
<order_invoice_payment><id_order_invoice><![CDATA[1727]]></id_order_invoice>
<id_order_payment><![CDATA[1728]]></id_order_payment>
<id_order><![CDATA[1812]]></id_order>
</order_invoice_payment>
<order_invoice_payment><id_order_invoice><![CDATA[1728]]></id_order_invoice>
<id_order_payment><![CDATA[1729]]></id_order_payment>
<id_order><![CDATA[1813]]></id_order>
</order_invoice_payment>
<order_invoice_payment><id_order_invoice><![CDATA[1729]]></id_order_invoice>
<id_order_payment><![CDATA[1730]]></id_order_payment>
<id_order><![CDATA[1814]]></id_order>
</order_invoice_payment>
<order_invoice_payment><id_order_invoice><![CDATA[1730]]></id_order_invoice>
<id_order_payment><![CDATA[1731]]></id_order_payment>
<id_order><![CDATA[1815]]></id_order>
</order_invoice_payment>
<order_invoice_payment><id_order_invoice><![CDATA[1731]]></id_order_invoice>
<id_order_payment><![CDATA[1732]]></id_order_payment>
<id_order><![CDATA[1816]]></id_order>
</order_invoice_payment>
<order_invoice_payment><id_order_invoice><![CDATA[1732]]></id_order_invoice>
<id_order_payment><![CDATA[1733]]></id_order_payment>
<id_order><![CDATA[1817]]></id_order>
</order_invoice_payment>
<order_invoice_payment><id_order_invoice><![CDATA[1733]]></id_order_invoice>
<id_order_payment><![CDATA[1734]]></id_order_payment>
<id_order><![CDATA[1818]]></id_order>
</order_invoice_payment>
<order_invoice_payment><id_order_invoice><![CDATA[1734]]></id_order_invoice>
<id_order_payment><![CDATA[1735]]></id_order_payment>
<id_order><![CDATA[1819]]></id_order>
</order_invoice_payment>
<order_invoice_payment><id_order_invoice><![CDATA[1735]]></id_order_invoice>
<id_order_payment><![CDATA[1736]]></id_order_payment>
<id_order><![CDATA[1820]]></id_order>
</order_invoice_payment>
<order_invoice_payment><id_order_invoice><![CDATA[1736]]></id_order_invoice>
<id_order_payment><![CDATA[1737]]></id_order_payment>
<id_order><![CDATA[1821]]></id_order>
</order_invoice_payment>
<order_invoice_payment><id_order_invoice><![CDATA[1737]]></id_order_invoice>
<id_order_payment><![CDATA[1738]]></id_order_payment>
<id_order><![CDATA[1822]]></id_order>
</order_invoice_payment>
<order_invoice_payment><id_order_invoice><![CDATA[1738]]></id_order_invoice>
<id_order_payment><![CDATA[1739]]></id_order_payment>
<id_order><![CDATA[1823]]></id_order>
</order_invoice_payment>
<order_invoice_payment><id_order_invoice><![CDATA[1739]]></id_order_invoice>
<id_order_payment><![CDATA[1740]]></id_order_payment>
<id_order><![CDATA[1824]]></id_order>
</order_invoice_payment>
<order_invoice_payment><id_order_invoice><![CDATA[1740]]></id_order_invoice>
<id_order_payment><![CDATA[1741]]></id_order_payment>
<id_order><![CDATA[1825]]></id_order>
</order_invoice_payment>
<order_invoice_payment><id_order_invoice><![CDATA[1741]]></id_order_invoice>
<id_order_payment><![CDATA[1742]]></id_order_payment>
<id_order><![CDATA[1826]]></id_order>
</order_invoice_payment>
<order_invoice_payment><id_order_invoice><![CDATA[1742]]></id_order_invoice>
<id_order_payment><![CDATA[1743]]></id_order_payment>
<id_order><![CDATA[1827]]></id_order>
</order_invoice_payment>
<order_invoice_payment><id_order_invoice><![CDATA[1743]]></id_order_invoice>
<id_order_payment><![CDATA[1744]]></id_order_payment>
<id_order><![CDATA[1828]]></id_order>
</order_invoice_payment>
<order_invoice_payment><id_order_invoice><![CDATA[1744]]></id_order_invoice>
<id_order_payment><![CDATA[1745]]></id_order_payment>
<id_order><![CDATA[1829]]></id_order>
</order_invoice_payment>
<order_invoice_payment><id_order_invoice><![CDATA[1745]]></id_order_invoice>
<id_order_payment><![CDATA[1746]]></id_order_payment>
<id_order><![CDATA[1830]]></id_order>
</order_invoice_payment>
<order_invoice_payment><id_order_invoice><![CDATA[1746]]></id_order_invoice>
<id_order_payment><![CDATA[1747]]></id_order_payment>
<id_order><![CDATA[1831]]></id_order>
</order_invoice_payment>
<order_invoice_payment><id_order_invoice><![CDATA[1747]]></id_order_invoice>
<id_order_payment><![CDATA[1748]]></id_order_payment>
<id_order><![CDATA[1832]]></id_order>
</order_invoice_payment>
<order_invoice_payment><id_order_invoice><![CDATA[1748]]></id_order_invoice>
<id_order_payment><![CDATA[1749]]></id_order_payment>
<id_order><![CDATA[1833]]></id_order>
</order_invoice_payment>
<order_invoice_payment><id_order_invoice><![CDATA[1749]]></id_order_invoice>
<id_order_payment><![CDATA[1750]]></id_order_payment>
<id_order><![CDATA[1834]]></id_order>
</order_invoice_payment>
<order_invoice_payment><id_order_invoice><![CDATA[1750]]></id_order_invoice>
<id_order_payment><![CDATA[1751]]></id_order_payment>
<id_order><![CDATA[1835]]></id_order>
</order_invoice_payment>
<order_invoice_payment><id_order_invoice><![CDATA[1751]]></id_order_invoice>
<id_order_payment><![CDATA[1752]]></id_order_payment>
<id_order><![CDATA[1836]]></id_order>
</order_invoice_payment>
<order_invoice_payment><id_order_invoice><![CDATA[1752]]></id_order_invoice>
<id_order_payment><![CDATA[1753]]></id_order_payment>
<id_order><![CDATA[1837]]></id_order>
</order_invoice_payment>
<order_invoice_payment><id_order_invoice><![CDATA[1753]]></id_order_invoice>
<id_order_payment><![CDATA[1754]]></id_order_payment>
<id_order><![CDATA[1838]]></id_order>
</order_invoice_payment>
<order_invoice_payment><id_order_invoice><![CDATA[1754]]></id_order_invoice>
<id_order_payment><![CDATA[1755]]></id_order_payment>
<id_order><![CDATA[1839]]></id_order>
</order_invoice_payment>
<order_invoice_payment><id_order_invoice><![CDATA[1755]]></id_order_invoice>
<id_order_payment><![CDATA[1756]]></id_order_payment>
<id_order><![CDATA[1840]]></id_order>
</order_invoice_payment>
<order_invoice_payment><id_order_invoice><![CDATA[1756]]></id_order_invoice>
<id_order_payment><![CDATA[1757]]></id_order_payment>
<id_order><![CDATA[1841]]></id_order>
</order_invoice_payment>
<order_invoice_payment><id_order_invoice><![CDATA[1757]]></id_order_invoice>
<id_order_payment><![CDATA[1758]]></id_order_payment>
<id_order><![CDATA[1842]]></id_order>
</order_invoice_payment>
<order_invoice_payment><id_order_invoice><![CDATA[1758]]></id_order_invoice>
<id_order_payment><![CDATA[1759]]></id_order_payment>
<id_order><![CDATA[1843]]></id_order>
</order_invoice_payment>
<order_invoice_payment><id_order_invoice><![CDATA[1759]]></id_order_invoice>
<id_order_payment><![CDATA[1760]]></id_order_payment>
<id_order><![CDATA[1844]]></id_order>
</order_invoice_payment>
<order_invoice_payment><id_order_invoice><![CDATA[1760]]></id_order_invoice>
<id_order_payment><![CDATA[1761]]></id_order_payment>
<id_order><![CDATA[1845]]></id_order>
</order_invoice_payment>
<order_invoice_payment><id_order_invoice><![CDATA[1761]]></id_order_invoice>
<id_order_payment><![CDATA[1762]]></id_order_payment>
<id_order><![CDATA[1846]]></id_order>
</order_invoice_payment>
<order_invoice_payment><id_order_invoice><![CDATA[1762]]></id_order_invoice>
<id_order_payment><![CDATA[1763]]></id_order_payment>
<id_order><![CDATA[1847]]></id_order>
</order_invoice_payment>
<order_invoice_payment><id_order_invoice><![CDATA[1763]]></id_order_invoice>
<id_order_payment><![CDATA[1764]]></id_order_payment>
<id_order><![CDATA[1848]]></id_order>
</order_invoice_payment>
<order_invoice_payment><id_order_invoice><![CDATA[1764]]></id_order_invoice>
<id_order_payment><![CDATA[1765]]></id_order_payment>
<id_order><![CDATA[1849]]></id_order>
</order_invoice_payment>
<order_invoice_payment><id_order_invoice><![CDATA[1765]]></id_order_invoice>
<id_order_payment><![CDATA[1766]]></id_order_payment>
<id_order><![CDATA[1850]]></id_order>
</order_invoice_payment>
<order_invoice_payment><id_order_invoice><![CDATA[1766]]></id_order_invoice>
<id_order_payment><![CDATA[1767]]></id_order_payment>
<id_order><![CDATA[1851]]></id_order>
</order_invoice_payment>
<order_invoice_payment><id_order_invoice><![CDATA[1767]]></id_order_invoice>
<id_order_payment><![CDATA[1768]]></id_order_payment>
<id_order><![CDATA[1852]]></id_order>
</order_invoice_payment>
<order_invoice_payment><id_order_invoice><![CDATA[1768]]></id_order_invoice>
<id_order_payment><![CDATA[1769]]></id_order_payment>
<id_order><![CDATA[1853]]></id_order>
</order_invoice_payment>
<order_invoice_payment><id_order_invoice><![CDATA[1769]]></id_order_invoice>
<id_order_payment><![CDATA[1770]]></id_order_payment>
<id_order><![CDATA[1854]]></id_order>
</order_invoice_payment>
<order_invoice_payment><id_order_invoice><![CDATA[1770]]></id_order_invoice>
<id_order_payment><![CDATA[1771]]></id_order_payment>
<id_order><![CDATA[1855]]></id_order>
</order_invoice_payment>
<order_invoice_payment><id_order_invoice><![CDATA[1771]]></id_order_invoice>
<id_order_payment><![CDATA[1772]]></id_order_payment>
<id_order><![CDATA[1856]]></id_order>
</order_invoice_payment>
<order_invoice_payment><id_order_invoice><![CDATA[1772]]></id_order_invoice>
<id_order_payment><![CDATA[1773]]></id_order_payment>
<id_order><![CDATA[1857]]></id_order>
</order_invoice_payment>
<order_invoice_payment><id_order_invoice><![CDATA[1773]]></id_order_invoice>
<id_order_payment><![CDATA[1774]]></id_order_payment>
<id_order><![CDATA[1858]]></id_order>
</order_invoice_payment>
<order_invoice_payment><id_order_invoice><![CDATA[1774]]></id_order_invoice>
<id_order_payment><![CDATA[1775]]></id_order_payment>
<id_order><![CDATA[1859]]></id_order>
</order_invoice_payment>
<order_invoice_payment><id_order_invoice><![CDATA[1775]]></id_order_invoice>
<id_order_payment><![CDATA[1776]]></id_order_payment>
<id_order><![CDATA[1860]]></id_order>
</order_invoice_payment>
<order_invoice_payment><id_order_invoice><![CDATA[1776]]></id_order_invoice>
<id_order_payment><![CDATA[1777]]></id_order_payment>
<id_order><![CDATA[1861]]></id_order>
</order_invoice_payment>
<order_invoice_payment><id_order_invoice><![CDATA[1777]]></id_order_invoice>
<id_order_payment><![CDATA[1778]]></id_order_payment>
<id_order><![CDATA[1862]]></id_order>
</order_invoice_payment>
<order_invoice_payment><id_order_invoice><![CDATA[1778]]></id_order_invoice>
<id_order_payment><![CDATA[1779]]></id_order_payment>
<id_order><![CDATA[1863]]></id_order>
</order_invoice_payment>
<order_invoice_payment><id_order_invoice><![CDATA[1779]]></id_order_invoice>
<id_order_payment><![CDATA[1780]]></id_order_payment>
<id_order><![CDATA[1864]]></id_order>
</order_invoice_payment>
<order_invoice_payment><id_order_invoice><![CDATA[1780]]></id_order_invoice>
<id_order_payment><![CDATA[1781]]></id_order_payment>
<id_order><![CDATA[1865]]></id_order>
</order_invoice_payment>
<order_invoice_payment><id_order_invoice><![CDATA[1781]]></id_order_invoice>
<id_order_payment><![CDATA[1782]]></id_order_payment>
<id_order><![CDATA[1866]]></id_order>
</order_invoice_payment>
<order_invoice_payment><id_order_invoice><![CDATA[1782]]></id_order_invoice>
<id_order_payment><![CDATA[1783]]></id_order_payment>
<id_order><![CDATA[1867]]></id_order>
</order_invoice_payment>
<order_invoice_payment><id_order_invoice><![CDATA[1783]]></id_order_invoice>
<id_order_payment><![CDATA[1784]]></id_order_payment>
<id_order><![CDATA[1868]]></id_order>
</order_invoice_payment>
<order_invoice_payment><id_order_invoice><![CDATA[1784]]></id_order_invoice>
<id_order_payment><![CDATA[1785]]></id_order_payment>
<id_order><![CDATA[1869]]></id_order>
</order_invoice_payment>
<order_invoice_payment><id_order_invoice><![CDATA[1785]]></id_order_invoice>
<id_order_payment><![CDATA[1786]]></id_order_payment>
<id_order><![CDATA[1870]]></id_order>
</order_invoice_payment>
<order_invoice_payment><id_order_invoice><![CDATA[1786]]></id_order_invoice>
<id_order_payment><![CDATA[1787]]></id_order_payment>
<id_order><![CDATA[1871]]></id_order>
</order_invoice_payment>
<order_invoice_payment><id_order_invoice><![CDATA[1787]]></id_order_invoice>
<id_order_payment><![CDATA[1788]]></id_order_payment>
<id_order><![CDATA[1872]]></id_order>
</order_invoice_payment>
<order_invoice_payment><id_order_invoice><![CDATA[1788]]></id_order_invoice>
<id_order_payment><![CDATA[1789]]></id_order_payment>
<id_order><![CDATA[1873]]></id_order>
</order_invoice_payment>
<order_invoice_payment><id_order_invoice><![CDATA[1789]]></id_order_invoice>
<id_order_payment><![CDATA[1790]]></id_order_payment>
<id_order><![CDATA[1874]]></id_order>
</order_invoice_payment>
<order_invoice_payment><id_order_invoice><![CDATA[1790]]></id_order_invoice>
<id_order_payment><![CDATA[1791]]></id_order_payment>
<id_order><![CDATA[1875]]></id_order>
</order_invoice_payment>
<order_invoice_payment><id_order_invoice><![CDATA[1791]]></id_order_invoice>
<id_order_payment><![CDATA[1792]]></id_order_payment>
<id_order><![CDATA[1876]]></id_order>
</order_invoice_payment>
<order_invoice_payment><id_order_invoice><![CDATA[1792]]></id_order_invoice>
<id_order_payment><![CDATA[1793]]></id_order_payment>
<id_order><![CDATA[1877]]></id_order>
</order_invoice_payment>
<order_invoice_payment><id_order_invoice><![CDATA[1793]]></id_order_invoice>
<id_order_payment><![CDATA[1794]]></id_order_payment>
<id_order><![CDATA[1878]]></id_order>
</order_invoice_payment>
<order_invoice_payment><id_order_invoice><![CDATA[1794]]></id_order_invoice>
<id_order_payment><![CDATA[1795]]></id_order_payment>
<id_order><![CDATA[1880]]></id_order>
</order_invoice_payment>
<order_invoice_payment><id_order_invoice><![CDATA[1795]]></id_order_invoice>
<id_order_payment><![CDATA[1796]]></id_order_payment>
<id_order><![CDATA[1881]]></id_order>
</order_invoice_payment>
<order_invoice_payment><id_order_invoice><![CDATA[1796]]></id_order_invoice>
<id_order_payment><![CDATA[1797]]></id_order_payment>
<id_order><![CDATA[1882]]></id_order>
</order_invoice_payment>
<order_invoice_payment><id_order_invoice><![CDATA[1797]]></id_order_invoice>
<id_order_payment><![CDATA[1798]]></id_order_payment>
<id_order><![CDATA[1883]]></id_order>
</order_invoice_payment>
<order_invoice_payment><id_order_invoice><![CDATA[1798]]></id_order_invoice>
<id_order_payment><![CDATA[1799]]></id_order_payment>
<id_order><![CDATA[1884]]></id_order>
</order_invoice_payment>
<order_invoice_payment><id_order_invoice><![CDATA[1799]]></id_order_invoice>
<id_order_payment><![CDATA[1800]]></id_order_payment>
<id_order><![CDATA[1886]]></id_order>
</order_invoice_payment>
<order_invoice_payment><id_order_invoice><![CDATA[1800]]></id_order_invoice>
<id_order_payment><![CDATA[1801]]></id_order_payment>
<id_order><![CDATA[1887]]></id_order>
</order_invoice_payment>
<order_invoice_payment><id_order_invoice><![CDATA[1801]]></id_order_invoice>
<id_order_payment><![CDATA[1802]]></id_order_payment>
<id_order><![CDATA[1888]]></id_order>
</order_invoice_payment>
<order_invoice_payment><id_order_invoice><![CDATA[1802]]></id_order_invoice>
<id_order_payment><![CDATA[1803]]></id_order_payment>
<id_order><![CDATA[1889]]></id_order>
</order_invoice_payment>
<order_invoice_payment><id_order_invoice><![CDATA[1803]]></id_order_invoice>
<id_order_payment><![CDATA[1804]]></id_order_payment>
<id_order><![CDATA[1890]]></id_order>
</order_invoice_payment>
<order_invoice_payment><id_order_invoice><![CDATA[1804]]></id_order_invoice>
<id_order_payment><![CDATA[1805]]></id_order_payment>
<id_order><![CDATA[1891]]></id_order>
</order_invoice_payment>
<order_invoice_payment><id_order_invoice><![CDATA[1805]]></id_order_invoice>
<id_order_payment><![CDATA[1806]]></id_order_payment>
<id_order><![CDATA[1892]]></id_order>
</order_invoice_payment>
<order_invoice_payment><id_order_invoice><![CDATA[1806]]></id_order_invoice>
<id_order_payment><![CDATA[1807]]></id_order_payment>
<id_order><![CDATA[1893]]></id_order>
</order_invoice_payment>
<order_invoice_payment><id_order_invoice><![CDATA[1807]]></id_order_invoice>
<id_order_payment><![CDATA[1808]]></id_order_payment>
<id_order><![CDATA[1894]]></id_order>
</order_invoice_payment>
<order_invoice_payment><id_order_invoice><![CDATA[1808]]></id_order_invoice>
<id_order_payment><![CDATA[1809]]></id_order_payment>
<id_order><![CDATA[1895]]></id_order>
</order_invoice_payment>
<order_invoice_payment><id_order_invoice><![CDATA[1809]]></id_order_invoice>
<id_order_payment><![CDATA[1810]]></id_order_payment>
<id_order><![CDATA[1896]]></id_order>
</order_invoice_payment>
<order_invoice_payment><id_order_invoice><![CDATA[1810]]></id_order_invoice>
<id_order_payment><![CDATA[1811]]></id_order_payment>
<id_order><![CDATA[1897]]></id_order>
</order_invoice_payment>
<order_invoice_payment><id_order_invoice><![CDATA[1811]]></id_order_invoice>
<id_order_payment><![CDATA[1812]]></id_order_payment>
<id_order><![CDATA[1898]]></id_order>
</order_invoice_payment>
<order_invoice_payment><id_order_invoice><![CDATA[1812]]></id_order_invoice>
<id_order_payment><![CDATA[1813]]></id_order_payment>
<id_order><![CDATA[1899]]></id_order>
</order_invoice_payment>
<order_invoice_payment><id_order_invoice><![CDATA[1813]]></id_order_invoice>
<id_order_payment><![CDATA[1814]]></id_order_payment>
<id_order><![CDATA[1900]]></id_order>
</order_invoice_payment>
<order_invoice_payment><id_order_invoice><![CDATA[1814]]></id_order_invoice>
<id_order_payment><![CDATA[1815]]></id_order_payment>
<id_order><![CDATA[1901]]></id_order>
</order_invoice_payment>
<order_invoice_payment><id_order_invoice><![CDATA[1815]]></id_order_invoice>
<id_order_payment><![CDATA[1816]]></id_order_payment>
<id_order><![CDATA[1902]]></id_order>
</order_invoice_payment>
<order_invoice_payment><id_order_invoice><![CDATA[1816]]></id_order_invoice>
<id_order_payment><![CDATA[1817]]></id_order_payment>
<id_order><![CDATA[1903]]></id_order>
</order_invoice_payment>
<order_invoice_payment><id_order_invoice><![CDATA[1817]]></id_order_invoice>
<id_order_payment><![CDATA[1818]]></id_order_payment>
<id_order><![CDATA[1904]]></id_order>
</order_invoice_payment>
<order_invoice_payment><id_order_invoice><![CDATA[1818]]></id_order_invoice>
<id_order_payment><![CDATA[1819]]></id_order_payment>
<id_order><![CDATA[1905]]></id_order>
</order_invoice_payment>
<order_invoice_payment><id_order_invoice><![CDATA[1819]]></id_order_invoice>
<id_order_payment><![CDATA[1820]]></id_order_payment>
<id_order><![CDATA[1906]]></id_order>
</order_invoice_payment>
<order_invoice_payment><id_order_invoice><![CDATA[1820]]></id_order_invoice>
<id_order_payment><![CDATA[1821]]></id_order_payment>
<id_order><![CDATA[1907]]></id_order>
</order_invoice_payment>
<order_invoice_payment><id_order_invoice><![CDATA[1821]]></id_order_invoice>
<id_order_payment><![CDATA[1822]]></id_order_payment>
<id_order><![CDATA[1908]]></id_order>
</order_invoice_payment>
<order_invoice_payment><id_order_invoice><![CDATA[1822]]></id_order_invoice>
<id_order_payment><![CDATA[1823]]></id_order_payment>
<id_order><![CDATA[1909]]></id_order>
</order_invoice_payment>
<order_invoice_payment><id_order_invoice><![CDATA[1823]]></id_order_invoice>
<id_order_payment><![CDATA[1824]]></id_order_payment>
<id_order><![CDATA[1910]]></id_order>
</order_invoice_payment>
<order_invoice_payment><id_order_invoice><![CDATA[1824]]></id_order_invoice>
<id_order_payment><![CDATA[1825]]></id_order_payment>
<id_order><![CDATA[1911]]></id_order>
</order_invoice_payment>
<order_invoice_payment><id_order_invoice><![CDATA[1825]]></id_order_invoice>
<id_order_payment><![CDATA[1826]]></id_order_payment>
<id_order><![CDATA[1912]]></id_order>
</order_invoice_payment>
<order_invoice_payment><id_order_invoice><![CDATA[1826]]></id_order_invoice>
<id_order_payment><![CDATA[1827]]></id_order_payment>
<id_order><![CDATA[1913]]></id_order>
</order_invoice_payment>
<order_invoice_payment><id_order_invoice><![CDATA[1827]]></id_order_invoice>
<id_order_payment><![CDATA[1828]]></id_order_payment>
<id_order><![CDATA[1914]]></id_order>
</order_invoice_payment>
<order_invoice_payment><id_order_invoice><![CDATA[1828]]></id_order_invoice>
<id_order_payment><![CDATA[1829]]></id_order_payment>
<id_order><![CDATA[1915]]></id_order>
</order_invoice_payment>
<order_invoice_payment><id_order_invoice><![CDATA[1829]]></id_order_invoice>
<id_order_payment><![CDATA[1830]]></id_order_payment>
<id_order><![CDATA[1916]]></id_order>
</order_invoice_payment>
<order_invoice_payment><id_order_invoice><![CDATA[1830]]></id_order_invoice>
<id_order_payment><![CDATA[1831]]></id_order_payment>
<id_order><![CDATA[1917]]></id_order>
</order_invoice_payment>
<order_invoice_payment><id_order_invoice><![CDATA[1831]]></id_order_invoice>
<id_order_payment><![CDATA[1832]]></id_order_payment>
<id_order><![CDATA[1918]]></id_order>
</order_invoice_payment>
<order_invoice_payment><id_order_invoice><![CDATA[1832]]></id_order_invoice>
<id_order_payment><![CDATA[1833]]></id_order_payment>
<id_order><![CDATA[1919]]></id_order>
</order_invoice_payment>
<order_invoice_payment><id_order_invoice><![CDATA[1833]]></id_order_invoice>
<id_order_payment><![CDATA[1834]]></id_order_payment>
<id_order><![CDATA[1920]]></id_order>
</order_invoice_payment>
<order_invoice_payment><id_order_invoice><![CDATA[1834]]></id_order_invoice>
<id_order_payment><![CDATA[1835]]></id_order_payment>
<id_order><![CDATA[1921]]></id_order>
</order_invoice_payment>
<order_invoice_payment><id_order_invoice><![CDATA[1835]]></id_order_invoice>
<id_order_payment><![CDATA[1836]]></id_order_payment>
<id_order><![CDATA[1922]]></id_order>
</order_invoice_payment>
<order_invoice_payment><id_order_invoice><![CDATA[1836]]></id_order_invoice>
<id_order_payment><![CDATA[1837]]></id_order_payment>
<id_order><![CDATA[1923]]></id_order>
</order_invoice_payment>
<order_invoice_payment><id_order_invoice><![CDATA[1837]]></id_order_invoice>
<id_order_payment><![CDATA[1838]]></id_order_payment>
<id_order><![CDATA[1924]]></id_order>
</order_invoice_payment>
<order_invoice_payment><id_order_invoice><![CDATA[1838]]></id_order_invoice>
<id_order_payment><![CDATA[1839]]></id_order_payment>
<id_order><![CDATA[1925]]></id_order>
</order_invoice_payment>
<order_invoice_payment><id_order_invoice><![CDATA[1839]]></id_order_invoice>
<id_order_payment><![CDATA[1840]]></id_order_payment>
<id_order><![CDATA[1926]]></id_order>
</order_invoice_payment>
<order_invoice_payment><id_order_invoice><![CDATA[1840]]></id_order_invoice>
<id_order_payment><![CDATA[1841]]></id_order_payment>
<id_order><![CDATA[1927]]></id_order>
</order_invoice_payment>
<order_invoice_payment><id_order_invoice><![CDATA[1841]]></id_order_invoice>
<id_order_payment><![CDATA[1842]]></id_order_payment>
<id_order><![CDATA[1928]]></id_order>
</order_invoice_payment>
<order_invoice_payment><id_order_invoice><![CDATA[1842]]></id_order_invoice>
<id_order_payment><![CDATA[1843]]></id_order_payment>
<id_order><![CDATA[1929]]></id_order>
</order_invoice_payment>
<order_invoice_payment><id_order_invoice><![CDATA[1843]]></id_order_invoice>
<id_order_payment><![CDATA[1844]]></id_order_payment>
<id_order><![CDATA[1930]]></id_order>
</order_invoice_payment>
<order_invoice_payment><id_order_invoice><![CDATA[1844]]></id_order_invoice>
<id_order_payment><![CDATA[1845]]></id_order_payment>
<id_order><![CDATA[1931]]></id_order>
</order_invoice_payment>
<order_invoice_payment><id_order_invoice><![CDATA[1845]]></id_order_invoice>
<id_order_payment><![CDATA[1846]]></id_order_payment>
<id_order><![CDATA[1932]]></id_order>
</order_invoice_payment>
<order_invoice_payment><id_order_invoice><![CDATA[1846]]></id_order_invoice>
<id_order_payment><![CDATA[1847]]></id_order_payment>
<id_order><![CDATA[1933]]></id_order>
</order_invoice_payment>
<order_invoice_payment><id_order_invoice><![CDATA[1847]]></id_order_invoice>
<id_order_payment><![CDATA[1848]]></id_order_payment>
<id_order><![CDATA[1934]]></id_order>
</order_invoice_payment>
<order_invoice_payment><id_order_invoice><![CDATA[1848]]></id_order_invoice>
<id_order_payment><![CDATA[1849]]></id_order_payment>
<id_order><![CDATA[1935]]></id_order>
</order_invoice_payment>
<order_invoice_payment><id_order_invoice><![CDATA[1849]]></id_order_invoice>
<id_order_payment><![CDATA[1850]]></id_order_payment>
<id_order><![CDATA[1936]]></id_order>
</order_invoice_payment>
<order_invoice_payment><id_order_invoice><![CDATA[1850]]></id_order_invoice>
<id_order_payment><![CDATA[1851]]></id_order_payment>
<id_order><![CDATA[1937]]></id_order>
</order_invoice_payment>
<order_invoice_payment><id_order_invoice><![CDATA[1851]]></id_order_invoice>
<id_order_payment><![CDATA[1852]]></id_order_payment>
<id_order><![CDATA[1938]]></id_order>
</order_invoice_payment>
<order_invoice_payment><id_order_invoice><![CDATA[1852]]></id_order_invoice>
<id_order_payment><![CDATA[1853]]></id_order_payment>
<id_order><![CDATA[1939]]></id_order>
</order_invoice_payment>
<order_invoice_payment><id_order_invoice><![CDATA[1853]]></id_order_invoice>
<id_order_payment><![CDATA[1854]]></id_order_payment>
<id_order><![CDATA[1940]]></id_order>
</order_invoice_payment>
<order_invoice_payment><id_order_invoice><![CDATA[1854]]></id_order_invoice>
<id_order_payment><![CDATA[1855]]></id_order_payment>
<id_order><![CDATA[1941]]></id_order>
</order_invoice_payment>
<order_invoice_payment><id_order_invoice><![CDATA[1855]]></id_order_invoice>
<id_order_payment><![CDATA[1856]]></id_order_payment>
<id_order><![CDATA[1942]]></id_order>
</order_invoice_payment>
<order_invoice_payment><id_order_invoice><![CDATA[1856]]></id_order_invoice>
<id_order_payment><![CDATA[1857]]></id_order_payment>
<id_order><![CDATA[1943]]></id_order>
</order_invoice_payment>
<order_invoice_payment><id_order_invoice><![CDATA[1857]]></id_order_invoice>
<id_order_payment><![CDATA[1858]]></id_order_payment>
<id_order><![CDATA[1944]]></id_order>
</order_invoice_payment>
<order_invoice_payment><id_order_invoice><![CDATA[1858]]></id_order_invoice>
<id_order_payment><![CDATA[1859]]></id_order_payment>
<id_order><![CDATA[1945]]></id_order>
</order_invoice_payment>
<order_invoice_payment><id_order_invoice><![CDATA[1859]]></id_order_invoice>
<id_order_payment><![CDATA[1860]]></id_order_payment>
<id_order><![CDATA[1946]]></id_order>
</order_invoice_payment>
<order_invoice_payment><id_order_invoice><![CDATA[1860]]></id_order_invoice>
<id_order_payment><![CDATA[1861]]></id_order_payment>
<id_order><![CDATA[1947]]></id_order>
</order_invoice_payment>
<order_invoice_payment><id_order_invoice><![CDATA[1861]]></id_order_invoice>
<id_order_payment><![CDATA[1862]]></id_order_payment>
<id_order><![CDATA[1948]]></id_order>
</order_invoice_payment>
<order_invoice_payment><id_order_invoice><![CDATA[1862]]></id_order_invoice>
<id_order_payment><![CDATA[1863]]></id_order_payment>
<id_order><![CDATA[1949]]></id_order>
</order_invoice_payment>
<order_invoice_payment><id_order_invoice><![CDATA[1863]]></id_order_invoice>
<id_order_payment><![CDATA[1864]]></id_order_payment>
<id_order><![CDATA[1950]]></id_order>
</order_invoice_payment>
<order_invoice_payment><id_order_invoice><![CDATA[1864]]></id_order_invoice>
<id_order_payment><![CDATA[1865]]></id_order_payment>
<id_order><![CDATA[1951]]></id_order>
</order_invoice_payment>
<order_invoice_payment><id_order_invoice><![CDATA[1865]]></id_order_invoice>
<id_order_payment><![CDATA[1866]]></id_order_payment>
<id_order><![CDATA[1952]]></id_order>
</order_invoice_payment>
<order_invoice_payment><id_order_invoice><![CDATA[1866]]></id_order_invoice>
<id_order_payment><![CDATA[1867]]></id_order_payment>
<id_order><![CDATA[1953]]></id_order>
</order_invoice_payment>
<order_invoice_payment><id_order_invoice><![CDATA[1867]]></id_order_invoice>
<id_order_payment><![CDATA[1868]]></id_order_payment>
<id_order><![CDATA[1954]]></id_order>
</order_invoice_payment>
<order_invoice_payment><id_order_invoice><![CDATA[1868]]></id_order_invoice>
<id_order_payment><![CDATA[1869]]></id_order_payment>
<id_order><![CDATA[1955]]></id_order>
</order_invoice_payment>
<order_invoice_payment><id_order_invoice><![CDATA[1869]]></id_order_invoice>
<id_order_payment><![CDATA[1870]]></id_order_payment>
<id_order><![CDATA[1956]]></id_order>
</order_invoice_payment>
<order_invoice_payment><id_order_invoice><![CDATA[1870]]></id_order_invoice>
<id_order_payment><![CDATA[1871]]></id_order_payment>
<id_order><![CDATA[1957]]></id_order>
</order_invoice_payment>
<order_invoice_payment><id_order_invoice><![CDATA[1871]]></id_order_invoice>
<id_order_payment><![CDATA[1872]]></id_order_payment>
<id_order><![CDATA[1958]]></id_order>
</order_invoice_payment>
<order_invoice_payment><id_order_invoice><![CDATA[1872]]></id_order_invoice>
<id_order_payment><![CDATA[1873]]></id_order_payment>
<id_order><![CDATA[1959]]></id_order>
</order_invoice_payment>
<order_invoice_payment><id_order_invoice><![CDATA[1873]]></id_order_invoice>
<id_order_payment><![CDATA[1874]]></id_order_payment>
<id_order><![CDATA[1960]]></id_order>
</order_invoice_payment>
<order_invoice_payment><id_order_invoice><![CDATA[1874]]></id_order_invoice>
<id_order_payment><![CDATA[1875]]></id_order_payment>
<id_order><![CDATA[1961]]></id_order>
</order_invoice_payment>
<order_invoice_payment><id_order_invoice><![CDATA[1875]]></id_order_invoice>
<id_order_payment><![CDATA[1876]]></id_order_payment>
<id_order><![CDATA[1962]]></id_order>
</order_invoice_payment>
<order_invoice_payment><id_order_invoice><![CDATA[1876]]></id_order_invoice>
<id_order_payment><![CDATA[1877]]></id_order_payment>
<id_order><![CDATA[1963]]></id_order>
</order_invoice_payment>
<order_invoice_payment><id_order_invoice><![CDATA[1877]]></id_order_invoice>
<id_order_payment><![CDATA[1878]]></id_order_payment>
<id_order><![CDATA[1964]]></id_order>
</order_invoice_payment>
<order_invoice_payment><id_order_invoice><![CDATA[1878]]></id_order_invoice>
<id_order_payment><![CDATA[1879]]></id_order_payment>
<id_order><![CDATA[1965]]></id_order>
</order_invoice_payment>
<order_invoice_payment><id_order_invoice><![CDATA[1879]]></id_order_invoice>
<id_order_payment><![CDATA[1880]]></id_order_payment>
<id_order><![CDATA[1966]]></id_order>
</order_invoice_payment>
<order_invoice_payment><id_order_invoice><![CDATA[1880]]></id_order_invoice>
<id_order_payment><![CDATA[1881]]></id_order_payment>
<id_order><![CDATA[1967]]></id_order>
</order_invoice_payment>
<order_invoice_payment><id_order_invoice><![CDATA[1881]]></id_order_invoice>
<id_order_payment><![CDATA[1882]]></id_order_payment>
<id_order><![CDATA[1968]]></id_order>
</order_invoice_payment>
<order_invoice_payment><id_order_invoice><![CDATA[1882]]></id_order_invoice>
<id_order_payment><![CDATA[1883]]></id_order_payment>
<id_order><![CDATA[1969]]></id_order>
</order_invoice_payment>
<order_invoice_payment><id_order_invoice><![CDATA[1883]]></id_order_invoice>
<id_order_payment><![CDATA[1884]]></id_order_payment>
<id_order><![CDATA[1970]]></id_order>
</order_invoice_payment>
<order_invoice_payment><id_order_invoice><![CDATA[1884]]></id_order_invoice>
<id_order_payment><![CDATA[1885]]></id_order_payment>
<id_order><![CDATA[1971]]></id_order>
</order_invoice_payment>
<order_invoice_payment><id_order_invoice><![CDATA[1885]]></id_order_invoice>
<id_order_payment><![CDATA[1886]]></id_order_payment>
<id_order><![CDATA[1972]]></id_order>
</order_invoice_payment>
<order_invoice_payment><id_order_invoice><![CDATA[1886]]></id_order_invoice>
<id_order_payment><![CDATA[1887]]></id_order_payment>
<id_order><![CDATA[1973]]></id_order>
</order_invoice_payment>
<order_invoice_payment><id_order_invoice><![CDATA[1887]]></id_order_invoice>
<id_order_payment><![CDATA[1888]]></id_order_payment>
<id_order><![CDATA[1974]]></id_order>
</order_invoice_payment>
<order_invoice_payment><id_order_invoice><![CDATA[1888]]></id_order_invoice>
<id_order_payment><![CDATA[1889]]></id_order_payment>
<id_order><![CDATA[1975]]></id_order>
</order_invoice_payment>
<order_invoice_payment><id_order_invoice><![CDATA[1889]]></id_order_invoice>
<id_order_payment><![CDATA[1890]]></id_order_payment>
<id_order><![CDATA[1976]]></id_order>
</order_invoice_payment>
<order_invoice_payment><id_order_invoice><![CDATA[1890]]></id_order_invoice>
<id_order_payment><![CDATA[1891]]></id_order_payment>
<id_order><![CDATA[1977]]></id_order>
</order_invoice_payment>
<order_invoice_payment><id_order_invoice><![CDATA[1891]]></id_order_invoice>
<id_order_payment><![CDATA[1892]]></id_order_payment>
<id_order><![CDATA[1978]]></id_order>
</order_invoice_payment>
<order_invoice_payment><id_order_invoice><![CDATA[1892]]></id_order_invoice>
<id_order_payment><![CDATA[1893]]></id_order_payment>
<id_order><![CDATA[1979]]></id_order>
</order_invoice_payment>
<order_invoice_payment><id_order_invoice><![CDATA[1893]]></id_order_invoice>
<id_order_payment><![CDATA[1894]]></id_order_payment>
<id_order><![CDATA[1980]]></id_order>
</order_invoice_payment>
<order_invoice_payment><id_order_invoice><![CDATA[1894]]></id_order_invoice>
<id_order_payment><![CDATA[1895]]></id_order_payment>
<id_order><![CDATA[1981]]></id_order>
</order_invoice_payment>
<order_invoice_payment><id_order_invoice><![CDATA[1895]]></id_order_invoice>
<id_order_payment><![CDATA[1896]]></id_order_payment>
<id_order><![CDATA[1982]]></id_order>
</order_invoice_payment>
<order_invoice_payment><id_order_invoice><![CDATA[1896]]></id_order_invoice>
<id_order_payment><![CDATA[1897]]></id_order_payment>
<id_order><![CDATA[1983]]></id_order>
</order_invoice_payment>
<order_invoice_payment><id_order_invoice><![CDATA[1897]]></id_order_invoice>
<id_order_payment><![CDATA[1898]]></id_order_payment>
<id_order><![CDATA[1984]]></id_order>
</order_invoice_payment>
<order_invoice_payment><id_order_invoice><![CDATA[1898]]></id_order_invoice>
<id_order_payment><![CDATA[1899]]></id_order_payment>
<id_order><![CDATA[1985]]></id_order>
</order_invoice_payment>
<order_invoice_payment><id_order_invoice><![CDATA[1899]]></id_order_invoice>
<id_order_payment><![CDATA[1900]]></id_order_payment>
<id_order><![CDATA[1986]]></id_order>
</order_invoice_payment>
<order_invoice_payment><id_order_invoice><![CDATA[1900]]></id_order_invoice>
<id_order_payment><![CDATA[1901]]></id_order_payment>
<id_order><![CDATA[1987]]></id_order>
</order_invoice_payment>
<order_invoice_payment><id_order_invoice><![CDATA[1901]]></id_order_invoice>
<id_order_payment><![CDATA[1902]]></id_order_payment>
<id_order><![CDATA[1988]]></id_order>
</order_invoice_payment>
<order_invoice_payment><id_order_invoice><![CDATA[1902]]></id_order_invoice>
<id_order_payment><![CDATA[1903]]></id_order_payment>
<id_order><![CDATA[1989]]></id_order>
</order_invoice_payment>
<order_invoice_payment><id_order_invoice><![CDATA[1903]]></id_order_invoice>
<id_order_payment><![CDATA[1904]]></id_order_payment>
<id_order><![CDATA[1990]]></id_order>
</order_invoice_payment>
<order_invoice_payment><id_order_invoice><![CDATA[1904]]></id_order_invoice>
<id_order_payment><![CDATA[1905]]></id_order_payment>
<id_order><![CDATA[1991]]></id_order>
</order_invoice_payment>
<order_invoice_payment><id_order_invoice><![CDATA[1905]]></id_order_invoice>
<id_order_payment><![CDATA[1906]]></id_order_payment>
<id_order><![CDATA[1992]]></id_order>
</order_invoice_payment>
<order_invoice_payment><id_order_invoice><![CDATA[1906]]></id_order_invoice>
<id_order_payment><![CDATA[1907]]></id_order_payment>
<id_order><![CDATA[1993]]></id_order>
</order_invoice_payment>
<order_invoice_payment><id_order_invoice><![CDATA[1907]]></id_order_invoice>
<id_order_payment><![CDATA[1908]]></id_order_payment>
<id_order><![CDATA[1994]]></id_order>
</order_invoice_payment>
<order_invoice_payment><id_order_invoice><![CDATA[1908]]></id_order_invoice>
<id_order_payment><![CDATA[1909]]></id_order_payment>
<id_order><![CDATA[1995]]></id_order>
</order_invoice_payment>
<order_invoice_payment><id_order_invoice><![CDATA[1909]]></id_order_invoice>
<id_order_payment><![CDATA[1910]]></id_order_payment>
<id_order><![CDATA[1996]]></id_order>
</order_invoice_payment>
<order_invoice_payment><id_order_invoice><![CDATA[1910]]></id_order_invoice>
<id_order_payment><![CDATA[1911]]></id_order_payment>
<id_order><![CDATA[1997]]></id_order>
</order_invoice_payment>
<order_invoice_payment><id_order_invoice><![CDATA[1911]]></id_order_invoice>
<id_order_payment><![CDATA[1912]]></id_order_payment>
<id_order><![CDATA[1998]]></id_order>
</order_invoice_payment>
<order_invoice_payment><id_order_invoice><![CDATA[1912]]></id_order_invoice>
<id_order_payment><![CDATA[1913]]></id_order_payment>
<id_order><![CDATA[1999]]></id_order>
</order_invoice_payment>
<order_invoice_payment><id_order_invoice><![CDATA[1913]]></id_order_invoice>
<id_order_payment><![CDATA[1914]]></id_order_payment>
<id_order><![CDATA[2000]]></id_order>
</order_invoice_payment>
<order_invoice_payment><id_order_invoice><![CDATA[1914]]></id_order_invoice>
<id_order_payment><![CDATA[1915]]></id_order_payment>
<id_order><![CDATA[2001]]></id_order>
</order_invoice_payment>
<order_invoice_payment><id_order_invoice><![CDATA[1915]]></id_order_invoice>
<id_order_payment><![CDATA[1916]]></id_order_payment>
<id_order><![CDATA[2002]]></id_order>
</order_invoice_payment>
<order_invoice_payment><id_order_invoice><![CDATA[1916]]></id_order_invoice>
<id_order_payment><![CDATA[1917]]></id_order_payment>
<id_order><![CDATA[2003]]></id_order>
</order_invoice_payment>
<order_invoice_payment><id_order_invoice><![CDATA[1917]]></id_order_invoice>
<id_order_payment><![CDATA[1918]]></id_order_payment>
<id_order><![CDATA[2004]]></id_order>
</order_invoice_payment>
<order_invoice_payment><id_order_invoice><![CDATA[1918]]></id_order_invoice>
<id_order_payment><![CDATA[1919]]></id_order_payment>
<id_order><![CDATA[2005]]></id_order>
</order_invoice_payment>
<order_invoice_payment><id_order_invoice><![CDATA[1919]]></id_order_invoice>
<id_order_payment><![CDATA[1920]]></id_order_payment>
<id_order><![CDATA[2006]]></id_order>
</order_invoice_payment>
<order_invoice_payment><id_order_invoice><![CDATA[1920]]></id_order_invoice>
<id_order_payment><![CDATA[1921]]></id_order_payment>
<id_order><![CDATA[2007]]></id_order>
</order_invoice_payment>
<order_invoice_payment><id_order_invoice><![CDATA[1921]]></id_order_invoice>
<id_order_payment><![CDATA[1922]]></id_order_payment>
<id_order><![CDATA[2008]]></id_order>
</order_invoice_payment>
<order_invoice_payment><id_order_invoice><![CDATA[1922]]></id_order_invoice>
<id_order_payment><![CDATA[1923]]></id_order_payment>
<id_order><![CDATA[2009]]></id_order>
</order_invoice_payment>
<order_invoice_payment><id_order_invoice><![CDATA[1923]]></id_order_invoice>
<id_order_payment><![CDATA[1924]]></id_order_payment>
<id_order><![CDATA[2010]]></id_order>
</order_invoice_payment>
<order_invoice_payment><id_order_invoice><![CDATA[1924]]></id_order_invoice>
<id_order_payment><![CDATA[1925]]></id_order_payment>
<id_order><![CDATA[2011]]></id_order>
</order_invoice_payment>
<order_invoice_payment><id_order_invoice><![CDATA[1925]]></id_order_invoice>
<id_order_payment><![CDATA[1926]]></id_order_payment>
<id_order><![CDATA[2012]]></id_order>
</order_invoice_payment>
<order_invoice_payment><id_order_invoice><![CDATA[1926]]></id_order_invoice>
<id_order_payment><![CDATA[1927]]></id_order_payment>
<id_order><![CDATA[2013]]></id_order>
</order_invoice_payment>
<order_invoice_payment><id_order_invoice><![CDATA[1927]]></id_order_invoice>
<id_order_payment><![CDATA[1928]]></id_order_payment>
<id_order><![CDATA[2014]]></id_order>
</order_invoice_payment>
<order_invoice_payment><id_order_invoice><![CDATA[1928]]></id_order_invoice>
<id_order_payment><![CDATA[1929]]></id_order_payment>
<id_order><![CDATA[2015]]></id_order>
</order_invoice_payment>
<order_invoice_payment><id_order_invoice><![CDATA[1929]]></id_order_invoice>
<id_order_payment><![CDATA[1930]]></id_order_payment>
<id_order><![CDATA[2016]]></id_order>
</order_invoice_payment>
<order_invoice_payment><id_order_invoice><![CDATA[1930]]></id_order_invoice>
<id_order_payment><![CDATA[1931]]></id_order_payment>
<id_order><![CDATA[2017]]></id_order>
</order_invoice_payment>
<order_invoice_payment><id_order_invoice><![CDATA[1931]]></id_order_invoice>
<id_order_payment><![CDATA[1932]]></id_order_payment>
<id_order><![CDATA[2018]]></id_order>
</order_invoice_payment>
<order_invoice_payment><id_order_invoice><![CDATA[1932]]></id_order_invoice>
<id_order_payment><![CDATA[1933]]></id_order_payment>
<id_order><![CDATA[2019]]></id_order>
</order_invoice_payment>
<order_invoice_payment><id_order_invoice><![CDATA[1933]]></id_order_invoice>
<id_order_payment><![CDATA[1934]]></id_order_payment>
<id_order><![CDATA[2020]]></id_order>
</order_invoice_payment>
<order_invoice_payment><id_order_invoice><![CDATA[1934]]></id_order_invoice>
<id_order_payment><![CDATA[1935]]></id_order_payment>
<id_order><![CDATA[2021]]></id_order>
</order_invoice_payment>
<order_invoice_payment><id_order_invoice><![CDATA[1935]]></id_order_invoice>
<id_order_payment><![CDATA[1936]]></id_order_payment>
<id_order><![CDATA[2022]]></id_order>
</order_invoice_payment>
<order_invoice_payment><id_order_invoice><![CDATA[1936]]></id_order_invoice>
<id_order_payment><![CDATA[1937]]></id_order_payment>
<id_order><![CDATA[2023]]></id_order>
</order_invoice_payment>
<order_invoice_payment><id_order_invoice><![CDATA[1937]]></id_order_invoice>
<id_order_payment><![CDATA[1938]]></id_order_payment>
<id_order><![CDATA[2024]]></id_order>
</order_invoice_payment>
<order_invoice_payment><id_order_invoice><![CDATA[1938]]></id_order_invoice>
<id_order_payment><![CDATA[1939]]></id_order_payment>
<id_order><![CDATA[2025]]></id_order>
</order_invoice_payment>
<order_invoice_payment><id_order_invoice><![CDATA[1939]]></id_order_invoice>
<id_order_payment><![CDATA[1940]]></id_order_payment>
<id_order><![CDATA[2026]]></id_order>
</order_invoice_payment>
<order_invoice_payment><id_order_invoice><![CDATA[1940]]></id_order_invoice>
<id_order_payment><![CDATA[1941]]></id_order_payment>
<id_order><![CDATA[2027]]></id_order>
</order_invoice_payment>
<order_invoice_payment><id_order_invoice><![CDATA[1941]]></id_order_invoice>
<id_order_payment><![CDATA[1942]]></id_order_payment>
<id_order><![CDATA[2028]]></id_order>
</order_invoice_payment>
<order_invoice_payment><id_order_invoice><![CDATA[1942]]></id_order_invoice>
<id_order_payment><![CDATA[1943]]></id_order_payment>
<id_order><![CDATA[2029]]></id_order>
</order_invoice_payment>
<order_invoice_payment><id_order_invoice><![CDATA[1943]]></id_order_invoice>
<id_order_payment><![CDATA[1944]]></id_order_payment>
<id_order><![CDATA[2030]]></id_order>
</order_invoice_payment>
<order_invoice_payment><id_order_invoice><![CDATA[1944]]></id_order_invoice>
<id_order_payment><![CDATA[1945]]></id_order_payment>
<id_order><![CDATA[2031]]></id_order>
</order_invoice_payment>
<order_invoice_payment><id_order_invoice><![CDATA[1945]]></id_order_invoice>
<id_order_payment><![CDATA[1946]]></id_order_payment>
<id_order><![CDATA[2032]]></id_order>
</order_invoice_payment>
<order_invoice_payment><id_order_invoice><![CDATA[1946]]></id_order_invoice>
<id_order_payment><![CDATA[1947]]></id_order_payment>
<id_order><![CDATA[2033]]></id_order>
</order_invoice_payment>
<order_invoice_payment><id_order_invoice><![CDATA[1947]]></id_order_invoice>
<id_order_payment><![CDATA[1948]]></id_order_payment>
<id_order><![CDATA[2034]]></id_order>
</order_invoice_payment>
<order_invoice_payment><id_order_invoice><![CDATA[1948]]></id_order_invoice>
<id_order_payment><![CDATA[1949]]></id_order_payment>
<id_order><![CDATA[2035]]></id_order>
</order_invoice_payment>
<order_invoice_payment><id_order_invoice><![CDATA[1949]]></id_order_invoice>
<id_order_payment><![CDATA[1950]]></id_order_payment>
<id_order><![CDATA[2036]]></id_order>
</order_invoice_payment>
<order_invoice_payment><id_order_invoice><![CDATA[1950]]></id_order_invoice>
<id_order_payment><![CDATA[1951]]></id_order_payment>
<id_order><![CDATA[2037]]></id_order>
</order_invoice_payment>
<order_invoice_payment><id_order_invoice><![CDATA[1951]]></id_order_invoice>
<id_order_payment><![CDATA[1952]]></id_order_payment>
<id_order><![CDATA[2038]]></id_order>
</order_invoice_payment>
<order_invoice_payment><id_order_invoice><![CDATA[1952]]></id_order_invoice>
<id_order_payment><![CDATA[1953]]></id_order_payment>
<id_order><![CDATA[2039]]></id_order>
</order_invoice_payment>
<order_invoice_payment><id_order_invoice><![CDATA[1953]]></id_order_invoice>
<id_order_payment><![CDATA[1954]]></id_order_payment>
<id_order><![CDATA[2040]]></id_order>
</order_invoice_payment>
<order_invoice_payment><id_order_invoice><![CDATA[1954]]></id_order_invoice>
<id_order_payment><![CDATA[1955]]></id_order_payment>
<id_order><![CDATA[2041]]></id_order>
</order_invoice_payment>
<order_invoice_payment><id_order_invoice><![CDATA[1955]]></id_order_invoice>
<id_order_payment><![CDATA[1956]]></id_order_payment>
<id_order><![CDATA[2042]]></id_order>
</order_invoice_payment>
<order_invoice_payment><id_order_invoice><![CDATA[1956]]></id_order_invoice>
<id_order_payment><![CDATA[1957]]></id_order_payment>
<id_order><![CDATA[2043]]></id_order>
</order_invoice_payment>
<order_invoice_payment><id_order_invoice><![CDATA[1957]]></id_order_invoice>
<id_order_payment><![CDATA[1958]]></id_order_payment>
<id_order><![CDATA[2044]]></id_order>
</order_invoice_payment>
<order_invoice_payment><id_order_invoice><![CDATA[1958]]></id_order_invoice>
<id_order_payment><![CDATA[1959]]></id_order_payment>
<id_order><![CDATA[2045]]></id_order>
</order_invoice_payment>
<order_invoice_payment><id_order_invoice><![CDATA[1959]]></id_order_invoice>
<id_order_payment><![CDATA[1960]]></id_order_payment>
<id_order><![CDATA[2046]]></id_order>
</order_invoice_payment>
<order_invoice_payment><id_order_invoice><![CDATA[1960]]></id_order_invoice>
<id_order_payment><![CDATA[1961]]></id_order_payment>
<id_order><![CDATA[2047]]></id_order>
</order_invoice_payment>
<order_invoice_payment><id_order_invoice><![CDATA[1961]]></id_order_invoice>
<id_order_payment><![CDATA[1962]]></id_order_payment>
<id_order><![CDATA[2048]]></id_order>
</order_invoice_payment>
<order_invoice_payment><id_order_invoice><![CDATA[1962]]></id_order_invoice>
<id_order_payment><![CDATA[1963]]></id_order_payment>
<id_order><![CDATA[2049]]></id_order>
</order_invoice_payment>
<order_invoice_payment><id_order_invoice><![CDATA[1963]]></id_order_invoice>
<id_order_payment><![CDATA[1964]]></id_order_payment>
<id_order><![CDATA[2050]]></id_order>
</order_invoice_payment>
<order_invoice_payment><id_order_invoice><![CDATA[1964]]></id_order_invoice>
<id_order_payment><![CDATA[1965]]></id_order_payment>
<id_order><![CDATA[2051]]></id_order>
</order_invoice_payment>
<order_invoice_payment><id_order_invoice><![CDATA[1965]]></id_order_invoice>
<id_order_payment><![CDATA[1966]]></id_order_payment>
<id_order><![CDATA[2052]]></id_order>
</order_invoice_payment>
<order_invoice_payment><id_order_invoice><![CDATA[1966]]></id_order_invoice>
<id_order_payment><![CDATA[1967]]></id_order_payment>
<id_order><![CDATA[2053]]></id_order>
</order_invoice_payment>
<order_invoice_payment><id_order_invoice><![CDATA[1967]]></id_order_invoice>
<id_order_payment><![CDATA[1968]]></id_order_payment>
<id_order><![CDATA[2054]]></id_order>
</order_invoice_payment>
<order_invoice_payment><id_order_invoice><![CDATA[1968]]></id_order_invoice>
<id_order_payment><![CDATA[1969]]></id_order_payment>
<id_order><![CDATA[2055]]></id_order>
</order_invoice_payment>
<order_invoice_payment><id_order_invoice><![CDATA[1969]]></id_order_invoice>
<id_order_payment><![CDATA[1970]]></id_order_payment>
<id_order><![CDATA[2056]]></id_order>
</order_invoice_payment>
<order_invoice_payment><id_order_invoice><![CDATA[1970]]></id_order_invoice>
<id_order_payment><![CDATA[1971]]></id_order_payment>
<id_order><![CDATA[2057]]></id_order>
</order_invoice_payment>
<order_invoice_payment><id_order_invoice><![CDATA[1971]]></id_order_invoice>
<id_order_payment><![CDATA[1972]]></id_order_payment>
<id_order><![CDATA[2058]]></id_order>
</order_invoice_payment>
<order_invoice_payment><id_order_invoice><![CDATA[1972]]></id_order_invoice>
<id_order_payment><![CDATA[1973]]></id_order_payment>
<id_order><![CDATA[2059]]></id_order>
</order_invoice_payment>
<order_invoice_payment><id_order_invoice><![CDATA[1973]]></id_order_invoice>
<id_order_payment><![CDATA[1974]]></id_order_payment>
<id_order><![CDATA[2060]]></id_order>
</order_invoice_payment>
<order_invoice_payment><id_order_invoice><![CDATA[1974]]></id_order_invoice>
<id_order_payment><![CDATA[1975]]></id_order_payment>
<id_order><![CDATA[2061]]></id_order>
</order_invoice_payment>
<order_invoice_payment><id_order_invoice><![CDATA[1975]]></id_order_invoice>
<id_order_payment><![CDATA[1976]]></id_order_payment>
<id_order><![CDATA[2062]]></id_order>
</order_invoice_payment>
<order_invoice_payment><id_order_invoice><![CDATA[1976]]></id_order_invoice>
<id_order_payment><![CDATA[1977]]></id_order_payment>
<id_order><![CDATA[2063]]></id_order>
</order_invoice_payment>
<order_invoice_payment><id_order_invoice><![CDATA[1977]]></id_order_invoice>
<id_order_payment><![CDATA[1978]]></id_order_payment>
<id_order><![CDATA[2064]]></id_order>
</order_invoice_payment>
<order_invoice_payment><id_order_invoice><![CDATA[1978]]></id_order_invoice>
<id_order_payment><![CDATA[1979]]></id_order_payment>
<id_order><![CDATA[2065]]></id_order>
</order_invoice_payment>
<order_invoice_payment><id_order_invoice><![CDATA[1979]]></id_order_invoice>
<id_order_payment><![CDATA[1980]]></id_order_payment>
<id_order><![CDATA[2066]]></id_order>
</order_invoice_payment>
<order_invoice_payment><id_order_invoice><![CDATA[1980]]></id_order_invoice>
<id_order_payment><![CDATA[1981]]></id_order_payment>
<id_order><![CDATA[2067]]></id_order>
</order_invoice_payment>
<order_invoice_payment><id_order_invoice><![CDATA[1981]]></id_order_invoice>
<id_order_payment><![CDATA[1982]]></id_order_payment>
<id_order><![CDATA[2068]]></id_order>
</order_invoice_payment>
<order_invoice_payment><id_order_invoice><![CDATA[1982]]></id_order_invoice>
<id_order_payment><![CDATA[1983]]></id_order_payment>
<id_order><![CDATA[2069]]></id_order>
</order_invoice_payment>
<order_invoice_payment><id_order_invoice><![CDATA[1983]]></id_order_invoice>
<id_order_payment><![CDATA[1984]]></id_order_payment>
<id_order><![CDATA[2070]]></id_order>
</order_invoice_payment>
<order_invoice_payment><id_order_invoice><![CDATA[1984]]></id_order_invoice>
<id_order_payment><![CDATA[1985]]></id_order_payment>
<id_order><![CDATA[2071]]></id_order>
</order_invoice_payment>
<order_invoice_payment><id_order_invoice><![CDATA[1985]]></id_order_invoice>
<id_order_payment><![CDATA[1986]]></id_order_payment>
<id_order><![CDATA[2072]]></id_order>
</order_invoice_payment>
<order_invoice_payment><id_order_invoice><![CDATA[1986]]></id_order_invoice>
<id_order_payment><![CDATA[1987]]></id_order_payment>
<id_order><![CDATA[2073]]></id_order>
</order_invoice_payment>
<order_invoice_payment><id_order_invoice><![CDATA[1987]]></id_order_invoice>
<id_order_payment><![CDATA[1988]]></id_order_payment>
<id_order><![CDATA[2074]]></id_order>
</order_invoice_payment>
<order_invoice_payment><id_order_invoice><![CDATA[1988]]></id_order_invoice>
<id_order_payment><![CDATA[1989]]></id_order_payment>
<id_order><![CDATA[2075]]></id_order>
</order_invoice_payment>
<order_invoice_payment><id_order_invoice><![CDATA[1989]]></id_order_invoice>
<id_order_payment><![CDATA[1990]]></id_order_payment>
<id_order><![CDATA[2076]]></id_order>
</order_invoice_payment>
<order_invoice_payment><id_order_invoice><![CDATA[1990]]></id_order_invoice>
<id_order_payment><![CDATA[1991]]></id_order_payment>
<id_order><![CDATA[2077]]></id_order>
</order_invoice_payment>
<order_invoice_payment><id_order_invoice><![CDATA[1991]]></id_order_invoice>
<id_order_payment><![CDATA[1992]]></id_order_payment>
<id_order><![CDATA[2078]]></id_order>
</order_invoice_payment>
<order_invoice_payment><id_order_invoice><![CDATA[1992]]></id_order_invoice>
<id_order_payment><![CDATA[1993]]></id_order_payment>
<id_order><![CDATA[2079]]></id_order>
</order_invoice_payment>
<order_invoice_payment><id_order_invoice><![CDATA[1993]]></id_order_invoice>
<id_order_payment><![CDATA[1994]]></id_order_payment>
<id_order><![CDATA[2080]]></id_order>
</order_invoice_payment>
<order_invoice_payment><id_order_invoice><![CDATA[1994]]></id_order_invoice>
<id_order_payment><![CDATA[1995]]></id_order_payment>
<id_order><![CDATA[2081]]></id_order>
</order_invoice_payment>
<order_invoice_payment><id_order_invoice><![CDATA[1995]]></id_order_invoice>
<id_order_payment><![CDATA[1996]]></id_order_payment>
<id_order><![CDATA[2082]]></id_order>
</order_invoice_payment>
<order_invoice_payment><id_order_invoice><![CDATA[1996]]></id_order_invoice>
<id_order_payment><![CDATA[1997]]></id_order_payment>
<id_order><![CDATA[2083]]></id_order>
</order_invoice_payment>
<order_invoice_payment><id_order_invoice><![CDATA[1997]]></id_order_invoice>
<id_order_payment><![CDATA[1998]]></id_order_payment>
<id_order><![CDATA[2084]]></id_order>
</order_invoice_payment>
<order_invoice_payment><id_order_invoice><![CDATA[1998]]></id_order_invoice>
<id_order_payment><![CDATA[1999]]></id_order_payment>
<id_order><![CDATA[2085]]></id_order>
</order_invoice_payment>
<order_invoice_payment><id_order_invoice><![CDATA[1999]]></id_order_invoice>
<id_order_payment><![CDATA[2000]]></id_order_payment>
<id_order><![CDATA[2086]]></id_order>
</order_invoice_payment>
<order_invoice_payment><id_order_invoice><![CDATA[2000]]></id_order_invoice>
<id_order_payment><![CDATA[2001]]></id_order_payment>
<id_order><![CDATA[2087]]></id_order>
</order_invoice_payment>
</entity_profile>
