<?xml version="1.0" encoding="UTF-8"?>
<entity_profile>
<order_invoice_tax><id_order_invoice><![CDATA[1029]]></id_order_invoice>
<type><![CDATA[shipping]]></type>
<id_tax><![CDATA[5]]></id_tax>
<amount><![CDATA[0.781200]]></amount>
</order_invoice_tax>
<order_invoice_tax><id_order_invoice><![CDATA[1030]]></id_order_invoice>
<type><![CDATA[shipping]]></type>
<id_tax><![CDATA[5]]></id_tax>
<amount><![CDATA[0.000000]]></amount>
</order_invoice_tax>
<order_invoice_tax><id_order_invoice><![CDATA[1031]]></id_order_invoice>
<type><![CDATA[shipping]]></type>
<id_tax><![CDATA[5]]></id_tax>
<amount><![CDATA[0.000000]]></amount>
</order_invoice_tax>
<order_invoice_tax><id_order_invoice><![CDATA[1032]]></id_order_invoice>
<type><![CDATA[shipping]]></type>
<id_tax><![CDATA[1]]></id_tax>
<amount><![CDATA[1.302000]]></amount>
</order_invoice_tax>
<order_invoice_tax><id_order_invoice><![CDATA[1033]]></id_order_invoice>
<type><![CDATA[shipping]]></type>
<id_tax><![CDATA[1]]></id_tax>
<amount><![CDATA[1.545600]]></amount>
</order_invoice_tax>
<order_invoice_tax><id_order_invoice><![CDATA[1034]]></id_order_invoice>
<type><![CDATA[shipping]]></type>
<id_tax><![CDATA[1]]></id_tax>
<amount><![CDATA[1.476300]]></amount>
</order_invoice_tax>
<order_invoice_tax><id_order_invoice><![CDATA[1035]]></id_order_invoice>
<type><![CDATA[shipping]]></type>
<id_tax><![CDATA[5]]></id_tax>
<amount><![CDATA[0.781200]]></amount>
</order_invoice_tax>
<order_invoice_tax><id_order_invoice><![CDATA[1036]]></id_order_invoice>
<type><![CDATA[shipping]]></type>
<id_tax><![CDATA[1]]></id_tax>
<amount><![CDATA[1.509900]]></amount>
</order_invoice_tax>
<order_invoice_tax><id_order_invoice><![CDATA[1037]]></id_order_invoice>
<type><![CDATA[shipping]]></type>
<id_tax><![CDATA[1]]></id_tax>
<amount><![CDATA[1.476300]]></amount>
</order_invoice_tax>
<order_invoice_tax><id_order_invoice><![CDATA[1038]]></id_order_invoice>
<type><![CDATA[shipping]]></type>
<id_tax><![CDATA[5]]></id_tax>
<amount><![CDATA[0.000000]]></amount>
</order_invoice_tax>
<order_invoice_tax><id_order_invoice><![CDATA[1039]]></id_order_invoice>
<type><![CDATA[shipping]]></type>
<id_tax><![CDATA[1]]></id_tax>
<amount><![CDATA[1.302000]]></amount>
</order_invoice_tax>
<order_invoice_tax><id_order_invoice><![CDATA[1040]]></id_order_invoice>
<type><![CDATA[shipping]]></type>
<id_tax><![CDATA[1]]></id_tax>
<amount><![CDATA[1.545600]]></amount>
</order_invoice_tax>
<order_invoice_tax><id_order_invoice><![CDATA[1041]]></id_order_invoice>
<type><![CDATA[shipping]]></type>
<id_tax><![CDATA[1]]></id_tax>
<amount><![CDATA[0.000000]]></amount>
</order_invoice_tax>
<order_invoice_tax><id_order_invoice><![CDATA[1042]]></id_order_invoice>
<type><![CDATA[shipping]]></type>
<id_tax><![CDATA[5]]></id_tax>
<amount><![CDATA[0.781200]]></amount>
</order_invoice_tax>
<order_invoice_tax><id_order_invoice><![CDATA[1043]]></id_order_invoice>
<type><![CDATA[shipping]]></type>
<id_tax><![CDATA[5]]></id_tax>
<amount><![CDATA[0.781200]]></amount>
</order_invoice_tax>
<order_invoice_tax><id_order_invoice><![CDATA[1044]]></id_order_invoice>
<type><![CDATA[shipping]]></type>
<id_tax><![CDATA[1]]></id_tax>
<amount><![CDATA[1.545600]]></amount>
</order_invoice_tax>
<order_invoice_tax><id_order_invoice><![CDATA[1045]]></id_order_invoice>
<type><![CDATA[shipping]]></type>
<id_tax><![CDATA[1]]></id_tax>
<amount><![CDATA[1.302000]]></amount>
</order_invoice_tax>
<order_invoice_tax><id_order_invoice><![CDATA[1046]]></id_order_invoice>
<type><![CDATA[shipping]]></type>
<id_tax><![CDATA[1]]></id_tax>
<amount><![CDATA[1.545600]]></amount>
</order_invoice_tax>
<order_invoice_tax><id_order_invoice><![CDATA[1047]]></id_order_invoice>
<type><![CDATA[shipping]]></type>
<id_tax><![CDATA[5]]></id_tax>
<amount><![CDATA[0.781200]]></amount>
</order_invoice_tax>
<order_invoice_tax><id_order_invoice><![CDATA[1048]]></id_order_invoice>
<type><![CDATA[shipping]]></type>
<id_tax><![CDATA[5]]></id_tax>
<amount><![CDATA[0.781200]]></amount>
</order_invoice_tax>
<order_invoice_tax><id_order_invoice><![CDATA[1049]]></id_order_invoice>
<type><![CDATA[shipping]]></type>
<id_tax><![CDATA[1]]></id_tax>
<amount><![CDATA[5.208000]]></amount>
</order_invoice_tax>
<order_invoice_tax><id_order_invoice><![CDATA[1050]]></id_order_invoice>
<type><![CDATA[shipping]]></type>
<id_tax><![CDATA[1]]></id_tax>
<amount><![CDATA[5.208000]]></amount>
</order_invoice_tax>
<order_invoice_tax><id_order_invoice><![CDATA[1051]]></id_order_invoice>
<type><![CDATA[shipping]]></type>
<id_tax><![CDATA[1]]></id_tax>
<amount><![CDATA[1.545600]]></amount>
</order_invoice_tax>
<order_invoice_tax><id_order_invoice><![CDATA[1052]]></id_order_invoice>
<type><![CDATA[shipping]]></type>
<id_tax><![CDATA[1]]></id_tax>
<amount><![CDATA[1.476300]]></amount>
</order_invoice_tax>
<order_invoice_tax><id_order_invoice><![CDATA[1053]]></id_order_invoice>
<type><![CDATA[shipping]]></type>
<id_tax><![CDATA[1]]></id_tax>
<amount><![CDATA[1.302000]]></amount>
</order_invoice_tax>
<order_invoice_tax><id_order_invoice><![CDATA[1054]]></id_order_invoice>
<type><![CDATA[shipping]]></type>
<id_tax><![CDATA[1]]></id_tax>
<amount><![CDATA[1.545600]]></amount>
</order_invoice_tax>
<order_invoice_tax><id_order_invoice><![CDATA[1055]]></id_order_invoice>
<type><![CDATA[shipping]]></type>
<id_tax><![CDATA[1]]></id_tax>
<amount><![CDATA[1.302000]]></amount>
</order_invoice_tax>
<order_invoice_tax><id_order_invoice><![CDATA[1056]]></id_order_invoice>
<type><![CDATA[shipping]]></type>
<id_tax><![CDATA[1]]></id_tax>
<amount><![CDATA[1.302000]]></amount>
</order_invoice_tax>
<order_invoice_tax><id_order_invoice><![CDATA[1057]]></id_order_invoice>
<type><![CDATA[shipping]]></type>
<id_tax><![CDATA[1]]></id_tax>
<amount><![CDATA[1.302000]]></amount>
</order_invoice_tax>
<order_invoice_tax><id_order_invoice><![CDATA[1058]]></id_order_invoice>
<type><![CDATA[shipping]]></type>
<id_tax><![CDATA[1]]></id_tax>
<amount><![CDATA[1.509900]]></amount>
</order_invoice_tax>
<order_invoice_tax><id_order_invoice><![CDATA[1059]]></id_order_invoice>
<type><![CDATA[shipping]]></type>
<id_tax><![CDATA[1]]></id_tax>
<amount><![CDATA[1.476300]]></amount>
</order_invoice_tax>
<order_invoice_tax><id_order_invoice><![CDATA[1060]]></id_order_invoice>
<type><![CDATA[shipping]]></type>
<id_tax><![CDATA[5]]></id_tax>
<amount><![CDATA[0.781200]]></amount>
</order_invoice_tax>
<order_invoice_tax><id_order_invoice><![CDATA[1061]]></id_order_invoice>
<type><![CDATA[shipping]]></type>
<id_tax><![CDATA[1]]></id_tax>
<amount><![CDATA[1.476300]]></amount>
</order_invoice_tax>
<order_invoice_tax><id_order_invoice><![CDATA[1062]]></id_order_invoice>
<type><![CDATA[shipping]]></type>
<id_tax><![CDATA[1]]></id_tax>
<amount><![CDATA[1.302000]]></amount>
</order_invoice_tax>
<order_invoice_tax><id_order_invoice><![CDATA[1063]]></id_order_invoice>
<type><![CDATA[shipping]]></type>
<id_tax><![CDATA[1]]></id_tax>
<amount><![CDATA[1.545600]]></amount>
</order_invoice_tax>
<order_invoice_tax><id_order_invoice><![CDATA[1064]]></id_order_invoice>
<type><![CDATA[shipping]]></type>
<id_tax><![CDATA[5]]></id_tax>
<amount><![CDATA[0.781200]]></amount>
</order_invoice_tax>
<order_invoice_tax><id_order_invoice><![CDATA[1065]]></id_order_invoice>
<type><![CDATA[shipping]]></type>
<id_tax><![CDATA[5]]></id_tax>
<amount><![CDATA[0.781200]]></amount>
</order_invoice_tax>
<order_invoice_tax><id_order_invoice><![CDATA[1066]]></id_order_invoice>
<type><![CDATA[shipping]]></type>
<id_tax><![CDATA[1]]></id_tax>
<amount><![CDATA[1.545600]]></amount>
</order_invoice_tax>
<order_invoice_tax><id_order_invoice><![CDATA[1067]]></id_order_invoice>
<type><![CDATA[shipping]]></type>
<id_tax><![CDATA[5]]></id_tax>
<amount><![CDATA[0.781200]]></amount>
</order_invoice_tax>
<order_invoice_tax><id_order_invoice><![CDATA[1068]]></id_order_invoice>
<type><![CDATA[shipping]]></type>
<id_tax><![CDATA[5]]></id_tax>
<amount><![CDATA[0.000000]]></amount>
</order_invoice_tax>
<order_invoice_tax><id_order_invoice><![CDATA[1069]]></id_order_invoice>
<type><![CDATA[shipping]]></type>
<id_tax><![CDATA[1]]></id_tax>
<amount><![CDATA[1.302000]]></amount>
</order_invoice_tax>
<order_invoice_tax><id_order_invoice><![CDATA[1070]]></id_order_invoice>
<type><![CDATA[shipping]]></type>
<id_tax><![CDATA[1]]></id_tax>
<amount><![CDATA[1.545600]]></amount>
</order_invoice_tax>
<order_invoice_tax><id_order_invoice><![CDATA[1071]]></id_order_invoice>
<type><![CDATA[shipping]]></type>
<id_tax><![CDATA[1]]></id_tax>
<amount><![CDATA[1.476300]]></amount>
</order_invoice_tax>
<order_invoice_tax><id_order_invoice><![CDATA[1072]]></id_order_invoice>
<type><![CDATA[shipping]]></type>
<id_tax><![CDATA[1]]></id_tax>
<amount><![CDATA[1.545600]]></amount>
</order_invoice_tax>
<order_invoice_tax><id_order_invoice><![CDATA[1073]]></id_order_invoice>
<type><![CDATA[shipping]]></type>
<id_tax><![CDATA[1]]></id_tax>
<amount><![CDATA[1.545600]]></amount>
</order_invoice_tax>
<order_invoice_tax><id_order_invoice><![CDATA[1074]]></id_order_invoice>
<type><![CDATA[shipping]]></type>
<id_tax><![CDATA[1]]></id_tax>
<amount><![CDATA[1.545600]]></amount>
</order_invoice_tax>
<order_invoice_tax><id_order_invoice><![CDATA[1075]]></id_order_invoice>
<type><![CDATA[shipping]]></type>
<id_tax><![CDATA[1]]></id_tax>
<amount><![CDATA[1.545600]]></amount>
</order_invoice_tax>
<order_invoice_tax><id_order_invoice><![CDATA[1076]]></id_order_invoice>
<type><![CDATA[shipping]]></type>
<id_tax><![CDATA[1]]></id_tax>
<amount><![CDATA[1.302000]]></amount>
</order_invoice_tax>
<order_invoice_tax><id_order_invoice><![CDATA[1077]]></id_order_invoice>
<type><![CDATA[shipping]]></type>
<id_tax><![CDATA[1]]></id_tax>
<amount><![CDATA[0.000000]]></amount>
</order_invoice_tax>
<order_invoice_tax><id_order_invoice><![CDATA[1078]]></id_order_invoice>
<type><![CDATA[shipping]]></type>
<id_tax><![CDATA[5]]></id_tax>
<amount><![CDATA[0.000000]]></amount>
</order_invoice_tax>
<order_invoice_tax><id_order_invoice><![CDATA[1079]]></id_order_invoice>
<type><![CDATA[shipping]]></type>
<id_tax><![CDATA[1]]></id_tax>
<amount><![CDATA[1.545600]]></amount>
</order_invoice_tax>
<order_invoice_tax><id_order_invoice><![CDATA[1080]]></id_order_invoice>
<type><![CDATA[shipping]]></type>
<id_tax><![CDATA[1]]></id_tax>
<amount><![CDATA[1.302000]]></amount>
</order_invoice_tax>
<order_invoice_tax><id_order_invoice><![CDATA[1081]]></id_order_invoice>
<type><![CDATA[shipping]]></type>
<id_tax><![CDATA[1]]></id_tax>
<amount><![CDATA[1.545600]]></amount>
</order_invoice_tax>
<order_invoice_tax><id_order_invoice><![CDATA[1082]]></id_order_invoice>
<type><![CDATA[shipping]]></type>
<id_tax><![CDATA[1]]></id_tax>
<amount><![CDATA[1.476300]]></amount>
</order_invoice_tax>
<order_invoice_tax><id_order_invoice><![CDATA[1083]]></id_order_invoice>
<type><![CDATA[shipping]]></type>
<id_tax><![CDATA[1]]></id_tax>
<amount><![CDATA[1.302000]]></amount>
</order_invoice_tax>
<order_invoice_tax><id_order_invoice><![CDATA[1084]]></id_order_invoice>
<type><![CDATA[shipping]]></type>
<id_tax><![CDATA[5]]></id_tax>
<amount><![CDATA[0.781200]]></amount>
</order_invoice_tax>
<order_invoice_tax><id_order_invoice><![CDATA[1085]]></id_order_invoice>
<type><![CDATA[shipping]]></type>
<id_tax><![CDATA[1]]></id_tax>
<amount><![CDATA[0.781200]]></amount>
</order_invoice_tax>
<order_invoice_tax><id_order_invoice><![CDATA[1086]]></id_order_invoice>
<type><![CDATA[shipping]]></type>
<id_tax><![CDATA[1]]></id_tax>
<amount><![CDATA[1.302000]]></amount>
</order_invoice_tax>
<order_invoice_tax><id_order_invoice><![CDATA[1087]]></id_order_invoice>
<type><![CDATA[shipping]]></type>
<id_tax><![CDATA[5]]></id_tax>
<amount><![CDATA[0.781200]]></amount>
</order_invoice_tax>
<order_invoice_tax><id_order_invoice><![CDATA[1088]]></id_order_invoice>
<type><![CDATA[shipping]]></type>
<id_tax><![CDATA[1]]></id_tax>
<amount><![CDATA[1.545600]]></amount>
</order_invoice_tax>
<order_invoice_tax><id_order_invoice><![CDATA[1089]]></id_order_invoice>
<type><![CDATA[shipping]]></type>
<id_tax><![CDATA[5]]></id_tax>
<amount><![CDATA[0.781200]]></amount>
</order_invoice_tax>
<order_invoice_tax><id_order_invoice><![CDATA[1090]]></id_order_invoice>
<type><![CDATA[shipping]]></type>
<id_tax><![CDATA[5]]></id_tax>
<amount><![CDATA[0.000000]]></amount>
</order_invoice_tax>
<order_invoice_tax><id_order_invoice><![CDATA[1091]]></id_order_invoice>
<type><![CDATA[shipping]]></type>
<id_tax><![CDATA[1]]></id_tax>
<amount><![CDATA[0.781200]]></amount>
</order_invoice_tax>
<order_invoice_tax><id_order_invoice><![CDATA[1092]]></id_order_invoice>
<type><![CDATA[shipping]]></type>
<id_tax><![CDATA[1]]></id_tax>
<amount><![CDATA[1.509900]]></amount>
</order_invoice_tax>
<order_invoice_tax><id_order_invoice><![CDATA[1093]]></id_order_invoice>
<type><![CDATA[shipping]]></type>
<id_tax><![CDATA[1]]></id_tax>
<amount><![CDATA[1.545600]]></amount>
</order_invoice_tax>
<order_invoice_tax><id_order_invoice><![CDATA[1094]]></id_order_invoice>
<type><![CDATA[shipping]]></type>
<id_tax><![CDATA[5]]></id_tax>
<amount><![CDATA[0.000000]]></amount>
</order_invoice_tax>
<order_invoice_tax><id_order_invoice><![CDATA[1095]]></id_order_invoice>
<type><![CDATA[shipping]]></type>
<id_tax><![CDATA[1]]></id_tax>
<amount><![CDATA[1.545600]]></amount>
</order_invoice_tax>
<order_invoice_tax><id_order_invoice><![CDATA[1096]]></id_order_invoice>
<type><![CDATA[shipping]]></type>
<id_tax><![CDATA[5]]></id_tax>
<amount><![CDATA[0.781200]]></amount>
</order_invoice_tax>
<order_invoice_tax><id_order_invoice><![CDATA[1097]]></id_order_invoice>
<type><![CDATA[shipping]]></type>
<id_tax><![CDATA[1]]></id_tax>
<amount><![CDATA[5.208000]]></amount>
</order_invoice_tax>
<order_invoice_tax><id_order_invoice><![CDATA[1098]]></id_order_invoice>
<type><![CDATA[shipping]]></type>
<id_tax><![CDATA[5]]></id_tax>
<amount><![CDATA[0.781200]]></amount>
</order_invoice_tax>
<order_invoice_tax><id_order_invoice><![CDATA[1099]]></id_order_invoice>
<type><![CDATA[shipping]]></type>
<id_tax><![CDATA[1]]></id_tax>
<amount><![CDATA[1.476300]]></amount>
</order_invoice_tax>
<order_invoice_tax><id_order_invoice><![CDATA[1100]]></id_order_invoice>
<type><![CDATA[shipping]]></type>
<id_tax><![CDATA[1]]></id_tax>
<amount><![CDATA[1.476300]]></amount>
</order_invoice_tax>
<order_invoice_tax><id_order_invoice><![CDATA[1101]]></id_order_invoice>
<type><![CDATA[shipping]]></type>
<id_tax><![CDATA[1]]></id_tax>
<amount><![CDATA[1.476300]]></amount>
</order_invoice_tax>
<order_invoice_tax><id_order_invoice><![CDATA[1102]]></id_order_invoice>
<type><![CDATA[shipping]]></type>
<id_tax><![CDATA[5]]></id_tax>
<amount><![CDATA[0.000000]]></amount>
</order_invoice_tax>
<order_invoice_tax><id_order_invoice><![CDATA[1103]]></id_order_invoice>
<type><![CDATA[shipping]]></type>
<id_tax><![CDATA[1]]></id_tax>
<amount><![CDATA[1.476300]]></amount>
</order_invoice_tax>
<order_invoice_tax><id_order_invoice><![CDATA[1104]]></id_order_invoice>
<type><![CDATA[shipping]]></type>
<id_tax><![CDATA[5]]></id_tax>
<amount><![CDATA[0.000000]]></amount>
</order_invoice_tax>
<order_invoice_tax><id_order_invoice><![CDATA[1105]]></id_order_invoice>
<type><![CDATA[shipping]]></type>
<id_tax><![CDATA[1]]></id_tax>
<amount><![CDATA[1.545600]]></amount>
</order_invoice_tax>
<order_invoice_tax><id_order_invoice><![CDATA[1106]]></id_order_invoice>
<type><![CDATA[shipping]]></type>
<id_tax><![CDATA[1]]></id_tax>
<amount><![CDATA[1.545600]]></amount>
</order_invoice_tax>
<order_invoice_tax><id_order_invoice><![CDATA[1107]]></id_order_invoice>
<type><![CDATA[shipping]]></type>
<id_tax><![CDATA[1]]></id_tax>
<amount><![CDATA[1.509900]]></amount>
</order_invoice_tax>
<order_invoice_tax><id_order_invoice><![CDATA[1108]]></id_order_invoice>
<type><![CDATA[shipping]]></type>
<id_tax><![CDATA[1]]></id_tax>
<amount><![CDATA[1.545600]]></amount>
</order_invoice_tax>
<order_invoice_tax><id_order_invoice><![CDATA[1109]]></id_order_invoice>
<type><![CDATA[shipping]]></type>
<id_tax><![CDATA[1]]></id_tax>
<amount><![CDATA[1.545600]]></amount>
</order_invoice_tax>
<order_invoice_tax><id_order_invoice><![CDATA[1110]]></id_order_invoice>
<type><![CDATA[shipping]]></type>
<id_tax><![CDATA[5]]></id_tax>
<amount><![CDATA[0.781200]]></amount>
</order_invoice_tax>
<order_invoice_tax><id_order_invoice><![CDATA[1111]]></id_order_invoice>
<type><![CDATA[shipping]]></type>
<id_tax><![CDATA[1]]></id_tax>
<amount><![CDATA[1.545600]]></amount>
</order_invoice_tax>
<order_invoice_tax><id_order_invoice><![CDATA[1112]]></id_order_invoice>
<type><![CDATA[shipping]]></type>
<id_tax><![CDATA[5]]></id_tax>
<amount><![CDATA[0.781200]]></amount>
</order_invoice_tax>
<order_invoice_tax><id_order_invoice><![CDATA[1113]]></id_order_invoice>
<type><![CDATA[shipping]]></type>
<id_tax><![CDATA[1]]></id_tax>
<amount><![CDATA[1.302000]]></amount>
</order_invoice_tax>
<order_invoice_tax><id_order_invoice><![CDATA[1114]]></id_order_invoice>
<type><![CDATA[shipping]]></type>
<id_tax><![CDATA[1]]></id_tax>
<amount><![CDATA[1.302000]]></amount>
</order_invoice_tax>
<order_invoice_tax><id_order_invoice><![CDATA[1115]]></id_order_invoice>
<type><![CDATA[shipping]]></type>
<id_tax><![CDATA[5]]></id_tax>
<amount><![CDATA[0.000000]]></amount>
</order_invoice_tax>
<order_invoice_tax><id_order_invoice><![CDATA[1116]]></id_order_invoice>
<type><![CDATA[shipping]]></type>
<id_tax><![CDATA[1]]></id_tax>
<amount><![CDATA[1.476300]]></amount>
</order_invoice_tax>
<order_invoice_tax><id_order_invoice><![CDATA[1117]]></id_order_invoice>
<type><![CDATA[shipping]]></type>
<id_tax><![CDATA[1]]></id_tax>
<amount><![CDATA[1.545600]]></amount>
</order_invoice_tax>
<order_invoice_tax><id_order_invoice><![CDATA[1118]]></id_order_invoice>
<type><![CDATA[shipping]]></type>
<id_tax><![CDATA[1]]></id_tax>
<amount><![CDATA[1.509900]]></amount>
</order_invoice_tax>
<order_invoice_tax><id_order_invoice><![CDATA[1119]]></id_order_invoice>
<type><![CDATA[shipping]]></type>
<id_tax><![CDATA[1]]></id_tax>
<amount><![CDATA[1.545600]]></amount>
</order_invoice_tax>
<order_invoice_tax><id_order_invoice><![CDATA[1120]]></id_order_invoice>
<type><![CDATA[shipping]]></type>
<id_tax><![CDATA[1]]></id_tax>
<amount><![CDATA[1.545600]]></amount>
</order_invoice_tax>
<order_invoice_tax><id_order_invoice><![CDATA[1121]]></id_order_invoice>
<type><![CDATA[shipping]]></type>
<id_tax><![CDATA[1]]></id_tax>
<amount><![CDATA[1.476300]]></amount>
</order_invoice_tax>
<order_invoice_tax><id_order_invoice><![CDATA[1122]]></id_order_invoice>
<type><![CDATA[shipping]]></type>
<id_tax><![CDATA[5]]></id_tax>
<amount><![CDATA[0.781200]]></amount>
</order_invoice_tax>
<order_invoice_tax><id_order_invoice><![CDATA[1123]]></id_order_invoice>
<type><![CDATA[shipping]]></type>
<id_tax><![CDATA[5]]></id_tax>
<amount><![CDATA[0.781200]]></amount>
</order_invoice_tax>
<order_invoice_tax><id_order_invoice><![CDATA[1124]]></id_order_invoice>
<type><![CDATA[shipping]]></type>
<id_tax><![CDATA[5]]></id_tax>
<amount><![CDATA[0.781200]]></amount>
</order_invoice_tax>
<order_invoice_tax><id_order_invoice><![CDATA[1125]]></id_order_invoice>
<type><![CDATA[shipping]]></type>
<id_tax><![CDATA[5]]></id_tax>
<amount><![CDATA[0.000000]]></amount>
</order_invoice_tax>
<order_invoice_tax><id_order_invoice><![CDATA[1126]]></id_order_invoice>
<type><![CDATA[shipping]]></type>
<id_tax><![CDATA[1]]></id_tax>
<amount><![CDATA[1.509900]]></amount>
</order_invoice_tax>
<order_invoice_tax><id_order_invoice><![CDATA[1127]]></id_order_invoice>
<type><![CDATA[shipping]]></type>
<id_tax><![CDATA[1]]></id_tax>
<amount><![CDATA[1.476300]]></amount>
</order_invoice_tax>
<order_invoice_tax><id_order_invoice><![CDATA[1128]]></id_order_invoice>
<type><![CDATA[shipping]]></type>
<id_tax><![CDATA[1]]></id_tax>
<amount><![CDATA[1.302000]]></amount>
</order_invoice_tax>
<order_invoice_tax><id_order_invoice><![CDATA[1129]]></id_order_invoice>
<type><![CDATA[shipping]]></type>
<id_tax><![CDATA[5]]></id_tax>
<amount><![CDATA[0.781200]]></amount>
</order_invoice_tax>
<order_invoice_tax><id_order_invoice><![CDATA[1130]]></id_order_invoice>
<type><![CDATA[shipping]]></type>
<id_tax><![CDATA[5]]></id_tax>
<amount><![CDATA[0.000000]]></amount>
</order_invoice_tax>
<order_invoice_tax><id_order_invoice><![CDATA[1131]]></id_order_invoice>
<type><![CDATA[shipping]]></type>
<id_tax><![CDATA[1]]></id_tax>
<amount><![CDATA[1.509900]]></amount>
</order_invoice_tax>
<order_invoice_tax><id_order_invoice><![CDATA[1132]]></id_order_invoice>
<type><![CDATA[shipping]]></type>
<id_tax><![CDATA[1]]></id_tax>
<amount><![CDATA[1.302000]]></amount>
</order_invoice_tax>
<order_invoice_tax><id_order_invoice><![CDATA[1133]]></id_order_invoice>
<type><![CDATA[shipping]]></type>
<id_tax><![CDATA[1]]></id_tax>
<amount><![CDATA[1.302000]]></amount>
</order_invoice_tax>
<order_invoice_tax><id_order_invoice><![CDATA[1134]]></id_order_invoice>
<type><![CDATA[shipping]]></type>
<id_tax><![CDATA[5]]></id_tax>
<amount><![CDATA[0.781200]]></amount>
</order_invoice_tax>
<order_invoice_tax><id_order_invoice><![CDATA[1135]]></id_order_invoice>
<type><![CDATA[shipping]]></type>
<id_tax><![CDATA[1]]></id_tax>
<amount><![CDATA[1.545600]]></amount>
</order_invoice_tax>
<order_invoice_tax><id_order_invoice><![CDATA[1136]]></id_order_invoice>
<type><![CDATA[shipping]]></type>
<id_tax><![CDATA[5]]></id_tax>
<amount><![CDATA[0.781200]]></amount>
</order_invoice_tax>
<order_invoice_tax><id_order_invoice><![CDATA[1137]]></id_order_invoice>
<type><![CDATA[shipping]]></type>
<id_tax><![CDATA[5]]></id_tax>
<amount><![CDATA[0.781200]]></amount>
</order_invoice_tax>
<order_invoice_tax><id_order_invoice><![CDATA[1138]]></id_order_invoice>
<type><![CDATA[shipping]]></type>
<id_tax><![CDATA[1]]></id_tax>
<amount><![CDATA[1.302000]]></amount>
</order_invoice_tax>
<order_invoice_tax><id_order_invoice><![CDATA[1139]]></id_order_invoice>
<type><![CDATA[shipping]]></type>
<id_tax><![CDATA[5]]></id_tax>
<amount><![CDATA[0.781200]]></amount>
</order_invoice_tax>
<order_invoice_tax><id_order_invoice><![CDATA[1140]]></id_order_invoice>
<type><![CDATA[shipping]]></type>
<id_tax><![CDATA[1]]></id_tax>
<amount><![CDATA[0.000000]]></amount>
</order_invoice_tax>
<order_invoice_tax><id_order_invoice><![CDATA[1141]]></id_order_invoice>
<type><![CDATA[shipping]]></type>
<id_tax><![CDATA[1]]></id_tax>
<amount><![CDATA[1.545600]]></amount>
</order_invoice_tax>
<order_invoice_tax><id_order_invoice><![CDATA[1142]]></id_order_invoice>
<type><![CDATA[shipping]]></type>
<id_tax><![CDATA[5]]></id_tax>
<amount><![CDATA[0.781200]]></amount>
</order_invoice_tax>
<order_invoice_tax><id_order_invoice><![CDATA[1143]]></id_order_invoice>
<type><![CDATA[shipping]]></type>
<id_tax><![CDATA[1]]></id_tax>
<amount><![CDATA[1.302000]]></amount>
</order_invoice_tax>
<order_invoice_tax><id_order_invoice><![CDATA[1144]]></id_order_invoice>
<type><![CDATA[shipping]]></type>
<id_tax><![CDATA[5]]></id_tax>
<amount><![CDATA[0.781200]]></amount>
</order_invoice_tax>
<order_invoice_tax><id_order_invoice><![CDATA[1145]]></id_order_invoice>
<type><![CDATA[shipping]]></type>
<id_tax><![CDATA[1]]></id_tax>
<amount><![CDATA[1.302000]]></amount>
</order_invoice_tax>
<order_invoice_tax><id_order_invoice><![CDATA[1146]]></id_order_invoice>
<type><![CDATA[shipping]]></type>
<id_tax><![CDATA[1]]></id_tax>
<amount><![CDATA[1.545600]]></amount>
</order_invoice_tax>
<order_invoice_tax><id_order_invoice><![CDATA[1147]]></id_order_invoice>
<type><![CDATA[shipping]]></type>
<id_tax><![CDATA[1]]></id_tax>
<amount><![CDATA[1.545600]]></amount>
</order_invoice_tax>
<order_invoice_tax><id_order_invoice><![CDATA[1148]]></id_order_invoice>
<type><![CDATA[shipping]]></type>
<id_tax><![CDATA[1]]></id_tax>
<amount><![CDATA[1.302000]]></amount>
</order_invoice_tax>
<order_invoice_tax><id_order_invoice><![CDATA[1149]]></id_order_invoice>
<type><![CDATA[shipping]]></type>
<id_tax><![CDATA[1]]></id_tax>
<amount><![CDATA[5.208000]]></amount>
</order_invoice_tax>
<order_invoice_tax><id_order_invoice><![CDATA[1150]]></id_order_invoice>
<type><![CDATA[shipping]]></type>
<id_tax><![CDATA[1]]></id_tax>
<amount><![CDATA[1.302000]]></amount>
</order_invoice_tax>
<order_invoice_tax><id_order_invoice><![CDATA[1151]]></id_order_invoice>
<type><![CDATA[shipping]]></type>
<id_tax><![CDATA[1]]></id_tax>
<amount><![CDATA[1.302000]]></amount>
</order_invoice_tax>
<order_invoice_tax><id_order_invoice><![CDATA[1152]]></id_order_invoice>
<type><![CDATA[shipping]]></type>
<id_tax><![CDATA[5]]></id_tax>
<amount><![CDATA[0.781200]]></amount>
</order_invoice_tax>
<order_invoice_tax><id_order_invoice><![CDATA[1153]]></id_order_invoice>
<type><![CDATA[shipping]]></type>
<id_tax><![CDATA[5]]></id_tax>
<amount><![CDATA[0.781200]]></amount>
</order_invoice_tax>
<order_invoice_tax><id_order_invoice><![CDATA[1154]]></id_order_invoice>
<type><![CDATA[shipping]]></type>
<id_tax><![CDATA[5]]></id_tax>
<amount><![CDATA[0.781200]]></amount>
</order_invoice_tax>
<order_invoice_tax><id_order_invoice><![CDATA[1155]]></id_order_invoice>
<type><![CDATA[shipping]]></type>
<id_tax><![CDATA[1]]></id_tax>
<amount><![CDATA[1.545600]]></amount>
</order_invoice_tax>
<order_invoice_tax><id_order_invoice><![CDATA[1156]]></id_order_invoice>
<type><![CDATA[shipping]]></type>
<id_tax><![CDATA[1]]></id_tax>
<amount><![CDATA[0.000000]]></amount>
</order_invoice_tax>
<order_invoice_tax><id_order_invoice><![CDATA[1157]]></id_order_invoice>
<type><![CDATA[shipping]]></type>
<id_tax><![CDATA[5]]></id_tax>
<amount><![CDATA[0.781200]]></amount>
</order_invoice_tax>
<order_invoice_tax><id_order_invoice><![CDATA[1158]]></id_order_invoice>
<type><![CDATA[shipping]]></type>
<id_tax><![CDATA[1]]></id_tax>
<amount><![CDATA[0.000000]]></amount>
</order_invoice_tax>
<order_invoice_tax><id_order_invoice><![CDATA[1159]]></id_order_invoice>
<type><![CDATA[shipping]]></type>
<id_tax><![CDATA[5]]></id_tax>
<amount><![CDATA[0.781200]]></amount>
</order_invoice_tax>
<order_invoice_tax><id_order_invoice><![CDATA[1160]]></id_order_invoice>
<type><![CDATA[shipping]]></type>
<id_tax><![CDATA[5]]></id_tax>
<amount><![CDATA[0.781200]]></amount>
</order_invoice_tax>
<order_invoice_tax><id_order_invoice><![CDATA[1161]]></id_order_invoice>
<type><![CDATA[shipping]]></type>
<id_tax><![CDATA[1]]></id_tax>
<amount><![CDATA[0.000000]]></amount>
</order_invoice_tax>
<order_invoice_tax><id_order_invoice><![CDATA[1162]]></id_order_invoice>
<type><![CDATA[shipping]]></type>
<id_tax><![CDATA[1]]></id_tax>
<amount><![CDATA[0.000000]]></amount>
</order_invoice_tax>
<order_invoice_tax><id_order_invoice><![CDATA[1163]]></id_order_invoice>
<type><![CDATA[shipping]]></type>
<id_tax><![CDATA[1]]></id_tax>
<amount><![CDATA[0.000000]]></amount>
</order_invoice_tax>
<order_invoice_tax><id_order_invoice><![CDATA[1164]]></id_order_invoice>
<type><![CDATA[shipping]]></type>
<id_tax><![CDATA[1]]></id_tax>
<amount><![CDATA[0.000000]]></amount>
</order_invoice_tax>
<order_invoice_tax><id_order_invoice><![CDATA[1165]]></id_order_invoice>
<type><![CDATA[shipping]]></type>
<id_tax><![CDATA[1]]></id_tax>
<amount><![CDATA[1.302000]]></amount>
</order_invoice_tax>
<order_invoice_tax><id_order_invoice><![CDATA[1166]]></id_order_invoice>
<type><![CDATA[shipping]]></type>
<id_tax><![CDATA[5]]></id_tax>
<amount><![CDATA[0.000000]]></amount>
</order_invoice_tax>
<order_invoice_tax><id_order_invoice><![CDATA[1167]]></id_order_invoice>
<type><![CDATA[shipping]]></type>
<id_tax><![CDATA[5]]></id_tax>
<amount><![CDATA[0.781200]]></amount>
</order_invoice_tax>
<order_invoice_tax><id_order_invoice><![CDATA[1168]]></id_order_invoice>
<type><![CDATA[shipping]]></type>
<id_tax><![CDATA[1]]></id_tax>
<amount><![CDATA[1.545600]]></amount>
</order_invoice_tax>
<order_invoice_tax><id_order_invoice><![CDATA[1169]]></id_order_invoice>
<type><![CDATA[shipping]]></type>
<id_tax><![CDATA[1]]></id_tax>
<amount><![CDATA[0.000000]]></amount>
</order_invoice_tax>
<order_invoice_tax><id_order_invoice><![CDATA[1170]]></id_order_invoice>
<type><![CDATA[shipping]]></type>
<id_tax><![CDATA[1]]></id_tax>
<amount><![CDATA[1.545600]]></amount>
</order_invoice_tax>
<order_invoice_tax><id_order_invoice><![CDATA[1171]]></id_order_invoice>
<type><![CDATA[shipping]]></type>
<id_tax><![CDATA[1]]></id_tax>
<amount><![CDATA[0.000000]]></amount>
</order_invoice_tax>
<order_invoice_tax><id_order_invoice><![CDATA[1172]]></id_order_invoice>
<type><![CDATA[shipping]]></type>
<id_tax><![CDATA[5]]></id_tax>
<amount><![CDATA[0.781200]]></amount>
</order_invoice_tax>
<order_invoice_tax><id_order_invoice><![CDATA[1173]]></id_order_invoice>
<type><![CDATA[shipping]]></type>
<id_tax><![CDATA[1]]></id_tax>
<amount><![CDATA[1.302000]]></amount>
</order_invoice_tax>
<order_invoice_tax><id_order_invoice><![CDATA[1174]]></id_order_invoice>
<type><![CDATA[shipping]]></type>
<id_tax><![CDATA[5]]></id_tax>
<amount><![CDATA[0.781200]]></amount>
</order_invoice_tax>
<order_invoice_tax><id_order_invoice><![CDATA[1175]]></id_order_invoice>
<type><![CDATA[shipping]]></type>
<id_tax><![CDATA[1]]></id_tax>
<amount><![CDATA[1.545600]]></amount>
</order_invoice_tax>
<order_invoice_tax><id_order_invoice><![CDATA[1176]]></id_order_invoice>
<type><![CDATA[shipping]]></type>
<id_tax><![CDATA[5]]></id_tax>
<amount><![CDATA[0.781200]]></amount>
</order_invoice_tax>
<order_invoice_tax><id_order_invoice><![CDATA[1177]]></id_order_invoice>
<type><![CDATA[shipping]]></type>
<id_tax><![CDATA[1]]></id_tax>
<amount><![CDATA[1.302000]]></amount>
</order_invoice_tax>
<order_invoice_tax><id_order_invoice><![CDATA[1178]]></id_order_invoice>
<type><![CDATA[shipping]]></type>
<id_tax><![CDATA[5]]></id_tax>
<amount><![CDATA[0.781200]]></amount>
</order_invoice_tax>
<order_invoice_tax><id_order_invoice><![CDATA[1179]]></id_order_invoice>
<type><![CDATA[shipping]]></type>
<id_tax><![CDATA[1]]></id_tax>
<amount><![CDATA[1.476300]]></amount>
</order_invoice_tax>
<order_invoice_tax><id_order_invoice><![CDATA[1180]]></id_order_invoice>
<type><![CDATA[shipping]]></type>
<id_tax><![CDATA[1]]></id_tax>
<amount><![CDATA[1.545600]]></amount>
</order_invoice_tax>
<order_invoice_tax><id_order_invoice><![CDATA[1181]]></id_order_invoice>
<type><![CDATA[shipping]]></type>
<id_tax><![CDATA[5]]></id_tax>
<amount><![CDATA[0.781200]]></amount>
</order_invoice_tax>
<order_invoice_tax><id_order_invoice><![CDATA[1182]]></id_order_invoice>
<type><![CDATA[shipping]]></type>
<id_tax><![CDATA[1]]></id_tax>
<amount><![CDATA[1.545600]]></amount>
</order_invoice_tax>
<order_invoice_tax><id_order_invoice><![CDATA[1183]]></id_order_invoice>
<type><![CDATA[shipping]]></type>
<id_tax><![CDATA[5]]></id_tax>
<amount><![CDATA[0.000000]]></amount>
</order_invoice_tax>
<order_invoice_tax><id_order_invoice><![CDATA[1184]]></id_order_invoice>
<type><![CDATA[shipping]]></type>
<id_tax><![CDATA[5]]></id_tax>
<amount><![CDATA[0.781200]]></amount>
</order_invoice_tax>
<order_invoice_tax><id_order_invoice><![CDATA[1185]]></id_order_invoice>
<type><![CDATA[shipping]]></type>
<id_tax><![CDATA[1]]></id_tax>
<amount><![CDATA[1.545600]]></amount>
</order_invoice_tax>
<order_invoice_tax><id_order_invoice><![CDATA[1186]]></id_order_invoice>
<type><![CDATA[shipping]]></type>
<id_tax><![CDATA[5]]></id_tax>
<amount><![CDATA[0.781200]]></amount>
</order_invoice_tax>
<order_invoice_tax><id_order_invoice><![CDATA[1187]]></id_order_invoice>
<type><![CDATA[shipping]]></type>
<id_tax><![CDATA[5]]></id_tax>
<amount><![CDATA[0.781200]]></amount>
</order_invoice_tax>
<order_invoice_tax><id_order_invoice><![CDATA[1188]]></id_order_invoice>
<type><![CDATA[shipping]]></type>
<id_tax><![CDATA[5]]></id_tax>
<amount><![CDATA[0.781200]]></amount>
</order_invoice_tax>
<order_invoice_tax><id_order_invoice><![CDATA[1189]]></id_order_invoice>
<type><![CDATA[shipping]]></type>
<id_tax><![CDATA[5]]></id_tax>
<amount><![CDATA[0.781200]]></amount>
</order_invoice_tax>
<order_invoice_tax><id_order_invoice><![CDATA[1190]]></id_order_invoice>
<type><![CDATA[shipping]]></type>
<id_tax><![CDATA[5]]></id_tax>
<amount><![CDATA[0.781200]]></amount>
</order_invoice_tax>
<order_invoice_tax><id_order_invoice><![CDATA[1191]]></id_order_invoice>
<type><![CDATA[shipping]]></type>
<id_tax><![CDATA[5]]></id_tax>
<amount><![CDATA[0.781200]]></amount>
</order_invoice_tax>
<order_invoice_tax><id_order_invoice><![CDATA[1192]]></id_order_invoice>
<type><![CDATA[shipping]]></type>
<id_tax><![CDATA[1]]></id_tax>
<amount><![CDATA[1.302000]]></amount>
</order_invoice_tax>
<order_invoice_tax><id_order_invoice><![CDATA[1193]]></id_order_invoice>
<type><![CDATA[shipping]]></type>
<id_tax><![CDATA[1]]></id_tax>
<amount><![CDATA[0.000000]]></amount>
</order_invoice_tax>
<order_invoice_tax><id_order_invoice><![CDATA[1194]]></id_order_invoice>
<type><![CDATA[shipping]]></type>
<id_tax><![CDATA[5]]></id_tax>
<amount><![CDATA[0.781200]]></amount>
</order_invoice_tax>
<order_invoice_tax><id_order_invoice><![CDATA[1195]]></id_order_invoice>
<type><![CDATA[shipping]]></type>
<id_tax><![CDATA[5]]></id_tax>
<amount><![CDATA[0.781200]]></amount>
</order_invoice_tax>
<order_invoice_tax><id_order_invoice><![CDATA[1196]]></id_order_invoice>
<type><![CDATA[shipping]]></type>
<id_tax><![CDATA[5]]></id_tax>
<amount><![CDATA[0.781200]]></amount>
</order_invoice_tax>
<order_invoice_tax><id_order_invoice><![CDATA[1197]]></id_order_invoice>
<type><![CDATA[shipping]]></type>
<id_tax><![CDATA[5]]></id_tax>
<amount><![CDATA[0.781200]]></amount>
</order_invoice_tax>
<order_invoice_tax><id_order_invoice><![CDATA[1198]]></id_order_invoice>
<type><![CDATA[shipping]]></type>
<id_tax><![CDATA[1]]></id_tax>
<amount><![CDATA[0.000000]]></amount>
</order_invoice_tax>
<order_invoice_tax><id_order_invoice><![CDATA[1199]]></id_order_invoice>
<type><![CDATA[shipping]]></type>
<id_tax><![CDATA[1]]></id_tax>
<amount><![CDATA[1.509900]]></amount>
</order_invoice_tax>
<order_invoice_tax><id_order_invoice><![CDATA[1200]]></id_order_invoice>
<type><![CDATA[shipping]]></type>
<id_tax><![CDATA[1]]></id_tax>
<amount><![CDATA[1.476300]]></amount>
</order_invoice_tax>
<order_invoice_tax><id_order_invoice><![CDATA[1201]]></id_order_invoice>
<type><![CDATA[shipping]]></type>
<id_tax><![CDATA[1]]></id_tax>
<amount><![CDATA[1.545600]]></amount>
</order_invoice_tax>
<order_invoice_tax><id_order_invoice><![CDATA[1202]]></id_order_invoice>
<type><![CDATA[shipping]]></type>
<id_tax><![CDATA[1]]></id_tax>
<amount><![CDATA[1.545600]]></amount>
</order_invoice_tax>
<order_invoice_tax><id_order_invoice><![CDATA[1203]]></id_order_invoice>
<type><![CDATA[shipping]]></type>
<id_tax><![CDATA[1]]></id_tax>
<amount><![CDATA[1.545600]]></amount>
</order_invoice_tax>
<order_invoice_tax><id_order_invoice><![CDATA[1204]]></id_order_invoice>
<type><![CDATA[shipping]]></type>
<id_tax><![CDATA[1]]></id_tax>
<amount><![CDATA[0.000000]]></amount>
</order_invoice_tax>
<order_invoice_tax><id_order_invoice><![CDATA[1205]]></id_order_invoice>
<type><![CDATA[shipping]]></type>
<id_tax><![CDATA[5]]></id_tax>
<amount><![CDATA[0.781200]]></amount>
</order_invoice_tax>
<order_invoice_tax><id_order_invoice><![CDATA[1206]]></id_order_invoice>
<type><![CDATA[shipping]]></type>
<id_tax><![CDATA[5]]></id_tax>
<amount><![CDATA[0.781200]]></amount>
</order_invoice_tax>
<order_invoice_tax><id_order_invoice><![CDATA[1207]]></id_order_invoice>
<type><![CDATA[shipping]]></type>
<id_tax><![CDATA[1]]></id_tax>
<amount><![CDATA[0.000000]]></amount>
</order_invoice_tax>
<order_invoice_tax><id_order_invoice><![CDATA[1208]]></id_order_invoice>
<type><![CDATA[shipping]]></type>
<id_tax><![CDATA[5]]></id_tax>
<amount><![CDATA[0.781200]]></amount>
</order_invoice_tax>
<order_invoice_tax><id_order_invoice><![CDATA[1209]]></id_order_invoice>
<type><![CDATA[shipping]]></type>
<id_tax><![CDATA[1]]></id_tax>
<amount><![CDATA[1.509900]]></amount>
</order_invoice_tax>
<order_invoice_tax><id_order_invoice><![CDATA[1210]]></id_order_invoice>
<type><![CDATA[shipping]]></type>
<id_tax><![CDATA[1]]></id_tax>
<amount><![CDATA[1.476300]]></amount>
</order_invoice_tax>
<order_invoice_tax><id_order_invoice><![CDATA[1211]]></id_order_invoice>
<type><![CDATA[shipping]]></type>
<id_tax><![CDATA[1]]></id_tax>
<amount><![CDATA[1.476300]]></amount>
</order_invoice_tax>
<order_invoice_tax><id_order_invoice><![CDATA[1212]]></id_order_invoice>
<type><![CDATA[shipping]]></type>
<id_tax><![CDATA[1]]></id_tax>
<amount><![CDATA[0.781200]]></amount>
</order_invoice_tax>
<order_invoice_tax><id_order_invoice><![CDATA[1213]]></id_order_invoice>
<type><![CDATA[shipping]]></type>
<id_tax><![CDATA[1]]></id_tax>
<amount><![CDATA[1.545600]]></amount>
</order_invoice_tax>
<order_invoice_tax><id_order_invoice><![CDATA[1214]]></id_order_invoice>
<type><![CDATA[shipping]]></type>
<id_tax><![CDATA[5]]></id_tax>
<amount><![CDATA[0.781200]]></amount>
</order_invoice_tax>
<order_invoice_tax><id_order_invoice><![CDATA[1215]]></id_order_invoice>
<type><![CDATA[shipping]]></type>
<id_tax><![CDATA[1]]></id_tax>
<amount><![CDATA[1.509900]]></amount>
</order_invoice_tax>
<order_invoice_tax><id_order_invoice><![CDATA[1216]]></id_order_invoice>
<type><![CDATA[shipping]]></type>
<id_tax><![CDATA[1]]></id_tax>
<amount><![CDATA[1.545600]]></amount>
</order_invoice_tax>
<order_invoice_tax><id_order_invoice><![CDATA[1217]]></id_order_invoice>
<type><![CDATA[shipping]]></type>
<id_tax><![CDATA[1]]></id_tax>
<amount><![CDATA[1.476300]]></amount>
</order_invoice_tax>
<order_invoice_tax><id_order_invoice><![CDATA[1218]]></id_order_invoice>
<type><![CDATA[shipping]]></type>
<id_tax><![CDATA[1]]></id_tax>
<amount><![CDATA[1.545600]]></amount>
</order_invoice_tax>
<order_invoice_tax><id_order_invoice><![CDATA[1219]]></id_order_invoice>
<type><![CDATA[shipping]]></type>
<id_tax><![CDATA[1]]></id_tax>
<amount><![CDATA[1.545600]]></amount>
</order_invoice_tax>
<order_invoice_tax><id_order_invoice><![CDATA[1220]]></id_order_invoice>
<type><![CDATA[shipping]]></type>
<id_tax><![CDATA[1]]></id_tax>
<amount><![CDATA[1.302000]]></amount>
</order_invoice_tax>
<order_invoice_tax><id_order_invoice><![CDATA[1221]]></id_order_invoice>
<type><![CDATA[shipping]]></type>
<id_tax><![CDATA[5]]></id_tax>
<amount><![CDATA[0.000000]]></amount>
</order_invoice_tax>
<order_invoice_tax><id_order_invoice><![CDATA[1222]]></id_order_invoice>
<type><![CDATA[shipping]]></type>
<id_tax><![CDATA[1]]></id_tax>
<amount><![CDATA[1.302000]]></amount>
</order_invoice_tax>
<order_invoice_tax><id_order_invoice><![CDATA[1223]]></id_order_invoice>
<type><![CDATA[shipping]]></type>
<id_tax><![CDATA[1]]></id_tax>
<amount><![CDATA[1.476300]]></amount>
</order_invoice_tax>
<order_invoice_tax><id_order_invoice><![CDATA[1224]]></id_order_invoice>
<type><![CDATA[shipping]]></type>
<id_tax><![CDATA[1]]></id_tax>
<amount><![CDATA[1.476300]]></amount>
</order_invoice_tax>
<order_invoice_tax><id_order_invoice><![CDATA[1225]]></id_order_invoice>
<type><![CDATA[shipping]]></type>
<id_tax><![CDATA[1]]></id_tax>
<amount><![CDATA[1.545600]]></amount>
</order_invoice_tax>
<order_invoice_tax><id_order_invoice><![CDATA[1226]]></id_order_invoice>
<type><![CDATA[shipping]]></type>
<id_tax><![CDATA[1]]></id_tax>
<amount><![CDATA[1.476300]]></amount>
</order_invoice_tax>
<order_invoice_tax><id_order_invoice><![CDATA[1227]]></id_order_invoice>
<type><![CDATA[shipping]]></type>
<id_tax><![CDATA[1]]></id_tax>
<amount><![CDATA[1.545600]]></amount>
</order_invoice_tax>
<order_invoice_tax><id_order_invoice><![CDATA[1228]]></id_order_invoice>
<type><![CDATA[shipping]]></type>
<id_tax><![CDATA[1]]></id_tax>
<amount><![CDATA[1.476300]]></amount>
</order_invoice_tax>
<order_invoice_tax><id_order_invoice><![CDATA[1229]]></id_order_invoice>
<type><![CDATA[shipping]]></type>
<id_tax><![CDATA[1]]></id_tax>
<amount><![CDATA[0.000000]]></amount>
</order_invoice_tax>
<order_invoice_tax><id_order_invoice><![CDATA[1230]]></id_order_invoice>
<type><![CDATA[shipping]]></type>
<id_tax><![CDATA[1]]></id_tax>
<amount><![CDATA[0.781200]]></amount>
</order_invoice_tax>
<order_invoice_tax><id_order_invoice><![CDATA[1231]]></id_order_invoice>
<type><![CDATA[shipping]]></type>
<id_tax><![CDATA[5]]></id_tax>
<amount><![CDATA[0.781200]]></amount>
</order_invoice_tax>
<order_invoice_tax><id_order_invoice><![CDATA[1232]]></id_order_invoice>
<type><![CDATA[shipping]]></type>
<id_tax><![CDATA[1]]></id_tax>
<amount><![CDATA[1.302000]]></amount>
</order_invoice_tax>
<order_invoice_tax><id_order_invoice><![CDATA[1233]]></id_order_invoice>
<type><![CDATA[shipping]]></type>
<id_tax><![CDATA[1]]></id_tax>
<amount><![CDATA[1.476300]]></amount>
</order_invoice_tax>
<order_invoice_tax><id_order_invoice><![CDATA[1234]]></id_order_invoice>
<type><![CDATA[shipping]]></type>
<id_tax><![CDATA[1]]></id_tax>
<amount><![CDATA[1.476300]]></amount>
</order_invoice_tax>
<order_invoice_tax><id_order_invoice><![CDATA[1235]]></id_order_invoice>
<type><![CDATA[shipping]]></type>
<id_tax><![CDATA[1]]></id_tax>
<amount><![CDATA[0.000000]]></amount>
</order_invoice_tax>
<order_invoice_tax><id_order_invoice><![CDATA[1236]]></id_order_invoice>
<type><![CDATA[shipping]]></type>
<id_tax><![CDATA[1]]></id_tax>
<amount><![CDATA[0.000000]]></amount>
</order_invoice_tax>
<order_invoice_tax><id_order_invoice><![CDATA[1237]]></id_order_invoice>
<type><![CDATA[shipping]]></type>
<id_tax><![CDATA[5]]></id_tax>
<amount><![CDATA[0.000000]]></amount>
</order_invoice_tax>
<order_invoice_tax><id_order_invoice><![CDATA[1238]]></id_order_invoice>
<type><![CDATA[shipping]]></type>
<id_tax><![CDATA[5]]></id_tax>
<amount><![CDATA[0.781200]]></amount>
</order_invoice_tax>
<order_invoice_tax><id_order_invoice><![CDATA[1239]]></id_order_invoice>
<type><![CDATA[shipping]]></type>
<id_tax><![CDATA[5]]></id_tax>
<amount><![CDATA[0.781200]]></amount>
</order_invoice_tax>
<order_invoice_tax><id_order_invoice><![CDATA[1240]]></id_order_invoice>
<type><![CDATA[shipping]]></type>
<id_tax><![CDATA[1]]></id_tax>
<amount><![CDATA[1.476300]]></amount>
</order_invoice_tax>
<order_invoice_tax><id_order_invoice><![CDATA[1241]]></id_order_invoice>
<type><![CDATA[shipping]]></type>
<id_tax><![CDATA[1]]></id_tax>
<amount><![CDATA[1.545600]]></amount>
</order_invoice_tax>
<order_invoice_tax><id_order_invoice><![CDATA[1242]]></id_order_invoice>
<type><![CDATA[shipping]]></type>
<id_tax><![CDATA[5]]></id_tax>
<amount><![CDATA[0.000000]]></amount>
</order_invoice_tax>
<order_invoice_tax><id_order_invoice><![CDATA[1243]]></id_order_invoice>
<type><![CDATA[shipping]]></type>
<id_tax><![CDATA[1]]></id_tax>
<amount><![CDATA[1.476300]]></amount>
</order_invoice_tax>
<order_invoice_tax><id_order_invoice><![CDATA[1244]]></id_order_invoice>
<type><![CDATA[shipping]]></type>
<id_tax><![CDATA[1]]></id_tax>
<amount><![CDATA[5.208000]]></amount>
</order_invoice_tax>
<order_invoice_tax><id_order_invoice><![CDATA[1245]]></id_order_invoice>
<type><![CDATA[shipping]]></type>
<id_tax><![CDATA[1]]></id_tax>
<amount><![CDATA[0.781200]]></amount>
</order_invoice_tax>
<order_invoice_tax><id_order_invoice><![CDATA[1246]]></id_order_invoice>
<type><![CDATA[shipping]]></type>
<id_tax><![CDATA[1]]></id_tax>
<amount><![CDATA[1.476300]]></amount>
</order_invoice_tax>
<order_invoice_tax><id_order_invoice><![CDATA[1247]]></id_order_invoice>
<type><![CDATA[shipping]]></type>
<id_tax><![CDATA[1]]></id_tax>
<amount><![CDATA[1.545600]]></amount>
</order_invoice_tax>
<order_invoice_tax><id_order_invoice><![CDATA[1248]]></id_order_invoice>
<type><![CDATA[shipping]]></type>
<id_tax><![CDATA[1]]></id_tax>
<amount><![CDATA[1.509900]]></amount>
</order_invoice_tax>
<order_invoice_tax><id_order_invoice><![CDATA[1249]]></id_order_invoice>
<type><![CDATA[shipping]]></type>
<id_tax><![CDATA[1]]></id_tax>
<amount><![CDATA[1.509900]]></amount>
</order_invoice_tax>
<order_invoice_tax><id_order_invoice><![CDATA[1250]]></id_order_invoice>
<type><![CDATA[shipping]]></type>
<id_tax><![CDATA[1]]></id_tax>
<amount><![CDATA[1.545600]]></amount>
</order_invoice_tax>
<order_invoice_tax><id_order_invoice><![CDATA[1251]]></id_order_invoice>
<type><![CDATA[shipping]]></type>
<id_tax><![CDATA[5]]></id_tax>
<amount><![CDATA[0.781200]]></amount>
</order_invoice_tax>
<order_invoice_tax><id_order_invoice><![CDATA[1252]]></id_order_invoice>
<type><![CDATA[shipping]]></type>
<id_tax><![CDATA[5]]></id_tax>
<amount><![CDATA[0.781200]]></amount>
</order_invoice_tax>
<order_invoice_tax><id_order_invoice><![CDATA[1253]]></id_order_invoice>
<type><![CDATA[shipping]]></type>
<id_tax><![CDATA[5]]></id_tax>
<amount><![CDATA[0.781200]]></amount>
</order_invoice_tax>
<order_invoice_tax><id_order_invoice><![CDATA[1254]]></id_order_invoice>
<type><![CDATA[shipping]]></type>
<id_tax><![CDATA[1]]></id_tax>
<amount><![CDATA[1.509900]]></amount>
</order_invoice_tax>
<order_invoice_tax><id_order_invoice><![CDATA[1255]]></id_order_invoice>
<type><![CDATA[shipping]]></type>
<id_tax><![CDATA[1]]></id_tax>
<amount><![CDATA[1.545600]]></amount>
</order_invoice_tax>
<order_invoice_tax><id_order_invoice><![CDATA[1256]]></id_order_invoice>
<type><![CDATA[shipping]]></type>
<id_tax><![CDATA[1]]></id_tax>
<amount><![CDATA[1.509900]]></amount>
</order_invoice_tax>
<order_invoice_tax><id_order_invoice><![CDATA[1257]]></id_order_invoice>
<type><![CDATA[shipping]]></type>
<id_tax><![CDATA[1]]></id_tax>
<amount><![CDATA[1.545600]]></amount>
</order_invoice_tax>
<order_invoice_tax><id_order_invoice><![CDATA[1258]]></id_order_invoice>
<type><![CDATA[shipping]]></type>
<id_tax><![CDATA[5]]></id_tax>
<amount><![CDATA[0.781200]]></amount>
</order_invoice_tax>
<order_invoice_tax><id_order_invoice><![CDATA[1259]]></id_order_invoice>
<type><![CDATA[shipping]]></type>
<id_tax><![CDATA[1]]></id_tax>
<amount><![CDATA[0.000000]]></amount>
</order_invoice_tax>
<order_invoice_tax><id_order_invoice><![CDATA[1260]]></id_order_invoice>
<type><![CDATA[shipping]]></type>
<id_tax><![CDATA[1]]></id_tax>
<amount><![CDATA[1.476300]]></amount>
</order_invoice_tax>
<order_invoice_tax><id_order_invoice><![CDATA[1261]]></id_order_invoice>
<type><![CDATA[shipping]]></type>
<id_tax><![CDATA[1]]></id_tax>
<amount><![CDATA[1.302000]]></amount>
</order_invoice_tax>
<order_invoice_tax><id_order_invoice><![CDATA[1262]]></id_order_invoice>
<type><![CDATA[shipping]]></type>
<id_tax><![CDATA[1]]></id_tax>
<amount><![CDATA[1.302000]]></amount>
</order_invoice_tax>
<order_invoice_tax><id_order_invoice><![CDATA[1263]]></id_order_invoice>
<type><![CDATA[shipping]]></type>
<id_tax><![CDATA[1]]></id_tax>
<amount><![CDATA[1.509900]]></amount>
</order_invoice_tax>
<order_invoice_tax><id_order_invoice><![CDATA[1264]]></id_order_invoice>
<type><![CDATA[shipping]]></type>
<id_tax><![CDATA[1]]></id_tax>
<amount><![CDATA[1.545600]]></amount>
</order_invoice_tax>
<order_invoice_tax><id_order_invoice><![CDATA[1265]]></id_order_invoice>
<type><![CDATA[shipping]]></type>
<id_tax><![CDATA[5]]></id_tax>
<amount><![CDATA[0.781200]]></amount>
</order_invoice_tax>
<order_invoice_tax><id_order_invoice><![CDATA[1266]]></id_order_invoice>
<type><![CDATA[shipping]]></type>
<id_tax><![CDATA[1]]></id_tax>
<amount><![CDATA[1.302000]]></amount>
</order_invoice_tax>
<order_invoice_tax><id_order_invoice><![CDATA[1267]]></id_order_invoice>
<type><![CDATA[shipping]]></type>
<id_tax><![CDATA[1]]></id_tax>
<amount><![CDATA[1.302000]]></amount>
</order_invoice_tax>
<order_invoice_tax><id_order_invoice><![CDATA[1268]]></id_order_invoice>
<type><![CDATA[shipping]]></type>
<id_tax><![CDATA[5]]></id_tax>
<amount><![CDATA[0.781200]]></amount>
</order_invoice_tax>
<order_invoice_tax><id_order_invoice><![CDATA[1269]]></id_order_invoice>
<type><![CDATA[shipping]]></type>
<id_tax><![CDATA[5]]></id_tax>
<amount><![CDATA[0.781200]]></amount>
</order_invoice_tax>
<order_invoice_tax><id_order_invoice><![CDATA[1270]]></id_order_invoice>
<type><![CDATA[shipping]]></type>
<id_tax><![CDATA[1]]></id_tax>
<amount><![CDATA[0.000000]]></amount>
</order_invoice_tax>
<order_invoice_tax><id_order_invoice><![CDATA[1271]]></id_order_invoice>
<type><![CDATA[shipping]]></type>
<id_tax><![CDATA[1]]></id_tax>
<amount><![CDATA[0.000000]]></amount>
</order_invoice_tax>
<order_invoice_tax><id_order_invoice><![CDATA[1272]]></id_order_invoice>
<type><![CDATA[shipping]]></type>
<id_tax><![CDATA[1]]></id_tax>
<amount><![CDATA[1.302000]]></amount>
</order_invoice_tax>
<order_invoice_tax><id_order_invoice><![CDATA[1273]]></id_order_invoice>
<type><![CDATA[shipping]]></type>
<id_tax><![CDATA[5]]></id_tax>
<amount><![CDATA[0.781200]]></amount>
</order_invoice_tax>
<order_invoice_tax><id_order_invoice><![CDATA[1274]]></id_order_invoice>
<type><![CDATA[shipping]]></type>
<id_tax><![CDATA[1]]></id_tax>
<amount><![CDATA[0.000000]]></amount>
</order_invoice_tax>
<order_invoice_tax><id_order_invoice><![CDATA[1275]]></id_order_invoice>
<type><![CDATA[shipping]]></type>
<id_tax><![CDATA[1]]></id_tax>
<amount><![CDATA[1.545600]]></amount>
</order_invoice_tax>
<order_invoice_tax><id_order_invoice><![CDATA[1276]]></id_order_invoice>
<type><![CDATA[shipping]]></type>
<id_tax><![CDATA[1]]></id_tax>
<amount><![CDATA[1.302000]]></amount>
</order_invoice_tax>
<order_invoice_tax><id_order_invoice><![CDATA[1277]]></id_order_invoice>
<type><![CDATA[shipping]]></type>
<id_tax><![CDATA[1]]></id_tax>
<amount><![CDATA[1.302000]]></amount>
</order_invoice_tax>
<order_invoice_tax><id_order_invoice><![CDATA[1278]]></id_order_invoice>
<type><![CDATA[shipping]]></type>
<id_tax><![CDATA[1]]></id_tax>
<amount><![CDATA[1.545600]]></amount>
</order_invoice_tax>
<order_invoice_tax><id_order_invoice><![CDATA[1279]]></id_order_invoice>
<type><![CDATA[shipping]]></type>
<id_tax><![CDATA[1]]></id_tax>
<amount><![CDATA[1.302000]]></amount>
</order_invoice_tax>
<order_invoice_tax><id_order_invoice><![CDATA[1280]]></id_order_invoice>
<type><![CDATA[shipping]]></type>
<id_tax><![CDATA[1]]></id_tax>
<amount><![CDATA[0.000000]]></amount>
</order_invoice_tax>
<order_invoice_tax><id_order_invoice><![CDATA[1281]]></id_order_invoice>
<type><![CDATA[shipping]]></type>
<id_tax><![CDATA[1]]></id_tax>
<amount><![CDATA[1.476300]]></amount>
</order_invoice_tax>
<order_invoice_tax><id_order_invoice><![CDATA[1282]]></id_order_invoice>
<type><![CDATA[shipping]]></type>
<id_tax><![CDATA[5]]></id_tax>
<amount><![CDATA[0.000000]]></amount>
</order_invoice_tax>
<order_invoice_tax><id_order_invoice><![CDATA[1283]]></id_order_invoice>
<type><![CDATA[shipping]]></type>
<id_tax><![CDATA[5]]></id_tax>
<amount><![CDATA[0.781200]]></amount>
</order_invoice_tax>
<order_invoice_tax><id_order_invoice><![CDATA[1284]]></id_order_invoice>
<type><![CDATA[shipping]]></type>
<id_tax><![CDATA[1]]></id_tax>
<amount><![CDATA[1.545600]]></amount>
</order_invoice_tax>
<order_invoice_tax><id_order_invoice><![CDATA[1285]]></id_order_invoice>
<type><![CDATA[shipping]]></type>
<id_tax><![CDATA[5]]></id_tax>
<amount><![CDATA[0.781200]]></amount>
</order_invoice_tax>
<order_invoice_tax><id_order_invoice><![CDATA[1286]]></id_order_invoice>
<type><![CDATA[shipping]]></type>
<id_tax><![CDATA[5]]></id_tax>
<amount><![CDATA[0.781200]]></amount>
</order_invoice_tax>
<order_invoice_tax><id_order_invoice><![CDATA[1287]]></id_order_invoice>
<type><![CDATA[shipping]]></type>
<id_tax><![CDATA[5]]></id_tax>
<amount><![CDATA[0.781200]]></amount>
</order_invoice_tax>
<order_invoice_tax><id_order_invoice><![CDATA[1288]]></id_order_invoice>
<type><![CDATA[shipping]]></type>
<id_tax><![CDATA[1]]></id_tax>
<amount><![CDATA[0.000000]]></amount>
</order_invoice_tax>
<order_invoice_tax><id_order_invoice><![CDATA[1289]]></id_order_invoice>
<type><![CDATA[shipping]]></type>
<id_tax><![CDATA[1]]></id_tax>
<amount><![CDATA[1.509900]]></amount>
</order_invoice_tax>
<order_invoice_tax><id_order_invoice><![CDATA[1290]]></id_order_invoice>
<type><![CDATA[shipping]]></type>
<id_tax><![CDATA[1]]></id_tax>
<amount><![CDATA[1.545600]]></amount>
</order_invoice_tax>
<order_invoice_tax><id_order_invoice><![CDATA[1291]]></id_order_invoice>
<type><![CDATA[shipping]]></type>
<id_tax><![CDATA[5]]></id_tax>
<amount><![CDATA[0.000000]]></amount>
</order_invoice_tax>
<order_invoice_tax><id_order_invoice><![CDATA[1292]]></id_order_invoice>
<type><![CDATA[shipping]]></type>
<id_tax><![CDATA[1]]></id_tax>
<amount><![CDATA[1.545600]]></amount>
</order_invoice_tax>
<order_invoice_tax><id_order_invoice><![CDATA[1293]]></id_order_invoice>
<type><![CDATA[shipping]]></type>
<id_tax><![CDATA[5]]></id_tax>
<amount><![CDATA[0.781200]]></amount>
</order_invoice_tax>
<order_invoice_tax><id_order_invoice><![CDATA[1294]]></id_order_invoice>
<type><![CDATA[shipping]]></type>
<id_tax><![CDATA[1]]></id_tax>
<amount><![CDATA[1.476300]]></amount>
</order_invoice_tax>
<order_invoice_tax><id_order_invoice><![CDATA[1295]]></id_order_invoice>
<type><![CDATA[shipping]]></type>
<id_tax><![CDATA[5]]></id_tax>
<amount><![CDATA[0.000000]]></amount>
</order_invoice_tax>
<order_invoice_tax><id_order_invoice><![CDATA[1296]]></id_order_invoice>
<type><![CDATA[shipping]]></type>
<id_tax><![CDATA[1]]></id_tax>
<amount><![CDATA[1.509900]]></amount>
</order_invoice_tax>
<order_invoice_tax><id_order_invoice><![CDATA[1297]]></id_order_invoice>
<type><![CDATA[shipping]]></type>
<id_tax><![CDATA[5]]></id_tax>
<amount><![CDATA[0.000000]]></amount>
</order_invoice_tax>
<order_invoice_tax><id_order_invoice><![CDATA[1298]]></id_order_invoice>
<type><![CDATA[shipping]]></type>
<id_tax><![CDATA[1]]></id_tax>
<amount><![CDATA[1.302000]]></amount>
</order_invoice_tax>
<order_invoice_tax><id_order_invoice><![CDATA[1299]]></id_order_invoice>
<type><![CDATA[shipping]]></type>
<id_tax><![CDATA[5]]></id_tax>
<amount><![CDATA[0.781200]]></amount>
</order_invoice_tax>
<order_invoice_tax><id_order_invoice><![CDATA[1300]]></id_order_invoice>
<type><![CDATA[shipping]]></type>
<id_tax><![CDATA[1]]></id_tax>
<amount><![CDATA[1.545600]]></amount>
</order_invoice_tax>
<order_invoice_tax><id_order_invoice><![CDATA[1301]]></id_order_invoice>
<type><![CDATA[shipping]]></type>
<id_tax><![CDATA[1]]></id_tax>
<amount><![CDATA[1.476300]]></amount>
</order_invoice_tax>
<order_invoice_tax><id_order_invoice><![CDATA[1302]]></id_order_invoice>
<type><![CDATA[shipping]]></type>
<id_tax><![CDATA[1]]></id_tax>
<amount><![CDATA[1.476300]]></amount>
</order_invoice_tax>
<order_invoice_tax><id_order_invoice><![CDATA[1303]]></id_order_invoice>
<type><![CDATA[shipping]]></type>
<id_tax><![CDATA[1]]></id_tax>
<amount><![CDATA[1.509900]]></amount>
</order_invoice_tax>
<order_invoice_tax><id_order_invoice><![CDATA[1304]]></id_order_invoice>
<type><![CDATA[shipping]]></type>
<id_tax><![CDATA[5]]></id_tax>
<amount><![CDATA[0.781200]]></amount>
</order_invoice_tax>
<order_invoice_tax><id_order_invoice><![CDATA[1305]]></id_order_invoice>
<type><![CDATA[shipping]]></type>
<id_tax><![CDATA[5]]></id_tax>
<amount><![CDATA[0.781200]]></amount>
</order_invoice_tax>
<order_invoice_tax><id_order_invoice><![CDATA[1306]]></id_order_invoice>
<type><![CDATA[shipping]]></type>
<id_tax><![CDATA[1]]></id_tax>
<amount><![CDATA[1.476300]]></amount>
</order_invoice_tax>
<order_invoice_tax><id_order_invoice><![CDATA[1307]]></id_order_invoice>
<type><![CDATA[shipping]]></type>
<id_tax><![CDATA[5]]></id_tax>
<amount><![CDATA[0.781200]]></amount>
</order_invoice_tax>
<order_invoice_tax><id_order_invoice><![CDATA[1308]]></id_order_invoice>
<type><![CDATA[shipping]]></type>
<id_tax><![CDATA[5]]></id_tax>
<amount><![CDATA[0.781200]]></amount>
</order_invoice_tax>
<order_invoice_tax><id_order_invoice><![CDATA[1309]]></id_order_invoice>
<type><![CDATA[shipping]]></type>
<id_tax><![CDATA[5]]></id_tax>
<amount><![CDATA[0.781200]]></amount>
</order_invoice_tax>
<order_invoice_tax><id_order_invoice><![CDATA[1310]]></id_order_invoice>
<type><![CDATA[shipping]]></type>
<id_tax><![CDATA[1]]></id_tax>
<amount><![CDATA[1.545600]]></amount>
</order_invoice_tax>
<order_invoice_tax><id_order_invoice><![CDATA[1311]]></id_order_invoice>
<type><![CDATA[shipping]]></type>
<id_tax><![CDATA[5]]></id_tax>
<amount><![CDATA[0.000000]]></amount>
</order_invoice_tax>
<order_invoice_tax><id_order_invoice><![CDATA[1312]]></id_order_invoice>
<type><![CDATA[shipping]]></type>
<id_tax><![CDATA[1]]></id_tax>
<amount><![CDATA[1.545600]]></amount>
</order_invoice_tax>
<order_invoice_tax><id_order_invoice><![CDATA[1313]]></id_order_invoice>
<type><![CDATA[shipping]]></type>
<id_tax><![CDATA[1]]></id_tax>
<amount><![CDATA[1.545600]]></amount>
</order_invoice_tax>
<order_invoice_tax><id_order_invoice><![CDATA[1314]]></id_order_invoice>
<type><![CDATA[shipping]]></type>
<id_tax><![CDATA[1]]></id_tax>
<amount><![CDATA[1.545600]]></amount>
</order_invoice_tax>
<order_invoice_tax><id_order_invoice><![CDATA[1315]]></id_order_invoice>
<type><![CDATA[shipping]]></type>
<id_tax><![CDATA[1]]></id_tax>
<amount><![CDATA[1.302000]]></amount>
</order_invoice_tax>
<order_invoice_tax><id_order_invoice><![CDATA[1316]]></id_order_invoice>
<type><![CDATA[shipping]]></type>
<id_tax><![CDATA[1]]></id_tax>
<amount><![CDATA[1.545600]]></amount>
</order_invoice_tax>
<order_invoice_tax><id_order_invoice><![CDATA[1317]]></id_order_invoice>
<type><![CDATA[shipping]]></type>
<id_tax><![CDATA[5]]></id_tax>
<amount><![CDATA[0.781200]]></amount>
</order_invoice_tax>
<order_invoice_tax><id_order_invoice><![CDATA[1318]]></id_order_invoice>
<type><![CDATA[shipping]]></type>
<id_tax><![CDATA[1]]></id_tax>
<amount><![CDATA[1.545600]]></amount>
</order_invoice_tax>
<order_invoice_tax><id_order_invoice><![CDATA[1319]]></id_order_invoice>
<type><![CDATA[shipping]]></type>
<id_tax><![CDATA[1]]></id_tax>
<amount><![CDATA[1.545600]]></amount>
</order_invoice_tax>
<order_invoice_tax><id_order_invoice><![CDATA[1320]]></id_order_invoice>
<type><![CDATA[shipping]]></type>
<id_tax><![CDATA[1]]></id_tax>
<amount><![CDATA[1.476300]]></amount>
</order_invoice_tax>
<order_invoice_tax><id_order_invoice><![CDATA[1321]]></id_order_invoice>
<type><![CDATA[shipping]]></type>
<id_tax><![CDATA[1]]></id_tax>
<amount><![CDATA[1.302000]]></amount>
</order_invoice_tax>
<order_invoice_tax><id_order_invoice><![CDATA[1322]]></id_order_invoice>
<type><![CDATA[shipping]]></type>
<id_tax><![CDATA[5]]></id_tax>
<amount><![CDATA[0.781200]]></amount>
</order_invoice_tax>
<order_invoice_tax><id_order_invoice><![CDATA[1323]]></id_order_invoice>
<type><![CDATA[shipping]]></type>
<id_tax><![CDATA[5]]></id_tax>
<amount><![CDATA[0.781200]]></amount>
</order_invoice_tax>
<order_invoice_tax><id_order_invoice><![CDATA[1324]]></id_order_invoice>
<type><![CDATA[shipping]]></type>
<id_tax><![CDATA[1]]></id_tax>
<amount><![CDATA[1.545600]]></amount>
</order_invoice_tax>
<order_invoice_tax><id_order_invoice><![CDATA[1325]]></id_order_invoice>
<type><![CDATA[shipping]]></type>
<id_tax><![CDATA[1]]></id_tax>
<amount><![CDATA[1.545600]]></amount>
</order_invoice_tax>
<order_invoice_tax><id_order_invoice><![CDATA[1326]]></id_order_invoice>
<type><![CDATA[shipping]]></type>
<id_tax><![CDATA[1]]></id_tax>
<amount><![CDATA[1.302000]]></amount>
</order_invoice_tax>
<order_invoice_tax><id_order_invoice><![CDATA[1327]]></id_order_invoice>
<type><![CDATA[shipping]]></type>
<id_tax><![CDATA[1]]></id_tax>
<amount><![CDATA[1.545600]]></amount>
</order_invoice_tax>
<order_invoice_tax><id_order_invoice><![CDATA[1328]]></id_order_invoice>
<type><![CDATA[shipping]]></type>
<id_tax><![CDATA[1]]></id_tax>
<amount><![CDATA[0.000000]]></amount>
</order_invoice_tax>
<order_invoice_tax><id_order_invoice><![CDATA[1329]]></id_order_invoice>
<type><![CDATA[shipping]]></type>
<id_tax><![CDATA[5]]></id_tax>
<amount><![CDATA[0.000000]]></amount>
</order_invoice_tax>
<order_invoice_tax><id_order_invoice><![CDATA[1330]]></id_order_invoice>
<type><![CDATA[shipping]]></type>
<id_tax><![CDATA[1]]></id_tax>
<amount><![CDATA[1.509900]]></amount>
</order_invoice_tax>
<order_invoice_tax><id_order_invoice><![CDATA[1331]]></id_order_invoice>
<type><![CDATA[shipping]]></type>
<id_tax><![CDATA[5]]></id_tax>
<amount><![CDATA[0.781200]]></amount>
</order_invoice_tax>
<order_invoice_tax><id_order_invoice><![CDATA[1332]]></id_order_invoice>
<type><![CDATA[shipping]]></type>
<id_tax><![CDATA[1]]></id_tax>
<amount><![CDATA[1.476300]]></amount>
</order_invoice_tax>
<order_invoice_tax><id_order_invoice><![CDATA[1333]]></id_order_invoice>
<type><![CDATA[shipping]]></type>
<id_tax><![CDATA[5]]></id_tax>
<amount><![CDATA[0.781200]]></amount>
</order_invoice_tax>
<order_invoice_tax><id_order_invoice><![CDATA[1334]]></id_order_invoice>
<type><![CDATA[shipping]]></type>
<id_tax><![CDATA[1]]></id_tax>
<amount><![CDATA[1.545600]]></amount>
</order_invoice_tax>
<order_invoice_tax><id_order_invoice><![CDATA[1335]]></id_order_invoice>
<type><![CDATA[shipping]]></type>
<id_tax><![CDATA[5]]></id_tax>
<amount><![CDATA[0.000000]]></amount>
</order_invoice_tax>
<order_invoice_tax><id_order_invoice><![CDATA[1336]]></id_order_invoice>
<type><![CDATA[shipping]]></type>
<id_tax><![CDATA[5]]></id_tax>
<amount><![CDATA[0.781200]]></amount>
</order_invoice_tax>
<order_invoice_tax><id_order_invoice><![CDATA[1337]]></id_order_invoice>
<type><![CDATA[shipping]]></type>
<id_tax><![CDATA[1]]></id_tax>
<amount><![CDATA[1.545600]]></amount>
</order_invoice_tax>
<order_invoice_tax><id_order_invoice><![CDATA[1338]]></id_order_invoice>
<type><![CDATA[shipping]]></type>
<id_tax><![CDATA[1]]></id_tax>
<amount><![CDATA[1.302000]]></amount>
</order_invoice_tax>
<order_invoice_tax><id_order_invoice><![CDATA[1339]]></id_order_invoice>
<type><![CDATA[shipping]]></type>
<id_tax><![CDATA[1]]></id_tax>
<amount><![CDATA[1.545600]]></amount>
</order_invoice_tax>
<order_invoice_tax><id_order_invoice><![CDATA[1340]]></id_order_invoice>
<type><![CDATA[shipping]]></type>
<id_tax><![CDATA[1]]></id_tax>
<amount><![CDATA[1.509900]]></amount>
</order_invoice_tax>
<order_invoice_tax><id_order_invoice><![CDATA[1341]]></id_order_invoice>
<type><![CDATA[shipping]]></type>
<id_tax><![CDATA[5]]></id_tax>
<amount><![CDATA[0.781200]]></amount>
</order_invoice_tax>
<order_invoice_tax><id_order_invoice><![CDATA[1342]]></id_order_invoice>
<type><![CDATA[shipping]]></type>
<id_tax><![CDATA[1]]></id_tax>
<amount><![CDATA[1.302000]]></amount>
</order_invoice_tax>
<order_invoice_tax><id_order_invoice><![CDATA[1343]]></id_order_invoice>
<type><![CDATA[shipping]]></type>
<id_tax><![CDATA[5]]></id_tax>
<amount><![CDATA[0.000000]]></amount>
</order_invoice_tax>
<order_invoice_tax><id_order_invoice><![CDATA[1344]]></id_order_invoice>
<type><![CDATA[shipping]]></type>
<id_tax><![CDATA[1]]></id_tax>
<amount><![CDATA[1.302000]]></amount>
</order_invoice_tax>
<order_invoice_tax><id_order_invoice><![CDATA[1345]]></id_order_invoice>
<type><![CDATA[shipping]]></type>
<id_tax><![CDATA[5]]></id_tax>
<amount><![CDATA[0.781200]]></amount>
</order_invoice_tax>
<order_invoice_tax><id_order_invoice><![CDATA[1346]]></id_order_invoice>
<type><![CDATA[shipping]]></type>
<id_tax><![CDATA[1]]></id_tax>
<amount><![CDATA[1.302000]]></amount>
</order_invoice_tax>
<order_invoice_tax><id_order_invoice><![CDATA[1347]]></id_order_invoice>
<type><![CDATA[shipping]]></type>
<id_tax><![CDATA[1]]></id_tax>
<amount><![CDATA[1.476300]]></amount>
</order_invoice_tax>
<order_invoice_tax><id_order_invoice><![CDATA[1348]]></id_order_invoice>
<type><![CDATA[shipping]]></type>
<id_tax><![CDATA[1]]></id_tax>
<amount><![CDATA[0.000000]]></amount>
</order_invoice_tax>
<order_invoice_tax><id_order_invoice><![CDATA[1349]]></id_order_invoice>
<type><![CDATA[shipping]]></type>
<id_tax><![CDATA[5]]></id_tax>
<amount><![CDATA[0.000000]]></amount>
</order_invoice_tax>
<order_invoice_tax><id_order_invoice><![CDATA[1350]]></id_order_invoice>
<type><![CDATA[shipping]]></type>
<id_tax><![CDATA[1]]></id_tax>
<amount><![CDATA[0.000000]]></amount>
</order_invoice_tax>
<order_invoice_tax><id_order_invoice><![CDATA[1351]]></id_order_invoice>
<type><![CDATA[shipping]]></type>
<id_tax><![CDATA[1]]></id_tax>
<amount><![CDATA[1.545600]]></amount>
</order_invoice_tax>
<order_invoice_tax><id_order_invoice><![CDATA[1352]]></id_order_invoice>
<type><![CDATA[shipping]]></type>
<id_tax><![CDATA[1]]></id_tax>
<amount><![CDATA[1.545600]]></amount>
</order_invoice_tax>
<order_invoice_tax><id_order_invoice><![CDATA[1353]]></id_order_invoice>
<type><![CDATA[shipping]]></type>
<id_tax><![CDATA[5]]></id_tax>
<amount><![CDATA[0.781200]]></amount>
</order_invoice_tax>
<order_invoice_tax><id_order_invoice><![CDATA[1354]]></id_order_invoice>
<type><![CDATA[shipping]]></type>
<id_tax><![CDATA[5]]></id_tax>
<amount><![CDATA[0.781200]]></amount>
</order_invoice_tax>
<order_invoice_tax><id_order_invoice><![CDATA[1355]]></id_order_invoice>
<type><![CDATA[shipping]]></type>
<id_tax><![CDATA[1]]></id_tax>
<amount><![CDATA[1.545600]]></amount>
</order_invoice_tax>
<order_invoice_tax><id_order_invoice><![CDATA[1356]]></id_order_invoice>
<type><![CDATA[shipping]]></type>
<id_tax><![CDATA[5]]></id_tax>
<amount><![CDATA[0.781200]]></amount>
</order_invoice_tax>
<order_invoice_tax><id_order_invoice><![CDATA[1357]]></id_order_invoice>
<type><![CDATA[shipping]]></type>
<id_tax><![CDATA[1]]></id_tax>
<amount><![CDATA[1.545600]]></amount>
</order_invoice_tax>
<order_invoice_tax><id_order_invoice><![CDATA[1358]]></id_order_invoice>
<type><![CDATA[shipping]]></type>
<id_tax><![CDATA[1]]></id_tax>
<amount><![CDATA[1.302000]]></amount>
</order_invoice_tax>
<order_invoice_tax><id_order_invoice><![CDATA[1359]]></id_order_invoice>
<type><![CDATA[shipping]]></type>
<id_tax><![CDATA[5]]></id_tax>
<amount><![CDATA[0.781200]]></amount>
</order_invoice_tax>
<order_invoice_tax><id_order_invoice><![CDATA[1360]]></id_order_invoice>
<type><![CDATA[shipping]]></type>
<id_tax><![CDATA[5]]></id_tax>
<amount><![CDATA[0.781200]]></amount>
</order_invoice_tax>
<order_invoice_tax><id_order_invoice><![CDATA[1361]]></id_order_invoice>
<type><![CDATA[shipping]]></type>
<id_tax><![CDATA[1]]></id_tax>
<amount><![CDATA[1.476300]]></amount>
</order_invoice_tax>
<order_invoice_tax><id_order_invoice><![CDATA[1362]]></id_order_invoice>
<type><![CDATA[shipping]]></type>
<id_tax><![CDATA[1]]></id_tax>
<amount><![CDATA[1.545600]]></amount>
</order_invoice_tax>
<order_invoice_tax><id_order_invoice><![CDATA[1363]]></id_order_invoice>
<type><![CDATA[shipping]]></type>
<id_tax><![CDATA[5]]></id_tax>
<amount><![CDATA[0.781200]]></amount>
</order_invoice_tax>
<order_invoice_tax><id_order_invoice><![CDATA[1364]]></id_order_invoice>
<type><![CDATA[shipping]]></type>
<id_tax><![CDATA[1]]></id_tax>
<amount><![CDATA[1.545600]]></amount>
</order_invoice_tax>
<order_invoice_tax><id_order_invoice><![CDATA[1365]]></id_order_invoice>
<type><![CDATA[shipping]]></type>
<id_tax><![CDATA[1]]></id_tax>
<amount><![CDATA[1.545600]]></amount>
</order_invoice_tax>
<order_invoice_tax><id_order_invoice><![CDATA[1366]]></id_order_invoice>
<type><![CDATA[shipping]]></type>
<id_tax><![CDATA[5]]></id_tax>
<amount><![CDATA[0.781200]]></amount>
</order_invoice_tax>
<order_invoice_tax><id_order_invoice><![CDATA[1367]]></id_order_invoice>
<type><![CDATA[shipping]]></type>
<id_tax><![CDATA[1]]></id_tax>
<amount><![CDATA[1.545600]]></amount>
</order_invoice_tax>
<order_invoice_tax><id_order_invoice><![CDATA[1368]]></id_order_invoice>
<type><![CDATA[shipping]]></type>
<id_tax><![CDATA[5]]></id_tax>
<amount><![CDATA[0.781200]]></amount>
</order_invoice_tax>
<order_invoice_tax><id_order_invoice><![CDATA[1369]]></id_order_invoice>
<type><![CDATA[shipping]]></type>
<id_tax><![CDATA[5]]></id_tax>
<amount><![CDATA[0.781200]]></amount>
</order_invoice_tax>
<order_invoice_tax><id_order_invoice><![CDATA[1370]]></id_order_invoice>
<type><![CDATA[shipping]]></type>
<id_tax><![CDATA[1]]></id_tax>
<amount><![CDATA[1.302000]]></amount>
</order_invoice_tax>
<order_invoice_tax><id_order_invoice><![CDATA[1371]]></id_order_invoice>
<type><![CDATA[shipping]]></type>
<id_tax><![CDATA[1]]></id_tax>
<amount><![CDATA[1.509900]]></amount>
</order_invoice_tax>
<order_invoice_tax><id_order_invoice><![CDATA[1372]]></id_order_invoice>
<type><![CDATA[shipping]]></type>
<id_tax><![CDATA[1]]></id_tax>
<amount><![CDATA[1.509900]]></amount>
</order_invoice_tax>
<order_invoice_tax><id_order_invoice><![CDATA[1373]]></id_order_invoice>
<type><![CDATA[shipping]]></type>
<id_tax><![CDATA[1]]></id_tax>
<amount><![CDATA[1.302000]]></amount>
</order_invoice_tax>
<order_invoice_tax><id_order_invoice><![CDATA[1374]]></id_order_invoice>
<type><![CDATA[shipping]]></type>
<id_tax><![CDATA[1]]></id_tax>
<amount><![CDATA[0.000000]]></amount>
</order_invoice_tax>
<order_invoice_tax><id_order_invoice><![CDATA[1375]]></id_order_invoice>
<type><![CDATA[shipping]]></type>
<id_tax><![CDATA[5]]></id_tax>
<amount><![CDATA[0.781200]]></amount>
</order_invoice_tax>
<order_invoice_tax><id_order_invoice><![CDATA[1376]]></id_order_invoice>
<type><![CDATA[shipping]]></type>
<id_tax><![CDATA[1]]></id_tax>
<amount><![CDATA[1.509900]]></amount>
</order_invoice_tax>
<order_invoice_tax><id_order_invoice><![CDATA[1377]]></id_order_invoice>
<type><![CDATA[shipping]]></type>
<id_tax><![CDATA[1]]></id_tax>
<amount><![CDATA[1.302000]]></amount>
</order_invoice_tax>
<order_invoice_tax><id_order_invoice><![CDATA[1378]]></id_order_invoice>
<type><![CDATA[shipping]]></type>
<id_tax><![CDATA[1]]></id_tax>
<amount><![CDATA[1.476300]]></amount>
</order_invoice_tax>
<order_invoice_tax><id_order_invoice><![CDATA[1379]]></id_order_invoice>
<type><![CDATA[shipping]]></type>
<id_tax><![CDATA[1]]></id_tax>
<amount><![CDATA[1.476300]]></amount>
</order_invoice_tax>
<order_invoice_tax><id_order_invoice><![CDATA[1380]]></id_order_invoice>
<type><![CDATA[shipping]]></type>
<id_tax><![CDATA[5]]></id_tax>
<amount><![CDATA[0.781200]]></amount>
</order_invoice_tax>
<order_invoice_tax><id_order_invoice><![CDATA[1381]]></id_order_invoice>
<type><![CDATA[shipping]]></type>
<id_tax><![CDATA[5]]></id_tax>
<amount><![CDATA[0.000000]]></amount>
</order_invoice_tax>
<order_invoice_tax><id_order_invoice><![CDATA[1382]]></id_order_invoice>
<type><![CDATA[shipping]]></type>
<id_tax><![CDATA[1]]></id_tax>
<amount><![CDATA[1.476300]]></amount>
</order_invoice_tax>
<order_invoice_tax><id_order_invoice><![CDATA[1383]]></id_order_invoice>
<type><![CDATA[shipping]]></type>
<id_tax><![CDATA[1]]></id_tax>
<amount><![CDATA[1.476300]]></amount>
</order_invoice_tax>
<order_invoice_tax><id_order_invoice><![CDATA[1384]]></id_order_invoice>
<type><![CDATA[shipping]]></type>
<id_tax><![CDATA[5]]></id_tax>
<amount><![CDATA[0.000000]]></amount>
</order_invoice_tax>
<order_invoice_tax><id_order_invoice><![CDATA[1385]]></id_order_invoice>
<type><![CDATA[shipping]]></type>
<id_tax><![CDATA[1]]></id_tax>
<amount><![CDATA[0.000000]]></amount>
</order_invoice_tax>
<order_invoice_tax><id_order_invoice><![CDATA[1386]]></id_order_invoice>
<type><![CDATA[shipping]]></type>
<id_tax><![CDATA[1]]></id_tax>
<amount><![CDATA[0.000000]]></amount>
</order_invoice_tax>
<order_invoice_tax><id_order_invoice><![CDATA[1387]]></id_order_invoice>
<type><![CDATA[shipping]]></type>
<id_tax><![CDATA[1]]></id_tax>
<amount><![CDATA[1.302000]]></amount>
</order_invoice_tax>
<order_invoice_tax><id_order_invoice><![CDATA[1388]]></id_order_invoice>
<type><![CDATA[shipping]]></type>
<id_tax><![CDATA[5]]></id_tax>
<amount><![CDATA[0.000000]]></amount>
</order_invoice_tax>
<order_invoice_tax><id_order_invoice><![CDATA[1389]]></id_order_invoice>
<type><![CDATA[shipping]]></type>
<id_tax><![CDATA[5]]></id_tax>
<amount><![CDATA[0.781200]]></amount>
</order_invoice_tax>
<order_invoice_tax><id_order_invoice><![CDATA[1390]]></id_order_invoice>
<type><![CDATA[shipping]]></type>
<id_tax><![CDATA[5]]></id_tax>
<amount><![CDATA[0.781200]]></amount>
</order_invoice_tax>
<order_invoice_tax><id_order_invoice><![CDATA[1391]]></id_order_invoice>
<type><![CDATA[shipping]]></type>
<id_tax><![CDATA[1]]></id_tax>
<amount><![CDATA[1.302000]]></amount>
</order_invoice_tax>
<order_invoice_tax><id_order_invoice><![CDATA[1392]]></id_order_invoice>
<type><![CDATA[shipping]]></type>
<id_tax><![CDATA[5]]></id_tax>
<amount><![CDATA[0.781200]]></amount>
</order_invoice_tax>
<order_invoice_tax><id_order_invoice><![CDATA[1393]]></id_order_invoice>
<type><![CDATA[shipping]]></type>
<id_tax><![CDATA[5]]></id_tax>
<amount><![CDATA[0.000000]]></amount>
</order_invoice_tax>
<order_invoice_tax><id_order_invoice><![CDATA[1394]]></id_order_invoice>
<type><![CDATA[shipping]]></type>
<id_tax><![CDATA[1]]></id_tax>
<amount><![CDATA[1.476300]]></amount>
</order_invoice_tax>
<order_invoice_tax><id_order_invoice><![CDATA[1395]]></id_order_invoice>
<type><![CDATA[shipping]]></type>
<id_tax><![CDATA[1]]></id_tax>
<amount><![CDATA[1.509900]]></amount>
</order_invoice_tax>
<order_invoice_tax><id_order_invoice><![CDATA[1396]]></id_order_invoice>
<type><![CDATA[shipping]]></type>
<id_tax><![CDATA[1]]></id_tax>
<amount><![CDATA[1.302000]]></amount>
</order_invoice_tax>
<order_invoice_tax><id_order_invoice><![CDATA[1397]]></id_order_invoice>
<type><![CDATA[shipping]]></type>
<id_tax><![CDATA[1]]></id_tax>
<amount><![CDATA[1.545600]]></amount>
</order_invoice_tax>
<order_invoice_tax><id_order_invoice><![CDATA[1398]]></id_order_invoice>
<type><![CDATA[shipping]]></type>
<id_tax><![CDATA[5]]></id_tax>
<amount><![CDATA[0.000000]]></amount>
</order_invoice_tax>
<order_invoice_tax><id_order_invoice><![CDATA[1399]]></id_order_invoice>
<type><![CDATA[shipping]]></type>
<id_tax><![CDATA[1]]></id_tax>
<amount><![CDATA[1.476300]]></amount>
</order_invoice_tax>
<order_invoice_tax><id_order_invoice><![CDATA[1400]]></id_order_invoice>
<type><![CDATA[shipping]]></type>
<id_tax><![CDATA[1]]></id_tax>
<amount><![CDATA[1.509900]]></amount>
</order_invoice_tax>
<order_invoice_tax><id_order_invoice><![CDATA[1401]]></id_order_invoice>
<type><![CDATA[shipping]]></type>
<id_tax><![CDATA[5]]></id_tax>
<amount><![CDATA[0.781200]]></amount>
</order_invoice_tax>
<order_invoice_tax><id_order_invoice><![CDATA[1402]]></id_order_invoice>
<type><![CDATA[shipping]]></type>
<id_tax><![CDATA[1]]></id_tax>
<amount><![CDATA[1.545600]]></amount>
</order_invoice_tax>
<order_invoice_tax><id_order_invoice><![CDATA[1403]]></id_order_invoice>
<type><![CDATA[shipping]]></type>
<id_tax><![CDATA[1]]></id_tax>
<amount><![CDATA[1.302000]]></amount>
</order_invoice_tax>
<order_invoice_tax><id_order_invoice><![CDATA[1404]]></id_order_invoice>
<type><![CDATA[shipping]]></type>
<id_tax><![CDATA[5]]></id_tax>
<amount><![CDATA[0.781200]]></amount>
</order_invoice_tax>
<order_invoice_tax><id_order_invoice><![CDATA[1405]]></id_order_invoice>
<type><![CDATA[shipping]]></type>
<id_tax><![CDATA[5]]></id_tax>
<amount><![CDATA[0.000000]]></amount>
</order_invoice_tax>
<order_invoice_tax><id_order_invoice><![CDATA[1406]]></id_order_invoice>
<type><![CDATA[shipping]]></type>
<id_tax><![CDATA[1]]></id_tax>
<amount><![CDATA[1.476300]]></amount>
</order_invoice_tax>
<order_invoice_tax><id_order_invoice><![CDATA[1407]]></id_order_invoice>
<type><![CDATA[shipping]]></type>
<id_tax><![CDATA[5]]></id_tax>
<amount><![CDATA[0.781200]]></amount>
</order_invoice_tax>
<order_invoice_tax><id_order_invoice><![CDATA[1408]]></id_order_invoice>
<type><![CDATA[shipping]]></type>
<id_tax><![CDATA[5]]></id_tax>
<amount><![CDATA[0.781200]]></amount>
</order_invoice_tax>
<order_invoice_tax><id_order_invoice><![CDATA[1409]]></id_order_invoice>
<type><![CDATA[shipping]]></type>
<id_tax><![CDATA[1]]></id_tax>
<amount><![CDATA[1.476300]]></amount>
</order_invoice_tax>
<order_invoice_tax><id_order_invoice><![CDATA[1410]]></id_order_invoice>
<type><![CDATA[shipping]]></type>
<id_tax><![CDATA[1]]></id_tax>
<amount><![CDATA[1.476300]]></amount>
</order_invoice_tax>
<order_invoice_tax><id_order_invoice><![CDATA[1411]]></id_order_invoice>
<type><![CDATA[shipping]]></type>
<id_tax><![CDATA[1]]></id_tax>
<amount><![CDATA[1.545600]]></amount>
</order_invoice_tax>
<order_invoice_tax><id_order_invoice><![CDATA[1412]]></id_order_invoice>
<type><![CDATA[shipping]]></type>
<id_tax><![CDATA[5]]></id_tax>
<amount><![CDATA[0.781200]]></amount>
</order_invoice_tax>
<order_invoice_tax><id_order_invoice><![CDATA[1413]]></id_order_invoice>
<type><![CDATA[shipping]]></type>
<id_tax><![CDATA[5]]></id_tax>
<amount><![CDATA[0.781200]]></amount>
</order_invoice_tax>
<order_invoice_tax><id_order_invoice><![CDATA[1414]]></id_order_invoice>
<type><![CDATA[shipping]]></type>
<id_tax><![CDATA[5]]></id_tax>
<amount><![CDATA[0.781200]]></amount>
</order_invoice_tax>
<order_invoice_tax><id_order_invoice><![CDATA[1415]]></id_order_invoice>
<type><![CDATA[shipping]]></type>
<id_tax><![CDATA[1]]></id_tax>
<amount><![CDATA[1.545600]]></amount>
</order_invoice_tax>
<order_invoice_tax><id_order_invoice><![CDATA[1416]]></id_order_invoice>
<type><![CDATA[shipping]]></type>
<id_tax><![CDATA[5]]></id_tax>
<amount><![CDATA[0.781200]]></amount>
</order_invoice_tax>
<order_invoice_tax><id_order_invoice><![CDATA[1417]]></id_order_invoice>
<type><![CDATA[shipping]]></type>
<id_tax><![CDATA[5]]></id_tax>
<amount><![CDATA[0.781200]]></amount>
</order_invoice_tax>
<order_invoice_tax><id_order_invoice><![CDATA[1418]]></id_order_invoice>
<type><![CDATA[shipping]]></type>
<id_tax><![CDATA[1]]></id_tax>
<amount><![CDATA[1.509900]]></amount>
</order_invoice_tax>
<order_invoice_tax><id_order_invoice><![CDATA[1419]]></id_order_invoice>
<type><![CDATA[shipping]]></type>
<id_tax><![CDATA[1]]></id_tax>
<amount><![CDATA[0.000000]]></amount>
</order_invoice_tax>
<order_invoice_tax><id_order_invoice><![CDATA[1420]]></id_order_invoice>
<type><![CDATA[shipping]]></type>
<id_tax><![CDATA[1]]></id_tax>
<amount><![CDATA[1.302000]]></amount>
</order_invoice_tax>
<order_invoice_tax><id_order_invoice><![CDATA[1421]]></id_order_invoice>
<type><![CDATA[shipping]]></type>
<id_tax><![CDATA[1]]></id_tax>
<amount><![CDATA[1.302000]]></amount>
</order_invoice_tax>
<order_invoice_tax><id_order_invoice><![CDATA[1422]]></id_order_invoice>
<type><![CDATA[shipping]]></type>
<id_tax><![CDATA[5]]></id_tax>
<amount><![CDATA[0.781200]]></amount>
</order_invoice_tax>
<order_invoice_tax><id_order_invoice><![CDATA[1423]]></id_order_invoice>
<type><![CDATA[shipping]]></type>
<id_tax><![CDATA[5]]></id_tax>
<amount><![CDATA[0.000000]]></amount>
</order_invoice_tax>
<order_invoice_tax><id_order_invoice><![CDATA[1424]]></id_order_invoice>
<type><![CDATA[shipping]]></type>
<id_tax><![CDATA[1]]></id_tax>
<amount><![CDATA[1.302000]]></amount>
</order_invoice_tax>
<order_invoice_tax><id_order_invoice><![CDATA[1425]]></id_order_invoice>
<type><![CDATA[shipping]]></type>
<id_tax><![CDATA[1]]></id_tax>
<amount><![CDATA[1.545600]]></amount>
</order_invoice_tax>
<order_invoice_tax><id_order_invoice><![CDATA[1426]]></id_order_invoice>
<type><![CDATA[shipping]]></type>
<id_tax><![CDATA[1]]></id_tax>
<amount><![CDATA[1.545600]]></amount>
</order_invoice_tax>
<order_invoice_tax><id_order_invoice><![CDATA[1427]]></id_order_invoice>
<type><![CDATA[shipping]]></type>
<id_tax><![CDATA[5]]></id_tax>
<amount><![CDATA[0.781200]]></amount>
</order_invoice_tax>
<order_invoice_tax><id_order_invoice><![CDATA[1428]]></id_order_invoice>
<type><![CDATA[shipping]]></type>
<id_tax><![CDATA[5]]></id_tax>
<amount><![CDATA[0.000000]]></amount>
</order_invoice_tax>
<order_invoice_tax><id_order_invoice><![CDATA[1429]]></id_order_invoice>
<type><![CDATA[shipping]]></type>
<id_tax><![CDATA[1]]></id_tax>
<amount><![CDATA[1.302000]]></amount>
</order_invoice_tax>
<order_invoice_tax><id_order_invoice><![CDATA[1430]]></id_order_invoice>
<type><![CDATA[shipping]]></type>
<id_tax><![CDATA[1]]></id_tax>
<amount><![CDATA[1.509900]]></amount>
</order_invoice_tax>
<order_invoice_tax><id_order_invoice><![CDATA[1431]]></id_order_invoice>
<type><![CDATA[shipping]]></type>
<id_tax><![CDATA[5]]></id_tax>
<amount><![CDATA[0.781200]]></amount>
</order_invoice_tax>
<order_invoice_tax><id_order_invoice><![CDATA[1432]]></id_order_invoice>
<type><![CDATA[shipping]]></type>
<id_tax><![CDATA[1]]></id_tax>
<amount><![CDATA[1.545600]]></amount>
</order_invoice_tax>
<order_invoice_tax><id_order_invoice><![CDATA[1433]]></id_order_invoice>
<type><![CDATA[shipping]]></type>
<id_tax><![CDATA[1]]></id_tax>
<amount><![CDATA[1.302000]]></amount>
</order_invoice_tax>
<order_invoice_tax><id_order_invoice><![CDATA[1434]]></id_order_invoice>
<type><![CDATA[shipping]]></type>
<id_tax><![CDATA[1]]></id_tax>
<amount><![CDATA[1.476300]]></amount>
</order_invoice_tax>
<order_invoice_tax><id_order_invoice><![CDATA[1435]]></id_order_invoice>
<type><![CDATA[shipping]]></type>
<id_tax><![CDATA[1]]></id_tax>
<amount><![CDATA[1.545600]]></amount>
</order_invoice_tax>
<order_invoice_tax><id_order_invoice><![CDATA[1436]]></id_order_invoice>
<type><![CDATA[shipping]]></type>
<id_tax><![CDATA[5]]></id_tax>
<amount><![CDATA[0.781200]]></amount>
</order_invoice_tax>
<order_invoice_tax><id_order_invoice><![CDATA[1437]]></id_order_invoice>
<type><![CDATA[shipping]]></type>
<id_tax><![CDATA[1]]></id_tax>
<amount><![CDATA[1.302000]]></amount>
</order_invoice_tax>
<order_invoice_tax><id_order_invoice><![CDATA[1438]]></id_order_invoice>
<type><![CDATA[shipping]]></type>
<id_tax><![CDATA[5]]></id_tax>
<amount><![CDATA[0.781200]]></amount>
</order_invoice_tax>
<order_invoice_tax><id_order_invoice><![CDATA[1439]]></id_order_invoice>
<type><![CDATA[shipping]]></type>
<id_tax><![CDATA[5]]></id_tax>
<amount><![CDATA[0.781200]]></amount>
</order_invoice_tax>
<order_invoice_tax><id_order_invoice><![CDATA[1440]]></id_order_invoice>
<type><![CDATA[shipping]]></type>
<id_tax><![CDATA[1]]></id_tax>
<amount><![CDATA[1.302000]]></amount>
</order_invoice_tax>
<order_invoice_tax><id_order_invoice><![CDATA[1441]]></id_order_invoice>
<type><![CDATA[shipping]]></type>
<id_tax><![CDATA[5]]></id_tax>
<amount><![CDATA[0.781200]]></amount>
</order_invoice_tax>
<order_invoice_tax><id_order_invoice><![CDATA[1442]]></id_order_invoice>
<type><![CDATA[shipping]]></type>
<id_tax><![CDATA[1]]></id_tax>
<amount><![CDATA[1.476300]]></amount>
</order_invoice_tax>
<order_invoice_tax><id_order_invoice><![CDATA[1443]]></id_order_invoice>
<type><![CDATA[shipping]]></type>
<id_tax><![CDATA[1]]></id_tax>
<amount><![CDATA[1.509900]]></amount>
</order_invoice_tax>
<order_invoice_tax><id_order_invoice><![CDATA[1444]]></id_order_invoice>
<type><![CDATA[shipping]]></type>
<id_tax><![CDATA[5]]></id_tax>
<amount><![CDATA[0.000000]]></amount>
</order_invoice_tax>
<order_invoice_tax><id_order_invoice><![CDATA[1445]]></id_order_invoice>
<type><![CDATA[shipping]]></type>
<id_tax><![CDATA[1]]></id_tax>
<amount><![CDATA[1.545600]]></amount>
</order_invoice_tax>
<order_invoice_tax><id_order_invoice><![CDATA[1446]]></id_order_invoice>
<type><![CDATA[shipping]]></type>
<id_tax><![CDATA[5]]></id_tax>
<amount><![CDATA[0.000000]]></amount>
</order_invoice_tax>
<order_invoice_tax><id_order_invoice><![CDATA[1447]]></id_order_invoice>
<type><![CDATA[shipping]]></type>
<id_tax><![CDATA[5]]></id_tax>
<amount><![CDATA[0.781200]]></amount>
</order_invoice_tax>
<order_invoice_tax><id_order_invoice><![CDATA[1448]]></id_order_invoice>
<type><![CDATA[shipping]]></type>
<id_tax><![CDATA[1]]></id_tax>
<amount><![CDATA[1.545600]]></amount>
</order_invoice_tax>
<order_invoice_tax><id_order_invoice><![CDATA[1449]]></id_order_invoice>
<type><![CDATA[shipping]]></type>
<id_tax><![CDATA[5]]></id_tax>
<amount><![CDATA[0.781200]]></amount>
</order_invoice_tax>
<order_invoice_tax><id_order_invoice><![CDATA[1450]]></id_order_invoice>
<type><![CDATA[shipping]]></type>
<id_tax><![CDATA[5]]></id_tax>
<amount><![CDATA[0.781200]]></amount>
</order_invoice_tax>
<order_invoice_tax><id_order_invoice><![CDATA[1451]]></id_order_invoice>
<type><![CDATA[shipping]]></type>
<id_tax><![CDATA[5]]></id_tax>
<amount><![CDATA[0.000000]]></amount>
</order_invoice_tax>
<order_invoice_tax><id_order_invoice><![CDATA[1452]]></id_order_invoice>
<type><![CDATA[shipping]]></type>
<id_tax><![CDATA[5]]></id_tax>
<amount><![CDATA[0.781200]]></amount>
</order_invoice_tax>
<order_invoice_tax><id_order_invoice><![CDATA[1453]]></id_order_invoice>
<type><![CDATA[shipping]]></type>
<id_tax><![CDATA[1]]></id_tax>
<amount><![CDATA[1.545600]]></amount>
</order_invoice_tax>
<order_invoice_tax><id_order_invoice><![CDATA[1454]]></id_order_invoice>
<type><![CDATA[shipping]]></type>
<id_tax><![CDATA[5]]></id_tax>
<amount><![CDATA[0.781200]]></amount>
</order_invoice_tax>
<order_invoice_tax><id_order_invoice><![CDATA[1455]]></id_order_invoice>
<type><![CDATA[shipping]]></type>
<id_tax><![CDATA[5]]></id_tax>
<amount><![CDATA[0.781200]]></amount>
</order_invoice_tax>
<order_invoice_tax><id_order_invoice><![CDATA[1456]]></id_order_invoice>
<type><![CDATA[shipping]]></type>
<id_tax><![CDATA[1]]></id_tax>
<amount><![CDATA[1.545600]]></amount>
</order_invoice_tax>
<order_invoice_tax><id_order_invoice><![CDATA[1457]]></id_order_invoice>
<type><![CDATA[shipping]]></type>
<id_tax><![CDATA[1]]></id_tax>
<amount><![CDATA[1.302000]]></amount>
</order_invoice_tax>
<order_invoice_tax><id_order_invoice><![CDATA[1458]]></id_order_invoice>
<type><![CDATA[shipping]]></type>
<id_tax><![CDATA[5]]></id_tax>
<amount><![CDATA[0.781200]]></amount>
</order_invoice_tax>
<order_invoice_tax><id_order_invoice><![CDATA[1459]]></id_order_invoice>
<type><![CDATA[shipping]]></type>
<id_tax><![CDATA[5]]></id_tax>
<amount><![CDATA[0.781200]]></amount>
</order_invoice_tax>
<order_invoice_tax><id_order_invoice><![CDATA[1460]]></id_order_invoice>
<type><![CDATA[shipping]]></type>
<id_tax><![CDATA[5]]></id_tax>
<amount><![CDATA[0.781200]]></amount>
</order_invoice_tax>
<order_invoice_tax><id_order_invoice><![CDATA[1461]]></id_order_invoice>
<type><![CDATA[shipping]]></type>
<id_tax><![CDATA[5]]></id_tax>
<amount><![CDATA[0.781200]]></amount>
</order_invoice_tax>
<order_invoice_tax><id_order_invoice><![CDATA[1462]]></id_order_invoice>
<type><![CDATA[shipping]]></type>
<id_tax><![CDATA[1]]></id_tax>
<amount><![CDATA[1.302000]]></amount>
</order_invoice_tax>
<order_invoice_tax><id_order_invoice><![CDATA[1463]]></id_order_invoice>
<type><![CDATA[shipping]]></type>
<id_tax><![CDATA[1]]></id_tax>
<amount><![CDATA[1.509900]]></amount>
</order_invoice_tax>
<order_invoice_tax><id_order_invoice><![CDATA[1464]]></id_order_invoice>
<type><![CDATA[shipping]]></type>
<id_tax><![CDATA[1]]></id_tax>
<amount><![CDATA[1.545600]]></amount>
</order_invoice_tax>
<order_invoice_tax><id_order_invoice><![CDATA[1465]]></id_order_invoice>
<type><![CDATA[shipping]]></type>
<id_tax><![CDATA[1]]></id_tax>
<amount><![CDATA[1.476300]]></amount>
</order_invoice_tax>
<order_invoice_tax><id_order_invoice><![CDATA[1466]]></id_order_invoice>
<type><![CDATA[shipping]]></type>
<id_tax><![CDATA[1]]></id_tax>
<amount><![CDATA[1.545600]]></amount>
</order_invoice_tax>
<order_invoice_tax><id_order_invoice><![CDATA[1467]]></id_order_invoice>
<type><![CDATA[shipping]]></type>
<id_tax><![CDATA[1]]></id_tax>
<amount><![CDATA[1.476300]]></amount>
</order_invoice_tax>
<order_invoice_tax><id_order_invoice><![CDATA[1468]]></id_order_invoice>
<type><![CDATA[shipping]]></type>
<id_tax><![CDATA[1]]></id_tax>
<amount><![CDATA[1.302000]]></amount>
</order_invoice_tax>
<order_invoice_tax><id_order_invoice><![CDATA[1469]]></id_order_invoice>
<type><![CDATA[shipping]]></type>
<id_tax><![CDATA[1]]></id_tax>
<amount><![CDATA[1.302000]]></amount>
</order_invoice_tax>
<order_invoice_tax><id_order_invoice><![CDATA[1470]]></id_order_invoice>
<type><![CDATA[shipping]]></type>
<id_tax><![CDATA[1]]></id_tax>
<amount><![CDATA[1.476300]]></amount>
</order_invoice_tax>
<order_invoice_tax><id_order_invoice><![CDATA[1471]]></id_order_invoice>
<type><![CDATA[shipping]]></type>
<id_tax><![CDATA[1]]></id_tax>
<amount><![CDATA[1.302000]]></amount>
</order_invoice_tax>
<order_invoice_tax><id_order_invoice><![CDATA[1472]]></id_order_invoice>
<type><![CDATA[shipping]]></type>
<id_tax><![CDATA[1]]></id_tax>
<amount><![CDATA[1.302000]]></amount>
</order_invoice_tax>
<order_invoice_tax><id_order_invoice><![CDATA[1473]]></id_order_invoice>
<type><![CDATA[shipping]]></type>
<id_tax><![CDATA[1]]></id_tax>
<amount><![CDATA[1.545600]]></amount>
</order_invoice_tax>
<order_invoice_tax><id_order_invoice><![CDATA[1474]]></id_order_invoice>
<type><![CDATA[shipping]]></type>
<id_tax><![CDATA[5]]></id_tax>
<amount><![CDATA[0.781200]]></amount>
</order_invoice_tax>
<order_invoice_tax><id_order_invoice><![CDATA[1475]]></id_order_invoice>
<type><![CDATA[shipping]]></type>
<id_tax><![CDATA[5]]></id_tax>
<amount><![CDATA[0.781200]]></amount>
</order_invoice_tax>
<order_invoice_tax><id_order_invoice><![CDATA[1476]]></id_order_invoice>
<type><![CDATA[shipping]]></type>
<id_tax><![CDATA[1]]></id_tax>
<amount><![CDATA[1.545600]]></amount>
</order_invoice_tax>
<order_invoice_tax><id_order_invoice><![CDATA[1477]]></id_order_invoice>
<type><![CDATA[shipping]]></type>
<id_tax><![CDATA[1]]></id_tax>
<amount><![CDATA[0.000000]]></amount>
</order_invoice_tax>
<order_invoice_tax><id_order_invoice><![CDATA[1478]]></id_order_invoice>
<type><![CDATA[shipping]]></type>
<id_tax><![CDATA[5]]></id_tax>
<amount><![CDATA[0.781200]]></amount>
</order_invoice_tax>
<order_invoice_tax><id_order_invoice><![CDATA[1479]]></id_order_invoice>
<type><![CDATA[shipping]]></type>
<id_tax><![CDATA[1]]></id_tax>
<amount><![CDATA[1.545600]]></amount>
</order_invoice_tax>
<order_invoice_tax><id_order_invoice><![CDATA[1480]]></id_order_invoice>
<type><![CDATA[shipping]]></type>
<id_tax><![CDATA[5]]></id_tax>
<amount><![CDATA[0.781200]]></amount>
</order_invoice_tax>
<order_invoice_tax><id_order_invoice><![CDATA[1481]]></id_order_invoice>
<type><![CDATA[shipping]]></type>
<id_tax><![CDATA[1]]></id_tax>
<amount><![CDATA[1.476300]]></amount>
</order_invoice_tax>
<order_invoice_tax><id_order_invoice><![CDATA[1482]]></id_order_invoice>
<type><![CDATA[shipping]]></type>
<id_tax><![CDATA[1]]></id_tax>
<amount><![CDATA[1.476300]]></amount>
</order_invoice_tax>
<order_invoice_tax><id_order_invoice><![CDATA[1483]]></id_order_invoice>
<type><![CDATA[shipping]]></type>
<id_tax><![CDATA[5]]></id_tax>
<amount><![CDATA[0.000000]]></amount>
</order_invoice_tax>
<order_invoice_tax><id_order_invoice><![CDATA[1484]]></id_order_invoice>
<type><![CDATA[shipping]]></type>
<id_tax><![CDATA[5]]></id_tax>
<amount><![CDATA[0.000000]]></amount>
</order_invoice_tax>
<order_invoice_tax><id_order_invoice><![CDATA[1485]]></id_order_invoice>
<type><![CDATA[shipping]]></type>
<id_tax><![CDATA[5]]></id_tax>
<amount><![CDATA[0.781200]]></amount>
</order_invoice_tax>
<order_invoice_tax><id_order_invoice><![CDATA[1486]]></id_order_invoice>
<type><![CDATA[shipping]]></type>
<id_tax><![CDATA[5]]></id_tax>
<amount><![CDATA[0.781200]]></amount>
</order_invoice_tax>
<order_invoice_tax><id_order_invoice><![CDATA[1487]]></id_order_invoice>
<type><![CDATA[shipping]]></type>
<id_tax><![CDATA[1]]></id_tax>
<amount><![CDATA[1.476300]]></amount>
</order_invoice_tax>
<order_invoice_tax><id_order_invoice><![CDATA[1488]]></id_order_invoice>
<type><![CDATA[shipping]]></type>
<id_tax><![CDATA[5]]></id_tax>
<amount><![CDATA[0.781200]]></amount>
</order_invoice_tax>
<order_invoice_tax><id_order_invoice><![CDATA[1489]]></id_order_invoice>
<type><![CDATA[shipping]]></type>
<id_tax><![CDATA[1]]></id_tax>
<amount><![CDATA[0.000000]]></amount>
</order_invoice_tax>
<order_invoice_tax><id_order_invoice><![CDATA[1490]]></id_order_invoice>
<type><![CDATA[shipping]]></type>
<id_tax><![CDATA[1]]></id_tax>
<amount><![CDATA[0.000000]]></amount>
</order_invoice_tax>
<order_invoice_tax><id_order_invoice><![CDATA[1491]]></id_order_invoice>
<type><![CDATA[shipping]]></type>
<id_tax><![CDATA[1]]></id_tax>
<amount><![CDATA[1.509900]]></amount>
</order_invoice_tax>
<order_invoice_tax><id_order_invoice><![CDATA[1492]]></id_order_invoice>
<type><![CDATA[shipping]]></type>
<id_tax><![CDATA[1]]></id_tax>
<amount><![CDATA[1.545600]]></amount>
</order_invoice_tax>
<order_invoice_tax><id_order_invoice><![CDATA[1493]]></id_order_invoice>
<type><![CDATA[shipping]]></type>
<id_tax><![CDATA[5]]></id_tax>
<amount><![CDATA[0.000000]]></amount>
</order_invoice_tax>
<order_invoice_tax><id_order_invoice><![CDATA[1494]]></id_order_invoice>
<type><![CDATA[shipping]]></type>
<id_tax><![CDATA[5]]></id_tax>
<amount><![CDATA[0.000000]]></amount>
</order_invoice_tax>
<order_invoice_tax><id_order_invoice><![CDATA[1495]]></id_order_invoice>
<type><![CDATA[shipping]]></type>
<id_tax><![CDATA[1]]></id_tax>
<amount><![CDATA[1.545600]]></amount>
</order_invoice_tax>
<order_invoice_tax><id_order_invoice><![CDATA[1496]]></id_order_invoice>
<type><![CDATA[shipping]]></type>
<id_tax><![CDATA[1]]></id_tax>
<amount><![CDATA[0.781200]]></amount>
</order_invoice_tax>
<order_invoice_tax><id_order_invoice><![CDATA[1497]]></id_order_invoice>
<type><![CDATA[shipping]]></type>
<id_tax><![CDATA[5]]></id_tax>
<amount><![CDATA[0.000000]]></amount>
</order_invoice_tax>
<order_invoice_tax><id_order_invoice><![CDATA[1498]]></id_order_invoice>
<type><![CDATA[shipping]]></type>
<id_tax><![CDATA[5]]></id_tax>
<amount><![CDATA[0.781200]]></amount>
</order_invoice_tax>
<order_invoice_tax><id_order_invoice><![CDATA[1499]]></id_order_invoice>
<type><![CDATA[shipping]]></type>
<id_tax><![CDATA[1]]></id_tax>
<amount><![CDATA[1.545600]]></amount>
</order_invoice_tax>
<order_invoice_tax><id_order_invoice><![CDATA[1500]]></id_order_invoice>
<type><![CDATA[shipping]]></type>
<id_tax><![CDATA[1]]></id_tax>
<amount><![CDATA[1.476300]]></amount>
</order_invoice_tax>
<order_invoice_tax><id_order_invoice><![CDATA[1501]]></id_order_invoice>
<type><![CDATA[shipping]]></type>
<id_tax><![CDATA[1]]></id_tax>
<amount><![CDATA[1.545600]]></amount>
</order_invoice_tax>
<order_invoice_tax><id_order_invoice><![CDATA[1502]]></id_order_invoice>
<type><![CDATA[shipping]]></type>
<id_tax><![CDATA[5]]></id_tax>
<amount><![CDATA[0.000000]]></amount>
</order_invoice_tax>
<order_invoice_tax><id_order_invoice><![CDATA[1503]]></id_order_invoice>
<type><![CDATA[shipping]]></type>
<id_tax><![CDATA[5]]></id_tax>
<amount><![CDATA[0.781200]]></amount>
</order_invoice_tax>
<order_invoice_tax><id_order_invoice><![CDATA[1504]]></id_order_invoice>
<type><![CDATA[shipping]]></type>
<id_tax><![CDATA[1]]></id_tax>
<amount><![CDATA[1.476300]]></amount>
</order_invoice_tax>
<order_invoice_tax><id_order_invoice><![CDATA[1505]]></id_order_invoice>
<type><![CDATA[shipping]]></type>
<id_tax><![CDATA[1]]></id_tax>
<amount><![CDATA[1.545600]]></amount>
</order_invoice_tax>
<order_invoice_tax><id_order_invoice><![CDATA[1506]]></id_order_invoice>
<type><![CDATA[shipping]]></type>
<id_tax><![CDATA[5]]></id_tax>
<amount><![CDATA[0.000000]]></amount>
</order_invoice_tax>
<order_invoice_tax><id_order_invoice><![CDATA[1507]]></id_order_invoice>
<type><![CDATA[shipping]]></type>
<id_tax><![CDATA[1]]></id_tax>
<amount><![CDATA[0.000000]]></amount>
</order_invoice_tax>
<order_invoice_tax><id_order_invoice><![CDATA[1508]]></id_order_invoice>
<type><![CDATA[shipping]]></type>
<id_tax><![CDATA[1]]></id_tax>
<amount><![CDATA[0.000000]]></amount>
</order_invoice_tax>
<order_invoice_tax><id_order_invoice><![CDATA[1509]]></id_order_invoice>
<type><![CDATA[shipping]]></type>
<id_tax><![CDATA[1]]></id_tax>
<amount><![CDATA[0.781200]]></amount>
</order_invoice_tax>
<order_invoice_tax><id_order_invoice><![CDATA[1510]]></id_order_invoice>
<type><![CDATA[shipping]]></type>
<id_tax><![CDATA[1]]></id_tax>
<amount><![CDATA[0.781200]]></amount>
</order_invoice_tax>
<order_invoice_tax><id_order_invoice><![CDATA[1511]]></id_order_invoice>
<type><![CDATA[shipping]]></type>
<id_tax><![CDATA[1]]></id_tax>
<amount><![CDATA[0.000000]]></amount>
</order_invoice_tax>
<order_invoice_tax><id_order_invoice><![CDATA[1512]]></id_order_invoice>
<type><![CDATA[shipping]]></type>
<id_tax><![CDATA[1]]></id_tax>
<amount><![CDATA[0.000000]]></amount>
</order_invoice_tax>
<order_invoice_tax><id_order_invoice><![CDATA[1513]]></id_order_invoice>
<type><![CDATA[shipping]]></type>
<id_tax><![CDATA[1]]></id_tax>
<amount><![CDATA[0.781200]]></amount>
</order_invoice_tax>
<order_invoice_tax><id_order_invoice><![CDATA[1514]]></id_order_invoice>
<type><![CDATA[shipping]]></type>
<id_tax><![CDATA[1]]></id_tax>
<amount><![CDATA[0.781200]]></amount>
</order_invoice_tax>
<order_invoice_tax><id_order_invoice><![CDATA[1515]]></id_order_invoice>
<type><![CDATA[shipping]]></type>
<id_tax><![CDATA[1]]></id_tax>
<amount><![CDATA[1.545600]]></amount>
</order_invoice_tax>
<order_invoice_tax><id_order_invoice><![CDATA[1516]]></id_order_invoice>
<type><![CDATA[shipping]]></type>
<id_tax><![CDATA[1]]></id_tax>
<amount><![CDATA[1.545600]]></amount>
</order_invoice_tax>
<order_invoice_tax><id_order_invoice><![CDATA[1517]]></id_order_invoice>
<type><![CDATA[shipping]]></type>
<id_tax><![CDATA[1]]></id_tax>
<amount><![CDATA[1.476300]]></amount>
</order_invoice_tax>
<order_invoice_tax><id_order_invoice><![CDATA[1518]]></id_order_invoice>
<type><![CDATA[shipping]]></type>
<id_tax><![CDATA[1]]></id_tax>
<amount><![CDATA[1.545600]]></amount>
</order_invoice_tax>
<order_invoice_tax><id_order_invoice><![CDATA[1519]]></id_order_invoice>
<type><![CDATA[shipping]]></type>
<id_tax><![CDATA[1]]></id_tax>
<amount><![CDATA[1.545600]]></amount>
</order_invoice_tax>
<order_invoice_tax><id_order_invoice><![CDATA[1520]]></id_order_invoice>
<type><![CDATA[shipping]]></type>
<id_tax><![CDATA[1]]></id_tax>
<amount><![CDATA[0.000000]]></amount>
</order_invoice_tax>
<order_invoice_tax><id_order_invoice><![CDATA[1521]]></id_order_invoice>
<type><![CDATA[shipping]]></type>
<id_tax><![CDATA[1]]></id_tax>
<amount><![CDATA[1.545600]]></amount>
</order_invoice_tax>
<order_invoice_tax><id_order_invoice><![CDATA[1522]]></id_order_invoice>
<type><![CDATA[shipping]]></type>
<id_tax><![CDATA[1]]></id_tax>
<amount><![CDATA[1.302000]]></amount>
</order_invoice_tax>
<order_invoice_tax><id_order_invoice><![CDATA[1523]]></id_order_invoice>
<type><![CDATA[shipping]]></type>
<id_tax><![CDATA[1]]></id_tax>
<amount><![CDATA[1.545600]]></amount>
</order_invoice_tax>
<order_invoice_tax><id_order_invoice><![CDATA[1524]]></id_order_invoice>
<type><![CDATA[shipping]]></type>
<id_tax><![CDATA[1]]></id_tax>
<amount><![CDATA[1.509900]]></amount>
</order_invoice_tax>
<order_invoice_tax><id_order_invoice><![CDATA[1525]]></id_order_invoice>
<type><![CDATA[shipping]]></type>
<id_tax><![CDATA[1]]></id_tax>
<amount><![CDATA[1.476300]]></amount>
</order_invoice_tax>
<order_invoice_tax><id_order_invoice><![CDATA[1526]]></id_order_invoice>
<type><![CDATA[shipping]]></type>
<id_tax><![CDATA[1]]></id_tax>
<amount><![CDATA[0.000000]]></amount>
</order_invoice_tax>
<order_invoice_tax><id_order_invoice><![CDATA[1527]]></id_order_invoice>
<type><![CDATA[shipping]]></type>
<id_tax><![CDATA[1]]></id_tax>
<amount><![CDATA[1.476300]]></amount>
</order_invoice_tax>
<order_invoice_tax><id_order_invoice><![CDATA[1528]]></id_order_invoice>
<type><![CDATA[shipping]]></type>
<id_tax><![CDATA[1]]></id_tax>
<amount><![CDATA[0.781200]]></amount>
</order_invoice_tax>
</entity_profile>
