<?xml version="1.0" encoding="UTF-8"?>
<entity_profile>
<order_state><id_order_state><![CDATA[1]]></id_order_state>
<send_email><![CDATA[1]]></send_email>
<module_name><![CDATA[cheque]]></module_name>
<invoice><![CDATA[0]]></invoice>
<color><![CDATA[#4169E1]]></color>
<logable><![CDATA[0]]></logable>
<shipped><![CDATA[0]]></shipped>
<unremovable><![CDATA[1]]></unremovable>
<delivery><![CDATA[0]]></delivery>
<hidden><![CDATA[0]]></hidden>
<paid><![CDATA[0]]></paid>
<pdf_delivery><![CDATA[0]]></pdf_delivery>
<pdf_invoice><![CDATA[0]]></pdf_invoice>
<deleted><![CDATA[0]]></deleted>
<datalanguage iso_code="de" >
<name><![CDATA[Pago mediante cheque pendiente]]></name>
<template><![CDATA[cheque]]></template>
</datalanguage>
<datalanguage iso_code="en" >
<name><![CDATA[Pago mediante cheque pendiente]]></name>
<template><![CDATA[cheque]]></template>
</datalanguage>
<datalanguage iso_code="es" default="1" >
<name><![CDATA[Pago mediante cheque pendiente]]></name>
<template><![CDATA[cheque]]></template>
</datalanguage>
<datalanguage iso_code="fr" >
<name><![CDATA[Awaiting check payment]]></name>
<template><![CDATA[cheque]]></template>
</datalanguage>
<datalanguage iso_code="nl" >
<name><![CDATA[Pago mediante cheque pendiente]]></name>
<template><![CDATA[cheque]]></template>
</datalanguage>
</order_state>
<order_state><id_order_state><![CDATA[2]]></id_order_state>
<send_email><![CDATA[1]]></send_email>
<module_name><![CDATA[]]></module_name>
<invoice><![CDATA[1]]></invoice>
<color><![CDATA[#32CD32]]></color>
<logable><![CDATA[1]]></logable>
<shipped><![CDATA[0]]></shipped>
<unremovable><![CDATA[1]]></unremovable>
<delivery><![CDATA[0]]></delivery>
<hidden><![CDATA[0]]></hidden>
<paid><![CDATA[1]]></paid>
<pdf_delivery><![CDATA[0]]></pdf_delivery>
<pdf_invoice><![CDATA[1]]></pdf_invoice>
<deleted><![CDATA[0]]></deleted>
<datalanguage iso_code="de" >
<name><![CDATA[Pago aceptado]]></name>
<template><![CDATA[payment]]></template>
</datalanguage>
<datalanguage iso_code="en" >
<name><![CDATA[Payment accepted]]></name>
<template><![CDATA[payment]]></template>
</datalanguage>
<datalanguage iso_code="es" default="1" >
<name><![CDATA[Pago aceptado]]></name>
<template><![CDATA[payment]]></template>
</datalanguage>
<datalanguage iso_code="fr" >
<name><![CDATA[Payment accepted]]></name>
<template><![CDATA[payment]]></template>
</datalanguage>
<datalanguage iso_code="nl" >
<name><![CDATA[Pago aceptado]]></name>
<template><![CDATA[payment]]></template>
</datalanguage>
</order_state>
<order_state><id_order_state><![CDATA[3]]></id_order_state>
<send_email><![CDATA[1]]></send_email>
<module_name><![CDATA[]]></module_name>
<invoice><![CDATA[1]]></invoice>
<color><![CDATA[#FF8C00]]></color>
<logable><![CDATA[1]]></logable>
<shipped><![CDATA[0]]></shipped>
<unremovable><![CDATA[1]]></unremovable>
<delivery><![CDATA[1]]></delivery>
<hidden><![CDATA[0]]></hidden>
<paid><![CDATA[1]]></paid>
<pdf_delivery><![CDATA[0]]></pdf_delivery>
<pdf_invoice><![CDATA[0]]></pdf_invoice>
<deleted><![CDATA[0]]></deleted>
<datalanguage iso_code="de" >
<name><![CDATA[Preparación en proceso]]></name>
<template><![CDATA[preparation]]></template>
</datalanguage>
<datalanguage iso_code="en" >
<name><![CDATA[Order in preparation]]></name>
<template><![CDATA[preparation]]></template>
</datalanguage>
<datalanguage iso_code="es" default="1" >
<name><![CDATA[Preparación en proceso]]></name>
<template><![CDATA[preparation]]></template>
</datalanguage>
<datalanguage iso_code="fr" >
<name><![CDATA[Processing in progress]]></name>
<template><![CDATA[preparation]]></template>
</datalanguage>
<datalanguage iso_code="nl" >
<name><![CDATA[Preparación en proceso]]></name>
<template><![CDATA[preparation]]></template>
</datalanguage>
</order_state>
<order_state><id_order_state><![CDATA[4]]></id_order_state>
<send_email><![CDATA[1]]></send_email>
<module_name><![CDATA[]]></module_name>
<invoice><![CDATA[1]]></invoice>
<color><![CDATA[#8A2BE2]]></color>
<logable><![CDATA[1]]></logable>
<shipped><![CDATA[1]]></shipped>
<unremovable><![CDATA[1]]></unremovable>
<delivery><![CDATA[1]]></delivery>
<hidden><![CDATA[0]]></hidden>
<paid><![CDATA[1]]></paid>
<pdf_delivery><![CDATA[0]]></pdf_delivery>
<pdf_invoice><![CDATA[0]]></pdf_invoice>
<deleted><![CDATA[0]]></deleted>
<datalanguage iso_code="de" >
<name><![CDATA[Enviado]]></name>
<template><![CDATA[shipped]]></template>
</datalanguage>
<datalanguage iso_code="en" >
<name><![CDATA[Shipped]]></name>
<template><![CDATA[shipped]]></template>
</datalanguage>
<datalanguage iso_code="es" default="1" >
<name><![CDATA[Enviado]]></name>
<template><![CDATA[shipped]]></template>
</datalanguage>
<datalanguage iso_code="fr" >
<name><![CDATA[Shipped]]></name>
<template><![CDATA[shipped]]></template>
</datalanguage>
<datalanguage iso_code="nl" >
<name><![CDATA[Enviado]]></name>
<template><![CDATA[shipped]]></template>
</datalanguage>
</order_state>
<order_state><id_order_state><![CDATA[5]]></id_order_state>
<send_email><![CDATA[0]]></send_email>
<module_name><![CDATA[]]></module_name>
<invoice><![CDATA[1]]></invoice>
<color><![CDATA[#108510]]></color>
<logable><![CDATA[1]]></logable>
<shipped><![CDATA[1]]></shipped>
<unremovable><![CDATA[1]]></unremovable>
<delivery><![CDATA[1]]></delivery>
<hidden><![CDATA[0]]></hidden>
<paid><![CDATA[1]]></paid>
<pdf_delivery><![CDATA[0]]></pdf_delivery>
<pdf_invoice><![CDATA[0]]></pdf_invoice>
<deleted><![CDATA[0]]></deleted>
<datalanguage iso_code="de" >
<name><![CDATA[Entregado]]></name>
<template><![CDATA[]]></template>
</datalanguage>
<datalanguage iso_code="en" >
<name><![CDATA[Delivered]]></name>
<template><![CDATA[]]></template>
</datalanguage>
<datalanguage iso_code="es" default="1" >
<name><![CDATA[Entregado]]></name>
<template><![CDATA[]]></template>
</datalanguage>
<datalanguage iso_code="fr" >
<name><![CDATA[Delivered]]></name>
<template><![CDATA[]]></template>
</datalanguage>
<datalanguage iso_code="nl" >
<name><![CDATA[Entregado]]></name>
<template><![CDATA[]]></template>
</datalanguage>
</order_state>
<order_state><id_order_state><![CDATA[6]]></id_order_state>
<send_email><![CDATA[1]]></send_email>
<module_name><![CDATA[]]></module_name>
<invoice><![CDATA[0]]></invoice>
<color><![CDATA[#DC143C]]></color>
<logable><![CDATA[0]]></logable>
<shipped><![CDATA[0]]></shipped>
<unremovable><![CDATA[1]]></unremovable>
<delivery><![CDATA[0]]></delivery>
<hidden><![CDATA[0]]></hidden>
<paid><![CDATA[0]]></paid>
<pdf_delivery><![CDATA[0]]></pdf_delivery>
<pdf_invoice><![CDATA[0]]></pdf_invoice>
<deleted><![CDATA[0]]></deleted>
<datalanguage iso_code="de" >
<name><![CDATA[Cancelado]]></name>
<template><![CDATA[order_canceled]]></template>
</datalanguage>
<datalanguage iso_code="en" >
<name><![CDATA[Cancelled]]></name>
<template><![CDATA[order_canceled]]></template>
</datalanguage>
<datalanguage iso_code="es" default="1" >
<name><![CDATA[Cancelado]]></name>
<template><![CDATA[order_canceled]]></template>
</datalanguage>
<datalanguage iso_code="fr" >
<name><![CDATA[Canceled]]></name>
<template><![CDATA[order_canceled]]></template>
</datalanguage>
<datalanguage iso_code="nl" >
<name><![CDATA[Cancelado]]></name>
<template><![CDATA[order_canceled]]></template>
</datalanguage>
</order_state>
<order_state><id_order_state><![CDATA[7]]></id_order_state>
<send_email><![CDATA[1]]></send_email>
<module_name><![CDATA[]]></module_name>
<invoice><![CDATA[1]]></invoice>
<color><![CDATA[#ec2e15]]></color>
<logable><![CDATA[0]]></logable>
<shipped><![CDATA[0]]></shipped>
<unremovable><![CDATA[1]]></unremovable>
<delivery><![CDATA[0]]></delivery>
<hidden><![CDATA[0]]></hidden>
<paid><![CDATA[0]]></paid>
<pdf_delivery><![CDATA[0]]></pdf_delivery>
<pdf_invoice><![CDATA[0]]></pdf_invoice>
<deleted><![CDATA[0]]></deleted>
<datalanguage iso_code="de" >
<name><![CDATA[Reembolso]]></name>
<template><![CDATA[refund]]></template>
</datalanguage>
<datalanguage iso_code="en" >
<name><![CDATA[Refund]]></name>
<template><![CDATA[refund]]></template>
</datalanguage>
<datalanguage iso_code="es" default="1" >
<name><![CDATA[Reembolso]]></name>
<template><![CDATA[refund]]></template>
</datalanguage>
<datalanguage iso_code="fr" >
<name><![CDATA[Refund]]></name>
<template><![CDATA[refund]]></template>
</datalanguage>
<datalanguage iso_code="nl" >
<name><![CDATA[Reembolso]]></name>
<template><![CDATA[refund]]></template>
</datalanguage>
</order_state>
<order_state><id_order_state><![CDATA[8]]></id_order_state>
<send_email><![CDATA[1]]></send_email>
<module_name><![CDATA[]]></module_name>
<invoice><![CDATA[0]]></invoice>
<color><![CDATA[#8f0621]]></color>
<logable><![CDATA[0]]></logable>
<shipped><![CDATA[0]]></shipped>
<unremovable><![CDATA[1]]></unremovable>
<delivery><![CDATA[0]]></delivery>
<hidden><![CDATA[0]]></hidden>
<paid><![CDATA[0]]></paid>
<pdf_delivery><![CDATA[0]]></pdf_delivery>
<pdf_invoice><![CDATA[0]]></pdf_invoice>
<deleted><![CDATA[0]]></deleted>
<datalanguage iso_code="de" >
<name><![CDATA[Error en el pago]]></name>
<template><![CDATA[payment_error]]></template>
</datalanguage>
<datalanguage iso_code="en" >
<name><![CDATA[Error en el pago]]></name>
<template><![CDATA[payment_error]]></template>
</datalanguage>
<datalanguage iso_code="es" default="1" >
<name><![CDATA[Payment error]]></name>
<template><![CDATA[payment_error]]></template>
</datalanguage>
<datalanguage iso_code="fr" >
<name><![CDATA[Payment error]]></name>
<template><![CDATA[payment_error]]></template>
</datalanguage>
<datalanguage iso_code="nl" >
<name><![CDATA[Error en el pago]]></name>
<template><![CDATA[payment_error]]></template>
</datalanguage>
</order_state>
<order_state><id_order_state><![CDATA[9]]></id_order_state>
<send_email><![CDATA[1]]></send_email>
<module_name><![CDATA[]]></module_name>
<invoice><![CDATA[1]]></invoice>
<color><![CDATA[#FF69B4]]></color>
<logable><![CDATA[0]]></logable>
<shipped><![CDATA[0]]></shipped>
<unremovable><![CDATA[1]]></unremovable>
<delivery><![CDATA[0]]></delivery>
<hidden><![CDATA[0]]></hidden>
<paid><![CDATA[1]]></paid>
<pdf_delivery><![CDATA[0]]></pdf_delivery>
<pdf_invoice><![CDATA[0]]></pdf_invoice>
<deleted><![CDATA[0]]></deleted>
<datalanguage iso_code="de" >
<name><![CDATA[Productos fuera de línea]]></name>
<template><![CDATA[outofstock]]></template>
</datalanguage>
<datalanguage iso_code="en" >
<name><![CDATA[Out of stock products]]></name>
<template><![CDATA[outofstock]]></template>
</datalanguage>
<datalanguage iso_code="es" default="1" >
<name><![CDATA[Productos fuera de stock]]></name>
<template><![CDATA[outofstock]]></template>
</datalanguage>
<datalanguage iso_code="fr" >
<name><![CDATA[On backorder (paid)]]></name>
<template><![CDATA[outofstock]]></template>
</datalanguage>
<datalanguage iso_code="nl" >
<name><![CDATA[Productos fuera de línea]]></name>
<template><![CDATA[outofstock]]></template>
</datalanguage>
</order_state>
<order_state><id_order_state><![CDATA[10]]></id_order_state>
<send_email><![CDATA[1]]></send_email>
<module_name><![CDATA[bankwire]]></module_name>
<invoice><![CDATA[0]]></invoice>
<color><![CDATA[#4169E1]]></color>
<logable><![CDATA[0]]></logable>
<shipped><![CDATA[0]]></shipped>
<unremovable><![CDATA[1]]></unremovable>
<delivery><![CDATA[0]]></delivery>
<hidden><![CDATA[0]]></hidden>
<paid><![CDATA[0]]></paid>
<pdf_delivery><![CDATA[0]]></pdf_delivery>
<pdf_invoice><![CDATA[0]]></pdf_invoice>
<deleted><![CDATA[0]]></deleted>
<datalanguage iso_code="de" >
<name><![CDATA[Pago por transferencia bancaria pendiente]]></name>
<template><![CDATA[bankwire]]></template>
</datalanguage>
<datalanguage iso_code="en" >
<name><![CDATA[Payment by wire transfer pending]]></name>
<template><![CDATA[bankwire]]></template>
</datalanguage>
<datalanguage iso_code="es" default="1" >
<name><![CDATA[Pago por transferencia bancaria pendiente]]></name>
<template><![CDATA[bankwire]]></template>
</datalanguage>
<datalanguage iso_code="fr" >
<name><![CDATA[Awaiting bank wire payment]]></name>
<template><![CDATA[bankwire]]></template>
</datalanguage>
<datalanguage iso_code="nl" >
<name><![CDATA[Pago por transferencia bancaria pendiente]]></name>
<template><![CDATA[bankwire]]></template>
</datalanguage>
</order_state>
<order_state><id_order_state><![CDATA[11]]></id_order_state>
<send_email><![CDATA[0]]></send_email>
<module_name><![CDATA[]]></module_name>
<invoice><![CDATA[0]]></invoice>
<color><![CDATA[#4169E1]]></color>
<logable><![CDATA[0]]></logable>
<shipped><![CDATA[0]]></shipped>
<unremovable><![CDATA[1]]></unremovable>
<delivery><![CDATA[0]]></delivery>
<hidden><![CDATA[0]]></hidden>
<paid><![CDATA[0]]></paid>
<pdf_delivery><![CDATA[0]]></pdf_delivery>
<pdf_invoice><![CDATA[0]]></pdf_invoice>
<deleted><![CDATA[0]]></deleted>
<datalanguage iso_code="de" >
<name><![CDATA[Pago mediante PayPal pendiente]]></name>
<template><![CDATA[]]></template>
</datalanguage>
<datalanguage iso_code="en" >
<name><![CDATA[Payment by PayPal pending]]></name>
<template><![CDATA[]]></template>
</datalanguage>
<datalanguage iso_code="es" default="1" >
<name><![CDATA[Pago mediante PayPal pendiente]]></name>
<template><![CDATA[]]></template>
</datalanguage>
<datalanguage iso_code="fr" >
<name><![CDATA[Awaiting PayPal payment]]></name>
<template><![CDATA[]]></template>
</datalanguage>
<datalanguage iso_code="nl" >
<name><![CDATA[Pago mediante PayPal pendiente]]></name>
<template><![CDATA[]]></template>
</datalanguage>
</order_state>
<order_state><id_order_state><![CDATA[12]]></id_order_state>
<send_email><![CDATA[1]]></send_email>
<module_name><![CDATA[]]></module_name>
<invoice><![CDATA[1]]></invoice>
<color><![CDATA[#32CD32]]></color>
<logable><![CDATA[1]]></logable>
<shipped><![CDATA[0]]></shipped>
<unremovable><![CDATA[1]]></unremovable>
<delivery><![CDATA[0]]></delivery>
<hidden><![CDATA[0]]></hidden>
<paid><![CDATA[1]]></paid>
<pdf_delivery><![CDATA[0]]></pdf_delivery>
<pdf_invoice><![CDATA[0]]></pdf_invoice>
<deleted><![CDATA[0]]></deleted>
<datalanguage iso_code="de" >
<name><![CDATA[Pago a distancia aceptado]]></name>
<template><![CDATA[payment]]></template>
</datalanguage>
<datalanguage iso_code="en" >
<name><![CDATA[Distance payment accepted]]></name>
<template><![CDATA[payment]]></template>
</datalanguage>
<datalanguage iso_code="es" default="1" >
<name><![CDATA[Pago a distancia aceptado]]></name>
<template><![CDATA[payment]]></template>
</datalanguage>
<datalanguage iso_code="fr" >
<name><![CDATA[Remote payment accepted]]></name>
<template><![CDATA[payment]]></template>
</datalanguage>
<datalanguage iso_code="nl" >
<name><![CDATA[Pago a distancia aceptado]]></name>
<template><![CDATA[payment]]></template>
</datalanguage>
</order_state>
<order_state><id_order_state><![CDATA[13]]></id_order_state>
<send_email><![CDATA[1]]></send_email>
<module_name><![CDATA[]]></module_name>
<invoice><![CDATA[0]]></invoice>
<color><![CDATA[#FF69B4]]></color>
<logable><![CDATA[0]]></logable>
<shipped><![CDATA[0]]></shipped>
<unremovable><![CDATA[1]]></unremovable>
<delivery><![CDATA[0]]></delivery>
<hidden><![CDATA[0]]></hidden>
<paid><![CDATA[0]]></paid>
<pdf_delivery><![CDATA[0]]></pdf_delivery>
<pdf_invoice><![CDATA[0]]></pdf_invoice>
<deleted><![CDATA[0]]></deleted>
<datalanguage iso_code="de" >
<name><![CDATA[Productos fuera de línea]]></name>
<template><![CDATA[outofstock]]></template>
</datalanguage>
<datalanguage iso_code="en" >
<name><![CDATA[Out of stock products]]></name>
<template><![CDATA[outofstock]]></template>
</datalanguage>
<datalanguage iso_code="es" default="1" >
<name><![CDATA[Productos fuera de stock]]></name>
<template><![CDATA[outofstock]]></template>
</datalanguage>
<datalanguage iso_code="fr" >
<name><![CDATA[On backorder (not paid)]]></name>
<template><![CDATA[outofstock]]></template>
</datalanguage>
<datalanguage iso_code="nl" >
<name><![CDATA[Productos fuera de línea]]></name>
<template><![CDATA[outofstock]]></template>
</datalanguage>
</order_state>
<order_state><id_order_state><![CDATA[14]]></id_order_state>
<send_email><![CDATA[0]]></send_email>
<module_name><![CDATA[cashondelivery]]></module_name>
<invoice><![CDATA[0]]></invoice>
<color><![CDATA[#4169E1]]></color>
<logable><![CDATA[0]]></logable>
<shipped><![CDATA[0]]></shipped>
<unremovable><![CDATA[1]]></unremovable>
<delivery><![CDATA[0]]></delivery>
<hidden><![CDATA[0]]></hidden>
<paid><![CDATA[0]]></paid>
<pdf_delivery><![CDATA[0]]></pdf_delivery>
<pdf_invoice><![CDATA[0]]></pdf_invoice>
<deleted><![CDATA[0]]></deleted>
<datalanguage iso_code="de" >
<name><![CDATA[Awaiting cod validation]]></name>
<template><![CDATA[cashondelivery]]></template>
</datalanguage>
<datalanguage iso_code="en" >
<name><![CDATA[Awaiting cod validation]]></name>
<template><![CDATA[cashondelivery]]></template>
</datalanguage>
<datalanguage iso_code="es" default="1" >
<name><![CDATA[Awaiting cod validation]]></name>
<template><![CDATA[cashondelivery]]></template>
</datalanguage>
<datalanguage iso_code="fr" >
<name><![CDATA[Awaiting cod validation]]></name>
<template><![CDATA[cashondelivery]]></template>
</datalanguage>
<datalanguage iso_code="nl" >
<name><![CDATA[Awaiting cod validation]]></name>
<template><![CDATA[cashondelivery]]></template>
</datalanguage>
</order_state>
<order_state><id_order_state><![CDATA[15]]></id_order_state>
<send_email><![CDATA[0]]></send_email>
<module_name><![CDATA[]]></module_name>
<invoice><![CDATA[1]]></invoice>
<color><![CDATA[#DDEEFF]]></color>
<logable><![CDATA[1]]></logable>
<shipped><![CDATA[0]]></shipped>
<unremovable><![CDATA[0]]></unremovable>
<delivery><![CDATA[0]]></delivery>
<hidden><![CDATA[0]]></hidden>
<paid><![CDATA[0]]></paid>
<pdf_delivery><![CDATA[0]]></pdf_delivery>
<pdf_invoice><![CDATA[0]]></pdf_invoice>
<deleted><![CDATA[0]]></deleted>
<datalanguage iso_code="de" >
<name><![CDATA[Authorization accepted from PayPal]]></name>
<template><![CDATA[]]></template>
</datalanguage>
<datalanguage iso_code="en" >
<name><![CDATA[Authorization accepted from PayPal]]></name>
<template><![CDATA[]]></template>
</datalanguage>
<datalanguage iso_code="es" default="1" >
<name><![CDATA[Authorization accepted from PayPal]]></name>
<template><![CDATA[]]></template>
</datalanguage>
<datalanguage iso_code="fr" >
<name><![CDATA[Authorization accepted from PayPal]]></name>
<template><![CDATA[]]></template>
</datalanguage>
<datalanguage iso_code="nl" >
<name><![CDATA[Authorization accepted from PayPal]]></name>
<template><![CDATA[]]></template>
</datalanguage>
</order_state>
<order_state><id_order_state><![CDATA[16]]></id_order_state>
<send_email><![CDATA[0]]></send_email>
<module_name><![CDATA[]]></module_name>
<invoice><![CDATA[1]]></invoice>
<color><![CDATA[#DDEEFF]]></color>
<logable><![CDATA[1]]></logable>
<shipped><![CDATA[0]]></shipped>
<unremovable><![CDATA[0]]></unremovable>
<delivery><![CDATA[0]]></delivery>
<hidden><![CDATA[0]]></hidden>
<paid><![CDATA[0]]></paid>
<pdf_delivery><![CDATA[0]]></pdf_delivery>
<pdf_invoice><![CDATA[0]]></pdf_invoice>
<deleted><![CDATA[0]]></deleted>
<datalanguage iso_code="de" >
<name><![CDATA[Authorization accepted from Braintree]]></name>
<template><![CDATA[]]></template>
</datalanguage>
<datalanguage iso_code="en" >
<name><![CDATA[Authorization accepted from Braintree]]></name>
<template><![CDATA[]]></template>
</datalanguage>
<datalanguage iso_code="es" default="1" >
<name><![CDATA[Authorization accepted from Braintree]]></name>
<template><![CDATA[]]></template>
</datalanguage>
<datalanguage iso_code="fr" >
<name><![CDATA[Authorization accepted from Braintree]]></name>
<template><![CDATA[]]></template>
</datalanguage>
<datalanguage iso_code="nl" >
<name><![CDATA[Authorization accepted from Braintree]]></name>
<template><![CDATA[]]></template>
</datalanguage>
</order_state>
<order_state><id_order_state><![CDATA[17]]></id_order_state>
<send_email><![CDATA[0]]></send_email>
<module_name><![CDATA[]]></module_name>
<invoice><![CDATA[0]]></invoice>
<color><![CDATA[#4169E1]]></color>
<logable><![CDATA[1]]></logable>
<shipped><![CDATA[0]]></shipped>
<unremovable><![CDATA[0]]></unremovable>
<delivery><![CDATA[0]]></delivery>
<hidden><![CDATA[0]]></hidden>
<paid><![CDATA[0]]></paid>
<pdf_delivery><![CDATA[0]]></pdf_delivery>
<pdf_invoice><![CDATA[0]]></pdf_invoice>
<deleted><![CDATA[0]]></deleted>
<datalanguage iso_code="de" >
<name><![CDATA[Awaiting for Braintree payment]]></name>
<template><![CDATA[]]></template>
</datalanguage>
<datalanguage iso_code="en" >
<name><![CDATA[Awaiting for Braintree payment]]></name>
<template><![CDATA[]]></template>
</datalanguage>
<datalanguage iso_code="es" default="1" >
<name><![CDATA[Awaiting for Braintree payment]]></name>
<template><![CDATA[]]></template>
</datalanguage>
<datalanguage iso_code="fr" >
<name><![CDATA[Awaiting for Braintree payment]]></name>
<template><![CDATA[]]></template>
</datalanguage>
<datalanguage iso_code="nl" >
<name><![CDATA[Awaiting for Braintree payment]]></name>
<template><![CDATA[]]></template>
</datalanguage>
</order_state>
<order_state><id_order_state><![CDATA[18]]></id_order_state>
<send_email><![CDATA[0]]></send_email>
<module_name><![CDATA[]]></module_name>
<invoice><![CDATA[0]]></invoice>
<color><![CDATA[#0000ff]]></color>
<logable><![CDATA[0]]></logable>
<shipped><![CDATA[0]]></shipped>
<unremovable><![CDATA[0]]></unremovable>
<delivery><![CDATA[0]]></delivery>
<hidden><![CDATA[1]]></hidden>
<paid><![CDATA[0]]></paid>
<pdf_delivery><![CDATA[0]]></pdf_delivery>
<pdf_invoice><![CDATA[0]]></pdf_invoice>
<deleted><![CDATA[0]]></deleted>
<datalanguage iso_code="de" >
<name><![CDATA[Enviado a Navision]]></name>
<template><![CDATA[]]></template>
</datalanguage>
<datalanguage iso_code="en" >
<name><![CDATA[Enviado a Navision]]></name>
<template><![CDATA[]]></template>
</datalanguage>
<datalanguage iso_code="es" default="1" >
<name><![CDATA[Enviado a Navision]]></name>
<template><![CDATA[]]></template>
</datalanguage>
<datalanguage iso_code="fr" >
<name><![CDATA[Enviado a Navision]]></name>
<template><![CDATA[]]></template>
</datalanguage>
<datalanguage iso_code="nl" >
<name><![CDATA[Enviado a Navision]]></name>
<template><![CDATA[]]></template>
</datalanguage>
</order_state>
<order_state><id_order_state><![CDATA[19]]></id_order_state>
<send_email><![CDATA[0]]></send_email>
<module_name><![CDATA[]]></module_name>
<invoice><![CDATA[0]]></invoice>
<color><![CDATA[#ff0000]]></color>
<logable><![CDATA[0]]></logable>
<shipped><![CDATA[0]]></shipped>
<unremovable><![CDATA[0]]></unremovable>
<delivery><![CDATA[0]]></delivery>
<hidden><![CDATA[1]]></hidden>
<paid><![CDATA[0]]></paid>
<pdf_delivery><![CDATA[0]]></pdf_delivery>
<pdf_invoice><![CDATA[0]]></pdf_invoice>
<deleted><![CDATA[0]]></deleted>
<datalanguage iso_code="de" >
<name><![CDATA[Error SOAP]]></name>
<template><![CDATA[]]></template>
</datalanguage>
<datalanguage iso_code="en" >
<name><![CDATA[Error SOAP]]></name>
<template><![CDATA[]]></template>
</datalanguage>
<datalanguage iso_code="es" default="1" >
<name><![CDATA[Error SOAP]]></name>
<template><![CDATA[]]></template>
</datalanguage>
<datalanguage iso_code="fr" >
<name><![CDATA[Error SOAP]]></name>
<template><![CDATA[]]></template>
</datalanguage>
<datalanguage iso_code="nl" >
<name><![CDATA[Error SOAP]]></name>
<template><![CDATA[]]></template>
</datalanguage>
</order_state>
<order_state><id_order_state><![CDATA[20]]></id_order_state>
<send_email><![CDATA[0]]></send_email>
<module_name><![CDATA[banc_sabadell]]></module_name>
<invoice><![CDATA[1]]></invoice>
<color><![CDATA[#4BC432]]></color>
<logable><![CDATA[1]]></logable>
<shipped><![CDATA[0]]></shipped>
<unremovable><![CDATA[1]]></unremovable>
<delivery><![CDATA[0]]></delivery>
<hidden><![CDATA[0]]></hidden>
<paid><![CDATA[1]]></paid>
<pdf_delivery><![CDATA[0]]></pdf_delivery>
<pdf_invoice><![CDATA[0]]></pdf_invoice>
<deleted><![CDATA[0]]></deleted>
<datalanguage iso_code="de" >
<name><![CDATA[Pago Aceptado]]></name>
<template><![CDATA[]]></template>
</datalanguage>
<datalanguage iso_code="en" >
<name><![CDATA[Accepted Payment]]></name>
<template><![CDATA[]]></template>
</datalanguage>
<datalanguage iso_code="es" default="1" >
<name><![CDATA[Pago Aceptado]]></name>
<template><![CDATA[]]></template>
</datalanguage>
<datalanguage iso_code="fr" >
<name><![CDATA[Pago Aceptado]]></name>
<template><![CDATA[]]></template>
</datalanguage>
<datalanguage iso_code="nl" >
<name><![CDATA[Pago Aceptado]]></name>
<template><![CDATA[]]></template>
</datalanguage>
</order_state>
<order_state><id_order_state><![CDATA[21]]></id_order_state>
<send_email><![CDATA[0]]></send_email>
<module_name><![CDATA[banc_sabadell]]></module_name>
<invoice><![CDATA[0]]></invoice>
<color><![CDATA[#F72019]]></color>
<logable><![CDATA[0]]></logable>
<shipped><![CDATA[0]]></shipped>
<unremovable><![CDATA[1]]></unremovable>
<delivery><![CDATA[0]]></delivery>
<hidden><![CDATA[0]]></hidden>
<paid><![CDATA[0]]></paid>
<pdf_delivery><![CDATA[0]]></pdf_delivery>
<pdf_invoice><![CDATA[0]]></pdf_invoice>
<deleted><![CDATA[0]]></deleted>
<datalanguage iso_code="de" >
<name><![CDATA[Devolución completa]]></name>
<template><![CDATA[]]></template>
</datalanguage>
<datalanguage iso_code="en" >
<name><![CDATA[Full Return]]></name>
<template><![CDATA[]]></template>
</datalanguage>
<datalanguage iso_code="es" default="1" >
<name><![CDATA[Devolución completa]]></name>
<template><![CDATA[]]></template>
</datalanguage>
<datalanguage iso_code="fr" >
<name><![CDATA[Devolución completa]]></name>
<template><![CDATA[]]></template>
</datalanguage>
<datalanguage iso_code="nl" >
<name><![CDATA[Devolución completa]]></name>
<template><![CDATA[]]></template>
</datalanguage>
</order_state>
<order_state><id_order_state><![CDATA[22]]></id_order_state>
<send_email><![CDATA[0]]></send_email>
<module_name><![CDATA[banc_sabadell]]></module_name>
<invoice><![CDATA[0]]></invoice>
<color><![CDATA[#F77D19]]></color>
<logable><![CDATA[0]]></logable>
<shipped><![CDATA[0]]></shipped>
<unremovable><![CDATA[1]]></unremovable>
<delivery><![CDATA[0]]></delivery>
<hidden><![CDATA[0]]></hidden>
<paid><![CDATA[0]]></paid>
<pdf_delivery><![CDATA[0]]></pdf_delivery>
<pdf_invoice><![CDATA[0]]></pdf_invoice>
<deleted><![CDATA[0]]></deleted>
<datalanguage iso_code="de" >
<name><![CDATA[Devolución parcial]]></name>
<template><![CDATA[]]></template>
</datalanguage>
<datalanguage iso_code="en" >
<name><![CDATA[Partial refund]]></name>
<template><![CDATA[]]></template>
</datalanguage>
<datalanguage iso_code="es" default="1" >
<name><![CDATA[Devolución parcial]]></name>
<template><![CDATA[]]></template>
</datalanguage>
<datalanguage iso_code="fr" >
<name><![CDATA[Devolución parcial]]></name>
<template><![CDATA[]]></template>
</datalanguage>
<datalanguage iso_code="nl" >
<name><![CDATA[Devolución parcial]]></name>
<template><![CDATA[]]></template>
</datalanguage>
</order_state>
<order_state><id_order_state><![CDATA[23]]></id_order_state>
<send_email><![CDATA[0]]></send_email>
<module_name><![CDATA[banc_sabadell]]></module_name>
<invoice><![CDATA[0]]></invoice>
<color><![CDATA[#F77D19]]></color>
<logable><![CDATA[0]]></logable>
<shipped><![CDATA[0]]></shipped>
<unremovable><![CDATA[1]]></unremovable>
<delivery><![CDATA[0]]></delivery>
<hidden><![CDATA[0]]></hidden>
<paid><![CDATA[0]]></paid>
<pdf_delivery><![CDATA[0]]></pdf_delivery>
<pdf_invoice><![CDATA[0]]></pdf_invoice>
<deleted><![CDATA[0]]></deleted>
<datalanguage iso_code="de" >
<name><![CDATA[Pago preautorizado]]></name>
<template><![CDATA[]]></template>
</datalanguage>
<datalanguage iso_code="en" >
<name><![CDATA[pre-authorized payment]]></name>
<template><![CDATA[]]></template>
</datalanguage>
<datalanguage iso_code="es" default="1" >
<name><![CDATA[Pago preautorizado]]></name>
<template><![CDATA[]]></template>
</datalanguage>
<datalanguage iso_code="fr" >
<name><![CDATA[Pago preautorizado]]></name>
<template><![CDATA[]]></template>
</datalanguage>
<datalanguage iso_code="nl" >
<name><![CDATA[Pago preautorizado]]></name>
<template><![CDATA[]]></template>
</datalanguage>
</order_state>
<order_state><id_order_state><![CDATA[24]]></id_order_state>
<send_email><![CDATA[0]]></send_email>
<module_name><![CDATA[banc_sabadell]]></module_name>
<invoice><![CDATA[1]]></invoice>
<color><![CDATA[#4BC432]]></color>
<logable><![CDATA[1]]></logable>
<shipped><![CDATA[0]]></shipped>
<unremovable><![CDATA[1]]></unremovable>
<delivery><![CDATA[0]]></delivery>
<hidden><![CDATA[0]]></hidden>
<paid><![CDATA[1]]></paid>
<pdf_delivery><![CDATA[0]]></pdf_delivery>
<pdf_invoice><![CDATA[0]]></pdf_invoice>
<deleted><![CDATA[0]]></deleted>
<datalanguage iso_code="de" >
<name><![CDATA[Preautorización confirmada]]></name>
<template><![CDATA[]]></template>
</datalanguage>
<datalanguage iso_code="en" >
<name><![CDATA[Preauthorization confirmed]]></name>
<template><![CDATA[]]></template>
</datalanguage>
<datalanguage iso_code="es" default="1" >
<name><![CDATA[Preautorización confirmada]]></name>
<template><![CDATA[]]></template>
</datalanguage>
<datalanguage iso_code="fr" >
<name><![CDATA[Preautorización confirmada]]></name>
<template><![CDATA[]]></template>
</datalanguage>
<datalanguage iso_code="nl" >
<name><![CDATA[Preautorización confirmada]]></name>
<template><![CDATA[]]></template>
</datalanguage>
</order_state>
<order_state><id_order_state><![CDATA[25]]></id_order_state>
<send_email><![CDATA[0]]></send_email>
<module_name><![CDATA[banc_sabadell]]></module_name>
<invoice><![CDATA[0]]></invoice>
<color><![CDATA[#F72019]]></color>
<logable><![CDATA[0]]></logable>
<shipped><![CDATA[0]]></shipped>
<unremovable><![CDATA[1]]></unremovable>
<delivery><![CDATA[0]]></delivery>
<hidden><![CDATA[0]]></hidden>
<paid><![CDATA[0]]></paid>
<pdf_delivery><![CDATA[0]]></pdf_delivery>
<pdf_invoice><![CDATA[0]]></pdf_invoice>
<deleted><![CDATA[0]]></deleted>
<datalanguage iso_code="de" >
<name><![CDATA[Preautorización anulada]]></name>
<template><![CDATA[]]></template>
</datalanguage>
<datalanguage iso_code="en" >
<name><![CDATA[Preauthorization void]]></name>
<template><![CDATA[]]></template>
</datalanguage>
<datalanguage iso_code="es" default="1" >
<name><![CDATA[Preautorización anulada]]></name>
<template><![CDATA[]]></template>
</datalanguage>
<datalanguage iso_code="fr" >
<name><![CDATA[Preautorización anulada]]></name>
<template><![CDATA[]]></template>
</datalanguage>
<datalanguage iso_code="nl" >
<name><![CDATA[Preautorización anulada]]></name>
<template><![CDATA[]]></template>
</datalanguage>
</order_state>
<order_state><id_order_state><![CDATA[26]]></id_order_state>
<send_email><![CDATA[0]]></send_email>
<module_name><![CDATA[banc_sabadell]]></module_name>
<invoice><![CDATA[0]]></invoice>
<color><![CDATA[#F77D19]]></color>
<logable><![CDATA[0]]></logable>
<shipped><![CDATA[0]]></shipped>
<unremovable><![CDATA[1]]></unremovable>
<delivery><![CDATA[0]]></delivery>
<hidden><![CDATA[0]]></hidden>
<paid><![CDATA[0]]></paid>
<pdf_delivery><![CDATA[0]]></pdf_delivery>
<pdf_invoice><![CDATA[0]]></pdf_invoice>
<deleted><![CDATA[0]]></deleted>
<datalanguage iso_code="de" >
<name><![CDATA[Autenticación realizada]]></name>
<template><![CDATA[]]></template>
</datalanguage>
<datalanguage iso_code="en" >
<name><![CDATA[Authentication performed]]></name>
<template><![CDATA[]]></template>
</datalanguage>
<datalanguage iso_code="es" default="1" >
<name><![CDATA[Autenticación realizada]]></name>
<template><![CDATA[]]></template>
</datalanguage>
<datalanguage iso_code="fr" >
<name><![CDATA[Autenticación realizada]]></name>
<template><![CDATA[]]></template>
</datalanguage>
<datalanguage iso_code="nl" >
<name><![CDATA[Autenticación realizada]]></name>
<template><![CDATA[]]></template>
</datalanguage>
</order_state>
<order_state><id_order_state><![CDATA[27]]></id_order_state>
<send_email><![CDATA[0]]></send_email>
<module_name><![CDATA[banc_sabadell]]></module_name>
<invoice><![CDATA[1]]></invoice>
<color><![CDATA[#4BC432]]></color>
<logable><![CDATA[1]]></logable>
<shipped><![CDATA[0]]></shipped>
<unremovable><![CDATA[1]]></unremovable>
<delivery><![CDATA[0]]></delivery>
<hidden><![CDATA[0]]></hidden>
<paid><![CDATA[1]]></paid>
<pdf_delivery><![CDATA[0]]></pdf_delivery>
<pdf_invoice><![CDATA[0]]></pdf_invoice>
<deleted><![CDATA[0]]></deleted>
<datalanguage iso_code="de" >
<name><![CDATA[Autenticación confirmada]]></name>
<template><![CDATA[]]></template>
</datalanguage>
<datalanguage iso_code="en" >
<name><![CDATA[Authentication confirmed]]></name>
<template><![CDATA[]]></template>
</datalanguage>
<datalanguage iso_code="es" default="1" >
<name><![CDATA[Autenticación confirmada]]></name>
<template><![CDATA[]]></template>
</datalanguage>
<datalanguage iso_code="fr" >
<name><![CDATA[Autenticación confirmada]]></name>
<template><![CDATA[]]></template>
</datalanguage>
<datalanguage iso_code="nl" >
<name><![CDATA[Autenticación confirmada]]></name>
<template><![CDATA[]]></template>
</datalanguage>
</order_state>
</entity_profile>
