<?xml version="1.0" encoding="UTF-8"?>
<entity_profile>
<order_invoice_payment><id_order_invoice><![CDATA[501]]></id_order_invoice>
<id_order_payment><![CDATA[501]]></id_order_payment>
<id_order><![CDATA[524]]></id_order>
</order_invoice_payment>
<order_invoice_payment><id_order_invoice><![CDATA[502]]></id_order_invoice>
<id_order_payment><![CDATA[502]]></id_order_payment>
<id_order><![CDATA[525]]></id_order>
</order_invoice_payment>
<order_invoice_payment><id_order_invoice><![CDATA[503]]></id_order_invoice>
<id_order_payment><![CDATA[503]]></id_order_payment>
<id_order><![CDATA[526]]></id_order>
</order_invoice_payment>
<order_invoice_payment><id_order_invoice><![CDATA[504]]></id_order_invoice>
<id_order_payment><![CDATA[504]]></id_order_payment>
<id_order><![CDATA[527]]></id_order>
</order_invoice_payment>
<order_invoice_payment><id_order_invoice><![CDATA[505]]></id_order_invoice>
<id_order_payment><![CDATA[505]]></id_order_payment>
<id_order><![CDATA[528]]></id_order>
</order_invoice_payment>
<order_invoice_payment><id_order_invoice><![CDATA[506]]></id_order_invoice>
<id_order_payment><![CDATA[506]]></id_order_payment>
<id_order><![CDATA[529]]></id_order>
</order_invoice_payment>
<order_invoice_payment><id_order_invoice><![CDATA[507]]></id_order_invoice>
<id_order_payment><![CDATA[507]]></id_order_payment>
<id_order><![CDATA[530]]></id_order>
</order_invoice_payment>
<order_invoice_payment><id_order_invoice><![CDATA[508]]></id_order_invoice>
<id_order_payment><![CDATA[508]]></id_order_payment>
<id_order><![CDATA[531]]></id_order>
</order_invoice_payment>
<order_invoice_payment><id_order_invoice><![CDATA[509]]></id_order_invoice>
<id_order_payment><![CDATA[509]]></id_order_payment>
<id_order><![CDATA[532]]></id_order>
</order_invoice_payment>
<order_invoice_payment><id_order_invoice><![CDATA[510]]></id_order_invoice>
<id_order_payment><![CDATA[510]]></id_order_payment>
<id_order><![CDATA[533]]></id_order>
</order_invoice_payment>
<order_invoice_payment><id_order_invoice><![CDATA[511]]></id_order_invoice>
<id_order_payment><![CDATA[511]]></id_order_payment>
<id_order><![CDATA[534]]></id_order>
</order_invoice_payment>
<order_invoice_payment><id_order_invoice><![CDATA[512]]></id_order_invoice>
<id_order_payment><![CDATA[512]]></id_order_payment>
<id_order><![CDATA[535]]></id_order>
</order_invoice_payment>
<order_invoice_payment><id_order_invoice><![CDATA[513]]></id_order_invoice>
<id_order_payment><![CDATA[513]]></id_order_payment>
<id_order><![CDATA[536]]></id_order>
</order_invoice_payment>
<order_invoice_payment><id_order_invoice><![CDATA[514]]></id_order_invoice>
<id_order_payment><![CDATA[514]]></id_order_payment>
<id_order><![CDATA[537]]></id_order>
</order_invoice_payment>
<order_invoice_payment><id_order_invoice><![CDATA[515]]></id_order_invoice>
<id_order_payment><![CDATA[515]]></id_order_payment>
<id_order><![CDATA[538]]></id_order>
</order_invoice_payment>
<order_invoice_payment><id_order_invoice><![CDATA[516]]></id_order_invoice>
<id_order_payment><![CDATA[516]]></id_order_payment>
<id_order><![CDATA[539]]></id_order>
</order_invoice_payment>
<order_invoice_payment><id_order_invoice><![CDATA[517]]></id_order_invoice>
<id_order_payment><![CDATA[517]]></id_order_payment>
<id_order><![CDATA[540]]></id_order>
</order_invoice_payment>
<order_invoice_payment><id_order_invoice><![CDATA[518]]></id_order_invoice>
<id_order_payment><![CDATA[518]]></id_order_payment>
<id_order><![CDATA[541]]></id_order>
</order_invoice_payment>
<order_invoice_payment><id_order_invoice><![CDATA[519]]></id_order_invoice>
<id_order_payment><![CDATA[519]]></id_order_payment>
<id_order><![CDATA[542]]></id_order>
</order_invoice_payment>
<order_invoice_payment><id_order_invoice><![CDATA[520]]></id_order_invoice>
<id_order_payment><![CDATA[520]]></id_order_payment>
<id_order><![CDATA[543]]></id_order>
</order_invoice_payment>
<order_invoice_payment><id_order_invoice><![CDATA[521]]></id_order_invoice>
<id_order_payment><![CDATA[521]]></id_order_payment>
<id_order><![CDATA[544]]></id_order>
</order_invoice_payment>
<order_invoice_payment><id_order_invoice><![CDATA[522]]></id_order_invoice>
<id_order_payment><![CDATA[522]]></id_order_payment>
<id_order><![CDATA[545]]></id_order>
</order_invoice_payment>
<order_invoice_payment><id_order_invoice><![CDATA[523]]></id_order_invoice>
<id_order_payment><![CDATA[523]]></id_order_payment>
<id_order><![CDATA[546]]></id_order>
</order_invoice_payment>
<order_invoice_payment><id_order_invoice><![CDATA[524]]></id_order_invoice>
<id_order_payment><![CDATA[524]]></id_order_payment>
<id_order><![CDATA[547]]></id_order>
</order_invoice_payment>
<order_invoice_payment><id_order_invoice><![CDATA[525]]></id_order_invoice>
<id_order_payment><![CDATA[525]]></id_order_payment>
<id_order><![CDATA[548]]></id_order>
</order_invoice_payment>
<order_invoice_payment><id_order_invoice><![CDATA[526]]></id_order_invoice>
<id_order_payment><![CDATA[526]]></id_order_payment>
<id_order><![CDATA[549]]></id_order>
</order_invoice_payment>
<order_invoice_payment><id_order_invoice><![CDATA[527]]></id_order_invoice>
<id_order_payment><![CDATA[527]]></id_order_payment>
<id_order><![CDATA[550]]></id_order>
</order_invoice_payment>
<order_invoice_payment><id_order_invoice><![CDATA[528]]></id_order_invoice>
<id_order_payment><![CDATA[528]]></id_order_payment>
<id_order><![CDATA[551]]></id_order>
</order_invoice_payment>
<order_invoice_payment><id_order_invoice><![CDATA[529]]></id_order_invoice>
<id_order_payment><![CDATA[529]]></id_order_payment>
<id_order><![CDATA[552]]></id_order>
</order_invoice_payment>
<order_invoice_payment><id_order_invoice><![CDATA[530]]></id_order_invoice>
<id_order_payment><![CDATA[530]]></id_order_payment>
<id_order><![CDATA[553]]></id_order>
</order_invoice_payment>
<order_invoice_payment><id_order_invoice><![CDATA[531]]></id_order_invoice>
<id_order_payment><![CDATA[531]]></id_order_payment>
<id_order><![CDATA[554]]></id_order>
</order_invoice_payment>
<order_invoice_payment><id_order_invoice><![CDATA[532]]></id_order_invoice>
<id_order_payment><![CDATA[532]]></id_order_payment>
<id_order><![CDATA[555]]></id_order>
</order_invoice_payment>
<order_invoice_payment><id_order_invoice><![CDATA[533]]></id_order_invoice>
<id_order_payment><![CDATA[533]]></id_order_payment>
<id_order><![CDATA[556]]></id_order>
</order_invoice_payment>
<order_invoice_payment><id_order_invoice><![CDATA[534]]></id_order_invoice>
<id_order_payment><![CDATA[534]]></id_order_payment>
<id_order><![CDATA[557]]></id_order>
</order_invoice_payment>
<order_invoice_payment><id_order_invoice><![CDATA[535]]></id_order_invoice>
<id_order_payment><![CDATA[535]]></id_order_payment>
<id_order><![CDATA[558]]></id_order>
</order_invoice_payment>
<order_invoice_payment><id_order_invoice><![CDATA[536]]></id_order_invoice>
<id_order_payment><![CDATA[536]]></id_order_payment>
<id_order><![CDATA[559]]></id_order>
</order_invoice_payment>
<order_invoice_payment><id_order_invoice><![CDATA[537]]></id_order_invoice>
<id_order_payment><![CDATA[537]]></id_order_payment>
<id_order><![CDATA[560]]></id_order>
</order_invoice_payment>
<order_invoice_payment><id_order_invoice><![CDATA[538]]></id_order_invoice>
<id_order_payment><![CDATA[538]]></id_order_payment>
<id_order><![CDATA[561]]></id_order>
</order_invoice_payment>
<order_invoice_payment><id_order_invoice><![CDATA[539]]></id_order_invoice>
<id_order_payment><![CDATA[539]]></id_order_payment>
<id_order><![CDATA[562]]></id_order>
</order_invoice_payment>
<order_invoice_payment><id_order_invoice><![CDATA[540]]></id_order_invoice>
<id_order_payment><![CDATA[540]]></id_order_payment>
<id_order><![CDATA[563]]></id_order>
</order_invoice_payment>
<order_invoice_payment><id_order_invoice><![CDATA[541]]></id_order_invoice>
<id_order_payment><![CDATA[541]]></id_order_payment>
<id_order><![CDATA[564]]></id_order>
</order_invoice_payment>
<order_invoice_payment><id_order_invoice><![CDATA[542]]></id_order_invoice>
<id_order_payment><![CDATA[542]]></id_order_payment>
<id_order><![CDATA[565]]></id_order>
</order_invoice_payment>
<order_invoice_payment><id_order_invoice><![CDATA[543]]></id_order_invoice>
<id_order_payment><![CDATA[543]]></id_order_payment>
<id_order><![CDATA[566]]></id_order>
</order_invoice_payment>
<order_invoice_payment><id_order_invoice><![CDATA[544]]></id_order_invoice>
<id_order_payment><![CDATA[544]]></id_order_payment>
<id_order><![CDATA[567]]></id_order>
</order_invoice_payment>
<order_invoice_payment><id_order_invoice><![CDATA[545]]></id_order_invoice>
<id_order_payment><![CDATA[545]]></id_order_payment>
<id_order><![CDATA[568]]></id_order>
</order_invoice_payment>
<order_invoice_payment><id_order_invoice><![CDATA[546]]></id_order_invoice>
<id_order_payment><![CDATA[546]]></id_order_payment>
<id_order><![CDATA[569]]></id_order>
</order_invoice_payment>
<order_invoice_payment><id_order_invoice><![CDATA[547]]></id_order_invoice>
<id_order_payment><![CDATA[547]]></id_order_payment>
<id_order><![CDATA[570]]></id_order>
</order_invoice_payment>
<order_invoice_payment><id_order_invoice><![CDATA[548]]></id_order_invoice>
<id_order_payment><![CDATA[548]]></id_order_payment>
<id_order><![CDATA[571]]></id_order>
</order_invoice_payment>
<order_invoice_payment><id_order_invoice><![CDATA[549]]></id_order_invoice>
<id_order_payment><![CDATA[549]]></id_order_payment>
<id_order><![CDATA[572]]></id_order>
</order_invoice_payment>
<order_invoice_payment><id_order_invoice><![CDATA[550]]></id_order_invoice>
<id_order_payment><![CDATA[550]]></id_order_payment>
<id_order><![CDATA[573]]></id_order>
</order_invoice_payment>
<order_invoice_payment><id_order_invoice><![CDATA[551]]></id_order_invoice>
<id_order_payment><![CDATA[551]]></id_order_payment>
<id_order><![CDATA[574]]></id_order>
</order_invoice_payment>
<order_invoice_payment><id_order_invoice><![CDATA[552]]></id_order_invoice>
<id_order_payment><![CDATA[552]]></id_order_payment>
<id_order><![CDATA[575]]></id_order>
</order_invoice_payment>
<order_invoice_payment><id_order_invoice><![CDATA[553]]></id_order_invoice>
<id_order_payment><![CDATA[553]]></id_order_payment>
<id_order><![CDATA[576]]></id_order>
</order_invoice_payment>
<order_invoice_payment><id_order_invoice><![CDATA[554]]></id_order_invoice>
<id_order_payment><![CDATA[554]]></id_order_payment>
<id_order><![CDATA[577]]></id_order>
</order_invoice_payment>
<order_invoice_payment><id_order_invoice><![CDATA[555]]></id_order_invoice>
<id_order_payment><![CDATA[555]]></id_order_payment>
<id_order><![CDATA[578]]></id_order>
</order_invoice_payment>
<order_invoice_payment><id_order_invoice><![CDATA[556]]></id_order_invoice>
<id_order_payment><![CDATA[556]]></id_order_payment>
<id_order><![CDATA[579]]></id_order>
</order_invoice_payment>
<order_invoice_payment><id_order_invoice><![CDATA[557]]></id_order_invoice>
<id_order_payment><![CDATA[557]]></id_order_payment>
<id_order><![CDATA[580]]></id_order>
</order_invoice_payment>
<order_invoice_payment><id_order_invoice><![CDATA[558]]></id_order_invoice>
<id_order_payment><![CDATA[558]]></id_order_payment>
<id_order><![CDATA[581]]></id_order>
</order_invoice_payment>
<order_invoice_payment><id_order_invoice><![CDATA[559]]></id_order_invoice>
<id_order_payment><![CDATA[559]]></id_order_payment>
<id_order><![CDATA[582]]></id_order>
</order_invoice_payment>
<order_invoice_payment><id_order_invoice><![CDATA[560]]></id_order_invoice>
<id_order_payment><![CDATA[560]]></id_order_payment>
<id_order><![CDATA[583]]></id_order>
</order_invoice_payment>
<order_invoice_payment><id_order_invoice><![CDATA[561]]></id_order_invoice>
<id_order_payment><![CDATA[561]]></id_order_payment>
<id_order><![CDATA[584]]></id_order>
</order_invoice_payment>
<order_invoice_payment><id_order_invoice><![CDATA[562]]></id_order_invoice>
<id_order_payment><![CDATA[562]]></id_order_payment>
<id_order><![CDATA[585]]></id_order>
</order_invoice_payment>
<order_invoice_payment><id_order_invoice><![CDATA[563]]></id_order_invoice>
<id_order_payment><![CDATA[563]]></id_order_payment>
<id_order><![CDATA[586]]></id_order>
</order_invoice_payment>
<order_invoice_payment><id_order_invoice><![CDATA[564]]></id_order_invoice>
<id_order_payment><![CDATA[564]]></id_order_payment>
<id_order><![CDATA[587]]></id_order>
</order_invoice_payment>
<order_invoice_payment><id_order_invoice><![CDATA[565]]></id_order_invoice>
<id_order_payment><![CDATA[565]]></id_order_payment>
<id_order><![CDATA[588]]></id_order>
</order_invoice_payment>
<order_invoice_payment><id_order_invoice><![CDATA[566]]></id_order_invoice>
<id_order_payment><![CDATA[566]]></id_order_payment>
<id_order><![CDATA[589]]></id_order>
</order_invoice_payment>
<order_invoice_payment><id_order_invoice><![CDATA[567]]></id_order_invoice>
<id_order_payment><![CDATA[567]]></id_order_payment>
<id_order><![CDATA[590]]></id_order>
</order_invoice_payment>
<order_invoice_payment><id_order_invoice><![CDATA[568]]></id_order_invoice>
<id_order_payment><![CDATA[568]]></id_order_payment>
<id_order><![CDATA[591]]></id_order>
</order_invoice_payment>
<order_invoice_payment><id_order_invoice><![CDATA[569]]></id_order_invoice>
<id_order_payment><![CDATA[569]]></id_order_payment>
<id_order><![CDATA[592]]></id_order>
</order_invoice_payment>
<order_invoice_payment><id_order_invoice><![CDATA[570]]></id_order_invoice>
<id_order_payment><![CDATA[570]]></id_order_payment>
<id_order><![CDATA[593]]></id_order>
</order_invoice_payment>
<order_invoice_payment><id_order_invoice><![CDATA[571]]></id_order_invoice>
<id_order_payment><![CDATA[571]]></id_order_payment>
<id_order><![CDATA[594]]></id_order>
</order_invoice_payment>
<order_invoice_payment><id_order_invoice><![CDATA[572]]></id_order_invoice>
<id_order_payment><![CDATA[572]]></id_order_payment>
<id_order><![CDATA[595]]></id_order>
</order_invoice_payment>
<order_invoice_payment><id_order_invoice><![CDATA[573]]></id_order_invoice>
<id_order_payment><![CDATA[573]]></id_order_payment>
<id_order><![CDATA[596]]></id_order>
</order_invoice_payment>
<order_invoice_payment><id_order_invoice><![CDATA[574]]></id_order_invoice>
<id_order_payment><![CDATA[574]]></id_order_payment>
<id_order><![CDATA[597]]></id_order>
</order_invoice_payment>
<order_invoice_payment><id_order_invoice><![CDATA[575]]></id_order_invoice>
<id_order_payment><![CDATA[575]]></id_order_payment>
<id_order><![CDATA[598]]></id_order>
</order_invoice_payment>
<order_invoice_payment><id_order_invoice><![CDATA[576]]></id_order_invoice>
<id_order_payment><![CDATA[576]]></id_order_payment>
<id_order><![CDATA[599]]></id_order>
</order_invoice_payment>
<order_invoice_payment><id_order_invoice><![CDATA[577]]></id_order_invoice>
<id_order_payment><![CDATA[577]]></id_order_payment>
<id_order><![CDATA[600]]></id_order>
</order_invoice_payment>
<order_invoice_payment><id_order_invoice><![CDATA[578]]></id_order_invoice>
<id_order_payment><![CDATA[578]]></id_order_payment>
<id_order><![CDATA[601]]></id_order>
</order_invoice_payment>
<order_invoice_payment><id_order_invoice><![CDATA[579]]></id_order_invoice>
<id_order_payment><![CDATA[579]]></id_order_payment>
<id_order><![CDATA[602]]></id_order>
</order_invoice_payment>
<order_invoice_payment><id_order_invoice><![CDATA[580]]></id_order_invoice>
<id_order_payment><![CDATA[580]]></id_order_payment>
<id_order><![CDATA[603]]></id_order>
</order_invoice_payment>
<order_invoice_payment><id_order_invoice><![CDATA[581]]></id_order_invoice>
<id_order_payment><![CDATA[581]]></id_order_payment>
<id_order><![CDATA[604]]></id_order>
</order_invoice_payment>
<order_invoice_payment><id_order_invoice><![CDATA[582]]></id_order_invoice>
<id_order_payment><![CDATA[582]]></id_order_payment>
<id_order><![CDATA[605]]></id_order>
</order_invoice_payment>
<order_invoice_payment><id_order_invoice><![CDATA[583]]></id_order_invoice>
<id_order_payment><![CDATA[583]]></id_order_payment>
<id_order><![CDATA[606]]></id_order>
</order_invoice_payment>
<order_invoice_payment><id_order_invoice><![CDATA[584]]></id_order_invoice>
<id_order_payment><![CDATA[584]]></id_order_payment>
<id_order><![CDATA[607]]></id_order>
</order_invoice_payment>
<order_invoice_payment><id_order_invoice><![CDATA[585]]></id_order_invoice>
<id_order_payment><![CDATA[585]]></id_order_payment>
<id_order><![CDATA[608]]></id_order>
</order_invoice_payment>
<order_invoice_payment><id_order_invoice><![CDATA[586]]></id_order_invoice>
<id_order_payment><![CDATA[586]]></id_order_payment>
<id_order><![CDATA[609]]></id_order>
</order_invoice_payment>
<order_invoice_payment><id_order_invoice><![CDATA[587]]></id_order_invoice>
<id_order_payment><![CDATA[587]]></id_order_payment>
<id_order><![CDATA[610]]></id_order>
</order_invoice_payment>
<order_invoice_payment><id_order_invoice><![CDATA[588]]></id_order_invoice>
<id_order_payment><![CDATA[588]]></id_order_payment>
<id_order><![CDATA[611]]></id_order>
</order_invoice_payment>
<order_invoice_payment><id_order_invoice><![CDATA[589]]></id_order_invoice>
<id_order_payment><![CDATA[589]]></id_order_payment>
<id_order><![CDATA[612]]></id_order>
</order_invoice_payment>
<order_invoice_payment><id_order_invoice><![CDATA[590]]></id_order_invoice>
<id_order_payment><![CDATA[590]]></id_order_payment>
<id_order><![CDATA[613]]></id_order>
</order_invoice_payment>
<order_invoice_payment><id_order_invoice><![CDATA[591]]></id_order_invoice>
<id_order_payment><![CDATA[591]]></id_order_payment>
<id_order><![CDATA[614]]></id_order>
</order_invoice_payment>
<order_invoice_payment><id_order_invoice><![CDATA[592]]></id_order_invoice>
<id_order_payment><![CDATA[592]]></id_order_payment>
<id_order><![CDATA[615]]></id_order>
</order_invoice_payment>
<order_invoice_payment><id_order_invoice><![CDATA[593]]></id_order_invoice>
<id_order_payment><![CDATA[593]]></id_order_payment>
<id_order><![CDATA[616]]></id_order>
</order_invoice_payment>
<order_invoice_payment><id_order_invoice><![CDATA[594]]></id_order_invoice>
<id_order_payment><![CDATA[594]]></id_order_payment>
<id_order><![CDATA[617]]></id_order>
</order_invoice_payment>
<order_invoice_payment><id_order_invoice><![CDATA[595]]></id_order_invoice>
<id_order_payment><![CDATA[595]]></id_order_payment>
<id_order><![CDATA[618]]></id_order>
</order_invoice_payment>
<order_invoice_payment><id_order_invoice><![CDATA[596]]></id_order_invoice>
<id_order_payment><![CDATA[596]]></id_order_payment>
<id_order><![CDATA[619]]></id_order>
</order_invoice_payment>
<order_invoice_payment><id_order_invoice><![CDATA[597]]></id_order_invoice>
<id_order_payment><![CDATA[597]]></id_order_payment>
<id_order><![CDATA[620]]></id_order>
</order_invoice_payment>
<order_invoice_payment><id_order_invoice><![CDATA[598]]></id_order_invoice>
<id_order_payment><![CDATA[598]]></id_order_payment>
<id_order><![CDATA[621]]></id_order>
</order_invoice_payment>
<order_invoice_payment><id_order_invoice><![CDATA[599]]></id_order_invoice>
<id_order_payment><![CDATA[599]]></id_order_payment>
<id_order><![CDATA[622]]></id_order>
</order_invoice_payment>
<order_invoice_payment><id_order_invoice><![CDATA[600]]></id_order_invoice>
<id_order_payment><![CDATA[600]]></id_order_payment>
<id_order><![CDATA[623]]></id_order>
</order_invoice_payment>
<order_invoice_payment><id_order_invoice><![CDATA[601]]></id_order_invoice>
<id_order_payment><![CDATA[601]]></id_order_payment>
<id_order><![CDATA[624]]></id_order>
</order_invoice_payment>
<order_invoice_payment><id_order_invoice><![CDATA[602]]></id_order_invoice>
<id_order_payment><![CDATA[602]]></id_order_payment>
<id_order><![CDATA[625]]></id_order>
</order_invoice_payment>
<order_invoice_payment><id_order_invoice><![CDATA[603]]></id_order_invoice>
<id_order_payment><![CDATA[603]]></id_order_payment>
<id_order><![CDATA[626]]></id_order>
</order_invoice_payment>
<order_invoice_payment><id_order_invoice><![CDATA[604]]></id_order_invoice>
<id_order_payment><![CDATA[604]]></id_order_payment>
<id_order><![CDATA[627]]></id_order>
</order_invoice_payment>
<order_invoice_payment><id_order_invoice><![CDATA[605]]></id_order_invoice>
<id_order_payment><![CDATA[605]]></id_order_payment>
<id_order><![CDATA[628]]></id_order>
</order_invoice_payment>
<order_invoice_payment><id_order_invoice><![CDATA[606]]></id_order_invoice>
<id_order_payment><![CDATA[606]]></id_order_payment>
<id_order><![CDATA[629]]></id_order>
</order_invoice_payment>
<order_invoice_payment><id_order_invoice><![CDATA[607]]></id_order_invoice>
<id_order_payment><![CDATA[607]]></id_order_payment>
<id_order><![CDATA[630]]></id_order>
</order_invoice_payment>
<order_invoice_payment><id_order_invoice><![CDATA[608]]></id_order_invoice>
<id_order_payment><![CDATA[608]]></id_order_payment>
<id_order><![CDATA[631]]></id_order>
</order_invoice_payment>
<order_invoice_payment><id_order_invoice><![CDATA[609]]></id_order_invoice>
<id_order_payment><![CDATA[609]]></id_order_payment>
<id_order><![CDATA[632]]></id_order>
</order_invoice_payment>
<order_invoice_payment><id_order_invoice><![CDATA[610]]></id_order_invoice>
<id_order_payment><![CDATA[610]]></id_order_payment>
<id_order><![CDATA[633]]></id_order>
</order_invoice_payment>
<order_invoice_payment><id_order_invoice><![CDATA[611]]></id_order_invoice>
<id_order_payment><![CDATA[611]]></id_order_payment>
<id_order><![CDATA[634]]></id_order>
</order_invoice_payment>
<order_invoice_payment><id_order_invoice><![CDATA[612]]></id_order_invoice>
<id_order_payment><![CDATA[612]]></id_order_payment>
<id_order><![CDATA[635]]></id_order>
</order_invoice_payment>
<order_invoice_payment><id_order_invoice><![CDATA[613]]></id_order_invoice>
<id_order_payment><![CDATA[613]]></id_order_payment>
<id_order><![CDATA[636]]></id_order>
</order_invoice_payment>
<order_invoice_payment><id_order_invoice><![CDATA[614]]></id_order_invoice>
<id_order_payment><![CDATA[614]]></id_order_payment>
<id_order><![CDATA[637]]></id_order>
</order_invoice_payment>
<order_invoice_payment><id_order_invoice><![CDATA[615]]></id_order_invoice>
<id_order_payment><![CDATA[615]]></id_order_payment>
<id_order><![CDATA[638]]></id_order>
</order_invoice_payment>
<order_invoice_payment><id_order_invoice><![CDATA[616]]></id_order_invoice>
<id_order_payment><![CDATA[616]]></id_order_payment>
<id_order><![CDATA[639]]></id_order>
</order_invoice_payment>
<order_invoice_payment><id_order_invoice><![CDATA[617]]></id_order_invoice>
<id_order_payment><![CDATA[617]]></id_order_payment>
<id_order><![CDATA[640]]></id_order>
</order_invoice_payment>
<order_invoice_payment><id_order_invoice><![CDATA[618]]></id_order_invoice>
<id_order_payment><![CDATA[618]]></id_order_payment>
<id_order><![CDATA[641]]></id_order>
</order_invoice_payment>
<order_invoice_payment><id_order_invoice><![CDATA[619]]></id_order_invoice>
<id_order_payment><![CDATA[619]]></id_order_payment>
<id_order><![CDATA[642]]></id_order>
</order_invoice_payment>
<order_invoice_payment><id_order_invoice><![CDATA[620]]></id_order_invoice>
<id_order_payment><![CDATA[620]]></id_order_payment>
<id_order><![CDATA[643]]></id_order>
</order_invoice_payment>
<order_invoice_payment><id_order_invoice><![CDATA[621]]></id_order_invoice>
<id_order_payment><![CDATA[621]]></id_order_payment>
<id_order><![CDATA[644]]></id_order>
</order_invoice_payment>
<order_invoice_payment><id_order_invoice><![CDATA[622]]></id_order_invoice>
<id_order_payment><![CDATA[622]]></id_order_payment>
<id_order><![CDATA[645]]></id_order>
</order_invoice_payment>
<order_invoice_payment><id_order_invoice><![CDATA[623]]></id_order_invoice>
<id_order_payment><![CDATA[623]]></id_order_payment>
<id_order><![CDATA[646]]></id_order>
</order_invoice_payment>
<order_invoice_payment><id_order_invoice><![CDATA[624]]></id_order_invoice>
<id_order_payment><![CDATA[624]]></id_order_payment>
<id_order><![CDATA[647]]></id_order>
</order_invoice_payment>
<order_invoice_payment><id_order_invoice><![CDATA[625]]></id_order_invoice>
<id_order_payment><![CDATA[625]]></id_order_payment>
<id_order><![CDATA[648]]></id_order>
</order_invoice_payment>
<order_invoice_payment><id_order_invoice><![CDATA[626]]></id_order_invoice>
<id_order_payment><![CDATA[626]]></id_order_payment>
<id_order><![CDATA[649]]></id_order>
</order_invoice_payment>
<order_invoice_payment><id_order_invoice><![CDATA[627]]></id_order_invoice>
<id_order_payment><![CDATA[627]]></id_order_payment>
<id_order><![CDATA[650]]></id_order>
</order_invoice_payment>
<order_invoice_payment><id_order_invoice><![CDATA[628]]></id_order_invoice>
<id_order_payment><![CDATA[628]]></id_order_payment>
<id_order><![CDATA[651]]></id_order>
</order_invoice_payment>
<order_invoice_payment><id_order_invoice><![CDATA[629]]></id_order_invoice>
<id_order_payment><![CDATA[629]]></id_order_payment>
<id_order><![CDATA[652]]></id_order>
</order_invoice_payment>
<order_invoice_payment><id_order_invoice><![CDATA[630]]></id_order_invoice>
<id_order_payment><![CDATA[630]]></id_order_payment>
<id_order><![CDATA[653]]></id_order>
</order_invoice_payment>
<order_invoice_payment><id_order_invoice><![CDATA[631]]></id_order_invoice>
<id_order_payment><![CDATA[631]]></id_order_payment>
<id_order><![CDATA[654]]></id_order>
</order_invoice_payment>
<order_invoice_payment><id_order_invoice><![CDATA[632]]></id_order_invoice>
<id_order_payment><![CDATA[632]]></id_order_payment>
<id_order><![CDATA[655]]></id_order>
</order_invoice_payment>
<order_invoice_payment><id_order_invoice><![CDATA[633]]></id_order_invoice>
<id_order_payment><![CDATA[633]]></id_order_payment>
<id_order><![CDATA[656]]></id_order>
</order_invoice_payment>
<order_invoice_payment><id_order_invoice><![CDATA[634]]></id_order_invoice>
<id_order_payment><![CDATA[634]]></id_order_payment>
<id_order><![CDATA[657]]></id_order>
</order_invoice_payment>
<order_invoice_payment><id_order_invoice><![CDATA[635]]></id_order_invoice>
<id_order_payment><![CDATA[635]]></id_order_payment>
<id_order><![CDATA[658]]></id_order>
</order_invoice_payment>
<order_invoice_payment><id_order_invoice><![CDATA[636]]></id_order_invoice>
<id_order_payment><![CDATA[636]]></id_order_payment>
<id_order><![CDATA[659]]></id_order>
</order_invoice_payment>
<order_invoice_payment><id_order_invoice><![CDATA[637]]></id_order_invoice>
<id_order_payment><![CDATA[637]]></id_order_payment>
<id_order><![CDATA[660]]></id_order>
</order_invoice_payment>
<order_invoice_payment><id_order_invoice><![CDATA[638]]></id_order_invoice>
<id_order_payment><![CDATA[638]]></id_order_payment>
<id_order><![CDATA[661]]></id_order>
</order_invoice_payment>
<order_invoice_payment><id_order_invoice><![CDATA[639]]></id_order_invoice>
<id_order_payment><![CDATA[639]]></id_order_payment>
<id_order><![CDATA[662]]></id_order>
</order_invoice_payment>
<order_invoice_payment><id_order_invoice><![CDATA[640]]></id_order_invoice>
<id_order_payment><![CDATA[640]]></id_order_payment>
<id_order><![CDATA[663]]></id_order>
</order_invoice_payment>
<order_invoice_payment><id_order_invoice><![CDATA[641]]></id_order_invoice>
<id_order_payment><![CDATA[641]]></id_order_payment>
<id_order><![CDATA[664]]></id_order>
</order_invoice_payment>
<order_invoice_payment><id_order_invoice><![CDATA[642]]></id_order_invoice>
<id_order_payment><![CDATA[642]]></id_order_payment>
<id_order><![CDATA[665]]></id_order>
</order_invoice_payment>
<order_invoice_payment><id_order_invoice><![CDATA[643]]></id_order_invoice>
<id_order_payment><![CDATA[643]]></id_order_payment>
<id_order><![CDATA[666]]></id_order>
</order_invoice_payment>
<order_invoice_payment><id_order_invoice><![CDATA[644]]></id_order_invoice>
<id_order_payment><![CDATA[644]]></id_order_payment>
<id_order><![CDATA[667]]></id_order>
</order_invoice_payment>
<order_invoice_payment><id_order_invoice><![CDATA[645]]></id_order_invoice>
<id_order_payment><![CDATA[645]]></id_order_payment>
<id_order><![CDATA[668]]></id_order>
</order_invoice_payment>
<order_invoice_payment><id_order_invoice><![CDATA[646]]></id_order_invoice>
<id_order_payment><![CDATA[646]]></id_order_payment>
<id_order><![CDATA[669]]></id_order>
</order_invoice_payment>
<order_invoice_payment><id_order_invoice><![CDATA[647]]></id_order_invoice>
<id_order_payment><![CDATA[647]]></id_order_payment>
<id_order><![CDATA[670]]></id_order>
</order_invoice_payment>
<order_invoice_payment><id_order_invoice><![CDATA[648]]></id_order_invoice>
<id_order_payment><![CDATA[648]]></id_order_payment>
<id_order><![CDATA[671]]></id_order>
</order_invoice_payment>
<order_invoice_payment><id_order_invoice><![CDATA[649]]></id_order_invoice>
<id_order_payment><![CDATA[649]]></id_order_payment>
<id_order><![CDATA[672]]></id_order>
</order_invoice_payment>
<order_invoice_payment><id_order_invoice><![CDATA[650]]></id_order_invoice>
<id_order_payment><![CDATA[650]]></id_order_payment>
<id_order><![CDATA[673]]></id_order>
</order_invoice_payment>
<order_invoice_payment><id_order_invoice><![CDATA[651]]></id_order_invoice>
<id_order_payment><![CDATA[651]]></id_order_payment>
<id_order><![CDATA[674]]></id_order>
</order_invoice_payment>
<order_invoice_payment><id_order_invoice><![CDATA[652]]></id_order_invoice>
<id_order_payment><![CDATA[652]]></id_order_payment>
<id_order><![CDATA[675]]></id_order>
</order_invoice_payment>
<order_invoice_payment><id_order_invoice><![CDATA[653]]></id_order_invoice>
<id_order_payment><![CDATA[653]]></id_order_payment>
<id_order><![CDATA[676]]></id_order>
</order_invoice_payment>
<order_invoice_payment><id_order_invoice><![CDATA[654]]></id_order_invoice>
<id_order_payment><![CDATA[654]]></id_order_payment>
<id_order><![CDATA[677]]></id_order>
</order_invoice_payment>
<order_invoice_payment><id_order_invoice><![CDATA[655]]></id_order_invoice>
<id_order_payment><![CDATA[655]]></id_order_payment>
<id_order><![CDATA[678]]></id_order>
</order_invoice_payment>
<order_invoice_payment><id_order_invoice><![CDATA[656]]></id_order_invoice>
<id_order_payment><![CDATA[656]]></id_order_payment>
<id_order><![CDATA[679]]></id_order>
</order_invoice_payment>
<order_invoice_payment><id_order_invoice><![CDATA[657]]></id_order_invoice>
<id_order_payment><![CDATA[657]]></id_order_payment>
<id_order><![CDATA[680]]></id_order>
</order_invoice_payment>
<order_invoice_payment><id_order_invoice><![CDATA[658]]></id_order_invoice>
<id_order_payment><![CDATA[658]]></id_order_payment>
<id_order><![CDATA[681]]></id_order>
</order_invoice_payment>
<order_invoice_payment><id_order_invoice><![CDATA[659]]></id_order_invoice>
<id_order_payment><![CDATA[659]]></id_order_payment>
<id_order><![CDATA[682]]></id_order>
</order_invoice_payment>
<order_invoice_payment><id_order_invoice><![CDATA[660]]></id_order_invoice>
<id_order_payment><![CDATA[660]]></id_order_payment>
<id_order><![CDATA[683]]></id_order>
</order_invoice_payment>
<order_invoice_payment><id_order_invoice><![CDATA[661]]></id_order_invoice>
<id_order_payment><![CDATA[661]]></id_order_payment>
<id_order><![CDATA[685]]></id_order>
</order_invoice_payment>
<order_invoice_payment><id_order_invoice><![CDATA[662]]></id_order_invoice>
<id_order_payment><![CDATA[662]]></id_order_payment>
<id_order><![CDATA[686]]></id_order>
</order_invoice_payment>
<order_invoice_payment><id_order_invoice><![CDATA[663]]></id_order_invoice>
<id_order_payment><![CDATA[663]]></id_order_payment>
<id_order><![CDATA[687]]></id_order>
</order_invoice_payment>
<order_invoice_payment><id_order_invoice><![CDATA[664]]></id_order_invoice>
<id_order_payment><![CDATA[664]]></id_order_payment>
<id_order><![CDATA[688]]></id_order>
</order_invoice_payment>
<order_invoice_payment><id_order_invoice><![CDATA[665]]></id_order_invoice>
<id_order_payment><![CDATA[665]]></id_order_payment>
<id_order><![CDATA[689]]></id_order>
</order_invoice_payment>
<order_invoice_payment><id_order_invoice><![CDATA[666]]></id_order_invoice>
<id_order_payment><![CDATA[666]]></id_order_payment>
<id_order><![CDATA[691]]></id_order>
</order_invoice_payment>
<order_invoice_payment><id_order_invoice><![CDATA[667]]></id_order_invoice>
<id_order_payment><![CDATA[667]]></id_order_payment>
<id_order><![CDATA[692]]></id_order>
</order_invoice_payment>
<order_invoice_payment><id_order_invoice><![CDATA[668]]></id_order_invoice>
<id_order_payment><![CDATA[668]]></id_order_payment>
<id_order><![CDATA[693]]></id_order>
</order_invoice_payment>
<order_invoice_payment><id_order_invoice><![CDATA[669]]></id_order_invoice>
<id_order_payment><![CDATA[669]]></id_order_payment>
<id_order><![CDATA[694]]></id_order>
</order_invoice_payment>
<order_invoice_payment><id_order_invoice><![CDATA[670]]></id_order_invoice>
<id_order_payment><![CDATA[670]]></id_order_payment>
<id_order><![CDATA[695]]></id_order>
</order_invoice_payment>
<order_invoice_payment><id_order_invoice><![CDATA[671]]></id_order_invoice>
<id_order_payment><![CDATA[671]]></id_order_payment>
<id_order><![CDATA[696]]></id_order>
</order_invoice_payment>
<order_invoice_payment><id_order_invoice><![CDATA[672]]></id_order_invoice>
<id_order_payment><![CDATA[672]]></id_order_payment>
<id_order><![CDATA[697]]></id_order>
</order_invoice_payment>
<order_invoice_payment><id_order_invoice><![CDATA[673]]></id_order_invoice>
<id_order_payment><![CDATA[673]]></id_order_payment>
<id_order><![CDATA[698]]></id_order>
</order_invoice_payment>
<order_invoice_payment><id_order_invoice><![CDATA[674]]></id_order_invoice>
<id_order_payment><![CDATA[674]]></id_order_payment>
<id_order><![CDATA[700]]></id_order>
</order_invoice_payment>
<order_invoice_payment><id_order_invoice><![CDATA[675]]></id_order_invoice>
<id_order_payment><![CDATA[675]]></id_order_payment>
<id_order><![CDATA[701]]></id_order>
</order_invoice_payment>
<order_invoice_payment><id_order_invoice><![CDATA[676]]></id_order_invoice>
<id_order_payment><![CDATA[676]]></id_order_payment>
<id_order><![CDATA[702]]></id_order>
</order_invoice_payment>
<order_invoice_payment><id_order_invoice><![CDATA[677]]></id_order_invoice>
<id_order_payment><![CDATA[677]]></id_order_payment>
<id_order><![CDATA[703]]></id_order>
</order_invoice_payment>
<order_invoice_payment><id_order_invoice><![CDATA[678]]></id_order_invoice>
<id_order_payment><![CDATA[678]]></id_order_payment>
<id_order><![CDATA[704]]></id_order>
</order_invoice_payment>
<order_invoice_payment><id_order_invoice><![CDATA[679]]></id_order_invoice>
<id_order_payment><![CDATA[679]]></id_order_payment>
<id_order><![CDATA[705]]></id_order>
</order_invoice_payment>
<order_invoice_payment><id_order_invoice><![CDATA[680]]></id_order_invoice>
<id_order_payment><![CDATA[680]]></id_order_payment>
<id_order><![CDATA[707]]></id_order>
</order_invoice_payment>
<order_invoice_payment><id_order_invoice><![CDATA[681]]></id_order_invoice>
<id_order_payment><![CDATA[681]]></id_order_payment>
<id_order><![CDATA[708]]></id_order>
</order_invoice_payment>
<order_invoice_payment><id_order_invoice><![CDATA[682]]></id_order_invoice>
<id_order_payment><![CDATA[682]]></id_order_payment>
<id_order><![CDATA[709]]></id_order>
</order_invoice_payment>
<order_invoice_payment><id_order_invoice><![CDATA[683]]></id_order_invoice>
<id_order_payment><![CDATA[683]]></id_order_payment>
<id_order><![CDATA[710]]></id_order>
</order_invoice_payment>
<order_invoice_payment><id_order_invoice><![CDATA[684]]></id_order_invoice>
<id_order_payment><![CDATA[684]]></id_order_payment>
<id_order><![CDATA[711]]></id_order>
</order_invoice_payment>
<order_invoice_payment><id_order_invoice><![CDATA[685]]></id_order_invoice>
<id_order_payment><![CDATA[685]]></id_order_payment>
<id_order><![CDATA[712]]></id_order>
</order_invoice_payment>
<order_invoice_payment><id_order_invoice><![CDATA[686]]></id_order_invoice>
<id_order_payment><![CDATA[686]]></id_order_payment>
<id_order><![CDATA[715]]></id_order>
</order_invoice_payment>
<order_invoice_payment><id_order_invoice><![CDATA[687]]></id_order_invoice>
<id_order_payment><![CDATA[687]]></id_order_payment>
<id_order><![CDATA[717]]></id_order>
</order_invoice_payment>
<order_invoice_payment><id_order_invoice><![CDATA[688]]></id_order_invoice>
<id_order_payment><![CDATA[688]]></id_order_payment>
<id_order><![CDATA[718]]></id_order>
</order_invoice_payment>
<order_invoice_payment><id_order_invoice><![CDATA[689]]></id_order_invoice>
<id_order_payment><![CDATA[689]]></id_order_payment>
<id_order><![CDATA[719]]></id_order>
</order_invoice_payment>
<order_invoice_payment><id_order_invoice><![CDATA[690]]></id_order_invoice>
<id_order_payment><![CDATA[690]]></id_order_payment>
<id_order><![CDATA[720]]></id_order>
</order_invoice_payment>
<order_invoice_payment><id_order_invoice><![CDATA[691]]></id_order_invoice>
<id_order_payment><![CDATA[691]]></id_order_payment>
<id_order><![CDATA[721]]></id_order>
</order_invoice_payment>
<order_invoice_payment><id_order_invoice><![CDATA[692]]></id_order_invoice>
<id_order_payment><![CDATA[692]]></id_order_payment>
<id_order><![CDATA[722]]></id_order>
</order_invoice_payment>
<order_invoice_payment><id_order_invoice><![CDATA[693]]></id_order_invoice>
<id_order_payment><![CDATA[693]]></id_order_payment>
<id_order><![CDATA[725]]></id_order>
</order_invoice_payment>
<order_invoice_payment><id_order_invoice><![CDATA[694]]></id_order_invoice>
<id_order_payment><![CDATA[694]]></id_order_payment>
<id_order><![CDATA[726]]></id_order>
</order_invoice_payment>
<order_invoice_payment><id_order_invoice><![CDATA[695]]></id_order_invoice>
<id_order_payment><![CDATA[695]]></id_order_payment>
<id_order><![CDATA[727]]></id_order>
</order_invoice_payment>
<order_invoice_payment><id_order_invoice><![CDATA[696]]></id_order_invoice>
<id_order_payment><![CDATA[696]]></id_order_payment>
<id_order><![CDATA[728]]></id_order>
</order_invoice_payment>
<order_invoice_payment><id_order_invoice><![CDATA[697]]></id_order_invoice>
<id_order_payment><![CDATA[697]]></id_order_payment>
<id_order><![CDATA[729]]></id_order>
</order_invoice_payment>
<order_invoice_payment><id_order_invoice><![CDATA[698]]></id_order_invoice>
<id_order_payment><![CDATA[698]]></id_order_payment>
<id_order><![CDATA[730]]></id_order>
</order_invoice_payment>
<order_invoice_payment><id_order_invoice><![CDATA[699]]></id_order_invoice>
<id_order_payment><![CDATA[699]]></id_order_payment>
<id_order><![CDATA[732]]></id_order>
</order_invoice_payment>
<order_invoice_payment><id_order_invoice><![CDATA[700]]></id_order_invoice>
<id_order_payment><![CDATA[700]]></id_order_payment>
<id_order><![CDATA[733]]></id_order>
</order_invoice_payment>
<order_invoice_payment><id_order_invoice><![CDATA[701]]></id_order_invoice>
<id_order_payment><![CDATA[701]]></id_order_payment>
<id_order><![CDATA[734]]></id_order>
</order_invoice_payment>
<order_invoice_payment><id_order_invoice><![CDATA[702]]></id_order_invoice>
<id_order_payment><![CDATA[702]]></id_order_payment>
<id_order><![CDATA[735]]></id_order>
</order_invoice_payment>
<order_invoice_payment><id_order_invoice><![CDATA[703]]></id_order_invoice>
<id_order_payment><![CDATA[703]]></id_order_payment>
<id_order><![CDATA[737]]></id_order>
</order_invoice_payment>
<order_invoice_payment><id_order_invoice><![CDATA[704]]></id_order_invoice>
<id_order_payment><![CDATA[704]]></id_order_payment>
<id_order><![CDATA[738]]></id_order>
</order_invoice_payment>
<order_invoice_payment><id_order_invoice><![CDATA[705]]></id_order_invoice>
<id_order_payment><![CDATA[705]]></id_order_payment>
<id_order><![CDATA[739]]></id_order>
</order_invoice_payment>
<order_invoice_payment><id_order_invoice><![CDATA[706]]></id_order_invoice>
<id_order_payment><![CDATA[706]]></id_order_payment>
<id_order><![CDATA[740]]></id_order>
</order_invoice_payment>
<order_invoice_payment><id_order_invoice><![CDATA[707]]></id_order_invoice>
<id_order_payment><![CDATA[707]]></id_order_payment>
<id_order><![CDATA[741]]></id_order>
</order_invoice_payment>
<order_invoice_payment><id_order_invoice><![CDATA[708]]></id_order_invoice>
<id_order_payment><![CDATA[708]]></id_order_payment>
<id_order><![CDATA[742]]></id_order>
</order_invoice_payment>
<order_invoice_payment><id_order_invoice><![CDATA[709]]></id_order_invoice>
<id_order_payment><![CDATA[709]]></id_order_payment>
<id_order><![CDATA[743]]></id_order>
</order_invoice_payment>
<order_invoice_payment><id_order_invoice><![CDATA[710]]></id_order_invoice>
<id_order_payment><![CDATA[710]]></id_order_payment>
<id_order><![CDATA[746]]></id_order>
</order_invoice_payment>
<order_invoice_payment><id_order_invoice><![CDATA[711]]></id_order_invoice>
<id_order_payment><![CDATA[711]]></id_order_payment>
<id_order><![CDATA[747]]></id_order>
</order_invoice_payment>
<order_invoice_payment><id_order_invoice><![CDATA[712]]></id_order_invoice>
<id_order_payment><![CDATA[712]]></id_order_payment>
<id_order><![CDATA[748]]></id_order>
</order_invoice_payment>
<order_invoice_payment><id_order_invoice><![CDATA[713]]></id_order_invoice>
<id_order_payment><![CDATA[713]]></id_order_payment>
<id_order><![CDATA[749]]></id_order>
</order_invoice_payment>
<order_invoice_payment><id_order_invoice><![CDATA[714]]></id_order_invoice>
<id_order_payment><![CDATA[714]]></id_order_payment>
<id_order><![CDATA[750]]></id_order>
</order_invoice_payment>
<order_invoice_payment><id_order_invoice><![CDATA[715]]></id_order_invoice>
<id_order_payment><![CDATA[715]]></id_order_payment>
<id_order><![CDATA[751]]></id_order>
</order_invoice_payment>
<order_invoice_payment><id_order_invoice><![CDATA[716]]></id_order_invoice>
<id_order_payment><![CDATA[716]]></id_order_payment>
<id_order><![CDATA[752]]></id_order>
</order_invoice_payment>
<order_invoice_payment><id_order_invoice><![CDATA[717]]></id_order_invoice>
<id_order_payment><![CDATA[717]]></id_order_payment>
<id_order><![CDATA[753]]></id_order>
</order_invoice_payment>
<order_invoice_payment><id_order_invoice><![CDATA[718]]></id_order_invoice>
<id_order_payment><![CDATA[718]]></id_order_payment>
<id_order><![CDATA[755]]></id_order>
</order_invoice_payment>
<order_invoice_payment><id_order_invoice><![CDATA[719]]></id_order_invoice>
<id_order_payment><![CDATA[719]]></id_order_payment>
<id_order><![CDATA[756]]></id_order>
</order_invoice_payment>
<order_invoice_payment><id_order_invoice><![CDATA[720]]></id_order_invoice>
<id_order_payment><![CDATA[720]]></id_order_payment>
<id_order><![CDATA[757]]></id_order>
</order_invoice_payment>
<order_invoice_payment><id_order_invoice><![CDATA[721]]></id_order_invoice>
<id_order_payment><![CDATA[721]]></id_order_payment>
<id_order><![CDATA[758]]></id_order>
</order_invoice_payment>
<order_invoice_payment><id_order_invoice><![CDATA[722]]></id_order_invoice>
<id_order_payment><![CDATA[722]]></id_order_payment>
<id_order><![CDATA[759]]></id_order>
</order_invoice_payment>
<order_invoice_payment><id_order_invoice><![CDATA[723]]></id_order_invoice>
<id_order_payment><![CDATA[723]]></id_order_payment>
<id_order><![CDATA[760]]></id_order>
</order_invoice_payment>
<order_invoice_payment><id_order_invoice><![CDATA[724]]></id_order_invoice>
<id_order_payment><![CDATA[724]]></id_order_payment>
<id_order><![CDATA[761]]></id_order>
</order_invoice_payment>
<order_invoice_payment><id_order_invoice><![CDATA[725]]></id_order_invoice>
<id_order_payment><![CDATA[725]]></id_order_payment>
<id_order><![CDATA[762]]></id_order>
</order_invoice_payment>
<order_invoice_payment><id_order_invoice><![CDATA[726]]></id_order_invoice>
<id_order_payment><![CDATA[726]]></id_order_payment>
<id_order><![CDATA[763]]></id_order>
</order_invoice_payment>
<order_invoice_payment><id_order_invoice><![CDATA[727]]></id_order_invoice>
<id_order_payment><![CDATA[727]]></id_order_payment>
<id_order><![CDATA[764]]></id_order>
</order_invoice_payment>
<order_invoice_payment><id_order_invoice><![CDATA[728]]></id_order_invoice>
<id_order_payment><![CDATA[728]]></id_order_payment>
<id_order><![CDATA[765]]></id_order>
</order_invoice_payment>
<order_invoice_payment><id_order_invoice><![CDATA[729]]></id_order_invoice>
<id_order_payment><![CDATA[729]]></id_order_payment>
<id_order><![CDATA[767]]></id_order>
</order_invoice_payment>
<order_invoice_payment><id_order_invoice><![CDATA[730]]></id_order_invoice>
<id_order_payment><![CDATA[730]]></id_order_payment>
<id_order><![CDATA[768]]></id_order>
</order_invoice_payment>
<order_invoice_payment><id_order_invoice><![CDATA[731]]></id_order_invoice>
<id_order_payment><![CDATA[731]]></id_order_payment>
<id_order><![CDATA[769]]></id_order>
</order_invoice_payment>
<order_invoice_payment><id_order_invoice><![CDATA[732]]></id_order_invoice>
<id_order_payment><![CDATA[732]]></id_order_payment>
<id_order><![CDATA[770]]></id_order>
</order_invoice_payment>
<order_invoice_payment><id_order_invoice><![CDATA[733]]></id_order_invoice>
<id_order_payment><![CDATA[733]]></id_order_payment>
<id_order><![CDATA[771]]></id_order>
</order_invoice_payment>
<order_invoice_payment><id_order_invoice><![CDATA[734]]></id_order_invoice>
<id_order_payment><![CDATA[734]]></id_order_payment>
<id_order><![CDATA[772]]></id_order>
</order_invoice_payment>
<order_invoice_payment><id_order_invoice><![CDATA[735]]></id_order_invoice>
<id_order_payment><![CDATA[735]]></id_order_payment>
<id_order><![CDATA[773]]></id_order>
</order_invoice_payment>
<order_invoice_payment><id_order_invoice><![CDATA[736]]></id_order_invoice>
<id_order_payment><![CDATA[736]]></id_order_payment>
<id_order><![CDATA[776]]></id_order>
</order_invoice_payment>
<order_invoice_payment><id_order_invoice><![CDATA[737]]></id_order_invoice>
<id_order_payment><![CDATA[737]]></id_order_payment>
<id_order><![CDATA[777]]></id_order>
</order_invoice_payment>
<order_invoice_payment><id_order_invoice><![CDATA[738]]></id_order_invoice>
<id_order_payment><![CDATA[738]]></id_order_payment>
<id_order><![CDATA[778]]></id_order>
</order_invoice_payment>
<order_invoice_payment><id_order_invoice><![CDATA[739]]></id_order_invoice>
<id_order_payment><![CDATA[739]]></id_order_payment>
<id_order><![CDATA[779]]></id_order>
</order_invoice_payment>
<order_invoice_payment><id_order_invoice><![CDATA[740]]></id_order_invoice>
<id_order_payment><![CDATA[740]]></id_order_payment>
<id_order><![CDATA[780]]></id_order>
</order_invoice_payment>
<order_invoice_payment><id_order_invoice><![CDATA[741]]></id_order_invoice>
<id_order_payment><![CDATA[741]]></id_order_payment>
<id_order><![CDATA[781]]></id_order>
</order_invoice_payment>
<order_invoice_payment><id_order_invoice><![CDATA[742]]></id_order_invoice>
<id_order_payment><![CDATA[742]]></id_order_payment>
<id_order><![CDATA[782]]></id_order>
</order_invoice_payment>
<order_invoice_payment><id_order_invoice><![CDATA[743]]></id_order_invoice>
<id_order_payment><![CDATA[743]]></id_order_payment>
<id_order><![CDATA[784]]></id_order>
</order_invoice_payment>
<order_invoice_payment><id_order_invoice><![CDATA[744]]></id_order_invoice>
<id_order_payment><![CDATA[744]]></id_order_payment>
<id_order><![CDATA[785]]></id_order>
</order_invoice_payment>
<order_invoice_payment><id_order_invoice><![CDATA[745]]></id_order_invoice>
<id_order_payment><![CDATA[745]]></id_order_payment>
<id_order><![CDATA[786]]></id_order>
</order_invoice_payment>
<order_invoice_payment><id_order_invoice><![CDATA[746]]></id_order_invoice>
<id_order_payment><![CDATA[746]]></id_order_payment>
<id_order><![CDATA[787]]></id_order>
</order_invoice_payment>
<order_invoice_payment><id_order_invoice><![CDATA[747]]></id_order_invoice>
<id_order_payment><![CDATA[747]]></id_order_payment>
<id_order><![CDATA[788]]></id_order>
</order_invoice_payment>
<order_invoice_payment><id_order_invoice><![CDATA[748]]></id_order_invoice>
<id_order_payment><![CDATA[748]]></id_order_payment>
<id_order><![CDATA[790]]></id_order>
</order_invoice_payment>
<order_invoice_payment><id_order_invoice><![CDATA[749]]></id_order_invoice>
<id_order_payment><![CDATA[749]]></id_order_payment>
<id_order><![CDATA[791]]></id_order>
</order_invoice_payment>
<order_invoice_payment><id_order_invoice><![CDATA[750]]></id_order_invoice>
<id_order_payment><![CDATA[750]]></id_order_payment>
<id_order><![CDATA[792]]></id_order>
</order_invoice_payment>
<order_invoice_payment><id_order_invoice><![CDATA[751]]></id_order_invoice>
<id_order_payment><![CDATA[751]]></id_order_payment>
<id_order><![CDATA[793]]></id_order>
</order_invoice_payment>
<order_invoice_payment><id_order_invoice><![CDATA[752]]></id_order_invoice>
<id_order_payment><![CDATA[752]]></id_order_payment>
<id_order><![CDATA[794]]></id_order>
</order_invoice_payment>
<order_invoice_payment><id_order_invoice><![CDATA[753]]></id_order_invoice>
<id_order_payment><![CDATA[753]]></id_order_payment>
<id_order><![CDATA[795]]></id_order>
</order_invoice_payment>
<order_invoice_payment><id_order_invoice><![CDATA[754]]></id_order_invoice>
<id_order_payment><![CDATA[754]]></id_order_payment>
<id_order><![CDATA[796]]></id_order>
</order_invoice_payment>
<order_invoice_payment><id_order_invoice><![CDATA[755]]></id_order_invoice>
<id_order_payment><![CDATA[755]]></id_order_payment>
<id_order><![CDATA[797]]></id_order>
</order_invoice_payment>
<order_invoice_payment><id_order_invoice><![CDATA[756]]></id_order_invoice>
<id_order_payment><![CDATA[756]]></id_order_payment>
<id_order><![CDATA[798]]></id_order>
</order_invoice_payment>
<order_invoice_payment><id_order_invoice><![CDATA[757]]></id_order_invoice>
<id_order_payment><![CDATA[757]]></id_order_payment>
<id_order><![CDATA[799]]></id_order>
</order_invoice_payment>
<order_invoice_payment><id_order_invoice><![CDATA[758]]></id_order_invoice>
<id_order_payment><![CDATA[758]]></id_order_payment>
<id_order><![CDATA[800]]></id_order>
</order_invoice_payment>
<order_invoice_payment><id_order_invoice><![CDATA[759]]></id_order_invoice>
<id_order_payment><![CDATA[759]]></id_order_payment>
<id_order><![CDATA[801]]></id_order>
</order_invoice_payment>
<order_invoice_payment><id_order_invoice><![CDATA[760]]></id_order_invoice>
<id_order_payment><![CDATA[760]]></id_order_payment>
<id_order><![CDATA[802]]></id_order>
</order_invoice_payment>
<order_invoice_payment><id_order_invoice><![CDATA[761]]></id_order_invoice>
<id_order_payment><![CDATA[761]]></id_order_payment>
<id_order><![CDATA[803]]></id_order>
</order_invoice_payment>
<order_invoice_payment><id_order_invoice><![CDATA[762]]></id_order_invoice>
<id_order_payment><![CDATA[762]]></id_order_payment>
<id_order><![CDATA[804]]></id_order>
</order_invoice_payment>
<order_invoice_payment><id_order_invoice><![CDATA[763]]></id_order_invoice>
<id_order_payment><![CDATA[763]]></id_order_payment>
<id_order><![CDATA[805]]></id_order>
</order_invoice_payment>
<order_invoice_payment><id_order_invoice><![CDATA[764]]></id_order_invoice>
<id_order_payment><![CDATA[764]]></id_order_payment>
<id_order><![CDATA[806]]></id_order>
</order_invoice_payment>
<order_invoice_payment><id_order_invoice><![CDATA[765]]></id_order_invoice>
<id_order_payment><![CDATA[765]]></id_order_payment>
<id_order><![CDATA[807]]></id_order>
</order_invoice_payment>
<order_invoice_payment><id_order_invoice><![CDATA[766]]></id_order_invoice>
<id_order_payment><![CDATA[766]]></id_order_payment>
<id_order><![CDATA[808]]></id_order>
</order_invoice_payment>
<order_invoice_payment><id_order_invoice><![CDATA[767]]></id_order_invoice>
<id_order_payment><![CDATA[767]]></id_order_payment>
<id_order><![CDATA[809]]></id_order>
</order_invoice_payment>
<order_invoice_payment><id_order_invoice><![CDATA[768]]></id_order_invoice>
<id_order_payment><![CDATA[768]]></id_order_payment>
<id_order><![CDATA[810]]></id_order>
</order_invoice_payment>
<order_invoice_payment><id_order_invoice><![CDATA[769]]></id_order_invoice>
<id_order_payment><![CDATA[769]]></id_order_payment>
<id_order><![CDATA[811]]></id_order>
</order_invoice_payment>
<order_invoice_payment><id_order_invoice><![CDATA[770]]></id_order_invoice>
<id_order_payment><![CDATA[770]]></id_order_payment>
<id_order><![CDATA[812]]></id_order>
</order_invoice_payment>
<order_invoice_payment><id_order_invoice><![CDATA[771]]></id_order_invoice>
<id_order_payment><![CDATA[771]]></id_order_payment>
<id_order><![CDATA[813]]></id_order>
</order_invoice_payment>
<order_invoice_payment><id_order_invoice><![CDATA[772]]></id_order_invoice>
<id_order_payment><![CDATA[772]]></id_order_payment>
<id_order><![CDATA[814]]></id_order>
</order_invoice_payment>
<order_invoice_payment><id_order_invoice><![CDATA[773]]></id_order_invoice>
<id_order_payment><![CDATA[773]]></id_order_payment>
<id_order><![CDATA[815]]></id_order>
</order_invoice_payment>
<order_invoice_payment><id_order_invoice><![CDATA[774]]></id_order_invoice>
<id_order_payment><![CDATA[774]]></id_order_payment>
<id_order><![CDATA[816]]></id_order>
</order_invoice_payment>
<order_invoice_payment><id_order_invoice><![CDATA[775]]></id_order_invoice>
<id_order_payment><![CDATA[775]]></id_order_payment>
<id_order><![CDATA[817]]></id_order>
</order_invoice_payment>
<order_invoice_payment><id_order_invoice><![CDATA[776]]></id_order_invoice>
<id_order_payment><![CDATA[776]]></id_order_payment>
<id_order><![CDATA[818]]></id_order>
</order_invoice_payment>
<order_invoice_payment><id_order_invoice><![CDATA[777]]></id_order_invoice>
<id_order_payment><![CDATA[777]]></id_order_payment>
<id_order><![CDATA[819]]></id_order>
</order_invoice_payment>
<order_invoice_payment><id_order_invoice><![CDATA[778]]></id_order_invoice>
<id_order_payment><![CDATA[778]]></id_order_payment>
<id_order><![CDATA[820]]></id_order>
</order_invoice_payment>
<order_invoice_payment><id_order_invoice><![CDATA[779]]></id_order_invoice>
<id_order_payment><![CDATA[779]]></id_order_payment>
<id_order><![CDATA[823]]></id_order>
</order_invoice_payment>
<order_invoice_payment><id_order_invoice><![CDATA[780]]></id_order_invoice>
<id_order_payment><![CDATA[780]]></id_order_payment>
<id_order><![CDATA[824]]></id_order>
</order_invoice_payment>
<order_invoice_payment><id_order_invoice><![CDATA[781]]></id_order_invoice>
<id_order_payment><![CDATA[781]]></id_order_payment>
<id_order><![CDATA[825]]></id_order>
</order_invoice_payment>
<order_invoice_payment><id_order_invoice><![CDATA[782]]></id_order_invoice>
<id_order_payment><![CDATA[782]]></id_order_payment>
<id_order><![CDATA[826]]></id_order>
</order_invoice_payment>
<order_invoice_payment><id_order_invoice><![CDATA[783]]></id_order_invoice>
<id_order_payment><![CDATA[783]]></id_order_payment>
<id_order><![CDATA[827]]></id_order>
</order_invoice_payment>
<order_invoice_payment><id_order_invoice><![CDATA[784]]></id_order_invoice>
<id_order_payment><![CDATA[784]]></id_order_payment>
<id_order><![CDATA[828]]></id_order>
</order_invoice_payment>
<order_invoice_payment><id_order_invoice><![CDATA[785]]></id_order_invoice>
<id_order_payment><![CDATA[785]]></id_order_payment>
<id_order><![CDATA[829]]></id_order>
</order_invoice_payment>
<order_invoice_payment><id_order_invoice><![CDATA[786]]></id_order_invoice>
<id_order_payment><![CDATA[786]]></id_order_payment>
<id_order><![CDATA[830]]></id_order>
</order_invoice_payment>
<order_invoice_payment><id_order_invoice><![CDATA[787]]></id_order_invoice>
<id_order_payment><![CDATA[787]]></id_order_payment>
<id_order><![CDATA[831]]></id_order>
</order_invoice_payment>
<order_invoice_payment><id_order_invoice><![CDATA[788]]></id_order_invoice>
<id_order_payment><![CDATA[788]]></id_order_payment>
<id_order><![CDATA[832]]></id_order>
</order_invoice_payment>
<order_invoice_payment><id_order_invoice><![CDATA[789]]></id_order_invoice>
<id_order_payment><![CDATA[789]]></id_order_payment>
<id_order><![CDATA[833]]></id_order>
</order_invoice_payment>
<order_invoice_payment><id_order_invoice><![CDATA[790]]></id_order_invoice>
<id_order_payment><![CDATA[790]]></id_order_payment>
<id_order><![CDATA[835]]></id_order>
</order_invoice_payment>
<order_invoice_payment><id_order_invoice><![CDATA[791]]></id_order_invoice>
<id_order_payment><![CDATA[791]]></id_order_payment>
<id_order><![CDATA[836]]></id_order>
</order_invoice_payment>
<order_invoice_payment><id_order_invoice><![CDATA[792]]></id_order_invoice>
<id_order_payment><![CDATA[792]]></id_order_payment>
<id_order><![CDATA[837]]></id_order>
</order_invoice_payment>
<order_invoice_payment><id_order_invoice><![CDATA[793]]></id_order_invoice>
<id_order_payment><![CDATA[793]]></id_order_payment>
<id_order><![CDATA[838]]></id_order>
</order_invoice_payment>
<order_invoice_payment><id_order_invoice><![CDATA[794]]></id_order_invoice>
<id_order_payment><![CDATA[794]]></id_order_payment>
<id_order><![CDATA[840]]></id_order>
</order_invoice_payment>
<order_invoice_payment><id_order_invoice><![CDATA[795]]></id_order_invoice>
<id_order_payment><![CDATA[795]]></id_order_payment>
<id_order><![CDATA[841]]></id_order>
</order_invoice_payment>
<order_invoice_payment><id_order_invoice><![CDATA[796]]></id_order_invoice>
<id_order_payment><![CDATA[796]]></id_order_payment>
<id_order><![CDATA[842]]></id_order>
</order_invoice_payment>
<order_invoice_payment><id_order_invoice><![CDATA[797]]></id_order_invoice>
<id_order_payment><![CDATA[797]]></id_order_payment>
<id_order><![CDATA[843]]></id_order>
</order_invoice_payment>
<order_invoice_payment><id_order_invoice><![CDATA[798]]></id_order_invoice>
<id_order_payment><![CDATA[798]]></id_order_payment>
<id_order><![CDATA[844]]></id_order>
</order_invoice_payment>
<order_invoice_payment><id_order_invoice><![CDATA[799]]></id_order_invoice>
<id_order_payment><![CDATA[799]]></id_order_payment>
<id_order><![CDATA[845]]></id_order>
</order_invoice_payment>
<order_invoice_payment><id_order_invoice><![CDATA[800]]></id_order_invoice>
<id_order_payment><![CDATA[800]]></id_order_payment>
<id_order><![CDATA[846]]></id_order>
</order_invoice_payment>
<order_invoice_payment><id_order_invoice><![CDATA[801]]></id_order_invoice>
<id_order_payment><![CDATA[801]]></id_order_payment>
<id_order><![CDATA[847]]></id_order>
</order_invoice_payment>
<order_invoice_payment><id_order_invoice><![CDATA[802]]></id_order_invoice>
<id_order_payment><![CDATA[802]]></id_order_payment>
<id_order><![CDATA[848]]></id_order>
</order_invoice_payment>
<order_invoice_payment><id_order_invoice><![CDATA[803]]></id_order_invoice>
<id_order_payment><![CDATA[803]]></id_order_payment>
<id_order><![CDATA[851]]></id_order>
</order_invoice_payment>
<order_invoice_payment><id_order_invoice><![CDATA[804]]></id_order_invoice>
<id_order_payment><![CDATA[804]]></id_order_payment>
<id_order><![CDATA[852]]></id_order>
</order_invoice_payment>
<order_invoice_payment><id_order_invoice><![CDATA[805]]></id_order_invoice>
<id_order_payment><![CDATA[805]]></id_order_payment>
<id_order><![CDATA[853]]></id_order>
</order_invoice_payment>
<order_invoice_payment><id_order_invoice><![CDATA[806]]></id_order_invoice>
<id_order_payment><![CDATA[806]]></id_order_payment>
<id_order><![CDATA[854]]></id_order>
</order_invoice_payment>
<order_invoice_payment><id_order_invoice><![CDATA[807]]></id_order_invoice>
<id_order_payment><![CDATA[807]]></id_order_payment>
<id_order><![CDATA[855]]></id_order>
</order_invoice_payment>
<order_invoice_payment><id_order_invoice><![CDATA[808]]></id_order_invoice>
<id_order_payment><![CDATA[808]]></id_order_payment>
<id_order><![CDATA[856]]></id_order>
</order_invoice_payment>
<order_invoice_payment><id_order_invoice><![CDATA[809]]></id_order_invoice>
<id_order_payment><![CDATA[809]]></id_order_payment>
<id_order><![CDATA[857]]></id_order>
</order_invoice_payment>
<order_invoice_payment><id_order_invoice><![CDATA[810]]></id_order_invoice>
<id_order_payment><![CDATA[810]]></id_order_payment>
<id_order><![CDATA[858]]></id_order>
</order_invoice_payment>
<order_invoice_payment><id_order_invoice><![CDATA[811]]></id_order_invoice>
<id_order_payment><![CDATA[811]]></id_order_payment>
<id_order><![CDATA[859]]></id_order>
</order_invoice_payment>
<order_invoice_payment><id_order_invoice><![CDATA[812]]></id_order_invoice>
<id_order_payment><![CDATA[812]]></id_order_payment>
<id_order><![CDATA[860]]></id_order>
</order_invoice_payment>
<order_invoice_payment><id_order_invoice><![CDATA[813]]></id_order_invoice>
<id_order_payment><![CDATA[813]]></id_order_payment>
<id_order><![CDATA[861]]></id_order>
</order_invoice_payment>
<order_invoice_payment><id_order_invoice><![CDATA[814]]></id_order_invoice>
<id_order_payment><![CDATA[814]]></id_order_payment>
<id_order><![CDATA[862]]></id_order>
</order_invoice_payment>
<order_invoice_payment><id_order_invoice><![CDATA[815]]></id_order_invoice>
<id_order_payment><![CDATA[815]]></id_order_payment>
<id_order><![CDATA[863]]></id_order>
</order_invoice_payment>
<order_invoice_payment><id_order_invoice><![CDATA[816]]></id_order_invoice>
<id_order_payment><![CDATA[816]]></id_order_payment>
<id_order><![CDATA[864]]></id_order>
</order_invoice_payment>
<order_invoice_payment><id_order_invoice><![CDATA[817]]></id_order_invoice>
<id_order_payment><![CDATA[817]]></id_order_payment>
<id_order><![CDATA[865]]></id_order>
</order_invoice_payment>
<order_invoice_payment><id_order_invoice><![CDATA[818]]></id_order_invoice>
<id_order_payment><![CDATA[818]]></id_order_payment>
<id_order><![CDATA[866]]></id_order>
</order_invoice_payment>
<order_invoice_payment><id_order_invoice><![CDATA[819]]></id_order_invoice>
<id_order_payment><![CDATA[819]]></id_order_payment>
<id_order><![CDATA[867]]></id_order>
</order_invoice_payment>
<order_invoice_payment><id_order_invoice><![CDATA[820]]></id_order_invoice>
<id_order_payment><![CDATA[820]]></id_order_payment>
<id_order><![CDATA[868]]></id_order>
</order_invoice_payment>
<order_invoice_payment><id_order_invoice><![CDATA[821]]></id_order_invoice>
<id_order_payment><![CDATA[821]]></id_order_payment>
<id_order><![CDATA[869]]></id_order>
</order_invoice_payment>
<order_invoice_payment><id_order_invoice><![CDATA[822]]></id_order_invoice>
<id_order_payment><![CDATA[822]]></id_order_payment>
<id_order><![CDATA[870]]></id_order>
</order_invoice_payment>
<order_invoice_payment><id_order_invoice><![CDATA[823]]></id_order_invoice>
<id_order_payment><![CDATA[823]]></id_order_payment>
<id_order><![CDATA[871]]></id_order>
</order_invoice_payment>
<order_invoice_payment><id_order_invoice><![CDATA[824]]></id_order_invoice>
<id_order_payment><![CDATA[824]]></id_order_payment>
<id_order><![CDATA[872]]></id_order>
</order_invoice_payment>
<order_invoice_payment><id_order_invoice><![CDATA[825]]></id_order_invoice>
<id_order_payment><![CDATA[825]]></id_order_payment>
<id_order><![CDATA[876]]></id_order>
</order_invoice_payment>
<order_invoice_payment><id_order_invoice><![CDATA[826]]></id_order_invoice>
<id_order_payment><![CDATA[826]]></id_order_payment>
<id_order><![CDATA[878]]></id_order>
</order_invoice_payment>
<order_invoice_payment><id_order_invoice><![CDATA[827]]></id_order_invoice>
<id_order_payment><![CDATA[827]]></id_order_payment>
<id_order><![CDATA[879]]></id_order>
</order_invoice_payment>
<order_invoice_payment><id_order_invoice><![CDATA[828]]></id_order_invoice>
<id_order_payment><![CDATA[828]]></id_order_payment>
<id_order><![CDATA[880]]></id_order>
</order_invoice_payment>
<order_invoice_payment><id_order_invoice><![CDATA[829]]></id_order_invoice>
<id_order_payment><![CDATA[829]]></id_order_payment>
<id_order><![CDATA[881]]></id_order>
</order_invoice_payment>
<order_invoice_payment><id_order_invoice><![CDATA[830]]></id_order_invoice>
<id_order_payment><![CDATA[830]]></id_order_payment>
<id_order><![CDATA[882]]></id_order>
</order_invoice_payment>
<order_invoice_payment><id_order_invoice><![CDATA[831]]></id_order_invoice>
<id_order_payment><![CDATA[831]]></id_order_payment>
<id_order><![CDATA[883]]></id_order>
</order_invoice_payment>
<order_invoice_payment><id_order_invoice><![CDATA[832]]></id_order_invoice>
<id_order_payment><![CDATA[832]]></id_order_payment>
<id_order><![CDATA[884]]></id_order>
</order_invoice_payment>
<order_invoice_payment><id_order_invoice><![CDATA[833]]></id_order_invoice>
<id_order_payment><![CDATA[833]]></id_order_payment>
<id_order><![CDATA[886]]></id_order>
</order_invoice_payment>
<order_invoice_payment><id_order_invoice><![CDATA[834]]></id_order_invoice>
<id_order_payment><![CDATA[834]]></id_order_payment>
<id_order><![CDATA[887]]></id_order>
</order_invoice_payment>
<order_invoice_payment><id_order_invoice><![CDATA[835]]></id_order_invoice>
<id_order_payment><![CDATA[835]]></id_order_payment>
<id_order><![CDATA[888]]></id_order>
</order_invoice_payment>
<order_invoice_payment><id_order_invoice><![CDATA[836]]></id_order_invoice>
<id_order_payment><![CDATA[836]]></id_order_payment>
<id_order><![CDATA[889]]></id_order>
</order_invoice_payment>
<order_invoice_payment><id_order_invoice><![CDATA[837]]></id_order_invoice>
<id_order_payment><![CDATA[837]]></id_order_payment>
<id_order><![CDATA[890]]></id_order>
</order_invoice_payment>
<order_invoice_payment><id_order_invoice><![CDATA[838]]></id_order_invoice>
<id_order_payment><![CDATA[838]]></id_order_payment>
<id_order><![CDATA[891]]></id_order>
</order_invoice_payment>
<order_invoice_payment><id_order_invoice><![CDATA[839]]></id_order_invoice>
<id_order_payment><![CDATA[839]]></id_order_payment>
<id_order><![CDATA[892]]></id_order>
</order_invoice_payment>
<order_invoice_payment><id_order_invoice><![CDATA[840]]></id_order_invoice>
<id_order_payment><![CDATA[840]]></id_order_payment>
<id_order><![CDATA[894]]></id_order>
</order_invoice_payment>
<order_invoice_payment><id_order_invoice><![CDATA[841]]></id_order_invoice>
<id_order_payment><![CDATA[841]]></id_order_payment>
<id_order><![CDATA[895]]></id_order>
</order_invoice_payment>
<order_invoice_payment><id_order_invoice><![CDATA[842]]></id_order_invoice>
<id_order_payment><![CDATA[842]]></id_order_payment>
<id_order><![CDATA[897]]></id_order>
</order_invoice_payment>
<order_invoice_payment><id_order_invoice><![CDATA[843]]></id_order_invoice>
<id_order_payment><![CDATA[843]]></id_order_payment>
<id_order><![CDATA[898]]></id_order>
</order_invoice_payment>
<order_invoice_payment><id_order_invoice><![CDATA[844]]></id_order_invoice>
<id_order_payment><![CDATA[844]]></id_order_payment>
<id_order><![CDATA[899]]></id_order>
</order_invoice_payment>
<order_invoice_payment><id_order_invoice><![CDATA[845]]></id_order_invoice>
<id_order_payment><![CDATA[845]]></id_order_payment>
<id_order><![CDATA[900]]></id_order>
</order_invoice_payment>
<order_invoice_payment><id_order_invoice><![CDATA[846]]></id_order_invoice>
<id_order_payment><![CDATA[846]]></id_order_payment>
<id_order><![CDATA[901]]></id_order>
</order_invoice_payment>
<order_invoice_payment><id_order_invoice><![CDATA[847]]></id_order_invoice>
<id_order_payment><![CDATA[847]]></id_order_payment>
<id_order><![CDATA[902]]></id_order>
</order_invoice_payment>
<order_invoice_payment><id_order_invoice><![CDATA[848]]></id_order_invoice>
<id_order_payment><![CDATA[848]]></id_order_payment>
<id_order><![CDATA[904]]></id_order>
</order_invoice_payment>
<order_invoice_payment><id_order_invoice><![CDATA[849]]></id_order_invoice>
<id_order_payment><![CDATA[849]]></id_order_payment>
<id_order><![CDATA[908]]></id_order>
</order_invoice_payment>
<order_invoice_payment><id_order_invoice><![CDATA[850]]></id_order_invoice>
<id_order_payment><![CDATA[850]]></id_order_payment>
<id_order><![CDATA[909]]></id_order>
</order_invoice_payment>
<order_invoice_payment><id_order_invoice><![CDATA[851]]></id_order_invoice>
<id_order_payment><![CDATA[851]]></id_order_payment>
<id_order><![CDATA[910]]></id_order>
</order_invoice_payment>
<order_invoice_payment><id_order_invoice><![CDATA[852]]></id_order_invoice>
<id_order_payment><![CDATA[852]]></id_order_payment>
<id_order><![CDATA[911]]></id_order>
</order_invoice_payment>
<order_invoice_payment><id_order_invoice><![CDATA[853]]></id_order_invoice>
<id_order_payment><![CDATA[853]]></id_order_payment>
<id_order><![CDATA[912]]></id_order>
</order_invoice_payment>
<order_invoice_payment><id_order_invoice><![CDATA[854]]></id_order_invoice>
<id_order_payment><![CDATA[854]]></id_order_payment>
<id_order><![CDATA[914]]></id_order>
</order_invoice_payment>
<order_invoice_payment><id_order_invoice><![CDATA[855]]></id_order_invoice>
<id_order_payment><![CDATA[855]]></id_order_payment>
<id_order><![CDATA[915]]></id_order>
</order_invoice_payment>
<order_invoice_payment><id_order_invoice><![CDATA[856]]></id_order_invoice>
<id_order_payment><![CDATA[856]]></id_order_payment>
<id_order><![CDATA[916]]></id_order>
</order_invoice_payment>
<order_invoice_payment><id_order_invoice><![CDATA[857]]></id_order_invoice>
<id_order_payment><![CDATA[857]]></id_order_payment>
<id_order><![CDATA[917]]></id_order>
</order_invoice_payment>
<order_invoice_payment><id_order_invoice><![CDATA[858]]></id_order_invoice>
<id_order_payment><![CDATA[858]]></id_order_payment>
<id_order><![CDATA[918]]></id_order>
</order_invoice_payment>
<order_invoice_payment><id_order_invoice><![CDATA[859]]></id_order_invoice>
<id_order_payment><![CDATA[859]]></id_order_payment>
<id_order><![CDATA[919]]></id_order>
</order_invoice_payment>
<order_invoice_payment><id_order_invoice><![CDATA[860]]></id_order_invoice>
<id_order_payment><![CDATA[860]]></id_order_payment>
<id_order><![CDATA[920]]></id_order>
</order_invoice_payment>
<order_invoice_payment><id_order_invoice><![CDATA[861]]></id_order_invoice>
<id_order_payment><![CDATA[861]]></id_order_payment>
<id_order><![CDATA[921]]></id_order>
</order_invoice_payment>
<order_invoice_payment><id_order_invoice><![CDATA[862]]></id_order_invoice>
<id_order_payment><![CDATA[862]]></id_order_payment>
<id_order><![CDATA[922]]></id_order>
</order_invoice_payment>
<order_invoice_payment><id_order_invoice><![CDATA[863]]></id_order_invoice>
<id_order_payment><![CDATA[863]]></id_order_payment>
<id_order><![CDATA[923]]></id_order>
</order_invoice_payment>
<order_invoice_payment><id_order_invoice><![CDATA[864]]></id_order_invoice>
<id_order_payment><![CDATA[864]]></id_order_payment>
<id_order><![CDATA[924]]></id_order>
</order_invoice_payment>
<order_invoice_payment><id_order_invoice><![CDATA[865]]></id_order_invoice>
<id_order_payment><![CDATA[865]]></id_order_payment>
<id_order><![CDATA[925]]></id_order>
</order_invoice_payment>
<order_invoice_payment><id_order_invoice><![CDATA[866]]></id_order_invoice>
<id_order_payment><![CDATA[866]]></id_order_payment>
<id_order><![CDATA[927]]></id_order>
</order_invoice_payment>
<order_invoice_payment><id_order_invoice><![CDATA[867]]></id_order_invoice>
<id_order_payment><![CDATA[867]]></id_order_payment>
<id_order><![CDATA[928]]></id_order>
</order_invoice_payment>
<order_invoice_payment><id_order_invoice><![CDATA[868]]></id_order_invoice>
<id_order_payment><![CDATA[868]]></id_order_payment>
<id_order><![CDATA[929]]></id_order>
</order_invoice_payment>
<order_invoice_payment><id_order_invoice><![CDATA[869]]></id_order_invoice>
<id_order_payment><![CDATA[869]]></id_order_payment>
<id_order><![CDATA[930]]></id_order>
</order_invoice_payment>
<order_invoice_payment><id_order_invoice><![CDATA[870]]></id_order_invoice>
<id_order_payment><![CDATA[870]]></id_order_payment>
<id_order><![CDATA[931]]></id_order>
</order_invoice_payment>
<order_invoice_payment><id_order_invoice><![CDATA[871]]></id_order_invoice>
<id_order_payment><![CDATA[871]]></id_order_payment>
<id_order><![CDATA[932]]></id_order>
</order_invoice_payment>
<order_invoice_payment><id_order_invoice><![CDATA[872]]></id_order_invoice>
<id_order_payment><![CDATA[872]]></id_order_payment>
<id_order><![CDATA[933]]></id_order>
</order_invoice_payment>
<order_invoice_payment><id_order_invoice><![CDATA[873]]></id_order_invoice>
<id_order_payment><![CDATA[873]]></id_order_payment>
<id_order><![CDATA[934]]></id_order>
</order_invoice_payment>
<order_invoice_payment><id_order_invoice><![CDATA[874]]></id_order_invoice>
<id_order_payment><![CDATA[874]]></id_order_payment>
<id_order><![CDATA[935]]></id_order>
</order_invoice_payment>
<order_invoice_payment><id_order_invoice><![CDATA[875]]></id_order_invoice>
<id_order_payment><![CDATA[875]]></id_order_payment>
<id_order><![CDATA[936]]></id_order>
</order_invoice_payment>
<order_invoice_payment><id_order_invoice><![CDATA[876]]></id_order_invoice>
<id_order_payment><![CDATA[876]]></id_order_payment>
<id_order><![CDATA[937]]></id_order>
</order_invoice_payment>
<order_invoice_payment><id_order_invoice><![CDATA[877]]></id_order_invoice>
<id_order_payment><![CDATA[877]]></id_order_payment>
<id_order><![CDATA[938]]></id_order>
</order_invoice_payment>
<order_invoice_payment><id_order_invoice><![CDATA[878]]></id_order_invoice>
<id_order_payment><![CDATA[878]]></id_order_payment>
<id_order><![CDATA[939]]></id_order>
</order_invoice_payment>
<order_invoice_payment><id_order_invoice><![CDATA[879]]></id_order_invoice>
<id_order_payment><![CDATA[879]]></id_order_payment>
<id_order><![CDATA[940]]></id_order>
</order_invoice_payment>
<order_invoice_payment><id_order_invoice><![CDATA[880]]></id_order_invoice>
<id_order_payment><![CDATA[880]]></id_order_payment>
<id_order><![CDATA[941]]></id_order>
</order_invoice_payment>
<order_invoice_payment><id_order_invoice><![CDATA[881]]></id_order_invoice>
<id_order_payment><![CDATA[881]]></id_order_payment>
<id_order><![CDATA[942]]></id_order>
</order_invoice_payment>
<order_invoice_payment><id_order_invoice><![CDATA[882]]></id_order_invoice>
<id_order_payment><![CDATA[882]]></id_order_payment>
<id_order><![CDATA[943]]></id_order>
</order_invoice_payment>
<order_invoice_payment><id_order_invoice><![CDATA[883]]></id_order_invoice>
<id_order_payment><![CDATA[883]]></id_order_payment>
<id_order><![CDATA[944]]></id_order>
</order_invoice_payment>
<order_invoice_payment><id_order_invoice><![CDATA[884]]></id_order_invoice>
<id_order_payment><![CDATA[884]]></id_order_payment>
<id_order><![CDATA[945]]></id_order>
</order_invoice_payment>
<order_invoice_payment><id_order_invoice><![CDATA[885]]></id_order_invoice>
<id_order_payment><![CDATA[885]]></id_order_payment>
<id_order><![CDATA[946]]></id_order>
</order_invoice_payment>
<order_invoice_payment><id_order_invoice><![CDATA[886]]></id_order_invoice>
<id_order_payment><![CDATA[886]]></id_order_payment>
<id_order><![CDATA[947]]></id_order>
</order_invoice_payment>
<order_invoice_payment><id_order_invoice><![CDATA[887]]></id_order_invoice>
<id_order_payment><![CDATA[887]]></id_order_payment>
<id_order><![CDATA[948]]></id_order>
</order_invoice_payment>
<order_invoice_payment><id_order_invoice><![CDATA[888]]></id_order_invoice>
<id_order_payment><![CDATA[888]]></id_order_payment>
<id_order><![CDATA[949]]></id_order>
</order_invoice_payment>
<order_invoice_payment><id_order_invoice><![CDATA[889]]></id_order_invoice>
<id_order_payment><![CDATA[889]]></id_order_payment>
<id_order><![CDATA[950]]></id_order>
</order_invoice_payment>
<order_invoice_payment><id_order_invoice><![CDATA[890]]></id_order_invoice>
<id_order_payment><![CDATA[890]]></id_order_payment>
<id_order><![CDATA[951]]></id_order>
</order_invoice_payment>
<order_invoice_payment><id_order_invoice><![CDATA[891]]></id_order_invoice>
<id_order_payment><![CDATA[891]]></id_order_payment>
<id_order><![CDATA[953]]></id_order>
</order_invoice_payment>
<order_invoice_payment><id_order_invoice><![CDATA[892]]></id_order_invoice>
<id_order_payment><![CDATA[892]]></id_order_payment>
<id_order><![CDATA[954]]></id_order>
</order_invoice_payment>
<order_invoice_payment><id_order_invoice><![CDATA[893]]></id_order_invoice>
<id_order_payment><![CDATA[893]]></id_order_payment>
<id_order><![CDATA[955]]></id_order>
</order_invoice_payment>
<order_invoice_payment><id_order_invoice><![CDATA[894]]></id_order_invoice>
<id_order_payment><![CDATA[894]]></id_order_payment>
<id_order><![CDATA[956]]></id_order>
</order_invoice_payment>
<order_invoice_payment><id_order_invoice><![CDATA[895]]></id_order_invoice>
<id_order_payment><![CDATA[895]]></id_order_payment>
<id_order><![CDATA[958]]></id_order>
</order_invoice_payment>
<order_invoice_payment><id_order_invoice><![CDATA[896]]></id_order_invoice>
<id_order_payment><![CDATA[896]]></id_order_payment>
<id_order><![CDATA[959]]></id_order>
</order_invoice_payment>
<order_invoice_payment><id_order_invoice><![CDATA[897]]></id_order_invoice>
<id_order_payment><![CDATA[897]]></id_order_payment>
<id_order><![CDATA[960]]></id_order>
</order_invoice_payment>
<order_invoice_payment><id_order_invoice><![CDATA[898]]></id_order_invoice>
<id_order_payment><![CDATA[898]]></id_order_payment>
<id_order><![CDATA[961]]></id_order>
</order_invoice_payment>
<order_invoice_payment><id_order_invoice><![CDATA[899]]></id_order_invoice>
<id_order_payment><![CDATA[899]]></id_order_payment>
<id_order><![CDATA[962]]></id_order>
</order_invoice_payment>
<order_invoice_payment><id_order_invoice><![CDATA[900]]></id_order_invoice>
<id_order_payment><![CDATA[900]]></id_order_payment>
<id_order><![CDATA[963]]></id_order>
</order_invoice_payment>
<order_invoice_payment><id_order_invoice><![CDATA[901]]></id_order_invoice>
<id_order_payment><![CDATA[901]]></id_order_payment>
<id_order><![CDATA[964]]></id_order>
</order_invoice_payment>
<order_invoice_payment><id_order_invoice><![CDATA[902]]></id_order_invoice>
<id_order_payment><![CDATA[902]]></id_order_payment>
<id_order><![CDATA[965]]></id_order>
</order_invoice_payment>
<order_invoice_payment><id_order_invoice><![CDATA[903]]></id_order_invoice>
<id_order_payment><![CDATA[903]]></id_order_payment>
<id_order><![CDATA[966]]></id_order>
</order_invoice_payment>
<order_invoice_payment><id_order_invoice><![CDATA[904]]></id_order_invoice>
<id_order_payment><![CDATA[904]]></id_order_payment>
<id_order><![CDATA[967]]></id_order>
</order_invoice_payment>
<order_invoice_payment><id_order_invoice><![CDATA[905]]></id_order_invoice>
<id_order_payment><![CDATA[905]]></id_order_payment>
<id_order><![CDATA[968]]></id_order>
</order_invoice_payment>
<order_invoice_payment><id_order_invoice><![CDATA[906]]></id_order_invoice>
<id_order_payment><![CDATA[906]]></id_order_payment>
<id_order><![CDATA[969]]></id_order>
</order_invoice_payment>
<order_invoice_payment><id_order_invoice><![CDATA[907]]></id_order_invoice>
<id_order_payment><![CDATA[907]]></id_order_payment>
<id_order><![CDATA[970]]></id_order>
</order_invoice_payment>
<order_invoice_payment><id_order_invoice><![CDATA[908]]></id_order_invoice>
<id_order_payment><![CDATA[908]]></id_order_payment>
<id_order><![CDATA[971]]></id_order>
</order_invoice_payment>
<order_invoice_payment><id_order_invoice><![CDATA[909]]></id_order_invoice>
<id_order_payment><![CDATA[909]]></id_order_payment>
<id_order><![CDATA[972]]></id_order>
</order_invoice_payment>
<order_invoice_payment><id_order_invoice><![CDATA[910]]></id_order_invoice>
<id_order_payment><![CDATA[910]]></id_order_payment>
<id_order><![CDATA[973]]></id_order>
</order_invoice_payment>
<order_invoice_payment><id_order_invoice><![CDATA[911]]></id_order_invoice>
<id_order_payment><![CDATA[911]]></id_order_payment>
<id_order><![CDATA[974]]></id_order>
</order_invoice_payment>
<order_invoice_payment><id_order_invoice><![CDATA[912]]></id_order_invoice>
<id_order_payment><![CDATA[912]]></id_order_payment>
<id_order><![CDATA[975]]></id_order>
</order_invoice_payment>
<order_invoice_payment><id_order_invoice><![CDATA[913]]></id_order_invoice>
<id_order_payment><![CDATA[913]]></id_order_payment>
<id_order><![CDATA[976]]></id_order>
</order_invoice_payment>
<order_invoice_payment><id_order_invoice><![CDATA[914]]></id_order_invoice>
<id_order_payment><![CDATA[914]]></id_order_payment>
<id_order><![CDATA[977]]></id_order>
</order_invoice_payment>
<order_invoice_payment><id_order_invoice><![CDATA[915]]></id_order_invoice>
<id_order_payment><![CDATA[915]]></id_order_payment>
<id_order><![CDATA[979]]></id_order>
</order_invoice_payment>
<order_invoice_payment><id_order_invoice><![CDATA[916]]></id_order_invoice>
<id_order_payment><![CDATA[916]]></id_order_payment>
<id_order><![CDATA[980]]></id_order>
</order_invoice_payment>
<order_invoice_payment><id_order_invoice><![CDATA[917]]></id_order_invoice>
<id_order_payment><![CDATA[917]]></id_order_payment>
<id_order><![CDATA[982]]></id_order>
</order_invoice_payment>
<order_invoice_payment><id_order_invoice><![CDATA[918]]></id_order_invoice>
<id_order_payment><![CDATA[918]]></id_order_payment>
<id_order><![CDATA[983]]></id_order>
</order_invoice_payment>
<order_invoice_payment><id_order_invoice><![CDATA[919]]></id_order_invoice>
<id_order_payment><![CDATA[919]]></id_order_payment>
<id_order><![CDATA[984]]></id_order>
</order_invoice_payment>
<order_invoice_payment><id_order_invoice><![CDATA[920]]></id_order_invoice>
<id_order_payment><![CDATA[920]]></id_order_payment>
<id_order><![CDATA[985]]></id_order>
</order_invoice_payment>
<order_invoice_payment><id_order_invoice><![CDATA[921]]></id_order_invoice>
<id_order_payment><![CDATA[921]]></id_order_payment>
<id_order><![CDATA[986]]></id_order>
</order_invoice_payment>
<order_invoice_payment><id_order_invoice><![CDATA[922]]></id_order_invoice>
<id_order_payment><![CDATA[922]]></id_order_payment>
<id_order><![CDATA[987]]></id_order>
</order_invoice_payment>
<order_invoice_payment><id_order_invoice><![CDATA[923]]></id_order_invoice>
<id_order_payment><![CDATA[923]]></id_order_payment>
<id_order><![CDATA[988]]></id_order>
</order_invoice_payment>
<order_invoice_payment><id_order_invoice><![CDATA[924]]></id_order_invoice>
<id_order_payment><![CDATA[924]]></id_order_payment>
<id_order><![CDATA[989]]></id_order>
</order_invoice_payment>
<order_invoice_payment><id_order_invoice><![CDATA[925]]></id_order_invoice>
<id_order_payment><![CDATA[925]]></id_order_payment>
<id_order><![CDATA[990]]></id_order>
</order_invoice_payment>
<order_invoice_payment><id_order_invoice><![CDATA[926]]></id_order_invoice>
<id_order_payment><![CDATA[926]]></id_order_payment>
<id_order><![CDATA[993]]></id_order>
</order_invoice_payment>
<order_invoice_payment><id_order_invoice><![CDATA[927]]></id_order_invoice>
<id_order_payment><![CDATA[927]]></id_order_payment>
<id_order><![CDATA[995]]></id_order>
</order_invoice_payment>
<order_invoice_payment><id_order_invoice><![CDATA[928]]></id_order_invoice>
<id_order_payment><![CDATA[928]]></id_order_payment>
<id_order><![CDATA[996]]></id_order>
</order_invoice_payment>
<order_invoice_payment><id_order_invoice><![CDATA[929]]></id_order_invoice>
<id_order_payment><![CDATA[929]]></id_order_payment>
<id_order><![CDATA[997]]></id_order>
</order_invoice_payment>
<order_invoice_payment><id_order_invoice><![CDATA[930]]></id_order_invoice>
<id_order_payment><![CDATA[930]]></id_order_payment>
<id_order><![CDATA[999]]></id_order>
</order_invoice_payment>
<order_invoice_payment><id_order_invoice><![CDATA[931]]></id_order_invoice>
<id_order_payment><![CDATA[931]]></id_order_payment>
<id_order><![CDATA[1000]]></id_order>
</order_invoice_payment>
<order_invoice_payment><id_order_invoice><![CDATA[932]]></id_order_invoice>
<id_order_payment><![CDATA[932]]></id_order_payment>
<id_order><![CDATA[1001]]></id_order>
</order_invoice_payment>
<order_invoice_payment><id_order_invoice><![CDATA[933]]></id_order_invoice>
<id_order_payment><![CDATA[933]]></id_order_payment>
<id_order><![CDATA[1002]]></id_order>
</order_invoice_payment>
<order_invoice_payment><id_order_invoice><![CDATA[934]]></id_order_invoice>
<id_order_payment><![CDATA[934]]></id_order_payment>
<id_order><![CDATA[1003]]></id_order>
</order_invoice_payment>
<order_invoice_payment><id_order_invoice><![CDATA[935]]></id_order_invoice>
<id_order_payment><![CDATA[935]]></id_order_payment>
<id_order><![CDATA[1004]]></id_order>
</order_invoice_payment>
<order_invoice_payment><id_order_invoice><![CDATA[936]]></id_order_invoice>
<id_order_payment><![CDATA[936]]></id_order_payment>
<id_order><![CDATA[1005]]></id_order>
</order_invoice_payment>
<order_invoice_payment><id_order_invoice><![CDATA[937]]></id_order_invoice>
<id_order_payment><![CDATA[937]]></id_order_payment>
<id_order><![CDATA[1006]]></id_order>
</order_invoice_payment>
<order_invoice_payment><id_order_invoice><![CDATA[938]]></id_order_invoice>
<id_order_payment><![CDATA[938]]></id_order_payment>
<id_order><![CDATA[1007]]></id_order>
</order_invoice_payment>
<order_invoice_payment><id_order_invoice><![CDATA[939]]></id_order_invoice>
<id_order_payment><![CDATA[939]]></id_order_payment>
<id_order><![CDATA[1008]]></id_order>
</order_invoice_payment>
<order_invoice_payment><id_order_invoice><![CDATA[940]]></id_order_invoice>
<id_order_payment><![CDATA[940]]></id_order_payment>
<id_order><![CDATA[1009]]></id_order>
</order_invoice_payment>
<order_invoice_payment><id_order_invoice><![CDATA[941]]></id_order_invoice>
<id_order_payment><![CDATA[941]]></id_order_payment>
<id_order><![CDATA[1010]]></id_order>
</order_invoice_payment>
<order_invoice_payment><id_order_invoice><![CDATA[942]]></id_order_invoice>
<id_order_payment><![CDATA[942]]></id_order_payment>
<id_order><![CDATA[1011]]></id_order>
</order_invoice_payment>
<order_invoice_payment><id_order_invoice><![CDATA[943]]></id_order_invoice>
<id_order_payment><![CDATA[943]]></id_order_payment>
<id_order><![CDATA[1013]]></id_order>
</order_invoice_payment>
<order_invoice_payment><id_order_invoice><![CDATA[944]]></id_order_invoice>
<id_order_payment><![CDATA[944]]></id_order_payment>
<id_order><![CDATA[1014]]></id_order>
</order_invoice_payment>
<order_invoice_payment><id_order_invoice><![CDATA[945]]></id_order_invoice>
<id_order_payment><![CDATA[945]]></id_order_payment>
<id_order><![CDATA[1015]]></id_order>
</order_invoice_payment>
<order_invoice_payment><id_order_invoice><![CDATA[946]]></id_order_invoice>
<id_order_payment><![CDATA[946]]></id_order_payment>
<id_order><![CDATA[1016]]></id_order>
</order_invoice_payment>
<order_invoice_payment><id_order_invoice><![CDATA[947]]></id_order_invoice>
<id_order_payment><![CDATA[947]]></id_order_payment>
<id_order><![CDATA[1018]]></id_order>
</order_invoice_payment>
<order_invoice_payment><id_order_invoice><![CDATA[948]]></id_order_invoice>
<id_order_payment><![CDATA[948]]></id_order_payment>
<id_order><![CDATA[1019]]></id_order>
</order_invoice_payment>
<order_invoice_payment><id_order_invoice><![CDATA[949]]></id_order_invoice>
<id_order_payment><![CDATA[949]]></id_order_payment>
<id_order><![CDATA[1020]]></id_order>
</order_invoice_payment>
<order_invoice_payment><id_order_invoice><![CDATA[950]]></id_order_invoice>
<id_order_payment><![CDATA[950]]></id_order_payment>
<id_order><![CDATA[1021]]></id_order>
</order_invoice_payment>
<order_invoice_payment><id_order_invoice><![CDATA[951]]></id_order_invoice>
<id_order_payment><![CDATA[951]]></id_order_payment>
<id_order><![CDATA[1022]]></id_order>
</order_invoice_payment>
<order_invoice_payment><id_order_invoice><![CDATA[952]]></id_order_invoice>
<id_order_payment><![CDATA[952]]></id_order_payment>
<id_order><![CDATA[1023]]></id_order>
</order_invoice_payment>
<order_invoice_payment><id_order_invoice><![CDATA[953]]></id_order_invoice>
<id_order_payment><![CDATA[953]]></id_order_payment>
<id_order><![CDATA[1024]]></id_order>
</order_invoice_payment>
<order_invoice_payment><id_order_invoice><![CDATA[954]]></id_order_invoice>
<id_order_payment><![CDATA[954]]></id_order_payment>
<id_order><![CDATA[1025]]></id_order>
</order_invoice_payment>
<order_invoice_payment><id_order_invoice><![CDATA[955]]></id_order_invoice>
<id_order_payment><![CDATA[955]]></id_order_payment>
<id_order><![CDATA[1026]]></id_order>
</order_invoice_payment>
<order_invoice_payment><id_order_invoice><![CDATA[956]]></id_order_invoice>
<id_order_payment><![CDATA[956]]></id_order_payment>
<id_order><![CDATA[1027]]></id_order>
</order_invoice_payment>
<order_invoice_payment><id_order_invoice><![CDATA[957]]></id_order_invoice>
<id_order_payment><![CDATA[957]]></id_order_payment>
<id_order><![CDATA[1028]]></id_order>
</order_invoice_payment>
<order_invoice_payment><id_order_invoice><![CDATA[958]]></id_order_invoice>
<id_order_payment><![CDATA[958]]></id_order_payment>
<id_order><![CDATA[1029]]></id_order>
</order_invoice_payment>
<order_invoice_payment><id_order_invoice><![CDATA[959]]></id_order_invoice>
<id_order_payment><![CDATA[959]]></id_order_payment>
<id_order><![CDATA[1030]]></id_order>
</order_invoice_payment>
<order_invoice_payment><id_order_invoice><![CDATA[960]]></id_order_invoice>
<id_order_payment><![CDATA[960]]></id_order_payment>
<id_order><![CDATA[1031]]></id_order>
</order_invoice_payment>
<order_invoice_payment><id_order_invoice><![CDATA[961]]></id_order_invoice>
<id_order_payment><![CDATA[961]]></id_order_payment>
<id_order><![CDATA[1032]]></id_order>
</order_invoice_payment>
<order_invoice_payment><id_order_invoice><![CDATA[962]]></id_order_invoice>
<id_order_payment><![CDATA[962]]></id_order_payment>
<id_order><![CDATA[1033]]></id_order>
</order_invoice_payment>
<order_invoice_payment><id_order_invoice><![CDATA[963]]></id_order_invoice>
<id_order_payment><![CDATA[963]]></id_order_payment>
<id_order><![CDATA[1034]]></id_order>
</order_invoice_payment>
<order_invoice_payment><id_order_invoice><![CDATA[964]]></id_order_invoice>
<id_order_payment><![CDATA[964]]></id_order_payment>
<id_order><![CDATA[1035]]></id_order>
</order_invoice_payment>
<order_invoice_payment><id_order_invoice><![CDATA[965]]></id_order_invoice>
<id_order_payment><![CDATA[965]]></id_order_payment>
<id_order><![CDATA[1036]]></id_order>
</order_invoice_payment>
<order_invoice_payment><id_order_invoice><![CDATA[966]]></id_order_invoice>
<id_order_payment><![CDATA[966]]></id_order_payment>
<id_order><![CDATA[1037]]></id_order>
</order_invoice_payment>
<order_invoice_payment><id_order_invoice><![CDATA[967]]></id_order_invoice>
<id_order_payment><![CDATA[967]]></id_order_payment>
<id_order><![CDATA[1039]]></id_order>
</order_invoice_payment>
<order_invoice_payment><id_order_invoice><![CDATA[968]]></id_order_invoice>
<id_order_payment><![CDATA[968]]></id_order_payment>
<id_order><![CDATA[1040]]></id_order>
</order_invoice_payment>
<order_invoice_payment><id_order_invoice><![CDATA[969]]></id_order_invoice>
<id_order_payment><![CDATA[969]]></id_order_payment>
<id_order><![CDATA[1041]]></id_order>
</order_invoice_payment>
<order_invoice_payment><id_order_invoice><![CDATA[970]]></id_order_invoice>
<id_order_payment><![CDATA[970]]></id_order_payment>
<id_order><![CDATA[1042]]></id_order>
</order_invoice_payment>
<order_invoice_payment><id_order_invoice><![CDATA[971]]></id_order_invoice>
<id_order_payment><![CDATA[971]]></id_order_payment>
<id_order><![CDATA[1043]]></id_order>
</order_invoice_payment>
<order_invoice_payment><id_order_invoice><![CDATA[972]]></id_order_invoice>
<id_order_payment><![CDATA[972]]></id_order_payment>
<id_order><![CDATA[1044]]></id_order>
</order_invoice_payment>
<order_invoice_payment><id_order_invoice><![CDATA[973]]></id_order_invoice>
<id_order_payment><![CDATA[973]]></id_order_payment>
<id_order><![CDATA[1045]]></id_order>
</order_invoice_payment>
<order_invoice_payment><id_order_invoice><![CDATA[974]]></id_order_invoice>
<id_order_payment><![CDATA[974]]></id_order_payment>
<id_order><![CDATA[1046]]></id_order>
</order_invoice_payment>
<order_invoice_payment><id_order_invoice><![CDATA[975]]></id_order_invoice>
<id_order_payment><![CDATA[975]]></id_order_payment>
<id_order><![CDATA[1047]]></id_order>
</order_invoice_payment>
<order_invoice_payment><id_order_invoice><![CDATA[976]]></id_order_invoice>
<id_order_payment><![CDATA[976]]></id_order_payment>
<id_order><![CDATA[1048]]></id_order>
</order_invoice_payment>
<order_invoice_payment><id_order_invoice><![CDATA[977]]></id_order_invoice>
<id_order_payment><![CDATA[977]]></id_order_payment>
<id_order><![CDATA[1049]]></id_order>
</order_invoice_payment>
<order_invoice_payment><id_order_invoice><![CDATA[978]]></id_order_invoice>
<id_order_payment><![CDATA[978]]></id_order_payment>
<id_order><![CDATA[1050]]></id_order>
</order_invoice_payment>
<order_invoice_payment><id_order_invoice><![CDATA[979]]></id_order_invoice>
<id_order_payment><![CDATA[979]]></id_order_payment>
<id_order><![CDATA[1051]]></id_order>
</order_invoice_payment>
<order_invoice_payment><id_order_invoice><![CDATA[980]]></id_order_invoice>
<id_order_payment><![CDATA[980]]></id_order_payment>
<id_order><![CDATA[1052]]></id_order>
</order_invoice_payment>
<order_invoice_payment><id_order_invoice><![CDATA[981]]></id_order_invoice>
<id_order_payment><![CDATA[981]]></id_order_payment>
<id_order><![CDATA[1053]]></id_order>
</order_invoice_payment>
<order_invoice_payment><id_order_invoice><![CDATA[982]]></id_order_invoice>
<id_order_payment><![CDATA[982]]></id_order_payment>
<id_order><![CDATA[1054]]></id_order>
</order_invoice_payment>
<order_invoice_payment><id_order_invoice><![CDATA[983]]></id_order_invoice>
<id_order_payment><![CDATA[983]]></id_order_payment>
<id_order><![CDATA[1055]]></id_order>
</order_invoice_payment>
<order_invoice_payment><id_order_invoice><![CDATA[984]]></id_order_invoice>
<id_order_payment><![CDATA[984]]></id_order_payment>
<id_order><![CDATA[1056]]></id_order>
</order_invoice_payment>
<order_invoice_payment><id_order_invoice><![CDATA[985]]></id_order_invoice>
<id_order_payment><![CDATA[985]]></id_order_payment>
<id_order><![CDATA[1057]]></id_order>
</order_invoice_payment>
<order_invoice_payment><id_order_invoice><![CDATA[986]]></id_order_invoice>
<id_order_payment><![CDATA[986]]></id_order_payment>
<id_order><![CDATA[1058]]></id_order>
</order_invoice_payment>
<order_invoice_payment><id_order_invoice><![CDATA[987]]></id_order_invoice>
<id_order_payment><![CDATA[987]]></id_order_payment>
<id_order><![CDATA[1059]]></id_order>
</order_invoice_payment>
<order_invoice_payment><id_order_invoice><![CDATA[988]]></id_order_invoice>
<id_order_payment><![CDATA[988]]></id_order_payment>
<id_order><![CDATA[1060]]></id_order>
</order_invoice_payment>
<order_invoice_payment><id_order_invoice><![CDATA[989]]></id_order_invoice>
<id_order_payment><![CDATA[989]]></id_order_payment>
<id_order><![CDATA[1061]]></id_order>
</order_invoice_payment>
<order_invoice_payment><id_order_invoice><![CDATA[990]]></id_order_invoice>
<id_order_payment><![CDATA[990]]></id_order_payment>
<id_order><![CDATA[1062]]></id_order>
</order_invoice_payment>
<order_invoice_payment><id_order_invoice><![CDATA[991]]></id_order_invoice>
<id_order_payment><![CDATA[991]]></id_order_payment>
<id_order><![CDATA[1063]]></id_order>
</order_invoice_payment>
<order_invoice_payment><id_order_invoice><![CDATA[992]]></id_order_invoice>
<id_order_payment><![CDATA[992]]></id_order_payment>
<id_order><![CDATA[1064]]></id_order>
</order_invoice_payment>
<order_invoice_payment><id_order_invoice><![CDATA[993]]></id_order_invoice>
<id_order_payment><![CDATA[993]]></id_order_payment>
<id_order><![CDATA[1065]]></id_order>
</order_invoice_payment>
<order_invoice_payment><id_order_invoice><![CDATA[994]]></id_order_invoice>
<id_order_payment><![CDATA[994]]></id_order_payment>
<id_order><![CDATA[1066]]></id_order>
</order_invoice_payment>
<order_invoice_payment><id_order_invoice><![CDATA[995]]></id_order_invoice>
<id_order_payment><![CDATA[995]]></id_order_payment>
<id_order><![CDATA[1067]]></id_order>
</order_invoice_payment>
<order_invoice_payment><id_order_invoice><![CDATA[996]]></id_order_invoice>
<id_order_payment><![CDATA[996]]></id_order_payment>
<id_order><![CDATA[1068]]></id_order>
</order_invoice_payment>
<order_invoice_payment><id_order_invoice><![CDATA[997]]></id_order_invoice>
<id_order_payment><![CDATA[997]]></id_order_payment>
<id_order><![CDATA[1069]]></id_order>
</order_invoice_payment>
<order_invoice_payment><id_order_invoice><![CDATA[998]]></id_order_invoice>
<id_order_payment><![CDATA[998]]></id_order_payment>
<id_order><![CDATA[1072]]></id_order>
</order_invoice_payment>
<order_invoice_payment><id_order_invoice><![CDATA[999]]></id_order_invoice>
<id_order_payment><![CDATA[999]]></id_order_payment>
<id_order><![CDATA[1073]]></id_order>
</order_invoice_payment>
<order_invoice_payment><id_order_invoice><![CDATA[1000]]></id_order_invoice>
<id_order_payment><![CDATA[1000]]></id_order_payment>
<id_order><![CDATA[1074]]></id_order>
</order_invoice_payment>
</entity_profile>
