<?xml version="1.0" encoding="UTF-8"?>
<entity_profile>
<order_invoice_tax><id_order_invoice><![CDATA[2029]]></id_order_invoice>
<type><![CDATA[shipping]]></type>
<id_tax><![CDATA[1]]></id_tax>
<amount><![CDATA[1.545600]]></amount>
</order_invoice_tax>
<order_invoice_tax><id_order_invoice><![CDATA[2030]]></id_order_invoice>
<type><![CDATA[shipping]]></type>
<id_tax><![CDATA[1]]></id_tax>
<amount><![CDATA[1.545600]]></amount>
</order_invoice_tax>
<order_invoice_tax><id_order_invoice><![CDATA[2031]]></id_order_invoice>
<type><![CDATA[shipping]]></type>
<id_tax><![CDATA[1]]></id_tax>
<amount><![CDATA[1.302000]]></amount>
</order_invoice_tax>
<order_invoice_tax><id_order_invoice><![CDATA[2032]]></id_order_invoice>
<type><![CDATA[shipping]]></type>
<id_tax><![CDATA[1]]></id_tax>
<amount><![CDATA[1.509900]]></amount>
</order_invoice_tax>
<order_invoice_tax><id_order_invoice><![CDATA[2033]]></id_order_invoice>
<type><![CDATA[shipping]]></type>
<id_tax><![CDATA[1]]></id_tax>
<amount><![CDATA[1.302000]]></amount>
</order_invoice_tax>
<order_invoice_tax><id_order_invoice><![CDATA[2034]]></id_order_invoice>
<type><![CDATA[shipping]]></type>
<id_tax><![CDATA[1]]></id_tax>
<amount><![CDATA[1.476300]]></amount>
</order_invoice_tax>
<order_invoice_tax><id_order_invoice><![CDATA[2035]]></id_order_invoice>
<type><![CDATA[shipping]]></type>
<id_tax><![CDATA[1]]></id_tax>
<amount><![CDATA[0.781200]]></amount>
</order_invoice_tax>
<order_invoice_tax><id_order_invoice><![CDATA[2036]]></id_order_invoice>
<type><![CDATA[shipping]]></type>
<id_tax><![CDATA[1]]></id_tax>
<amount><![CDATA[0.781200]]></amount>
</order_invoice_tax>
<order_invoice_tax><id_order_invoice><![CDATA[2037]]></id_order_invoice>
<type><![CDATA[shipping]]></type>
<id_tax><![CDATA[1]]></id_tax>
<amount><![CDATA[0.000000]]></amount>
</order_invoice_tax>
<order_invoice_tax><id_order_invoice><![CDATA[2038]]></id_order_invoice>
<type><![CDATA[shipping]]></type>
<id_tax><![CDATA[1]]></id_tax>
<amount><![CDATA[0.781200]]></amount>
</order_invoice_tax>
<order_invoice_tax><id_order_invoice><![CDATA[2039]]></id_order_invoice>
<type><![CDATA[shipping]]></type>
<id_tax><![CDATA[1]]></id_tax>
<amount><![CDATA[0.781200]]></amount>
</order_invoice_tax>
<order_invoice_tax><id_order_invoice><![CDATA[2040]]></id_order_invoice>
<type><![CDATA[shipping]]></type>
<id_tax><![CDATA[1]]></id_tax>
<amount><![CDATA[1.545600]]></amount>
</order_invoice_tax>
<order_invoice_tax><id_order_invoice><![CDATA[2041]]></id_order_invoice>
<type><![CDATA[shipping]]></type>
<id_tax><![CDATA[1]]></id_tax>
<amount><![CDATA[0.781200]]></amount>
</order_invoice_tax>
<order_invoice_tax><id_order_invoice><![CDATA[2042]]></id_order_invoice>
<type><![CDATA[shipping]]></type>
<id_tax><![CDATA[1]]></id_tax>
<amount><![CDATA[1.302000]]></amount>
</order_invoice_tax>
<order_invoice_tax><id_order_invoice><![CDATA[2043]]></id_order_invoice>
<type><![CDATA[shipping]]></type>
<id_tax><![CDATA[1]]></id_tax>
<amount><![CDATA[1.302000]]></amount>
</order_invoice_tax>
<order_invoice_tax><id_order_invoice><![CDATA[2044]]></id_order_invoice>
<type><![CDATA[shipping]]></type>
<id_tax><![CDATA[1]]></id_tax>
<amount><![CDATA[1.545600]]></amount>
</order_invoice_tax>
<order_invoice_tax><id_order_invoice><![CDATA[2045]]></id_order_invoice>
<type><![CDATA[shipping]]></type>
<id_tax><![CDATA[1]]></id_tax>
<amount><![CDATA[1.476300]]></amount>
</order_invoice_tax>
<order_invoice_tax><id_order_invoice><![CDATA[2046]]></id_order_invoice>
<type><![CDATA[shipping]]></type>
<id_tax><![CDATA[1]]></id_tax>
<amount><![CDATA[1.545600]]></amount>
</order_invoice_tax>
<order_invoice_tax><id_order_invoice><![CDATA[2047]]></id_order_invoice>
<type><![CDATA[shipping]]></type>
<id_tax><![CDATA[1]]></id_tax>
<amount><![CDATA[1.476300]]></amount>
</order_invoice_tax>
<order_invoice_tax><id_order_invoice><![CDATA[2048]]></id_order_invoice>
<type><![CDATA[shipping]]></type>
<id_tax><![CDATA[1]]></id_tax>
<amount><![CDATA[1.302000]]></amount>
</order_invoice_tax>
<order_invoice_tax><id_order_invoice><![CDATA[2049]]></id_order_invoice>
<type><![CDATA[shipping]]></type>
<id_tax><![CDATA[1]]></id_tax>
<amount><![CDATA[1.545600]]></amount>
</order_invoice_tax>
<order_invoice_tax><id_order_invoice><![CDATA[2050]]></id_order_invoice>
<type><![CDATA[shipping]]></type>
<id_tax><![CDATA[1]]></id_tax>
<amount><![CDATA[0.781200]]></amount>
</order_invoice_tax>
<order_invoice_tax><id_order_invoice><![CDATA[2051]]></id_order_invoice>
<type><![CDATA[shipping]]></type>
<id_tax><![CDATA[1]]></id_tax>
<amount><![CDATA[1.545600]]></amount>
</order_invoice_tax>
<order_invoice_tax><id_order_invoice><![CDATA[2052]]></id_order_invoice>
<type><![CDATA[shipping]]></type>
<id_tax><![CDATA[1]]></id_tax>
<amount><![CDATA[1.545600]]></amount>
</order_invoice_tax>
<order_invoice_tax><id_order_invoice><![CDATA[2053]]></id_order_invoice>
<type><![CDATA[shipping]]></type>
<id_tax><![CDATA[1]]></id_tax>
<amount><![CDATA[0.781200]]></amount>
</order_invoice_tax>
<order_invoice_tax><id_order_invoice><![CDATA[2054]]></id_order_invoice>
<type><![CDATA[shipping]]></type>
<id_tax><![CDATA[1]]></id_tax>
<amount><![CDATA[1.509900]]></amount>
</order_invoice_tax>
<order_invoice_tax><id_order_invoice><![CDATA[2055]]></id_order_invoice>
<type><![CDATA[shipping]]></type>
<id_tax><![CDATA[1]]></id_tax>
<amount><![CDATA[1.545600]]></amount>
</order_invoice_tax>
<order_invoice_tax><id_order_invoice><![CDATA[2056]]></id_order_invoice>
<type><![CDATA[shipping]]></type>
<id_tax><![CDATA[1]]></id_tax>
<amount><![CDATA[0.781200]]></amount>
</order_invoice_tax>
<order_invoice_tax><id_order_invoice><![CDATA[2057]]></id_order_invoice>
<type><![CDATA[shipping]]></type>
<id_tax><![CDATA[1]]></id_tax>
<amount><![CDATA[0.781200]]></amount>
</order_invoice_tax>
<order_invoice_tax><id_order_invoice><![CDATA[2058]]></id_order_invoice>
<type><![CDATA[shipping]]></type>
<id_tax><![CDATA[1]]></id_tax>
<amount><![CDATA[1.302000]]></amount>
</order_invoice_tax>
<order_invoice_tax><id_order_invoice><![CDATA[2059]]></id_order_invoice>
<type><![CDATA[shipping]]></type>
<id_tax><![CDATA[1]]></id_tax>
<amount><![CDATA[1.302000]]></amount>
</order_invoice_tax>
<order_invoice_tax><id_order_invoice><![CDATA[2060]]></id_order_invoice>
<type><![CDATA[shipping]]></type>
<id_tax><![CDATA[1]]></id_tax>
<amount><![CDATA[0.781200]]></amount>
</order_invoice_tax>
<order_invoice_tax><id_order_invoice><![CDATA[2061]]></id_order_invoice>
<type><![CDATA[shipping]]></type>
<id_tax><![CDATA[1]]></id_tax>
<amount><![CDATA[1.545600]]></amount>
</order_invoice_tax>
<order_invoice_tax><id_order_invoice><![CDATA[2062]]></id_order_invoice>
<type><![CDATA[shipping]]></type>
<id_tax><![CDATA[1]]></id_tax>
<amount><![CDATA[1.545600]]></amount>
</order_invoice_tax>
<order_invoice_tax><id_order_invoice><![CDATA[2063]]></id_order_invoice>
<type><![CDATA[shipping]]></type>
<id_tax><![CDATA[1]]></id_tax>
<amount><![CDATA[1.545600]]></amount>
</order_invoice_tax>
<order_invoice_tax><id_order_invoice><![CDATA[2064]]></id_order_invoice>
<type><![CDATA[shipping]]></type>
<id_tax><![CDATA[1]]></id_tax>
<amount><![CDATA[1.476300]]></amount>
</order_invoice_tax>
<order_invoice_tax><id_order_invoice><![CDATA[2065]]></id_order_invoice>
<type><![CDATA[shipping]]></type>
<id_tax><![CDATA[1]]></id_tax>
<amount><![CDATA[1.545600]]></amount>
</order_invoice_tax>
<order_invoice_tax><id_order_invoice><![CDATA[2066]]></id_order_invoice>
<type><![CDATA[shipping]]></type>
<id_tax><![CDATA[1]]></id_tax>
<amount><![CDATA[1.545600]]></amount>
</order_invoice_tax>
<order_invoice_tax><id_order_invoice><![CDATA[2067]]></id_order_invoice>
<type><![CDATA[shipping]]></type>
<id_tax><![CDATA[1]]></id_tax>
<amount><![CDATA[1.476300]]></amount>
</order_invoice_tax>
<order_invoice_tax><id_order_invoice><![CDATA[2068]]></id_order_invoice>
<type><![CDATA[shipping]]></type>
<id_tax><![CDATA[1]]></id_tax>
<amount><![CDATA[1.302000]]></amount>
</order_invoice_tax>
<order_invoice_tax><id_order_invoice><![CDATA[2069]]></id_order_invoice>
<type><![CDATA[shipping]]></type>
<id_tax><![CDATA[1]]></id_tax>
<amount><![CDATA[1.545600]]></amount>
</order_invoice_tax>
<order_invoice_tax><id_order_invoice><![CDATA[2070]]></id_order_invoice>
<type><![CDATA[shipping]]></type>
<id_tax><![CDATA[1]]></id_tax>
<amount><![CDATA[1.545600]]></amount>
</order_invoice_tax>
<order_invoice_tax><id_order_invoice><![CDATA[2071]]></id_order_invoice>
<type><![CDATA[shipping]]></type>
<id_tax><![CDATA[1]]></id_tax>
<amount><![CDATA[1.509900]]></amount>
</order_invoice_tax>
<order_invoice_tax><id_order_invoice><![CDATA[2072]]></id_order_invoice>
<type><![CDATA[shipping]]></type>
<id_tax><![CDATA[1]]></id_tax>
<amount><![CDATA[1.545600]]></amount>
</order_invoice_tax>
<order_invoice_tax><id_order_invoice><![CDATA[2073]]></id_order_invoice>
<type><![CDATA[shipping]]></type>
<id_tax><![CDATA[1]]></id_tax>
<amount><![CDATA[1.302000]]></amount>
</order_invoice_tax>
<order_invoice_tax><id_order_invoice><![CDATA[2074]]></id_order_invoice>
<type><![CDATA[shipping]]></type>
<id_tax><![CDATA[1]]></id_tax>
<amount><![CDATA[0.781200]]></amount>
</order_invoice_tax>
<order_invoice_tax><id_order_invoice><![CDATA[2075]]></id_order_invoice>
<type><![CDATA[shipping]]></type>
<id_tax><![CDATA[1]]></id_tax>
<amount><![CDATA[1.545600]]></amount>
</order_invoice_tax>
<order_invoice_tax><id_order_invoice><![CDATA[2076]]></id_order_invoice>
<type><![CDATA[shipping]]></type>
<id_tax><![CDATA[1]]></id_tax>
<amount><![CDATA[1.545600]]></amount>
</order_invoice_tax>
<order_invoice_tax><id_order_invoice><![CDATA[2077]]></id_order_invoice>
<type><![CDATA[shipping]]></type>
<id_tax><![CDATA[1]]></id_tax>
<amount><![CDATA[0.781200]]></amount>
</order_invoice_tax>
<order_invoice_tax><id_order_invoice><![CDATA[2078]]></id_order_invoice>
<type><![CDATA[shipping]]></type>
<id_tax><![CDATA[1]]></id_tax>
<amount><![CDATA[0.781200]]></amount>
</order_invoice_tax>
<order_invoice_tax><id_order_invoice><![CDATA[2079]]></id_order_invoice>
<type><![CDATA[shipping]]></type>
<id_tax><![CDATA[1]]></id_tax>
<amount><![CDATA[1.302000]]></amount>
</order_invoice_tax>
<order_invoice_tax><id_order_invoice><![CDATA[2080]]></id_order_invoice>
<type><![CDATA[shipping]]></type>
<id_tax><![CDATA[1]]></id_tax>
<amount><![CDATA[0.781200]]></amount>
</order_invoice_tax>
<order_invoice_tax><id_order_invoice><![CDATA[2081]]></id_order_invoice>
<type><![CDATA[shipping]]></type>
<id_tax><![CDATA[1]]></id_tax>
<amount><![CDATA[0.000000]]></amount>
</order_invoice_tax>
<order_invoice_tax><id_order_invoice><![CDATA[2082]]></id_order_invoice>
<type><![CDATA[shipping]]></type>
<id_tax><![CDATA[1]]></id_tax>
<amount><![CDATA[0.781200]]></amount>
</order_invoice_tax>
<order_invoice_tax><id_order_invoice><![CDATA[2083]]></id_order_invoice>
<type><![CDATA[shipping]]></type>
<id_tax><![CDATA[1]]></id_tax>
<amount><![CDATA[1.302000]]></amount>
</order_invoice_tax>
<order_invoice_tax><id_order_invoice><![CDATA[2084]]></id_order_invoice>
<type><![CDATA[shipping]]></type>
<id_tax><![CDATA[1]]></id_tax>
<amount><![CDATA[1.545600]]></amount>
</order_invoice_tax>
<order_invoice_tax><id_order_invoice><![CDATA[2085]]></id_order_invoice>
<type><![CDATA[shipping]]></type>
<id_tax><![CDATA[1]]></id_tax>
<amount><![CDATA[1.545600]]></amount>
</order_invoice_tax>
<order_invoice_tax><id_order_invoice><![CDATA[2086]]></id_order_invoice>
<type><![CDATA[shipping]]></type>
<id_tax><![CDATA[1]]></id_tax>
<amount><![CDATA[1.545600]]></amount>
</order_invoice_tax>
<order_invoice_tax><id_order_invoice><![CDATA[2087]]></id_order_invoice>
<type><![CDATA[shipping]]></type>
<id_tax><![CDATA[1]]></id_tax>
<amount><![CDATA[1.509900]]></amount>
</order_invoice_tax>
<order_invoice_tax><id_order_invoice><![CDATA[2088]]></id_order_invoice>
<type><![CDATA[shipping]]></type>
<id_tax><![CDATA[1]]></id_tax>
<amount><![CDATA[1.545600]]></amount>
</order_invoice_tax>
<order_invoice_tax><id_order_invoice><![CDATA[2089]]></id_order_invoice>
<type><![CDATA[shipping]]></type>
<id_tax><![CDATA[1]]></id_tax>
<amount><![CDATA[1.545600]]></amount>
</order_invoice_tax>
<order_invoice_tax><id_order_invoice><![CDATA[2090]]></id_order_invoice>
<type><![CDATA[shipping]]></type>
<id_tax><![CDATA[1]]></id_tax>
<amount><![CDATA[0.781200]]></amount>
</order_invoice_tax>
<order_invoice_tax><id_order_invoice><![CDATA[2091]]></id_order_invoice>
<type><![CDATA[shipping]]></type>
<id_tax><![CDATA[1]]></id_tax>
<amount><![CDATA[1.476300]]></amount>
</order_invoice_tax>
<order_invoice_tax><id_order_invoice><![CDATA[2092]]></id_order_invoice>
<type><![CDATA[shipping]]></type>
<id_tax><![CDATA[1]]></id_tax>
<amount><![CDATA[1.509900]]></amount>
</order_invoice_tax>
<order_invoice_tax><id_order_invoice><![CDATA[2093]]></id_order_invoice>
<type><![CDATA[shipping]]></type>
<id_tax><![CDATA[1]]></id_tax>
<amount><![CDATA[0.781200]]></amount>
</order_invoice_tax>
<order_invoice_tax><id_order_invoice><![CDATA[2094]]></id_order_invoice>
<type><![CDATA[shipping]]></type>
<id_tax><![CDATA[1]]></id_tax>
<amount><![CDATA[1.302000]]></amount>
</order_invoice_tax>
<order_invoice_tax><id_order_invoice><![CDATA[2095]]></id_order_invoice>
<type><![CDATA[shipping]]></type>
<id_tax><![CDATA[1]]></id_tax>
<amount><![CDATA[0.781200]]></amount>
</order_invoice_tax>
<order_invoice_tax><id_order_invoice><![CDATA[2096]]></id_order_invoice>
<type><![CDATA[shipping]]></type>
<id_tax><![CDATA[1]]></id_tax>
<amount><![CDATA[1.545600]]></amount>
</order_invoice_tax>
<order_invoice_tax><id_order_invoice><![CDATA[2097]]></id_order_invoice>
<type><![CDATA[shipping]]></type>
<id_tax><![CDATA[1]]></id_tax>
<amount><![CDATA[1.545600]]></amount>
</order_invoice_tax>
<order_invoice_tax><id_order_invoice><![CDATA[2098]]></id_order_invoice>
<type><![CDATA[shipping]]></type>
<id_tax><![CDATA[1]]></id_tax>
<amount><![CDATA[1.545600]]></amount>
</order_invoice_tax>
<order_invoice_tax><id_order_invoice><![CDATA[2099]]></id_order_invoice>
<type><![CDATA[shipping]]></type>
<id_tax><![CDATA[1]]></id_tax>
<amount><![CDATA[1.302000]]></amount>
</order_invoice_tax>
<order_invoice_tax><id_order_invoice><![CDATA[2100]]></id_order_invoice>
<type><![CDATA[shipping]]></type>
<id_tax><![CDATA[1]]></id_tax>
<amount><![CDATA[1.545600]]></amount>
</order_invoice_tax>
<order_invoice_tax><id_order_invoice><![CDATA[2101]]></id_order_invoice>
<type><![CDATA[shipping]]></type>
<id_tax><![CDATA[1]]></id_tax>
<amount><![CDATA[1.302000]]></amount>
</order_invoice_tax>
<order_invoice_tax><id_order_invoice><![CDATA[2102]]></id_order_invoice>
<type><![CDATA[shipping]]></type>
<id_tax><![CDATA[1]]></id_tax>
<amount><![CDATA[1.509900]]></amount>
</order_invoice_tax>
<order_invoice_tax><id_order_invoice><![CDATA[2103]]></id_order_invoice>
<type><![CDATA[shipping]]></type>
<id_tax><![CDATA[1]]></id_tax>
<amount><![CDATA[1.545600]]></amount>
</order_invoice_tax>
<order_invoice_tax><id_order_invoice><![CDATA[2104]]></id_order_invoice>
<type><![CDATA[shipping]]></type>
<id_tax><![CDATA[1]]></id_tax>
<amount><![CDATA[1.509900]]></amount>
</order_invoice_tax>
<order_invoice_tax><id_order_invoice><![CDATA[2105]]></id_order_invoice>
<type><![CDATA[shipping]]></type>
<id_tax><![CDATA[1]]></id_tax>
<amount><![CDATA[1.476300]]></amount>
</order_invoice_tax>
<order_invoice_tax><id_order_invoice><![CDATA[2106]]></id_order_invoice>
<type><![CDATA[shipping]]></type>
<id_tax><![CDATA[1]]></id_tax>
<amount><![CDATA[1.302000]]></amount>
</order_invoice_tax>
<order_invoice_tax><id_order_invoice><![CDATA[2107]]></id_order_invoice>
<type><![CDATA[shipping]]></type>
<id_tax><![CDATA[1]]></id_tax>
<amount><![CDATA[0.000000]]></amount>
</order_invoice_tax>
<order_invoice_tax><id_order_invoice><![CDATA[2108]]></id_order_invoice>
<type><![CDATA[shipping]]></type>
<id_tax><![CDATA[1]]></id_tax>
<amount><![CDATA[1.476300]]></amount>
</order_invoice_tax>
<order_invoice_tax><id_order_invoice><![CDATA[2109]]></id_order_invoice>
<type><![CDATA[shipping]]></type>
<id_tax><![CDATA[1]]></id_tax>
<amount><![CDATA[0.781200]]></amount>
</order_invoice_tax>
<order_invoice_tax><id_order_invoice><![CDATA[2110]]></id_order_invoice>
<type><![CDATA[shipping]]></type>
<id_tax><![CDATA[1]]></id_tax>
<amount><![CDATA[1.302000]]></amount>
</order_invoice_tax>
<order_invoice_tax><id_order_invoice><![CDATA[2111]]></id_order_invoice>
<type><![CDATA[shipping]]></type>
<id_tax><![CDATA[1]]></id_tax>
<amount><![CDATA[0.781200]]></amount>
</order_invoice_tax>
<order_invoice_tax><id_order_invoice><![CDATA[2112]]></id_order_invoice>
<type><![CDATA[shipping]]></type>
<id_tax><![CDATA[1]]></id_tax>
<amount><![CDATA[1.302000]]></amount>
</order_invoice_tax>
<order_invoice_tax><id_order_invoice><![CDATA[2113]]></id_order_invoice>
<type><![CDATA[shipping]]></type>
<id_tax><![CDATA[1]]></id_tax>
<amount><![CDATA[0.000000]]></amount>
</order_invoice_tax>
<order_invoice_tax><id_order_invoice><![CDATA[2114]]></id_order_invoice>
<type><![CDATA[shipping]]></type>
<id_tax><![CDATA[1]]></id_tax>
<amount><![CDATA[1.476300]]></amount>
</order_invoice_tax>
<order_invoice_tax><id_order_invoice><![CDATA[2115]]></id_order_invoice>
<type><![CDATA[shipping]]></type>
<id_tax><![CDATA[1]]></id_tax>
<amount><![CDATA[1.509900]]></amount>
</order_invoice_tax>
<order_invoice_tax><id_order_invoice><![CDATA[2116]]></id_order_invoice>
<type><![CDATA[shipping]]></type>
<id_tax><![CDATA[1]]></id_tax>
<amount><![CDATA[1.302000]]></amount>
</order_invoice_tax>
<order_invoice_tax><id_order_invoice><![CDATA[2117]]></id_order_invoice>
<type><![CDATA[shipping]]></type>
<id_tax><![CDATA[1]]></id_tax>
<amount><![CDATA[1.302000]]></amount>
</order_invoice_tax>
<order_invoice_tax><id_order_invoice><![CDATA[2118]]></id_order_invoice>
<type><![CDATA[shipping]]></type>
<id_tax><![CDATA[1]]></id_tax>
<amount><![CDATA[1.509900]]></amount>
</order_invoice_tax>
<order_invoice_tax><id_order_invoice><![CDATA[2119]]></id_order_invoice>
<type><![CDATA[shipping]]></type>
<id_tax><![CDATA[1]]></id_tax>
<amount><![CDATA[0.000000]]></amount>
</order_invoice_tax>
<order_invoice_tax><id_order_invoice><![CDATA[2120]]></id_order_invoice>
<type><![CDATA[shipping]]></type>
<id_tax><![CDATA[1]]></id_tax>
<amount><![CDATA[1.476300]]></amount>
</order_invoice_tax>
<order_invoice_tax><id_order_invoice><![CDATA[2121]]></id_order_invoice>
<type><![CDATA[shipping]]></type>
<id_tax><![CDATA[1]]></id_tax>
<amount><![CDATA[1.302000]]></amount>
</order_invoice_tax>
<order_invoice_tax><id_order_invoice><![CDATA[2122]]></id_order_invoice>
<type><![CDATA[shipping]]></type>
<id_tax><![CDATA[1]]></id_tax>
<amount><![CDATA[0.000000]]></amount>
</order_invoice_tax>
<order_invoice_tax><id_order_invoice><![CDATA[2123]]></id_order_invoice>
<type><![CDATA[shipping]]></type>
<id_tax><![CDATA[1]]></id_tax>
<amount><![CDATA[1.545600]]></amount>
</order_invoice_tax>
<order_invoice_tax><id_order_invoice><![CDATA[2124]]></id_order_invoice>
<type><![CDATA[shipping]]></type>
<id_tax><![CDATA[1]]></id_tax>
<amount><![CDATA[1.302000]]></amount>
</order_invoice_tax>
<order_invoice_tax><id_order_invoice><![CDATA[2125]]></id_order_invoice>
<type><![CDATA[shipping]]></type>
<id_tax><![CDATA[1]]></id_tax>
<amount><![CDATA[1.545600]]></amount>
</order_invoice_tax>
<order_invoice_tax><id_order_invoice><![CDATA[2126]]></id_order_invoice>
<type><![CDATA[shipping]]></type>
<id_tax><![CDATA[1]]></id_tax>
<amount><![CDATA[1.302000]]></amount>
</order_invoice_tax>
<order_invoice_tax><id_order_invoice><![CDATA[2127]]></id_order_invoice>
<type><![CDATA[shipping]]></type>
<id_tax><![CDATA[1]]></id_tax>
<amount><![CDATA[0.781200]]></amount>
</order_invoice_tax>
<order_invoice_tax><id_order_invoice><![CDATA[2128]]></id_order_invoice>
<type><![CDATA[shipping]]></type>
<id_tax><![CDATA[1]]></id_tax>
<amount><![CDATA[1.545600]]></amount>
</order_invoice_tax>
<order_invoice_tax><id_order_invoice><![CDATA[2129]]></id_order_invoice>
<type><![CDATA[shipping]]></type>
<id_tax><![CDATA[1]]></id_tax>
<amount><![CDATA[1.545600]]></amount>
</order_invoice_tax>
<order_invoice_tax><id_order_invoice><![CDATA[2130]]></id_order_invoice>
<type><![CDATA[shipping]]></type>
<id_tax><![CDATA[1]]></id_tax>
<amount><![CDATA[0.781200]]></amount>
</order_invoice_tax>
<order_invoice_tax><id_order_invoice><![CDATA[2131]]></id_order_invoice>
<type><![CDATA[shipping]]></type>
<id_tax><![CDATA[1]]></id_tax>
<amount><![CDATA[1.545600]]></amount>
</order_invoice_tax>
<order_invoice_tax><id_order_invoice><![CDATA[2132]]></id_order_invoice>
<type><![CDATA[shipping]]></type>
<id_tax><![CDATA[1]]></id_tax>
<amount><![CDATA[1.302000]]></amount>
</order_invoice_tax>
<order_invoice_tax><id_order_invoice><![CDATA[2133]]></id_order_invoice>
<type><![CDATA[shipping]]></type>
<id_tax><![CDATA[1]]></id_tax>
<amount><![CDATA[1.476300]]></amount>
</order_invoice_tax>
<order_invoice_tax><id_order_invoice><![CDATA[2134]]></id_order_invoice>
<type><![CDATA[shipping]]></type>
<id_tax><![CDATA[1]]></id_tax>
<amount><![CDATA[1.545600]]></amount>
</order_invoice_tax>
<order_invoice_tax><id_order_invoice><![CDATA[2135]]></id_order_invoice>
<type><![CDATA[shipping]]></type>
<id_tax><![CDATA[1]]></id_tax>
<amount><![CDATA[0.781200]]></amount>
</order_invoice_tax>
<order_invoice_tax><id_order_invoice><![CDATA[2136]]></id_order_invoice>
<type><![CDATA[shipping]]></type>
<id_tax><![CDATA[1]]></id_tax>
<amount><![CDATA[1.302000]]></amount>
</order_invoice_tax>
<order_invoice_tax><id_order_invoice><![CDATA[2137]]></id_order_invoice>
<type><![CDATA[shipping]]></type>
<id_tax><![CDATA[1]]></id_tax>
<amount><![CDATA[1.545600]]></amount>
</order_invoice_tax>
<order_invoice_tax><id_order_invoice><![CDATA[2138]]></id_order_invoice>
<type><![CDATA[shipping]]></type>
<id_tax><![CDATA[1]]></id_tax>
<amount><![CDATA[1.509900]]></amount>
</order_invoice_tax>
<order_invoice_tax><id_order_invoice><![CDATA[2139]]></id_order_invoice>
<type><![CDATA[shipping]]></type>
<id_tax><![CDATA[1]]></id_tax>
<amount><![CDATA[1.476300]]></amount>
</order_invoice_tax>
<order_invoice_tax><id_order_invoice><![CDATA[2140]]></id_order_invoice>
<type><![CDATA[shipping]]></type>
<id_tax><![CDATA[1]]></id_tax>
<amount><![CDATA[1.545600]]></amount>
</order_invoice_tax>
<order_invoice_tax><id_order_invoice><![CDATA[2141]]></id_order_invoice>
<type><![CDATA[shipping]]></type>
<id_tax><![CDATA[1]]></id_tax>
<amount><![CDATA[0.781200]]></amount>
</order_invoice_tax>
<order_invoice_tax><id_order_invoice><![CDATA[2142]]></id_order_invoice>
<type><![CDATA[shipping]]></type>
<id_tax><![CDATA[1]]></id_tax>
<amount><![CDATA[0.781200]]></amount>
</order_invoice_tax>
<order_invoice_tax><id_order_invoice><![CDATA[2143]]></id_order_invoice>
<type><![CDATA[shipping]]></type>
<id_tax><![CDATA[1]]></id_tax>
<amount><![CDATA[1.509900]]></amount>
</order_invoice_tax>
<order_invoice_tax><id_order_invoice><![CDATA[2144]]></id_order_invoice>
<type><![CDATA[shipping]]></type>
<id_tax><![CDATA[1]]></id_tax>
<amount><![CDATA[1.033200]]></amount>
</order_invoice_tax>
<order_invoice_tax><id_order_invoice><![CDATA[2145]]></id_order_invoice>
<type><![CDATA[shipping]]></type>
<id_tax><![CDATA[1]]></id_tax>
<amount><![CDATA[0.781200]]></amount>
</order_invoice_tax>
<order_invoice_tax><id_order_invoice><![CDATA[2146]]></id_order_invoice>
<type><![CDATA[shipping]]></type>
<id_tax><![CDATA[1]]></id_tax>
<amount><![CDATA[1.509900]]></amount>
</order_invoice_tax>
<order_invoice_tax><id_order_invoice><![CDATA[2147]]></id_order_invoice>
<type><![CDATA[shipping]]></type>
<id_tax><![CDATA[1]]></id_tax>
<amount><![CDATA[0.781200]]></amount>
</order_invoice_tax>
<order_invoice_tax><id_order_invoice><![CDATA[2148]]></id_order_invoice>
<type><![CDATA[shipping]]></type>
<id_tax><![CDATA[1]]></id_tax>
<amount><![CDATA[1.545600]]></amount>
</order_invoice_tax>
<order_invoice_tax><id_order_invoice><![CDATA[2149]]></id_order_invoice>
<type><![CDATA[shipping]]></type>
<id_tax><![CDATA[1]]></id_tax>
<amount><![CDATA[1.302000]]></amount>
</order_invoice_tax>
<order_invoice_tax><id_order_invoice><![CDATA[2150]]></id_order_invoice>
<type><![CDATA[shipping]]></type>
<id_tax><![CDATA[1]]></id_tax>
<amount><![CDATA[1.545600]]></amount>
</order_invoice_tax>
<order_invoice_tax><id_order_invoice><![CDATA[2151]]></id_order_invoice>
<type><![CDATA[shipping]]></type>
<id_tax><![CDATA[1]]></id_tax>
<amount><![CDATA[0.781200]]></amount>
</order_invoice_tax>
<order_invoice_tax><id_order_invoice><![CDATA[2152]]></id_order_invoice>
<type><![CDATA[shipping]]></type>
<id_tax><![CDATA[1]]></id_tax>
<amount><![CDATA[1.509900]]></amount>
</order_invoice_tax>
<order_invoice_tax><id_order_invoice><![CDATA[2153]]></id_order_invoice>
<type><![CDATA[shipping]]></type>
<id_tax><![CDATA[1]]></id_tax>
<amount><![CDATA[1.033200]]></amount>
</order_invoice_tax>
<order_invoice_tax><id_order_invoice><![CDATA[2154]]></id_order_invoice>
<type><![CDATA[shipping]]></type>
<id_tax><![CDATA[1]]></id_tax>
<amount><![CDATA[1.302000]]></amount>
</order_invoice_tax>
<order_invoice_tax><id_order_invoice><![CDATA[2155]]></id_order_invoice>
<type><![CDATA[shipping]]></type>
<id_tax><![CDATA[1]]></id_tax>
<amount><![CDATA[1.545600]]></amount>
</order_invoice_tax>
<order_invoice_tax><id_order_invoice><![CDATA[2156]]></id_order_invoice>
<type><![CDATA[shipping]]></type>
<id_tax><![CDATA[1]]></id_tax>
<amount><![CDATA[1.545600]]></amount>
</order_invoice_tax>
<order_invoice_tax><id_order_invoice><![CDATA[2157]]></id_order_invoice>
<type><![CDATA[shipping]]></type>
<id_tax><![CDATA[1]]></id_tax>
<amount><![CDATA[1.545600]]></amount>
</order_invoice_tax>
<order_invoice_tax><id_order_invoice><![CDATA[2158]]></id_order_invoice>
<type><![CDATA[shipping]]></type>
<id_tax><![CDATA[1]]></id_tax>
<amount><![CDATA[0.781200]]></amount>
</order_invoice_tax>
<order_invoice_tax><id_order_invoice><![CDATA[2159]]></id_order_invoice>
<type><![CDATA[shipping]]></type>
<id_tax><![CDATA[1]]></id_tax>
<amount><![CDATA[1.302000]]></amount>
</order_invoice_tax>
<order_invoice_tax><id_order_invoice><![CDATA[2160]]></id_order_invoice>
<type><![CDATA[shipping]]></type>
<id_tax><![CDATA[1]]></id_tax>
<amount><![CDATA[1.545600]]></amount>
</order_invoice_tax>
<order_invoice_tax><id_order_invoice><![CDATA[2161]]></id_order_invoice>
<type><![CDATA[shipping]]></type>
<id_tax><![CDATA[1]]></id_tax>
<amount><![CDATA[1.476300]]></amount>
</order_invoice_tax>
<order_invoice_tax><id_order_invoice><![CDATA[2162]]></id_order_invoice>
<type><![CDATA[shipping]]></type>
<id_tax><![CDATA[1]]></id_tax>
<amount><![CDATA[0.000000]]></amount>
</order_invoice_tax>
<order_invoice_tax><id_order_invoice><![CDATA[2163]]></id_order_invoice>
<type><![CDATA[shipping]]></type>
<id_tax><![CDATA[1]]></id_tax>
<amount><![CDATA[1.302000]]></amount>
</order_invoice_tax>
<order_invoice_tax><id_order_invoice><![CDATA[2164]]></id_order_invoice>
<type><![CDATA[shipping]]></type>
<id_tax><![CDATA[1]]></id_tax>
<amount><![CDATA[0.000000]]></amount>
</order_invoice_tax>
<order_invoice_tax><id_order_invoice><![CDATA[2165]]></id_order_invoice>
<type><![CDATA[shipping]]></type>
<id_tax><![CDATA[1]]></id_tax>
<amount><![CDATA[1.509900]]></amount>
</order_invoice_tax>
<order_invoice_tax><id_order_invoice><![CDATA[2166]]></id_order_invoice>
<type><![CDATA[shipping]]></type>
<id_tax><![CDATA[1]]></id_tax>
<amount><![CDATA[1.302000]]></amount>
</order_invoice_tax>
<order_invoice_tax><id_order_invoice><![CDATA[2167]]></id_order_invoice>
<type><![CDATA[shipping]]></type>
<id_tax><![CDATA[1]]></id_tax>
<amount><![CDATA[0.781200]]></amount>
</order_invoice_tax>
<order_invoice_tax><id_order_invoice><![CDATA[2168]]></id_order_invoice>
<type><![CDATA[shipping]]></type>
<id_tax><![CDATA[1]]></id_tax>
<amount><![CDATA[1.545600]]></amount>
</order_invoice_tax>
<order_invoice_tax><id_order_invoice><![CDATA[2169]]></id_order_invoice>
<type><![CDATA[shipping]]></type>
<id_tax><![CDATA[1]]></id_tax>
<amount><![CDATA[1.476300]]></amount>
</order_invoice_tax>
<order_invoice_tax><id_order_invoice><![CDATA[2170]]></id_order_invoice>
<type><![CDATA[shipping]]></type>
<id_tax><![CDATA[1]]></id_tax>
<amount><![CDATA[0.000000]]></amount>
</order_invoice_tax>
<order_invoice_tax><id_order_invoice><![CDATA[2171]]></id_order_invoice>
<type><![CDATA[shipping]]></type>
<id_tax><![CDATA[1]]></id_tax>
<amount><![CDATA[1.302000]]></amount>
</order_invoice_tax>
<order_invoice_tax><id_order_invoice><![CDATA[2172]]></id_order_invoice>
<type><![CDATA[shipping]]></type>
<id_tax><![CDATA[1]]></id_tax>
<amount><![CDATA[1.302000]]></amount>
</order_invoice_tax>
<order_invoice_tax><id_order_invoice><![CDATA[2173]]></id_order_invoice>
<type><![CDATA[shipping]]></type>
<id_tax><![CDATA[1]]></id_tax>
<amount><![CDATA[1.302000]]></amount>
</order_invoice_tax>
<order_invoice_tax><id_order_invoice><![CDATA[2174]]></id_order_invoice>
<type><![CDATA[shipping]]></type>
<id_tax><![CDATA[1]]></id_tax>
<amount><![CDATA[0.781200]]></amount>
</order_invoice_tax>
<order_invoice_tax><id_order_invoice><![CDATA[2175]]></id_order_invoice>
<type><![CDATA[shipping]]></type>
<id_tax><![CDATA[1]]></id_tax>
<amount><![CDATA[0.000000]]></amount>
</order_invoice_tax>
<order_invoice_tax><id_order_invoice><![CDATA[2176]]></id_order_invoice>
<type><![CDATA[shipping]]></type>
<id_tax><![CDATA[1]]></id_tax>
<amount><![CDATA[0.781200]]></amount>
</order_invoice_tax>
<order_invoice_tax><id_order_invoice><![CDATA[2177]]></id_order_invoice>
<type><![CDATA[shipping]]></type>
<id_tax><![CDATA[1]]></id_tax>
<amount><![CDATA[1.476300]]></amount>
</order_invoice_tax>
<order_invoice_tax><id_order_invoice><![CDATA[2178]]></id_order_invoice>
<type><![CDATA[shipping]]></type>
<id_tax><![CDATA[1]]></id_tax>
<amount><![CDATA[1.033200]]></amount>
</order_invoice_tax>
<order_invoice_tax><id_order_invoice><![CDATA[2179]]></id_order_invoice>
<type><![CDATA[shipping]]></type>
<id_tax><![CDATA[1]]></id_tax>
<amount><![CDATA[1.545600]]></amount>
</order_invoice_tax>
<order_invoice_tax><id_order_invoice><![CDATA[2180]]></id_order_invoice>
<type><![CDATA[shipping]]></type>
<id_tax><![CDATA[1]]></id_tax>
<amount><![CDATA[1.545600]]></amount>
</order_invoice_tax>
<order_invoice_tax><id_order_invoice><![CDATA[2181]]></id_order_invoice>
<type><![CDATA[shipping]]></type>
<id_tax><![CDATA[1]]></id_tax>
<amount><![CDATA[0.781200]]></amount>
</order_invoice_tax>
<order_invoice_tax><id_order_invoice><![CDATA[2182]]></id_order_invoice>
<type><![CDATA[shipping]]></type>
<id_tax><![CDATA[1]]></id_tax>
<amount><![CDATA[1.545600]]></amount>
</order_invoice_tax>
<order_invoice_tax><id_order_invoice><![CDATA[2183]]></id_order_invoice>
<type><![CDATA[shipping]]></type>
<id_tax><![CDATA[1]]></id_tax>
<amount><![CDATA[1.509900]]></amount>
</order_invoice_tax>
<order_invoice_tax><id_order_invoice><![CDATA[2184]]></id_order_invoice>
<type><![CDATA[shipping]]></type>
<id_tax><![CDATA[1]]></id_tax>
<amount><![CDATA[1.476300]]></amount>
</order_invoice_tax>
<order_invoice_tax><id_order_invoice><![CDATA[2185]]></id_order_invoice>
<type><![CDATA[shipping]]></type>
<id_tax><![CDATA[1]]></id_tax>
<amount><![CDATA[0.781200]]></amount>
</order_invoice_tax>
<order_invoice_tax><id_order_invoice><![CDATA[2186]]></id_order_invoice>
<type><![CDATA[shipping]]></type>
<id_tax><![CDATA[1]]></id_tax>
<amount><![CDATA[0.000000]]></amount>
</order_invoice_tax>
<order_invoice_tax><id_order_invoice><![CDATA[2187]]></id_order_invoice>
<type><![CDATA[shipping]]></type>
<id_tax><![CDATA[1]]></id_tax>
<amount><![CDATA[0.781200]]></amount>
</order_invoice_tax>
<order_invoice_tax><id_order_invoice><![CDATA[2188]]></id_order_invoice>
<type><![CDATA[shipping]]></type>
<id_tax><![CDATA[1]]></id_tax>
<amount><![CDATA[0.781200]]></amount>
</order_invoice_tax>
<order_invoice_tax><id_order_invoice><![CDATA[2189]]></id_order_invoice>
<type><![CDATA[shipping]]></type>
<id_tax><![CDATA[1]]></id_tax>
<amount><![CDATA[0.781200]]></amount>
</order_invoice_tax>
<order_invoice_tax><id_order_invoice><![CDATA[2190]]></id_order_invoice>
<type><![CDATA[shipping]]></type>
<id_tax><![CDATA[1]]></id_tax>
<amount><![CDATA[1.545600]]></amount>
</order_invoice_tax>
<order_invoice_tax><id_order_invoice><![CDATA[2191]]></id_order_invoice>
<type><![CDATA[shipping]]></type>
<id_tax><![CDATA[1]]></id_tax>
<amount><![CDATA[1.302000]]></amount>
</order_invoice_tax>
<order_invoice_tax><id_order_invoice><![CDATA[2192]]></id_order_invoice>
<type><![CDATA[shipping]]></type>
<id_tax><![CDATA[1]]></id_tax>
<amount><![CDATA[1.302000]]></amount>
</order_invoice_tax>
<order_invoice_tax><id_order_invoice><![CDATA[2193]]></id_order_invoice>
<type><![CDATA[shipping]]></type>
<id_tax><![CDATA[1]]></id_tax>
<amount><![CDATA[1.545600]]></amount>
</order_invoice_tax>
<order_invoice_tax><id_order_invoice><![CDATA[2194]]></id_order_invoice>
<type><![CDATA[shipping]]></type>
<id_tax><![CDATA[1]]></id_tax>
<amount><![CDATA[0.000000]]></amount>
</order_invoice_tax>
<order_invoice_tax><id_order_invoice><![CDATA[2195]]></id_order_invoice>
<type><![CDATA[shipping]]></type>
<id_tax><![CDATA[1]]></id_tax>
<amount><![CDATA[1.545600]]></amount>
</order_invoice_tax>
<order_invoice_tax><id_order_invoice><![CDATA[2196]]></id_order_invoice>
<type><![CDATA[shipping]]></type>
<id_tax><![CDATA[1]]></id_tax>
<amount><![CDATA[0.000000]]></amount>
</order_invoice_tax>
<order_invoice_tax><id_order_invoice><![CDATA[2197]]></id_order_invoice>
<type><![CDATA[shipping]]></type>
<id_tax><![CDATA[1]]></id_tax>
<amount><![CDATA[1.476300]]></amount>
</order_invoice_tax>
<order_invoice_tax><id_order_invoice><![CDATA[2198]]></id_order_invoice>
<type><![CDATA[shipping]]></type>
<id_tax><![CDATA[1]]></id_tax>
<amount><![CDATA[1.302000]]></amount>
</order_invoice_tax>
<order_invoice_tax><id_order_invoice><![CDATA[2199]]></id_order_invoice>
<type><![CDATA[shipping]]></type>
<id_tax><![CDATA[1]]></id_tax>
<amount><![CDATA[1.476300]]></amount>
</order_invoice_tax>
<order_invoice_tax><id_order_invoice><![CDATA[2200]]></id_order_invoice>
<type><![CDATA[shipping]]></type>
<id_tax><![CDATA[1]]></id_tax>
<amount><![CDATA[1.545600]]></amount>
</order_invoice_tax>
<order_invoice_tax><id_order_invoice><![CDATA[2201]]></id_order_invoice>
<type><![CDATA[shipping]]></type>
<id_tax><![CDATA[1]]></id_tax>
<amount><![CDATA[1.302000]]></amount>
</order_invoice_tax>
<order_invoice_tax><id_order_invoice><![CDATA[2202]]></id_order_invoice>
<type><![CDATA[shipping]]></type>
<id_tax><![CDATA[1]]></id_tax>
<amount><![CDATA[1.509900]]></amount>
</order_invoice_tax>
<order_invoice_tax><id_order_invoice><![CDATA[2203]]></id_order_invoice>
<type><![CDATA[shipping]]></type>
<id_tax><![CDATA[1]]></id_tax>
<amount><![CDATA[1.509900]]></amount>
</order_invoice_tax>
<order_invoice_tax><id_order_invoice><![CDATA[2204]]></id_order_invoice>
<type><![CDATA[shipping]]></type>
<id_tax><![CDATA[1]]></id_tax>
<amount><![CDATA[1.545600]]></amount>
</order_invoice_tax>
<order_invoice_tax><id_order_invoice><![CDATA[2205]]></id_order_invoice>
<type><![CDATA[shipping]]></type>
<id_tax><![CDATA[1]]></id_tax>
<amount><![CDATA[0.781200]]></amount>
</order_invoice_tax>
<order_invoice_tax><id_order_invoice><![CDATA[2206]]></id_order_invoice>
<type><![CDATA[shipping]]></type>
<id_tax><![CDATA[1]]></id_tax>
<amount><![CDATA[1.509900]]></amount>
</order_invoice_tax>
<order_invoice_tax><id_order_invoice><![CDATA[2207]]></id_order_invoice>
<type><![CDATA[shipping]]></type>
<id_tax><![CDATA[1]]></id_tax>
<amount><![CDATA[1.545600]]></amount>
</order_invoice_tax>
<order_invoice_tax><id_order_invoice><![CDATA[2208]]></id_order_invoice>
<type><![CDATA[shipping]]></type>
<id_tax><![CDATA[1]]></id_tax>
<amount><![CDATA[1.476300]]></amount>
</order_invoice_tax>
<order_invoice_tax><id_order_invoice><![CDATA[2209]]></id_order_invoice>
<type><![CDATA[shipping]]></type>
<id_tax><![CDATA[1]]></id_tax>
<amount><![CDATA[1.302000]]></amount>
</order_invoice_tax>
<order_invoice_tax><id_order_invoice><![CDATA[2210]]></id_order_invoice>
<type><![CDATA[shipping]]></type>
<id_tax><![CDATA[1]]></id_tax>
<amount><![CDATA[1.302000]]></amount>
</order_invoice_tax>
<order_invoice_tax><id_order_invoice><![CDATA[2211]]></id_order_invoice>
<type><![CDATA[shipping]]></type>
<id_tax><![CDATA[1]]></id_tax>
<amount><![CDATA[1.545600]]></amount>
</order_invoice_tax>
<order_invoice_tax><id_order_invoice><![CDATA[2212]]></id_order_invoice>
<type><![CDATA[shipping]]></type>
<id_tax><![CDATA[1]]></id_tax>
<amount><![CDATA[1.545600]]></amount>
</order_invoice_tax>
<order_invoice_tax><id_order_invoice><![CDATA[2213]]></id_order_invoice>
<type><![CDATA[shipping]]></type>
<id_tax><![CDATA[1]]></id_tax>
<amount><![CDATA[0.781200]]></amount>
</order_invoice_tax>
<order_invoice_tax><id_order_invoice><![CDATA[2214]]></id_order_invoice>
<type><![CDATA[shipping]]></type>
<id_tax><![CDATA[1]]></id_tax>
<amount><![CDATA[0.000000]]></amount>
</order_invoice_tax>
<order_invoice_tax><id_order_invoice><![CDATA[2215]]></id_order_invoice>
<type><![CDATA[shipping]]></type>
<id_tax><![CDATA[1]]></id_tax>
<amount><![CDATA[1.545600]]></amount>
</order_invoice_tax>
<order_invoice_tax><id_order_invoice><![CDATA[2216]]></id_order_invoice>
<type><![CDATA[shipping]]></type>
<id_tax><![CDATA[1]]></id_tax>
<amount><![CDATA[0.000000]]></amount>
</order_invoice_tax>
<order_invoice_tax><id_order_invoice><![CDATA[2217]]></id_order_invoice>
<type><![CDATA[shipping]]></type>
<id_tax><![CDATA[1]]></id_tax>
<amount><![CDATA[1.302000]]></amount>
</order_invoice_tax>
<order_invoice_tax><id_order_invoice><![CDATA[2218]]></id_order_invoice>
<type><![CDATA[shipping]]></type>
<id_tax><![CDATA[1]]></id_tax>
<amount><![CDATA[1.302000]]></amount>
</order_invoice_tax>
<order_invoice_tax><id_order_invoice><![CDATA[2219]]></id_order_invoice>
<type><![CDATA[shipping]]></type>
<id_tax><![CDATA[1]]></id_tax>
<amount><![CDATA[1.545600]]></amount>
</order_invoice_tax>
<order_invoice_tax><id_order_invoice><![CDATA[2220]]></id_order_invoice>
<type><![CDATA[shipping]]></type>
<id_tax><![CDATA[1]]></id_tax>
<amount><![CDATA[1.509900]]></amount>
</order_invoice_tax>
<order_invoice_tax><id_order_invoice><![CDATA[2221]]></id_order_invoice>
<type><![CDATA[shipping]]></type>
<id_tax><![CDATA[1]]></id_tax>
<amount><![CDATA[1.545600]]></amount>
</order_invoice_tax>
<order_invoice_tax><id_order_invoice><![CDATA[2222]]></id_order_invoice>
<type><![CDATA[shipping]]></type>
<id_tax><![CDATA[1]]></id_tax>
<amount><![CDATA[0.781200]]></amount>
</order_invoice_tax>
<order_invoice_tax><id_order_invoice><![CDATA[2223]]></id_order_invoice>
<type><![CDATA[shipping]]></type>
<id_tax><![CDATA[1]]></id_tax>
<amount><![CDATA[0.781200]]></amount>
</order_invoice_tax>
<order_invoice_tax><id_order_invoice><![CDATA[2224]]></id_order_invoice>
<type><![CDATA[shipping]]></type>
<id_tax><![CDATA[1]]></id_tax>
<amount><![CDATA[1.545600]]></amount>
</order_invoice_tax>
<order_invoice_tax><id_order_invoice><![CDATA[2225]]></id_order_invoice>
<type><![CDATA[shipping]]></type>
<id_tax><![CDATA[1]]></id_tax>
<amount><![CDATA[1.302000]]></amount>
</order_invoice_tax>
<order_invoice_tax><id_order_invoice><![CDATA[2226]]></id_order_invoice>
<type><![CDATA[shipping]]></type>
<id_tax><![CDATA[1]]></id_tax>
<amount><![CDATA[0.000000]]></amount>
</order_invoice_tax>
<order_invoice_tax><id_order_invoice><![CDATA[2227]]></id_order_invoice>
<type><![CDATA[shipping]]></type>
<id_tax><![CDATA[1]]></id_tax>
<amount><![CDATA[1.545600]]></amount>
</order_invoice_tax>
<order_invoice_tax><id_order_invoice><![CDATA[2228]]></id_order_invoice>
<type><![CDATA[shipping]]></type>
<id_tax><![CDATA[1]]></id_tax>
<amount><![CDATA[0.000000]]></amount>
</order_invoice_tax>
<order_invoice_tax><id_order_invoice><![CDATA[2229]]></id_order_invoice>
<type><![CDATA[shipping]]></type>
<id_tax><![CDATA[1]]></id_tax>
<amount><![CDATA[1.302000]]></amount>
</order_invoice_tax>
<order_invoice_tax><id_order_invoice><![CDATA[2230]]></id_order_invoice>
<type><![CDATA[shipping]]></type>
<id_tax><![CDATA[1]]></id_tax>
<amount><![CDATA[1.545600]]></amount>
</order_invoice_tax>
<order_invoice_tax><id_order_invoice><![CDATA[2231]]></id_order_invoice>
<type><![CDATA[shipping]]></type>
<id_tax><![CDATA[1]]></id_tax>
<amount><![CDATA[0.781200]]></amount>
</order_invoice_tax>
<order_invoice_tax><id_order_invoice><![CDATA[2232]]></id_order_invoice>
<type><![CDATA[shipping]]></type>
<id_tax><![CDATA[1]]></id_tax>
<amount><![CDATA[1.509900]]></amount>
</order_invoice_tax>
<order_invoice_tax><id_order_invoice><![CDATA[2233]]></id_order_invoice>
<type><![CDATA[shipping]]></type>
<id_tax><![CDATA[1]]></id_tax>
<amount><![CDATA[1.509900]]></amount>
</order_invoice_tax>
<order_invoice_tax><id_order_invoice><![CDATA[2234]]></id_order_invoice>
<type><![CDATA[shipping]]></type>
<id_tax><![CDATA[1]]></id_tax>
<amount><![CDATA[0.781200]]></amount>
</order_invoice_tax>
<order_invoice_tax><id_order_invoice><![CDATA[2235]]></id_order_invoice>
<type><![CDATA[shipping]]></type>
<id_tax><![CDATA[1]]></id_tax>
<amount><![CDATA[0.000000]]></amount>
</order_invoice_tax>
<order_invoice_tax><id_order_invoice><![CDATA[2236]]></id_order_invoice>
<type><![CDATA[shipping]]></type>
<id_tax><![CDATA[1]]></id_tax>
<amount><![CDATA[0.781200]]></amount>
</order_invoice_tax>
<order_invoice_tax><id_order_invoice><![CDATA[2237]]></id_order_invoice>
<type><![CDATA[shipping]]></type>
<id_tax><![CDATA[1]]></id_tax>
<amount><![CDATA[0.000000]]></amount>
</order_invoice_tax>
<order_invoice_tax><id_order_invoice><![CDATA[2238]]></id_order_invoice>
<type><![CDATA[shipping]]></type>
<id_tax><![CDATA[1]]></id_tax>
<amount><![CDATA[0.781200]]></amount>
</order_invoice_tax>
<order_invoice_tax><id_order_invoice><![CDATA[2239]]></id_order_invoice>
<type><![CDATA[shipping]]></type>
<id_tax><![CDATA[1]]></id_tax>
<amount><![CDATA[1.509900]]></amount>
</order_invoice_tax>
<order_invoice_tax><id_order_invoice><![CDATA[2240]]></id_order_invoice>
<type><![CDATA[shipping]]></type>
<id_tax><![CDATA[1]]></id_tax>
<amount><![CDATA[1.545600]]></amount>
</order_invoice_tax>
<order_invoice_tax><id_order_invoice><![CDATA[2241]]></id_order_invoice>
<type><![CDATA[shipping]]></type>
<id_tax><![CDATA[1]]></id_tax>
<amount><![CDATA[0.781200]]></amount>
</order_invoice_tax>
<order_invoice_tax><id_order_invoice><![CDATA[2242]]></id_order_invoice>
<type><![CDATA[shipping]]></type>
<id_tax><![CDATA[1]]></id_tax>
<amount><![CDATA[0.781200]]></amount>
</order_invoice_tax>
<order_invoice_tax><id_order_invoice><![CDATA[2243]]></id_order_invoice>
<type><![CDATA[shipping]]></type>
<id_tax><![CDATA[1]]></id_tax>
<amount><![CDATA[1.302000]]></amount>
</order_invoice_tax>
<order_invoice_tax><id_order_invoice><![CDATA[2244]]></id_order_invoice>
<type><![CDATA[shipping]]></type>
<id_tax><![CDATA[1]]></id_tax>
<amount><![CDATA[1.302000]]></amount>
</order_invoice_tax>
<order_invoice_tax><id_order_invoice><![CDATA[2245]]></id_order_invoice>
<type><![CDATA[shipping]]></type>
<id_tax><![CDATA[1]]></id_tax>
<amount><![CDATA[1.545600]]></amount>
</order_invoice_tax>
<order_invoice_tax><id_order_invoice><![CDATA[2246]]></id_order_invoice>
<type><![CDATA[shipping]]></type>
<id_tax><![CDATA[1]]></id_tax>
<amount><![CDATA[0.781200]]></amount>
</order_invoice_tax>
<order_invoice_tax><id_order_invoice><![CDATA[2247]]></id_order_invoice>
<type><![CDATA[shipping]]></type>
<id_tax><![CDATA[1]]></id_tax>
<amount><![CDATA[1.509900]]></amount>
</order_invoice_tax>
<order_invoice_tax><id_order_invoice><![CDATA[2248]]></id_order_invoice>
<type><![CDATA[shipping]]></type>
<id_tax><![CDATA[1]]></id_tax>
<amount><![CDATA[1.509900]]></amount>
</order_invoice_tax>
<order_invoice_tax><id_order_invoice><![CDATA[2249]]></id_order_invoice>
<type><![CDATA[shipping]]></type>
<id_tax><![CDATA[1]]></id_tax>
<amount><![CDATA[1.509900]]></amount>
</order_invoice_tax>
<order_invoice_tax><id_order_invoice><![CDATA[2250]]></id_order_invoice>
<type><![CDATA[shipping]]></type>
<id_tax><![CDATA[1]]></id_tax>
<amount><![CDATA[1.545600]]></amount>
</order_invoice_tax>
<order_invoice_tax><id_order_invoice><![CDATA[2251]]></id_order_invoice>
<type><![CDATA[shipping]]></type>
<id_tax><![CDATA[1]]></id_tax>
<amount><![CDATA[1.545600]]></amount>
</order_invoice_tax>
<order_invoice_tax><id_order_invoice><![CDATA[2252]]></id_order_invoice>
<type><![CDATA[shipping]]></type>
<id_tax><![CDATA[1]]></id_tax>
<amount><![CDATA[0.000000]]></amount>
</order_invoice_tax>
<order_invoice_tax><id_order_invoice><![CDATA[2253]]></id_order_invoice>
<type><![CDATA[shipping]]></type>
<id_tax><![CDATA[1]]></id_tax>
<amount><![CDATA[1.509900]]></amount>
</order_invoice_tax>
<order_invoice_tax><id_order_invoice><![CDATA[2254]]></id_order_invoice>
<type><![CDATA[shipping]]></type>
<id_tax><![CDATA[1]]></id_tax>
<amount><![CDATA[0.781200]]></amount>
</order_invoice_tax>
<order_invoice_tax><id_order_invoice><![CDATA[2255]]></id_order_invoice>
<type><![CDATA[shipping]]></type>
<id_tax><![CDATA[1]]></id_tax>
<amount><![CDATA[0.781200]]></amount>
</order_invoice_tax>
<order_invoice_tax><id_order_invoice><![CDATA[2256]]></id_order_invoice>
<type><![CDATA[shipping]]></type>
<id_tax><![CDATA[1]]></id_tax>
<amount><![CDATA[0.000000]]></amount>
</order_invoice_tax>
<order_invoice_tax><id_order_invoice><![CDATA[2257]]></id_order_invoice>
<type><![CDATA[shipping]]></type>
<id_tax><![CDATA[1]]></id_tax>
<amount><![CDATA[1.545600]]></amount>
</order_invoice_tax>
<order_invoice_tax><id_order_invoice><![CDATA[2258]]></id_order_invoice>
<type><![CDATA[shipping]]></type>
<id_tax><![CDATA[1]]></id_tax>
<amount><![CDATA[1.302000]]></amount>
</order_invoice_tax>
<order_invoice_tax><id_order_invoice><![CDATA[2259]]></id_order_invoice>
<type><![CDATA[shipping]]></type>
<id_tax><![CDATA[1]]></id_tax>
<amount><![CDATA[1.545600]]></amount>
</order_invoice_tax>
<order_invoice_tax><id_order_invoice><![CDATA[2260]]></id_order_invoice>
<type><![CDATA[shipping]]></type>
<id_tax><![CDATA[1]]></id_tax>
<amount><![CDATA[1.545600]]></amount>
</order_invoice_tax>
<order_invoice_tax><id_order_invoice><![CDATA[2261]]></id_order_invoice>
<type><![CDATA[shipping]]></type>
<id_tax><![CDATA[1]]></id_tax>
<amount><![CDATA[0.781200]]></amount>
</order_invoice_tax>
<order_invoice_tax><id_order_invoice><![CDATA[2262]]></id_order_invoice>
<type><![CDATA[shipping]]></type>
<id_tax><![CDATA[1]]></id_tax>
<amount><![CDATA[1.476300]]></amount>
</order_invoice_tax>
<order_invoice_tax><id_order_invoice><![CDATA[2263]]></id_order_invoice>
<type><![CDATA[shipping]]></type>
<id_tax><![CDATA[1]]></id_tax>
<amount><![CDATA[1.476300]]></amount>
</order_invoice_tax>
<order_invoice_tax><id_order_invoice><![CDATA[2264]]></id_order_invoice>
<type><![CDATA[shipping]]></type>
<id_tax><![CDATA[1]]></id_tax>
<amount><![CDATA[1.545600]]></amount>
</order_invoice_tax>
<order_invoice_tax><id_order_invoice><![CDATA[2265]]></id_order_invoice>
<type><![CDATA[shipping]]></type>
<id_tax><![CDATA[1]]></id_tax>
<amount><![CDATA[1.509900]]></amount>
</order_invoice_tax>
<order_invoice_tax><id_order_invoice><![CDATA[2266]]></id_order_invoice>
<type><![CDATA[shipping]]></type>
<id_tax><![CDATA[1]]></id_tax>
<amount><![CDATA[1.476300]]></amount>
</order_invoice_tax>
<order_invoice_tax><id_order_invoice><![CDATA[2267]]></id_order_invoice>
<type><![CDATA[shipping]]></type>
<id_tax><![CDATA[1]]></id_tax>
<amount><![CDATA[0.781200]]></amount>
</order_invoice_tax>
<order_invoice_tax><id_order_invoice><![CDATA[2268]]></id_order_invoice>
<type><![CDATA[shipping]]></type>
<id_tax><![CDATA[1]]></id_tax>
<amount><![CDATA[1.545600]]></amount>
</order_invoice_tax>
<order_invoice_tax><id_order_invoice><![CDATA[2269]]></id_order_invoice>
<type><![CDATA[shipping]]></type>
<id_tax><![CDATA[1]]></id_tax>
<amount><![CDATA[1.545600]]></amount>
</order_invoice_tax>
<order_invoice_tax><id_order_invoice><![CDATA[2270]]></id_order_invoice>
<type><![CDATA[shipping]]></type>
<id_tax><![CDATA[1]]></id_tax>
<amount><![CDATA[0.781200]]></amount>
</order_invoice_tax>
<order_invoice_tax><id_order_invoice><![CDATA[2271]]></id_order_invoice>
<type><![CDATA[shipping]]></type>
<id_tax><![CDATA[1]]></id_tax>
<amount><![CDATA[0.781200]]></amount>
</order_invoice_tax>
<order_invoice_tax><id_order_invoice><![CDATA[2272]]></id_order_invoice>
<type><![CDATA[shipping]]></type>
<id_tax><![CDATA[1]]></id_tax>
<amount><![CDATA[0.781200]]></amount>
</order_invoice_tax>
<order_invoice_tax><id_order_invoice><![CDATA[2273]]></id_order_invoice>
<type><![CDATA[shipping]]></type>
<id_tax><![CDATA[1]]></id_tax>
<amount><![CDATA[1.545600]]></amount>
</order_invoice_tax>
<order_invoice_tax><id_order_invoice><![CDATA[2274]]></id_order_invoice>
<type><![CDATA[shipping]]></type>
<id_tax><![CDATA[1]]></id_tax>
<amount><![CDATA[1.545600]]></amount>
</order_invoice_tax>
<order_invoice_tax><id_order_invoice><![CDATA[2275]]></id_order_invoice>
<type><![CDATA[shipping]]></type>
<id_tax><![CDATA[1]]></id_tax>
<amount><![CDATA[1.545600]]></amount>
</order_invoice_tax>
<order_invoice_tax><id_order_invoice><![CDATA[2276]]></id_order_invoice>
<type><![CDATA[shipping]]></type>
<id_tax><![CDATA[1]]></id_tax>
<amount><![CDATA[1.476300]]></amount>
</order_invoice_tax>
<order_invoice_tax><id_order_invoice><![CDATA[2277]]></id_order_invoice>
<type><![CDATA[shipping]]></type>
<id_tax><![CDATA[1]]></id_tax>
<amount><![CDATA[0.781200]]></amount>
</order_invoice_tax>
<order_invoice_tax><id_order_invoice><![CDATA[2278]]></id_order_invoice>
<type><![CDATA[shipping]]></type>
<id_tax><![CDATA[1]]></id_tax>
<amount><![CDATA[0.781200]]></amount>
</order_invoice_tax>
<order_invoice_tax><id_order_invoice><![CDATA[2279]]></id_order_invoice>
<type><![CDATA[shipping]]></type>
<id_tax><![CDATA[1]]></id_tax>
<amount><![CDATA[1.545600]]></amount>
</order_invoice_tax>
<order_invoice_tax><id_order_invoice><![CDATA[2280]]></id_order_invoice>
<type><![CDATA[shipping]]></type>
<id_tax><![CDATA[1]]></id_tax>
<amount><![CDATA[0.781200]]></amount>
</order_invoice_tax>
<order_invoice_tax><id_order_invoice><![CDATA[2281]]></id_order_invoice>
<type><![CDATA[shipping]]></type>
<id_tax><![CDATA[1]]></id_tax>
<amount><![CDATA[1.545600]]></amount>
</order_invoice_tax>
<order_invoice_tax><id_order_invoice><![CDATA[2282]]></id_order_invoice>
<type><![CDATA[shipping]]></type>
<id_tax><![CDATA[1]]></id_tax>
<amount><![CDATA[1.476300]]></amount>
</order_invoice_tax>
<order_invoice_tax><id_order_invoice><![CDATA[2283]]></id_order_invoice>
<type><![CDATA[shipping]]></type>
<id_tax><![CDATA[1]]></id_tax>
<amount><![CDATA[1.302000]]></amount>
</order_invoice_tax>
<order_invoice_tax><id_order_invoice><![CDATA[2284]]></id_order_invoice>
<type><![CDATA[shipping]]></type>
<id_tax><![CDATA[1]]></id_tax>
<amount><![CDATA[1.302000]]></amount>
</order_invoice_tax>
<order_invoice_tax><id_order_invoice><![CDATA[2285]]></id_order_invoice>
<type><![CDATA[shipping]]></type>
<id_tax><![CDATA[1]]></id_tax>
<amount><![CDATA[1.545600]]></amount>
</order_invoice_tax>
<order_invoice_tax><id_order_invoice><![CDATA[2286]]></id_order_invoice>
<type><![CDATA[shipping]]></type>
<id_tax><![CDATA[1]]></id_tax>
<amount><![CDATA[0.000000]]></amount>
</order_invoice_tax>
<order_invoice_tax><id_order_invoice><![CDATA[2287]]></id_order_invoice>
<type><![CDATA[shipping]]></type>
<id_tax><![CDATA[1]]></id_tax>
<amount><![CDATA[0.000000]]></amount>
</order_invoice_tax>
<order_invoice_tax><id_order_invoice><![CDATA[2288]]></id_order_invoice>
<type><![CDATA[shipping]]></type>
<id_tax><![CDATA[1]]></id_tax>
<amount><![CDATA[1.545600]]></amount>
</order_invoice_tax>
<order_invoice_tax><id_order_invoice><![CDATA[2289]]></id_order_invoice>
<type><![CDATA[shipping]]></type>
<id_tax><![CDATA[1]]></id_tax>
<amount><![CDATA[1.545600]]></amount>
</order_invoice_tax>
<order_invoice_tax><id_order_invoice><![CDATA[2290]]></id_order_invoice>
<type><![CDATA[shipping]]></type>
<id_tax><![CDATA[1]]></id_tax>
<amount><![CDATA[0.781200]]></amount>
</order_invoice_tax>
<order_invoice_tax><id_order_invoice><![CDATA[2291]]></id_order_invoice>
<type><![CDATA[shipping]]></type>
<id_tax><![CDATA[1]]></id_tax>
<amount><![CDATA[1.476300]]></amount>
</order_invoice_tax>
<order_invoice_tax><id_order_invoice><![CDATA[2292]]></id_order_invoice>
<type><![CDATA[shipping]]></type>
<id_tax><![CDATA[1]]></id_tax>
<amount><![CDATA[1.476300]]></amount>
</order_invoice_tax>
<order_invoice_tax><id_order_invoice><![CDATA[2293]]></id_order_invoice>
<type><![CDATA[shipping]]></type>
<id_tax><![CDATA[1]]></id_tax>
<amount><![CDATA[0.781200]]></amount>
</order_invoice_tax>
<order_invoice_tax><id_order_invoice><![CDATA[2294]]></id_order_invoice>
<type><![CDATA[shipping]]></type>
<id_tax><![CDATA[1]]></id_tax>
<amount><![CDATA[1.509900]]></amount>
</order_invoice_tax>
<order_invoice_tax><id_order_invoice><![CDATA[2295]]></id_order_invoice>
<type><![CDATA[shipping]]></type>
<id_tax><![CDATA[1]]></id_tax>
<amount><![CDATA[1.545600]]></amount>
</order_invoice_tax>
<order_invoice_tax><id_order_invoice><![CDATA[2296]]></id_order_invoice>
<type><![CDATA[shipping]]></type>
<id_tax><![CDATA[1]]></id_tax>
<amount><![CDATA[1.545600]]></amount>
</order_invoice_tax>
<order_invoice_tax><id_order_invoice><![CDATA[2297]]></id_order_invoice>
<type><![CDATA[shipping]]></type>
<id_tax><![CDATA[1]]></id_tax>
<amount><![CDATA[1.545600]]></amount>
</order_invoice_tax>
<order_invoice_tax><id_order_invoice><![CDATA[2298]]></id_order_invoice>
<type><![CDATA[shipping]]></type>
<id_tax><![CDATA[1]]></id_tax>
<amount><![CDATA[1.302000]]></amount>
</order_invoice_tax>
<order_invoice_tax><id_order_invoice><![CDATA[2299]]></id_order_invoice>
<type><![CDATA[shipping]]></type>
<id_tax><![CDATA[1]]></id_tax>
<amount><![CDATA[0.000000]]></amount>
</order_invoice_tax>
<order_invoice_tax><id_order_invoice><![CDATA[2300]]></id_order_invoice>
<type><![CDATA[shipping]]></type>
<id_tax><![CDATA[1]]></id_tax>
<amount><![CDATA[1.033200]]></amount>
</order_invoice_tax>
<order_invoice_tax><id_order_invoice><![CDATA[2301]]></id_order_invoice>
<type><![CDATA[shipping]]></type>
<id_tax><![CDATA[1]]></id_tax>
<amount><![CDATA[0.781200]]></amount>
</order_invoice_tax>
<order_invoice_tax><id_order_invoice><![CDATA[2302]]></id_order_invoice>
<type><![CDATA[shipping]]></type>
<id_tax><![CDATA[1]]></id_tax>
<amount><![CDATA[0.000000]]></amount>
</order_invoice_tax>
<order_invoice_tax><id_order_invoice><![CDATA[2303]]></id_order_invoice>
<type><![CDATA[shipping]]></type>
<id_tax><![CDATA[1]]></id_tax>
<amount><![CDATA[1.509900]]></amount>
</order_invoice_tax>
<order_invoice_tax><id_order_invoice><![CDATA[2304]]></id_order_invoice>
<type><![CDATA[shipping]]></type>
<id_tax><![CDATA[1]]></id_tax>
<amount><![CDATA[0.781200]]></amount>
</order_invoice_tax>
<order_invoice_tax><id_order_invoice><![CDATA[2305]]></id_order_invoice>
<type><![CDATA[shipping]]></type>
<id_tax><![CDATA[1]]></id_tax>
<amount><![CDATA[1.545600]]></amount>
</order_invoice_tax>
<order_invoice_tax><id_order_invoice><![CDATA[2306]]></id_order_invoice>
<type><![CDATA[shipping]]></type>
<id_tax><![CDATA[1]]></id_tax>
<amount><![CDATA[0.000000]]></amount>
</order_invoice_tax>
<order_invoice_tax><id_order_invoice><![CDATA[2307]]></id_order_invoice>
<type><![CDATA[shipping]]></type>
<id_tax><![CDATA[1]]></id_tax>
<amount><![CDATA[0.000000]]></amount>
</order_invoice_tax>
<order_invoice_tax><id_order_invoice><![CDATA[2308]]></id_order_invoice>
<type><![CDATA[shipping]]></type>
<id_tax><![CDATA[1]]></id_tax>
<amount><![CDATA[1.476300]]></amount>
</order_invoice_tax>
<order_invoice_tax><id_order_invoice><![CDATA[2309]]></id_order_invoice>
<type><![CDATA[shipping]]></type>
<id_tax><![CDATA[1]]></id_tax>
<amount><![CDATA[0.781200]]></amount>
</order_invoice_tax>
<order_invoice_tax><id_order_invoice><![CDATA[2310]]></id_order_invoice>
<type><![CDATA[shipping]]></type>
<id_tax><![CDATA[1]]></id_tax>
<amount><![CDATA[0.781200]]></amount>
</order_invoice_tax>
<order_invoice_tax><id_order_invoice><![CDATA[2311]]></id_order_invoice>
<type><![CDATA[shipping]]></type>
<id_tax><![CDATA[1]]></id_tax>
<amount><![CDATA[0.000000]]></amount>
</order_invoice_tax>
<order_invoice_tax><id_order_invoice><![CDATA[2312]]></id_order_invoice>
<type><![CDATA[shipping]]></type>
<id_tax><![CDATA[1]]></id_tax>
<amount><![CDATA[0.781200]]></amount>
</order_invoice_tax>
<order_invoice_tax><id_order_invoice><![CDATA[2313]]></id_order_invoice>
<type><![CDATA[shipping]]></type>
<id_tax><![CDATA[1]]></id_tax>
<amount><![CDATA[1.509900]]></amount>
</order_invoice_tax>
<order_invoice_tax><id_order_invoice><![CDATA[2314]]></id_order_invoice>
<type><![CDATA[shipping]]></type>
<id_tax><![CDATA[1]]></id_tax>
<amount><![CDATA[1.302000]]></amount>
</order_invoice_tax>
<order_invoice_tax><id_order_invoice><![CDATA[2315]]></id_order_invoice>
<type><![CDATA[shipping]]></type>
<id_tax><![CDATA[1]]></id_tax>
<amount><![CDATA[0.781200]]></amount>
</order_invoice_tax>
<order_invoice_tax><id_order_invoice><![CDATA[2316]]></id_order_invoice>
<type><![CDATA[shipping]]></type>
<id_tax><![CDATA[1]]></id_tax>
<amount><![CDATA[0.781200]]></amount>
</order_invoice_tax>
<order_invoice_tax><id_order_invoice><![CDATA[2317]]></id_order_invoice>
<type><![CDATA[shipping]]></type>
<id_tax><![CDATA[1]]></id_tax>
<amount><![CDATA[0.000000]]></amount>
</order_invoice_tax>
<order_invoice_tax><id_order_invoice><![CDATA[2318]]></id_order_invoice>
<type><![CDATA[shipping]]></type>
<id_tax><![CDATA[1]]></id_tax>
<amount><![CDATA[1.545600]]></amount>
</order_invoice_tax>
<order_invoice_tax><id_order_invoice><![CDATA[2319]]></id_order_invoice>
<type><![CDATA[shipping]]></type>
<id_tax><![CDATA[1]]></id_tax>
<amount><![CDATA[0.000000]]></amount>
</order_invoice_tax>
<order_invoice_tax><id_order_invoice><![CDATA[2320]]></id_order_invoice>
<type><![CDATA[shipping]]></type>
<id_tax><![CDATA[1]]></id_tax>
<amount><![CDATA[1.545600]]></amount>
</order_invoice_tax>
<order_invoice_tax><id_order_invoice><![CDATA[2321]]></id_order_invoice>
<type><![CDATA[shipping]]></type>
<id_tax><![CDATA[1]]></id_tax>
<amount><![CDATA[0.781200]]></amount>
</order_invoice_tax>
<order_invoice_tax><id_order_invoice><![CDATA[2322]]></id_order_invoice>
<type><![CDATA[shipping]]></type>
<id_tax><![CDATA[1]]></id_tax>
<amount><![CDATA[0.781200]]></amount>
</order_invoice_tax>
<order_invoice_tax><id_order_invoice><![CDATA[2323]]></id_order_invoice>
<type><![CDATA[shipping]]></type>
<id_tax><![CDATA[1]]></id_tax>
<amount><![CDATA[0.000000]]></amount>
</order_invoice_tax>
<order_invoice_tax><id_order_invoice><![CDATA[2324]]></id_order_invoice>
<type><![CDATA[shipping]]></type>
<id_tax><![CDATA[1]]></id_tax>
<amount><![CDATA[1.545600]]></amount>
</order_invoice_tax>
<order_invoice_tax><id_order_invoice><![CDATA[2325]]></id_order_invoice>
<type><![CDATA[shipping]]></type>
<id_tax><![CDATA[1]]></id_tax>
<amount><![CDATA[0.781200]]></amount>
</order_invoice_tax>
<order_invoice_tax><id_order_invoice><![CDATA[2326]]></id_order_invoice>
<type><![CDATA[shipping]]></type>
<id_tax><![CDATA[1]]></id_tax>
<amount><![CDATA[1.476300]]></amount>
</order_invoice_tax>
<order_invoice_tax><id_order_invoice><![CDATA[2327]]></id_order_invoice>
<type><![CDATA[shipping]]></type>
<id_tax><![CDATA[1]]></id_tax>
<amount><![CDATA[0.000000]]></amount>
</order_invoice_tax>
<order_invoice_tax><id_order_invoice><![CDATA[2328]]></id_order_invoice>
<type><![CDATA[shipping]]></type>
<id_tax><![CDATA[1]]></id_tax>
<amount><![CDATA[1.545600]]></amount>
</order_invoice_tax>
<order_invoice_tax><id_order_invoice><![CDATA[2329]]></id_order_invoice>
<type><![CDATA[shipping]]></type>
<id_tax><![CDATA[1]]></id_tax>
<amount><![CDATA[0.000000]]></amount>
</order_invoice_tax>
<order_invoice_tax><id_order_invoice><![CDATA[2330]]></id_order_invoice>
<type><![CDATA[shipping]]></type>
<id_tax><![CDATA[1]]></id_tax>
<amount><![CDATA[0.000000]]></amount>
</order_invoice_tax>
<order_invoice_tax><id_order_invoice><![CDATA[2331]]></id_order_invoice>
<type><![CDATA[shipping]]></type>
<id_tax><![CDATA[1]]></id_tax>
<amount><![CDATA[0.000000]]></amount>
</order_invoice_tax>
<order_invoice_tax><id_order_invoice><![CDATA[2332]]></id_order_invoice>
<type><![CDATA[shipping]]></type>
<id_tax><![CDATA[1]]></id_tax>
<amount><![CDATA[0.781200]]></amount>
</order_invoice_tax>
<order_invoice_tax><id_order_invoice><![CDATA[2333]]></id_order_invoice>
<type><![CDATA[shipping]]></type>
<id_tax><![CDATA[1]]></id_tax>
<amount><![CDATA[0.000000]]></amount>
</order_invoice_tax>
<order_invoice_tax><id_order_invoice><![CDATA[2334]]></id_order_invoice>
<type><![CDATA[shipping]]></type>
<id_tax><![CDATA[1]]></id_tax>
<amount><![CDATA[0.781200]]></amount>
</order_invoice_tax>
<order_invoice_tax><id_order_invoice><![CDATA[2335]]></id_order_invoice>
<type><![CDATA[shipping]]></type>
<id_tax><![CDATA[1]]></id_tax>
<amount><![CDATA[1.545600]]></amount>
</order_invoice_tax>
<order_invoice_tax><id_order_invoice><![CDATA[2336]]></id_order_invoice>
<type><![CDATA[shipping]]></type>
<id_tax><![CDATA[1]]></id_tax>
<amount><![CDATA[1.476300]]></amount>
</order_invoice_tax>
<order_invoice_tax><id_order_invoice><![CDATA[2337]]></id_order_invoice>
<type><![CDATA[shipping]]></type>
<id_tax><![CDATA[1]]></id_tax>
<amount><![CDATA[1.302000]]></amount>
</order_invoice_tax>
<order_invoice_tax><id_order_invoice><![CDATA[2338]]></id_order_invoice>
<type><![CDATA[shipping]]></type>
<id_tax><![CDATA[1]]></id_tax>
<amount><![CDATA[0.000000]]></amount>
</order_invoice_tax>
<order_invoice_tax><id_order_invoice><![CDATA[2339]]></id_order_invoice>
<type><![CDATA[shipping]]></type>
<id_tax><![CDATA[1]]></id_tax>
<amount><![CDATA[0.781200]]></amount>
</order_invoice_tax>
<order_invoice_tax><id_order_invoice><![CDATA[2340]]></id_order_invoice>
<type><![CDATA[shipping]]></type>
<id_tax><![CDATA[1]]></id_tax>
<amount><![CDATA[1.302000]]></amount>
</order_invoice_tax>
<order_invoice_tax><id_order_invoice><![CDATA[2341]]></id_order_invoice>
<type><![CDATA[shipping]]></type>
<id_tax><![CDATA[1]]></id_tax>
<amount><![CDATA[0.000000]]></amount>
</order_invoice_tax>
<order_invoice_tax><id_order_invoice><![CDATA[2342]]></id_order_invoice>
<type><![CDATA[shipping]]></type>
<id_tax><![CDATA[1]]></id_tax>
<amount><![CDATA[0.781200]]></amount>
</order_invoice_tax>
<order_invoice_tax><id_order_invoice><![CDATA[2343]]></id_order_invoice>
<type><![CDATA[shipping]]></type>
<id_tax><![CDATA[1]]></id_tax>
<amount><![CDATA[0.781200]]></amount>
</order_invoice_tax>
<order_invoice_tax><id_order_invoice><![CDATA[2344]]></id_order_invoice>
<type><![CDATA[shipping]]></type>
<id_tax><![CDATA[1]]></id_tax>
<amount><![CDATA[1.545600]]></amount>
</order_invoice_tax>
<order_invoice_tax><id_order_invoice><![CDATA[2345]]></id_order_invoice>
<type><![CDATA[shipping]]></type>
<id_tax><![CDATA[1]]></id_tax>
<amount><![CDATA[0.000000]]></amount>
</order_invoice_tax>
<order_invoice_tax><id_order_invoice><![CDATA[2346]]></id_order_invoice>
<type><![CDATA[shipping]]></type>
<id_tax><![CDATA[1]]></id_tax>
<amount><![CDATA[1.545600]]></amount>
</order_invoice_tax>
<order_invoice_tax><id_order_invoice><![CDATA[2347]]></id_order_invoice>
<type><![CDATA[shipping]]></type>
<id_tax><![CDATA[1]]></id_tax>
<amount><![CDATA[1.545600]]></amount>
</order_invoice_tax>
<order_invoice_tax><id_order_invoice><![CDATA[2348]]></id_order_invoice>
<type><![CDATA[shipping]]></type>
<id_tax><![CDATA[1]]></id_tax>
<amount><![CDATA[0.000000]]></amount>
</order_invoice_tax>
<order_invoice_tax><id_order_invoice><![CDATA[2349]]></id_order_invoice>
<type><![CDATA[shipping]]></type>
<id_tax><![CDATA[1]]></id_tax>
<amount><![CDATA[0.781200]]></amount>
</order_invoice_tax>
<order_invoice_tax><id_order_invoice><![CDATA[2350]]></id_order_invoice>
<type><![CDATA[shipping]]></type>
<id_tax><![CDATA[1]]></id_tax>
<amount><![CDATA[1.302000]]></amount>
</order_invoice_tax>
<order_invoice_tax><id_order_invoice><![CDATA[2351]]></id_order_invoice>
<type><![CDATA[shipping]]></type>
<id_tax><![CDATA[1]]></id_tax>
<amount><![CDATA[0.000000]]></amount>
</order_invoice_tax>
<order_invoice_tax><id_order_invoice><![CDATA[2352]]></id_order_invoice>
<type><![CDATA[shipping]]></type>
<id_tax><![CDATA[1]]></id_tax>
<amount><![CDATA[0.781200]]></amount>
</order_invoice_tax>
<order_invoice_tax><id_order_invoice><![CDATA[2353]]></id_order_invoice>
<type><![CDATA[shipping]]></type>
<id_tax><![CDATA[1]]></id_tax>
<amount><![CDATA[0.781200]]></amount>
</order_invoice_tax>
<order_invoice_tax><id_order_invoice><![CDATA[2354]]></id_order_invoice>
<type><![CDATA[shipping]]></type>
<id_tax><![CDATA[1]]></id_tax>
<amount><![CDATA[1.545600]]></amount>
</order_invoice_tax>
<order_invoice_tax><id_order_invoice><![CDATA[2355]]></id_order_invoice>
<type><![CDATA[shipping]]></type>
<id_tax><![CDATA[1]]></id_tax>
<amount><![CDATA[1.545600]]></amount>
</order_invoice_tax>
<order_invoice_tax><id_order_invoice><![CDATA[2356]]></id_order_invoice>
<type><![CDATA[shipping]]></type>
<id_tax><![CDATA[1]]></id_tax>
<amount><![CDATA[0.781200]]></amount>
</order_invoice_tax>
<order_invoice_tax><id_order_invoice><![CDATA[2357]]></id_order_invoice>
<type><![CDATA[shipping]]></type>
<id_tax><![CDATA[1]]></id_tax>
<amount><![CDATA[0.781200]]></amount>
</order_invoice_tax>
<order_invoice_tax><id_order_invoice><![CDATA[2358]]></id_order_invoice>
<type><![CDATA[shipping]]></type>
<id_tax><![CDATA[1]]></id_tax>
<amount><![CDATA[1.509900]]></amount>
</order_invoice_tax>
<order_invoice_tax><id_order_invoice><![CDATA[2359]]></id_order_invoice>
<type><![CDATA[shipping]]></type>
<id_tax><![CDATA[1]]></id_tax>
<amount><![CDATA[1.545600]]></amount>
</order_invoice_tax>
<order_invoice_tax><id_order_invoice><![CDATA[2360]]></id_order_invoice>
<type><![CDATA[shipping]]></type>
<id_tax><![CDATA[1]]></id_tax>
<amount><![CDATA[0.781200]]></amount>
</order_invoice_tax>
<order_invoice_tax><id_order_invoice><![CDATA[2361]]></id_order_invoice>
<type><![CDATA[shipping]]></type>
<id_tax><![CDATA[1]]></id_tax>
<amount><![CDATA[0.000000]]></amount>
</order_invoice_tax>
<order_invoice_tax><id_order_invoice><![CDATA[2362]]></id_order_invoice>
<type><![CDATA[shipping]]></type>
<id_tax><![CDATA[1]]></id_tax>
<amount><![CDATA[0.781200]]></amount>
</order_invoice_tax>
<order_invoice_tax><id_order_invoice><![CDATA[2363]]></id_order_invoice>
<type><![CDATA[shipping]]></type>
<id_tax><![CDATA[1]]></id_tax>
<amount><![CDATA[0.000000]]></amount>
</order_invoice_tax>
<order_invoice_tax><id_order_invoice><![CDATA[2364]]></id_order_invoice>
<type><![CDATA[shipping]]></type>
<id_tax><![CDATA[1]]></id_tax>
<amount><![CDATA[1.302000]]></amount>
</order_invoice_tax>
<order_invoice_tax><id_order_invoice><![CDATA[2365]]></id_order_invoice>
<type><![CDATA[shipping]]></type>
<id_tax><![CDATA[1]]></id_tax>
<amount><![CDATA[0.000000]]></amount>
</order_invoice_tax>
<order_invoice_tax><id_order_invoice><![CDATA[2366]]></id_order_invoice>
<type><![CDATA[shipping]]></type>
<id_tax><![CDATA[1]]></id_tax>
<amount><![CDATA[0.000000]]></amount>
</order_invoice_tax>
<order_invoice_tax><id_order_invoice><![CDATA[2367]]></id_order_invoice>
<type><![CDATA[shipping]]></type>
<id_tax><![CDATA[1]]></id_tax>
<amount><![CDATA[1.545600]]></amount>
</order_invoice_tax>
<order_invoice_tax><id_order_invoice><![CDATA[2368]]></id_order_invoice>
<type><![CDATA[shipping]]></type>
<id_tax><![CDATA[1]]></id_tax>
<amount><![CDATA[0.000000]]></amount>
</order_invoice_tax>
<order_invoice_tax><id_order_invoice><![CDATA[2369]]></id_order_invoice>
<type><![CDATA[shipping]]></type>
<id_tax><![CDATA[1]]></id_tax>
<amount><![CDATA[0.000000]]></amount>
</order_invoice_tax>
<order_invoice_tax><id_order_invoice><![CDATA[2370]]></id_order_invoice>
<type><![CDATA[shipping]]></type>
<id_tax><![CDATA[1]]></id_tax>
<amount><![CDATA[1.476300]]></amount>
</order_invoice_tax>
<order_invoice_tax><id_order_invoice><![CDATA[2371]]></id_order_invoice>
<type><![CDATA[shipping]]></type>
<id_tax><![CDATA[1]]></id_tax>
<amount><![CDATA[0.000000]]></amount>
</order_invoice_tax>
<order_invoice_tax><id_order_invoice><![CDATA[2372]]></id_order_invoice>
<type><![CDATA[shipping]]></type>
<id_tax><![CDATA[1]]></id_tax>
<amount><![CDATA[1.509900]]></amount>
</order_invoice_tax>
<order_invoice_tax><id_order_invoice><![CDATA[2373]]></id_order_invoice>
<type><![CDATA[shipping]]></type>
<id_tax><![CDATA[1]]></id_tax>
<amount><![CDATA[0.000000]]></amount>
</order_invoice_tax>
<order_invoice_tax><id_order_invoice><![CDATA[2374]]></id_order_invoice>
<type><![CDATA[shipping]]></type>
<id_tax><![CDATA[1]]></id_tax>
<amount><![CDATA[0.781200]]></amount>
</order_invoice_tax>
<order_invoice_tax><id_order_invoice><![CDATA[2375]]></id_order_invoice>
<type><![CDATA[shipping]]></type>
<id_tax><![CDATA[1]]></id_tax>
<amount><![CDATA[0.000000]]></amount>
</order_invoice_tax>
<order_invoice_tax><id_order_invoice><![CDATA[2376]]></id_order_invoice>
<type><![CDATA[shipping]]></type>
<id_tax><![CDATA[1]]></id_tax>
<amount><![CDATA[1.476300]]></amount>
</order_invoice_tax>
<order_invoice_tax><id_order_invoice><![CDATA[2377]]></id_order_invoice>
<type><![CDATA[shipping]]></type>
<id_tax><![CDATA[1]]></id_tax>
<amount><![CDATA[1.545600]]></amount>
</order_invoice_tax>
<order_invoice_tax><id_order_invoice><![CDATA[2378]]></id_order_invoice>
<type><![CDATA[shipping]]></type>
<id_tax><![CDATA[1]]></id_tax>
<amount><![CDATA[0.781200]]></amount>
</order_invoice_tax>
<order_invoice_tax><id_order_invoice><![CDATA[2379]]></id_order_invoice>
<type><![CDATA[shipping]]></type>
<id_tax><![CDATA[1]]></id_tax>
<amount><![CDATA[0.781200]]></amount>
</order_invoice_tax>
<order_invoice_tax><id_order_invoice><![CDATA[2380]]></id_order_invoice>
<type><![CDATA[shipping]]></type>
<id_tax><![CDATA[1]]></id_tax>
<amount><![CDATA[1.509900]]></amount>
</order_invoice_tax>
<order_invoice_tax><id_order_invoice><![CDATA[2381]]></id_order_invoice>
<type><![CDATA[shipping]]></type>
<id_tax><![CDATA[1]]></id_tax>
<amount><![CDATA[1.545600]]></amount>
</order_invoice_tax>
<order_invoice_tax><id_order_invoice><![CDATA[2382]]></id_order_invoice>
<type><![CDATA[shipping]]></type>
<id_tax><![CDATA[1]]></id_tax>
<amount><![CDATA[1.545600]]></amount>
</order_invoice_tax>
<order_invoice_tax><id_order_invoice><![CDATA[2383]]></id_order_invoice>
<type><![CDATA[shipping]]></type>
<id_tax><![CDATA[1]]></id_tax>
<amount><![CDATA[0.781200]]></amount>
</order_invoice_tax>
<order_invoice_tax><id_order_invoice><![CDATA[2384]]></id_order_invoice>
<type><![CDATA[shipping]]></type>
<id_tax><![CDATA[1]]></id_tax>
<amount><![CDATA[1.509900]]></amount>
</order_invoice_tax>
<order_invoice_tax><id_order_invoice><![CDATA[2385]]></id_order_invoice>
<type><![CDATA[shipping]]></type>
<id_tax><![CDATA[1]]></id_tax>
<amount><![CDATA[0.000000]]></amount>
</order_invoice_tax>
<order_invoice_tax><id_order_invoice><![CDATA[2386]]></id_order_invoice>
<type><![CDATA[shipping]]></type>
<id_tax><![CDATA[1]]></id_tax>
<amount><![CDATA[0.781200]]></amount>
</order_invoice_tax>
<order_invoice_tax><id_order_invoice><![CDATA[2387]]></id_order_invoice>
<type><![CDATA[shipping]]></type>
<id_tax><![CDATA[1]]></id_tax>
<amount><![CDATA[1.545600]]></amount>
</order_invoice_tax>
<order_invoice_tax><id_order_invoice><![CDATA[2388]]></id_order_invoice>
<type><![CDATA[shipping]]></type>
<id_tax><![CDATA[1]]></id_tax>
<amount><![CDATA[0.781200]]></amount>
</order_invoice_tax>
<order_invoice_tax><id_order_invoice><![CDATA[2389]]></id_order_invoice>
<type><![CDATA[shipping]]></type>
<id_tax><![CDATA[1]]></id_tax>
<amount><![CDATA[1.545600]]></amount>
</order_invoice_tax>
<order_invoice_tax><id_order_invoice><![CDATA[2390]]></id_order_invoice>
<type><![CDATA[shipping]]></type>
<id_tax><![CDATA[1]]></id_tax>
<amount><![CDATA[0.000000]]></amount>
</order_invoice_tax>
<order_invoice_tax><id_order_invoice><![CDATA[2391]]></id_order_invoice>
<type><![CDATA[shipping]]></type>
<id_tax><![CDATA[1]]></id_tax>
<amount><![CDATA[0.781200]]></amount>
</order_invoice_tax>
<order_invoice_tax><id_order_invoice><![CDATA[2392]]></id_order_invoice>
<type><![CDATA[shipping]]></type>
<id_tax><![CDATA[1]]></id_tax>
<amount><![CDATA[1.545600]]></amount>
</order_invoice_tax>
<order_invoice_tax><id_order_invoice><![CDATA[2393]]></id_order_invoice>
<type><![CDATA[shipping]]></type>
<id_tax><![CDATA[1]]></id_tax>
<amount><![CDATA[0.000000]]></amount>
</order_invoice_tax>
<order_invoice_tax><id_order_invoice><![CDATA[2394]]></id_order_invoice>
<type><![CDATA[shipping]]></type>
<id_tax><![CDATA[1]]></id_tax>
<amount><![CDATA[0.000000]]></amount>
</order_invoice_tax>
<order_invoice_tax><id_order_invoice><![CDATA[2395]]></id_order_invoice>
<type><![CDATA[shipping]]></type>
<id_tax><![CDATA[1]]></id_tax>
<amount><![CDATA[1.476300]]></amount>
</order_invoice_tax>
<order_invoice_tax><id_order_invoice><![CDATA[2396]]></id_order_invoice>
<type><![CDATA[shipping]]></type>
<id_tax><![CDATA[1]]></id_tax>
<amount><![CDATA[1.545600]]></amount>
</order_invoice_tax>
<order_invoice_tax><id_order_invoice><![CDATA[2397]]></id_order_invoice>
<type><![CDATA[shipping]]></type>
<id_tax><![CDATA[1]]></id_tax>
<amount><![CDATA[0.000000]]></amount>
</order_invoice_tax>
<order_invoice_tax><id_order_invoice><![CDATA[2398]]></id_order_invoice>
<type><![CDATA[shipping]]></type>
<id_tax><![CDATA[1]]></id_tax>
<amount><![CDATA[0.000000]]></amount>
</order_invoice_tax>
<order_invoice_tax><id_order_invoice><![CDATA[2399]]></id_order_invoice>
<type><![CDATA[shipping]]></type>
<id_tax><![CDATA[1]]></id_tax>
<amount><![CDATA[0.781200]]></amount>
</order_invoice_tax>
<order_invoice_tax><id_order_invoice><![CDATA[2400]]></id_order_invoice>
<type><![CDATA[shipping]]></type>
<id_tax><![CDATA[1]]></id_tax>
<amount><![CDATA[1.302000]]></amount>
</order_invoice_tax>
<order_invoice_tax><id_order_invoice><![CDATA[2401]]></id_order_invoice>
<type><![CDATA[shipping]]></type>
<id_tax><![CDATA[1]]></id_tax>
<amount><![CDATA[1.476300]]></amount>
</order_invoice_tax>
<order_invoice_tax><id_order_invoice><![CDATA[2402]]></id_order_invoice>
<type><![CDATA[shipping]]></type>
<id_tax><![CDATA[1]]></id_tax>
<amount><![CDATA[0.781200]]></amount>
</order_invoice_tax>
<order_invoice_tax><id_order_invoice><![CDATA[2403]]></id_order_invoice>
<type><![CDATA[shipping]]></type>
<id_tax><![CDATA[1]]></id_tax>
<amount><![CDATA[1.302000]]></amount>
</order_invoice_tax>
<order_invoice_tax><id_order_invoice><![CDATA[2404]]></id_order_invoice>
<type><![CDATA[shipping]]></type>
<id_tax><![CDATA[1]]></id_tax>
<amount><![CDATA[1.545600]]></amount>
</order_invoice_tax>
<order_invoice_tax><id_order_invoice><![CDATA[2405]]></id_order_invoice>
<type><![CDATA[shipping]]></type>
<id_tax><![CDATA[1]]></id_tax>
<amount><![CDATA[0.000000]]></amount>
</order_invoice_tax>
<order_invoice_tax><id_order_invoice><![CDATA[2406]]></id_order_invoice>
<type><![CDATA[shipping]]></type>
<id_tax><![CDATA[1]]></id_tax>
<amount><![CDATA[0.781200]]></amount>
</order_invoice_tax>
<order_invoice_tax><id_order_invoice><![CDATA[2407]]></id_order_invoice>
<type><![CDATA[shipping]]></type>
<id_tax><![CDATA[1]]></id_tax>
<amount><![CDATA[0.781200]]></amount>
</order_invoice_tax>
<order_invoice_tax><id_order_invoice><![CDATA[2408]]></id_order_invoice>
<type><![CDATA[shipping]]></type>
<id_tax><![CDATA[1]]></id_tax>
<amount><![CDATA[1.509900]]></amount>
</order_invoice_tax>
<order_invoice_tax><id_order_invoice><![CDATA[2409]]></id_order_invoice>
<type><![CDATA[shipping]]></type>
<id_tax><![CDATA[1]]></id_tax>
<amount><![CDATA[1.509900]]></amount>
</order_invoice_tax>
<order_invoice_tax><id_order_invoice><![CDATA[2410]]></id_order_invoice>
<type><![CDATA[shipping]]></type>
<id_tax><![CDATA[1]]></id_tax>
<amount><![CDATA[1.509900]]></amount>
</order_invoice_tax>
<order_invoice_tax><id_order_invoice><![CDATA[2411]]></id_order_invoice>
<type><![CDATA[shipping]]></type>
<id_tax><![CDATA[1]]></id_tax>
<amount><![CDATA[0.781200]]></amount>
</order_invoice_tax>
<order_invoice_tax><id_order_invoice><![CDATA[2412]]></id_order_invoice>
<type><![CDATA[shipping]]></type>
<id_tax><![CDATA[1]]></id_tax>
<amount><![CDATA[0.000000]]></amount>
</order_invoice_tax>
<order_invoice_tax><id_order_invoice><![CDATA[2413]]></id_order_invoice>
<type><![CDATA[shipping]]></type>
<id_tax><![CDATA[1]]></id_tax>
<amount><![CDATA[0.781200]]></amount>
</order_invoice_tax>
<order_invoice_tax><id_order_invoice><![CDATA[2414]]></id_order_invoice>
<type><![CDATA[shipping]]></type>
<id_tax><![CDATA[1]]></id_tax>
<amount><![CDATA[0.000000]]></amount>
</order_invoice_tax>
<order_invoice_tax><id_order_invoice><![CDATA[2415]]></id_order_invoice>
<type><![CDATA[shipping]]></type>
<id_tax><![CDATA[1]]></id_tax>
<amount><![CDATA[0.781200]]></amount>
</order_invoice_tax>
<order_invoice_tax><id_order_invoice><![CDATA[2416]]></id_order_invoice>
<type><![CDATA[shipping]]></type>
<id_tax><![CDATA[1]]></id_tax>
<amount><![CDATA[1.302000]]></amount>
</order_invoice_tax>
<order_invoice_tax><id_order_invoice><![CDATA[2417]]></id_order_invoice>
<type><![CDATA[shipping]]></type>
<id_tax><![CDATA[1]]></id_tax>
<amount><![CDATA[0.000000]]></amount>
</order_invoice_tax>
<order_invoice_tax><id_order_invoice><![CDATA[2418]]></id_order_invoice>
<type><![CDATA[shipping]]></type>
<id_tax><![CDATA[1]]></id_tax>
<amount><![CDATA[1.302000]]></amount>
</order_invoice_tax>
<order_invoice_tax><id_order_invoice><![CDATA[2419]]></id_order_invoice>
<type><![CDATA[shipping]]></type>
<id_tax><![CDATA[1]]></id_tax>
<amount><![CDATA[0.781200]]></amount>
</order_invoice_tax>
<order_invoice_tax><id_order_invoice><![CDATA[2420]]></id_order_invoice>
<type><![CDATA[shipping]]></type>
<id_tax><![CDATA[1]]></id_tax>
<amount><![CDATA[1.476300]]></amount>
</order_invoice_tax>
<order_invoice_tax><id_order_invoice><![CDATA[2421]]></id_order_invoice>
<type><![CDATA[shipping]]></type>
<id_tax><![CDATA[1]]></id_tax>
<amount><![CDATA[1.476300]]></amount>
</order_invoice_tax>
<order_invoice_tax><id_order_invoice><![CDATA[2422]]></id_order_invoice>
<type><![CDATA[shipping]]></type>
<id_tax><![CDATA[1]]></id_tax>
<amount><![CDATA[0.781200]]></amount>
</order_invoice_tax>
<order_invoice_tax><id_order_invoice><![CDATA[2423]]></id_order_invoice>
<type><![CDATA[shipping]]></type>
<id_tax><![CDATA[1]]></id_tax>
<amount><![CDATA[0.781200]]></amount>
</order_invoice_tax>
<order_invoice_tax><id_order_invoice><![CDATA[2424]]></id_order_invoice>
<type><![CDATA[shipping]]></type>
<id_tax><![CDATA[1]]></id_tax>
<amount><![CDATA[0.781200]]></amount>
</order_invoice_tax>
<order_invoice_tax><id_order_invoice><![CDATA[2425]]></id_order_invoice>
<type><![CDATA[shipping]]></type>
<id_tax><![CDATA[1]]></id_tax>
<amount><![CDATA[1.302000]]></amount>
</order_invoice_tax>
<order_invoice_tax><id_order_invoice><![CDATA[2426]]></id_order_invoice>
<type><![CDATA[shipping]]></type>
<id_tax><![CDATA[1]]></id_tax>
<amount><![CDATA[0.000000]]></amount>
</order_invoice_tax>
<order_invoice_tax><id_order_invoice><![CDATA[2427]]></id_order_invoice>
<type><![CDATA[shipping]]></type>
<id_tax><![CDATA[1]]></id_tax>
<amount><![CDATA[0.781200]]></amount>
</order_invoice_tax>
<order_invoice_tax><id_order_invoice><![CDATA[2428]]></id_order_invoice>
<type><![CDATA[shipping]]></type>
<id_tax><![CDATA[1]]></id_tax>
<amount><![CDATA[0.000000]]></amount>
</order_invoice_tax>
<order_invoice_tax><id_order_invoice><![CDATA[2429]]></id_order_invoice>
<type><![CDATA[shipping]]></type>
<id_tax><![CDATA[1]]></id_tax>
<amount><![CDATA[0.781200]]></amount>
</order_invoice_tax>
<order_invoice_tax><id_order_invoice><![CDATA[2430]]></id_order_invoice>
<type><![CDATA[shipping]]></type>
<id_tax><![CDATA[1]]></id_tax>
<amount><![CDATA[0.781200]]></amount>
</order_invoice_tax>
<order_invoice_tax><id_order_invoice><![CDATA[2431]]></id_order_invoice>
<type><![CDATA[shipping]]></type>
<id_tax><![CDATA[1]]></id_tax>
<amount><![CDATA[1.476300]]></amount>
</order_invoice_tax>
<order_invoice_tax><id_order_invoice><![CDATA[2432]]></id_order_invoice>
<type><![CDATA[shipping]]></type>
<id_tax><![CDATA[1]]></id_tax>
<amount><![CDATA[0.000000]]></amount>
</order_invoice_tax>
<order_invoice_tax><id_order_invoice><![CDATA[2433]]></id_order_invoice>
<type><![CDATA[shipping]]></type>
<id_tax><![CDATA[1]]></id_tax>
<amount><![CDATA[0.781200]]></amount>
</order_invoice_tax>
<order_invoice_tax><id_order_invoice><![CDATA[2434]]></id_order_invoice>
<type><![CDATA[shipping]]></type>
<id_tax><![CDATA[1]]></id_tax>
<amount><![CDATA[0.000000]]></amount>
</order_invoice_tax>
<order_invoice_tax><id_order_invoice><![CDATA[2435]]></id_order_invoice>
<type><![CDATA[shipping]]></type>
<id_tax><![CDATA[1]]></id_tax>
<amount><![CDATA[0.000000]]></amount>
</order_invoice_tax>
<order_invoice_tax><id_order_invoice><![CDATA[2436]]></id_order_invoice>
<type><![CDATA[shipping]]></type>
<id_tax><![CDATA[1]]></id_tax>
<amount><![CDATA[1.476300]]></amount>
</order_invoice_tax>
<order_invoice_tax><id_order_invoice><![CDATA[2437]]></id_order_invoice>
<type><![CDATA[shipping]]></type>
<id_tax><![CDATA[1]]></id_tax>
<amount><![CDATA[0.000000]]></amount>
</order_invoice_tax>
<order_invoice_tax><id_order_invoice><![CDATA[2438]]></id_order_invoice>
<type><![CDATA[shipping]]></type>
<id_tax><![CDATA[1]]></id_tax>
<amount><![CDATA[0.000000]]></amount>
</order_invoice_tax>
<order_invoice_tax><id_order_invoice><![CDATA[2439]]></id_order_invoice>
<type><![CDATA[shipping]]></type>
<id_tax><![CDATA[1]]></id_tax>
<amount><![CDATA[0.781200]]></amount>
</order_invoice_tax>
<order_invoice_tax><id_order_invoice><![CDATA[2440]]></id_order_invoice>
<type><![CDATA[shipping]]></type>
<id_tax><![CDATA[1]]></id_tax>
<amount><![CDATA[1.509900]]></amount>
</order_invoice_tax>
<order_invoice_tax><id_order_invoice><![CDATA[2441]]></id_order_invoice>
<type><![CDATA[shipping]]></type>
<id_tax><![CDATA[1]]></id_tax>
<amount><![CDATA[0.781200]]></amount>
</order_invoice_tax>
<order_invoice_tax><id_order_invoice><![CDATA[2442]]></id_order_invoice>
<type><![CDATA[shipping]]></type>
<id_tax><![CDATA[1]]></id_tax>
<amount><![CDATA[1.476300]]></amount>
</order_invoice_tax>
<order_invoice_tax><id_order_invoice><![CDATA[2443]]></id_order_invoice>
<type><![CDATA[shipping]]></type>
<id_tax><![CDATA[1]]></id_tax>
<amount><![CDATA[1.509900]]></amount>
</order_invoice_tax>
<order_invoice_tax><id_order_invoice><![CDATA[2444]]></id_order_invoice>
<type><![CDATA[shipping]]></type>
<id_tax><![CDATA[1]]></id_tax>
<amount><![CDATA[0.781200]]></amount>
</order_invoice_tax>
<order_invoice_tax><id_order_invoice><![CDATA[2445]]></id_order_invoice>
<type><![CDATA[shipping]]></type>
<id_tax><![CDATA[1]]></id_tax>
<amount><![CDATA[0.000000]]></amount>
</order_invoice_tax>
<order_invoice_tax><id_order_invoice><![CDATA[2446]]></id_order_invoice>
<type><![CDATA[shipping]]></type>
<id_tax><![CDATA[1]]></id_tax>
<amount><![CDATA[1.476300]]></amount>
</order_invoice_tax>
<order_invoice_tax><id_order_invoice><![CDATA[2447]]></id_order_invoice>
<type><![CDATA[shipping]]></type>
<id_tax><![CDATA[1]]></id_tax>
<amount><![CDATA[0.000000]]></amount>
</order_invoice_tax>
<order_invoice_tax><id_order_invoice><![CDATA[2448]]></id_order_invoice>
<type><![CDATA[shipping]]></type>
<id_tax><![CDATA[1]]></id_tax>
<amount><![CDATA[1.476300]]></amount>
</order_invoice_tax>
<order_invoice_tax><id_order_invoice><![CDATA[2449]]></id_order_invoice>
<type><![CDATA[shipping]]></type>
<id_tax><![CDATA[1]]></id_tax>
<amount><![CDATA[0.000000]]></amount>
</order_invoice_tax>
<order_invoice_tax><id_order_invoice><![CDATA[2450]]></id_order_invoice>
<type><![CDATA[shipping]]></type>
<id_tax><![CDATA[1]]></id_tax>
<amount><![CDATA[0.000000]]></amount>
</order_invoice_tax>
<order_invoice_tax><id_order_invoice><![CDATA[2451]]></id_order_invoice>
<type><![CDATA[shipping]]></type>
<id_tax><![CDATA[1]]></id_tax>
<amount><![CDATA[1.545600]]></amount>
</order_invoice_tax>
<order_invoice_tax><id_order_invoice><![CDATA[2452]]></id_order_invoice>
<type><![CDATA[shipping]]></type>
<id_tax><![CDATA[1]]></id_tax>
<amount><![CDATA[1.509900]]></amount>
</order_invoice_tax>
<order_invoice_tax><id_order_invoice><![CDATA[2453]]></id_order_invoice>
<type><![CDATA[shipping]]></type>
<id_tax><![CDATA[1]]></id_tax>
<amount><![CDATA[1.302000]]></amount>
</order_invoice_tax>
<order_invoice_tax><id_order_invoice><![CDATA[2454]]></id_order_invoice>
<type><![CDATA[shipping]]></type>
<id_tax><![CDATA[1]]></id_tax>
<amount><![CDATA[0.781200]]></amount>
</order_invoice_tax>
<order_invoice_tax><id_order_invoice><![CDATA[2455]]></id_order_invoice>
<type><![CDATA[shipping]]></type>
<id_tax><![CDATA[1]]></id_tax>
<amount><![CDATA[1.302000]]></amount>
</order_invoice_tax>
<order_invoice_tax><id_order_invoice><![CDATA[2456]]></id_order_invoice>
<type><![CDATA[shipping]]></type>
<id_tax><![CDATA[1]]></id_tax>
<amount><![CDATA[1.509900]]></amount>
</order_invoice_tax>
<order_invoice_tax><id_order_invoice><![CDATA[2457]]></id_order_invoice>
<type><![CDATA[shipping]]></type>
<id_tax><![CDATA[1]]></id_tax>
<amount><![CDATA[0.781200]]></amount>
</order_invoice_tax>
<order_invoice_tax><id_order_invoice><![CDATA[2458]]></id_order_invoice>
<type><![CDATA[shipping]]></type>
<id_tax><![CDATA[1]]></id_tax>
<amount><![CDATA[1.545600]]></amount>
</order_invoice_tax>
<order_invoice_tax><id_order_invoice><![CDATA[2459]]></id_order_invoice>
<type><![CDATA[shipping]]></type>
<id_tax><![CDATA[1]]></id_tax>
<amount><![CDATA[1.302000]]></amount>
</order_invoice_tax>
<order_invoice_tax><id_order_invoice><![CDATA[2460]]></id_order_invoice>
<type><![CDATA[shipping]]></type>
<id_tax><![CDATA[1]]></id_tax>
<amount><![CDATA[0.781200]]></amount>
</order_invoice_tax>
<order_invoice_tax><id_order_invoice><![CDATA[2461]]></id_order_invoice>
<type><![CDATA[shipping]]></type>
<id_tax><![CDATA[1]]></id_tax>
<amount><![CDATA[1.302000]]></amount>
</order_invoice_tax>
<order_invoice_tax><id_order_invoice><![CDATA[2462]]></id_order_invoice>
<type><![CDATA[shipping]]></type>
<id_tax><![CDATA[1]]></id_tax>
<amount><![CDATA[0.781200]]></amount>
</order_invoice_tax>
<order_invoice_tax><id_order_invoice><![CDATA[2463]]></id_order_invoice>
<type><![CDATA[shipping]]></type>
<id_tax><![CDATA[1]]></id_tax>
<amount><![CDATA[1.302000]]></amount>
</order_invoice_tax>
<order_invoice_tax><id_order_invoice><![CDATA[2464]]></id_order_invoice>
<type><![CDATA[shipping]]></type>
<id_tax><![CDATA[1]]></id_tax>
<amount><![CDATA[1.545600]]></amount>
</order_invoice_tax>
<order_invoice_tax><id_order_invoice><![CDATA[2465]]></id_order_invoice>
<type><![CDATA[shipping]]></type>
<id_tax><![CDATA[1]]></id_tax>
<amount><![CDATA[0.781200]]></amount>
</order_invoice_tax>
<order_invoice_tax><id_order_invoice><![CDATA[2466]]></id_order_invoice>
<type><![CDATA[shipping]]></type>
<id_tax><![CDATA[1]]></id_tax>
<amount><![CDATA[0.781200]]></amount>
</order_invoice_tax>
<order_invoice_tax><id_order_invoice><![CDATA[2467]]></id_order_invoice>
<type><![CDATA[shipping]]></type>
<id_tax><![CDATA[1]]></id_tax>
<amount><![CDATA[0.781200]]></amount>
</order_invoice_tax>
<order_invoice_tax><id_order_invoice><![CDATA[2468]]></id_order_invoice>
<type><![CDATA[shipping]]></type>
<id_tax><![CDATA[1]]></id_tax>
<amount><![CDATA[1.545600]]></amount>
</order_invoice_tax>
<order_invoice_tax><id_order_invoice><![CDATA[2469]]></id_order_invoice>
<type><![CDATA[shipping]]></type>
<id_tax><![CDATA[1]]></id_tax>
<amount><![CDATA[0.781200]]></amount>
</order_invoice_tax>
<order_invoice_tax><id_order_invoice><![CDATA[2470]]></id_order_invoice>
<type><![CDATA[shipping]]></type>
<id_tax><![CDATA[1]]></id_tax>
<amount><![CDATA[0.000000]]></amount>
</order_invoice_tax>
<order_invoice_tax><id_order_invoice><![CDATA[2471]]></id_order_invoice>
<type><![CDATA[shipping]]></type>
<id_tax><![CDATA[1]]></id_tax>
<amount><![CDATA[0.781200]]></amount>
</order_invoice_tax>
<order_invoice_tax><id_order_invoice><![CDATA[2472]]></id_order_invoice>
<type><![CDATA[shipping]]></type>
<id_tax><![CDATA[1]]></id_tax>
<amount><![CDATA[1.476300]]></amount>
</order_invoice_tax>
<order_invoice_tax><id_order_invoice><![CDATA[2473]]></id_order_invoice>
<type><![CDATA[shipping]]></type>
<id_tax><![CDATA[1]]></id_tax>
<amount><![CDATA[1.302000]]></amount>
</order_invoice_tax>
<order_invoice_tax><id_order_invoice><![CDATA[2474]]></id_order_invoice>
<type><![CDATA[shipping]]></type>
<id_tax><![CDATA[1]]></id_tax>
<amount><![CDATA[0.000000]]></amount>
</order_invoice_tax>
<order_invoice_tax><id_order_invoice><![CDATA[2475]]></id_order_invoice>
<type><![CDATA[shipping]]></type>
<id_tax><![CDATA[1]]></id_tax>
<amount><![CDATA[1.509900]]></amount>
</order_invoice_tax>
<order_invoice_tax><id_order_invoice><![CDATA[2476]]></id_order_invoice>
<type><![CDATA[shipping]]></type>
<id_tax><![CDATA[1]]></id_tax>
<amount><![CDATA[0.000000]]></amount>
</order_invoice_tax>
<order_invoice_tax><id_order_invoice><![CDATA[2477]]></id_order_invoice>
<type><![CDATA[shipping]]></type>
<id_tax><![CDATA[1]]></id_tax>
<amount><![CDATA[0.000000]]></amount>
</order_invoice_tax>
<order_invoice_tax><id_order_invoice><![CDATA[2478]]></id_order_invoice>
<type><![CDATA[shipping]]></type>
<id_tax><![CDATA[1]]></id_tax>
<amount><![CDATA[1.476300]]></amount>
</order_invoice_tax>
<order_invoice_tax><id_order_invoice><![CDATA[2479]]></id_order_invoice>
<type><![CDATA[shipping]]></type>
<id_tax><![CDATA[1]]></id_tax>
<amount><![CDATA[0.000000]]></amount>
</order_invoice_tax>
<order_invoice_tax><id_order_invoice><![CDATA[2480]]></id_order_invoice>
<type><![CDATA[shipping]]></type>
<id_tax><![CDATA[1]]></id_tax>
<amount><![CDATA[1.476300]]></amount>
</order_invoice_tax>
<order_invoice_tax><id_order_invoice><![CDATA[2481]]></id_order_invoice>
<type><![CDATA[shipping]]></type>
<id_tax><![CDATA[1]]></id_tax>
<amount><![CDATA[0.000000]]></amount>
</order_invoice_tax>
<order_invoice_tax><id_order_invoice><![CDATA[2482]]></id_order_invoice>
<type><![CDATA[shipping]]></type>
<id_tax><![CDATA[1]]></id_tax>
<amount><![CDATA[0.000000]]></amount>
</order_invoice_tax>
<order_invoice_tax><id_order_invoice><![CDATA[2483]]></id_order_invoice>
<type><![CDATA[shipping]]></type>
<id_tax><![CDATA[1]]></id_tax>
<amount><![CDATA[1.476300]]></amount>
</order_invoice_tax>
<order_invoice_tax><id_order_invoice><![CDATA[2484]]></id_order_invoice>
<type><![CDATA[shipping]]></type>
<id_tax><![CDATA[1]]></id_tax>
<amount><![CDATA[1.302000]]></amount>
</order_invoice_tax>
<order_invoice_tax><id_order_invoice><![CDATA[2485]]></id_order_invoice>
<type><![CDATA[shipping]]></type>
<id_tax><![CDATA[1]]></id_tax>
<amount><![CDATA[0.781200]]></amount>
</order_invoice_tax>
<order_invoice_tax><id_order_invoice><![CDATA[2486]]></id_order_invoice>
<type><![CDATA[shipping]]></type>
<id_tax><![CDATA[1]]></id_tax>
<amount><![CDATA[1.302000]]></amount>
</order_invoice_tax>
<order_invoice_tax><id_order_invoice><![CDATA[2487]]></id_order_invoice>
<type><![CDATA[shipping]]></type>
<id_tax><![CDATA[1]]></id_tax>
<amount><![CDATA[1.545600]]></amount>
</order_invoice_tax>
<order_invoice_tax><id_order_invoice><![CDATA[2488]]></id_order_invoice>
<type><![CDATA[shipping]]></type>
<id_tax><![CDATA[1]]></id_tax>
<amount><![CDATA[0.781200]]></amount>
</order_invoice_tax>
<order_invoice_tax><id_order_invoice><![CDATA[2489]]></id_order_invoice>
<type><![CDATA[shipping]]></type>
<id_tax><![CDATA[1]]></id_tax>
<amount><![CDATA[0.000000]]></amount>
</order_invoice_tax>
<order_invoice_tax><id_order_invoice><![CDATA[2490]]></id_order_invoice>
<type><![CDATA[shipping]]></type>
<id_tax><![CDATA[1]]></id_tax>
<amount><![CDATA[0.000000]]></amount>
</order_invoice_tax>
<order_invoice_tax><id_order_invoice><![CDATA[2491]]></id_order_invoice>
<type><![CDATA[shipping]]></type>
<id_tax><![CDATA[1]]></id_tax>
<amount><![CDATA[1.509900]]></amount>
</order_invoice_tax>
<order_invoice_tax><id_order_invoice><![CDATA[2492]]></id_order_invoice>
<type><![CDATA[shipping]]></type>
<id_tax><![CDATA[1]]></id_tax>
<amount><![CDATA[1.545600]]></amount>
</order_invoice_tax>
<order_invoice_tax><id_order_invoice><![CDATA[2493]]></id_order_invoice>
<type><![CDATA[shipping]]></type>
<id_tax><![CDATA[1]]></id_tax>
<amount><![CDATA[0.000000]]></amount>
</order_invoice_tax>
<order_invoice_tax><id_order_invoice><![CDATA[2494]]></id_order_invoice>
<type><![CDATA[shipping]]></type>
<id_tax><![CDATA[1]]></id_tax>
<amount><![CDATA[0.781200]]></amount>
</order_invoice_tax>
<order_invoice_tax><id_order_invoice><![CDATA[2495]]></id_order_invoice>
<type><![CDATA[shipping]]></type>
<id_tax><![CDATA[1]]></id_tax>
<amount><![CDATA[0.000000]]></amount>
</order_invoice_tax>
<order_invoice_tax><id_order_invoice><![CDATA[2496]]></id_order_invoice>
<type><![CDATA[shipping]]></type>
<id_tax><![CDATA[1]]></id_tax>
<amount><![CDATA[0.000000]]></amount>
</order_invoice_tax>
<order_invoice_tax><id_order_invoice><![CDATA[2497]]></id_order_invoice>
<type><![CDATA[shipping]]></type>
<id_tax><![CDATA[1]]></id_tax>
<amount><![CDATA[0.000000]]></amount>
</order_invoice_tax>
<order_invoice_tax><id_order_invoice><![CDATA[2498]]></id_order_invoice>
<type><![CDATA[shipping]]></type>
<id_tax><![CDATA[1]]></id_tax>
<amount><![CDATA[1.545600]]></amount>
</order_invoice_tax>
<order_invoice_tax><id_order_invoice><![CDATA[2499]]></id_order_invoice>
<type><![CDATA[shipping]]></type>
<id_tax><![CDATA[1]]></id_tax>
<amount><![CDATA[1.545600]]></amount>
</order_invoice_tax>
<order_invoice_tax><id_order_invoice><![CDATA[2500]]></id_order_invoice>
<type><![CDATA[shipping]]></type>
<id_tax><![CDATA[1]]></id_tax>
<amount><![CDATA[0.000000]]></amount>
</order_invoice_tax>
<order_invoice_tax><id_order_invoice><![CDATA[2501]]></id_order_invoice>
<type><![CDATA[shipping]]></type>
<id_tax><![CDATA[1]]></id_tax>
<amount><![CDATA[0.781200]]></amount>
</order_invoice_tax>
<order_invoice_tax><id_order_invoice><![CDATA[2502]]></id_order_invoice>
<type><![CDATA[shipping]]></type>
<id_tax><![CDATA[1]]></id_tax>
<amount><![CDATA[0.000000]]></amount>
</order_invoice_tax>
<order_invoice_tax><id_order_invoice><![CDATA[2503]]></id_order_invoice>
<type><![CDATA[shipping]]></type>
<id_tax><![CDATA[1]]></id_tax>
<amount><![CDATA[0.781200]]></amount>
</order_invoice_tax>
<order_invoice_tax><id_order_invoice><![CDATA[2504]]></id_order_invoice>
<type><![CDATA[shipping]]></type>
<id_tax><![CDATA[1]]></id_tax>
<amount><![CDATA[0.000000]]></amount>
</order_invoice_tax>
<order_invoice_tax><id_order_invoice><![CDATA[2505]]></id_order_invoice>
<type><![CDATA[shipping]]></type>
<id_tax><![CDATA[1]]></id_tax>
<amount><![CDATA[0.000000]]></amount>
</order_invoice_tax>
<order_invoice_tax><id_order_invoice><![CDATA[2506]]></id_order_invoice>
<type><![CDATA[shipping]]></type>
<id_tax><![CDATA[1]]></id_tax>
<amount><![CDATA[0.000000]]></amount>
</order_invoice_tax>
<order_invoice_tax><id_order_invoice><![CDATA[2507]]></id_order_invoice>
<type><![CDATA[shipping]]></type>
<id_tax><![CDATA[1]]></id_tax>
<amount><![CDATA[0.781200]]></amount>
</order_invoice_tax>
<order_invoice_tax><id_order_invoice><![CDATA[2508]]></id_order_invoice>
<type><![CDATA[shipping]]></type>
<id_tax><![CDATA[1]]></id_tax>
<amount><![CDATA[1.302000]]></amount>
</order_invoice_tax>
<order_invoice_tax><id_order_invoice><![CDATA[2509]]></id_order_invoice>
<type><![CDATA[shipping]]></type>
<id_tax><![CDATA[1]]></id_tax>
<amount><![CDATA[0.000000]]></amount>
</order_invoice_tax>
<order_invoice_tax><id_order_invoice><![CDATA[2510]]></id_order_invoice>
<type><![CDATA[shipping]]></type>
<id_tax><![CDATA[1]]></id_tax>
<amount><![CDATA[1.509900]]></amount>
</order_invoice_tax>
<order_invoice_tax><id_order_invoice><![CDATA[2511]]></id_order_invoice>
<type><![CDATA[shipping]]></type>
<id_tax><![CDATA[1]]></id_tax>
<amount><![CDATA[1.545600]]></amount>
</order_invoice_tax>
<order_invoice_tax><id_order_invoice><![CDATA[2512]]></id_order_invoice>
<type><![CDATA[shipping]]></type>
<id_tax><![CDATA[1]]></id_tax>
<amount><![CDATA[1.509900]]></amount>
</order_invoice_tax>
<order_invoice_tax><id_order_invoice><![CDATA[2513]]></id_order_invoice>
<type><![CDATA[shipping]]></type>
<id_tax><![CDATA[1]]></id_tax>
<amount><![CDATA[1.302000]]></amount>
</order_invoice_tax>
<order_invoice_tax><id_order_invoice><![CDATA[2514]]></id_order_invoice>
<type><![CDATA[shipping]]></type>
<id_tax><![CDATA[1]]></id_tax>
<amount><![CDATA[1.545600]]></amount>
</order_invoice_tax>
<order_invoice_tax><id_order_invoice><![CDATA[2515]]></id_order_invoice>
<type><![CDATA[shipping]]></type>
<id_tax><![CDATA[1]]></id_tax>
<amount><![CDATA[1.509900]]></amount>
</order_invoice_tax>
<order_invoice_tax><id_order_invoice><![CDATA[2516]]></id_order_invoice>
<type><![CDATA[shipping]]></type>
<id_tax><![CDATA[1]]></id_tax>
<amount><![CDATA[0.781200]]></amount>
</order_invoice_tax>
<order_invoice_tax><id_order_invoice><![CDATA[2517]]></id_order_invoice>
<type><![CDATA[shipping]]></type>
<id_tax><![CDATA[1]]></id_tax>
<amount><![CDATA[0.781200]]></amount>
</order_invoice_tax>
<order_invoice_tax><id_order_invoice><![CDATA[2518]]></id_order_invoice>
<type><![CDATA[shipping]]></type>
<id_tax><![CDATA[1]]></id_tax>
<amount><![CDATA[1.302000]]></amount>
</order_invoice_tax>
<order_invoice_tax><id_order_invoice><![CDATA[2519]]></id_order_invoice>
<type><![CDATA[shipping]]></type>
<id_tax><![CDATA[1]]></id_tax>
<amount><![CDATA[0.781200]]></amount>
</order_invoice_tax>
<order_invoice_tax><id_order_invoice><![CDATA[2520]]></id_order_invoice>
<type><![CDATA[shipping]]></type>
<id_tax><![CDATA[1]]></id_tax>
<amount><![CDATA[0.000000]]></amount>
</order_invoice_tax>
<order_invoice_tax><id_order_invoice><![CDATA[2521]]></id_order_invoice>
<type><![CDATA[shipping]]></type>
<id_tax><![CDATA[1]]></id_tax>
<amount><![CDATA[0.781200]]></amount>
</order_invoice_tax>
<order_invoice_tax><id_order_invoice><![CDATA[2522]]></id_order_invoice>
<type><![CDATA[shipping]]></type>
<id_tax><![CDATA[1]]></id_tax>
<amount><![CDATA[0.000000]]></amount>
</order_invoice_tax>
<order_invoice_tax><id_order_invoice><![CDATA[2523]]></id_order_invoice>
<type><![CDATA[shipping]]></type>
<id_tax><![CDATA[1]]></id_tax>
<amount><![CDATA[1.302000]]></amount>
</order_invoice_tax>
<order_invoice_tax><id_order_invoice><![CDATA[2524]]></id_order_invoice>
<type><![CDATA[shipping]]></type>
<id_tax><![CDATA[1]]></id_tax>
<amount><![CDATA[0.781200]]></amount>
</order_invoice_tax>
<order_invoice_tax><id_order_invoice><![CDATA[2525]]></id_order_invoice>
<type><![CDATA[shipping]]></type>
<id_tax><![CDATA[1]]></id_tax>
<amount><![CDATA[1.545600]]></amount>
</order_invoice_tax>
<order_invoice_tax><id_order_invoice><![CDATA[2526]]></id_order_invoice>
<type><![CDATA[shipping]]></type>
<id_tax><![CDATA[1]]></id_tax>
<amount><![CDATA[0.000000]]></amount>
</order_invoice_tax>
<order_invoice_tax><id_order_invoice><![CDATA[2527]]></id_order_invoice>
<type><![CDATA[shipping]]></type>
<id_tax><![CDATA[1]]></id_tax>
<amount><![CDATA[1.302000]]></amount>
</order_invoice_tax>
<order_invoice_tax><id_order_invoice><![CDATA[2528]]></id_order_invoice>
<type><![CDATA[shipping]]></type>
<id_tax><![CDATA[1]]></id_tax>
<amount><![CDATA[1.302000]]></amount>
</order_invoice_tax>
</entity_profile>
