<?xml version="1.0" encoding="UTF-8" ?>
<module>
    <name>pronesissizechart</name>
    <displayName><![CDATA[Fast and Easy Size Chart]]></displayName>
    <version><![CDATA[2.0.2]]></version>
    <description><![CDATA[Manage your product size chart in a click]]></description>
    <author><![CDATA[Pronesis Srl]]></author>
    <tab><![CDATA[front_office_features]]></tab>
	<confirmUninstall><![CDATA[Are you sure you want to delete module data?]]></confirmUninstall>
    <is_configurable>0</is_configurable>
    <need_instance>0</need_instance>
	<limited_countries></limited_countries>
</module>