<?xml version="1.0" encoding="UTF-8"?>
<entity_profile>
<carrier_zone><id_carrier><![CDATA[1]]></id_carrier>
<id_zone><![CDATA[1]]></id_zone>
</carrier_zone>
<carrier_zone><id_carrier><![CDATA[2]]></id_carrier>
<id_zone><![CDATA[1]]></id_zone>
</carrier_zone>
<carrier_zone><id_carrier><![CDATA[2]]></id_carrier>
<id_zone><![CDATA[2]]></id_zone>
</carrier_zone>
<carrier_zone><id_carrier><![CDATA[4]]></id_carrier>
<id_zone><![CDATA[1]]></id_zone>
</carrier_zone>
<carrier_zone><id_carrier><![CDATA[5]]></id_carrier>
<id_zone><![CDATA[1]]></id_zone>
</carrier_zone>
<carrier_zone><id_carrier><![CDATA[6]]></id_carrier>
<id_zone><![CDATA[1]]></id_zone>
</carrier_zone>
<carrier_zone><id_carrier><![CDATA[7]]></id_carrier>
<id_zone><![CDATA[1]]></id_zone>
</carrier_zone>
<carrier_zone><id_carrier><![CDATA[8]]></id_carrier>
<id_zone><![CDATA[9]]></id_zone>
</carrier_zone>
<carrier_zone><id_carrier><![CDATA[8]]></id_carrier>
<id_zone><![CDATA[10]]></id_zone>
</carrier_zone>
<carrier_zone><id_carrier><![CDATA[9]]></id_carrier>
<id_zone><![CDATA[9]]></id_zone>
</carrier_zone>
<carrier_zone><id_carrier><![CDATA[10]]></id_carrier>
<id_zone><![CDATA[9]]></id_zone>
</carrier_zone>
<carrier_zone><id_carrier><![CDATA[11]]></id_carrier>
<id_zone><![CDATA[10]]></id_zone>
</carrier_zone>
<carrier_zone><id_carrier><![CDATA[12]]></id_carrier>
<id_zone><![CDATA[9]]></id_zone>
</carrier_zone>
<carrier_zone><id_carrier><![CDATA[13]]></id_carrier>
<id_zone><![CDATA[11]]></id_zone>
</carrier_zone>
<carrier_zone><id_carrier><![CDATA[14]]></id_carrier>
<id_zone><![CDATA[12]]></id_zone>
</carrier_zone>
<carrier_zone><id_carrier><![CDATA[15]]></id_carrier>
<id_zone><![CDATA[11]]></id_zone>
</carrier_zone>
<carrier_zone><id_carrier><![CDATA[16]]></id_carrier>
<id_zone><![CDATA[10]]></id_zone>
</carrier_zone>
<carrier_zone><id_carrier><![CDATA[17]]></id_carrier>
<id_zone><![CDATA[13]]></id_zone>
</carrier_zone>
<carrier_zone><id_carrier><![CDATA[18]]></id_carrier>
<id_zone><![CDATA[14]]></id_zone>
</carrier_zone>
<carrier_zone><id_carrier><![CDATA[19]]></id_carrier>
<id_zone><![CDATA[15]]></id_zone>
</carrier_zone>
<carrier_zone><id_carrier><![CDATA[20]]></id_carrier>
<id_zone><![CDATA[9]]></id_zone>
</carrier_zone>
<carrier_zone><id_carrier><![CDATA[20]]></id_carrier>
<id_zone><![CDATA[16]]></id_zone>
</carrier_zone>
<carrier_zone><id_carrier><![CDATA[21]]></id_carrier>
<id_zone><![CDATA[16]]></id_zone>
</carrier_zone>
<carrier_zone><id_carrier><![CDATA[22]]></id_carrier>
<id_zone><![CDATA[16]]></id_zone>
</carrier_zone>
<carrier_zone><id_carrier><![CDATA[23]]></id_carrier>
<id_zone><![CDATA[16]]></id_zone>
</carrier_zone>
<carrier_zone><id_carrier><![CDATA[24]]></id_carrier>
<id_zone><![CDATA[16]]></id_zone>
</carrier_zone>
<carrier_zone><id_carrier><![CDATA[25]]></id_carrier>
<id_zone><![CDATA[9]]></id_zone>
</carrier_zone>
<carrier_zone><id_carrier><![CDATA[26]]></id_carrier>
<id_zone><![CDATA[9]]></id_zone>
</carrier_zone>
<carrier_zone><id_carrier><![CDATA[27]]></id_carrier>
<id_zone><![CDATA[9]]></id_zone>
</carrier_zone>
<carrier_zone><id_carrier><![CDATA[28]]></id_carrier>
<id_zone><![CDATA[9]]></id_zone>
</carrier_zone>
<carrier_zone><id_carrier><![CDATA[29]]></id_carrier>
<id_zone><![CDATA[9]]></id_zone>
</carrier_zone>
<carrier_zone><id_carrier><![CDATA[30]]></id_carrier>
<id_zone><![CDATA[9]]></id_zone>
</carrier_zone>
<carrier_zone><id_carrier><![CDATA[31]]></id_carrier>
<id_zone><![CDATA[9]]></id_zone>
</carrier_zone>
<carrier_zone><id_carrier><![CDATA[32]]></id_carrier>
<id_zone><![CDATA[17]]></id_zone>
</carrier_zone>
<carrier_zone><id_carrier><![CDATA[33]]></id_carrier>
<id_zone><![CDATA[17]]></id_zone>
</carrier_zone>
<carrier_zone><id_carrier><![CDATA[34]]></id_carrier>
<id_zone><![CDATA[17]]></id_zone>
</carrier_zone>
<carrier_zone><id_carrier><![CDATA[35]]></id_carrier>
<id_zone><![CDATA[17]]></id_zone>
</carrier_zone>
<carrier_zone><id_carrier><![CDATA[36]]></id_carrier>
<id_zone><![CDATA[18]]></id_zone>
</carrier_zone>
<carrier_zone><id_carrier><![CDATA[37]]></id_carrier>
<id_zone><![CDATA[10]]></id_zone>
</carrier_zone>
<carrier_zone><id_carrier><![CDATA[38]]></id_carrier>
<id_zone><![CDATA[11]]></id_zone>
</carrier_zone>
<carrier_zone><id_carrier><![CDATA[39]]></id_carrier>
<id_zone><![CDATA[12]]></id_zone>
</carrier_zone>
<carrier_zone><id_carrier><![CDATA[40]]></id_carrier>
<id_zone><![CDATA[13]]></id_zone>
</carrier_zone>
<carrier_zone><id_carrier><![CDATA[41]]></id_carrier>
<id_zone><![CDATA[14]]></id_zone>
</carrier_zone>
<carrier_zone><id_carrier><![CDATA[42]]></id_carrier>
<id_zone><![CDATA[15]]></id_zone>
</carrier_zone>
<carrier_zone><id_carrier><![CDATA[43]]></id_carrier>
<id_zone><![CDATA[16]]></id_zone>
</carrier_zone>
<carrier_zone><id_carrier><![CDATA[44]]></id_carrier>
<id_zone><![CDATA[17]]></id_zone>
</carrier_zone>
<carrier_zone><id_carrier><![CDATA[45]]></id_carrier>
<id_zone><![CDATA[18]]></id_zone>
</carrier_zone>
<carrier_zone><id_carrier><![CDATA[46]]></id_carrier>
<id_zone><![CDATA[9]]></id_zone>
</carrier_zone>
<carrier_zone><id_carrier><![CDATA[47]]></id_carrier>
<id_zone><![CDATA[16]]></id_zone>
</carrier_zone>
<carrier_zone><id_carrier><![CDATA[48]]></id_carrier>
<id_zone><![CDATA[18]]></id_zone>
</carrier_zone>
<carrier_zone><id_carrier><![CDATA[49]]></id_carrier>
<id_zone><![CDATA[9]]></id_zone>
</carrier_zone>
<carrier_zone><id_carrier><![CDATA[50]]></id_carrier>
<id_zone><![CDATA[11]]></id_zone>
</carrier_zone>
<carrier_zone><id_carrier><![CDATA[51]]></id_carrier>
<id_zone><![CDATA[12]]></id_zone>
</carrier_zone>
<carrier_zone><id_carrier><![CDATA[52]]></id_carrier>
<id_zone><![CDATA[13]]></id_zone>
</carrier_zone>
<carrier_zone><id_carrier><![CDATA[53]]></id_carrier>
<id_zone><![CDATA[11]]></id_zone>
</carrier_zone>
<carrier_zone><id_carrier><![CDATA[54]]></id_carrier>
<id_zone><![CDATA[11]]></id_zone>
</carrier_zone>
<carrier_zone><id_carrier><![CDATA[55]]></id_carrier>
<id_zone><![CDATA[11]]></id_zone>
</carrier_zone>
<carrier_zone><id_carrier><![CDATA[56]]></id_carrier>
<id_zone><![CDATA[11]]></id_zone>
</carrier_zone>
<carrier_zone><id_carrier><![CDATA[57]]></id_carrier>
<id_zone><![CDATA[11]]></id_zone>
</carrier_zone>
<carrier_zone><id_carrier><![CDATA[58]]></id_carrier>
<id_zone><![CDATA[12]]></id_zone>
</carrier_zone>
<carrier_zone><id_carrier><![CDATA[59]]></id_carrier>
<id_zone><![CDATA[13]]></id_zone>
</carrier_zone>
<carrier_zone><id_carrier><![CDATA[60]]></id_carrier>
<id_zone><![CDATA[14]]></id_zone>
</carrier_zone>
<carrier_zone><id_carrier><![CDATA[61]]></id_carrier>
<id_zone><![CDATA[17]]></id_zone>
</carrier_zone>
<carrier_zone><id_carrier><![CDATA[62]]></id_carrier>
<id_zone><![CDATA[18]]></id_zone>
</carrier_zone>
<carrier_zone><id_carrier><![CDATA[63]]></id_carrier>
<id_zone><![CDATA[16]]></id_zone>
</carrier_zone>
<carrier_zone><id_carrier><![CDATA[64]]></id_carrier>
<id_zone><![CDATA[9]]></id_zone>
</carrier_zone>
<carrier_zone><id_carrier><![CDATA[65]]></id_carrier>
<id_zone><![CDATA[10]]></id_zone>
</carrier_zone>
<carrier_zone><id_carrier><![CDATA[66]]></id_carrier>
<id_zone><![CDATA[11]]></id_zone>
</carrier_zone>
<carrier_zone><id_carrier><![CDATA[67]]></id_carrier>
<id_zone><![CDATA[11]]></id_zone>
</carrier_zone>
<carrier_zone><id_carrier><![CDATA[68]]></id_carrier>
<id_zone><![CDATA[12]]></id_zone>
</carrier_zone>
<carrier_zone><id_carrier><![CDATA[69]]></id_carrier>
<id_zone><![CDATA[12]]></id_zone>
</carrier_zone>
<carrier_zone><id_carrier><![CDATA[70]]></id_carrier>
<id_zone><![CDATA[12]]></id_zone>
</carrier_zone>
<carrier_zone><id_carrier><![CDATA[71]]></id_carrier>
<id_zone><![CDATA[13]]></id_zone>
</carrier_zone>
<carrier_zone><id_carrier><![CDATA[72]]></id_carrier>
<id_zone><![CDATA[14]]></id_zone>
</carrier_zone>
<carrier_zone><id_carrier><![CDATA[73]]></id_carrier>
<id_zone><![CDATA[15]]></id_zone>
</carrier_zone>
<carrier_zone><id_carrier><![CDATA[74]]></id_carrier>
<id_zone><![CDATA[16]]></id_zone>
</carrier_zone>
<carrier_zone><id_carrier><![CDATA[75]]></id_carrier>
<id_zone><![CDATA[17]]></id_zone>
</carrier_zone>
<carrier_zone><id_carrier><![CDATA[76]]></id_carrier>
<id_zone><![CDATA[18]]></id_zone>
</carrier_zone>
<carrier_zone><id_carrier><![CDATA[77]]></id_carrier>
<id_zone><![CDATA[1]]></id_zone>
</carrier_zone>
<carrier_zone><id_carrier><![CDATA[78]]></id_carrier>
<id_zone><![CDATA[1]]></id_zone>
</carrier_zone>
<carrier_zone><id_carrier><![CDATA[79]]></id_carrier>
<id_zone><![CDATA[19]]></id_zone>
</carrier_zone>
<carrier_zone><id_carrier><![CDATA[80]]></id_carrier>
<id_zone><![CDATA[19]]></id_zone>
</carrier_zone>
<carrier_zone><id_carrier><![CDATA[81]]></id_carrier>
<id_zone><![CDATA[9]]></id_zone>
</carrier_zone>
<carrier_zone><id_carrier><![CDATA[82]]></id_carrier>
<id_zone><![CDATA[9]]></id_zone>
</carrier_zone>
<carrier_zone><id_carrier><![CDATA[82]]></id_carrier>
<id_zone><![CDATA[10]]></id_zone>
</carrier_zone>
<carrier_zone><id_carrier><![CDATA[82]]></id_carrier>
<id_zone><![CDATA[15]]></id_zone>
</carrier_zone>
<carrier_zone><id_carrier><![CDATA[83]]></id_carrier>
<id_zone><![CDATA[20]]></id_zone>
</carrier_zone>
<carrier_zone><id_carrier><![CDATA[84]]></id_carrier>
<id_zone><![CDATA[20]]></id_zone>
</carrier_zone>
<carrier_zone><id_carrier><![CDATA[85]]></id_carrier>
<id_zone><![CDATA[19]]></id_zone>
</carrier_zone>
<carrier_zone><id_carrier><![CDATA[86]]></id_carrier>
<id_zone><![CDATA[11]]></id_zone>
</carrier_zone>
<carrier_zone><id_carrier><![CDATA[87]]></id_carrier>
<id_zone><![CDATA[12]]></id_zone>
</carrier_zone>
<carrier_zone><id_carrier><![CDATA[88]]></id_carrier>
<id_zone><![CDATA[13]]></id_zone>
</carrier_zone>
<carrier_zone><id_carrier><![CDATA[89]]></id_carrier>
<id_zone><![CDATA[14]]></id_zone>
</carrier_zone>
<carrier_zone><id_carrier><![CDATA[90]]></id_carrier>
<id_zone><![CDATA[17]]></id_zone>
</carrier_zone>
<carrier_zone><id_carrier><![CDATA[91]]></id_carrier>
<id_zone><![CDATA[18]]></id_zone>
</carrier_zone>
<carrier_zone><id_carrier><![CDATA[92]]></id_carrier>
<id_zone><![CDATA[19]]></id_zone>
</carrier_zone>
<carrier_zone><id_carrier><![CDATA[93]]></id_carrier>
<id_zone><![CDATA[18]]></id_zone>
</carrier_zone>
<carrier_zone><id_carrier><![CDATA[94]]></id_carrier>
<id_zone><![CDATA[17]]></id_zone>
</carrier_zone>
<carrier_zone><id_carrier><![CDATA[95]]></id_carrier>
<id_zone><![CDATA[20]]></id_zone>
</carrier_zone>
<carrier_zone><id_carrier><![CDATA[96]]></id_carrier>
<id_zone><![CDATA[17]]></id_zone>
</carrier_zone>
<carrier_zone><id_carrier><![CDATA[97]]></id_carrier>
<id_zone><![CDATA[17]]></id_zone>
</carrier_zone>
<carrier_zone><id_carrier><![CDATA[98]]></id_carrier>
<id_zone><![CDATA[17]]></id_zone>
</carrier_zone>
<carrier_zone><id_carrier><![CDATA[99]]></id_carrier>
<id_zone><![CDATA[17]]></id_zone>
</carrier_zone>
<carrier_zone><id_carrier><![CDATA[100]]></id_carrier>
<id_zone><![CDATA[12]]></id_zone>
</carrier_zone>
<carrier_zone><id_carrier><![CDATA[101]]></id_carrier>
<id_zone><![CDATA[13]]></id_zone>
</carrier_zone>
<carrier_zone><id_carrier><![CDATA[102]]></id_carrier>
<id_zone><![CDATA[14]]></id_zone>
</carrier_zone>
<carrier_zone><id_carrier><![CDATA[103]]></id_carrier>
<id_zone><![CDATA[16]]></id_zone>
</carrier_zone>
<carrier_zone><id_carrier><![CDATA[104]]></id_carrier>
<id_zone><![CDATA[18]]></id_zone>
</carrier_zone>
<carrier_zone><id_carrier><![CDATA[105]]></id_carrier>
<id_zone><![CDATA[19]]></id_zone>
</carrier_zone>
<carrier_zone><id_carrier><![CDATA[106]]></id_carrier>
<id_zone><![CDATA[11]]></id_zone>
</carrier_zone>
<carrier_zone><id_carrier><![CDATA[107]]></id_carrier>
<id_zone><![CDATA[11]]></id_zone>
</carrier_zone>
<carrier_zone><id_carrier><![CDATA[108]]></id_carrier>
<id_zone><![CDATA[12]]></id_zone>
</carrier_zone>
<carrier_zone><id_carrier><![CDATA[109]]></id_carrier>
<id_zone><![CDATA[12]]></id_zone>
</carrier_zone>
<carrier_zone><id_carrier><![CDATA[110]]></id_carrier>
<id_zone><![CDATA[13]]></id_zone>
</carrier_zone>
<carrier_zone><id_carrier><![CDATA[111]]></id_carrier>
<id_zone><![CDATA[13]]></id_zone>
</carrier_zone>
<carrier_zone><id_carrier><![CDATA[112]]></id_carrier>
<id_zone><![CDATA[13]]></id_zone>
</carrier_zone>
<carrier_zone><id_carrier><![CDATA[113]]></id_carrier>
<id_zone><![CDATA[9]]></id_zone>
</carrier_zone>
<carrier_zone><id_carrier><![CDATA[114]]></id_carrier>
<id_zone><![CDATA[10]]></id_zone>
</carrier_zone>
<carrier_zone><id_carrier><![CDATA[115]]></id_carrier>
<id_zone><![CDATA[14]]></id_zone>
</carrier_zone>
<carrier_zone><id_carrier><![CDATA[116]]></id_carrier>
<id_zone><![CDATA[15]]></id_zone>
</carrier_zone>
<carrier_zone><id_carrier><![CDATA[117]]></id_carrier>
<id_zone><![CDATA[16]]></id_zone>
</carrier_zone>
<carrier_zone><id_carrier><![CDATA[118]]></id_carrier>
<id_zone><![CDATA[17]]></id_zone>
</carrier_zone>
<carrier_zone><id_carrier><![CDATA[119]]></id_carrier>
<id_zone><![CDATA[18]]></id_zone>
</carrier_zone>
<carrier_zone><id_carrier><![CDATA[120]]></id_carrier>
<id_zone><![CDATA[19]]></id_zone>
</carrier_zone>
<carrier_zone><id_carrier><![CDATA[121]]></id_carrier>
<id_zone><![CDATA[19]]></id_zone>
</carrier_zone>
<carrier_zone><id_carrier><![CDATA[122]]></id_carrier>
<id_zone><![CDATA[18]]></id_zone>
</carrier_zone>
<carrier_zone><id_carrier><![CDATA[123]]></id_carrier>
<id_zone><![CDATA[20]]></id_zone>
</carrier_zone>
<carrier_zone><id_carrier><![CDATA[124]]></id_carrier>
<id_zone><![CDATA[9]]></id_zone>
</carrier_zone>
<carrier_zone><id_carrier><![CDATA[125]]></id_carrier>
<id_zone><![CDATA[10]]></id_zone>
</carrier_zone>
<carrier_zone><id_carrier><![CDATA[126]]></id_carrier>
<id_zone><![CDATA[11]]></id_zone>
</carrier_zone>
<carrier_zone><id_carrier><![CDATA[127]]></id_carrier>
<id_zone><![CDATA[12]]></id_zone>
</carrier_zone>
<carrier_zone><id_carrier><![CDATA[128]]></id_carrier>
<id_zone><![CDATA[13]]></id_zone>
</carrier_zone>
<carrier_zone><id_carrier><![CDATA[129]]></id_carrier>
<id_zone><![CDATA[14]]></id_zone>
</carrier_zone>
<carrier_zone><id_carrier><![CDATA[130]]></id_carrier>
<id_zone><![CDATA[15]]></id_zone>
</carrier_zone>
<carrier_zone><id_carrier><![CDATA[131]]></id_carrier>
<id_zone><![CDATA[16]]></id_zone>
</carrier_zone>
<carrier_zone><id_carrier><![CDATA[132]]></id_carrier>
<id_zone><![CDATA[17]]></id_zone>
</carrier_zone>
<carrier_zone><id_carrier><![CDATA[133]]></id_carrier>
<id_zone><![CDATA[18]]></id_zone>
</carrier_zone>
<carrier_zone><id_carrier><![CDATA[134]]></id_carrier>
<id_zone><![CDATA[19]]></id_zone>
</carrier_zone>
<carrier_zone><id_carrier><![CDATA[135]]></id_carrier>
<id_zone><![CDATA[20]]></id_zone>
</carrier_zone>
<carrier_zone><id_carrier><![CDATA[136]]></id_carrier>
<id_zone><![CDATA[9]]></id_zone>
</carrier_zone>
<carrier_zone><id_carrier><![CDATA[137]]></id_carrier>
<id_zone><![CDATA[10]]></id_zone>
</carrier_zone>
<carrier_zone><id_carrier><![CDATA[138]]></id_carrier>
<id_zone><![CDATA[16]]></id_zone>
</carrier_zone>
<carrier_zone><id_carrier><![CDATA[139]]></id_carrier>
<id_zone><![CDATA[9]]></id_zone>
</carrier_zone>
<carrier_zone><id_carrier><![CDATA[140]]></id_carrier>
<id_zone><![CDATA[9]]></id_zone>
</carrier_zone>
<carrier_zone><id_carrier><![CDATA[141]]></id_carrier>
<id_zone><![CDATA[9]]></id_zone>
</carrier_zone>
<carrier_zone><id_carrier><![CDATA[142]]></id_carrier>
<id_zone><![CDATA[9]]></id_zone>
</carrier_zone>
<carrier_zone><id_carrier><![CDATA[143]]></id_carrier>
<id_zone><![CDATA[9]]></id_zone>
</carrier_zone>
<carrier_zone><id_carrier><![CDATA[144]]></id_carrier>
<id_zone><![CDATA[9]]></id_zone>
</carrier_zone>
<carrier_zone><id_carrier><![CDATA[145]]></id_carrier>
<id_zone><![CDATA[9]]></id_zone>
</carrier_zone>
<carrier_zone><id_carrier><![CDATA[146]]></id_carrier>
<id_zone><![CDATA[9]]></id_zone>
</carrier_zone>
<carrier_zone><id_carrier><![CDATA[147]]></id_carrier>
<id_zone><![CDATA[9]]></id_zone>
</carrier_zone>
<carrier_zone><id_carrier><![CDATA[148]]></id_carrier>
<id_zone><![CDATA[9]]></id_zone>
</carrier_zone>
<carrier_zone><id_carrier><![CDATA[149]]></id_carrier>
<id_zone><![CDATA[11]]></id_zone>
</carrier_zone>
<carrier_zone><id_carrier><![CDATA[150]]></id_carrier>
<id_zone><![CDATA[9]]></id_zone>
</carrier_zone>
<carrier_zone><id_carrier><![CDATA[151]]></id_carrier>
<id_zone><![CDATA[15]]></id_zone>
</carrier_zone>
<carrier_zone><id_carrier><![CDATA[152]]></id_carrier>
<id_zone><![CDATA[16]]></id_zone>
</carrier_zone>
<carrier_zone><id_carrier><![CDATA[153]]></id_carrier>
<id_zone><![CDATA[9]]></id_zone>
</carrier_zone>
<carrier_zone><id_carrier><![CDATA[154]]></id_carrier>
<id_zone><![CDATA[16]]></id_zone>
</carrier_zone>
<carrier_zone><id_carrier><![CDATA[155]]></id_carrier>
<id_zone><![CDATA[15]]></id_zone>
</carrier_zone>
<carrier_zone><id_carrier><![CDATA[156]]></id_carrier>
<id_zone><![CDATA[9]]></id_zone>
</carrier_zone>
<carrier_zone><id_carrier><![CDATA[157]]></id_carrier>
<id_zone><![CDATA[21]]></id_zone>
</carrier_zone>
<carrier_zone><id_carrier><![CDATA[158]]></id_carrier>
<id_zone><![CDATA[21]]></id_zone>
</carrier_zone>
<carrier_zone><id_carrier><![CDATA[159]]></id_carrier>
<id_zone><![CDATA[21]]></id_zone>
</carrier_zone>
</entity_profile>
