<?xml version="1.0" encoding="UTF-8"?>
<entity_profile>
<domain>localhost:8888</domain>
<pres_version>1.6.0.14</pres_version>
<cookie_key>hhhdakOYt4J2VM2IJuHWO0zpsUmOQBLDzXoOxLhtBygBkU2woVCsYeNJ</cookie_key>
<link_site>http://localhost:8888/koalabay/</link_site>
<countlang>5</countlang>
<countcurrency>1</countcurrency>
<countzone>21</countzone>
<countcountry>244</countcountry>
<countstate>787</countstate>
<countcarrier>15</countcarrier>
<countcarrierzone>163</countcarrierzone>
<countrangeprice>163</countrangeprice>
<countcarriergroup>617</countcarriergroup><countrangeweight>14</countrangeweight>
<countdelivery>180</countdelivery>
<counttotalcarrier>1173</counttotalcarrier>
<totalitem>2231</totalitem>
<exporteddata>carriers</exporteddata>
</entity_profile>
