<?xml version="1.0" encoding="UTF-8"?>
<entity_profile>
<delivery><id_delivery><![CDATA[1]]></id_delivery>
<id_carrier><![CDATA[2]]></id_carrier>
<id_range_price><![CDATA[0]]></id_range_price>
<id_range_weight><![CDATA[1]]></id_range_weight>
<id_zone><![CDATA[1]]></id_zone>
<id_shop><![CDATA[]]></id_shop>
<id_shop_group><![CDATA[]]></id_shop_group>
<price><![CDATA[5.000000]]></price>
</delivery>
<delivery><id_delivery><![CDATA[2]]></id_delivery>
<id_carrier><![CDATA[2]]></id_carrier>
<id_range_price><![CDATA[0]]></id_range_price>
<id_range_weight><![CDATA[1]]></id_range_weight>
<id_zone><![CDATA[2]]></id_zone>
<id_shop><![CDATA[]]></id_shop>
<id_shop_group><![CDATA[]]></id_shop_group>
<price><![CDATA[5.000000]]></price>
</delivery>
<delivery><id_delivery><![CDATA[3]]></id_delivery>
<id_carrier><![CDATA[2]]></id_carrier>
<id_range_price><![CDATA[1]]></id_range_price>
<id_range_weight><![CDATA[0]]></id_range_weight>
<id_zone><![CDATA[1]]></id_zone>
<id_shop><![CDATA[]]></id_shop>
<id_shop_group><![CDATA[]]></id_shop_group>
<price><![CDATA[5.000000]]></price>
</delivery>
<delivery><id_delivery><![CDATA[4]]></id_delivery>
<id_carrier><![CDATA[2]]></id_carrier>
<id_range_price><![CDATA[1]]></id_range_price>
<id_range_weight><![CDATA[0]]></id_range_weight>
<id_zone><![CDATA[2]]></id_zone>
<id_shop><![CDATA[]]></id_shop>
<id_shop_group><![CDATA[]]></id_shop_group>
<price><![CDATA[5.000000]]></price>
</delivery>
<delivery><id_delivery><![CDATA[6]]></id_delivery>
<id_carrier><![CDATA[9]]></id_carrier>
<id_range_price><![CDATA[2]]></id_range_price>
<id_range_weight><![CDATA[]]></id_range_weight>
<id_zone><![CDATA[9]]></id_zone>
<id_shop><![CDATA[]]></id_shop>
<id_shop_group><![CDATA[]]></id_shop_group>
<price><![CDATA[4.500000]]></price>
</delivery>
<delivery><id_delivery><![CDATA[8]]></id_delivery>
<id_carrier><![CDATA[10]]></id_carrier>
<id_range_price><![CDATA[3]]></id_range_price>
<id_range_weight><![CDATA[]]></id_range_weight>
<id_zone><![CDATA[9]]></id_zone>
<id_shop><![CDATA[]]></id_shop>
<id_shop_group><![CDATA[]]></id_shop_group>
<price><![CDATA[4.500000]]></price>
</delivery>
<delivery><id_delivery><![CDATA[10]]></id_delivery>
<id_carrier><![CDATA[11]]></id_carrier>
<id_range_price><![CDATA[4]]></id_range_price>
<id_range_weight><![CDATA[]]></id_range_weight>
<id_zone><![CDATA[10]]></id_zone>
<id_shop><![CDATA[]]></id_shop>
<id_shop_group><![CDATA[]]></id_shop_group>
<price><![CDATA[6.500000]]></price>
</delivery>
<delivery><id_delivery><![CDATA[12]]></id_delivery>
<id_carrier><![CDATA[12]]></id_carrier>
<id_range_price><![CDATA[5]]></id_range_price>
<id_range_weight><![CDATA[]]></id_range_weight>
<id_zone><![CDATA[9]]></id_zone>
<id_shop><![CDATA[]]></id_shop>
<id_shop_group><![CDATA[]]></id_shop_group>
<price><![CDATA[4.500000]]></price>
</delivery>
<delivery><id_delivery><![CDATA[14]]></id_delivery>
<id_carrier><![CDATA[13]]></id_carrier>
<id_range_price><![CDATA[]]></id_range_price>
<id_range_weight><![CDATA[2]]></id_range_weight>
<id_zone><![CDATA[11]]></id_zone>
<id_shop><![CDATA[]]></id_shop>
<id_shop_group><![CDATA[]]></id_shop_group>
<price><![CDATA[8.900000]]></price>
</delivery>
<delivery><id_delivery><![CDATA[16]]></id_delivery>
<id_carrier><![CDATA[14]]></id_carrier>
<id_range_price><![CDATA[6]]></id_range_price>
<id_range_weight><![CDATA[]]></id_range_weight>
<id_zone><![CDATA[12]]></id_zone>
<id_shop><![CDATA[]]></id_shop>
<id_shop_group><![CDATA[]]></id_shop_group>
<price><![CDATA[8.500000]]></price>
</delivery>
<delivery><id_delivery><![CDATA[18]]></id_delivery>
<id_carrier><![CDATA[15]]></id_carrier>
<id_range_price><![CDATA[7]]></id_range_price>
<id_range_weight><![CDATA[]]></id_range_weight>
<id_zone><![CDATA[11]]></id_zone>
<id_shop><![CDATA[]]></id_shop>
<id_shop_group><![CDATA[]]></id_shop_group>
<price><![CDATA[8.900000]]></price>
</delivery>
<delivery><id_delivery><![CDATA[20]]></id_delivery>
<id_carrier><![CDATA[16]]></id_carrier>
<id_range_price><![CDATA[8]]></id_range_price>
<id_range_weight><![CDATA[]]></id_range_weight>
<id_zone><![CDATA[10]]></id_zone>
<id_shop><![CDATA[]]></id_shop>
<id_shop_group><![CDATA[]]></id_shop_group>
<price><![CDATA[6.500000]]></price>
</delivery>
<delivery><id_delivery><![CDATA[22]]></id_delivery>
<id_carrier><![CDATA[17]]></id_carrier>
<id_range_price><![CDATA[9]]></id_range_price>
<id_range_weight><![CDATA[]]></id_range_weight>
<id_zone><![CDATA[13]]></id_zone>
<id_shop><![CDATA[]]></id_shop>
<id_shop_group><![CDATA[]]></id_shop_group>
<price><![CDATA[9.900000]]></price>
</delivery>
<delivery><id_delivery><![CDATA[24]]></id_delivery>
<id_carrier><![CDATA[18]]></id_carrier>
<id_range_price><![CDATA[10]]></id_range_price>
<id_range_weight><![CDATA[]]></id_range_weight>
<id_zone><![CDATA[14]]></id_zone>
<id_shop><![CDATA[]]></id_shop>
<id_shop_group><![CDATA[]]></id_shop_group>
<price><![CDATA[7.500000]]></price>
</delivery>
<delivery><id_delivery><![CDATA[26]]></id_delivery>
<id_carrier><![CDATA[19]]></id_carrier>
<id_range_price><![CDATA[11]]></id_range_price>
<id_range_weight><![CDATA[]]></id_range_weight>
<id_zone><![CDATA[15]]></id_zone>
<id_shop><![CDATA[]]></id_shop>
<id_shop_group><![CDATA[]]></id_shop_group>
<price><![CDATA[5.950000]]></price>
</delivery>
<delivery><id_delivery><![CDATA[29]]></id_delivery>
<id_carrier><![CDATA[20]]></id_carrier>
<id_range_price><![CDATA[12]]></id_range_price>
<id_range_weight><![CDATA[]]></id_range_weight>
<id_zone><![CDATA[9]]></id_zone>
<id_shop><![CDATA[]]></id_shop>
<id_shop_group><![CDATA[]]></id_shop_group>
<price><![CDATA[4.500000]]></price>
</delivery>
<delivery><id_delivery><![CDATA[30]]></id_delivery>
<id_carrier><![CDATA[20]]></id_carrier>
<id_range_price><![CDATA[12]]></id_range_price>
<id_range_weight><![CDATA[]]></id_range_weight>
<id_zone><![CDATA[16]]></id_zone>
<id_shop><![CDATA[]]></id_shop>
<id_shop_group><![CDATA[]]></id_shop_group>
<price><![CDATA[4.500000]]></price>
</delivery>
<delivery><id_delivery><![CDATA[32]]></id_delivery>
<id_carrier><![CDATA[21]]></id_carrier>
<id_range_price><![CDATA[]]></id_range_price>
<id_range_weight><![CDATA[3]]></id_range_weight>
<id_zone><![CDATA[16]]></id_zone>
<id_shop><![CDATA[]]></id_shop>
<id_shop_group><![CDATA[]]></id_shop_group>
<price><![CDATA[4.500000]]></price>
</delivery>
<delivery><id_delivery><![CDATA[34]]></id_delivery>
<id_carrier><![CDATA[22]]></id_carrier>
<id_range_price><![CDATA[]]></id_range_price>
<id_range_weight><![CDATA[4]]></id_range_weight>
<id_zone><![CDATA[16]]></id_zone>
<id_shop><![CDATA[]]></id_shop>
<id_shop_group><![CDATA[]]></id_shop_group>
<price><![CDATA[4.500000]]></price>
</delivery>
<delivery><id_delivery><![CDATA[36]]></id_delivery>
<id_carrier><![CDATA[23]]></id_carrier>
<id_range_price><![CDATA[13]]></id_range_price>
<id_range_weight><![CDATA[]]></id_range_weight>
<id_zone><![CDATA[16]]></id_zone>
<id_shop><![CDATA[]]></id_shop>
<id_shop_group><![CDATA[]]></id_shop_group>
<price><![CDATA[4.500000]]></price>
</delivery>
<delivery><id_delivery><![CDATA[38]]></id_delivery>
<id_carrier><![CDATA[24]]></id_carrier>
<id_range_price><![CDATA[14]]></id_range_price>
<id_range_weight><![CDATA[]]></id_range_weight>
<id_zone><![CDATA[16]]></id_zone>
<id_shop><![CDATA[]]></id_shop>
<id_shop_group><![CDATA[]]></id_shop_group>
<price><![CDATA[4.500000]]></price>
</delivery>
<delivery><id_delivery><![CDATA[40]]></id_delivery>
<id_carrier><![CDATA[25]]></id_carrier>
<id_range_price><![CDATA[15]]></id_range_price>
<id_range_weight><![CDATA[]]></id_range_weight>
<id_zone><![CDATA[9]]></id_zone>
<id_shop><![CDATA[]]></id_shop>
<id_shop_group><![CDATA[]]></id_shop_group>
<price><![CDATA[4.500000]]></price>
</delivery>
<delivery><id_delivery><![CDATA[42]]></id_delivery>
<id_carrier><![CDATA[26]]></id_carrier>
<id_range_price><![CDATA[16]]></id_range_price>
<id_range_weight><![CDATA[]]></id_range_weight>
<id_zone><![CDATA[9]]></id_zone>
<id_shop><![CDATA[]]></id_shop>
<id_shop_group><![CDATA[]]></id_shop_group>
<price><![CDATA[4.500000]]></price>
</delivery>
<delivery><id_delivery><![CDATA[44]]></id_delivery>
<id_carrier><![CDATA[27]]></id_carrier>
<id_range_price><![CDATA[17]]></id_range_price>
<id_range_weight><![CDATA[]]></id_range_weight>
<id_zone><![CDATA[9]]></id_zone>
<id_shop><![CDATA[]]></id_shop>
<id_shop_group><![CDATA[]]></id_shop_group>
<price><![CDATA[4.500000]]></price>
</delivery>
<delivery><id_delivery><![CDATA[46]]></id_delivery>
<id_carrier><![CDATA[28]]></id_carrier>
<id_range_price><![CDATA[18]]></id_range_price>
<id_range_weight><![CDATA[]]></id_range_weight>
<id_zone><![CDATA[9]]></id_zone>
<id_shop><![CDATA[]]></id_shop>
<id_shop_group><![CDATA[]]></id_shop_group>
<price><![CDATA[3.555000]]></price>
</delivery>
<delivery><id_delivery><![CDATA[48]]></id_delivery>
<id_carrier><![CDATA[29]]></id_carrier>
<id_range_price><![CDATA[19]]></id_range_price>
<id_range_weight><![CDATA[]]></id_range_weight>
<id_zone><![CDATA[9]]></id_zone>
<id_shop><![CDATA[]]></id_shop>
<id_shop_group><![CDATA[]]></id_shop_group>
<price><![CDATA[3.555000]]></price>
</delivery>
<delivery><id_delivery><![CDATA[50]]></id_delivery>
<id_carrier><![CDATA[30]]></id_carrier>
<id_range_price><![CDATA[20]]></id_range_price>
<id_range_weight><![CDATA[]]></id_range_weight>
<id_zone><![CDATA[9]]></id_zone>
<id_shop><![CDATA[]]></id_shop>
<id_shop_group><![CDATA[]]></id_shop_group>
<price><![CDATA[3.720000]]></price>
</delivery>
<delivery><id_delivery><![CDATA[52]]></id_delivery>
<id_carrier><![CDATA[31]]></id_carrier>
<id_range_price><![CDATA[21]]></id_range_price>
<id_range_weight><![CDATA[]]></id_range_weight>
<id_zone><![CDATA[9]]></id_zone>
<id_shop><![CDATA[]]></id_shop>
<id_shop_group><![CDATA[]]></id_shop_group>
<price><![CDATA[4.090000]]></price>
</delivery>
<delivery><id_delivery><![CDATA[54]]></id_delivery>
<id_carrier><![CDATA[32]]></id_carrier>
<id_range_price><![CDATA[22]]></id_range_price>
<id_range_weight><![CDATA[]]></id_range_weight>
<id_zone><![CDATA[17]]></id_zone>
<id_shop><![CDATA[]]></id_shop>
<id_shop_group><![CDATA[]]></id_shop_group>
<price><![CDATA[8.700000]]></price>
</delivery>
<delivery><id_delivery><![CDATA[56]]></id_delivery>
<id_carrier><![CDATA[33]]></id_carrier>
<id_range_price><![CDATA[23]]></id_range_price>
<id_range_weight><![CDATA[]]></id_range_weight>
<id_zone><![CDATA[17]]></id_zone>
<id_shop><![CDATA[]]></id_shop>
<id_shop_group><![CDATA[]]></id_shop_group>
<price><![CDATA[8.700000]]></price>
</delivery>
<delivery><id_delivery><![CDATA[58]]></id_delivery>
<id_carrier><![CDATA[34]]></id_carrier>
<id_range_price><![CDATA[24]]></id_range_price>
<id_range_weight><![CDATA[]]></id_range_weight>
<id_zone><![CDATA[17]]></id_zone>
<id_shop><![CDATA[]]></id_shop>
<id_shop_group><![CDATA[]]></id_shop_group>
<price><![CDATA[8.700000]]></price>
</delivery>
<delivery><id_delivery><![CDATA[60]]></id_delivery>
<id_carrier><![CDATA[35]]></id_carrier>
<id_range_price><![CDATA[25]]></id_range_price>
<id_range_weight><![CDATA[]]></id_range_weight>
<id_zone><![CDATA[17]]></id_zone>
<id_shop><![CDATA[]]></id_shop>
<id_shop_group><![CDATA[]]></id_shop_group>
<price><![CDATA[8.700000]]></price>
</delivery>
<delivery><id_delivery><![CDATA[62]]></id_delivery>
<id_carrier><![CDATA[36]]></id_carrier>
<id_range_price><![CDATA[26]]></id_range_price>
<id_range_weight><![CDATA[]]></id_range_weight>
<id_zone><![CDATA[18]]></id_zone>
<id_shop><![CDATA[]]></id_shop>
<id_shop_group><![CDATA[]]></id_shop_group>
<price><![CDATA[8.700000]]></price>
</delivery>
<delivery><id_delivery><![CDATA[64]]></id_delivery>
<id_carrier><![CDATA[37]]></id_carrier>
<id_range_price><![CDATA[27]]></id_range_price>
<id_range_weight><![CDATA[]]></id_range_weight>
<id_zone><![CDATA[10]]></id_zone>
<id_shop><![CDATA[]]></id_shop>
<id_shop_group><![CDATA[]]></id_shop_group>
<price><![CDATA[6.500000]]></price>
</delivery>
<delivery><id_delivery><![CDATA[66]]></id_delivery>
<id_carrier><![CDATA[38]]></id_carrier>
<id_range_price><![CDATA[28]]></id_range_price>
<id_range_weight><![CDATA[]]></id_range_weight>
<id_zone><![CDATA[11]]></id_zone>
<id_shop><![CDATA[]]></id_shop>
<id_shop_group><![CDATA[]]></id_shop_group>
<price><![CDATA[8.900000]]></price>
</delivery>
<delivery><id_delivery><![CDATA[68]]></id_delivery>
<id_carrier><![CDATA[39]]></id_carrier>
<id_range_price><![CDATA[29]]></id_range_price>
<id_range_weight><![CDATA[]]></id_range_weight>
<id_zone><![CDATA[12]]></id_zone>
<id_shop><![CDATA[]]></id_shop>
<id_shop_group><![CDATA[]]></id_shop_group>
<price><![CDATA[8.500000]]></price>
</delivery>
<delivery><id_delivery><![CDATA[70]]></id_delivery>
<id_carrier><![CDATA[40]]></id_carrier>
<id_range_price><![CDATA[30]]></id_range_price>
<id_range_weight><![CDATA[]]></id_range_weight>
<id_zone><![CDATA[13]]></id_zone>
<id_shop><![CDATA[]]></id_shop>
<id_shop_group><![CDATA[]]></id_shop_group>
<price><![CDATA[9.900000]]></price>
</delivery>
<delivery><id_delivery><![CDATA[72]]></id_delivery>
<id_carrier><![CDATA[41]]></id_carrier>
<id_range_price><![CDATA[31]]></id_range_price>
<id_range_weight><![CDATA[]]></id_range_weight>
<id_zone><![CDATA[14]]></id_zone>
<id_shop><![CDATA[]]></id_shop>
<id_shop_group><![CDATA[]]></id_shop_group>
<price><![CDATA[7.500000]]></price>
</delivery>
<delivery><id_delivery><![CDATA[74]]></id_delivery>
<id_carrier><![CDATA[42]]></id_carrier>
<id_range_price><![CDATA[32]]></id_range_price>
<id_range_weight><![CDATA[]]></id_range_weight>
<id_zone><![CDATA[15]]></id_zone>
<id_shop><![CDATA[]]></id_shop>
<id_shop_group><![CDATA[]]></id_shop_group>
<price><![CDATA[5.950000]]></price>
</delivery>
<delivery><id_delivery><![CDATA[76]]></id_delivery>
<id_carrier><![CDATA[43]]></id_carrier>
<id_range_price><![CDATA[33]]></id_range_price>
<id_range_weight><![CDATA[]]></id_range_weight>
<id_zone><![CDATA[16]]></id_zone>
<id_shop><![CDATA[]]></id_shop>
<id_shop_group><![CDATA[]]></id_shop_group>
<price><![CDATA[4.500000]]></price>
</delivery>
<delivery><id_delivery><![CDATA[78]]></id_delivery>
<id_carrier><![CDATA[44]]></id_carrier>
<id_range_price><![CDATA[34]]></id_range_price>
<id_range_weight><![CDATA[]]></id_range_weight>
<id_zone><![CDATA[17]]></id_zone>
<id_shop><![CDATA[]]></id_shop>
<id_shop_group><![CDATA[]]></id_shop_group>
<price><![CDATA[8.700000]]></price>
</delivery>
<delivery><id_delivery><![CDATA[80]]></id_delivery>
<id_carrier><![CDATA[45]]></id_carrier>
<id_range_price><![CDATA[35]]></id_range_price>
<id_range_weight><![CDATA[]]></id_range_weight>
<id_zone><![CDATA[18]]></id_zone>
<id_shop><![CDATA[]]></id_shop>
<id_shop_group><![CDATA[]]></id_shop_group>
<price><![CDATA[8.700000]]></price>
</delivery>
<delivery><id_delivery><![CDATA[82]]></id_delivery>
<id_carrier><![CDATA[46]]></id_carrier>
<id_range_price><![CDATA[36]]></id_range_price>
<id_range_weight><![CDATA[]]></id_range_weight>
<id_zone><![CDATA[9]]></id_zone>
<id_shop><![CDATA[]]></id_shop>
<id_shop_group><![CDATA[]]></id_shop_group>
<price><![CDATA[4.090000]]></price>
</delivery>
<delivery><id_delivery><![CDATA[84]]></id_delivery>
<id_carrier><![CDATA[46]]></id_carrier>
<id_range_price><![CDATA[37]]></id_range_price>
<id_range_weight><![CDATA[]]></id_range_weight>
<id_zone><![CDATA[9]]></id_zone>
<id_shop><![CDATA[]]></id_shop>
<id_shop_group><![CDATA[]]></id_shop_group>
<price><![CDATA[0.000000]]></price>
</delivery>
<delivery><id_delivery><![CDATA[86]]></id_delivery>
<id_carrier><![CDATA[47]]></id_carrier>
<id_range_price><![CDATA[38]]></id_range_price>
<id_range_weight><![CDATA[]]></id_range_weight>
<id_zone><![CDATA[16]]></id_zone>
<id_shop><![CDATA[]]></id_shop>
<id_shop_group><![CDATA[]]></id_shop_group>
<price><![CDATA[4.500000]]></price>
</delivery>
<delivery><id_delivery><![CDATA[88]]></id_delivery>
<id_carrier><![CDATA[47]]></id_carrier>
<id_range_price><![CDATA[39]]></id_range_price>
<id_range_weight><![CDATA[]]></id_range_weight>
<id_zone><![CDATA[16]]></id_zone>
<id_shop><![CDATA[]]></id_shop>
<id_shop_group><![CDATA[]]></id_shop_group>
<price><![CDATA[0.000000]]></price>
</delivery>
<delivery><id_delivery><![CDATA[90]]></id_delivery>
<id_carrier><![CDATA[48]]></id_carrier>
<id_range_price><![CDATA[40]]></id_range_price>
<id_range_weight><![CDATA[]]></id_range_weight>
<id_zone><![CDATA[18]]></id_zone>
<id_shop><![CDATA[]]></id_shop>
<id_shop_group><![CDATA[]]></id_shop_group>
<price><![CDATA[8.700000]]></price>
</delivery>
<delivery><id_delivery><![CDATA[92]]></id_delivery>
<id_carrier><![CDATA[50]]></id_carrier>
<id_range_price><![CDATA[41]]></id_range_price>
<id_range_weight><![CDATA[]]></id_range_weight>
<id_zone><![CDATA[11]]></id_zone>
<id_shop><![CDATA[]]></id_shop>
<id_shop_group><![CDATA[]]></id_shop_group>
<price><![CDATA[8.090000]]></price>
</delivery>
<delivery><id_delivery><![CDATA[94]]></id_delivery>
<id_carrier><![CDATA[51]]></id_carrier>
<id_range_price><![CDATA[42]]></id_range_price>
<id_range_weight><![CDATA[]]></id_range_weight>
<id_zone><![CDATA[12]]></id_zone>
<id_shop><![CDATA[]]></id_shop>
<id_shop_group><![CDATA[]]></id_shop_group>
<price><![CDATA[7.730000]]></price>
</delivery>
<delivery><id_delivery><![CDATA[96]]></id_delivery>
<id_carrier><![CDATA[52]]></id_carrier>
<id_range_price><![CDATA[43]]></id_range_price>
<id_range_weight><![CDATA[]]></id_range_weight>
<id_zone><![CDATA[13]]></id_zone>
<id_shop><![CDATA[]]></id_shop>
<id_shop_group><![CDATA[]]></id_shop_group>
<price><![CDATA[7.730000]]></price>
</delivery>
<delivery><id_delivery><![CDATA[98]]></id_delivery>
<id_carrier><![CDATA[53]]></id_carrier>
<id_range_price><![CDATA[44]]></id_range_price>
<id_range_weight><![CDATA[]]></id_range_weight>
<id_zone><![CDATA[11]]></id_zone>
<id_shop><![CDATA[]]></id_shop>
<id_shop_group><![CDATA[]]></id_shop_group>
<price><![CDATA[8.090000]]></price>
</delivery>
<delivery><id_delivery><![CDATA[100]]></id_delivery>
<id_carrier><![CDATA[54]]></id_carrier>
<id_range_price><![CDATA[45]]></id_range_price>
<id_range_weight><![CDATA[]]></id_range_weight>
<id_zone><![CDATA[11]]></id_zone>
<id_shop><![CDATA[]]></id_shop>
<id_shop_group><![CDATA[]]></id_shop_group>
<price><![CDATA[8.090000]]></price>
</delivery>
<delivery><id_delivery><![CDATA[102]]></id_delivery>
<id_carrier><![CDATA[55]]></id_carrier>
<id_range_price><![CDATA[46]]></id_range_price>
<id_range_weight><![CDATA[]]></id_range_weight>
<id_zone><![CDATA[11]]></id_zone>
<id_shop><![CDATA[]]></id_shop>
<id_shop_group><![CDATA[]]></id_shop_group>
<price><![CDATA[8.090000]]></price>
</delivery>
<delivery><id_delivery><![CDATA[104]]></id_delivery>
<id_carrier><![CDATA[56]]></id_carrier>
<id_range_price><![CDATA[47]]></id_range_price>
<id_range_weight><![CDATA[]]></id_range_weight>
<id_zone><![CDATA[11]]></id_zone>
<id_shop><![CDATA[]]></id_shop>
<id_shop_group><![CDATA[]]></id_shop_group>
<price><![CDATA[8.090000]]></price>
</delivery>
<delivery><id_delivery><![CDATA[106]]></id_delivery>
<id_carrier><![CDATA[57]]></id_carrier>
<id_range_price><![CDATA[48]]></id_range_price>
<id_range_weight><![CDATA[]]></id_range_weight>
<id_zone><![CDATA[11]]></id_zone>
<id_shop><![CDATA[]]></id_shop>
<id_shop_group><![CDATA[]]></id_shop_group>
<price><![CDATA[8.900000]]></price>
</delivery>
<delivery><id_delivery><![CDATA[108]]></id_delivery>
<id_carrier><![CDATA[58]]></id_carrier>
<id_range_price><![CDATA[49]]></id_range_price>
<id_range_weight><![CDATA[]]></id_range_weight>
<id_zone><![CDATA[12]]></id_zone>
<id_shop><![CDATA[]]></id_shop>
<id_shop_group><![CDATA[]]></id_shop_group>
<price><![CDATA[7.730000]]></price>
</delivery>
<delivery><id_delivery><![CDATA[110]]></id_delivery>
<id_carrier><![CDATA[59]]></id_carrier>
<id_range_price><![CDATA[50]]></id_range_price>
<id_range_weight><![CDATA[]]></id_range_weight>
<id_zone><![CDATA[13]]></id_zone>
<id_shop><![CDATA[]]></id_shop>
<id_shop_group><![CDATA[]]></id_shop_group>
<price><![CDATA[7.730000]]></price>
</delivery>
<delivery><id_delivery><![CDATA[112]]></id_delivery>
<id_carrier><![CDATA[60]]></id_carrier>
<id_range_price><![CDATA[51]]></id_range_price>
<id_range_weight><![CDATA[]]></id_range_weight>
<id_zone><![CDATA[14]]></id_zone>
<id_shop><![CDATA[]]></id_shop>
<id_shop_group><![CDATA[]]></id_shop_group>
<price><![CDATA[6.820000]]></price>
</delivery>
<delivery><id_delivery><![CDATA[114]]></id_delivery>
<id_carrier><![CDATA[61]]></id_carrier>
<id_range_price><![CDATA[52]]></id_range_price>
<id_range_weight><![CDATA[]]></id_range_weight>
<id_zone><![CDATA[17]]></id_zone>
<id_shop><![CDATA[]]></id_shop>
<id_shop_group><![CDATA[]]></id_shop_group>
<price><![CDATA[7.910000]]></price>
</delivery>
<delivery><id_delivery><![CDATA[116]]></id_delivery>
<id_carrier><![CDATA[62]]></id_carrier>
<id_range_price><![CDATA[53]]></id_range_price>
<id_range_weight><![CDATA[]]></id_range_weight>
<id_zone><![CDATA[18]]></id_zone>
<id_shop><![CDATA[]]></id_shop>
<id_shop_group><![CDATA[]]></id_shop_group>
<price><![CDATA[7.910000]]></price>
</delivery>
<delivery><id_delivery><![CDATA[118]]></id_delivery>
<id_carrier><![CDATA[63]]></id_carrier>
<id_range_price><![CDATA[54]]></id_range_price>
<id_range_weight><![CDATA[]]></id_range_weight>
<id_zone><![CDATA[16]]></id_zone>
<id_shop><![CDATA[]]></id_shop>
<id_shop_group><![CDATA[]]></id_shop_group>
<price><![CDATA[4.090000]]></price>
</delivery>
<delivery><id_delivery><![CDATA[120]]></id_delivery>
<id_carrier><![CDATA[63]]></id_carrier>
<id_range_price><![CDATA[55]]></id_range_price>
<id_range_weight><![CDATA[]]></id_range_weight>
<id_zone><![CDATA[16]]></id_zone>
<id_shop><![CDATA[]]></id_shop>
<id_shop_group><![CDATA[]]></id_shop_group>
<price><![CDATA[0.000000]]></price>
</delivery>
<delivery><id_delivery><![CDATA[122]]></id_delivery>
<id_carrier><![CDATA[64]]></id_carrier>
<id_range_price><![CDATA[56]]></id_range_price>
<id_range_weight><![CDATA[]]></id_range_weight>
<id_zone><![CDATA[9]]></id_zone>
<id_shop><![CDATA[]]></id_shop>
<id_shop_group><![CDATA[]]></id_shop_group>
<price><![CDATA[3.720000]]></price>
</delivery>
<delivery><id_delivery><![CDATA[124]]></id_delivery>
<id_carrier><![CDATA[64]]></id_carrier>
<id_range_price><![CDATA[57]]></id_range_price>
<id_range_weight><![CDATA[]]></id_range_weight>
<id_zone><![CDATA[9]]></id_zone>
<id_shop><![CDATA[]]></id_shop>
<id_shop_group><![CDATA[]]></id_shop_group>
<price><![CDATA[0.000000]]></price>
</delivery>
<delivery><id_delivery><![CDATA[126]]></id_delivery>
<id_carrier><![CDATA[65]]></id_carrier>
<id_range_price><![CDATA[58]]></id_range_price>
<id_range_weight><![CDATA[]]></id_range_weight>
<id_zone><![CDATA[10]]></id_zone>
<id_shop><![CDATA[]]></id_shop>
<id_shop_group><![CDATA[]]></id_shop_group>
<price><![CDATA[5.370000]]></price>
</delivery>
<delivery><id_delivery><![CDATA[128]]></id_delivery>
<id_carrier><![CDATA[66]]></id_carrier>
<id_range_price><![CDATA[59]]></id_range_price>
<id_range_weight><![CDATA[]]></id_range_weight>
<id_zone><![CDATA[11]]></id_zone>
<id_shop><![CDATA[]]></id_shop>
<id_shop_group><![CDATA[]]></id_shop_group>
<price><![CDATA[7.360000]]></price>
</delivery>
<delivery><id_delivery><![CDATA[130]]></id_delivery>
<id_carrier><![CDATA[67]]></id_carrier>
<id_range_price><![CDATA[60]]></id_range_price>
<id_range_weight><![CDATA[]]></id_range_weight>
<id_zone><![CDATA[11]]></id_zone>
<id_shop><![CDATA[]]></id_shop>
<id_shop_group><![CDATA[]]></id_shop_group>
<price><![CDATA[7.360000]]></price>
</delivery>
<delivery><id_delivery><![CDATA[132]]></id_delivery>
<id_carrier><![CDATA[68]]></id_carrier>
<id_range_price><![CDATA[61]]></id_range_price>
<id_range_weight><![CDATA[]]></id_range_weight>
<id_zone><![CDATA[12]]></id_zone>
<id_shop><![CDATA[]]></id_shop>
<id_shop_group><![CDATA[]]></id_shop_group>
<price><![CDATA[7.020000]]></price>
</delivery>
<delivery><id_delivery><![CDATA[134]]></id_delivery>
<id_carrier><![CDATA[69]]></id_carrier>
<id_range_price><![CDATA[62]]></id_range_price>
<id_range_weight><![CDATA[]]></id_range_weight>
<id_zone><![CDATA[12]]></id_zone>
<id_shop><![CDATA[]]></id_shop>
<id_shop_group><![CDATA[]]></id_shop_group>
<price><![CDATA[7.030000]]></price>
</delivery>
<delivery><id_delivery><![CDATA[136]]></id_delivery>
<id_carrier><![CDATA[70]]></id_carrier>
<id_range_price><![CDATA[63]]></id_range_price>
<id_range_weight><![CDATA[]]></id_range_weight>
<id_zone><![CDATA[12]]></id_zone>
<id_shop><![CDATA[]]></id_shop>
<id_shop_group><![CDATA[]]></id_shop_group>
<price><![CDATA[7.030000]]></price>
</delivery>
<delivery><id_delivery><![CDATA[138]]></id_delivery>
<id_carrier><![CDATA[71]]></id_carrier>
<id_range_price><![CDATA[64]]></id_range_price>
<id_range_weight><![CDATA[]]></id_range_weight>
<id_zone><![CDATA[13]]></id_zone>
<id_shop><![CDATA[]]></id_shop>
<id_shop_group><![CDATA[]]></id_shop_group>
<price><![CDATA[7.030000]]></price>
</delivery>
<delivery><id_delivery><![CDATA[140]]></id_delivery>
<id_carrier><![CDATA[72]]></id_carrier>
<id_range_price><![CDATA[65]]></id_range_price>
<id_range_weight><![CDATA[]]></id_range_weight>
<id_zone><![CDATA[14]]></id_zone>
<id_shop><![CDATA[]]></id_shop>
<id_shop_group><![CDATA[]]></id_shop_group>
<price><![CDATA[6.200000]]></price>
</delivery>
<delivery><id_delivery><![CDATA[142]]></id_delivery>
<id_carrier><![CDATA[73]]></id_carrier>
<id_range_price><![CDATA[66]]></id_range_price>
<id_range_weight><![CDATA[]]></id_range_weight>
<id_zone><![CDATA[15]]></id_zone>
<id_shop><![CDATA[]]></id_shop>
<id_shop_group><![CDATA[]]></id_shop_group>
<price><![CDATA[4.920000]]></price>
</delivery>
<delivery><id_delivery><![CDATA[144]]></id_delivery>
<id_carrier><![CDATA[74]]></id_carrier>
<id_range_price><![CDATA[67]]></id_range_price>
<id_range_weight><![CDATA[]]></id_range_weight>
<id_zone><![CDATA[16]]></id_zone>
<id_shop><![CDATA[]]></id_shop>
<id_shop_group><![CDATA[]]></id_shop_group>
<price><![CDATA[3.720000]]></price>
</delivery>
<delivery><id_delivery><![CDATA[146]]></id_delivery>
<id_carrier><![CDATA[74]]></id_carrier>
<id_range_price><![CDATA[68]]></id_range_price>
<id_range_weight><![CDATA[]]></id_range_weight>
<id_zone><![CDATA[16]]></id_zone>
<id_shop><![CDATA[]]></id_shop>
<id_shop_group><![CDATA[]]></id_shop_group>
<price><![CDATA[0.000000]]></price>
</delivery>
<delivery><id_delivery><![CDATA[148]]></id_delivery>
<id_carrier><![CDATA[75]]></id_carrier>
<id_range_price><![CDATA[69]]></id_range_price>
<id_range_weight><![CDATA[]]></id_range_weight>
<id_zone><![CDATA[17]]></id_zone>
<id_shop><![CDATA[]]></id_shop>
<id_shop_group><![CDATA[]]></id_shop_group>
<price><![CDATA[7.190000]]></price>
</delivery>
<delivery><id_delivery><![CDATA[150]]></id_delivery>
<id_carrier><![CDATA[76]]></id_carrier>
<id_range_price><![CDATA[70]]></id_range_price>
<id_range_weight><![CDATA[]]></id_range_weight>
<id_zone><![CDATA[18]]></id_zone>
<id_shop><![CDATA[]]></id_shop>
<id_shop_group><![CDATA[]]></id_shop_group>
<price><![CDATA[7.190000]]></price>
</delivery>
<delivery><id_delivery><![CDATA[152]]></id_delivery>
<id_carrier><![CDATA[77]]></id_carrier>
<id_range_price><![CDATA[]]></id_range_price>
<id_range_weight><![CDATA[5]]></id_range_weight>
<id_zone><![CDATA[1]]></id_zone>
<id_shop><![CDATA[]]></id_shop>
<id_shop_group><![CDATA[]]></id_shop_group>
<price><![CDATA[7.360000]]></price>
</delivery>
<delivery><id_delivery><![CDATA[154]]></id_delivery>
<id_carrier><![CDATA[78]]></id_carrier>
<id_range_price><![CDATA[]]></id_range_price>
<id_range_weight><![CDATA[6]]></id_range_weight>
<id_zone><![CDATA[1]]></id_zone>
<id_shop><![CDATA[]]></id_shop>
<id_shop_group><![CDATA[]]></id_shop_group>
<price><![CDATA[7.360000]]></price>
</delivery>
<delivery><id_delivery><![CDATA[156]]></id_delivery>
<id_carrier><![CDATA[79]]></id_carrier>
<id_range_price><![CDATA[]]></id_range_price>
<id_range_weight><![CDATA[7]]></id_range_weight>
<id_zone><![CDATA[19]]></id_zone>
<id_shop><![CDATA[]]></id_shop>
<id_shop_group><![CDATA[]]></id_shop_group>
<price><![CDATA[7.360000]]></price>
</delivery>
<delivery><id_delivery><![CDATA[158]]></id_delivery>
<id_carrier><![CDATA[80]]></id_carrier>
<id_range_price><![CDATA[]]></id_range_price>
<id_range_weight><![CDATA[8]]></id_range_weight>
<id_zone><![CDATA[19]]></id_zone>
<id_shop><![CDATA[]]></id_shop>
<id_shop_group><![CDATA[]]></id_shop_group>
<price><![CDATA[7.360000]]></price>
</delivery>
<delivery><id_delivery><![CDATA[160]]></id_delivery>
<id_carrier><![CDATA[83]]></id_carrier>
<id_range_price><![CDATA[71]]></id_range_price>
<id_range_weight><![CDATA[]]></id_range_weight>
<id_zone><![CDATA[20]]></id_zone>
<id_shop><![CDATA[]]></id_shop>
<id_shop_group><![CDATA[]]></id_shop_group>
<price><![CDATA[24.800000]]></price>
</delivery>
<delivery><id_delivery><![CDATA[162]]></id_delivery>
<id_carrier><![CDATA[84]]></id_carrier>
<id_range_price><![CDATA[72]]></id_range_price>
<id_range_weight><![CDATA[]]></id_range_weight>
<id_zone><![CDATA[20]]></id_zone>
<id_shop><![CDATA[]]></id_shop>
<id_shop_group><![CDATA[]]></id_shop_group>
<price><![CDATA[24.800000]]></price>
</delivery>
<delivery><id_delivery><![CDATA[164]]></id_delivery>
<id_carrier><![CDATA[85]]></id_carrier>
<id_range_price><![CDATA[]]></id_range_price>
<id_range_weight><![CDATA[9]]></id_range_weight>
<id_zone><![CDATA[19]]></id_zone>
<id_shop><![CDATA[]]></id_shop>
<id_shop_group><![CDATA[]]></id_shop_group>
<price><![CDATA[7.360000]]></price>
</delivery>
<delivery><id_delivery><![CDATA[166]]></id_delivery>
<id_carrier><![CDATA[86]]></id_carrier>
<id_range_price><![CDATA[73]]></id_range_price>
<id_range_weight><![CDATA[]]></id_range_weight>
<id_zone><![CDATA[11]]></id_zone>
<id_shop><![CDATA[]]></id_shop>
<id_shop_group><![CDATA[]]></id_shop_group>
<price><![CDATA[7.360000]]></price>
</delivery>
<delivery><id_delivery><![CDATA[168]]></id_delivery>
<id_carrier><![CDATA[87]]></id_carrier>
<id_range_price><![CDATA[74]]></id_range_price>
<id_range_weight><![CDATA[]]></id_range_weight>
<id_zone><![CDATA[12]]></id_zone>
<id_shop><![CDATA[]]></id_shop>
<id_shop_group><![CDATA[]]></id_shop_group>
<price><![CDATA[7.030000]]></price>
</delivery>
<delivery><id_delivery><![CDATA[170]]></id_delivery>
<id_carrier><![CDATA[88]]></id_carrier>
<id_range_price><![CDATA[75]]></id_range_price>
<id_range_weight><![CDATA[]]></id_range_weight>
<id_zone><![CDATA[13]]></id_zone>
<id_shop><![CDATA[]]></id_shop>
<id_shop_group><![CDATA[]]></id_shop_group>
<price><![CDATA[7.030000]]></price>
</delivery>
<delivery><id_delivery><![CDATA[172]]></id_delivery>
<id_carrier><![CDATA[89]]></id_carrier>
<id_range_price><![CDATA[76]]></id_range_price>
<id_range_weight><![CDATA[]]></id_range_weight>
<id_zone><![CDATA[14]]></id_zone>
<id_shop><![CDATA[]]></id_shop>
<id_shop_group><![CDATA[]]></id_shop_group>
<price><![CDATA[6.200000]]></price>
</delivery>
<delivery><id_delivery><![CDATA[174]]></id_delivery>
<id_carrier><![CDATA[90]]></id_carrier>
<id_range_price><![CDATA[77]]></id_range_price>
<id_range_weight><![CDATA[]]></id_range_weight>
<id_zone><![CDATA[17]]></id_zone>
<id_shop><![CDATA[]]></id_shop>
<id_shop_group><![CDATA[]]></id_shop_group>
<price><![CDATA[7.190000]]></price>
</delivery>
<delivery><id_delivery><![CDATA[176]]></id_delivery>
<id_carrier><![CDATA[91]]></id_carrier>
<id_range_price><![CDATA[78]]></id_range_price>
<id_range_weight><![CDATA[]]></id_range_weight>
<id_zone><![CDATA[18]]></id_zone>
<id_shop><![CDATA[]]></id_shop>
<id_shop_group><![CDATA[]]></id_shop_group>
<price><![CDATA[7.190000]]></price>
</delivery>
<delivery><id_delivery><![CDATA[178]]></id_delivery>
<id_carrier><![CDATA[92]]></id_carrier>
<id_range_price><![CDATA[]]></id_range_price>
<id_range_weight><![CDATA[10]]></id_range_weight>
<id_zone><![CDATA[19]]></id_zone>
<id_shop><![CDATA[]]></id_shop>
<id_shop_group><![CDATA[]]></id_shop_group>
<price><![CDATA[7.360000]]></price>
</delivery>
<delivery><id_delivery><![CDATA[180]]></id_delivery>
<id_carrier><![CDATA[93]]></id_carrier>
<id_range_price><![CDATA[79]]></id_range_price>
<id_range_weight><![CDATA[]]></id_range_weight>
<id_zone><![CDATA[18]]></id_zone>
<id_shop><![CDATA[]]></id_shop>
<id_shop_group><![CDATA[]]></id_shop_group>
<price><![CDATA[7.190000]]></price>
</delivery>
<delivery><id_delivery><![CDATA[182]]></id_delivery>
<id_carrier><![CDATA[94]]></id_carrier>
<id_range_price><![CDATA[80]]></id_range_price>
<id_range_weight><![CDATA[]]></id_range_weight>
<id_zone><![CDATA[17]]></id_zone>
<id_shop><![CDATA[]]></id_shop>
<id_shop_group><![CDATA[]]></id_shop_group>
<price><![CDATA[7.190000]]></price>
</delivery>
<delivery><id_delivery><![CDATA[184]]></id_delivery>
<id_carrier><![CDATA[95]]></id_carrier>
<id_range_price><![CDATA[81]]></id_range_price>
<id_range_weight><![CDATA[]]></id_range_weight>
<id_zone><![CDATA[20]]></id_zone>
<id_shop><![CDATA[]]></id_shop>
<id_shop_group><![CDATA[]]></id_shop_group>
<price><![CDATA[24.800000]]></price>
</delivery>
<delivery><id_delivery><![CDATA[186]]></id_delivery>
<id_carrier><![CDATA[96]]></id_carrier>
<id_range_price><![CDATA[82]]></id_range_price>
<id_range_weight><![CDATA[]]></id_range_weight>
<id_zone><![CDATA[17]]></id_zone>
<id_shop><![CDATA[]]></id_shop>
<id_shop_group><![CDATA[]]></id_shop_group>
<price><![CDATA[7.190000]]></price>
</delivery>
<delivery><id_delivery><![CDATA[188]]></id_delivery>
<id_carrier><![CDATA[97]]></id_carrier>
<id_range_price><![CDATA[83]]></id_range_price>
<id_range_weight><![CDATA[]]></id_range_weight>
<id_zone><![CDATA[17]]></id_zone>
<id_shop><![CDATA[]]></id_shop>
<id_shop_group><![CDATA[]]></id_shop_group>
<price><![CDATA[7.190000]]></price>
</delivery>
<delivery><id_delivery><![CDATA[190]]></id_delivery>
<id_carrier><![CDATA[98]]></id_carrier>
<id_range_price><![CDATA[84]]></id_range_price>
<id_range_weight><![CDATA[]]></id_range_weight>
<id_zone><![CDATA[17]]></id_zone>
<id_shop><![CDATA[]]></id_shop>
<id_shop_group><![CDATA[]]></id_shop_group>
<price><![CDATA[7.190000]]></price>
</delivery>
<delivery><id_delivery><![CDATA[192]]></id_delivery>
<id_carrier><![CDATA[99]]></id_carrier>
<id_range_price><![CDATA[85]]></id_range_price>
<id_range_weight><![CDATA[]]></id_range_weight>
<id_zone><![CDATA[17]]></id_zone>
<id_shop><![CDATA[]]></id_shop>
<id_shop_group><![CDATA[]]></id_shop_group>
<price><![CDATA[7.190000]]></price>
</delivery>
<delivery><id_delivery><![CDATA[194]]></id_delivery>
<id_carrier><![CDATA[100]]></id_carrier>
<id_range_price><![CDATA[86]]></id_range_price>
<id_range_weight><![CDATA[]]></id_range_weight>
<id_zone><![CDATA[12]]></id_zone>
<id_shop><![CDATA[]]></id_shop>
<id_shop_group><![CDATA[]]></id_shop_group>
<price><![CDATA[7.030000]]></price>
</delivery>
<delivery><id_delivery><![CDATA[196]]></id_delivery>
<id_carrier><![CDATA[101]]></id_carrier>
<id_range_price><![CDATA[87]]></id_range_price>
<id_range_weight><![CDATA[]]></id_range_weight>
<id_zone><![CDATA[13]]></id_zone>
<id_shop><![CDATA[]]></id_shop>
<id_shop_group><![CDATA[]]></id_shop_group>
<price><![CDATA[7.030000]]></price>
</delivery>
<delivery><id_delivery><![CDATA[198]]></id_delivery>
<id_carrier><![CDATA[102]]></id_carrier>
<id_range_price><![CDATA[88]]></id_range_price>
<id_range_weight><![CDATA[]]></id_range_weight>
<id_zone><![CDATA[14]]></id_zone>
<id_shop><![CDATA[]]></id_shop>
<id_shop_group><![CDATA[]]></id_shop_group>
<price><![CDATA[6.200000]]></price>
</delivery>
<delivery><id_delivery><![CDATA[200]]></id_delivery>
<id_carrier><![CDATA[103]]></id_carrier>
<id_range_price><![CDATA[89]]></id_range_price>
<id_range_weight><![CDATA[]]></id_range_weight>
<id_zone><![CDATA[16]]></id_zone>
<id_shop><![CDATA[]]></id_shop>
<id_shop_group><![CDATA[]]></id_shop_group>
<price><![CDATA[3.720000]]></price>
</delivery>
<delivery><id_delivery><![CDATA[202]]></id_delivery>
<id_carrier><![CDATA[103]]></id_carrier>
<id_range_price><![CDATA[90]]></id_range_price>
<id_range_weight><![CDATA[]]></id_range_weight>
<id_zone><![CDATA[16]]></id_zone>
<id_shop><![CDATA[]]></id_shop>
<id_shop_group><![CDATA[]]></id_shop_group>
<price><![CDATA[0.000000]]></price>
</delivery>
<delivery><id_delivery><![CDATA[204]]></id_delivery>
<id_carrier><![CDATA[104]]></id_carrier>
<id_range_price><![CDATA[91]]></id_range_price>
<id_range_weight><![CDATA[]]></id_range_weight>
<id_zone><![CDATA[18]]></id_zone>
<id_shop><![CDATA[]]></id_shop>
<id_shop_group><![CDATA[]]></id_shop_group>
<price><![CDATA[7.190000]]></price>
</delivery>
<delivery><id_delivery><![CDATA[206]]></id_delivery>
<id_carrier><![CDATA[105]]></id_carrier>
<id_range_price><![CDATA[]]></id_range_price>
<id_range_weight><![CDATA[11]]></id_range_weight>
<id_zone><![CDATA[19]]></id_zone>
<id_shop><![CDATA[]]></id_shop>
<id_shop_group><![CDATA[]]></id_shop_group>
<price><![CDATA[7.360000]]></price>
</delivery>
<delivery><id_delivery><![CDATA[208]]></id_delivery>
<id_carrier><![CDATA[106]]></id_carrier>
<id_range_price><![CDATA[92]]></id_range_price>
<id_range_weight><![CDATA[]]></id_range_weight>
<id_zone><![CDATA[11]]></id_zone>
<id_shop><![CDATA[]]></id_shop>
<id_shop_group><![CDATA[]]></id_shop_group>
<price><![CDATA[7.360000]]></price>
</delivery>
<delivery><id_delivery><![CDATA[210]]></id_delivery>
<id_carrier><![CDATA[107]]></id_carrier>
<id_range_price><![CDATA[93]]></id_range_price>
<id_range_weight><![CDATA[]]></id_range_weight>
<id_zone><![CDATA[11]]></id_zone>
<id_shop><![CDATA[]]></id_shop>
<id_shop_group><![CDATA[]]></id_shop_group>
<price><![CDATA[7.360000]]></price>
</delivery>
<delivery><id_delivery><![CDATA[212]]></id_delivery>
<id_carrier><![CDATA[108]]></id_carrier>
<id_range_price><![CDATA[94]]></id_range_price>
<id_range_weight><![CDATA[]]></id_range_weight>
<id_zone><![CDATA[12]]></id_zone>
<id_shop><![CDATA[]]></id_shop>
<id_shop_group><![CDATA[]]></id_shop_group>
<price><![CDATA[7.030000]]></price>
</delivery>
<delivery><id_delivery><![CDATA[214]]></id_delivery>
<id_carrier><![CDATA[109]]></id_carrier>
<id_range_price><![CDATA[95]]></id_range_price>
<id_range_weight><![CDATA[]]></id_range_weight>
<id_zone><![CDATA[12]]></id_zone>
<id_shop><![CDATA[]]></id_shop>
<id_shop_group><![CDATA[]]></id_shop_group>
<price><![CDATA[7.030000]]></price>
</delivery>
<delivery><id_delivery><![CDATA[216]]></id_delivery>
<id_carrier><![CDATA[110]]></id_carrier>
<id_range_price><![CDATA[96]]></id_range_price>
<id_range_weight><![CDATA[]]></id_range_weight>
<id_zone><![CDATA[13]]></id_zone>
<id_shop><![CDATA[]]></id_shop>
<id_shop_group><![CDATA[]]></id_shop_group>
<price><![CDATA[7.030000]]></price>
</delivery>
<delivery><id_delivery><![CDATA[218]]></id_delivery>
<id_carrier><![CDATA[111]]></id_carrier>
<id_range_price><![CDATA[97]]></id_range_price>
<id_range_weight><![CDATA[]]></id_range_weight>
<id_zone><![CDATA[13]]></id_zone>
<id_shop><![CDATA[]]></id_shop>
<id_shop_group><![CDATA[]]></id_shop_group>
<price><![CDATA[7.030000]]></price>
</delivery>
<delivery><id_delivery><![CDATA[220]]></id_delivery>
<id_carrier><![CDATA[112]]></id_carrier>
<id_range_price><![CDATA[98]]></id_range_price>
<id_range_weight><![CDATA[]]></id_range_weight>
<id_zone><![CDATA[13]]></id_zone>
<id_shop><![CDATA[]]></id_shop>
<id_shop_group><![CDATA[]]></id_shop_group>
<price><![CDATA[7.030000]]></price>
</delivery>
<delivery><id_delivery><![CDATA[222]]></id_delivery>
<id_carrier><![CDATA[113]]></id_carrier>
<id_range_price><![CDATA[99]]></id_range_price>
<id_range_weight><![CDATA[]]></id_range_weight>
<id_zone><![CDATA[9]]></id_zone>
<id_shop><![CDATA[]]></id_shop>
<id_shop_group><![CDATA[]]></id_shop_group>
<price><![CDATA[3.720000]]></price>
</delivery>
<delivery><id_delivery><![CDATA[224]]></id_delivery>
<id_carrier><![CDATA[113]]></id_carrier>
<id_range_price><![CDATA[100]]></id_range_price>
<id_range_weight><![CDATA[]]></id_range_weight>
<id_zone><![CDATA[9]]></id_zone>
<id_shop><![CDATA[]]></id_shop>
<id_shop_group><![CDATA[]]></id_shop_group>
<price><![CDATA[0.000000]]></price>
</delivery>
<delivery><id_delivery><![CDATA[226]]></id_delivery>
<id_carrier><![CDATA[114]]></id_carrier>
<id_range_price><![CDATA[101]]></id_range_price>
<id_range_weight><![CDATA[]]></id_range_weight>
<id_zone><![CDATA[10]]></id_zone>
<id_shop><![CDATA[]]></id_shop>
<id_shop_group><![CDATA[]]></id_shop_group>
<price><![CDATA[5.370000]]></price>
</delivery>
<delivery><id_delivery><![CDATA[228]]></id_delivery>
<id_carrier><![CDATA[115]]></id_carrier>
<id_range_price><![CDATA[102]]></id_range_price>
<id_range_weight><![CDATA[]]></id_range_weight>
<id_zone><![CDATA[14]]></id_zone>
<id_shop><![CDATA[]]></id_shop>
<id_shop_group><![CDATA[]]></id_shop_group>
<price><![CDATA[6.200000]]></price>
</delivery>
<delivery><id_delivery><![CDATA[230]]></id_delivery>
<id_carrier><![CDATA[116]]></id_carrier>
<id_range_price><![CDATA[103]]></id_range_price>
<id_range_weight><![CDATA[]]></id_range_weight>
<id_zone><![CDATA[15]]></id_zone>
<id_shop><![CDATA[]]></id_shop>
<id_shop_group><![CDATA[]]></id_shop_group>
<price><![CDATA[4.920000]]></price>
</delivery>
<delivery><id_delivery><![CDATA[232]]></id_delivery>
<id_carrier><![CDATA[117]]></id_carrier>
<id_range_price><![CDATA[104]]></id_range_price>
<id_range_weight><![CDATA[]]></id_range_weight>
<id_zone><![CDATA[16]]></id_zone>
<id_shop><![CDATA[]]></id_shop>
<id_shop_group><![CDATA[]]></id_shop_group>
<price><![CDATA[3.720000]]></price>
</delivery>
<delivery><id_delivery><![CDATA[234]]></id_delivery>
<id_carrier><![CDATA[117]]></id_carrier>
<id_range_price><![CDATA[105]]></id_range_price>
<id_range_weight><![CDATA[]]></id_range_weight>
<id_zone><![CDATA[16]]></id_zone>
<id_shop><![CDATA[]]></id_shop>
<id_shop_group><![CDATA[]]></id_shop_group>
<price><![CDATA[0.000000]]></price>
</delivery>
<delivery><id_delivery><![CDATA[236]]></id_delivery>
<id_carrier><![CDATA[118]]></id_carrier>
<id_range_price><![CDATA[106]]></id_range_price>
<id_range_weight><![CDATA[]]></id_range_weight>
<id_zone><![CDATA[17]]></id_zone>
<id_shop><![CDATA[]]></id_shop>
<id_shop_group><![CDATA[]]></id_shop_group>
<price><![CDATA[7.190000]]></price>
</delivery>
<delivery><id_delivery><![CDATA[238]]></id_delivery>
<id_carrier><![CDATA[119]]></id_carrier>
<id_range_price><![CDATA[107]]></id_range_price>
<id_range_weight><![CDATA[]]></id_range_weight>
<id_zone><![CDATA[18]]></id_zone>
<id_shop><![CDATA[]]></id_shop>
<id_shop_group><![CDATA[]]></id_shop_group>
<price><![CDATA[7.190000]]></price>
</delivery>
<delivery><id_delivery><![CDATA[240]]></id_delivery>
<id_carrier><![CDATA[120]]></id_carrier>
<id_range_price><![CDATA[]]></id_range_price>
<id_range_weight><![CDATA[12]]></id_range_weight>
<id_zone><![CDATA[19]]></id_zone>
<id_shop><![CDATA[]]></id_shop>
<id_shop_group><![CDATA[]]></id_shop_group>
<price><![CDATA[7.360000]]></price>
</delivery>
<delivery><id_delivery><![CDATA[242]]></id_delivery>
<id_carrier><![CDATA[121]]></id_carrier>
<id_range_price><![CDATA[]]></id_range_price>
<id_range_weight><![CDATA[13]]></id_range_weight>
<id_zone><![CDATA[19]]></id_zone>
<id_shop><![CDATA[]]></id_shop>
<id_shop_group><![CDATA[]]></id_shop_group>
<price><![CDATA[7.360000]]></price>
</delivery>
<delivery><id_delivery><![CDATA[244]]></id_delivery>
<id_carrier><![CDATA[122]]></id_carrier>
<id_range_price><![CDATA[108]]></id_range_price>
<id_range_weight><![CDATA[]]></id_range_weight>
<id_zone><![CDATA[18]]></id_zone>
<id_shop><![CDATA[]]></id_shop>
<id_shop_group><![CDATA[]]></id_shop_group>
<price><![CDATA[7.190000]]></price>
</delivery>
<delivery><id_delivery><![CDATA[246]]></id_delivery>
<id_carrier><![CDATA[123]]></id_carrier>
<id_range_price><![CDATA[109]]></id_range_price>
<id_range_weight><![CDATA[]]></id_range_weight>
<id_zone><![CDATA[20]]></id_zone>
<id_shop><![CDATA[]]></id_shop>
<id_shop_group><![CDATA[]]></id_shop_group>
<price><![CDATA[24.800000]]></price>
</delivery>
<delivery><id_delivery><![CDATA[248]]></id_delivery>
<id_carrier><![CDATA[124]]></id_carrier>
<id_range_price><![CDATA[110]]></id_range_price>
<id_range_weight><![CDATA[]]></id_range_weight>
<id_zone><![CDATA[9]]></id_zone>
<id_shop><![CDATA[]]></id_shop>
<id_shop_group><![CDATA[]]></id_shop_group>
<price><![CDATA[3.720000]]></price>
</delivery>
<delivery><id_delivery><![CDATA[250]]></id_delivery>
<id_carrier><![CDATA[124]]></id_carrier>
<id_range_price><![CDATA[111]]></id_range_price>
<id_range_weight><![CDATA[]]></id_range_weight>
<id_zone><![CDATA[9]]></id_zone>
<id_shop><![CDATA[]]></id_shop>
<id_shop_group><![CDATA[]]></id_shop_group>
<price><![CDATA[0.000000]]></price>
</delivery>
<delivery><id_delivery><![CDATA[252]]></id_delivery>
<id_carrier><![CDATA[125]]></id_carrier>
<id_range_price><![CDATA[112]]></id_range_price>
<id_range_weight><![CDATA[]]></id_range_weight>
<id_zone><![CDATA[10]]></id_zone>
<id_shop><![CDATA[]]></id_shop>
<id_shop_group><![CDATA[]]></id_shop_group>
<price><![CDATA[5.370000]]></price>
</delivery>
<delivery><id_delivery><![CDATA[254]]></id_delivery>
<id_carrier><![CDATA[126]]></id_carrier>
<id_range_price><![CDATA[113]]></id_range_price>
<id_range_weight><![CDATA[]]></id_range_weight>
<id_zone><![CDATA[11]]></id_zone>
<id_shop><![CDATA[]]></id_shop>
<id_shop_group><![CDATA[]]></id_shop_group>
<price><![CDATA[7.360000]]></price>
</delivery>
<delivery><id_delivery><![CDATA[256]]></id_delivery>
<id_carrier><![CDATA[127]]></id_carrier>
<id_range_price><![CDATA[114]]></id_range_price>
<id_range_weight><![CDATA[]]></id_range_weight>
<id_zone><![CDATA[12]]></id_zone>
<id_shop><![CDATA[]]></id_shop>
<id_shop_group><![CDATA[]]></id_shop_group>
<price><![CDATA[7.030000]]></price>
</delivery>
<delivery><id_delivery><![CDATA[258]]></id_delivery>
<id_carrier><![CDATA[128]]></id_carrier>
<id_range_price><![CDATA[115]]></id_range_price>
<id_range_weight><![CDATA[]]></id_range_weight>
<id_zone><![CDATA[13]]></id_zone>
<id_shop><![CDATA[]]></id_shop>
<id_shop_group><![CDATA[]]></id_shop_group>
<price><![CDATA[7.030000]]></price>
</delivery>
<delivery><id_delivery><![CDATA[260]]></id_delivery>
<id_carrier><![CDATA[129]]></id_carrier>
<id_range_price><![CDATA[116]]></id_range_price>
<id_range_weight><![CDATA[]]></id_range_weight>
<id_zone><![CDATA[14]]></id_zone>
<id_shop><![CDATA[]]></id_shop>
<id_shop_group><![CDATA[]]></id_shop_group>
<price><![CDATA[6.200000]]></price>
</delivery>
<delivery><id_delivery><![CDATA[262]]></id_delivery>
<id_carrier><![CDATA[130]]></id_carrier>
<id_range_price><![CDATA[117]]></id_range_price>
<id_range_weight><![CDATA[]]></id_range_weight>
<id_zone><![CDATA[15]]></id_zone>
<id_shop><![CDATA[]]></id_shop>
<id_shop_group><![CDATA[]]></id_shop_group>
<price><![CDATA[4.920000]]></price>
</delivery>
<delivery><id_delivery><![CDATA[264]]></id_delivery>
<id_carrier><![CDATA[131]]></id_carrier>
<id_range_price><![CDATA[118]]></id_range_price>
<id_range_weight><![CDATA[]]></id_range_weight>
<id_zone><![CDATA[16]]></id_zone>
<id_shop><![CDATA[]]></id_shop>
<id_shop_group><![CDATA[]]></id_shop_group>
<price><![CDATA[3.720000]]></price>
</delivery>
<delivery><id_delivery><![CDATA[266]]></id_delivery>
<id_carrier><![CDATA[131]]></id_carrier>
<id_range_price><![CDATA[119]]></id_range_price>
<id_range_weight><![CDATA[]]></id_range_weight>
<id_zone><![CDATA[16]]></id_zone>
<id_shop><![CDATA[]]></id_shop>
<id_shop_group><![CDATA[]]></id_shop_group>
<price><![CDATA[0.000000]]></price>
</delivery>
<delivery><id_delivery><![CDATA[268]]></id_delivery>
<id_carrier><![CDATA[132]]></id_carrier>
<id_range_price><![CDATA[120]]></id_range_price>
<id_range_weight><![CDATA[]]></id_range_weight>
<id_zone><![CDATA[17]]></id_zone>
<id_shop><![CDATA[]]></id_shop>
<id_shop_group><![CDATA[]]></id_shop_group>
<price><![CDATA[7.190000]]></price>
</delivery>
<delivery><id_delivery><![CDATA[270]]></id_delivery>
<id_carrier><![CDATA[133]]></id_carrier>
<id_range_price><![CDATA[121]]></id_range_price>
<id_range_weight><![CDATA[]]></id_range_weight>
<id_zone><![CDATA[18]]></id_zone>
<id_shop><![CDATA[]]></id_shop>
<id_shop_group><![CDATA[]]></id_shop_group>
<price><![CDATA[7.190000]]></price>
</delivery>
<delivery><id_delivery><![CDATA[272]]></id_delivery>
<id_carrier><![CDATA[134]]></id_carrier>
<id_range_price><![CDATA[]]></id_range_price>
<id_range_weight><![CDATA[14]]></id_range_weight>
<id_zone><![CDATA[19]]></id_zone>
<id_shop><![CDATA[]]></id_shop>
<id_shop_group><![CDATA[]]></id_shop_group>
<price><![CDATA[7.360000]]></price>
</delivery>
<delivery><id_delivery><![CDATA[274]]></id_delivery>
<id_carrier><![CDATA[135]]></id_carrier>
<id_range_price><![CDATA[122]]></id_range_price>
<id_range_weight><![CDATA[]]></id_range_weight>
<id_zone><![CDATA[20]]></id_zone>
<id_shop><![CDATA[]]></id_shop>
<id_shop_group><![CDATA[]]></id_shop_group>
<price><![CDATA[24.800000]]></price>
</delivery>
<delivery><id_delivery><![CDATA[276]]></id_delivery>
<id_carrier><![CDATA[136]]></id_carrier>
<id_range_price><![CDATA[123]]></id_range_price>
<id_range_weight><![CDATA[]]></id_range_weight>
<id_zone><![CDATA[9]]></id_zone>
<id_shop><![CDATA[]]></id_shop>
<id_shop_group><![CDATA[]]></id_shop_group>
<price><![CDATA[3.720000]]></price>
</delivery>
<delivery><id_delivery><![CDATA[278]]></id_delivery>
<id_carrier><![CDATA[136]]></id_carrier>
<id_range_price><![CDATA[124]]></id_range_price>
<id_range_weight><![CDATA[]]></id_range_weight>
<id_zone><![CDATA[9]]></id_zone>
<id_shop><![CDATA[]]></id_shop>
<id_shop_group><![CDATA[]]></id_shop_group>
<price><![CDATA[0.000000]]></price>
</delivery>
<delivery><id_delivery><![CDATA[280]]></id_delivery>
<id_carrier><![CDATA[137]]></id_carrier>
<id_range_price><![CDATA[125]]></id_range_price>
<id_range_weight><![CDATA[]]></id_range_weight>
<id_zone><![CDATA[10]]></id_zone>
<id_shop><![CDATA[]]></id_shop>
<id_shop_group><![CDATA[]]></id_shop_group>
<price><![CDATA[5.370000]]></price>
</delivery>
<delivery><id_delivery><![CDATA[282]]></id_delivery>
<id_carrier><![CDATA[138]]></id_carrier>
<id_range_price><![CDATA[126]]></id_range_price>
<id_range_weight><![CDATA[]]></id_range_weight>
<id_zone><![CDATA[16]]></id_zone>
<id_shop><![CDATA[]]></id_shop>
<id_shop_group><![CDATA[]]></id_shop_group>
<price><![CDATA[3.720000]]></price>
</delivery>
<delivery><id_delivery><![CDATA[284]]></id_delivery>
<id_carrier><![CDATA[138]]></id_carrier>
<id_range_price><![CDATA[127]]></id_range_price>
<id_range_weight><![CDATA[]]></id_range_weight>
<id_zone><![CDATA[16]]></id_zone>
<id_shop><![CDATA[]]></id_shop>
<id_shop_group><![CDATA[]]></id_shop_group>
<price><![CDATA[0.000000]]></price>
</delivery>
<delivery><id_delivery><![CDATA[286]]></id_delivery>
<id_carrier><![CDATA[139]]></id_carrier>
<id_range_price><![CDATA[128]]></id_range_price>
<id_range_weight><![CDATA[]]></id_range_weight>
<id_zone><![CDATA[9]]></id_zone>
<id_shop><![CDATA[]]></id_shop>
<id_shop_group><![CDATA[]]></id_shop_group>
<price><![CDATA[3.720000]]></price>
</delivery>
<delivery><id_delivery><![CDATA[288]]></id_delivery>
<id_carrier><![CDATA[139]]></id_carrier>
<id_range_price><![CDATA[129]]></id_range_price>
<id_range_weight><![CDATA[]]></id_range_weight>
<id_zone><![CDATA[9]]></id_zone>
<id_shop><![CDATA[]]></id_shop>
<id_shop_group><![CDATA[]]></id_shop_group>
<price><![CDATA[0.000000]]></price>
</delivery>
<delivery><id_delivery><![CDATA[290]]></id_delivery>
<id_carrier><![CDATA[140]]></id_carrier>
<id_range_price><![CDATA[130]]></id_range_price>
<id_range_weight><![CDATA[]]></id_range_weight>
<id_zone><![CDATA[9]]></id_zone>
<id_shop><![CDATA[]]></id_shop>
<id_shop_group><![CDATA[]]></id_shop_group>
<price><![CDATA[3.720000]]></price>
</delivery>
<delivery><id_delivery><![CDATA[292]]></id_delivery>
<id_carrier><![CDATA[140]]></id_carrier>
<id_range_price><![CDATA[131]]></id_range_price>
<id_range_weight><![CDATA[]]></id_range_weight>
<id_zone><![CDATA[9]]></id_zone>
<id_shop><![CDATA[]]></id_shop>
<id_shop_group><![CDATA[]]></id_shop_group>
<price><![CDATA[0.000000]]></price>
</delivery>
<delivery><id_delivery><![CDATA[294]]></id_delivery>
<id_carrier><![CDATA[141]]></id_carrier>
<id_range_price><![CDATA[132]]></id_range_price>
<id_range_weight><![CDATA[]]></id_range_weight>
<id_zone><![CDATA[9]]></id_zone>
<id_shop><![CDATA[]]></id_shop>
<id_shop_group><![CDATA[]]></id_shop_group>
<price><![CDATA[3.720000]]></price>
</delivery>
<delivery><id_delivery><![CDATA[296]]></id_delivery>
<id_carrier><![CDATA[141]]></id_carrier>
<id_range_price><![CDATA[133]]></id_range_price>
<id_range_weight><![CDATA[]]></id_range_weight>
<id_zone><![CDATA[9]]></id_zone>
<id_shop><![CDATA[]]></id_shop>
<id_shop_group><![CDATA[]]></id_shop_group>
<price><![CDATA[0.000000]]></price>
</delivery>
<delivery><id_delivery><![CDATA[298]]></id_delivery>
<id_carrier><![CDATA[142]]></id_carrier>
<id_range_price><![CDATA[134]]></id_range_price>
<id_range_weight><![CDATA[]]></id_range_weight>
<id_zone><![CDATA[9]]></id_zone>
<id_shop><![CDATA[]]></id_shop>
<id_shop_group><![CDATA[]]></id_shop_group>
<price><![CDATA[3.720000]]></price>
</delivery>
<delivery><id_delivery><![CDATA[300]]></id_delivery>
<id_carrier><![CDATA[142]]></id_carrier>
<id_range_price><![CDATA[135]]></id_range_price>
<id_range_weight><![CDATA[]]></id_range_weight>
<id_zone><![CDATA[9]]></id_zone>
<id_shop><![CDATA[]]></id_shop>
<id_shop_group><![CDATA[]]></id_shop_group>
<price><![CDATA[0.000000]]></price>
</delivery>
<delivery><id_delivery><![CDATA[302]]></id_delivery>
<id_carrier><![CDATA[143]]></id_carrier>
<id_range_price><![CDATA[136]]></id_range_price>
<id_range_weight><![CDATA[]]></id_range_weight>
<id_zone><![CDATA[9]]></id_zone>
<id_shop><![CDATA[]]></id_shop>
<id_shop_group><![CDATA[]]></id_shop_group>
<price><![CDATA[3.720000]]></price>
</delivery>
<delivery><id_delivery><![CDATA[304]]></id_delivery>
<id_carrier><![CDATA[143]]></id_carrier>
<id_range_price><![CDATA[137]]></id_range_price>
<id_range_weight><![CDATA[]]></id_range_weight>
<id_zone><![CDATA[9]]></id_zone>
<id_shop><![CDATA[]]></id_shop>
<id_shop_group><![CDATA[]]></id_shop_group>
<price><![CDATA[0.000000]]></price>
</delivery>
<delivery><id_delivery><![CDATA[306]]></id_delivery>
<id_carrier><![CDATA[144]]></id_carrier>
<id_range_price><![CDATA[138]]></id_range_price>
<id_range_weight><![CDATA[]]></id_range_weight>
<id_zone><![CDATA[9]]></id_zone>
<id_shop><![CDATA[]]></id_shop>
<id_shop_group><![CDATA[]]></id_shop_group>
<price><![CDATA[3.720000]]></price>
</delivery>
<delivery><id_delivery><![CDATA[308]]></id_delivery>
<id_carrier><![CDATA[144]]></id_carrier>
<id_range_price><![CDATA[139]]></id_range_price>
<id_range_weight><![CDATA[]]></id_range_weight>
<id_zone><![CDATA[9]]></id_zone>
<id_shop><![CDATA[]]></id_shop>
<id_shop_group><![CDATA[]]></id_shop_group>
<price><![CDATA[0.000000]]></price>
</delivery>
<delivery><id_delivery><![CDATA[310]]></id_delivery>
<id_carrier><![CDATA[145]]></id_carrier>
<id_range_price><![CDATA[140]]></id_range_price>
<id_range_weight><![CDATA[]]></id_range_weight>
<id_zone><![CDATA[9]]></id_zone>
<id_shop><![CDATA[]]></id_shop>
<id_shop_group><![CDATA[]]></id_shop_group>
<price><![CDATA[3.720000]]></price>
</delivery>
<delivery><id_delivery><![CDATA[312]]></id_delivery>
<id_carrier><![CDATA[145]]></id_carrier>
<id_range_price><![CDATA[141]]></id_range_price>
<id_range_weight><![CDATA[]]></id_range_weight>
<id_zone><![CDATA[9]]></id_zone>
<id_shop><![CDATA[]]></id_shop>
<id_shop_group><![CDATA[]]></id_shop_group>
<price><![CDATA[0.000000]]></price>
</delivery>
<delivery><id_delivery><![CDATA[314]]></id_delivery>
<id_carrier><![CDATA[146]]></id_carrier>
<id_range_price><![CDATA[142]]></id_range_price>
<id_range_weight><![CDATA[]]></id_range_weight>
<id_zone><![CDATA[9]]></id_zone>
<id_shop><![CDATA[]]></id_shop>
<id_shop_group><![CDATA[]]></id_shop_group>
<price><![CDATA[3.720000]]></price>
</delivery>
<delivery><id_delivery><![CDATA[316]]></id_delivery>
<id_carrier><![CDATA[146]]></id_carrier>
<id_range_price><![CDATA[143]]></id_range_price>
<id_range_weight><![CDATA[]]></id_range_weight>
<id_zone><![CDATA[9]]></id_zone>
<id_shop><![CDATA[]]></id_shop>
<id_shop_group><![CDATA[]]></id_shop_group>
<price><![CDATA[0.000000]]></price>
</delivery>
<delivery><id_delivery><![CDATA[318]]></id_delivery>
<id_carrier><![CDATA[147]]></id_carrier>
<id_range_price><![CDATA[144]]></id_range_price>
<id_range_weight><![CDATA[]]></id_range_weight>
<id_zone><![CDATA[9]]></id_zone>
<id_shop><![CDATA[]]></id_shop>
<id_shop_group><![CDATA[]]></id_shop_group>
<price><![CDATA[3.720000]]></price>
</delivery>
<delivery><id_delivery><![CDATA[320]]></id_delivery>
<id_carrier><![CDATA[147]]></id_carrier>
<id_range_price><![CDATA[145]]></id_range_price>
<id_range_weight><![CDATA[]]></id_range_weight>
<id_zone><![CDATA[9]]></id_zone>
<id_shop><![CDATA[]]></id_shop>
<id_shop_group><![CDATA[]]></id_shop_group>
<price><![CDATA[0.000000]]></price>
</delivery>
<delivery><id_delivery><![CDATA[322]]></id_delivery>
<id_carrier><![CDATA[148]]></id_carrier>
<id_range_price><![CDATA[146]]></id_range_price>
<id_range_weight><![CDATA[]]></id_range_weight>
<id_zone><![CDATA[9]]></id_zone>
<id_shop><![CDATA[]]></id_shop>
<id_shop_group><![CDATA[]]></id_shop_group>
<price><![CDATA[3.720000]]></price>
</delivery>
<delivery><id_delivery><![CDATA[324]]></id_delivery>
<id_carrier><![CDATA[148]]></id_carrier>
<id_range_price><![CDATA[147]]></id_range_price>
<id_range_weight><![CDATA[]]></id_range_weight>
<id_zone><![CDATA[9]]></id_zone>
<id_shop><![CDATA[]]></id_shop>
<id_shop_group><![CDATA[]]></id_shop_group>
<price><![CDATA[0.000000]]></price>
</delivery>
<delivery><id_delivery><![CDATA[326]]></id_delivery>
<id_carrier><![CDATA[149]]></id_carrier>
<id_range_price><![CDATA[148]]></id_range_price>
<id_range_weight><![CDATA[]]></id_range_weight>
<id_zone><![CDATA[11]]></id_zone>
<id_shop><![CDATA[]]></id_shop>
<id_shop_group><![CDATA[]]></id_shop_group>
<price><![CDATA[7.360000]]></price>
</delivery>
<delivery><id_delivery><![CDATA[328]]></id_delivery>
<id_carrier><![CDATA[150]]></id_carrier>
<id_range_price><![CDATA[149]]></id_range_price>
<id_range_weight><![CDATA[]]></id_range_weight>
<id_zone><![CDATA[9]]></id_zone>
<id_shop><![CDATA[]]></id_shop>
<id_shop_group><![CDATA[]]></id_shop_group>
<price><![CDATA[3.720000]]></price>
</delivery>
<delivery><id_delivery><![CDATA[330]]></id_delivery>
<id_carrier><![CDATA[150]]></id_carrier>
<id_range_price><![CDATA[150]]></id_range_price>
<id_range_weight><![CDATA[]]></id_range_weight>
<id_zone><![CDATA[9]]></id_zone>
<id_shop><![CDATA[]]></id_shop>
<id_shop_group><![CDATA[]]></id_shop_group>
<price><![CDATA[0.000000]]></price>
</delivery>
<delivery><id_delivery><![CDATA[332]]></id_delivery>
<id_carrier><![CDATA[151]]></id_carrier>
<id_range_price><![CDATA[151]]></id_range_price>
<id_range_weight><![CDATA[]]></id_range_weight>
<id_zone><![CDATA[15]]></id_zone>
<id_shop><![CDATA[]]></id_shop>
<id_shop_group><![CDATA[]]></id_shop_group>
<price><![CDATA[4.920000]]></price>
</delivery>
<delivery><id_delivery><![CDATA[334]]></id_delivery>
<id_carrier><![CDATA[152]]></id_carrier>
<id_range_price><![CDATA[152]]></id_range_price>
<id_range_weight><![CDATA[]]></id_range_weight>
<id_zone><![CDATA[16]]></id_zone>
<id_shop><![CDATA[]]></id_shop>
<id_shop_group><![CDATA[]]></id_shop_group>
<price><![CDATA[3.720000]]></price>
</delivery>
<delivery><id_delivery><![CDATA[336]]></id_delivery>
<id_carrier><![CDATA[152]]></id_carrier>
<id_range_price><![CDATA[153]]></id_range_price>
<id_range_weight><![CDATA[]]></id_range_weight>
<id_zone><![CDATA[16]]></id_zone>
<id_shop><![CDATA[]]></id_shop>
<id_shop_group><![CDATA[]]></id_shop_group>
<price><![CDATA[0.000000]]></price>
</delivery>
<delivery><id_delivery><![CDATA[338]]></id_delivery>
<id_carrier><![CDATA[153]]></id_carrier>
<id_range_price><![CDATA[154]]></id_range_price>
<id_range_weight><![CDATA[]]></id_range_weight>
<id_zone><![CDATA[9]]></id_zone>
<id_shop><![CDATA[]]></id_shop>
<id_shop_group><![CDATA[]]></id_shop_group>
<price><![CDATA[3.720000]]></price>
</delivery>
<delivery><id_delivery><![CDATA[340]]></id_delivery>
<id_carrier><![CDATA[153]]></id_carrier>
<id_range_price><![CDATA[155]]></id_range_price>
<id_range_weight><![CDATA[]]></id_range_weight>
<id_zone><![CDATA[9]]></id_zone>
<id_shop><![CDATA[]]></id_shop>
<id_shop_group><![CDATA[]]></id_shop_group>
<price><![CDATA[0.000000]]></price>
</delivery>
<delivery><id_delivery><![CDATA[342]]></id_delivery>
<id_carrier><![CDATA[154]]></id_carrier>
<id_range_price><![CDATA[156]]></id_range_price>
<id_range_weight><![CDATA[]]></id_range_weight>
<id_zone><![CDATA[16]]></id_zone>
<id_shop><![CDATA[]]></id_shop>
<id_shop_group><![CDATA[]]></id_shop_group>
<price><![CDATA[3.720000]]></price>
</delivery>
<delivery><id_delivery><![CDATA[344]]></id_delivery>
<id_carrier><![CDATA[154]]></id_carrier>
<id_range_price><![CDATA[157]]></id_range_price>
<id_range_weight><![CDATA[]]></id_range_weight>
<id_zone><![CDATA[16]]></id_zone>
<id_shop><![CDATA[]]></id_shop>
<id_shop_group><![CDATA[]]></id_shop_group>
<price><![CDATA[0.000000]]></price>
</delivery>
<delivery><id_delivery><![CDATA[346]]></id_delivery>
<id_carrier><![CDATA[155]]></id_carrier>
<id_range_price><![CDATA[158]]></id_range_price>
<id_range_weight><![CDATA[]]></id_range_weight>
<id_zone><![CDATA[15]]></id_zone>
<id_shop><![CDATA[]]></id_shop>
<id_shop_group><![CDATA[]]></id_shop_group>
<price><![CDATA[4.920000]]></price>
</delivery>
<delivery><id_delivery><![CDATA[348]]></id_delivery>
<id_carrier><![CDATA[156]]></id_carrier>
<id_range_price><![CDATA[159]]></id_range_price>
<id_range_weight><![CDATA[]]></id_range_weight>
<id_zone><![CDATA[9]]></id_zone>
<id_shop><![CDATA[]]></id_shop>
<id_shop_group><![CDATA[]]></id_shop_group>
<price><![CDATA[3.720000]]></price>
</delivery>
<delivery><id_delivery><![CDATA[350]]></id_delivery>
<id_carrier><![CDATA[156]]></id_carrier>
<id_range_price><![CDATA[160]]></id_range_price>
<id_range_weight><![CDATA[]]></id_range_weight>
<id_zone><![CDATA[9]]></id_zone>
<id_shop><![CDATA[]]></id_shop>
<id_shop_group><![CDATA[]]></id_shop_group>
<price><![CDATA[0.000000]]></price>
</delivery>
<delivery><id_delivery><![CDATA[352]]></id_delivery>
<id_carrier><![CDATA[157]]></id_carrier>
<id_range_price><![CDATA[161]]></id_range_price>
<id_range_weight><![CDATA[]]></id_range_weight>
<id_zone><![CDATA[21]]></id_zone>
<id_shop><![CDATA[]]></id_shop>
<id_shop_group><![CDATA[]]></id_shop_group>
<price><![CDATA[8.900000]]></price>
</delivery>
<delivery><id_delivery><![CDATA[354]]></id_delivery>
<id_carrier><![CDATA[158]]></id_carrier>
<id_range_price><![CDATA[162]]></id_range_price>
<id_range_weight><![CDATA[]]></id_range_weight>
<id_zone><![CDATA[21]]></id_zone>
<id_shop><![CDATA[]]></id_shop>
<id_shop_group><![CDATA[]]></id_shop_group>
<price><![CDATA[8.900000]]></price>
</delivery>
<delivery><id_delivery><![CDATA[356]]></id_delivery>
<id_carrier><![CDATA[159]]></id_carrier>
<id_range_price><![CDATA[163]]></id_range_price>
<id_range_weight><![CDATA[]]></id_range_weight>
<id_zone><![CDATA[21]]></id_zone>
<id_shop><![CDATA[]]></id_shop>
<id_shop_group><![CDATA[]]></id_shop_group>
<price><![CDATA[8.900000]]></price>
</delivery>
</entity_profile>
