<?xml version="1.0" encoding="UTF-8"?>
<entity_profile>
<range_weight><id_range_weight><![CDATA[1]]></id_range_weight>
<id_carrier><![CDATA[2]]></id_carrier>
<delimiter1><![CDATA[0.000000]]></delimiter1>
<delimiter2><![CDATA[10000.000000]]></delimiter2>
</range_weight>
<range_weight><id_range_weight><![CDATA[2]]></id_range_weight>
<id_carrier><![CDATA[13]]></id_carrier>
<delimiter1><![CDATA[0.000000]]></delimiter1>
<delimiter2><![CDATA[45.000000]]></delimiter2>
</range_weight>
<range_weight><id_range_weight><![CDATA[3]]></id_range_weight>
<id_carrier><![CDATA[21]]></id_carrier>
<delimiter1><![CDATA[0.000000]]></delimiter1>
<delimiter2><![CDATA[450.000000]]></delimiter2>
</range_weight>
<range_weight><id_range_weight><![CDATA[4]]></id_range_weight>
<id_carrier><![CDATA[22]]></id_carrier>
<delimiter1><![CDATA[0.000000]]></delimiter1>
<delimiter2><![CDATA[450.000000]]></delimiter2>
</range_weight>
<range_weight><id_range_weight><![CDATA[5]]></id_range_weight>
<id_carrier><![CDATA[77]]></id_carrier>
<delimiter1><![CDATA[0.000000]]></delimiter1>
<delimiter2><![CDATA[99999.000000]]></delimiter2>
</range_weight>
<range_weight><id_range_weight><![CDATA[6]]></id_range_weight>
<id_carrier><![CDATA[78]]></id_carrier>
<delimiter1><![CDATA[0.000000]]></delimiter1>
<delimiter2><![CDATA[99999.000000]]></delimiter2>
</range_weight>
<range_weight><id_range_weight><![CDATA[7]]></id_range_weight>
<id_carrier><![CDATA[79]]></id_carrier>
<delimiter1><![CDATA[0.000000]]></delimiter1>
<delimiter2><![CDATA[99999.000000]]></delimiter2>
</range_weight>
<range_weight><id_range_weight><![CDATA[8]]></id_range_weight>
<id_carrier><![CDATA[80]]></id_carrier>
<delimiter1><![CDATA[0.000000]]></delimiter1>
<delimiter2><![CDATA[99999.000000]]></delimiter2>
</range_weight>
<range_weight><id_range_weight><![CDATA[9]]></id_range_weight>
<id_carrier><![CDATA[85]]></id_carrier>
<delimiter1><![CDATA[0.000000]]></delimiter1>
<delimiter2><![CDATA[99999.000000]]></delimiter2>
</range_weight>
<range_weight><id_range_weight><![CDATA[10]]></id_range_weight>
<id_carrier><![CDATA[92]]></id_carrier>
<delimiter1><![CDATA[0.000000]]></delimiter1>
<delimiter2><![CDATA[99999.000000]]></delimiter2>
</range_weight>
<range_weight><id_range_weight><![CDATA[11]]></id_range_weight>
<id_carrier><![CDATA[105]]></id_carrier>
<delimiter1><![CDATA[0.000000]]></delimiter1>
<delimiter2><![CDATA[99999.000000]]></delimiter2>
</range_weight>
<range_weight><id_range_weight><![CDATA[12]]></id_range_weight>
<id_carrier><![CDATA[120]]></id_carrier>
<delimiter1><![CDATA[0.000000]]></delimiter1>
<delimiter2><![CDATA[99999.000000]]></delimiter2>
</range_weight>
<range_weight><id_range_weight><![CDATA[13]]></id_range_weight>
<id_carrier><![CDATA[121]]></id_carrier>
<delimiter1><![CDATA[0.000000]]></delimiter1>
<delimiter2><![CDATA[99999.000000]]></delimiter2>
</range_weight>
<range_weight><id_range_weight><![CDATA[14]]></id_range_weight>
<id_carrier><![CDATA[134]]></id_carrier>
<delimiter1><![CDATA[0.000000]]></delimiter1>
<delimiter2><![CDATA[99999.000000]]></delimiter2>
</range_weight>
</entity_profile>
