<?xml version="1.0" encoding="UTF-8"?>
<entity_profile>
<state><id_state><![CDATA[537]]></id_state>
<id_country><![CDATA[17]]></id_country>
<id_zone><![CDATA[11]]></id_zone>
<iso_code><![CDATA[GB-ANT]]></iso_code>
<name><![CDATA[Antrim]]></name>
<active><![CDATA[1]]></active>
</state>
<state><id_state><![CDATA[538]]></id_state>
<id_country><![CDATA[17]]></id_country>
<id_zone><![CDATA[11]]></id_zone>
<iso_code><![CDATA[GB-ARD]]></iso_code>
<name><![CDATA[Ards]]></name>
<active><![CDATA[1]]></active>
</state>
<state><id_state><![CDATA[539]]></id_state>
<id_country><![CDATA[17]]></id_country>
<id_zone><![CDATA[11]]></id_zone>
<iso_code><![CDATA[GB-AGB]]></iso_code>
<name><![CDATA[Argyll and Bute]]></name>
<active><![CDATA[1]]></active>
</state>
<state><id_state><![CDATA[540]]></id_state>
<id_country><![CDATA[17]]></id_country>
<id_zone><![CDATA[11]]></id_zone>
<iso_code><![CDATA[GB-ARM]]></iso_code>
<name><![CDATA[Armagh]]></name>
<active><![CDATA[1]]></active>
</state>
<state><id_state><![CDATA[541]]></id_state>
<id_country><![CDATA[17]]></id_country>
<id_zone><![CDATA[11]]></id_zone>
<iso_code><![CDATA[GB-BLA]]></iso_code>
<name><![CDATA[Ballymena]]></name>
<active><![CDATA[1]]></active>
</state>
<state><id_state><![CDATA[542]]></id_state>
<id_country><![CDATA[17]]></id_country>
<id_zone><![CDATA[11]]></id_zone>
<iso_code><![CDATA[GB-BLY]]></iso_code>
<name><![CDATA[Ballymoney]]></name>
<active><![CDATA[1]]></active>
</state>
<state><id_state><![CDATA[543]]></id_state>
<id_country><![CDATA[17]]></id_country>
<id_zone><![CDATA[11]]></id_zone>
<iso_code><![CDATA[GB-BNB]]></iso_code>
<name><![CDATA[Banbridge]]></name>
<active><![CDATA[1]]></active>
</state>
<state><id_state><![CDATA[544]]></id_state>
<id_country><![CDATA[17]]></id_country>
<id_zone><![CDATA[11]]></id_zone>
<iso_code><![CDATA[GB-BDG]]></iso_code>
<name><![CDATA[Barking and Dagenham]]></name>
<active><![CDATA[1]]></active>
</state>
<state><id_state><![CDATA[545]]></id_state>
<id_country><![CDATA[17]]></id_country>
<id_zone><![CDATA[11]]></id_zone>
<iso_code><![CDATA[GB-BNE]]></iso_code>
<name><![CDATA[Barnet]]></name>
<active><![CDATA[1]]></active>
</state>
<state><id_state><![CDATA[546]]></id_state>
<id_country><![CDATA[17]]></id_country>
<id_zone><![CDATA[11]]></id_zone>
<iso_code><![CDATA[GB-BNS]]></iso_code>
<name><![CDATA[Barnsley]]></name>
<active><![CDATA[1]]></active>
</state>
<state><id_state><![CDATA[547]]></id_state>
<id_country><![CDATA[17]]></id_country>
<id_zone><![CDATA[11]]></id_zone>
<iso_code><![CDATA[GB-BAS]]></iso_code>
<name><![CDATA[Bath and North East Somerset]]></name>
<active><![CDATA[1]]></active>
</state>
<state><id_state><![CDATA[548]]></id_state>
<id_country><![CDATA[17]]></id_country>
<id_zone><![CDATA[11]]></id_zone>
<iso_code><![CDATA[GB-BDF]]></iso_code>
<name><![CDATA[Bedford]]></name>
<active><![CDATA[1]]></active>
</state>
<state><id_state><![CDATA[549]]></id_state>
<id_country><![CDATA[17]]></id_country>
<id_zone><![CDATA[11]]></id_zone>
<iso_code><![CDATA[GB-BFS]]></iso_code>
<name><![CDATA[Belfast City]]></name>
<active><![CDATA[1]]></active>
</state>
<state><id_state><![CDATA[550]]></id_state>
<id_country><![CDATA[17]]></id_country>
<id_zone><![CDATA[11]]></id_zone>
<iso_code><![CDATA[GB-BEX]]></iso_code>
<name><![CDATA[Bexley]]></name>
<active><![CDATA[1]]></active>
</state>
<state><id_state><![CDATA[551]]></id_state>
<id_country><![CDATA[17]]></id_country>
<id_zone><![CDATA[11]]></id_zone>
<iso_code><![CDATA[GB-BIR]]></iso_code>
<name><![CDATA[Birmingham]]></name>
<active><![CDATA[1]]></active>
</state>
<state><id_state><![CDATA[552]]></id_state>
<id_country><![CDATA[17]]></id_country>
<id_zone><![CDATA[11]]></id_zone>
<iso_code><![CDATA[GB-BBD]]></iso_code>
<name><![CDATA[Blackburn with Darwen]]></name>
<active><![CDATA[1]]></active>
</state>
<state><id_state><![CDATA[553]]></id_state>
<id_country><![CDATA[17]]></id_country>
<id_zone><![CDATA[11]]></id_zone>
<iso_code><![CDATA[GB-BPL]]></iso_code>
<name><![CDATA[Blackpool]]></name>
<active><![CDATA[1]]></active>
</state>
<state><id_state><![CDATA[554]]></id_state>
<id_country><![CDATA[17]]></id_country>
<id_zone><![CDATA[11]]></id_zone>
<iso_code><![CDATA[GB-BGW]]></iso_code>
<name><![CDATA[Blaenau Gwent]]></name>
<active><![CDATA[1]]></active>
</state>
<state><id_state><![CDATA[555]]></id_state>
<id_country><![CDATA[17]]></id_country>
<id_zone><![CDATA[11]]></id_zone>
<iso_code><![CDATA[GB-BOL]]></iso_code>
<name><![CDATA[Bolton]]></name>
<active><![CDATA[1]]></active>
</state>
<state><id_state><![CDATA[556]]></id_state>
<id_country><![CDATA[17]]></id_country>
<id_zone><![CDATA[11]]></id_zone>
<iso_code><![CDATA[GB-BMH]]></iso_code>
<name><![CDATA[Bournemouth]]></name>
<active><![CDATA[1]]></active>
</state>
<state><id_state><![CDATA[557]]></id_state>
<id_country><![CDATA[17]]></id_country>
<id_zone><![CDATA[11]]></id_zone>
<iso_code><![CDATA[GB-BRC]]></iso_code>
<name><![CDATA[Bracknell Forest]]></name>
<active><![CDATA[1]]></active>
</state>
<state><id_state><![CDATA[558]]></id_state>
<id_country><![CDATA[17]]></id_country>
<id_zone><![CDATA[11]]></id_zone>
<iso_code><![CDATA[GB-BRD]]></iso_code>
<name><![CDATA[Bradford]]></name>
<active><![CDATA[1]]></active>
</state>
<state><id_state><![CDATA[559]]></id_state>
<id_country><![CDATA[17]]></id_country>
<id_zone><![CDATA[11]]></id_zone>
<iso_code><![CDATA[GB-BEN]]></iso_code>
<name><![CDATA[Brent]]></name>
<active><![CDATA[1]]></active>
</state>
<state><id_state><![CDATA[560]]></id_state>
<id_country><![CDATA[17]]></id_country>
<id_zone><![CDATA[11]]></id_zone>
<iso_code><![CDATA[GB-BGE]]></iso_code>
<name><![CDATA[Bridgend]]></name>
<active><![CDATA[1]]></active>
</state>
<state><id_state><![CDATA[561]]></id_state>
<id_country><![CDATA[17]]></id_country>
<id_zone><![CDATA[11]]></id_zone>
<iso_code><![CDATA[GB-BRY]]></iso_code>
<name><![CDATA[Bromley]]></name>
<active><![CDATA[1]]></active>
</state>
<state><id_state><![CDATA[562]]></id_state>
<id_country><![CDATA[17]]></id_country>
<id_zone><![CDATA[11]]></id_zone>
<iso_code><![CDATA[GB-BKM]]></iso_code>
<name><![CDATA[Buckinghamshire]]></name>
<active><![CDATA[1]]></active>
</state>
<state><id_state><![CDATA[563]]></id_state>
<id_country><![CDATA[17]]></id_country>
<id_zone><![CDATA[11]]></id_zone>
<iso_code><![CDATA[GB-BUR]]></iso_code>
<name><![CDATA[Bury]]></name>
<active><![CDATA[1]]></active>
</state>
<state><id_state><![CDATA[564]]></id_state>
<id_country><![CDATA[17]]></id_country>
<id_zone><![CDATA[11]]></id_zone>
<iso_code><![CDATA[GB-CAY]]></iso_code>
<name><![CDATA[Caerphilly]]></name>
<active><![CDATA[1]]></active>
</state>
<state><id_state><![CDATA[565]]></id_state>
<id_country><![CDATA[17]]></id_country>
<id_zone><![CDATA[11]]></id_zone>
<iso_code><![CDATA[GB-CLD]]></iso_code>
<name><![CDATA[Calderdale]]></name>
<active><![CDATA[1]]></active>
</state>
<state><id_state><![CDATA[566]]></id_state>
<id_country><![CDATA[17]]></id_country>
<id_zone><![CDATA[11]]></id_zone>
<iso_code><![CDATA[GB-CAM]]></iso_code>
<name><![CDATA[Cambridgeshire]]></name>
<active><![CDATA[1]]></active>
</state>
<state><id_state><![CDATA[567]]></id_state>
<id_country><![CDATA[17]]></id_country>
<id_zone><![CDATA[11]]></id_zone>
<iso_code><![CDATA[GB-CMD]]></iso_code>
<name><![CDATA[Camden]]></name>
<active><![CDATA[1]]></active>
</state>
<state><id_state><![CDATA[568]]></id_state>
<id_country><![CDATA[17]]></id_country>
<id_zone><![CDATA[11]]></id_zone>
<iso_code><![CDATA[GB-CRF]]></iso_code>
<name><![CDATA[Cardiff]]></name>
<active><![CDATA[1]]></active>
</state>
<state><id_state><![CDATA[569]]></id_state>
<id_country><![CDATA[17]]></id_country>
<id_zone><![CDATA[11]]></id_zone>
<iso_code><![CDATA[GB-CMN]]></iso_code>
<name><![CDATA[Carmarthenshire]]></name>
<active><![CDATA[1]]></active>
</state>
<state><id_state><![CDATA[570]]></id_state>
<id_country><![CDATA[17]]></id_country>
<id_zone><![CDATA[11]]></id_zone>
<iso_code><![CDATA[GB-CKF]]></iso_code>
<name><![CDATA[Carrickfergus]]></name>
<active><![CDATA[1]]></active>
</state>
<state><id_state><![CDATA[571]]></id_state>
<id_country><![CDATA[17]]></id_country>
<id_zone><![CDATA[11]]></id_zone>
<iso_code><![CDATA[GB-CSR]]></iso_code>
<name><![CDATA[Castlereagh]]></name>
<active><![CDATA[1]]></active>
</state>
<state><id_state><![CDATA[572]]></id_state>
<id_country><![CDATA[17]]></id_country>
<id_zone><![CDATA[11]]></id_zone>
<iso_code><![CDATA[GB-CBF]]></iso_code>
<name><![CDATA[Central Bedfordshire]]></name>
<active><![CDATA[1]]></active>
</state>
<state><id_state><![CDATA[573]]></id_state>
<id_country><![CDATA[17]]></id_country>
<id_zone><![CDATA[11]]></id_zone>
<iso_code><![CDATA[GB-CGN]]></iso_code>
<name><![CDATA[Ceredigion]]></name>
<active><![CDATA[1]]></active>
</state>
<state><id_state><![CDATA[574]]></id_state>
<id_country><![CDATA[17]]></id_country>
<id_zone><![CDATA[11]]></id_zone>
<iso_code><![CDATA[GB-CHE]]></iso_code>
<name><![CDATA[Cheshire East]]></name>
<active><![CDATA[1]]></active>
</state>
<state><id_state><![CDATA[575]]></id_state>
<id_country><![CDATA[17]]></id_country>
<id_zone><![CDATA[11]]></id_zone>
<iso_code><![CDATA[GB-CHW]]></iso_code>
<name><![CDATA[Cheshire West and Chester]]></name>
<active><![CDATA[1]]></active>
</state>
<state><id_state><![CDATA[576]]></id_state>
<id_country><![CDATA[17]]></id_country>
<id_zone><![CDATA[11]]></id_zone>
<iso_code><![CDATA[GB-BST]]></iso_code>
<name><![CDATA[City of Bristol]]></name>
<active><![CDATA[1]]></active>
</state>
<state><id_state><![CDATA[577]]></id_state>
<id_country><![CDATA[17]]></id_country>
<id_zone><![CDATA[11]]></id_zone>
<iso_code><![CDATA[GB-DER]]></iso_code>
<name><![CDATA[City of Derby]]></name>
<active><![CDATA[1]]></active>
</state>
<state><id_state><![CDATA[578]]></id_state>
<id_country><![CDATA[17]]></id_country>
<id_zone><![CDATA[11]]></id_zone>
<iso_code><![CDATA[GB-EDH]]></iso_code>
<name><![CDATA[City of Edinburgh]]></name>
<active><![CDATA[1]]></active>
</state>
<state><id_state><![CDATA[579]]></id_state>
<id_country><![CDATA[17]]></id_country>
<id_zone><![CDATA[11]]></id_zone>
<iso_code><![CDATA[GB-LCE]]></iso_code>
<name><![CDATA[City of Leicester]]></name>
<active><![CDATA[1]]></active>
</state>
<state><id_state><![CDATA[580]]></id_state>
<id_country><![CDATA[17]]></id_country>
<id_zone><![CDATA[11]]></id_zone>
<iso_code><![CDATA[GB-LND]]></iso_code>
<name><![CDATA[City of London]]></name>
<active><![CDATA[1]]></active>
</state>
<state><id_state><![CDATA[581]]></id_state>
<id_country><![CDATA[17]]></id_country>
<id_zone><![CDATA[11]]></id_zone>
<iso_code><![CDATA[GB-MAN]]></iso_code>
<name><![CDATA[City of Manchester]]></name>
<active><![CDATA[1]]></active>
</state>
<state><id_state><![CDATA[582]]></id_state>
<id_country><![CDATA[17]]></id_country>
<id_zone><![CDATA[11]]></id_zone>
<iso_code><![CDATA[GB-NGM]]></iso_code>
<name><![CDATA[City of Nottingham]]></name>
<active><![CDATA[1]]></active>
</state>
<state><id_state><![CDATA[583]]></id_state>
<id_country><![CDATA[17]]></id_country>
<id_zone><![CDATA[11]]></id_zone>
<iso_code><![CDATA[GB-PTE]]></iso_code>
<name><![CDATA[City of Peterborough]]></name>
<active><![CDATA[1]]></active>
</state>
<state><id_state><![CDATA[584]]></id_state>
<id_country><![CDATA[17]]></id_country>
<id_zone><![CDATA[11]]></id_zone>
<iso_code><![CDATA[GB-PLY]]></iso_code>
<name><![CDATA[City of Plymouth]]></name>
<active><![CDATA[1]]></active>
</state>
<state><id_state><![CDATA[585]]></id_state>
<id_country><![CDATA[17]]></id_country>
<id_zone><![CDATA[11]]></id_zone>
<iso_code><![CDATA[GB-POR]]></iso_code>
<name><![CDATA[City of Portsmouth]]></name>
<active><![CDATA[1]]></active>
</state>
<state><id_state><![CDATA[586]]></id_state>
<id_country><![CDATA[17]]></id_country>
<id_zone><![CDATA[11]]></id_zone>
<iso_code><![CDATA[GB-SLF]]></iso_code>
<name><![CDATA[City of Salford]]></name>
<active><![CDATA[1]]></active>
</state>
<state><id_state><![CDATA[587]]></id_state>
<id_country><![CDATA[17]]></id_country>
<id_zone><![CDATA[11]]></id_zone>
<iso_code><![CDATA[GB-STH]]></iso_code>
<name><![CDATA[City of Southampton]]></name>
<active><![CDATA[1]]></active>
</state>
<state><id_state><![CDATA[588]]></id_state>
<id_country><![CDATA[17]]></id_country>
<id_zone><![CDATA[11]]></id_zone>
<iso_code><![CDATA[GB-STE]]></iso_code>
<name><![CDATA[City of Stoke-on-Trent]]></name>
<active><![CDATA[1]]></active>
</state>
<state><id_state><![CDATA[589]]></id_state>
<id_country><![CDATA[17]]></id_country>
<id_zone><![CDATA[11]]></id_zone>
<iso_code><![CDATA[GB-WSM]]></iso_code>
<name><![CDATA[City of Westminster]]></name>
<active><![CDATA[1]]></active>
</state>
<state><id_state><![CDATA[590]]></id_state>
<id_country><![CDATA[17]]></id_country>
<id_zone><![CDATA[11]]></id_zone>
<iso_code><![CDATA[GB-WLV]]></iso_code>
<name><![CDATA[City of Wolverhampton]]></name>
<active><![CDATA[1]]></active>
</state>
<state><id_state><![CDATA[591]]></id_state>
<id_country><![CDATA[17]]></id_country>
<id_zone><![CDATA[11]]></id_zone>
<iso_code><![CDATA[GB-CLK]]></iso_code>
<name><![CDATA[Clackmannanshire]]></name>
<active><![CDATA[1]]></active>
</state>
<state><id_state><![CDATA[592]]></id_state>
<id_country><![CDATA[17]]></id_country>
<id_zone><![CDATA[11]]></id_zone>
<iso_code><![CDATA[GB-CLR]]></iso_code>
<name><![CDATA[Coleraine]]></name>
<active><![CDATA[1]]></active>
</state>
<state><id_state><![CDATA[593]]></id_state>
<id_country><![CDATA[17]]></id_country>
<id_zone><![CDATA[11]]></id_zone>
<iso_code><![CDATA[GB-CWY]]></iso_code>
<name><![CDATA[Conwy]]></name>
<active><![CDATA[1]]></active>
</state>
<state><id_state><![CDATA[594]]></id_state>
<id_country><![CDATA[17]]></id_country>
<id_zone><![CDATA[11]]></id_zone>
<iso_code><![CDATA[GB-CKT]]></iso_code>
<name><![CDATA[Cookstown]]></name>
<active><![CDATA[1]]></active>
</state>
<state><id_state><![CDATA[595]]></id_state>
<id_country><![CDATA[17]]></id_country>
<id_zone><![CDATA[11]]></id_zone>
<iso_code><![CDATA[GB-CON]]></iso_code>
<name><![CDATA[Cornwall]]></name>
<active><![CDATA[1]]></active>
</state>
<state><id_state><![CDATA[596]]></id_state>
<id_country><![CDATA[17]]></id_country>
<id_zone><![CDATA[11]]></id_zone>
<iso_code><![CDATA[GB-COV]]></iso_code>
<name><![CDATA[Coventry]]></name>
<active><![CDATA[1]]></active>
</state>
<state><id_state><![CDATA[597]]></id_state>
<id_country><![CDATA[17]]></id_country>
<id_zone><![CDATA[11]]></id_zone>
<iso_code><![CDATA[GB-CGV]]></iso_code>
<name><![CDATA[Craigavon]]></name>
<active><![CDATA[1]]></active>
</state>
<state><id_state><![CDATA[598]]></id_state>
<id_country><![CDATA[17]]></id_country>
<id_zone><![CDATA[11]]></id_zone>
<iso_code><![CDATA[GB-CRY]]></iso_code>
<name><![CDATA[Croydon]]></name>
<active><![CDATA[1]]></active>
</state>
<state><id_state><![CDATA[599]]></id_state>
<id_country><![CDATA[17]]></id_country>
<id_zone><![CDATA[11]]></id_zone>
<iso_code><![CDATA[GB-CMA]]></iso_code>
<name><![CDATA[Cumbria]]></name>
<active><![CDATA[1]]></active>
</state>
<state><id_state><![CDATA[600]]></id_state>
<id_country><![CDATA[17]]></id_country>
<id_zone><![CDATA[11]]></id_zone>
<iso_code><![CDATA[GB-DAL]]></iso_code>
<name><![CDATA[Darlington]]></name>
<active><![CDATA[1]]></active>
</state>
<state><id_state><![CDATA[601]]></id_state>
<id_country><![CDATA[17]]></id_country>
<id_zone><![CDATA[11]]></id_zone>
<iso_code><![CDATA[GB-DEN]]></iso_code>
<name><![CDATA[Denbighshire]]></name>
<active><![CDATA[1]]></active>
</state>
<state><id_state><![CDATA[602]]></id_state>
<id_country><![CDATA[17]]></id_country>
<id_zone><![CDATA[11]]></id_zone>
<iso_code><![CDATA[GB-DBY]]></iso_code>
<name><![CDATA[Derbyshire]]></name>
<active><![CDATA[1]]></active>
</state>
<state><id_state><![CDATA[603]]></id_state>
<id_country><![CDATA[17]]></id_country>
<id_zone><![CDATA[11]]></id_zone>
<iso_code><![CDATA[GB-DRY]]></iso_code>
<name><![CDATA[Derry City]]></name>
<active><![CDATA[1]]></active>
</state>
<state><id_state><![CDATA[604]]></id_state>
<id_country><![CDATA[17]]></id_country>
<id_zone><![CDATA[11]]></id_zone>
<iso_code><![CDATA[GB-DEV]]></iso_code>
<name><![CDATA[Devon]]></name>
<active><![CDATA[1]]></active>
</state>
<state><id_state><![CDATA[605]]></id_state>
<id_country><![CDATA[17]]></id_country>
<id_zone><![CDATA[11]]></id_zone>
<iso_code><![CDATA[GB-DNC]]></iso_code>
<name><![CDATA[Doncaster]]></name>
<active><![CDATA[1]]></active>
</state>
<state><id_state><![CDATA[606]]></id_state>
<id_country><![CDATA[17]]></id_country>
<id_zone><![CDATA[11]]></id_zone>
<iso_code><![CDATA[GB-DOR]]></iso_code>
<name><![CDATA[Dorset]]></name>
<active><![CDATA[1]]></active>
</state>
<state><id_state><![CDATA[607]]></id_state>
<id_country><![CDATA[17]]></id_country>
<id_zone><![CDATA[11]]></id_zone>
<iso_code><![CDATA[GB-DOW]]></iso_code>
<name><![CDATA[Down]]></name>
<active><![CDATA[1]]></active>
</state>
<state><id_state><![CDATA[608]]></id_state>
<id_country><![CDATA[17]]></id_country>
<id_zone><![CDATA[11]]></id_zone>
<iso_code><![CDATA[GB-DUD]]></iso_code>
<name><![CDATA[Dudley]]></name>
<active><![CDATA[1]]></active>
</state>
<state><id_state><![CDATA[609]]></id_state>
<id_country><![CDATA[17]]></id_country>
<id_zone><![CDATA[11]]></id_zone>
<iso_code><![CDATA[GB-DGY]]></iso_code>
<name><![CDATA[Dumfries and Galloway]]></name>
<active><![CDATA[1]]></active>
</state>
<state><id_state><![CDATA[610]]></id_state>
<id_country><![CDATA[17]]></id_country>
<id_zone><![CDATA[11]]></id_zone>
<iso_code><![CDATA[GB-DND]]></iso_code>
<name><![CDATA[Dundee City]]></name>
<active><![CDATA[1]]></active>
</state>
<state><id_state><![CDATA[611]]></id_state>
<id_country><![CDATA[17]]></id_country>
<id_zone><![CDATA[11]]></id_zone>
<iso_code><![CDATA[GB-DGN]]></iso_code>
<name><![CDATA[Dungannon and South Tyrone]]></name>
<active><![CDATA[1]]></active>
</state>
<state><id_state><![CDATA[612]]></id_state>
<id_country><![CDATA[17]]></id_country>
<id_zone><![CDATA[11]]></id_zone>
<iso_code><![CDATA[GB-DUR]]></iso_code>
<name><![CDATA[Durham]]></name>
<active><![CDATA[1]]></active>
</state>
<state><id_state><![CDATA[613]]></id_state>
<id_country><![CDATA[17]]></id_country>
<id_zone><![CDATA[11]]></id_zone>
<iso_code><![CDATA[GB-EAL]]></iso_code>
<name><![CDATA[Ealing]]></name>
<active><![CDATA[1]]></active>
</state>
<state><id_state><![CDATA[614]]></id_state>
<id_country><![CDATA[17]]></id_country>
<id_zone><![CDATA[11]]></id_zone>
<iso_code><![CDATA[GB-EAY]]></iso_code>
<name><![CDATA[East Ayrshire]]></name>
<active><![CDATA[1]]></active>
</state>
<state><id_state><![CDATA[615]]></id_state>
<id_country><![CDATA[17]]></id_country>
<id_zone><![CDATA[11]]></id_zone>
<iso_code><![CDATA[GB-EDU]]></iso_code>
<name><![CDATA[East Dunbartonshire]]></name>
<active><![CDATA[1]]></active>
</state>
<state><id_state><![CDATA[616]]></id_state>
<id_country><![CDATA[17]]></id_country>
<id_zone><![CDATA[11]]></id_zone>
<iso_code><![CDATA[GB-ELN]]></iso_code>
<name><![CDATA[East Lothian]]></name>
<active><![CDATA[1]]></active>
</state>
<state><id_state><![CDATA[617]]></id_state>
<id_country><![CDATA[17]]></id_country>
<id_zone><![CDATA[11]]></id_zone>
<iso_code><![CDATA[GB-ERW]]></iso_code>
<name><![CDATA[East Renfrewshire]]></name>
<active><![CDATA[1]]></active>
</state>
<state><id_state><![CDATA[618]]></id_state>
<id_country><![CDATA[17]]></id_country>
<id_zone><![CDATA[11]]></id_zone>
<iso_code><![CDATA[GB-ERY]]></iso_code>
<name><![CDATA[East Riding of Yorkshire]]></name>
<active><![CDATA[1]]></active>
</state>
<state><id_state><![CDATA[619]]></id_state>
<id_country><![CDATA[17]]></id_country>
<id_zone><![CDATA[11]]></id_zone>
<iso_code><![CDATA[GB-ESX]]></iso_code>
<name><![CDATA[East Sussex]]></name>
<active><![CDATA[1]]></active>
</state>
<state><id_state><![CDATA[620]]></id_state>
<id_country><![CDATA[17]]></id_country>
<id_zone><![CDATA[11]]></id_zone>
<iso_code><![CDATA[GB-ENF]]></iso_code>
<name><![CDATA[Enfield]]></name>
<active><![CDATA[1]]></active>
</state>
<state><id_state><![CDATA[621]]></id_state>
<id_country><![CDATA[17]]></id_country>
<id_zone><![CDATA[11]]></id_zone>
<iso_code><![CDATA[GB-ESS]]></iso_code>
<name><![CDATA[Essex]]></name>
<active><![CDATA[1]]></active>
</state>
<state><id_state><![CDATA[622]]></id_state>
<id_country><![CDATA[17]]></id_country>
<id_zone><![CDATA[11]]></id_zone>
<iso_code><![CDATA[GB-FAL]]></iso_code>
<name><![CDATA[Falkirk]]></name>
<active><![CDATA[1]]></active>
</state>
<state><id_state><![CDATA[623]]></id_state>
<id_country><![CDATA[17]]></id_country>
<id_zone><![CDATA[11]]></id_zone>
<iso_code><![CDATA[GB-FER]]></iso_code>
<name><![CDATA[Fermanagh]]></name>
<active><![CDATA[1]]></active>
</state>
<state><id_state><![CDATA[624]]></id_state>
<id_country><![CDATA[17]]></id_country>
<id_zone><![CDATA[11]]></id_zone>
<iso_code><![CDATA[GB-FIF]]></iso_code>
<name><![CDATA[Fife]]></name>
<active><![CDATA[1]]></active>
</state>
<state><id_state><![CDATA[625]]></id_state>
<id_country><![CDATA[17]]></id_country>
<id_zone><![CDATA[11]]></id_zone>
<iso_code><![CDATA[GB-FLN]]></iso_code>
<name><![CDATA[Flintshire]]></name>
<active><![CDATA[1]]></active>
</state>
<state><id_state><![CDATA[626]]></id_state>
<id_country><![CDATA[17]]></id_country>
<id_zone><![CDATA[11]]></id_zone>
<iso_code><![CDATA[GB-GAT]]></iso_code>
<name><![CDATA[Gateshead]]></name>
<active><![CDATA[1]]></active>
</state>
<state><id_state><![CDATA[627]]></id_state>
<id_country><![CDATA[17]]></id_country>
<id_zone><![CDATA[11]]></id_zone>
<iso_code><![CDATA[GB-GLG]]></iso_code>
<name><![CDATA[Glasgow City]]></name>
<active><![CDATA[1]]></active>
</state>
<state><id_state><![CDATA[628]]></id_state>
<id_country><![CDATA[17]]></id_country>
<id_zone><![CDATA[11]]></id_zone>
<iso_code><![CDATA[GB-GLS]]></iso_code>
<name><![CDATA[Gloucestershire]]></name>
<active><![CDATA[1]]></active>
</state>
<state><id_state><![CDATA[629]]></id_state>
<id_country><![CDATA[17]]></id_country>
<id_zone><![CDATA[11]]></id_zone>
<iso_code><![CDATA[GB-GRE]]></iso_code>
<name><![CDATA[Greenwich]]></name>
<active><![CDATA[1]]></active>
</state>
<state><id_state><![CDATA[630]]></id_state>
<id_country><![CDATA[17]]></id_country>
<id_zone><![CDATA[11]]></id_zone>
<iso_code><![CDATA[GB-GWN]]></iso_code>
<name><![CDATA[Gwynedd]]></name>
<active><![CDATA[1]]></active>
</state>
<state><id_state><![CDATA[631]]></id_state>
<id_country><![CDATA[17]]></id_country>
<id_zone><![CDATA[11]]></id_zone>
<iso_code><![CDATA[GB-HCK]]></iso_code>
<name><![CDATA[Hackney]]></name>
<active><![CDATA[1]]></active>
</state>
<state><id_state><![CDATA[632]]></id_state>
<id_country><![CDATA[17]]></id_country>
<id_zone><![CDATA[11]]></id_zone>
<iso_code><![CDATA[GB-HAL]]></iso_code>
<name><![CDATA[Halton]]></name>
<active><![CDATA[1]]></active>
</state>
<state><id_state><![CDATA[633]]></id_state>
<id_country><![CDATA[17]]></id_country>
<id_zone><![CDATA[11]]></id_zone>
<iso_code><![CDATA[GB-HMF]]></iso_code>
<name><![CDATA[Hammersmith and Fulham]]></name>
<active><![CDATA[1]]></active>
</state>
<state><id_state><![CDATA[634]]></id_state>
<id_country><![CDATA[17]]></id_country>
<id_zone><![CDATA[11]]></id_zone>
<iso_code><![CDATA[GB-HAM]]></iso_code>
<name><![CDATA[Hampshire]]></name>
<active><![CDATA[1]]></active>
</state>
<state><id_state><![CDATA[635]]></id_state>
<id_country><![CDATA[17]]></id_country>
<id_zone><![CDATA[11]]></id_zone>
<iso_code><![CDATA[GB-HRY]]></iso_code>
<name><![CDATA[Haringey]]></name>
<active><![CDATA[1]]></active>
</state>
<state><id_state><![CDATA[636]]></id_state>
<id_country><![CDATA[17]]></id_country>
<id_zone><![CDATA[11]]></id_zone>
<iso_code><![CDATA[GB-HRW]]></iso_code>
<name><![CDATA[Harrow]]></name>
<active><![CDATA[1]]></active>
</state>
<state><id_state><![CDATA[637]]></id_state>
<id_country><![CDATA[17]]></id_country>
<id_zone><![CDATA[11]]></id_zone>
<iso_code><![CDATA[GB-HPL]]></iso_code>
<name><![CDATA[Hartlepool]]></name>
<active><![CDATA[1]]></active>
</state>
<state><id_state><![CDATA[638]]></id_state>
<id_country><![CDATA[17]]></id_country>
<id_zone><![CDATA[11]]></id_zone>
<iso_code><![CDATA[GB-HAV]]></iso_code>
<name><![CDATA[Havering]]></name>
<active><![CDATA[1]]></active>
</state>
<state><id_state><![CDATA[639]]></id_state>
<id_country><![CDATA[17]]></id_country>
<id_zone><![CDATA[11]]></id_zone>
<iso_code><![CDATA[GB-HEF]]></iso_code>
<name><![CDATA[Herefordshire]]></name>
<active><![CDATA[1]]></active>
</state>
<state><id_state><![CDATA[640]]></id_state>
<id_country><![CDATA[17]]></id_country>
<id_zone><![CDATA[11]]></id_zone>
<iso_code><![CDATA[GB-HRT]]></iso_code>
<name><![CDATA[Hertfordshire]]></name>
<active><![CDATA[1]]></active>
</state>
<state><id_state><![CDATA[641]]></id_state>
<id_country><![CDATA[17]]></id_country>
<id_zone><![CDATA[11]]></id_zone>
<iso_code><![CDATA[GB-HLD]]></iso_code>
<name><![CDATA[Highland]]></name>
<active><![CDATA[1]]></active>
</state>
<state><id_state><![CDATA[642]]></id_state>
<id_country><![CDATA[17]]></id_country>
<id_zone><![CDATA[11]]></id_zone>
<iso_code><![CDATA[GB-HIL]]></iso_code>
<name><![CDATA[Hillingdon]]></name>
<active><![CDATA[1]]></active>
</state>
<state><id_state><![CDATA[643]]></id_state>
<id_country><![CDATA[17]]></id_country>
<id_zone><![CDATA[11]]></id_zone>
<iso_code><![CDATA[GB-HNS]]></iso_code>
<name><![CDATA[Hounslow]]></name>
<active><![CDATA[1]]></active>
</state>
<state><id_state><![CDATA[644]]></id_state>
<id_country><![CDATA[17]]></id_country>
<id_zone><![CDATA[11]]></id_zone>
<iso_code><![CDATA[GB-IVC]]></iso_code>
<name><![CDATA[Inverclyde]]></name>
<active><![CDATA[1]]></active>
</state>
<state><id_state><![CDATA[645]]></id_state>
<id_country><![CDATA[17]]></id_country>
<id_zone><![CDATA[11]]></id_zone>
<iso_code><![CDATA[GB-AGY]]></iso_code>
<name><![CDATA[Isle of Anglesey]]></name>
<active><![CDATA[1]]></active>
</state>
<state><id_state><![CDATA[646]]></id_state>
<id_country><![CDATA[17]]></id_country>
<id_zone><![CDATA[11]]></id_zone>
<iso_code><![CDATA[GB-IOW]]></iso_code>
<name><![CDATA[Isle of Wight]]></name>
<active><![CDATA[1]]></active>
</state>
<state><id_state><![CDATA[647]]></id_state>
<id_country><![CDATA[17]]></id_country>
<id_zone><![CDATA[11]]></id_zone>
<iso_code><![CDATA[GB-ISL]]></iso_code>
<name><![CDATA[Islington]]></name>
<active><![CDATA[1]]></active>
</state>
<state><id_state><![CDATA[648]]></id_state>
<id_country><![CDATA[17]]></id_country>
<id_zone><![CDATA[11]]></id_zone>
<iso_code><![CDATA[GB-KEC]]></iso_code>
<name><![CDATA[Kensington and Chelsea]]></name>
<active><![CDATA[1]]></active>
</state>
<state><id_state><![CDATA[649]]></id_state>
<id_country><![CDATA[17]]></id_country>
<id_zone><![CDATA[11]]></id_zone>
<iso_code><![CDATA[GB-KEN]]></iso_code>
<name><![CDATA[Kent]]></name>
<active><![CDATA[1]]></active>
</state>
<state><id_state><![CDATA[650]]></id_state>
<id_country><![CDATA[17]]></id_country>
<id_zone><![CDATA[11]]></id_zone>
<iso_code><![CDATA[GB-KHL]]></iso_code>
<name><![CDATA[Kingston upon Hull]]></name>
<active><![CDATA[1]]></active>
</state>
<state><id_state><![CDATA[651]]></id_state>
<id_country><![CDATA[17]]></id_country>
<id_zone><![CDATA[11]]></id_zone>
<iso_code><![CDATA[GB-KTT]]></iso_code>
<name><![CDATA[Kingston upon Thames]]></name>
<active><![CDATA[1]]></active>
</state>
<state><id_state><![CDATA[652]]></id_state>
<id_country><![CDATA[17]]></id_country>
<id_zone><![CDATA[11]]></id_zone>
<iso_code><![CDATA[GB-KIR]]></iso_code>
<name><![CDATA[Kirklees]]></name>
<active><![CDATA[1]]></active>
</state>
<state><id_state><![CDATA[653]]></id_state>
<id_country><![CDATA[17]]></id_country>
<id_zone><![CDATA[11]]></id_zone>
<iso_code><![CDATA[GB-KWL]]></iso_code>
<name><![CDATA[Knowsley]]></name>
<active><![CDATA[1]]></active>
</state>
<state><id_state><![CDATA[654]]></id_state>
<id_country><![CDATA[17]]></id_country>
<id_zone><![CDATA[11]]></id_zone>
<iso_code><![CDATA[GB-LBH]]></iso_code>
<name><![CDATA[Lambeth]]></name>
<active><![CDATA[1]]></active>
</state>
<state><id_state><![CDATA[655]]></id_state>
<id_country><![CDATA[17]]></id_country>
<id_zone><![CDATA[11]]></id_zone>
<iso_code><![CDATA[GB-LAN]]></iso_code>
<name><![CDATA[Lancashire]]></name>
<active><![CDATA[1]]></active>
</state>
<state><id_state><![CDATA[656]]></id_state>
<id_country><![CDATA[17]]></id_country>
<id_zone><![CDATA[11]]></id_zone>
<iso_code><![CDATA[GB-LRN]]></iso_code>
<name><![CDATA[Larne]]></name>
<active><![CDATA[1]]></active>
</state>
<state><id_state><![CDATA[657]]></id_state>
<id_country><![CDATA[17]]></id_country>
<id_zone><![CDATA[11]]></id_zone>
<iso_code><![CDATA[GB-LDS]]></iso_code>
<name><![CDATA[Leeds]]></name>
<active><![CDATA[1]]></active>
</state>
<state><id_state><![CDATA[658]]></id_state>
<id_country><![CDATA[17]]></id_country>
<id_zone><![CDATA[11]]></id_zone>
<iso_code><![CDATA[GB-LEC]]></iso_code>
<name><![CDATA[Leicestershire]]></name>
<active><![CDATA[1]]></active>
</state>
<state><id_state><![CDATA[659]]></id_state>
<id_country><![CDATA[17]]></id_country>
<id_zone><![CDATA[11]]></id_zone>
<iso_code><![CDATA[GB-LEW]]></iso_code>
<name><![CDATA[Lewisham]]></name>
<active><![CDATA[1]]></active>
</state>
<state><id_state><![CDATA[660]]></id_state>
<id_country><![CDATA[17]]></id_country>
<id_zone><![CDATA[11]]></id_zone>
<iso_code><![CDATA[GB-LMV]]></iso_code>
<name><![CDATA[Limavady]]></name>
<active><![CDATA[1]]></active>
</state>
<state><id_state><![CDATA[661]]></id_state>
<id_country><![CDATA[17]]></id_country>
<id_zone><![CDATA[11]]></id_zone>
<iso_code><![CDATA[GB-LIN]]></iso_code>
<name><![CDATA[Lincolnshire]]></name>
<active><![CDATA[1]]></active>
</state>
<state><id_state><![CDATA[662]]></id_state>
<id_country><![CDATA[17]]></id_country>
<id_zone><![CDATA[11]]></id_zone>
<iso_code><![CDATA[GB-LSB]]></iso_code>
<name><![CDATA[Lisburn]]></name>
<active><![CDATA[1]]></active>
</state>
<state><id_state><![CDATA[663]]></id_state>
<id_country><![CDATA[17]]></id_country>
<id_zone><![CDATA[11]]></id_zone>
<iso_code><![CDATA[GB-LIV]]></iso_code>
<name><![CDATA[Liverpool]]></name>
<active><![CDATA[1]]></active>
</state>
<state><id_state><![CDATA[664]]></id_state>
<id_country><![CDATA[17]]></id_country>
<id_zone><![CDATA[11]]></id_zone>
<iso_code><![CDATA[GB-LUT]]></iso_code>
<name><![CDATA[Luton]]></name>
<active><![CDATA[1]]></active>
</state>
<state><id_state><![CDATA[665]]></id_state>
<id_country><![CDATA[17]]></id_country>
<id_zone><![CDATA[11]]></id_zone>
<iso_code><![CDATA[GB-MFT]]></iso_code>
<name><![CDATA[Magherafelt]]></name>
<active><![CDATA[1]]></active>
</state>
<state><id_state><![CDATA[666]]></id_state>
<id_country><![CDATA[17]]></id_country>
<id_zone><![CDATA[11]]></id_zone>
<iso_code><![CDATA[GB-MDW]]></iso_code>
<name><![CDATA[Medway]]></name>
<active><![CDATA[1]]></active>
</state>
<state><id_state><![CDATA[667]]></id_state>
<id_country><![CDATA[17]]></id_country>
<id_zone><![CDATA[11]]></id_zone>
<iso_code><![CDATA[GB-MTY]]></iso_code>
<name><![CDATA[Merthyr Tydfil]]></name>
<active><![CDATA[1]]></active>
</state>
<state><id_state><![CDATA[668]]></id_state>
<id_country><![CDATA[17]]></id_country>
<id_zone><![CDATA[11]]></id_zone>
<iso_code><![CDATA[GB-MRT]]></iso_code>
<name><![CDATA[Merton]]></name>
<active><![CDATA[1]]></active>
</state>
<state><id_state><![CDATA[669]]></id_state>
<id_country><![CDATA[17]]></id_country>
<id_zone><![CDATA[11]]></id_zone>
<iso_code><![CDATA[GB-MDB]]></iso_code>
<name><![CDATA[Middlesbrough]]></name>
<active><![CDATA[1]]></active>
</state>
<state><id_state><![CDATA[670]]></id_state>
<id_country><![CDATA[17]]></id_country>
<id_zone><![CDATA[11]]></id_zone>
<iso_code><![CDATA[GB-MLN]]></iso_code>
<name><![CDATA[Midlothian]]></name>
<active><![CDATA[1]]></active>
</state>
<state><id_state><![CDATA[671]]></id_state>
<id_country><![CDATA[17]]></id_country>
<id_zone><![CDATA[11]]></id_zone>
<iso_code><![CDATA[GB-MIK]]></iso_code>
<name><![CDATA[Milton Keynes]]></name>
<active><![CDATA[1]]></active>
</state>
<state><id_state><![CDATA[672]]></id_state>
<id_country><![CDATA[17]]></id_country>
<id_zone><![CDATA[11]]></id_zone>
<iso_code><![CDATA[GB-MON]]></iso_code>
<name><![CDATA[Monmouthshire]]></name>
<active><![CDATA[1]]></active>
</state>
<state><id_state><![CDATA[673]]></id_state>
<id_country><![CDATA[17]]></id_country>
<id_zone><![CDATA[11]]></id_zone>
<iso_code><![CDATA[GB-MRY]]></iso_code>
<name><![CDATA[Moray]]></name>
<active><![CDATA[1]]></active>
</state>
<state><id_state><![CDATA[674]]></id_state>
<id_country><![CDATA[17]]></id_country>
<id_zone><![CDATA[11]]></id_zone>
<iso_code><![CDATA[GB-MYL]]></iso_code>
<name><![CDATA[Moyle]]></name>
<active><![CDATA[1]]></active>
</state>
<state><id_state><![CDATA[675]]></id_state>
<id_country><![CDATA[17]]></id_country>
<id_zone><![CDATA[11]]></id_zone>
<iso_code><![CDATA[GB-NTL]]></iso_code>
<name><![CDATA[Neath Port Talbot]]></name>
<active><![CDATA[1]]></active>
</state>
<state><id_state><![CDATA[676]]></id_state>
<id_country><![CDATA[17]]></id_country>
<id_zone><![CDATA[11]]></id_zone>
<iso_code><![CDATA[GB-NET]]></iso_code>
<name><![CDATA[Newcastle upon Tyne]]></name>
<active><![CDATA[1]]></active>
</state>
<state><id_state><![CDATA[677]]></id_state>
<id_country><![CDATA[17]]></id_country>
<id_zone><![CDATA[11]]></id_zone>
<iso_code><![CDATA[GB-NWM]]></iso_code>
<name><![CDATA[Newham]]></name>
<active><![CDATA[1]]></active>
</state>
<state><id_state><![CDATA[678]]></id_state>
<id_country><![CDATA[17]]></id_country>
<id_zone><![CDATA[11]]></id_zone>
<iso_code><![CDATA[GB-NWP]]></iso_code>
<name><![CDATA[Newport]]></name>
<active><![CDATA[1]]></active>
</state>
<state><id_state><![CDATA[679]]></id_state>
<id_country><![CDATA[17]]></id_country>
<id_zone><![CDATA[11]]></id_zone>
<iso_code><![CDATA[GB-NYM]]></iso_code>
<name><![CDATA[Newry and Mourne]]></name>
<active><![CDATA[1]]></active>
</state>
<state><id_state><![CDATA[680]]></id_state>
<id_country><![CDATA[17]]></id_country>
<id_zone><![CDATA[11]]></id_zone>
<iso_code><![CDATA[GB-NTA]]></iso_code>
<name><![CDATA[Newtownabbey]]></name>
<active><![CDATA[1]]></active>
</state>
<state><id_state><![CDATA[681]]></id_state>
<id_country><![CDATA[17]]></id_country>
<id_zone><![CDATA[11]]></id_zone>
<iso_code><![CDATA[GB-NFK]]></iso_code>
<name><![CDATA[Norfolk]]></name>
<active><![CDATA[1]]></active>
</state>
<state><id_state><![CDATA[682]]></id_state>
<id_country><![CDATA[17]]></id_country>
<id_zone><![CDATA[11]]></id_zone>
<iso_code><![CDATA[GB-NAY]]></iso_code>
<name><![CDATA[North Ayrshire]]></name>
<active><![CDATA[1]]></active>
</state>
<state><id_state><![CDATA[683]]></id_state>
<id_country><![CDATA[17]]></id_country>
<id_zone><![CDATA[11]]></id_zone>
<iso_code><![CDATA[GB-NDN]]></iso_code>
<name><![CDATA[North Down]]></name>
<active><![CDATA[1]]></active>
</state>
<state><id_state><![CDATA[684]]></id_state>
<id_country><![CDATA[17]]></id_country>
<id_zone><![CDATA[11]]></id_zone>
<iso_code><![CDATA[GB-NEL]]></iso_code>
<name><![CDATA[North East Lincolnshire]]></name>
<active><![CDATA[1]]></active>
</state>
<state><id_state><![CDATA[685]]></id_state>
<id_country><![CDATA[17]]></id_country>
<id_zone><![CDATA[11]]></id_zone>
<iso_code><![CDATA[GB-NLK]]></iso_code>
<name><![CDATA[North Lanarkshire]]></name>
<active><![CDATA[1]]></active>
</state>
<state><id_state><![CDATA[686]]></id_state>
<id_country><![CDATA[17]]></id_country>
<id_zone><![CDATA[11]]></id_zone>
<iso_code><![CDATA[GB-NLN]]></iso_code>
<name><![CDATA[North Lincolnshire]]></name>
<active><![CDATA[1]]></active>
</state>
<state><id_state><![CDATA[687]]></id_state>
<id_country><![CDATA[17]]></id_country>
<id_zone><![CDATA[11]]></id_zone>
<iso_code><![CDATA[GB-NSM]]></iso_code>
<name><![CDATA[North Somerset]]></name>
<active><![CDATA[1]]></active>
</state>
<state><id_state><![CDATA[688]]></id_state>
<id_country><![CDATA[17]]></id_country>
<id_zone><![CDATA[11]]></id_zone>
<iso_code><![CDATA[GB-NTY]]></iso_code>
<name><![CDATA[North Tyneside]]></name>
<active><![CDATA[1]]></active>
</state>
<state><id_state><![CDATA[689]]></id_state>
<id_country><![CDATA[17]]></id_country>
<id_zone><![CDATA[11]]></id_zone>
<iso_code><![CDATA[GB-NYK]]></iso_code>
<name><![CDATA[North Yorkshire]]></name>
<active><![CDATA[1]]></active>
</state>
<state><id_state><![CDATA[690]]></id_state>
<id_country><![CDATA[17]]></id_country>
<id_zone><![CDATA[11]]></id_zone>
<iso_code><![CDATA[GB-NTH]]></iso_code>
<name><![CDATA[Northamptonshire]]></name>
<active><![CDATA[1]]></active>
</state>
<state><id_state><![CDATA[691]]></id_state>
<id_country><![CDATA[17]]></id_country>
<id_zone><![CDATA[11]]></id_zone>
<iso_code><![CDATA[GB-NBL]]></iso_code>
<name><![CDATA[Northumberland]]></name>
<active><![CDATA[1]]></active>
</state>
<state><id_state><![CDATA[692]]></id_state>
<id_country><![CDATA[17]]></id_country>
<id_zone><![CDATA[11]]></id_zone>
<iso_code><![CDATA[GB-NTT]]></iso_code>
<name><![CDATA[Nottinghamshire]]></name>
<active><![CDATA[1]]></active>
</state>
<state><id_state><![CDATA[693]]></id_state>
<id_country><![CDATA[17]]></id_country>
<id_zone><![CDATA[11]]></id_zone>
<iso_code><![CDATA[GB-OLD]]></iso_code>
<name><![CDATA[Oldham]]></name>
<active><![CDATA[1]]></active>
</state>
<state><id_state><![CDATA[694]]></id_state>
<id_country><![CDATA[17]]></id_country>
<id_zone><![CDATA[11]]></id_zone>
<iso_code><![CDATA[GB-OMH]]></iso_code>
<name><![CDATA[Omagh]]></name>
<active><![CDATA[1]]></active>
</state>
<state><id_state><![CDATA[695]]></id_state>
<id_country><![CDATA[17]]></id_country>
<id_zone><![CDATA[11]]></id_zone>
<iso_code><![CDATA[GB-ORK]]></iso_code>
<name><![CDATA[Orkney Islands]]></name>
<active><![CDATA[1]]></active>
</state>
<state><id_state><![CDATA[696]]></id_state>
<id_country><![CDATA[17]]></id_country>
<id_zone><![CDATA[11]]></id_zone>
<iso_code><![CDATA[GB-ELS]]></iso_code>
<name><![CDATA[Outer Hebrides]]></name>
<active><![CDATA[1]]></active>
</state>
<state><id_state><![CDATA[697]]></id_state>
<id_country><![CDATA[17]]></id_country>
<id_zone><![CDATA[11]]></id_zone>
<iso_code><![CDATA[GB-OXF]]></iso_code>
<name><![CDATA[Oxfordshire]]></name>
<active><![CDATA[1]]></active>
</state>
<state><id_state><![CDATA[698]]></id_state>
<id_country><![CDATA[17]]></id_country>
<id_zone><![CDATA[11]]></id_zone>
<iso_code><![CDATA[GB-PEM]]></iso_code>
<name><![CDATA[Pembrokeshire]]></name>
<active><![CDATA[1]]></active>
</state>
<state><id_state><![CDATA[699]]></id_state>
<id_country><![CDATA[17]]></id_country>
<id_zone><![CDATA[11]]></id_zone>
<iso_code><![CDATA[GB-PKN]]></iso_code>
<name><![CDATA[Perth and Kinross]]></name>
<active><![CDATA[1]]></active>
</state>
<state><id_state><![CDATA[700]]></id_state>
<id_country><![CDATA[17]]></id_country>
<id_zone><![CDATA[11]]></id_zone>
<iso_code><![CDATA[GB-POL]]></iso_code>
<name><![CDATA[Poole]]></name>
<active><![CDATA[1]]></active>
</state>
<state><id_state><![CDATA[701]]></id_state>
<id_country><![CDATA[17]]></id_country>
<id_zone><![CDATA[11]]></id_zone>
<iso_code><![CDATA[GB-POW]]></iso_code>
<name><![CDATA[Powys]]></name>
<active><![CDATA[1]]></active>
</state>
<state><id_state><![CDATA[702]]></id_state>
<id_country><![CDATA[17]]></id_country>
<id_zone><![CDATA[11]]></id_zone>
<iso_code><![CDATA[GB-RDG]]></iso_code>
<name><![CDATA[Reading]]></name>
<active><![CDATA[1]]></active>
</state>
<state><id_state><![CDATA[703]]></id_state>
<id_country><![CDATA[17]]></id_country>
<id_zone><![CDATA[11]]></id_zone>
<iso_code><![CDATA[GB-RDB]]></iso_code>
<name><![CDATA[Redbridge]]></name>
<active><![CDATA[1]]></active>
</state>
<state><id_state><![CDATA[704]]></id_state>
<id_country><![CDATA[17]]></id_country>
<id_zone><![CDATA[11]]></id_zone>
<iso_code><![CDATA[GB-RCC]]></iso_code>
<name><![CDATA[Redcar and Cleveland]]></name>
<active><![CDATA[1]]></active>
</state>
<state><id_state><![CDATA[705]]></id_state>
<id_country><![CDATA[17]]></id_country>
<id_zone><![CDATA[11]]></id_zone>
<iso_code><![CDATA[GB-RFW]]></iso_code>
<name><![CDATA[Renfrewshire]]></name>
<active><![CDATA[1]]></active>
</state>
<state><id_state><![CDATA[706]]></id_state>
<id_country><![CDATA[17]]></id_country>
<id_zone><![CDATA[11]]></id_zone>
<iso_code><![CDATA[GB-RCT]]></iso_code>
<name><![CDATA[Rhondda Cynon Taf]]></name>
<active><![CDATA[1]]></active>
</state>
<state><id_state><![CDATA[707]]></id_state>
<id_country><![CDATA[17]]></id_country>
<id_zone><![CDATA[11]]></id_zone>
<iso_code><![CDATA[GB-RIC]]></iso_code>
<name><![CDATA[Richmond upon Thames]]></name>
<active><![CDATA[1]]></active>
</state>
<state><id_state><![CDATA[708]]></id_state>
<id_country><![CDATA[17]]></id_country>
<id_zone><![CDATA[11]]></id_zone>
<iso_code><![CDATA[GB-RCH]]></iso_code>
<name><![CDATA[Rochdale]]></name>
<active><![CDATA[1]]></active>
</state>
<state><id_state><![CDATA[709]]></id_state>
<id_country><![CDATA[17]]></id_country>
<id_zone><![CDATA[11]]></id_zone>
<iso_code><![CDATA[GB-ROT]]></iso_code>
<name><![CDATA[Rotherham]]></name>
<active><![CDATA[1]]></active>
</state>
<state><id_state><![CDATA[710]]></id_state>
<id_country><![CDATA[17]]></id_country>
<id_zone><![CDATA[11]]></id_zone>
<iso_code><![CDATA[GB-RUT]]></iso_code>
<name><![CDATA[Rutland]]></name>
<active><![CDATA[1]]></active>
</state>
<state><id_state><![CDATA[711]]></id_state>
<id_country><![CDATA[17]]></id_country>
<id_zone><![CDATA[11]]></id_zone>
<iso_code><![CDATA[GB-SAW]]></iso_code>
<name><![CDATA[Sandwell]]></name>
<active><![CDATA[1]]></active>
</state>
<state><id_state><![CDATA[712]]></id_state>
<id_country><![CDATA[17]]></id_country>
<id_zone><![CDATA[11]]></id_zone>
<iso_code><![CDATA[GB-SCB]]></iso_code>
<name><![CDATA[Scottish Borders]]></name>
<active><![CDATA[1]]></active>
</state>
<state><id_state><![CDATA[713]]></id_state>
<id_country><![CDATA[17]]></id_country>
<id_zone><![CDATA[11]]></id_zone>
<iso_code><![CDATA[GB-SFT]]></iso_code>
<name><![CDATA[Sefton]]></name>
<active><![CDATA[1]]></active>
</state>
<state><id_state><![CDATA[714]]></id_state>
<id_country><![CDATA[17]]></id_country>
<id_zone><![CDATA[11]]></id_zone>
<iso_code><![CDATA[GB-SHF]]></iso_code>
<name><![CDATA[Sheffield]]></name>
<active><![CDATA[1]]></active>
</state>
<state><id_state><![CDATA[715]]></id_state>
<id_country><![CDATA[17]]></id_country>
<id_zone><![CDATA[11]]></id_zone>
<iso_code><![CDATA[GB-ZET]]></iso_code>
<name><![CDATA[Shetland Islands]]></name>
<active><![CDATA[1]]></active>
</state>
<state><id_state><![CDATA[716]]></id_state>
<id_country><![CDATA[17]]></id_country>
<id_zone><![CDATA[11]]></id_zone>
<iso_code><![CDATA[GB-SHR]]></iso_code>
<name><![CDATA[Shropshire]]></name>
<active><![CDATA[1]]></active>
</state>
<state><id_state><![CDATA[717]]></id_state>
<id_country><![CDATA[17]]></id_country>
<id_zone><![CDATA[11]]></id_zone>
<iso_code><![CDATA[GB-SLG]]></iso_code>
<name><![CDATA[Slough]]></name>
<active><![CDATA[1]]></active>
</state>
<state><id_state><![CDATA[718]]></id_state>
<id_country><![CDATA[17]]></id_country>
<id_zone><![CDATA[11]]></id_zone>
<iso_code><![CDATA[GB-SOL]]></iso_code>
<name><![CDATA[Solihull]]></name>
<active><![CDATA[1]]></active>
</state>
<state><id_state><![CDATA[719]]></id_state>
<id_country><![CDATA[17]]></id_country>
<id_zone><![CDATA[11]]></id_zone>
<iso_code><![CDATA[GB-SOM]]></iso_code>
<name><![CDATA[Somerset]]></name>
<active><![CDATA[1]]></active>
</state>
<state><id_state><![CDATA[720]]></id_state>
<id_country><![CDATA[17]]></id_country>
<id_zone><![CDATA[11]]></id_zone>
<iso_code><![CDATA[GB-SAY]]></iso_code>
<name><![CDATA[South Ayrshire]]></name>
<active><![CDATA[1]]></active>
</state>
<state><id_state><![CDATA[721]]></id_state>
<id_country><![CDATA[17]]></id_country>
<id_zone><![CDATA[11]]></id_zone>
<iso_code><![CDATA[GB-SGC]]></iso_code>
<name><![CDATA[South Gloucestershire]]></name>
<active><![CDATA[1]]></active>
</state>
<state><id_state><![CDATA[722]]></id_state>
<id_country><![CDATA[17]]></id_country>
<id_zone><![CDATA[11]]></id_zone>
<iso_code><![CDATA[GB-SLK]]></iso_code>
<name><![CDATA[South Lanarkshire]]></name>
<active><![CDATA[1]]></active>
</state>
<state><id_state><![CDATA[723]]></id_state>
<id_country><![CDATA[17]]></id_country>
<id_zone><![CDATA[11]]></id_zone>
<iso_code><![CDATA[GB-STY]]></iso_code>
<name><![CDATA[South Tyneside]]></name>
<active><![CDATA[1]]></active>
</state>
<state><id_state><![CDATA[724]]></id_state>
<id_country><![CDATA[17]]></id_country>
<id_zone><![CDATA[11]]></id_zone>
<iso_code><![CDATA[GB-SOS]]></iso_code>
<name><![CDATA[Southend-on-Sea]]></name>
<active><![CDATA[1]]></active>
</state>
<state><id_state><![CDATA[725]]></id_state>
<id_country><![CDATA[17]]></id_country>
<id_zone><![CDATA[11]]></id_zone>
<iso_code><![CDATA[GB-SWK]]></iso_code>
<name><![CDATA[Southwark]]></name>
<active><![CDATA[1]]></active>
</state>
<state><id_state><![CDATA[726]]></id_state>
<id_country><![CDATA[17]]></id_country>
<id_zone><![CDATA[11]]></id_zone>
<iso_code><![CDATA[GB-SHN]]></iso_code>
<name><![CDATA[St. Helens]]></name>
<active><![CDATA[1]]></active>
</state>
<state><id_state><![CDATA[727]]></id_state>
<id_country><![CDATA[17]]></id_country>
<id_zone><![CDATA[11]]></id_zone>
<iso_code><![CDATA[GB-STS]]></iso_code>
<name><![CDATA[Staffordshire]]></name>
<active><![CDATA[1]]></active>
</state>
<state><id_state><![CDATA[728]]></id_state>
<id_country><![CDATA[17]]></id_country>
<id_zone><![CDATA[11]]></id_zone>
<iso_code><![CDATA[GB-STG]]></iso_code>
<name><![CDATA[Stirling]]></name>
<active><![CDATA[1]]></active>
</state>
<state><id_state><![CDATA[729]]></id_state>
<id_country><![CDATA[17]]></id_country>
<id_zone><![CDATA[11]]></id_zone>
<iso_code><![CDATA[GB-SKP]]></iso_code>
<name><![CDATA[Stockport]]></name>
<active><![CDATA[1]]></active>
</state>
<state><id_state><![CDATA[730]]></id_state>
<id_country><![CDATA[17]]></id_country>
<id_zone><![CDATA[11]]></id_zone>
<iso_code><![CDATA[GB-STT]]></iso_code>
<name><![CDATA[Stockton-on-Tees]]></name>
<active><![CDATA[1]]></active>
</state>
<state><id_state><![CDATA[731]]></id_state>
<id_country><![CDATA[17]]></id_country>
<id_zone><![CDATA[11]]></id_zone>
<iso_code><![CDATA[GB-STB]]></iso_code>
<name><![CDATA[Strabane]]></name>
<active><![CDATA[1]]></active>
</state>
<state><id_state><![CDATA[732]]></id_state>
<id_country><![CDATA[17]]></id_country>
<id_zone><![CDATA[11]]></id_zone>
<iso_code><![CDATA[GB-SFK]]></iso_code>
<name><![CDATA[Suffolk]]></name>
<active><![CDATA[1]]></active>
</state>
<state><id_state><![CDATA[733]]></id_state>
<id_country><![CDATA[17]]></id_country>
<id_zone><![CDATA[11]]></id_zone>
<iso_code><![CDATA[GB-SND]]></iso_code>
<name><![CDATA[Sunderland]]></name>
<active><![CDATA[1]]></active>
</state>
<state><id_state><![CDATA[734]]></id_state>
<id_country><![CDATA[17]]></id_country>
<id_zone><![CDATA[11]]></id_zone>
<iso_code><![CDATA[GB-SRY]]></iso_code>
<name><![CDATA[Surrey]]></name>
<active><![CDATA[1]]></active>
</state>
<state><id_state><![CDATA[735]]></id_state>
<id_country><![CDATA[17]]></id_country>
<id_zone><![CDATA[11]]></id_zone>
<iso_code><![CDATA[GB-STN]]></iso_code>
<name><![CDATA[Sutton]]></name>
<active><![CDATA[1]]></active>
</state>
<state><id_state><![CDATA[736]]></id_state>
<id_country><![CDATA[17]]></id_country>
<id_zone><![CDATA[11]]></id_zone>
<iso_code><![CDATA[GB-SWA]]></iso_code>
<name><![CDATA[Swansea]]></name>
<active><![CDATA[1]]></active>
</state>
<state><id_state><![CDATA[737]]></id_state>
<id_country><![CDATA[17]]></id_country>
<id_zone><![CDATA[11]]></id_zone>
<iso_code><![CDATA[GB-SWD]]></iso_code>
<name><![CDATA[Swindon]]></name>
<active><![CDATA[1]]></active>
</state>
<state><id_state><![CDATA[738]]></id_state>
<id_country><![CDATA[17]]></id_country>
<id_zone><![CDATA[11]]></id_zone>
<iso_code><![CDATA[GB-TAM]]></iso_code>
<name><![CDATA[Tameside]]></name>
<active><![CDATA[1]]></active>
</state>
<state><id_state><![CDATA[739]]></id_state>
<id_country><![CDATA[17]]></id_country>
<id_zone><![CDATA[11]]></id_zone>
<iso_code><![CDATA[GB-TFW]]></iso_code>
<name><![CDATA[Telford and Wrekin]]></name>
<active><![CDATA[1]]></active>
</state>
<state><id_state><![CDATA[740]]></id_state>
<id_country><![CDATA[17]]></id_country>
<id_zone><![CDATA[11]]></id_zone>
<iso_code><![CDATA[GB-BNH]]></iso_code>
<name><![CDATA[The City of Brighton and Hove]]></name>
<active><![CDATA[1]]></active>
</state>
<state><id_state><![CDATA[741]]></id_state>
<id_country><![CDATA[17]]></id_country>
<id_zone><![CDATA[11]]></id_zone>
<iso_code><![CDATA[GB-THR]]></iso_code>
<name><![CDATA[Thurrock]]></name>
<active><![CDATA[1]]></active>
</state>
<state><id_state><![CDATA[742]]></id_state>
<id_country><![CDATA[17]]></id_country>
<id_zone><![CDATA[11]]></id_zone>
<iso_code><![CDATA[GB-TOB]]></iso_code>
<name><![CDATA[Torbay]]></name>
<active><![CDATA[1]]></active>
</state>
<state><id_state><![CDATA[743]]></id_state>
<id_country><![CDATA[17]]></id_country>
<id_zone><![CDATA[11]]></id_zone>
<iso_code><![CDATA[GB-TOF]]></iso_code>
<name><![CDATA[Torfaen]]></name>
<active><![CDATA[1]]></active>
</state>
<state><id_state><![CDATA[744]]></id_state>
<id_country><![CDATA[17]]></id_country>
<id_zone><![CDATA[11]]></id_zone>
<iso_code><![CDATA[GB-TWH]]></iso_code>
<name><![CDATA[Tower Hamlets]]></name>
<active><![CDATA[1]]></active>
</state>
<state><id_state><![CDATA[745]]></id_state>
<id_country><![CDATA[17]]></id_country>
<id_zone><![CDATA[11]]></id_zone>
<iso_code><![CDATA[GB-TRF]]></iso_code>
<name><![CDATA[Trafford]]></name>
<active><![CDATA[1]]></active>
</state>
<state><id_state><![CDATA[746]]></id_state>
<id_country><![CDATA[17]]></id_country>
<id_zone><![CDATA[11]]></id_zone>
<iso_code><![CDATA[GB-VGL]]></iso_code>
<name><![CDATA[Vale of Glamorgan]]></name>
<active><![CDATA[1]]></active>
</state>
<state><id_state><![CDATA[747]]></id_state>
<id_country><![CDATA[17]]></id_country>
<id_zone><![CDATA[11]]></id_zone>
<iso_code><![CDATA[GB-WKF]]></iso_code>
<name><![CDATA[Wakefield]]></name>
<active><![CDATA[1]]></active>
</state>
<state><id_state><![CDATA[748]]></id_state>
<id_country><![CDATA[17]]></id_country>
<id_zone><![CDATA[11]]></id_zone>
<iso_code><![CDATA[GB-WLL]]></iso_code>
<name><![CDATA[Walsall]]></name>
<active><![CDATA[1]]></active>
</state>
<state><id_state><![CDATA[749]]></id_state>
<id_country><![CDATA[17]]></id_country>
<id_zone><![CDATA[11]]></id_zone>
<iso_code><![CDATA[GB-WFT]]></iso_code>
<name><![CDATA[Waltham Forest]]></name>
<active><![CDATA[1]]></active>
</state>
<state><id_state><![CDATA[750]]></id_state>
<id_country><![CDATA[17]]></id_country>
<id_zone><![CDATA[11]]></id_zone>
<iso_code><![CDATA[GB-WND]]></iso_code>
<name><![CDATA[Wandsworth]]></name>
<active><![CDATA[1]]></active>
</state>
<state><id_state><![CDATA[751]]></id_state>
<id_country><![CDATA[17]]></id_country>
<id_zone><![CDATA[11]]></id_zone>
<iso_code><![CDATA[GB-WRT]]></iso_code>
<name><![CDATA[Warrington]]></name>
<active><![CDATA[1]]></active>
</state>
<state><id_state><![CDATA[752]]></id_state>
<id_country><![CDATA[17]]></id_country>
<id_zone><![CDATA[11]]></id_zone>
<iso_code><![CDATA[GB-WAR]]></iso_code>
<name><![CDATA[Warwickshire]]></name>
<active><![CDATA[1]]></active>
</state>
<state><id_state><![CDATA[753]]></id_state>
<id_country><![CDATA[17]]></id_country>
<id_zone><![CDATA[11]]></id_zone>
<iso_code><![CDATA[GB-WBK]]></iso_code>
<name><![CDATA[West Berkshire]]></name>
<active><![CDATA[1]]></active>
</state>
<state><id_state><![CDATA[754]]></id_state>
<id_country><![CDATA[17]]></id_country>
<id_zone><![CDATA[11]]></id_zone>
<iso_code><![CDATA[GB-WDU]]></iso_code>
<name><![CDATA[West Dunbartonshire]]></name>
<active><![CDATA[1]]></active>
</state>
<state><id_state><![CDATA[755]]></id_state>
<id_country><![CDATA[17]]></id_country>
<id_zone><![CDATA[11]]></id_zone>
<iso_code><![CDATA[GB-WLN]]></iso_code>
<name><![CDATA[West Lothian]]></name>
<active><![CDATA[1]]></active>
</state>
<state><id_state><![CDATA[756]]></id_state>
<id_country><![CDATA[17]]></id_country>
<id_zone><![CDATA[11]]></id_zone>
<iso_code><![CDATA[GB-WSX]]></iso_code>
<name><![CDATA[West Sussex]]></name>
<active><![CDATA[1]]></active>
</state>
<state><id_state><![CDATA[757]]></id_state>
<id_country><![CDATA[17]]></id_country>
<id_zone><![CDATA[11]]></id_zone>
<iso_code><![CDATA[GB-WGN]]></iso_code>
<name><![CDATA[Wigan]]></name>
<active><![CDATA[1]]></active>
</state>
<state><id_state><![CDATA[758]]></id_state>
<id_country><![CDATA[17]]></id_country>
<id_zone><![CDATA[11]]></id_zone>
<iso_code><![CDATA[GB-WIL]]></iso_code>
<name><![CDATA[Wiltshire]]></name>
<active><![CDATA[1]]></active>
</state>
<state><id_state><![CDATA[759]]></id_state>
<id_country><![CDATA[17]]></id_country>
<id_zone><![CDATA[11]]></id_zone>
<iso_code><![CDATA[GB-WNM]]></iso_code>
<name><![CDATA[Windsor and Maidenhead]]></name>
<active><![CDATA[1]]></active>
</state>
<state><id_state><![CDATA[760]]></id_state>
<id_country><![CDATA[17]]></id_country>
<id_zone><![CDATA[11]]></id_zone>
<iso_code><![CDATA[GB-WRL]]></iso_code>
<name><![CDATA[Wirral]]></name>
<active><![CDATA[1]]></active>
</state>
<state><id_state><![CDATA[761]]></id_state>
<id_country><![CDATA[17]]></id_country>
<id_zone><![CDATA[11]]></id_zone>
<iso_code><![CDATA[GB-WOK]]></iso_code>
<name><![CDATA[Wokingham]]></name>
<active><![CDATA[1]]></active>
</state>
<state><id_state><![CDATA[762]]></id_state>
<id_country><![CDATA[17]]></id_country>
<id_zone><![CDATA[11]]></id_zone>
<iso_code><![CDATA[GB-WOR]]></iso_code>
<name><![CDATA[Worcestershire]]></name>
<active><![CDATA[1]]></active>
</state>
<state><id_state><![CDATA[763]]></id_state>
<id_country><![CDATA[17]]></id_country>
<id_zone><![CDATA[11]]></id_zone>
<iso_code><![CDATA[GB-WRX]]></iso_code>
<name><![CDATA[Wrexham]]></name>
<active><![CDATA[1]]></active>
</state>
<state><id_state><![CDATA[764]]></id_state>
<id_country><![CDATA[17]]></id_country>
<id_zone><![CDATA[11]]></id_zone>
<iso_code><![CDATA[GB-YOR]]></iso_code>
<name><![CDATA[York]]></name>
<active><![CDATA[1]]></active>
</state>
<state><id_state><![CDATA[765]]></id_state>
<id_country><![CDATA[13]]></id_country>
<id_zone><![CDATA[18]]></id_zone>
<iso_code><![CDATA[NL-GR]]></iso_code>
<name><![CDATA[Groningen]]></name>
<active><![CDATA[1]]></active>
</state>
<state><id_state><![CDATA[766]]></id_state>
<id_country><![CDATA[13]]></id_country>
<id_zone><![CDATA[18]]></id_zone>
<iso_code><![CDATA[NL-FR]]></iso_code>
<name><![CDATA[Fryslân]]></name>
<active><![CDATA[1]]></active>
</state>
<state><id_state><![CDATA[767]]></id_state>
<id_country><![CDATA[13]]></id_country>
<id_zone><![CDATA[18]]></id_zone>
<iso_code><![CDATA[NL-DR]]></iso_code>
<name><![CDATA[Drenthe]]></name>
<active><![CDATA[1]]></active>
</state>
<state><id_state><![CDATA[768]]></id_state>
<id_country><![CDATA[13]]></id_country>
<id_zone><![CDATA[18]]></id_zone>
<iso_code><![CDATA[NL-OV]]></iso_code>
<name><![CDATA[Overijssel]]></name>
<active><![CDATA[1]]></active>
</state>
<state><id_state><![CDATA[769]]></id_state>
<id_country><![CDATA[13]]></id_country>
<id_zone><![CDATA[18]]></id_zone>
<iso_code><![CDATA[NL-FL]]></iso_code>
<name><![CDATA[Flevoland]]></name>
<active><![CDATA[1]]></active>
</state>
<state><id_state><![CDATA[770]]></id_state>
<id_country><![CDATA[13]]></id_country>
<id_zone><![CDATA[18]]></id_zone>
<iso_code><![CDATA[NL-GE]]></iso_code>
<name><![CDATA[Gelderland]]></name>
<active><![CDATA[1]]></active>
</state>
<state><id_state><![CDATA[771]]></id_state>
<id_country><![CDATA[13]]></id_country>
<id_zone><![CDATA[18]]></id_zone>
<iso_code><![CDATA[NL-UT]]></iso_code>
<name><![CDATA[Utrecht]]></name>
<active><![CDATA[1]]></active>
</state>
<state><id_state><![CDATA[772]]></id_state>
<id_country><![CDATA[13]]></id_country>
<id_zone><![CDATA[18]]></id_zone>
<iso_code><![CDATA[NL-NH]]></iso_code>
<name><![CDATA[Noord-Holland]]></name>
<active><![CDATA[1]]></active>
</state>
<state><id_state><![CDATA[773]]></id_state>
<id_country><![CDATA[13]]></id_country>
<id_zone><![CDATA[18]]></id_zone>
<iso_code><![CDATA[NL-ZH]]></iso_code>
<name><![CDATA[Zuid-Holland]]></name>
<active><![CDATA[1]]></active>
</state>
<state><id_state><![CDATA[774]]></id_state>
<id_country><![CDATA[13]]></id_country>
<id_zone><![CDATA[18]]></id_zone>
<iso_code><![CDATA[NL-ZE]]></iso_code>
<name><![CDATA[Zeeland]]></name>
<active><![CDATA[1]]></active>
</state>
<state><id_state><![CDATA[775]]></id_state>
<id_country><![CDATA[13]]></id_country>
<id_zone><![CDATA[18]]></id_zone>
<iso_code><![CDATA[NL-NB]]></iso_code>
<name><![CDATA[Noord-Brabant]]></name>
<active><![CDATA[1]]></active>
</state>
<state><id_state><![CDATA[776]]></id_state>
<id_country><![CDATA[13]]></id_country>
<id_zone><![CDATA[18]]></id_zone>
<iso_code><![CDATA[NL-LI]]></iso_code>
<name><![CDATA[Limburg]]></name>
<active><![CDATA[1]]></active>
</state>
<state><id_state><![CDATA[777]]></id_state>
<id_country><![CDATA[3]]></id_country>
<id_zone><![CDATA[17]]></id_zone>
<iso_code><![CDATA[BE-VAN]]></iso_code>
<name><![CDATA[Amberes]]></name>
<active><![CDATA[1]]></active>
</state>
<state><id_state><![CDATA[778]]></id_state>
<id_country><![CDATA[3]]></id_country>
<id_zone><![CDATA[17]]></id_zone>
<iso_code><![CDATA[BE-VLI]]></iso_code>
<name><![CDATA[Limburgo]]></name>
<active><![CDATA[1]]></active>
</state>
<state><id_state><![CDATA[779]]></id_state>
<id_country><![CDATA[3]]></id_country>
<id_zone><![CDATA[17]]></id_zone>
<iso_code><![CDATA[BE-VBR]]></iso_code>
<name><![CDATA[Brabante Flamenco]]></name>
<active><![CDATA[1]]></active>
</state>
<state><id_state><![CDATA[780]]></id_state>
<id_country><![CDATA[3]]></id_country>
<id_zone><![CDATA[17]]></id_zone>
<iso_code><![CDATA[BE-VOV]]></iso_code>
<name><![CDATA[Flandes Oriental]]></name>
<active><![CDATA[1]]></active>
</state>
<state><id_state><![CDATA[781]]></id_state>
<id_country><![CDATA[3]]></id_country>
<id_zone><![CDATA[17]]></id_zone>
<iso_code><![CDATA[BE-VWV]]></iso_code>
<name><![CDATA[Flandes Occidental]]></name>
<active><![CDATA[1]]></active>
</state>
<state><id_state><![CDATA[782]]></id_state>
<id_country><![CDATA[3]]></id_country>
<id_zone><![CDATA[17]]></id_zone>
<iso_code><![CDATA[BE-WHT]]></iso_code>
<name><![CDATA[Henao]]></name>
<active><![CDATA[1]]></active>
</state>
<state><id_state><![CDATA[783]]></id_state>
<id_country><![CDATA[3]]></id_country>
<id_zone><![CDATA[17]]></id_zone>
<iso_code><![CDATA[BE-WBR]]></iso_code>
<name><![CDATA[Brabante Valon]]></name>
<active><![CDATA[1]]></active>
</state>
<state><id_state><![CDATA[784]]></id_state>
<id_country><![CDATA[3]]></id_country>
<id_zone><![CDATA[17]]></id_zone>
<iso_code><![CDATA[BE-WLG]]></iso_code>
<name><![CDATA[Lieja]]></name>
<active><![CDATA[1]]></active>
</state>
<state><id_state><![CDATA[785]]></id_state>
<id_country><![CDATA[3]]></id_country>
<id_zone><![CDATA[17]]></id_zone>
<iso_code><![CDATA[BE-WLX]]></iso_code>
<name><![CDATA[Luxemburgo]]></name>
<active><![CDATA[1]]></active>
</state>
<state><id_state><![CDATA[786]]></id_state>
<id_country><![CDATA[3]]></id_country>
<id_zone><![CDATA[17]]></id_zone>
<iso_code><![CDATA[BE-BRU]]></iso_code>
<name><![CDATA[Bruselas Capital]]></name>
<active><![CDATA[1]]></active>
</state>
<state><id_state><![CDATA[787]]></id_state>
<id_country><![CDATA[2]]></id_country>
<id_zone><![CDATA[19]]></id_zone>
<iso_code><![CDATA[AT-1]]></iso_code>
<name><![CDATA[Burgenland]]></name>
<active><![CDATA[1]]></active>
</state>
<state><id_state><![CDATA[788]]></id_state>
<id_country><![CDATA[2]]></id_country>
<id_zone><![CDATA[19]]></id_zone>
<iso_code><![CDATA[AT-2]]></iso_code>
<name><![CDATA[kärnten]]></name>
<active><![CDATA[1]]></active>
</state>
<state><id_state><![CDATA[789]]></id_state>
<id_country><![CDATA[2]]></id_country>
<id_zone><![CDATA[19]]></id_zone>
<iso_code><![CDATA[AT-3]]></iso_code>
<name><![CDATA[Niederˆsterreich]]></name>
<active><![CDATA[1]]></active>
</state>
<state><id_state><![CDATA[790]]></id_state>
<id_country><![CDATA[2]]></id_country>
<id_zone><![CDATA[19]]></id_zone>
<iso_code><![CDATA[AT-4]]></iso_code>
<name><![CDATA[Oberˆsterreich]]></name>
<active><![CDATA[1]]></active>
</state>
<state><id_state><![CDATA[791]]></id_state>
<id_country><![CDATA[2]]></id_country>
<id_zone><![CDATA[19]]></id_zone>
<iso_code><![CDATA[AT-5]]></iso_code>
<name><![CDATA[Salzburg]]></name>
<active><![CDATA[1]]></active>
</state>
<state><id_state><![CDATA[792]]></id_state>
<id_country><![CDATA[2]]></id_country>
<id_zone><![CDATA[19]]></id_zone>
<iso_code><![CDATA[AT-6]]></iso_code>
<name><![CDATA[Steiermark]]></name>
<active><![CDATA[1]]></active>
</state>
<state><id_state><![CDATA[793]]></id_state>
<id_country><![CDATA[2]]></id_country>
<id_zone><![CDATA[19]]></id_zone>
<iso_code><![CDATA[AT-7]]></iso_code>
<name><![CDATA[Tirol]]></name>
<active><![CDATA[1]]></active>
</state>
<state><id_state><![CDATA[794]]></id_state>
<id_country><![CDATA[2]]></id_country>
<id_zone><![CDATA[19]]></id_zone>
<iso_code><![CDATA[AT-8]]></iso_code>
<name><![CDATA[Vorarlberg]]></name>
<active><![CDATA[1]]></active>
</state>
<state><id_state><![CDATA[795]]></id_state>
<id_country><![CDATA[2]]></id_country>
<id_zone><![CDATA[19]]></id_zone>
<iso_code><![CDATA[AT-9]]></iso_code>
<name><![CDATA[Wien]]></name>
<active><![CDATA[1]]></active>
</state>
<state><id_state><![CDATA[796]]></id_state>
<id_country><![CDATA[14]]></id_country>
<id_zone><![CDATA[20]]></id_zone>
<iso_code><![CDATA[ZP]]></iso_code>
<name><![CDATA[Zachodniopomorskie]]></name>
<active><![CDATA[1]]></active>
</state>
<state><id_state><![CDATA[797]]></id_state>
<id_country><![CDATA[14]]></id_country>
<id_zone><![CDATA[20]]></id_zone>
<iso_code><![CDATA[PM]]></iso_code>
<name><![CDATA[Pomorskie]]></name>
<active><![CDATA[1]]></active>
</state>
<state><id_state><![CDATA[798]]></id_state>
<id_country><![CDATA[14]]></id_country>
<id_zone><![CDATA[20]]></id_zone>
<iso_code><![CDATA[LB]]></iso_code>
<name><![CDATA[Lubuskie]]></name>
<active><![CDATA[1]]></active>
</state>
<state><id_state><![CDATA[799]]></id_state>
<id_country><![CDATA[14]]></id_country>
<id_zone><![CDATA[20]]></id_zone>
<iso_code><![CDATA[DS]]></iso_code>
<name><![CDATA[Dolnośląskie]]></name>
<active><![CDATA[1]]></active>
</state>
<state><id_state><![CDATA[800]]></id_state>
<id_country><![CDATA[14]]></id_country>
<id_zone><![CDATA[20]]></id_zone>
<iso_code><![CDATA[OP]]></iso_code>
<name><![CDATA[Opolskie]]></name>
<active><![CDATA[1]]></active>
</state>
<state><id_state><![CDATA[801]]></id_state>
<id_country><![CDATA[14]]></id_country>
<id_zone><![CDATA[20]]></id_zone>
<iso_code><![CDATA[SL]]></iso_code>
<name><![CDATA[Sląskie]]></name>
<active><![CDATA[1]]></active>
</state>
<state><id_state><![CDATA[802]]></id_state>
<id_country><![CDATA[14]]></id_country>
<id_zone><![CDATA[20]]></id_zone>
<iso_code><![CDATA[WP]]></iso_code>
<name><![CDATA[Wielkopolskie]]></name>
<active><![CDATA[1]]></active>
</state>
<state><id_state><![CDATA[803]]></id_state>
<id_country><![CDATA[14]]></id_country>
<id_zone><![CDATA[20]]></id_zone>
<iso_code><![CDATA[KP]]></iso_code>
<name><![CDATA[Kujawsko-Pomorskie]]></name>
<active><![CDATA[1]]></active>
</state>
<state><id_state><![CDATA[804]]></id_state>
<id_country><![CDATA[14]]></id_country>
<id_zone><![CDATA[20]]></id_zone>
<iso_code><![CDATA[LD]]></iso_code>
<name><![CDATA[Łódzkie]]></name>
<active><![CDATA[1]]></active>
</state>
<state><id_state><![CDATA[805]]></id_state>
<id_country><![CDATA[14]]></id_country>
<id_zone><![CDATA[20]]></id_zone>
<iso_code><![CDATA[WM]]></iso_code>
<name><![CDATA[Warmińsko-Mazurskie]]></name>
<active><![CDATA[1]]></active>
</state>
<state><id_state><![CDATA[806]]></id_state>
<id_country><![CDATA[14]]></id_country>
<id_zone><![CDATA[20]]></id_zone>
<iso_code><![CDATA[MZ]]></iso_code>
<name><![CDATA[Mazowieckie]]></name>
<active><![CDATA[1]]></active>
</state>
<state><id_state><![CDATA[807]]></id_state>
<id_country><![CDATA[14]]></id_country>
<id_zone><![CDATA[20]]></id_zone>
<iso_code><![CDATA[PD]]></iso_code>
<name><![CDATA[Podlaskie]]></name>
<active><![CDATA[1]]></active>
</state>
<state><id_state><![CDATA[808]]></id_state>
<id_country><![CDATA[14]]></id_country>
<id_zone><![CDATA[20]]></id_zone>
<iso_code><![CDATA[SK]]></iso_code>
<name><![CDATA[Swiętokrzyskie]]></name>
<active><![CDATA[1]]></active>
</state>
<state><id_state><![CDATA[809]]></id_state>
<id_country><![CDATA[14]]></id_country>
<id_zone><![CDATA[20]]></id_zone>
<iso_code><![CDATA[LU]]></iso_code>
<name><![CDATA[Lubelskie]]></name>
<active><![CDATA[1]]></active>
</state>
<state><id_state><![CDATA[810]]></id_state>
<id_country><![CDATA[14]]></id_country>
<id_zone><![CDATA[20]]></id_zone>
<iso_code><![CDATA[MA]]></iso_code>
<name><![CDATA[Małopolskie]]></name>
<active><![CDATA[1]]></active>
</state>
<state><id_state><![CDATA[811]]></id_state>
<id_country><![CDATA[14]]></id_country>
<id_zone><![CDATA[20]]></id_zone>
<iso_code><![CDATA[PK]]></iso_code>
<name><![CDATA[Podkarpackie]]></name>
<active><![CDATA[1]]></active>
</state>
<state><id_state><![CDATA[812]]></id_state>
<id_country><![CDATA[12]]></id_country>
<id_zone><![CDATA[21]]></id_zone>
<iso_code><![CDATA[LU-CA]]></iso_code>
<name><![CDATA[Capellen]]></name>
<active><![CDATA[1]]></active>
</state>
<state><id_state><![CDATA[813]]></id_state>
<id_country><![CDATA[12]]></id_country>
<id_zone><![CDATA[21]]></id_zone>
<iso_code><![CDATA[LU-CL]]></iso_code>
<name><![CDATA[Clervaux]]></name>
<active><![CDATA[1]]></active>
</state>
<state><id_state><![CDATA[814]]></id_state>
<id_country><![CDATA[12]]></id_country>
<id_zone><![CDATA[21]]></id_zone>
<iso_code><![CDATA[LU-DI]]></iso_code>
<name><![CDATA[Diekirch]]></name>
<active><![CDATA[1]]></active>
</state>
<state><id_state><![CDATA[815]]></id_state>
<id_country><![CDATA[12]]></id_country>
<id_zone><![CDATA[21]]></id_zone>
<iso_code><![CDATA[LU-EC]]></iso_code>
<name><![CDATA[Echternach]]></name>
<active><![CDATA[1]]></active>
</state>
<state><id_state><![CDATA[816]]></id_state>
<id_country><![CDATA[12]]></id_country>
<id_zone><![CDATA[21]]></id_zone>
<iso_code><![CDATA[LU-ES]]></iso_code>
<name><![CDATA[Esch-sur-Alzette]]></name>
<active><![CDATA[1]]></active>
</state>
<state><id_state><![CDATA[817]]></id_state>
<id_country><![CDATA[12]]></id_country>
<id_zone><![CDATA[21]]></id_zone>
<iso_code><![CDATA[LU-GR]]></iso_code>
<name><![CDATA[Grevenmacher]]></name>
<active><![CDATA[1]]></active>
</state>
<state><id_state><![CDATA[818]]></id_state>
<id_country><![CDATA[12]]></id_country>
<id_zone><![CDATA[21]]></id_zone>
<iso_code><![CDATA[LU-LU]]></iso_code>
<name><![CDATA[Luxembourg]]></name>
<active><![CDATA[1]]></active>
</state>
<state><id_state><![CDATA[819]]></id_state>
<id_country><![CDATA[12]]></id_country>
<id_zone><![CDATA[21]]></id_zone>
<iso_code><![CDATA[LU-ME]]></iso_code>
<name><![CDATA[Mersch]]></name>
<active><![CDATA[1]]></active>
</state>
<state><id_state><![CDATA[820]]></id_state>
<id_country><![CDATA[12]]></id_country>
<id_zone><![CDATA[21]]></id_zone>
<iso_code><![CDATA[LU-RD]]></iso_code>
<name><![CDATA[Redange]]></name>
<active><![CDATA[1]]></active>
</state>
<state><id_state><![CDATA[821]]></id_state>
<id_country><![CDATA[12]]></id_country>
<id_zone><![CDATA[21]]></id_zone>
<iso_code><![CDATA[LU-RM]]></iso_code>
<name><![CDATA[Remich]]></name>
<active><![CDATA[1]]></active>
</state>
<state><id_state><![CDATA[822]]></id_state>
<id_country><![CDATA[12]]></id_country>
<id_zone><![CDATA[21]]></id_zone>
<iso_code><![CDATA[LU-VD]]></iso_code>
<name><![CDATA[Vianden]]></name>
<active><![CDATA[1]]></active>
</state>
<state><id_state><![CDATA[823]]></id_state>
<id_country><![CDATA[12]]></id_country>
<id_zone><![CDATA[21]]></id_zone>
<iso_code><![CDATA[LU-WI]]></iso_code>
<name><![CDATA[Wiltz]]></name>
<active><![CDATA[1]]></active>
</state>
</entity_profile>
