<?xml version="1.0" encoding="UTF-8"?>
<entity_profile>
<zone><id_zone><![CDATA[1]]></id_zone>
<name><![CDATA[Europe]]></name>
<active><![CDATA[0]]></active>
<datashop id_shop="1"></datashop>
</zone>
<zone><id_zone><![CDATA[2]]></id_zone>
<name><![CDATA[North America]]></name>
<active><![CDATA[0]]></active>
<datashop id_shop="1"></datashop>
</zone>
<zone><id_zone><![CDATA[3]]></id_zone>
<name><![CDATA[Asia]]></name>
<active><![CDATA[0]]></active>
<datashop id_shop="1"></datashop>
</zone>
<zone><id_zone><![CDATA[4]]></id_zone>
<name><![CDATA[Africa]]></name>
<active><![CDATA[0]]></active>
<datashop id_shop="1"></datashop>
</zone>
<zone><id_zone><![CDATA[5]]></id_zone>
<name><![CDATA[Oceania]]></name>
<active><![CDATA[0]]></active>
<datashop id_shop="1"></datashop>
</zone>
<zone><id_zone><![CDATA[6]]></id_zone>
<name><![CDATA[South America]]></name>
<active><![CDATA[0]]></active>
<datashop id_shop="1"></datashop>
</zone>
<zone><id_zone><![CDATA[7]]></id_zone>
<name><![CDATA[Europe (non-EU)]]></name>
<active><![CDATA[0]]></active>
<datashop id_shop="1"></datashop>
</zone>
<zone><id_zone><![CDATA[8]]></id_zone>
<name><![CDATA[Central America/Antilla]]></name>
<active><![CDATA[0]]></active>
<datashop id_shop="1"></datashop>
</zone>
<zone><id_zone><![CDATA[9]]></id_zone>
<name><![CDATA[España (Península) ]]></name>
<active><![CDATA[1]]></active>
<datashop id_shop="1"></datashop>
</zone>
<zone><id_zone><![CDATA[10]]></id_zone>
<name><![CDATA[España (Canarias)]]></name>
<active><![CDATA[0]]></active>
<datashop id_shop="1"></datashop>
</zone>
<zone><id_zone><![CDATA[11]]></id_zone>
<name><![CDATA[Reino Unido]]></name>
<active><![CDATA[1]]></active>
<datashop id_shop="1"></datashop>
</zone>
<zone><id_zone><![CDATA[12]]></id_zone>
<name><![CDATA[Francia]]></name>
<active><![CDATA[1]]></active>
<datashop id_shop="1"></datashop>
</zone>
<zone><id_zone><![CDATA[13]]></id_zone>
<name><![CDATA[Italia]]></name>
<active><![CDATA[1]]></active>
<datashop id_shop="1"></datashop>
</zone>
<zone><id_zone><![CDATA[14]]></id_zone>
<name><![CDATA[Alemania]]></name>
<active><![CDATA[1]]></active>
<datashop id_shop="1"></datashop>
</zone>
<zone><id_zone><![CDATA[15]]></id_zone>
<name><![CDATA[España (Baleares)]]></name>
<active><![CDATA[1]]></active>
<datashop id_shop="1"></datashop>
</zone>
<zone><id_zone><![CDATA[16]]></id_zone>
<name><![CDATA[Portugal]]></name>
<active><![CDATA[1]]></active>
<datashop id_shop="1"></datashop>
</zone>
<zone><id_zone><![CDATA[17]]></id_zone>
<name><![CDATA[Bélgica ]]></name>
<active><![CDATA[1]]></active>
<datashop id_shop="1"></datashop>
</zone>
<zone><id_zone><![CDATA[18]]></id_zone>
<name><![CDATA[Holanda]]></name>
<active><![CDATA[1]]></active>
<datashop id_shop="1"></datashop>
</zone>
<zone><id_zone><![CDATA[19]]></id_zone>
<name><![CDATA[Austria]]></name>
<active><![CDATA[1]]></active>
<datashop id_shop="1"></datashop>
</zone>
<zone><id_zone><![CDATA[20]]></id_zone>
<name><![CDATA[Poland]]></name>
<active><![CDATA[1]]></active>
<datashop id_shop="1"></datashop>
</zone>
<zone><id_zone><![CDATA[21]]></id_zone>
<name><![CDATA[Luxemburgo]]></name>
<active><![CDATA[1]]></active>
<datashop id_shop="1"></datashop>
</zone>
</entity_profile>
