<?xml version="1.0" encoding="UTF-8"?>
<entity_profile>
<carrier_zone><id_carrier><![CDATA[130]]></id_carrier>
<id_zone><![CDATA[10]]></id_zone>
</carrier_zone>
<carrier_zone><id_carrier><![CDATA[131]]></id_carrier>
<id_zone><![CDATA[10]]></id_zone>
</carrier_zone>
<carrier_zone><id_carrier><![CDATA[132]]></id_carrier>
<id_zone><![CDATA[10]]></id_zone>
</carrier_zone>
<carrier_zone><id_carrier><![CDATA[133]]></id_carrier>
<id_zone><![CDATA[10]]></id_zone>
</carrier_zone>
<carrier_zone><id_carrier><![CDATA[134]]></id_carrier>
<id_zone><![CDATA[10]]></id_zone>
</carrier_zone>
<carrier_zone><id_carrier><![CDATA[135]]></id_carrier>
<id_zone><![CDATA[10]]></id_zone>
</carrier_zone>
<carrier_zone><id_carrier><![CDATA[136]]></id_carrier>
<id_zone><![CDATA[10]]></id_zone>
</carrier_zone>
<carrier_zone><id_carrier><![CDATA[137]]></id_carrier>
<id_zone><![CDATA[10]]></id_zone>
</carrier_zone>
<carrier_zone><id_carrier><![CDATA[138]]></id_carrier>
<id_zone><![CDATA[10]]></id_zone>
</carrier_zone>
<carrier_zone><id_carrier><![CDATA[139]]></id_carrier>
<id_zone><![CDATA[10]]></id_zone>
</carrier_zone>
<carrier_zone><id_carrier><![CDATA[140]]></id_carrier>
<id_zone><![CDATA[10]]></id_zone>
</carrier_zone>
<carrier_zone><id_carrier><![CDATA[141]]></id_carrier>
<id_zone><![CDATA[10]]></id_zone>
</carrier_zone>
<carrier_zone><id_carrier><![CDATA[142]]></id_carrier>
<id_zone><![CDATA[10]]></id_zone>
</carrier_zone>
<carrier_zone><id_carrier><![CDATA[143]]></id_carrier>
<id_zone><![CDATA[10]]></id_zone>
</carrier_zone>
<carrier_zone><id_carrier><![CDATA[144]]></id_carrier>
<id_zone><![CDATA[10]]></id_zone>
</carrier_zone>
<carrier_zone><id_carrier><![CDATA[145]]></id_carrier>
<id_zone><![CDATA[10]]></id_zone>
</carrier_zone>
<carrier_zone><id_carrier><![CDATA[146]]></id_carrier>
<id_zone><![CDATA[10]]></id_zone>
</carrier_zone>
<carrier_zone><id_carrier><![CDATA[147]]></id_carrier>
<id_zone><![CDATA[10]]></id_zone>
</carrier_zone>
<carrier_zone><id_carrier><![CDATA[148]]></id_carrier>
<id_zone><![CDATA[10]]></id_zone>
</carrier_zone>
<carrier_zone><id_carrier><![CDATA[149]]></id_carrier>
<id_zone><![CDATA[10]]></id_zone>
</carrier_zone>
<carrier_zone><id_carrier><![CDATA[150]]></id_carrier>
<id_zone><![CDATA[10]]></id_zone>
</carrier_zone>
<carrier_zone><id_carrier><![CDATA[151]]></id_carrier>
<id_zone><![CDATA[10]]></id_zone>
</carrier_zone>
<carrier_zone><id_carrier><![CDATA[152]]></id_carrier>
<id_zone><![CDATA[10]]></id_zone>
</carrier_zone>
<carrier_zone><id_carrier><![CDATA[153]]></id_carrier>
<id_zone><![CDATA[10]]></id_zone>
</carrier_zone>
<carrier_zone><id_carrier><![CDATA[154]]></id_carrier>
<id_zone><![CDATA[10]]></id_zone>
</carrier_zone>
<carrier_zone><id_carrier><![CDATA[155]]></id_carrier>
<id_zone><![CDATA[10]]></id_zone>
</carrier_zone>
<carrier_zone><id_carrier><![CDATA[156]]></id_carrier>
<id_zone><![CDATA[10]]></id_zone>
</carrier_zone>
<carrier_zone><id_carrier><![CDATA[157]]></id_carrier>
<id_zone><![CDATA[10]]></id_zone>
</carrier_zone>
<carrier_zone><id_carrier><![CDATA[158]]></id_carrier>
<id_zone><![CDATA[10]]></id_zone>
</carrier_zone>
<carrier_zone><id_carrier><![CDATA[159]]></id_carrier>
<id_zone><![CDATA[10]]></id_zone>
</carrier_zone>
<carrier_zone><id_carrier><![CDATA[160]]></id_carrier>
<id_zone><![CDATA[10]]></id_zone>
</carrier_zone>
<carrier_zone><id_carrier><![CDATA[161]]></id_carrier>
<id_zone><![CDATA[10]]></id_zone>
</carrier_zone>
<carrier_zone><id_carrier><![CDATA[162]]></id_carrier>
<id_zone><![CDATA[10]]></id_zone>
</carrier_zone>
<carrier_zone><id_carrier><![CDATA[163]]></id_carrier>
<id_zone><![CDATA[10]]></id_zone>
</carrier_zone>
<carrier_zone><id_carrier><![CDATA[164]]></id_carrier>
<id_zone><![CDATA[10]]></id_zone>
</carrier_zone>
<carrier_zone><id_carrier><![CDATA[165]]></id_carrier>
<id_zone><![CDATA[10]]></id_zone>
</carrier_zone>
<carrier_zone><id_carrier><![CDATA[166]]></id_carrier>
<id_zone><![CDATA[10]]></id_zone>
</carrier_zone>
<carrier_zone><id_carrier><![CDATA[167]]></id_carrier>
<id_zone><![CDATA[10]]></id_zone>
</carrier_zone>
<carrier_zone><id_carrier><![CDATA[168]]></id_carrier>
<id_zone><![CDATA[10]]></id_zone>
</carrier_zone>
<carrier_zone><id_carrier><![CDATA[169]]></id_carrier>
<id_zone><![CDATA[10]]></id_zone>
</carrier_zone>
<carrier_zone><id_carrier><![CDATA[170]]></id_carrier>
<id_zone><![CDATA[1]]></id_zone>
</carrier_zone>
<carrier_zone><id_carrier><![CDATA[170]]></id_carrier>
<id_zone><![CDATA[2]]></id_zone>
</carrier_zone>
<carrier_zone><id_carrier><![CDATA[170]]></id_carrier>
<id_zone><![CDATA[3]]></id_zone>
</carrier_zone>
<carrier_zone><id_carrier><![CDATA[170]]></id_carrier>
<id_zone><![CDATA[4]]></id_zone>
</carrier_zone>
<carrier_zone><id_carrier><![CDATA[170]]></id_carrier>
<id_zone><![CDATA[5]]></id_zone>
</carrier_zone>
<carrier_zone><id_carrier><![CDATA[170]]></id_carrier>
<id_zone><![CDATA[6]]></id_zone>
</carrier_zone>
<carrier_zone><id_carrier><![CDATA[170]]></id_carrier>
<id_zone><![CDATA[7]]></id_zone>
</carrier_zone>
<carrier_zone><id_carrier><![CDATA[170]]></id_carrier>
<id_zone><![CDATA[8]]></id_zone>
</carrier_zone>
<carrier_zone><id_carrier><![CDATA[170]]></id_carrier>
<id_zone><![CDATA[9]]></id_zone>
</carrier_zone>
<carrier_zone><id_carrier><![CDATA[170]]></id_carrier>
<id_zone><![CDATA[10]]></id_zone>
</carrier_zone>
<carrier_zone><id_carrier><![CDATA[170]]></id_carrier>
<id_zone><![CDATA[11]]></id_zone>
</carrier_zone>
<carrier_zone><id_carrier><![CDATA[171]]></id_carrier>
<id_zone><![CDATA[1]]></id_zone>
</carrier_zone>
<carrier_zone><id_carrier><![CDATA[171]]></id_carrier>
<id_zone><![CDATA[2]]></id_zone>
</carrier_zone>
<carrier_zone><id_carrier><![CDATA[171]]></id_carrier>
<id_zone><![CDATA[3]]></id_zone>
</carrier_zone>
<carrier_zone><id_carrier><![CDATA[171]]></id_carrier>
<id_zone><![CDATA[4]]></id_zone>
</carrier_zone>
<carrier_zone><id_carrier><![CDATA[171]]></id_carrier>
<id_zone><![CDATA[5]]></id_zone>
</carrier_zone>
<carrier_zone><id_carrier><![CDATA[171]]></id_carrier>
<id_zone><![CDATA[6]]></id_zone>
</carrier_zone>
<carrier_zone><id_carrier><![CDATA[171]]></id_carrier>
<id_zone><![CDATA[7]]></id_zone>
</carrier_zone>
<carrier_zone><id_carrier><![CDATA[171]]></id_carrier>
<id_zone><![CDATA[8]]></id_zone>
</carrier_zone>
<carrier_zone><id_carrier><![CDATA[171]]></id_carrier>
<id_zone><![CDATA[9]]></id_zone>
</carrier_zone>
<carrier_zone><id_carrier><![CDATA[171]]></id_carrier>
<id_zone><![CDATA[10]]></id_zone>
</carrier_zone>
<carrier_zone><id_carrier><![CDATA[171]]></id_carrier>
<id_zone><![CDATA[11]]></id_zone>
</carrier_zone>
<carrier_zone><id_carrier><![CDATA[172]]></id_carrier>
<id_zone><![CDATA[10]]></id_zone>
</carrier_zone>
<carrier_zone><id_carrier><![CDATA[173]]></id_carrier>
<id_zone><![CDATA[1]]></id_zone>
</carrier_zone>
<carrier_zone><id_carrier><![CDATA[173]]></id_carrier>
<id_zone><![CDATA[2]]></id_zone>
</carrier_zone>
<carrier_zone><id_carrier><![CDATA[173]]></id_carrier>
<id_zone><![CDATA[3]]></id_zone>
</carrier_zone>
<carrier_zone><id_carrier><![CDATA[173]]></id_carrier>
<id_zone><![CDATA[4]]></id_zone>
</carrier_zone>
<carrier_zone><id_carrier><![CDATA[173]]></id_carrier>
<id_zone><![CDATA[5]]></id_zone>
</carrier_zone>
<carrier_zone><id_carrier><![CDATA[173]]></id_carrier>
<id_zone><![CDATA[6]]></id_zone>
</carrier_zone>
<carrier_zone><id_carrier><![CDATA[173]]></id_carrier>
<id_zone><![CDATA[7]]></id_zone>
</carrier_zone>
<carrier_zone><id_carrier><![CDATA[173]]></id_carrier>
<id_zone><![CDATA[8]]></id_zone>
</carrier_zone>
<carrier_zone><id_carrier><![CDATA[173]]></id_carrier>
<id_zone><![CDATA[9]]></id_zone>
</carrier_zone>
<carrier_zone><id_carrier><![CDATA[173]]></id_carrier>
<id_zone><![CDATA[10]]></id_zone>
</carrier_zone>
<carrier_zone><id_carrier><![CDATA[173]]></id_carrier>
<id_zone><![CDATA[11]]></id_zone>
</carrier_zone>
<carrier_zone><id_carrier><![CDATA[174]]></id_carrier>
<id_zone><![CDATA[1]]></id_zone>
</carrier_zone>
<carrier_zone><id_carrier><![CDATA[174]]></id_carrier>
<id_zone><![CDATA[2]]></id_zone>
</carrier_zone>
<carrier_zone><id_carrier><![CDATA[174]]></id_carrier>
<id_zone><![CDATA[3]]></id_zone>
</carrier_zone>
<carrier_zone><id_carrier><![CDATA[174]]></id_carrier>
<id_zone><![CDATA[4]]></id_zone>
</carrier_zone>
<carrier_zone><id_carrier><![CDATA[174]]></id_carrier>
<id_zone><![CDATA[5]]></id_zone>
</carrier_zone>
<carrier_zone><id_carrier><![CDATA[174]]></id_carrier>
<id_zone><![CDATA[6]]></id_zone>
</carrier_zone>
<carrier_zone><id_carrier><![CDATA[174]]></id_carrier>
<id_zone><![CDATA[7]]></id_zone>
</carrier_zone>
<carrier_zone><id_carrier><![CDATA[174]]></id_carrier>
<id_zone><![CDATA[8]]></id_zone>
</carrier_zone>
<carrier_zone><id_carrier><![CDATA[174]]></id_carrier>
<id_zone><![CDATA[9]]></id_zone>
</carrier_zone>
<carrier_zone><id_carrier><![CDATA[174]]></id_carrier>
<id_zone><![CDATA[10]]></id_zone>
</carrier_zone>
<carrier_zone><id_carrier><![CDATA[174]]></id_carrier>
<id_zone><![CDATA[11]]></id_zone>
</carrier_zone>
<carrier_zone><id_carrier><![CDATA[175]]></id_carrier>
<id_zone><![CDATA[1]]></id_zone>
</carrier_zone>
<carrier_zone><id_carrier><![CDATA[175]]></id_carrier>
<id_zone><![CDATA[2]]></id_zone>
</carrier_zone>
<carrier_zone><id_carrier><![CDATA[175]]></id_carrier>
<id_zone><![CDATA[3]]></id_zone>
</carrier_zone>
<carrier_zone><id_carrier><![CDATA[175]]></id_carrier>
<id_zone><![CDATA[4]]></id_zone>
</carrier_zone>
<carrier_zone><id_carrier><![CDATA[175]]></id_carrier>
<id_zone><![CDATA[5]]></id_zone>
</carrier_zone>
<carrier_zone><id_carrier><![CDATA[175]]></id_carrier>
<id_zone><![CDATA[6]]></id_zone>
</carrier_zone>
<carrier_zone><id_carrier><![CDATA[175]]></id_carrier>
<id_zone><![CDATA[7]]></id_zone>
</carrier_zone>
<carrier_zone><id_carrier><![CDATA[175]]></id_carrier>
<id_zone><![CDATA[8]]></id_zone>
</carrier_zone>
<carrier_zone><id_carrier><![CDATA[175]]></id_carrier>
<id_zone><![CDATA[9]]></id_zone>
</carrier_zone>
<carrier_zone><id_carrier><![CDATA[175]]></id_carrier>
<id_zone><![CDATA[10]]></id_zone>
</carrier_zone>
<carrier_zone><id_carrier><![CDATA[175]]></id_carrier>
<id_zone><![CDATA[11]]></id_zone>
</carrier_zone>
<carrier_zone><id_carrier><![CDATA[176]]></id_carrier>
<id_zone><![CDATA[1]]></id_zone>
</carrier_zone>
<carrier_zone><id_carrier><![CDATA[176]]></id_carrier>
<id_zone><![CDATA[2]]></id_zone>
</carrier_zone>
<carrier_zone><id_carrier><![CDATA[176]]></id_carrier>
<id_zone><![CDATA[3]]></id_zone>
</carrier_zone>
<carrier_zone><id_carrier><![CDATA[176]]></id_carrier>
<id_zone><![CDATA[4]]></id_zone>
</carrier_zone>
<carrier_zone><id_carrier><![CDATA[176]]></id_carrier>
<id_zone><![CDATA[5]]></id_zone>
</carrier_zone>
<carrier_zone><id_carrier><![CDATA[176]]></id_carrier>
<id_zone><![CDATA[6]]></id_zone>
</carrier_zone>
<carrier_zone><id_carrier><![CDATA[176]]></id_carrier>
<id_zone><![CDATA[7]]></id_zone>
</carrier_zone>
<carrier_zone><id_carrier><![CDATA[176]]></id_carrier>
<id_zone><![CDATA[8]]></id_zone>
</carrier_zone>
<carrier_zone><id_carrier><![CDATA[176]]></id_carrier>
<id_zone><![CDATA[9]]></id_zone>
</carrier_zone>
<carrier_zone><id_carrier><![CDATA[176]]></id_carrier>
<id_zone><![CDATA[10]]></id_zone>
</carrier_zone>
<carrier_zone><id_carrier><![CDATA[176]]></id_carrier>
<id_zone><![CDATA[11]]></id_zone>
</carrier_zone>
<carrier_zone><id_carrier><![CDATA[177]]></id_carrier>
<id_zone><![CDATA[10]]></id_zone>
</carrier_zone>
<carrier_zone><id_carrier><![CDATA[178]]></id_carrier>
<id_zone><![CDATA[1]]></id_zone>
</carrier_zone>
<carrier_zone><id_carrier><![CDATA[178]]></id_carrier>
<id_zone><![CDATA[2]]></id_zone>
</carrier_zone>
<carrier_zone><id_carrier><![CDATA[178]]></id_carrier>
<id_zone><![CDATA[3]]></id_zone>
</carrier_zone>
<carrier_zone><id_carrier><![CDATA[178]]></id_carrier>
<id_zone><![CDATA[4]]></id_zone>
</carrier_zone>
<carrier_zone><id_carrier><![CDATA[178]]></id_carrier>
<id_zone><![CDATA[5]]></id_zone>
</carrier_zone>
<carrier_zone><id_carrier><![CDATA[178]]></id_carrier>
<id_zone><![CDATA[6]]></id_zone>
</carrier_zone>
<carrier_zone><id_carrier><![CDATA[178]]></id_carrier>
<id_zone><![CDATA[7]]></id_zone>
</carrier_zone>
<carrier_zone><id_carrier><![CDATA[178]]></id_carrier>
<id_zone><![CDATA[8]]></id_zone>
</carrier_zone>
<carrier_zone><id_carrier><![CDATA[178]]></id_carrier>
<id_zone><![CDATA[9]]></id_zone>
</carrier_zone>
<carrier_zone><id_carrier><![CDATA[178]]></id_carrier>
<id_zone><![CDATA[10]]></id_zone>
</carrier_zone>
<carrier_zone><id_carrier><![CDATA[178]]></id_carrier>
<id_zone><![CDATA[11]]></id_zone>
</carrier_zone>
<carrier_zone><id_carrier><![CDATA[179]]></id_carrier>
<id_zone><![CDATA[1]]></id_zone>
</carrier_zone>
<carrier_zone><id_carrier><![CDATA[179]]></id_carrier>
<id_zone><![CDATA[2]]></id_zone>
</carrier_zone>
<carrier_zone><id_carrier><![CDATA[179]]></id_carrier>
<id_zone><![CDATA[3]]></id_zone>
</carrier_zone>
<carrier_zone><id_carrier><![CDATA[179]]></id_carrier>
<id_zone><![CDATA[4]]></id_zone>
</carrier_zone>
<carrier_zone><id_carrier><![CDATA[179]]></id_carrier>
<id_zone><![CDATA[5]]></id_zone>
</carrier_zone>
<carrier_zone><id_carrier><![CDATA[179]]></id_carrier>
<id_zone><![CDATA[6]]></id_zone>
</carrier_zone>
<carrier_zone><id_carrier><![CDATA[179]]></id_carrier>
<id_zone><![CDATA[7]]></id_zone>
</carrier_zone>
<carrier_zone><id_carrier><![CDATA[179]]></id_carrier>
<id_zone><![CDATA[8]]></id_zone>
</carrier_zone>
<carrier_zone><id_carrier><![CDATA[179]]></id_carrier>
<id_zone><![CDATA[9]]></id_zone>
</carrier_zone>
<carrier_zone><id_carrier><![CDATA[179]]></id_carrier>
<id_zone><![CDATA[10]]></id_zone>
</carrier_zone>
<carrier_zone><id_carrier><![CDATA[179]]></id_carrier>
<id_zone><![CDATA[11]]></id_zone>
</carrier_zone>
<carrier_zone><id_carrier><![CDATA[180]]></id_carrier>
<id_zone><![CDATA[10]]></id_zone>
</carrier_zone>
<carrier_zone><id_carrier><![CDATA[181]]></id_carrier>
<id_zone><![CDATA[10]]></id_zone>
</carrier_zone>
<carrier_zone><id_carrier><![CDATA[182]]></id_carrier>
<id_zone><![CDATA[10]]></id_zone>
</carrier_zone>
<carrier_zone><id_carrier><![CDATA[183]]></id_carrier>
<id_zone><![CDATA[10]]></id_zone>
</carrier_zone>
<carrier_zone><id_carrier><![CDATA[184]]></id_carrier>
<id_zone><![CDATA[10]]></id_zone>
</carrier_zone>
<carrier_zone><id_carrier><![CDATA[185]]></id_carrier>
<id_zone><![CDATA[10]]></id_zone>
</carrier_zone>
<carrier_zone><id_carrier><![CDATA[186]]></id_carrier>
<id_zone><![CDATA[10]]></id_zone>
</carrier_zone>
<carrier_zone><id_carrier><![CDATA[187]]></id_carrier>
<id_zone><![CDATA[10]]></id_zone>
</carrier_zone>
<carrier_zone><id_carrier><![CDATA[188]]></id_carrier>
<id_zone><![CDATA[10]]></id_zone>
</carrier_zone>
<carrier_zone><id_carrier><![CDATA[189]]></id_carrier>
<id_zone><![CDATA[10]]></id_zone>
</carrier_zone>
<carrier_zone><id_carrier><![CDATA[190]]></id_carrier>
<id_zone><![CDATA[10]]></id_zone>
</carrier_zone>
<carrier_zone><id_carrier><![CDATA[191]]></id_carrier>
<id_zone><![CDATA[10]]></id_zone>
</carrier_zone>
<carrier_zone><id_carrier><![CDATA[192]]></id_carrier>
<id_zone><![CDATA[10]]></id_zone>
</carrier_zone>
<carrier_zone><id_carrier><![CDATA[193]]></id_carrier>
<id_zone><![CDATA[10]]></id_zone>
</carrier_zone>
<carrier_zone><id_carrier><![CDATA[194]]></id_carrier>
<id_zone><![CDATA[10]]></id_zone>
</carrier_zone>
<carrier_zone><id_carrier><![CDATA[195]]></id_carrier>
<id_zone><![CDATA[10]]></id_zone>
</carrier_zone>
<carrier_zone><id_carrier><![CDATA[196]]></id_carrier>
<id_zone><![CDATA[10]]></id_zone>
</carrier_zone>
<carrier_zone><id_carrier><![CDATA[197]]></id_carrier>
<id_zone><![CDATA[10]]></id_zone>
</carrier_zone>
<carrier_zone><id_carrier><![CDATA[198]]></id_carrier>
<id_zone><![CDATA[10]]></id_zone>
</carrier_zone>
<carrier_zone><id_carrier><![CDATA[199]]></id_carrier>
<id_zone><![CDATA[10]]></id_zone>
</carrier_zone>
<carrier_zone><id_carrier><![CDATA[200]]></id_carrier>
<id_zone><![CDATA[10]]></id_zone>
</carrier_zone>
<carrier_zone><id_carrier><![CDATA[201]]></id_carrier>
<id_zone><![CDATA[10]]></id_zone>
</carrier_zone>
<carrier_zone><id_carrier><![CDATA[202]]></id_carrier>
<id_zone><![CDATA[10]]></id_zone>
</carrier_zone>
<carrier_zone><id_carrier><![CDATA[203]]></id_carrier>
<id_zone><![CDATA[10]]></id_zone>
</carrier_zone>
<carrier_zone><id_carrier><![CDATA[204]]></id_carrier>
<id_zone><![CDATA[10]]></id_zone>
</carrier_zone>
<carrier_zone><id_carrier><![CDATA[205]]></id_carrier>
<id_zone><![CDATA[10]]></id_zone>
</carrier_zone>
<carrier_zone><id_carrier><![CDATA[206]]></id_carrier>
<id_zone><![CDATA[10]]></id_zone>
</carrier_zone>
<carrier_zone><id_carrier><![CDATA[207]]></id_carrier>
<id_zone><![CDATA[10]]></id_zone>
</carrier_zone>
<carrier_zone><id_carrier><![CDATA[208]]></id_carrier>
<id_zone><![CDATA[10]]></id_zone>
</carrier_zone>
<carrier_zone><id_carrier><![CDATA[209]]></id_carrier>
<id_zone><![CDATA[10]]></id_zone>
</carrier_zone>
<carrier_zone><id_carrier><![CDATA[210]]></id_carrier>
<id_zone><![CDATA[10]]></id_zone>
</carrier_zone>
<carrier_zone><id_carrier><![CDATA[211]]></id_carrier>
<id_zone><![CDATA[10]]></id_zone>
</carrier_zone>
<carrier_zone><id_carrier><![CDATA[212]]></id_carrier>
<id_zone><![CDATA[10]]></id_zone>
</carrier_zone>
<carrier_zone><id_carrier><![CDATA[213]]></id_carrier>
<id_zone><![CDATA[10]]></id_zone>
</carrier_zone>
<carrier_zone><id_carrier><![CDATA[214]]></id_carrier>
<id_zone><![CDATA[10]]></id_zone>
</carrier_zone>
<carrier_zone><id_carrier><![CDATA[215]]></id_carrier>
<id_zone><![CDATA[10]]></id_zone>
</carrier_zone>
<carrier_zone><id_carrier><![CDATA[216]]></id_carrier>
<id_zone><![CDATA[10]]></id_zone>
</carrier_zone>
<carrier_zone><id_carrier><![CDATA[217]]></id_carrier>
<id_zone><![CDATA[10]]></id_zone>
</carrier_zone>
<carrier_zone><id_carrier><![CDATA[218]]></id_carrier>
<id_zone><![CDATA[10]]></id_zone>
</carrier_zone>
<carrier_zone><id_carrier><![CDATA[219]]></id_carrier>
<id_zone><![CDATA[10]]></id_zone>
</carrier_zone>
<carrier_zone><id_carrier><![CDATA[220]]></id_carrier>
<id_zone><![CDATA[10]]></id_zone>
</carrier_zone>
<carrier_zone><id_carrier><![CDATA[221]]></id_carrier>
<id_zone><![CDATA[10]]></id_zone>
</carrier_zone>
<carrier_zone><id_carrier><![CDATA[222]]></id_carrier>
<id_zone><![CDATA[10]]></id_zone>
</carrier_zone>
<carrier_zone><id_carrier><![CDATA[223]]></id_carrier>
<id_zone><![CDATA[10]]></id_zone>
</carrier_zone>
<carrier_zone><id_carrier><![CDATA[224]]></id_carrier>
<id_zone><![CDATA[10]]></id_zone>
</carrier_zone>
<carrier_zone><id_carrier><![CDATA[225]]></id_carrier>
<id_zone><![CDATA[10]]></id_zone>
</carrier_zone>
<carrier_zone><id_carrier><![CDATA[226]]></id_carrier>
<id_zone><![CDATA[10]]></id_zone>
</carrier_zone>
<carrier_zone><id_carrier><![CDATA[227]]></id_carrier>
<id_zone><![CDATA[10]]></id_zone>
</carrier_zone>
<carrier_zone><id_carrier><![CDATA[228]]></id_carrier>
<id_zone><![CDATA[10]]></id_zone>
</carrier_zone>
<carrier_zone><id_carrier><![CDATA[229]]></id_carrier>
<id_zone><![CDATA[10]]></id_zone>
</carrier_zone>
<carrier_zone><id_carrier><![CDATA[230]]></id_carrier>
<id_zone><![CDATA[10]]></id_zone>
</carrier_zone>
<carrier_zone><id_carrier><![CDATA[231]]></id_carrier>
<id_zone><![CDATA[10]]></id_zone>
</carrier_zone>
<carrier_zone><id_carrier><![CDATA[232]]></id_carrier>
<id_zone><![CDATA[1]]></id_zone>
</carrier_zone>
<carrier_zone><id_carrier><![CDATA[232]]></id_carrier>
<id_zone><![CDATA[2]]></id_zone>
</carrier_zone>
<carrier_zone><id_carrier><![CDATA[232]]></id_carrier>
<id_zone><![CDATA[3]]></id_zone>
</carrier_zone>
<carrier_zone><id_carrier><![CDATA[232]]></id_carrier>
<id_zone><![CDATA[4]]></id_zone>
</carrier_zone>
<carrier_zone><id_carrier><![CDATA[232]]></id_carrier>
<id_zone><![CDATA[5]]></id_zone>
</carrier_zone>
<carrier_zone><id_carrier><![CDATA[232]]></id_carrier>
<id_zone><![CDATA[6]]></id_zone>
</carrier_zone>
<carrier_zone><id_carrier><![CDATA[232]]></id_carrier>
<id_zone><![CDATA[7]]></id_zone>
</carrier_zone>
<carrier_zone><id_carrier><![CDATA[232]]></id_carrier>
<id_zone><![CDATA[8]]></id_zone>
</carrier_zone>
<carrier_zone><id_carrier><![CDATA[232]]></id_carrier>
<id_zone><![CDATA[9]]></id_zone>
</carrier_zone>
<carrier_zone><id_carrier><![CDATA[232]]></id_carrier>
<id_zone><![CDATA[10]]></id_zone>
</carrier_zone>
<carrier_zone><id_carrier><![CDATA[232]]></id_carrier>
<id_zone><![CDATA[11]]></id_zone>
</carrier_zone>
<carrier_zone><id_carrier><![CDATA[233]]></id_carrier>
<id_zone><![CDATA[1]]></id_zone>
</carrier_zone>
<carrier_zone><id_carrier><![CDATA[233]]></id_carrier>
<id_zone><![CDATA[2]]></id_zone>
</carrier_zone>
<carrier_zone><id_carrier><![CDATA[233]]></id_carrier>
<id_zone><![CDATA[3]]></id_zone>
</carrier_zone>
<carrier_zone><id_carrier><![CDATA[233]]></id_carrier>
<id_zone><![CDATA[4]]></id_zone>
</carrier_zone>
<carrier_zone><id_carrier><![CDATA[233]]></id_carrier>
<id_zone><![CDATA[5]]></id_zone>
</carrier_zone>
<carrier_zone><id_carrier><![CDATA[233]]></id_carrier>
<id_zone><![CDATA[6]]></id_zone>
</carrier_zone>
<carrier_zone><id_carrier><![CDATA[233]]></id_carrier>
<id_zone><![CDATA[7]]></id_zone>
</carrier_zone>
<carrier_zone><id_carrier><![CDATA[233]]></id_carrier>
<id_zone><![CDATA[8]]></id_zone>
</carrier_zone>
<carrier_zone><id_carrier><![CDATA[233]]></id_carrier>
<id_zone><![CDATA[9]]></id_zone>
</carrier_zone>
<carrier_zone><id_carrier><![CDATA[233]]></id_carrier>
<id_zone><![CDATA[10]]></id_zone>
</carrier_zone>
<carrier_zone><id_carrier><![CDATA[233]]></id_carrier>
<id_zone><![CDATA[11]]></id_zone>
</carrier_zone>
<carrier_zone><id_carrier><![CDATA[234]]></id_carrier>
<id_zone><![CDATA[10]]></id_zone>
</carrier_zone>
<carrier_zone><id_carrier><![CDATA[235]]></id_carrier>
<id_zone><![CDATA[10]]></id_zone>
</carrier_zone>
<carrier_zone><id_carrier><![CDATA[236]]></id_carrier>
<id_zone><![CDATA[10]]></id_zone>
</carrier_zone>
<carrier_zone><id_carrier><![CDATA[237]]></id_carrier>
<id_zone><![CDATA[9]]></id_zone>
</carrier_zone>
<carrier_zone><id_carrier><![CDATA[238]]></id_carrier>
<id_zone><![CDATA[9]]></id_zone>
</carrier_zone>
<carrier_zone><id_carrier><![CDATA[239]]></id_carrier>
<id_zone><![CDATA[1]]></id_zone>
</carrier_zone>
<carrier_zone><id_carrier><![CDATA[239]]></id_carrier>
<id_zone><![CDATA[2]]></id_zone>
</carrier_zone>
<carrier_zone><id_carrier><![CDATA[239]]></id_carrier>
<id_zone><![CDATA[3]]></id_zone>
</carrier_zone>
<carrier_zone><id_carrier><![CDATA[239]]></id_carrier>
<id_zone><![CDATA[4]]></id_zone>
</carrier_zone>
<carrier_zone><id_carrier><![CDATA[239]]></id_carrier>
<id_zone><![CDATA[5]]></id_zone>
</carrier_zone>
<carrier_zone><id_carrier><![CDATA[239]]></id_carrier>
<id_zone><![CDATA[6]]></id_zone>
</carrier_zone>
<carrier_zone><id_carrier><![CDATA[239]]></id_carrier>
<id_zone><![CDATA[7]]></id_zone>
</carrier_zone>
<carrier_zone><id_carrier><![CDATA[239]]></id_carrier>
<id_zone><![CDATA[8]]></id_zone>
</carrier_zone>
<carrier_zone><id_carrier><![CDATA[239]]></id_carrier>
<id_zone><![CDATA[9]]></id_zone>
</carrier_zone>
<carrier_zone><id_carrier><![CDATA[239]]></id_carrier>
<id_zone><![CDATA[10]]></id_zone>
</carrier_zone>
<carrier_zone><id_carrier><![CDATA[239]]></id_carrier>
<id_zone><![CDATA[11]]></id_zone>
</carrier_zone>
<carrier_zone><id_carrier><![CDATA[240]]></id_carrier>
<id_zone><![CDATA[1]]></id_zone>
</carrier_zone>
<carrier_zone><id_carrier><![CDATA[240]]></id_carrier>
<id_zone><![CDATA[2]]></id_zone>
</carrier_zone>
<carrier_zone><id_carrier><![CDATA[240]]></id_carrier>
<id_zone><![CDATA[3]]></id_zone>
</carrier_zone>
<carrier_zone><id_carrier><![CDATA[240]]></id_carrier>
<id_zone><![CDATA[4]]></id_zone>
</carrier_zone>
<carrier_zone><id_carrier><![CDATA[240]]></id_carrier>
<id_zone><![CDATA[5]]></id_zone>
</carrier_zone>
<carrier_zone><id_carrier><![CDATA[240]]></id_carrier>
<id_zone><![CDATA[6]]></id_zone>
</carrier_zone>
<carrier_zone><id_carrier><![CDATA[240]]></id_carrier>
<id_zone><![CDATA[7]]></id_zone>
</carrier_zone>
<carrier_zone><id_carrier><![CDATA[240]]></id_carrier>
<id_zone><![CDATA[8]]></id_zone>
</carrier_zone>
<carrier_zone><id_carrier><![CDATA[240]]></id_carrier>
<id_zone><![CDATA[9]]></id_zone>
</carrier_zone>
<carrier_zone><id_carrier><![CDATA[240]]></id_carrier>
<id_zone><![CDATA[10]]></id_zone>
</carrier_zone>
<carrier_zone><id_carrier><![CDATA[240]]></id_carrier>
<id_zone><![CDATA[11]]></id_zone>
</carrier_zone>
<carrier_zone><id_carrier><![CDATA[241]]></id_carrier>
<id_zone><![CDATA[10]]></id_zone>
</carrier_zone>
<carrier_zone><id_carrier><![CDATA[242]]></id_carrier>
<id_zone><![CDATA[10]]></id_zone>
</carrier_zone>
<carrier_zone><id_carrier><![CDATA[243]]></id_carrier>
<id_zone><![CDATA[10]]></id_zone>
</carrier_zone>
<carrier_zone><id_carrier><![CDATA[244]]></id_carrier>
<id_zone><![CDATA[10]]></id_zone>
</carrier_zone>
<carrier_zone><id_carrier><![CDATA[245]]></id_carrier>
<id_zone><![CDATA[10]]></id_zone>
</carrier_zone>
<carrier_zone><id_carrier><![CDATA[246]]></id_carrier>
<id_zone><![CDATA[10]]></id_zone>
</carrier_zone>
<carrier_zone><id_carrier><![CDATA[247]]></id_carrier>
<id_zone><![CDATA[1]]></id_zone>
</carrier_zone>
<carrier_zone><id_carrier><![CDATA[247]]></id_carrier>
<id_zone><![CDATA[3]]></id_zone>
</carrier_zone>
<carrier_zone><id_carrier><![CDATA[247]]></id_carrier>
<id_zone><![CDATA[4]]></id_zone>
</carrier_zone>
<carrier_zone><id_carrier><![CDATA[247]]></id_carrier>
<id_zone><![CDATA[5]]></id_zone>
</carrier_zone>
<carrier_zone><id_carrier><![CDATA[247]]></id_carrier>
<id_zone><![CDATA[6]]></id_zone>
</carrier_zone>
<carrier_zone><id_carrier><![CDATA[247]]></id_carrier>
<id_zone><![CDATA[7]]></id_zone>
</carrier_zone>
<carrier_zone><id_carrier><![CDATA[247]]></id_carrier>
<id_zone><![CDATA[8]]></id_zone>
</carrier_zone>
<carrier_zone><id_carrier><![CDATA[247]]></id_carrier>
<id_zone><![CDATA[9]]></id_zone>
</carrier_zone>
<carrier_zone><id_carrier><![CDATA[247]]></id_carrier>
<id_zone><![CDATA[11]]></id_zone>
</carrier_zone>
<carrier_zone><id_carrier><![CDATA[248]]></id_carrier>
<id_zone><![CDATA[10]]></id_zone>
</carrier_zone>
<carrier_zone><id_carrier><![CDATA[249]]></id_carrier>
<id_zone><![CDATA[10]]></id_zone>
</carrier_zone>
<carrier_zone><id_carrier><![CDATA[250]]></id_carrier>
<id_zone><![CDATA[10]]></id_zone>
</carrier_zone>
<carrier_zone><id_carrier><![CDATA[251]]></id_carrier>
<id_zone><![CDATA[10]]></id_zone>
</carrier_zone>
<carrier_zone><id_carrier><![CDATA[252]]></id_carrier>
<id_zone><![CDATA[10]]></id_zone>
</carrier_zone>
<carrier_zone><id_carrier><![CDATA[253]]></id_carrier>
<id_zone><![CDATA[9]]></id_zone>
</carrier_zone>
<carrier_zone><id_carrier><![CDATA[254]]></id_carrier>
<id_zone><![CDATA[9]]></id_zone>
</carrier_zone>
<carrier_zone><id_carrier><![CDATA[255]]></id_carrier>
<id_zone><![CDATA[1]]></id_zone>
</carrier_zone>
<carrier_zone><id_carrier><![CDATA[255]]></id_carrier>
<id_zone><![CDATA[2]]></id_zone>
</carrier_zone>
<carrier_zone><id_carrier><![CDATA[255]]></id_carrier>
<id_zone><![CDATA[3]]></id_zone>
</carrier_zone>
<carrier_zone><id_carrier><![CDATA[255]]></id_carrier>
<id_zone><![CDATA[4]]></id_zone>
</carrier_zone>
<carrier_zone><id_carrier><![CDATA[255]]></id_carrier>
<id_zone><![CDATA[5]]></id_zone>
</carrier_zone>
<carrier_zone><id_carrier><![CDATA[255]]></id_carrier>
<id_zone><![CDATA[6]]></id_zone>
</carrier_zone>
<carrier_zone><id_carrier><![CDATA[255]]></id_carrier>
<id_zone><![CDATA[7]]></id_zone>
</carrier_zone>
<carrier_zone><id_carrier><![CDATA[255]]></id_carrier>
<id_zone><![CDATA[8]]></id_zone>
</carrier_zone>
<carrier_zone><id_carrier><![CDATA[255]]></id_carrier>
<id_zone><![CDATA[9]]></id_zone>
</carrier_zone>
<carrier_zone><id_carrier><![CDATA[255]]></id_carrier>
<id_zone><![CDATA[10]]></id_zone>
</carrier_zone>
<carrier_zone><id_carrier><![CDATA[255]]></id_carrier>
<id_zone><![CDATA[11]]></id_zone>
</carrier_zone>
<carrier_zone><id_carrier><![CDATA[256]]></id_carrier>
<id_zone><![CDATA[1]]></id_zone>
</carrier_zone>
<carrier_zone><id_carrier><![CDATA[256]]></id_carrier>
<id_zone><![CDATA[2]]></id_zone>
</carrier_zone>
<carrier_zone><id_carrier><![CDATA[256]]></id_carrier>
<id_zone><![CDATA[3]]></id_zone>
</carrier_zone>
<carrier_zone><id_carrier><![CDATA[256]]></id_carrier>
<id_zone><![CDATA[4]]></id_zone>
</carrier_zone>
<carrier_zone><id_carrier><![CDATA[256]]></id_carrier>
<id_zone><![CDATA[5]]></id_zone>
</carrier_zone>
<carrier_zone><id_carrier><![CDATA[256]]></id_carrier>
<id_zone><![CDATA[6]]></id_zone>
</carrier_zone>
<carrier_zone><id_carrier><![CDATA[256]]></id_carrier>
<id_zone><![CDATA[7]]></id_zone>
</carrier_zone>
<carrier_zone><id_carrier><![CDATA[256]]></id_carrier>
<id_zone><![CDATA[8]]></id_zone>
</carrier_zone>
<carrier_zone><id_carrier><![CDATA[256]]></id_carrier>
<id_zone><![CDATA[9]]></id_zone>
</carrier_zone>
<carrier_zone><id_carrier><![CDATA[256]]></id_carrier>
<id_zone><![CDATA[10]]></id_zone>
</carrier_zone>
<carrier_zone><id_carrier><![CDATA[256]]></id_carrier>
<id_zone><![CDATA[11]]></id_zone>
</carrier_zone>
<carrier_zone><id_carrier><![CDATA[257]]></id_carrier>
<id_zone><![CDATA[9]]></id_zone>
</carrier_zone>
<carrier_zone><id_carrier><![CDATA[258]]></id_carrier>
<id_zone><![CDATA[10]]></id_zone>
</carrier_zone>
<carrier_zone><id_carrier><![CDATA[259]]></id_carrier>
<id_zone><![CDATA[10]]></id_zone>
</carrier_zone>
<carrier_zone><id_carrier><![CDATA[260]]></id_carrier>
<id_zone><![CDATA[10]]></id_zone>
</carrier_zone>
<carrier_zone><id_carrier><![CDATA[261]]></id_carrier>
<id_zone><![CDATA[9]]></id_zone>
</carrier_zone>
<carrier_zone><id_carrier><![CDATA[262]]></id_carrier>
<id_zone><![CDATA[10]]></id_zone>
</carrier_zone>
<carrier_zone><id_carrier><![CDATA[263]]></id_carrier>
<id_zone><![CDATA[10]]></id_zone>
</carrier_zone>
<carrier_zone><id_carrier><![CDATA[264]]></id_carrier>
<id_zone><![CDATA[10]]></id_zone>
</carrier_zone>
<carrier_zone><id_carrier><![CDATA[265]]></id_carrier>
<id_zone><![CDATA[9]]></id_zone>
</carrier_zone>
<carrier_zone><id_carrier><![CDATA[266]]></id_carrier>
<id_zone><![CDATA[9]]></id_zone>
</carrier_zone>
<carrier_zone><id_carrier><![CDATA[267]]></id_carrier>
<id_zone><![CDATA[10]]></id_zone>
</carrier_zone>
<carrier_zone><id_carrier><![CDATA[268]]></id_carrier>
<id_zone><![CDATA[10]]></id_zone>
</carrier_zone>
<carrier_zone><id_carrier><![CDATA[269]]></id_carrier>
<id_zone><![CDATA[10]]></id_zone>
</carrier_zone>
<carrier_zone><id_carrier><![CDATA[270]]></id_carrier>
<id_zone><![CDATA[9]]></id_zone>
</carrier_zone>
<carrier_zone><id_carrier><![CDATA[271]]></id_carrier>
<id_zone><![CDATA[9]]></id_zone>
</carrier_zone>
<carrier_zone><id_carrier><![CDATA[272]]></id_carrier>
<id_zone><![CDATA[1]]></id_zone>
</carrier_zone>
<carrier_zone><id_carrier><![CDATA[272]]></id_carrier>
<id_zone><![CDATA[2]]></id_zone>
</carrier_zone>
<carrier_zone><id_carrier><![CDATA[272]]></id_carrier>
<id_zone><![CDATA[3]]></id_zone>
</carrier_zone>
<carrier_zone><id_carrier><![CDATA[272]]></id_carrier>
<id_zone><![CDATA[4]]></id_zone>
</carrier_zone>
<carrier_zone><id_carrier><![CDATA[272]]></id_carrier>
<id_zone><![CDATA[5]]></id_zone>
</carrier_zone>
<carrier_zone><id_carrier><![CDATA[272]]></id_carrier>
<id_zone><![CDATA[6]]></id_zone>
</carrier_zone>
<carrier_zone><id_carrier><![CDATA[272]]></id_carrier>
<id_zone><![CDATA[7]]></id_zone>
</carrier_zone>
<carrier_zone><id_carrier><![CDATA[272]]></id_carrier>
<id_zone><![CDATA[8]]></id_zone>
</carrier_zone>
<carrier_zone><id_carrier><![CDATA[272]]></id_carrier>
<id_zone><![CDATA[9]]></id_zone>
</carrier_zone>
<carrier_zone><id_carrier><![CDATA[272]]></id_carrier>
<id_zone><![CDATA[10]]></id_zone>
</carrier_zone>
<carrier_zone><id_carrier><![CDATA[272]]></id_carrier>
<id_zone><![CDATA[11]]></id_zone>
</carrier_zone>
<carrier_zone><id_carrier><![CDATA[273]]></id_carrier>
<id_zone><![CDATA[1]]></id_zone>
</carrier_zone>
<carrier_zone><id_carrier><![CDATA[273]]></id_carrier>
<id_zone><![CDATA[2]]></id_zone>
</carrier_zone>
<carrier_zone><id_carrier><![CDATA[273]]></id_carrier>
<id_zone><![CDATA[3]]></id_zone>
</carrier_zone>
<carrier_zone><id_carrier><![CDATA[273]]></id_carrier>
<id_zone><![CDATA[4]]></id_zone>
</carrier_zone>
<carrier_zone><id_carrier><![CDATA[273]]></id_carrier>
<id_zone><![CDATA[5]]></id_zone>
</carrier_zone>
<carrier_zone><id_carrier><![CDATA[273]]></id_carrier>
<id_zone><![CDATA[6]]></id_zone>
</carrier_zone>
<carrier_zone><id_carrier><![CDATA[273]]></id_carrier>
<id_zone><![CDATA[7]]></id_zone>
</carrier_zone>
<carrier_zone><id_carrier><![CDATA[273]]></id_carrier>
<id_zone><![CDATA[8]]></id_zone>
</carrier_zone>
<carrier_zone><id_carrier><![CDATA[273]]></id_carrier>
<id_zone><![CDATA[9]]></id_zone>
</carrier_zone>
<carrier_zone><id_carrier><![CDATA[273]]></id_carrier>
<id_zone><![CDATA[10]]></id_zone>
</carrier_zone>
<carrier_zone><id_carrier><![CDATA[273]]></id_carrier>
<id_zone><![CDATA[11]]></id_zone>
</carrier_zone>
<carrier_zone><id_carrier><![CDATA[274]]></id_carrier>
<id_zone><![CDATA[10]]></id_zone>
</carrier_zone>
<carrier_zone><id_carrier><![CDATA[275]]></id_carrier>
<id_zone><![CDATA[10]]></id_zone>
</carrier_zone>
<carrier_zone><id_carrier><![CDATA[276]]></id_carrier>
<id_zone><![CDATA[10]]></id_zone>
</carrier_zone>
<carrier_zone><id_carrier><![CDATA[277]]></id_carrier>
<id_zone><![CDATA[10]]></id_zone>
</carrier_zone>
<carrier_zone><id_carrier><![CDATA[278]]></id_carrier>
<id_zone><![CDATA[9]]></id_zone>
</carrier_zone>
<carrier_zone><id_carrier><![CDATA[279]]></id_carrier>
<id_zone><![CDATA[9]]></id_zone>
</carrier_zone>
<carrier_zone><id_carrier><![CDATA[280]]></id_carrier>
<id_zone><![CDATA[1]]></id_zone>
</carrier_zone>
<carrier_zone><id_carrier><![CDATA[280]]></id_carrier>
<id_zone><![CDATA[2]]></id_zone>
</carrier_zone>
<carrier_zone><id_carrier><![CDATA[280]]></id_carrier>
<id_zone><![CDATA[3]]></id_zone>
</carrier_zone>
<carrier_zone><id_carrier><![CDATA[280]]></id_carrier>
<id_zone><![CDATA[4]]></id_zone>
</carrier_zone>
<carrier_zone><id_carrier><![CDATA[280]]></id_carrier>
<id_zone><![CDATA[5]]></id_zone>
</carrier_zone>
<carrier_zone><id_carrier><![CDATA[280]]></id_carrier>
<id_zone><![CDATA[6]]></id_zone>
</carrier_zone>
<carrier_zone><id_carrier><![CDATA[280]]></id_carrier>
<id_zone><![CDATA[7]]></id_zone>
</carrier_zone>
<carrier_zone><id_carrier><![CDATA[280]]></id_carrier>
<id_zone><![CDATA[8]]></id_zone>
</carrier_zone>
<carrier_zone><id_carrier><![CDATA[280]]></id_carrier>
<id_zone><![CDATA[11]]></id_zone>
</carrier_zone>
<carrier_zone><id_carrier><![CDATA[281]]></id_carrier>
<id_zone><![CDATA[10]]></id_zone>
</carrier_zone>
<carrier_zone><id_carrier><![CDATA[282]]></id_carrier>
<id_zone><![CDATA[10]]></id_zone>
</carrier_zone>
<carrier_zone><id_carrier><![CDATA[283]]></id_carrier>
<id_zone><![CDATA[10]]></id_zone>
</carrier_zone>
<carrier_zone><id_carrier><![CDATA[284]]></id_carrier>
<id_zone><![CDATA[9]]></id_zone>
</carrier_zone>
<carrier_zone><id_carrier><![CDATA[285]]></id_carrier>
<id_zone><![CDATA[1]]></id_zone>
</carrier_zone>
<carrier_zone><id_carrier><![CDATA[285]]></id_carrier>
<id_zone><![CDATA[2]]></id_zone>
</carrier_zone>
<carrier_zone><id_carrier><![CDATA[285]]></id_carrier>
<id_zone><![CDATA[3]]></id_zone>
</carrier_zone>
<carrier_zone><id_carrier><![CDATA[285]]></id_carrier>
<id_zone><![CDATA[4]]></id_zone>
</carrier_zone>
<carrier_zone><id_carrier><![CDATA[285]]></id_carrier>
<id_zone><![CDATA[5]]></id_zone>
</carrier_zone>
<carrier_zone><id_carrier><![CDATA[285]]></id_carrier>
<id_zone><![CDATA[6]]></id_zone>
</carrier_zone>
<carrier_zone><id_carrier><![CDATA[285]]></id_carrier>
<id_zone><![CDATA[7]]></id_zone>
</carrier_zone>
<carrier_zone><id_carrier><![CDATA[285]]></id_carrier>
<id_zone><![CDATA[8]]></id_zone>
</carrier_zone>
<carrier_zone><id_carrier><![CDATA[285]]></id_carrier>
<id_zone><![CDATA[11]]></id_zone>
</carrier_zone>
<carrier_zone><id_carrier><![CDATA[286]]></id_carrier>
<id_zone><![CDATA[1]]></id_zone>
</carrier_zone>
<carrier_zone><id_carrier><![CDATA[286]]></id_carrier>
<id_zone><![CDATA[2]]></id_zone>
</carrier_zone>
<carrier_zone><id_carrier><![CDATA[286]]></id_carrier>
<id_zone><![CDATA[3]]></id_zone>
</carrier_zone>
<carrier_zone><id_carrier><![CDATA[286]]></id_carrier>
<id_zone><![CDATA[4]]></id_zone>
</carrier_zone>
<carrier_zone><id_carrier><![CDATA[286]]></id_carrier>
<id_zone><![CDATA[5]]></id_zone>
</carrier_zone>
<carrier_zone><id_carrier><![CDATA[286]]></id_carrier>
<id_zone><![CDATA[6]]></id_zone>
</carrier_zone>
<carrier_zone><id_carrier><![CDATA[286]]></id_carrier>
<id_zone><![CDATA[7]]></id_zone>
</carrier_zone>
<carrier_zone><id_carrier><![CDATA[286]]></id_carrier>
<id_zone><![CDATA[8]]></id_zone>
</carrier_zone>
<carrier_zone><id_carrier><![CDATA[286]]></id_carrier>
<id_zone><![CDATA[9]]></id_zone>
</carrier_zone>
<carrier_zone><id_carrier><![CDATA[286]]></id_carrier>
<id_zone><![CDATA[10]]></id_zone>
</carrier_zone>
<carrier_zone><id_carrier><![CDATA[286]]></id_carrier>
<id_zone><![CDATA[11]]></id_zone>
</carrier_zone>
<carrier_zone><id_carrier><![CDATA[287]]></id_carrier>
<id_zone><![CDATA[1]]></id_zone>
</carrier_zone>
<carrier_zone><id_carrier><![CDATA[287]]></id_carrier>
<id_zone><![CDATA[2]]></id_zone>
</carrier_zone>
<carrier_zone><id_carrier><![CDATA[287]]></id_carrier>
<id_zone><![CDATA[3]]></id_zone>
</carrier_zone>
<carrier_zone><id_carrier><![CDATA[287]]></id_carrier>
<id_zone><![CDATA[4]]></id_zone>
</carrier_zone>
<carrier_zone><id_carrier><![CDATA[287]]></id_carrier>
<id_zone><![CDATA[5]]></id_zone>
</carrier_zone>
<carrier_zone><id_carrier><![CDATA[287]]></id_carrier>
<id_zone><![CDATA[6]]></id_zone>
</carrier_zone>
<carrier_zone><id_carrier><![CDATA[287]]></id_carrier>
<id_zone><![CDATA[7]]></id_zone>
</carrier_zone>
<carrier_zone><id_carrier><![CDATA[287]]></id_carrier>
<id_zone><![CDATA[8]]></id_zone>
</carrier_zone>
<carrier_zone><id_carrier><![CDATA[287]]></id_carrier>
<id_zone><![CDATA[9]]></id_zone>
</carrier_zone>
<carrier_zone><id_carrier><![CDATA[287]]></id_carrier>
<id_zone><![CDATA[10]]></id_zone>
</carrier_zone>
<carrier_zone><id_carrier><![CDATA[287]]></id_carrier>
<id_zone><![CDATA[11]]></id_zone>
</carrier_zone>
<carrier_zone><id_carrier><![CDATA[288]]></id_carrier>
<id_zone><![CDATA[1]]></id_zone>
</carrier_zone>
<carrier_zone><id_carrier><![CDATA[288]]></id_carrier>
<id_zone><![CDATA[2]]></id_zone>
</carrier_zone>
<carrier_zone><id_carrier><![CDATA[288]]></id_carrier>
<id_zone><![CDATA[3]]></id_zone>
</carrier_zone>
<carrier_zone><id_carrier><![CDATA[288]]></id_carrier>
<id_zone><![CDATA[4]]></id_zone>
</carrier_zone>
<carrier_zone><id_carrier><![CDATA[288]]></id_carrier>
<id_zone><![CDATA[5]]></id_zone>
</carrier_zone>
<carrier_zone><id_carrier><![CDATA[288]]></id_carrier>
<id_zone><![CDATA[6]]></id_zone>
</carrier_zone>
<carrier_zone><id_carrier><![CDATA[288]]></id_carrier>
<id_zone><![CDATA[7]]></id_zone>
</carrier_zone>
<carrier_zone><id_carrier><![CDATA[288]]></id_carrier>
<id_zone><![CDATA[8]]></id_zone>
</carrier_zone>
<carrier_zone><id_carrier><![CDATA[288]]></id_carrier>
<id_zone><![CDATA[9]]></id_zone>
</carrier_zone>
<carrier_zone><id_carrier><![CDATA[288]]></id_carrier>
<id_zone><![CDATA[10]]></id_zone>
</carrier_zone>
<carrier_zone><id_carrier><![CDATA[288]]></id_carrier>
<id_zone><![CDATA[11]]></id_zone>
</carrier_zone>
<carrier_zone><id_carrier><![CDATA[289]]></id_carrier>
<id_zone><![CDATA[1]]></id_zone>
</carrier_zone>
<carrier_zone><id_carrier><![CDATA[289]]></id_carrier>
<id_zone><![CDATA[2]]></id_zone>
</carrier_zone>
<carrier_zone><id_carrier><![CDATA[289]]></id_carrier>
<id_zone><![CDATA[3]]></id_zone>
</carrier_zone>
<carrier_zone><id_carrier><![CDATA[289]]></id_carrier>
<id_zone><![CDATA[4]]></id_zone>
</carrier_zone>
<carrier_zone><id_carrier><![CDATA[289]]></id_carrier>
<id_zone><![CDATA[5]]></id_zone>
</carrier_zone>
<carrier_zone><id_carrier><![CDATA[289]]></id_carrier>
<id_zone><![CDATA[6]]></id_zone>
</carrier_zone>
<carrier_zone><id_carrier><![CDATA[289]]></id_carrier>
<id_zone><![CDATA[7]]></id_zone>
</carrier_zone>
<carrier_zone><id_carrier><![CDATA[289]]></id_carrier>
<id_zone><![CDATA[8]]></id_zone>
</carrier_zone>
<carrier_zone><id_carrier><![CDATA[289]]></id_carrier>
<id_zone><![CDATA[9]]></id_zone>
</carrier_zone>
<carrier_zone><id_carrier><![CDATA[289]]></id_carrier>
<id_zone><![CDATA[10]]></id_zone>
</carrier_zone>
<carrier_zone><id_carrier><![CDATA[289]]></id_carrier>
<id_zone><![CDATA[11]]></id_zone>
</carrier_zone>
<carrier_zone><id_carrier><![CDATA[290]]></id_carrier>
<id_zone><![CDATA[1]]></id_zone>
</carrier_zone>
<carrier_zone><id_carrier><![CDATA[290]]></id_carrier>
<id_zone><![CDATA[2]]></id_zone>
</carrier_zone>
<carrier_zone><id_carrier><![CDATA[290]]></id_carrier>
<id_zone><![CDATA[3]]></id_zone>
</carrier_zone>
<carrier_zone><id_carrier><![CDATA[290]]></id_carrier>
<id_zone><![CDATA[4]]></id_zone>
</carrier_zone>
<carrier_zone><id_carrier><![CDATA[290]]></id_carrier>
<id_zone><![CDATA[5]]></id_zone>
</carrier_zone>
<carrier_zone><id_carrier><![CDATA[290]]></id_carrier>
<id_zone><![CDATA[6]]></id_zone>
</carrier_zone>
<carrier_zone><id_carrier><![CDATA[290]]></id_carrier>
<id_zone><![CDATA[7]]></id_zone>
</carrier_zone>
<carrier_zone><id_carrier><![CDATA[290]]></id_carrier>
<id_zone><![CDATA[8]]></id_zone>
</carrier_zone>
<carrier_zone><id_carrier><![CDATA[290]]></id_carrier>
<id_zone><![CDATA[9]]></id_zone>
</carrier_zone>
<carrier_zone><id_carrier><![CDATA[290]]></id_carrier>
<id_zone><![CDATA[10]]></id_zone>
</carrier_zone>
<carrier_zone><id_carrier><![CDATA[290]]></id_carrier>
<id_zone><![CDATA[11]]></id_zone>
</carrier_zone>
<carrier_zone><id_carrier><![CDATA[291]]></id_carrier>
<id_zone><![CDATA[1]]></id_zone>
</carrier_zone>
<carrier_zone><id_carrier><![CDATA[291]]></id_carrier>
<id_zone><![CDATA[2]]></id_zone>
</carrier_zone>
<carrier_zone><id_carrier><![CDATA[291]]></id_carrier>
<id_zone><![CDATA[3]]></id_zone>
</carrier_zone>
<carrier_zone><id_carrier><![CDATA[291]]></id_carrier>
<id_zone><![CDATA[4]]></id_zone>
</carrier_zone>
<carrier_zone><id_carrier><![CDATA[291]]></id_carrier>
<id_zone><![CDATA[5]]></id_zone>
</carrier_zone>
<carrier_zone><id_carrier><![CDATA[291]]></id_carrier>
<id_zone><![CDATA[6]]></id_zone>
</carrier_zone>
<carrier_zone><id_carrier><![CDATA[291]]></id_carrier>
<id_zone><![CDATA[7]]></id_zone>
</carrier_zone>
<carrier_zone><id_carrier><![CDATA[291]]></id_carrier>
<id_zone><![CDATA[8]]></id_zone>
</carrier_zone>
<carrier_zone><id_carrier><![CDATA[291]]></id_carrier>
<id_zone><![CDATA[9]]></id_zone>
</carrier_zone>
<carrier_zone><id_carrier><![CDATA[291]]></id_carrier>
<id_zone><![CDATA[10]]></id_zone>
</carrier_zone>
<carrier_zone><id_carrier><![CDATA[291]]></id_carrier>
<id_zone><![CDATA[11]]></id_zone>
</carrier_zone>
<carrier_zone><id_carrier><![CDATA[292]]></id_carrier>
<id_zone><![CDATA[1]]></id_zone>
</carrier_zone>
<carrier_zone><id_carrier><![CDATA[292]]></id_carrier>
<id_zone><![CDATA[2]]></id_zone>
</carrier_zone>
<carrier_zone><id_carrier><![CDATA[292]]></id_carrier>
<id_zone><![CDATA[3]]></id_zone>
</carrier_zone>
<carrier_zone><id_carrier><![CDATA[292]]></id_carrier>
<id_zone><![CDATA[4]]></id_zone>
</carrier_zone>
<carrier_zone><id_carrier><![CDATA[292]]></id_carrier>
<id_zone><![CDATA[5]]></id_zone>
</carrier_zone>
<carrier_zone><id_carrier><![CDATA[292]]></id_carrier>
<id_zone><![CDATA[6]]></id_zone>
</carrier_zone>
<carrier_zone><id_carrier><![CDATA[292]]></id_carrier>
<id_zone><![CDATA[7]]></id_zone>
</carrier_zone>
<carrier_zone><id_carrier><![CDATA[292]]></id_carrier>
<id_zone><![CDATA[8]]></id_zone>
</carrier_zone>
<carrier_zone><id_carrier><![CDATA[292]]></id_carrier>
<id_zone><![CDATA[9]]></id_zone>
</carrier_zone>
<carrier_zone><id_carrier><![CDATA[292]]></id_carrier>
<id_zone><![CDATA[10]]></id_zone>
</carrier_zone>
<carrier_zone><id_carrier><![CDATA[292]]></id_carrier>
<id_zone><![CDATA[11]]></id_zone>
</carrier_zone>
<carrier_zone><id_carrier><![CDATA[293]]></id_carrier>
<id_zone><![CDATA[1]]></id_zone>
</carrier_zone>
<carrier_zone><id_carrier><![CDATA[293]]></id_carrier>
<id_zone><![CDATA[2]]></id_zone>
</carrier_zone>
<carrier_zone><id_carrier><![CDATA[293]]></id_carrier>
<id_zone><![CDATA[3]]></id_zone>
</carrier_zone>
<carrier_zone><id_carrier><![CDATA[293]]></id_carrier>
<id_zone><![CDATA[4]]></id_zone>
</carrier_zone>
<carrier_zone><id_carrier><![CDATA[293]]></id_carrier>
<id_zone><![CDATA[5]]></id_zone>
</carrier_zone>
<carrier_zone><id_carrier><![CDATA[293]]></id_carrier>
<id_zone><![CDATA[6]]></id_zone>
</carrier_zone>
<carrier_zone><id_carrier><![CDATA[293]]></id_carrier>
<id_zone><![CDATA[7]]></id_zone>
</carrier_zone>
<carrier_zone><id_carrier><![CDATA[293]]></id_carrier>
<id_zone><![CDATA[8]]></id_zone>
</carrier_zone>
<carrier_zone><id_carrier><![CDATA[293]]></id_carrier>
<id_zone><![CDATA[9]]></id_zone>
</carrier_zone>
<carrier_zone><id_carrier><![CDATA[293]]></id_carrier>
<id_zone><![CDATA[10]]></id_zone>
</carrier_zone>
<carrier_zone><id_carrier><![CDATA[293]]></id_carrier>
<id_zone><![CDATA[11]]></id_zone>
</carrier_zone>
<carrier_zone><id_carrier><![CDATA[294]]></id_carrier>
<id_zone><![CDATA[1]]></id_zone>
</carrier_zone>
<carrier_zone><id_carrier><![CDATA[294]]></id_carrier>
<id_zone><![CDATA[2]]></id_zone>
</carrier_zone>
<carrier_zone><id_carrier><![CDATA[294]]></id_carrier>
<id_zone><![CDATA[3]]></id_zone>
</carrier_zone>
<carrier_zone><id_carrier><![CDATA[294]]></id_carrier>
<id_zone><![CDATA[4]]></id_zone>
</carrier_zone>
<carrier_zone><id_carrier><![CDATA[294]]></id_carrier>
<id_zone><![CDATA[5]]></id_zone>
</carrier_zone>
<carrier_zone><id_carrier><![CDATA[294]]></id_carrier>
<id_zone><![CDATA[6]]></id_zone>
</carrier_zone>
<carrier_zone><id_carrier><![CDATA[294]]></id_carrier>
<id_zone><![CDATA[7]]></id_zone>
</carrier_zone>
<carrier_zone><id_carrier><![CDATA[294]]></id_carrier>
<id_zone><![CDATA[8]]></id_zone>
</carrier_zone>
<carrier_zone><id_carrier><![CDATA[294]]></id_carrier>
<id_zone><![CDATA[9]]></id_zone>
</carrier_zone>
<carrier_zone><id_carrier><![CDATA[294]]></id_carrier>
<id_zone><![CDATA[10]]></id_zone>
</carrier_zone>
<carrier_zone><id_carrier><![CDATA[294]]></id_carrier>
<id_zone><![CDATA[11]]></id_zone>
</carrier_zone>
<carrier_zone><id_carrier><![CDATA[295]]></id_carrier>
<id_zone><![CDATA[1]]></id_zone>
</carrier_zone>
<carrier_zone><id_carrier><![CDATA[295]]></id_carrier>
<id_zone><![CDATA[2]]></id_zone>
</carrier_zone>
<carrier_zone><id_carrier><![CDATA[295]]></id_carrier>
<id_zone><![CDATA[3]]></id_zone>
</carrier_zone>
<carrier_zone><id_carrier><![CDATA[295]]></id_carrier>
<id_zone><![CDATA[4]]></id_zone>
</carrier_zone>
<carrier_zone><id_carrier><![CDATA[295]]></id_carrier>
<id_zone><![CDATA[5]]></id_zone>
</carrier_zone>
<carrier_zone><id_carrier><![CDATA[295]]></id_carrier>
<id_zone><![CDATA[6]]></id_zone>
</carrier_zone>
<carrier_zone><id_carrier><![CDATA[295]]></id_carrier>
<id_zone><![CDATA[7]]></id_zone>
</carrier_zone>
<carrier_zone><id_carrier><![CDATA[295]]></id_carrier>
<id_zone><![CDATA[8]]></id_zone>
</carrier_zone>
<carrier_zone><id_carrier><![CDATA[295]]></id_carrier>
<id_zone><![CDATA[9]]></id_zone>
</carrier_zone>
<carrier_zone><id_carrier><![CDATA[295]]></id_carrier>
<id_zone><![CDATA[10]]></id_zone>
</carrier_zone>
<carrier_zone><id_carrier><![CDATA[295]]></id_carrier>
<id_zone><![CDATA[11]]></id_zone>
</carrier_zone>
<carrier_zone><id_carrier><![CDATA[296]]></id_carrier>
<id_zone><![CDATA[1]]></id_zone>
</carrier_zone>
<carrier_zone><id_carrier><![CDATA[296]]></id_carrier>
<id_zone><![CDATA[2]]></id_zone>
</carrier_zone>
<carrier_zone><id_carrier><![CDATA[296]]></id_carrier>
<id_zone><![CDATA[3]]></id_zone>
</carrier_zone>
<carrier_zone><id_carrier><![CDATA[296]]></id_carrier>
<id_zone><![CDATA[4]]></id_zone>
</carrier_zone>
<carrier_zone><id_carrier><![CDATA[296]]></id_carrier>
<id_zone><![CDATA[5]]></id_zone>
</carrier_zone>
<carrier_zone><id_carrier><![CDATA[296]]></id_carrier>
<id_zone><![CDATA[6]]></id_zone>
</carrier_zone>
<carrier_zone><id_carrier><![CDATA[296]]></id_carrier>
<id_zone><![CDATA[7]]></id_zone>
</carrier_zone>
<carrier_zone><id_carrier><![CDATA[296]]></id_carrier>
<id_zone><![CDATA[8]]></id_zone>
</carrier_zone>
<carrier_zone><id_carrier><![CDATA[296]]></id_carrier>
<id_zone><![CDATA[9]]></id_zone>
</carrier_zone>
<carrier_zone><id_carrier><![CDATA[296]]></id_carrier>
<id_zone><![CDATA[10]]></id_zone>
</carrier_zone>
<carrier_zone><id_carrier><![CDATA[296]]></id_carrier>
<id_zone><![CDATA[11]]></id_zone>
</carrier_zone>
<carrier_zone><id_carrier><![CDATA[297]]></id_carrier>
<id_zone><![CDATA[1]]></id_zone>
</carrier_zone>
<carrier_zone><id_carrier><![CDATA[297]]></id_carrier>
<id_zone><![CDATA[2]]></id_zone>
</carrier_zone>
<carrier_zone><id_carrier><![CDATA[297]]></id_carrier>
<id_zone><![CDATA[3]]></id_zone>
</carrier_zone>
<carrier_zone><id_carrier><![CDATA[297]]></id_carrier>
<id_zone><![CDATA[4]]></id_zone>
</carrier_zone>
<carrier_zone><id_carrier><![CDATA[297]]></id_carrier>
<id_zone><![CDATA[5]]></id_zone>
</carrier_zone>
<carrier_zone><id_carrier><![CDATA[297]]></id_carrier>
<id_zone><![CDATA[6]]></id_zone>
</carrier_zone>
<carrier_zone><id_carrier><![CDATA[297]]></id_carrier>
<id_zone><![CDATA[7]]></id_zone>
</carrier_zone>
<carrier_zone><id_carrier><![CDATA[297]]></id_carrier>
<id_zone><![CDATA[8]]></id_zone>
</carrier_zone>
<carrier_zone><id_carrier><![CDATA[297]]></id_carrier>
<id_zone><![CDATA[9]]></id_zone>
</carrier_zone>
<carrier_zone><id_carrier><![CDATA[297]]></id_carrier>
<id_zone><![CDATA[10]]></id_zone>
</carrier_zone>
<carrier_zone><id_carrier><![CDATA[297]]></id_carrier>
<id_zone><![CDATA[11]]></id_zone>
</carrier_zone>
<carrier_zone><id_carrier><![CDATA[298]]></id_carrier>
<id_zone><![CDATA[1]]></id_zone>
</carrier_zone>
<carrier_zone><id_carrier><![CDATA[298]]></id_carrier>
<id_zone><![CDATA[2]]></id_zone>
</carrier_zone>
<carrier_zone><id_carrier><![CDATA[298]]></id_carrier>
<id_zone><![CDATA[3]]></id_zone>
</carrier_zone>
<carrier_zone><id_carrier><![CDATA[298]]></id_carrier>
<id_zone><![CDATA[4]]></id_zone>
</carrier_zone>
<carrier_zone><id_carrier><![CDATA[298]]></id_carrier>
<id_zone><![CDATA[5]]></id_zone>
</carrier_zone>
<carrier_zone><id_carrier><![CDATA[298]]></id_carrier>
<id_zone><![CDATA[6]]></id_zone>
</carrier_zone>
<carrier_zone><id_carrier><![CDATA[298]]></id_carrier>
<id_zone><![CDATA[7]]></id_zone>
</carrier_zone>
<carrier_zone><id_carrier><![CDATA[298]]></id_carrier>
<id_zone><![CDATA[8]]></id_zone>
</carrier_zone>
<carrier_zone><id_carrier><![CDATA[298]]></id_carrier>
<id_zone><![CDATA[11]]></id_zone>
</carrier_zone>
<carrier_zone><id_carrier><![CDATA[299]]></id_carrier>
<id_zone><![CDATA[1]]></id_zone>
</carrier_zone>
<carrier_zone><id_carrier><![CDATA[299]]></id_carrier>
<id_zone><![CDATA[2]]></id_zone>
</carrier_zone>
<carrier_zone><id_carrier><![CDATA[299]]></id_carrier>
<id_zone><![CDATA[3]]></id_zone>
</carrier_zone>
<carrier_zone><id_carrier><![CDATA[299]]></id_carrier>
<id_zone><![CDATA[4]]></id_zone>
</carrier_zone>
<carrier_zone><id_carrier><![CDATA[299]]></id_carrier>
<id_zone><![CDATA[5]]></id_zone>
</carrier_zone>
<carrier_zone><id_carrier><![CDATA[299]]></id_carrier>
<id_zone><![CDATA[6]]></id_zone>
</carrier_zone>
<carrier_zone><id_carrier><![CDATA[299]]></id_carrier>
<id_zone><![CDATA[7]]></id_zone>
</carrier_zone>
<carrier_zone><id_carrier><![CDATA[299]]></id_carrier>
<id_zone><![CDATA[8]]></id_zone>
</carrier_zone>
<carrier_zone><id_carrier><![CDATA[299]]></id_carrier>
<id_zone><![CDATA[11]]></id_zone>
</carrier_zone>
<carrier_zone><id_carrier><![CDATA[300]]></id_carrier>
<id_zone><![CDATA[9]]></id_zone>
</carrier_zone>
<carrier_zone><id_carrier><![CDATA[301]]></id_carrier>
<id_zone><![CDATA[9]]></id_zone>
</carrier_zone>
<carrier_zone><id_carrier><![CDATA[302]]></id_carrier>
<id_zone><![CDATA[9]]></id_zone>
</carrier_zone>
<carrier_zone><id_carrier><![CDATA[303]]></id_carrier>
<id_zone><![CDATA[9]]></id_zone>
</carrier_zone>
<carrier_zone><id_carrier><![CDATA[304]]></id_carrier>
<id_zone><![CDATA[9]]></id_zone>
</carrier_zone>
<carrier_zone><id_carrier><![CDATA[305]]></id_carrier>
<id_zone><![CDATA[9]]></id_zone>
</carrier_zone>
<carrier_zone><id_carrier><![CDATA[306]]></id_carrier>
<id_zone><![CDATA[1]]></id_zone>
</carrier_zone>
<carrier_zone><id_carrier><![CDATA[306]]></id_carrier>
<id_zone><![CDATA[2]]></id_zone>
</carrier_zone>
<carrier_zone><id_carrier><![CDATA[306]]></id_carrier>
<id_zone><![CDATA[3]]></id_zone>
</carrier_zone>
<carrier_zone><id_carrier><![CDATA[306]]></id_carrier>
<id_zone><![CDATA[4]]></id_zone>
</carrier_zone>
</entity_profile>
