<?xml version="1.0" encoding="UTF-8"?>
<entity_profile>
<cart_rule_product_rule><id_product_rule><![CDATA[1]]></id_product_rule>
<id_product_rule_group><![CDATA[1]]></id_product_rule_group>
<type><![CDATA[products]]></type>
</cart_rule_product_rule>
<cart_rule_product_rule><id_product_rule><![CDATA[2]]></id_product_rule>
<id_product_rule_group><![CDATA[2]]></id_product_rule_group>
<type><![CDATA[products]]></type>
</cart_rule_product_rule>
<cart_rule_product_rule><id_product_rule><![CDATA[3]]></id_product_rule>
<id_product_rule_group><![CDATA[3]]></id_product_rule_group>
<type><![CDATA[products]]></type>
</cart_rule_product_rule>
<cart_rule_product_rule><id_product_rule><![CDATA[4]]></id_product_rule>
<id_product_rule_group><![CDATA[4]]></id_product_rule_group>
<type><![CDATA[products]]></type>
</cart_rule_product_rule>
</entity_profile>
