<?xml version="1.0" encoding="UTF-8"?>
<entity_profile>
<cart_rule_product_rule_group><id_product_rule_group><![CDATA[1]]></id_product_rule_group>
<id_cart_rule><![CDATA[92]]></id_cart_rule>
<quantity><![CDATA[1]]></quantity>
</cart_rule_product_rule_group>
<cart_rule_product_rule_group><id_product_rule_group><![CDATA[2]]></id_product_rule_group>
<id_cart_rule><![CDATA[91]]></id_cart_rule>
<quantity><![CDATA[1]]></quantity>
</cart_rule_product_rule_group>
<cart_rule_product_rule_group><id_product_rule_group><![CDATA[3]]></id_product_rule_group>
<id_cart_rule><![CDATA[97]]></id_cart_rule>
<quantity><![CDATA[1]]></quantity>
</cart_rule_product_rule_group>
<cart_rule_product_rule_group><id_product_rule_group><![CDATA[4]]></id_product_rule_group>
<id_cart_rule><![CDATA[276]]></id_cart_rule>
<quantity><![CDATA[1]]></quantity>
</cart_rule_product_rule_group>
</entity_profile>
