<?xml version="1.0" encoding="UTF-8"?>
<entity_profile>
<cart_rule_product_rule_value><id_product_rule><![CDATA[1]]></id_product_rule>
<id_item><![CDATA[1300]]></id_item>
</cart_rule_product_rule_value>
<cart_rule_product_rule_value><id_product_rule><![CDATA[2]]></id_product_rule>
<id_item><![CDATA[1300]]></id_item>
</cart_rule_product_rule_value>
<cart_rule_product_rule_value><id_product_rule><![CDATA[3]]></id_product_rule>
<id_item><![CDATA[1300]]></id_item>
</cart_rule_product_rule_value>
<cart_rule_product_rule_value><id_product_rule><![CDATA[4]]></id_product_rule>
<id_item><![CDATA[1300]]></id_item>
</cart_rule_product_rule_value>
</entity_profile>
