<?xml version="1.0" encoding="UTF-8"?>
<entity_profile>
<category_product><id_category><![CDATA[47]]></id_category>
<id_product><![CDATA[4141]]></id_product>
<position><![CDATA[4]]></position>
</category_product>
<category_product><id_category><![CDATA[54]]></id_category>
<id_product><![CDATA[353]]></id_product>
<position><![CDATA[0]]></position>
</category_product>
<category_product><id_category><![CDATA[54]]></id_category>
<id_product><![CDATA[354]]></id_product>
<position><![CDATA[1]]></position>
</category_product>
<category_product><id_category><![CDATA[55]]></id_category>
<id_product><![CDATA[141]]></id_product>
<position><![CDATA[0]]></position>
</category_product>
<category_product><id_category><![CDATA[55]]></id_category>
<id_product><![CDATA[227]]></id_product>
<position><![CDATA[1]]></position>
</category_product>
<category_product><id_category><![CDATA[55]]></id_category>
<id_product><![CDATA[228]]></id_product>
<position><![CDATA[2]]></position>
</category_product>
<category_product><id_category><![CDATA[55]]></id_category>
<id_product><![CDATA[355]]></id_product>
<position><![CDATA[3]]></position>
</category_product>
<category_product><id_category><![CDATA[55]]></id_category>
<id_product><![CDATA[356]]></id_product>
<position><![CDATA[4]]></position>
</category_product>
<category_product><id_category><![CDATA[55]]></id_category>
<id_product><![CDATA[357]]></id_product>
<position><![CDATA[5]]></position>
</category_product>
<category_product><id_category><![CDATA[55]]></id_category>
<id_product><![CDATA[358]]></id_product>
<position><![CDATA[6]]></position>
</category_product>
<category_product><id_category><![CDATA[55]]></id_category>
<id_product><![CDATA[359]]></id_product>
<position><![CDATA[7]]></position>
</category_product>
<category_product><id_category><![CDATA[55]]></id_category>
<id_product><![CDATA[360]]></id_product>
<position><![CDATA[8]]></position>
</category_product>
<category_product><id_category><![CDATA[55]]></id_category>
<id_product><![CDATA[361]]></id_product>
<position><![CDATA[9]]></position>
</category_product>
<category_product><id_category><![CDATA[55]]></id_category>
<id_product><![CDATA[362]]></id_product>
<position><![CDATA[10]]></position>
</category_product>
<category_product><id_category><![CDATA[55]]></id_category>
<id_product><![CDATA[363]]></id_product>
<position><![CDATA[11]]></position>
</category_product>
<category_product><id_category><![CDATA[55]]></id_category>
<id_product><![CDATA[364]]></id_product>
<position><![CDATA[12]]></position>
</category_product>
<category_product><id_category><![CDATA[55]]></id_category>
<id_product><![CDATA[365]]></id_product>
<position><![CDATA[13]]></position>
</category_product>
<category_product><id_category><![CDATA[55]]></id_category>
<id_product><![CDATA[366]]></id_product>
<position><![CDATA[14]]></position>
</category_product>
<category_product><id_category><![CDATA[55]]></id_category>
<id_product><![CDATA[367]]></id_product>
<position><![CDATA[15]]></position>
</category_product>
<category_product><id_category><![CDATA[55]]></id_category>
<id_product><![CDATA[368]]></id_product>
<position><![CDATA[16]]></position>
</category_product>
<category_product><id_category><![CDATA[55]]></id_category>
<id_product><![CDATA[369]]></id_product>
<position><![CDATA[17]]></position>
</category_product>
<category_product><id_category><![CDATA[55]]></id_category>
<id_product><![CDATA[370]]></id_product>
<position><![CDATA[18]]></position>
</category_product>
<category_product><id_category><![CDATA[55]]></id_category>
<id_product><![CDATA[371]]></id_product>
<position><![CDATA[19]]></position>
</category_product>
<category_product><id_category><![CDATA[55]]></id_category>
<id_product><![CDATA[372]]></id_product>
<position><![CDATA[20]]></position>
</category_product>
<category_product><id_category><![CDATA[55]]></id_category>
<id_product><![CDATA[489]]></id_product>
<position><![CDATA[21]]></position>
</category_product>
<category_product><id_category><![CDATA[55]]></id_category>
<id_product><![CDATA[501]]></id_product>
<position><![CDATA[22]]></position>
</category_product>
<category_product><id_category><![CDATA[55]]></id_category>
<id_product><![CDATA[502]]></id_product>
<position><![CDATA[23]]></position>
</category_product>
<category_product><id_category><![CDATA[55]]></id_category>
<id_product><![CDATA[509]]></id_product>
<position><![CDATA[24]]></position>
</category_product>
<category_product><id_category><![CDATA[55]]></id_category>
<id_product><![CDATA[518]]></id_product>
<position><![CDATA[25]]></position>
</category_product>
<category_product><id_category><![CDATA[55]]></id_category>
<id_product><![CDATA[525]]></id_product>
<position><![CDATA[26]]></position>
</category_product>
<category_product><id_category><![CDATA[55]]></id_category>
<id_product><![CDATA[531]]></id_product>
<position><![CDATA[27]]></position>
</category_product>
<category_product><id_category><![CDATA[55]]></id_category>
<id_product><![CDATA[867]]></id_product>
<position><![CDATA[28]]></position>
</category_product>
<category_product><id_category><![CDATA[55]]></id_category>
<id_product><![CDATA[874]]></id_product>
<position><![CDATA[29]]></position>
</category_product>
<category_product><id_category><![CDATA[55]]></id_category>
<id_product><![CDATA[875]]></id_product>
<position><![CDATA[30]]></position>
</category_product>
<category_product><id_category><![CDATA[55]]></id_category>
<id_product><![CDATA[876]]></id_product>
<position><![CDATA[31]]></position>
</category_product>
<category_product><id_category><![CDATA[55]]></id_category>
<id_product><![CDATA[877]]></id_product>
<position><![CDATA[32]]></position>
</category_product>
<category_product><id_category><![CDATA[55]]></id_category>
<id_product><![CDATA[958]]></id_product>
<position><![CDATA[33]]></position>
</category_product>
<category_product><id_category><![CDATA[55]]></id_category>
<id_product><![CDATA[1002]]></id_product>
<position><![CDATA[34]]></position>
</category_product>
<category_product><id_category><![CDATA[55]]></id_category>
<id_product><![CDATA[1003]]></id_product>
<position><![CDATA[35]]></position>
</category_product>
<category_product><id_category><![CDATA[55]]></id_category>
<id_product><![CDATA[1004]]></id_product>
<position><![CDATA[36]]></position>
</category_product>
<category_product><id_category><![CDATA[55]]></id_category>
<id_product><![CDATA[1005]]></id_product>
<position><![CDATA[37]]></position>
</category_product>
<category_product><id_category><![CDATA[55]]></id_category>
<id_product><![CDATA[4549]]></id_product>
<position><![CDATA[38]]></position>
</category_product>
<category_product><id_category><![CDATA[55]]></id_category>
<id_product><![CDATA[1132]]></id_product>
<position><![CDATA[39]]></position>
</category_product>
<category_product><id_category><![CDATA[55]]></id_category>
<id_product><![CDATA[1142]]></id_product>
<position><![CDATA[40]]></position>
</category_product>
<category_product><id_category><![CDATA[55]]></id_category>
<id_product><![CDATA[1143]]></id_product>
<position><![CDATA[41]]></position>
</category_product>
<category_product><id_category><![CDATA[55]]></id_category>
<id_product><![CDATA[1473]]></id_product>
<position><![CDATA[42]]></position>
</category_product>
<category_product><id_category><![CDATA[55]]></id_category>
<id_product><![CDATA[2245]]></id_product>
<position><![CDATA[43]]></position>
</category_product>
<category_product><id_category><![CDATA[55]]></id_category>
<id_product><![CDATA[4303]]></id_product>
<position><![CDATA[44]]></position>
</category_product>
<category_product><id_category><![CDATA[55]]></id_category>
<id_product><![CDATA[4304]]></id_product>
<position><![CDATA[45]]></position>
</category_product>
<category_product><id_category><![CDATA[56]]></id_category>
<id_product><![CDATA[804]]></id_product>
<position><![CDATA[0]]></position>
</category_product>
<category_product><id_category><![CDATA[56]]></id_category>
<id_product><![CDATA[805]]></id_product>
<position><![CDATA[1]]></position>
</category_product>
<category_product><id_category><![CDATA[56]]></id_category>
<id_product><![CDATA[806]]></id_product>
<position><![CDATA[2]]></position>
</category_product>
<category_product><id_category><![CDATA[56]]></id_category>
<id_product><![CDATA[807]]></id_product>
<position><![CDATA[3]]></position>
</category_product>
<category_product><id_category><![CDATA[56]]></id_category>
<id_product><![CDATA[808]]></id_product>
<position><![CDATA[4]]></position>
</category_product>
<category_product><id_category><![CDATA[56]]></id_category>
<id_product><![CDATA[809]]></id_product>
<position><![CDATA[5]]></position>
</category_product>
<category_product><id_category><![CDATA[56]]></id_category>
<id_product><![CDATA[810]]></id_product>
<position><![CDATA[6]]></position>
</category_product>
<category_product><id_category><![CDATA[56]]></id_category>
<id_product><![CDATA[812]]></id_product>
<position><![CDATA[7]]></position>
</category_product>
<category_product><id_category><![CDATA[56]]></id_category>
<id_product><![CDATA[813]]></id_product>
<position><![CDATA[8]]></position>
</category_product>
<category_product><id_category><![CDATA[56]]></id_category>
<id_product><![CDATA[814]]></id_product>
<position><![CDATA[9]]></position>
</category_product>
<category_product><id_category><![CDATA[56]]></id_category>
<id_product><![CDATA[815]]></id_product>
<position><![CDATA[10]]></position>
</category_product>
<category_product><id_category><![CDATA[56]]></id_category>
<id_product><![CDATA[819]]></id_product>
<position><![CDATA[11]]></position>
</category_product>
<category_product><id_category><![CDATA[56]]></id_category>
<id_product><![CDATA[820]]></id_product>
<position><![CDATA[12]]></position>
</category_product>
<category_product><id_category><![CDATA[56]]></id_category>
<id_product><![CDATA[821]]></id_product>
<position><![CDATA[13]]></position>
</category_product>
<category_product><id_category><![CDATA[56]]></id_category>
<id_product><![CDATA[822]]></id_product>
<position><![CDATA[14]]></position>
</category_product>
<category_product><id_category><![CDATA[56]]></id_category>
<id_product><![CDATA[823]]></id_product>
<position><![CDATA[15]]></position>
</category_product>
<category_product><id_category><![CDATA[56]]></id_category>
<id_product><![CDATA[824]]></id_product>
<position><![CDATA[16]]></position>
</category_product>
<category_product><id_category><![CDATA[56]]></id_category>
<id_product><![CDATA[825]]></id_product>
<position><![CDATA[17]]></position>
</category_product>
<category_product><id_category><![CDATA[56]]></id_category>
<id_product><![CDATA[826]]></id_product>
<position><![CDATA[18]]></position>
</category_product>
<category_product><id_category><![CDATA[56]]></id_category>
<id_product><![CDATA[827]]></id_product>
<position><![CDATA[19]]></position>
</category_product>
<category_product><id_category><![CDATA[56]]></id_category>
<id_product><![CDATA[828]]></id_product>
<position><![CDATA[20]]></position>
</category_product>
<category_product><id_category><![CDATA[56]]></id_category>
<id_product><![CDATA[829]]></id_product>
<position><![CDATA[21]]></position>
</category_product>
<category_product><id_category><![CDATA[56]]></id_category>
<id_product><![CDATA[830]]></id_product>
<position><![CDATA[22]]></position>
</category_product>
<category_product><id_category><![CDATA[56]]></id_category>
<id_product><![CDATA[831]]></id_product>
<position><![CDATA[23]]></position>
</category_product>
<category_product><id_category><![CDATA[56]]></id_category>
<id_product><![CDATA[832]]></id_product>
<position><![CDATA[24]]></position>
</category_product>
<category_product><id_category><![CDATA[56]]></id_category>
<id_product><![CDATA[833]]></id_product>
<position><![CDATA[25]]></position>
</category_product>
<category_product><id_category><![CDATA[56]]></id_category>
<id_product><![CDATA[839]]></id_product>
<position><![CDATA[26]]></position>
</category_product>
<category_product><id_category><![CDATA[56]]></id_category>
<id_product><![CDATA[840]]></id_product>
<position><![CDATA[27]]></position>
</category_product>
<category_product><id_category><![CDATA[56]]></id_category>
<id_product><![CDATA[841]]></id_product>
<position><![CDATA[28]]></position>
</category_product>
<category_product><id_category><![CDATA[56]]></id_category>
<id_product><![CDATA[845]]></id_product>
<position><![CDATA[29]]></position>
</category_product>
<category_product><id_category><![CDATA[56]]></id_category>
<id_product><![CDATA[846]]></id_product>
<position><![CDATA[30]]></position>
</category_product>
<category_product><id_category><![CDATA[56]]></id_category>
<id_product><![CDATA[847]]></id_product>
<position><![CDATA[31]]></position>
</category_product>
<category_product><id_category><![CDATA[56]]></id_category>
<id_product><![CDATA[848]]></id_product>
<position><![CDATA[32]]></position>
</category_product>
<category_product><id_category><![CDATA[56]]></id_category>
<id_product><![CDATA[849]]></id_product>
<position><![CDATA[33]]></position>
</category_product>
<category_product><id_category><![CDATA[56]]></id_category>
<id_product><![CDATA[850]]></id_product>
<position><![CDATA[34]]></position>
</category_product>
<category_product><id_category><![CDATA[56]]></id_category>
<id_product><![CDATA[851]]></id_product>
<position><![CDATA[35]]></position>
</category_product>
<category_product><id_category><![CDATA[56]]></id_category>
<id_product><![CDATA[852]]></id_product>
<position><![CDATA[36]]></position>
</category_product>
<category_product><id_category><![CDATA[56]]></id_category>
<id_product><![CDATA[853]]></id_product>
<position><![CDATA[37]]></position>
</category_product>
<category_product><id_category><![CDATA[56]]></id_category>
<id_product><![CDATA[854]]></id_product>
<position><![CDATA[38]]></position>
</category_product>
<category_product><id_category><![CDATA[56]]></id_category>
<id_product><![CDATA[855]]></id_product>
<position><![CDATA[39]]></position>
</category_product>
<category_product><id_category><![CDATA[56]]></id_category>
<id_product><![CDATA[856]]></id_product>
<position><![CDATA[40]]></position>
</category_product>
<category_product><id_category><![CDATA[56]]></id_category>
<id_product><![CDATA[858]]></id_product>
<position><![CDATA[41]]></position>
</category_product>
<category_product><id_category><![CDATA[56]]></id_category>
<id_product><![CDATA[859]]></id_product>
<position><![CDATA[42]]></position>
</category_product>
<category_product><id_category><![CDATA[56]]></id_category>
<id_product><![CDATA[861]]></id_product>
<position><![CDATA[43]]></position>
</category_product>
<category_product><id_category><![CDATA[56]]></id_category>
<id_product><![CDATA[862]]></id_product>
<position><![CDATA[44]]></position>
</category_product>
<category_product><id_category><![CDATA[56]]></id_category>
<id_product><![CDATA[863]]></id_product>
<position><![CDATA[45]]></position>
</category_product>
<category_product><id_category><![CDATA[56]]></id_category>
<id_product><![CDATA[864]]></id_product>
<position><![CDATA[46]]></position>
</category_product>
<category_product><id_category><![CDATA[56]]></id_category>
<id_product><![CDATA[865]]></id_product>
<position><![CDATA[47]]></position>
</category_product>
<category_product><id_category><![CDATA[56]]></id_category>
<id_product><![CDATA[878]]></id_product>
<position><![CDATA[48]]></position>
</category_product>
<category_product><id_category><![CDATA[56]]></id_category>
<id_product><![CDATA[879]]></id_product>
<position><![CDATA[49]]></position>
</category_product>
<category_product><id_category><![CDATA[56]]></id_category>
<id_product><![CDATA[880]]></id_product>
<position><![CDATA[50]]></position>
</category_product>
<category_product><id_category><![CDATA[56]]></id_category>
<id_product><![CDATA[881]]></id_product>
<position><![CDATA[51]]></position>
</category_product>
<category_product><id_category><![CDATA[56]]></id_category>
<id_product><![CDATA[894]]></id_product>
<position><![CDATA[52]]></position>
</category_product>
<category_product><id_category><![CDATA[56]]></id_category>
<id_product><![CDATA[895]]></id_product>
<position><![CDATA[53]]></position>
</category_product>
<category_product><id_category><![CDATA[56]]></id_category>
<id_product><![CDATA[896]]></id_product>
<position><![CDATA[54]]></position>
</category_product>
<category_product><id_category><![CDATA[56]]></id_category>
<id_product><![CDATA[897]]></id_product>
<position><![CDATA[55]]></position>
</category_product>
<category_product><id_category><![CDATA[56]]></id_category>
<id_product><![CDATA[898]]></id_product>
<position><![CDATA[56]]></position>
</category_product>
<category_product><id_category><![CDATA[56]]></id_category>
<id_product><![CDATA[907]]></id_product>
<position><![CDATA[57]]></position>
</category_product>
<category_product><id_category><![CDATA[56]]></id_category>
<id_product><![CDATA[911]]></id_product>
<position><![CDATA[58]]></position>
</category_product>
<category_product><id_category><![CDATA[56]]></id_category>
<id_product><![CDATA[912]]></id_product>
<position><![CDATA[59]]></position>
</category_product>
<category_product><id_category><![CDATA[56]]></id_category>
<id_product><![CDATA[913]]></id_product>
<position><![CDATA[60]]></position>
</category_product>
<category_product><id_category><![CDATA[56]]></id_category>
<id_product><![CDATA[914]]></id_product>
<position><![CDATA[61]]></position>
</category_product>
<category_product><id_category><![CDATA[56]]></id_category>
<id_product><![CDATA[915]]></id_product>
<position><![CDATA[62]]></position>
</category_product>
<category_product><id_category><![CDATA[56]]></id_category>
<id_product><![CDATA[916]]></id_product>
<position><![CDATA[63]]></position>
</category_product>
<category_product><id_category><![CDATA[56]]></id_category>
<id_product><![CDATA[917]]></id_product>
<position><![CDATA[64]]></position>
</category_product>
<category_product><id_category><![CDATA[56]]></id_category>
<id_product><![CDATA[918]]></id_product>
<position><![CDATA[65]]></position>
</category_product>
<category_product><id_category><![CDATA[56]]></id_category>
<id_product><![CDATA[919]]></id_product>
<position><![CDATA[66]]></position>
</category_product>
<category_product><id_category><![CDATA[56]]></id_category>
<id_product><![CDATA[920]]></id_product>
<position><![CDATA[67]]></position>
</category_product>
<category_product><id_category><![CDATA[56]]></id_category>
<id_product><![CDATA[921]]></id_product>
<position><![CDATA[68]]></position>
</category_product>
<category_product><id_category><![CDATA[56]]></id_category>
<id_product><![CDATA[922]]></id_product>
<position><![CDATA[69]]></position>
</category_product>
<category_product><id_category><![CDATA[56]]></id_category>
<id_product><![CDATA[936]]></id_product>
<position><![CDATA[70]]></position>
</category_product>
<category_product><id_category><![CDATA[56]]></id_category>
<id_product><![CDATA[938]]></id_product>
<position><![CDATA[71]]></position>
</category_product>
<category_product><id_category><![CDATA[56]]></id_category>
<id_product><![CDATA[939]]></id_product>
<position><![CDATA[72]]></position>
</category_product>
<category_product><id_category><![CDATA[56]]></id_category>
<id_product><![CDATA[940]]></id_product>
<position><![CDATA[73]]></position>
</category_product>
<category_product><id_category><![CDATA[56]]></id_category>
<id_product><![CDATA[941]]></id_product>
<position><![CDATA[74]]></position>
</category_product>
<category_product><id_category><![CDATA[56]]></id_category>
<id_product><![CDATA[942]]></id_product>
<position><![CDATA[75]]></position>
</category_product>
<category_product><id_category><![CDATA[56]]></id_category>
<id_product><![CDATA[943]]></id_product>
<position><![CDATA[76]]></position>
</category_product>
<category_product><id_category><![CDATA[56]]></id_category>
<id_product><![CDATA[944]]></id_product>
<position><![CDATA[77]]></position>
</category_product>
<category_product><id_category><![CDATA[56]]></id_category>
<id_product><![CDATA[945]]></id_product>
<position><![CDATA[78]]></position>
</category_product>
<category_product><id_category><![CDATA[56]]></id_category>
<id_product><![CDATA[946]]></id_product>
<position><![CDATA[79]]></position>
</category_product>
<category_product><id_category><![CDATA[56]]></id_category>
<id_product><![CDATA[947]]></id_product>
<position><![CDATA[80]]></position>
</category_product>
<category_product><id_category><![CDATA[56]]></id_category>
<id_product><![CDATA[951]]></id_product>
<position><![CDATA[81]]></position>
</category_product>
<category_product><id_category><![CDATA[56]]></id_category>
<id_product><![CDATA[952]]></id_product>
<position><![CDATA[82]]></position>
</category_product>
<category_product><id_category><![CDATA[56]]></id_category>
<id_product><![CDATA[953]]></id_product>
<position><![CDATA[83]]></position>
</category_product>
<category_product><id_category><![CDATA[56]]></id_category>
<id_product><![CDATA[954]]></id_product>
<position><![CDATA[84]]></position>
</category_product>
<category_product><id_category><![CDATA[56]]></id_category>
<id_product><![CDATA[955]]></id_product>
<position><![CDATA[85]]></position>
</category_product>
<category_product><id_category><![CDATA[56]]></id_category>
<id_product><![CDATA[956]]></id_product>
<position><![CDATA[86]]></position>
</category_product>
<category_product><id_category><![CDATA[56]]></id_category>
<id_product><![CDATA[957]]></id_product>
<position><![CDATA[87]]></position>
</category_product>
<category_product><id_category><![CDATA[56]]></id_category>
<id_product><![CDATA[960]]></id_product>
<position><![CDATA[88]]></position>
</category_product>
<category_product><id_category><![CDATA[56]]></id_category>
<id_product><![CDATA[961]]></id_product>
<position><![CDATA[89]]></position>
</category_product>
<category_product><id_category><![CDATA[56]]></id_category>
<id_product><![CDATA[962]]></id_product>
<position><![CDATA[90]]></position>
</category_product>
<category_product><id_category><![CDATA[56]]></id_category>
<id_product><![CDATA[963]]></id_product>
<position><![CDATA[91]]></position>
</category_product>
<category_product><id_category><![CDATA[56]]></id_category>
<id_product><![CDATA[964]]></id_product>
<position><![CDATA[92]]></position>
</category_product>
<category_product><id_category><![CDATA[56]]></id_category>
<id_product><![CDATA[965]]></id_product>
<position><![CDATA[93]]></position>
</category_product>
<category_product><id_category><![CDATA[56]]></id_category>
<id_product><![CDATA[966]]></id_product>
<position><![CDATA[94]]></position>
</category_product>
<category_product><id_category><![CDATA[56]]></id_category>
<id_product><![CDATA[967]]></id_product>
<position><![CDATA[95]]></position>
</category_product>
<category_product><id_category><![CDATA[56]]></id_category>
<id_product><![CDATA[968]]></id_product>
<position><![CDATA[96]]></position>
</category_product>
<category_product><id_category><![CDATA[56]]></id_category>
<id_product><![CDATA[969]]></id_product>
<position><![CDATA[97]]></position>
</category_product>
<category_product><id_category><![CDATA[56]]></id_category>
<id_product><![CDATA[970]]></id_product>
<position><![CDATA[98]]></position>
</category_product>
<category_product><id_category><![CDATA[56]]></id_category>
<id_product><![CDATA[971]]></id_product>
<position><![CDATA[99]]></position>
</category_product>
<category_product><id_category><![CDATA[56]]></id_category>
<id_product><![CDATA[972]]></id_product>
<position><![CDATA[100]]></position>
</category_product>
<category_product><id_category><![CDATA[56]]></id_category>
<id_product><![CDATA[973]]></id_product>
<position><![CDATA[101]]></position>
</category_product>
<category_product><id_category><![CDATA[56]]></id_category>
<id_product><![CDATA[974]]></id_product>
<position><![CDATA[102]]></position>
</category_product>
<category_product><id_category><![CDATA[56]]></id_category>
<id_product><![CDATA[975]]></id_product>
<position><![CDATA[103]]></position>
</category_product>
<category_product><id_category><![CDATA[56]]></id_category>
<id_product><![CDATA[976]]></id_product>
<position><![CDATA[104]]></position>
</category_product>
<category_product><id_category><![CDATA[56]]></id_category>
<id_product><![CDATA[977]]></id_product>
<position><![CDATA[105]]></position>
</category_product>
<category_product><id_category><![CDATA[56]]></id_category>
<id_product><![CDATA[978]]></id_product>
<position><![CDATA[106]]></position>
</category_product>
<category_product><id_category><![CDATA[56]]></id_category>
<id_product><![CDATA[979]]></id_product>
<position><![CDATA[107]]></position>
</category_product>
<category_product><id_category><![CDATA[56]]></id_category>
<id_product><![CDATA[980]]></id_product>
<position><![CDATA[108]]></position>
</category_product>
<category_product><id_category><![CDATA[56]]></id_category>
<id_product><![CDATA[981]]></id_product>
<position><![CDATA[109]]></position>
</category_product>
<category_product><id_category><![CDATA[56]]></id_category>
<id_product><![CDATA[982]]></id_product>
<position><![CDATA[110]]></position>
</category_product>
<category_product><id_category><![CDATA[56]]></id_category>
<id_product><![CDATA[983]]></id_product>
<position><![CDATA[111]]></position>
</category_product>
<category_product><id_category><![CDATA[56]]></id_category>
<id_product><![CDATA[984]]></id_product>
<position><![CDATA[112]]></position>
</category_product>
<category_product><id_category><![CDATA[56]]></id_category>
<id_product><![CDATA[985]]></id_product>
<position><![CDATA[113]]></position>
</category_product>
<category_product><id_category><![CDATA[56]]></id_category>
<id_product><![CDATA[986]]></id_product>
<position><![CDATA[114]]></position>
</category_product>
<category_product><id_category><![CDATA[56]]></id_category>
<id_product><![CDATA[987]]></id_product>
<position><![CDATA[115]]></position>
</category_product>
<category_product><id_category><![CDATA[56]]></id_category>
<id_product><![CDATA[988]]></id_product>
<position><![CDATA[116]]></position>
</category_product>
<category_product><id_category><![CDATA[56]]></id_category>
<id_product><![CDATA[989]]></id_product>
<position><![CDATA[117]]></position>
</category_product>
<category_product><id_category><![CDATA[56]]></id_category>
<id_product><![CDATA[990]]></id_product>
<position><![CDATA[118]]></position>
</category_product>
<category_product><id_category><![CDATA[56]]></id_category>
<id_product><![CDATA[991]]></id_product>
<position><![CDATA[119]]></position>
</category_product>
<category_product><id_category><![CDATA[56]]></id_category>
<id_product><![CDATA[992]]></id_product>
<position><![CDATA[120]]></position>
</category_product>
<category_product><id_category><![CDATA[56]]></id_category>
<id_product><![CDATA[994]]></id_product>
<position><![CDATA[121]]></position>
</category_product>
<category_product><id_category><![CDATA[56]]></id_category>
<id_product><![CDATA[995]]></id_product>
<position><![CDATA[122]]></position>
</category_product>
<category_product><id_category><![CDATA[56]]></id_category>
<id_product><![CDATA[996]]></id_product>
<position><![CDATA[123]]></position>
</category_product>
<category_product><id_category><![CDATA[56]]></id_category>
<id_product><![CDATA[997]]></id_product>
<position><![CDATA[124]]></position>
</category_product>
<category_product><id_category><![CDATA[56]]></id_category>
<id_product><![CDATA[998]]></id_product>
<position><![CDATA[125]]></position>
</category_product>
<category_product><id_category><![CDATA[56]]></id_category>
<id_product><![CDATA[999]]></id_product>
<position><![CDATA[126]]></position>
</category_product>
<category_product><id_category><![CDATA[56]]></id_category>
<id_product><![CDATA[1001]]></id_product>
<position><![CDATA[127]]></position>
</category_product>
<category_product><id_category><![CDATA[56]]></id_category>
<id_product><![CDATA[1006]]></id_product>
<position><![CDATA[128]]></position>
</category_product>
<category_product><id_category><![CDATA[56]]></id_category>
<id_product><![CDATA[1007]]></id_product>
<position><![CDATA[129]]></position>
</category_product>
<category_product><id_category><![CDATA[56]]></id_category>
<id_product><![CDATA[1008]]></id_product>
<position><![CDATA[130]]></position>
</category_product>
<category_product><id_category><![CDATA[56]]></id_category>
<id_product><![CDATA[1009]]></id_product>
<position><![CDATA[131]]></position>
</category_product>
<category_product><id_category><![CDATA[56]]></id_category>
<id_product><![CDATA[1010]]></id_product>
<position><![CDATA[132]]></position>
</category_product>
<category_product><id_category><![CDATA[56]]></id_category>
<id_product><![CDATA[1012]]></id_product>
<position><![CDATA[133]]></position>
</category_product>
<category_product><id_category><![CDATA[56]]></id_category>
<id_product><![CDATA[1013]]></id_product>
<position><![CDATA[134]]></position>
</category_product>
<category_product><id_category><![CDATA[56]]></id_category>
<id_product><![CDATA[1014]]></id_product>
<position><![CDATA[135]]></position>
</category_product>
<category_product><id_category><![CDATA[56]]></id_category>
<id_product><![CDATA[1016]]></id_product>
<position><![CDATA[136]]></position>
</category_product>
<category_product><id_category><![CDATA[56]]></id_category>
<id_product><![CDATA[1018]]></id_product>
<position><![CDATA[137]]></position>
</category_product>
<category_product><id_category><![CDATA[56]]></id_category>
<id_product><![CDATA[1059]]></id_product>
<position><![CDATA[138]]></position>
</category_product>
<category_product><id_category><![CDATA[56]]></id_category>
<id_product><![CDATA[1064]]></id_product>
<position><![CDATA[139]]></position>
</category_product>
<category_product><id_category><![CDATA[56]]></id_category>
<id_product><![CDATA[1065]]></id_product>
<position><![CDATA[140]]></position>
</category_product>
<category_product><id_category><![CDATA[56]]></id_category>
<id_product><![CDATA[1066]]></id_product>
<position><![CDATA[141]]></position>
</category_product>
<category_product><id_category><![CDATA[56]]></id_category>
<id_product><![CDATA[1067]]></id_product>
<position><![CDATA[142]]></position>
</category_product>
<category_product><id_category><![CDATA[56]]></id_category>
<id_product><![CDATA[1068]]></id_product>
<position><![CDATA[143]]></position>
</category_product>
<category_product><id_category><![CDATA[56]]></id_category>
<id_product><![CDATA[1069]]></id_product>
<position><![CDATA[144]]></position>
</category_product>
<category_product><id_category><![CDATA[56]]></id_category>
<id_product><![CDATA[1071]]></id_product>
<position><![CDATA[145]]></position>
</category_product>
<category_product><id_category><![CDATA[56]]></id_category>
<id_product><![CDATA[1072]]></id_product>
<position><![CDATA[146]]></position>
</category_product>
<category_product><id_category><![CDATA[56]]></id_category>
<id_product><![CDATA[1073]]></id_product>
<position><![CDATA[147]]></position>
</category_product>
<category_product><id_category><![CDATA[56]]></id_category>
<id_product><![CDATA[1074]]></id_product>
<position><![CDATA[148]]></position>
</category_product>
<category_product><id_category><![CDATA[56]]></id_category>
<id_product><![CDATA[1091]]></id_product>
<position><![CDATA[149]]></position>
</category_product>
<category_product><id_category><![CDATA[56]]></id_category>
<id_product><![CDATA[2408]]></id_product>
<position><![CDATA[150]]></position>
</category_product>
<category_product><id_category><![CDATA[56]]></id_category>
<id_product><![CDATA[2542]]></id_product>
<position><![CDATA[151]]></position>
</category_product>
<category_product><id_category><![CDATA[56]]></id_category>
<id_product><![CDATA[2773]]></id_product>
<position><![CDATA[152]]></position>
</category_product>
<category_product><id_category><![CDATA[56]]></id_category>
<id_product><![CDATA[2791]]></id_product>
<position><![CDATA[153]]></position>
</category_product>
<category_product><id_category><![CDATA[56]]></id_category>
<id_product><![CDATA[2792]]></id_product>
<position><![CDATA[154]]></position>
</category_product>
<category_product><id_category><![CDATA[56]]></id_category>
<id_product><![CDATA[2793]]></id_product>
<position><![CDATA[155]]></position>
</category_product>
<category_product><id_category><![CDATA[56]]></id_category>
<id_product><![CDATA[2794]]></id_product>
<position><![CDATA[156]]></position>
</category_product>
<category_product><id_category><![CDATA[56]]></id_category>
<id_product><![CDATA[2795]]></id_product>
<position><![CDATA[157]]></position>
</category_product>
<category_product><id_category><![CDATA[56]]></id_category>
<id_product><![CDATA[2796]]></id_product>
<position><![CDATA[158]]></position>
</category_product>
<category_product><id_category><![CDATA[56]]></id_category>
<id_product><![CDATA[2798]]></id_product>
<position><![CDATA[159]]></position>
</category_product>
<category_product><id_category><![CDATA[56]]></id_category>
<id_product><![CDATA[2799]]></id_product>
<position><![CDATA[160]]></position>
</category_product>
<category_product><id_category><![CDATA[56]]></id_category>
<id_product><![CDATA[2800]]></id_product>
<position><![CDATA[161]]></position>
</category_product>
<category_product><id_category><![CDATA[56]]></id_category>
<id_product><![CDATA[2801]]></id_product>
<position><![CDATA[162]]></position>
</category_product>
<category_product><id_category><![CDATA[56]]></id_category>
<id_product><![CDATA[2802]]></id_product>
<position><![CDATA[163]]></position>
</category_product>
<category_product><id_category><![CDATA[56]]></id_category>
<id_product><![CDATA[2904]]></id_product>
<position><![CDATA[164]]></position>
</category_product>
<category_product><id_category><![CDATA[56]]></id_category>
<id_product><![CDATA[2905]]></id_product>
<position><![CDATA[165]]></position>
</category_product>
<category_product><id_category><![CDATA[56]]></id_category>
<id_product><![CDATA[2907]]></id_product>
<position><![CDATA[166]]></position>
</category_product>
<category_product><id_category><![CDATA[56]]></id_category>
<id_product><![CDATA[2908]]></id_product>
<position><![CDATA[167]]></position>
</category_product>
<category_product><id_category><![CDATA[56]]></id_category>
<id_product><![CDATA[2910]]></id_product>
<position><![CDATA[168]]></position>
</category_product>
<category_product><id_category><![CDATA[56]]></id_category>
<id_product><![CDATA[3055]]></id_product>
<position><![CDATA[169]]></position>
</category_product>
<category_product><id_category><![CDATA[56]]></id_category>
<id_product><![CDATA[4056]]></id_product>
<position><![CDATA[170]]></position>
</category_product>
<category_product><id_category><![CDATA[56]]></id_category>
<id_product><![CDATA[4554]]></id_product>
<position><![CDATA[171]]></position>
</category_product>
<category_product><id_category><![CDATA[65]]></id_category>
<id_product><![CDATA[119]]></id_product>
<position><![CDATA[0]]></position>
</category_product>
<category_product><id_category><![CDATA[65]]></id_category>
<id_product><![CDATA[131]]></id_product>
<position><![CDATA[1]]></position>
</category_product>
<category_product><id_category><![CDATA[65]]></id_category>
<id_product><![CDATA[142]]></id_product>
<position><![CDATA[2]]></position>
</category_product>
<category_product><id_category><![CDATA[65]]></id_category>
<id_product><![CDATA[150]]></id_product>
<position><![CDATA[3]]></position>
</category_product>
<category_product><id_category><![CDATA[65]]></id_category>
<id_product><![CDATA[155]]></id_product>
<position><![CDATA[4]]></position>
</category_product>
<category_product><id_category><![CDATA[65]]></id_category>
<id_product><![CDATA[161]]></id_product>
<position><![CDATA[5]]></position>
</category_product>
<category_product><id_category><![CDATA[65]]></id_category>
<id_product><![CDATA[168]]></id_product>
<position><![CDATA[6]]></position>
</category_product>
<category_product><id_category><![CDATA[65]]></id_category>
<id_product><![CDATA[170]]></id_product>
<position><![CDATA[7]]></position>
</category_product>
<category_product><id_category><![CDATA[65]]></id_category>
<id_product><![CDATA[178]]></id_product>
<position><![CDATA[8]]></position>
</category_product>
<category_product><id_category><![CDATA[65]]></id_category>
<id_product><![CDATA[184]]></id_product>
<position><![CDATA[9]]></position>
</category_product>
<category_product><id_category><![CDATA[65]]></id_category>
<id_product><![CDATA[185]]></id_product>
<position><![CDATA[10]]></position>
</category_product>
<category_product><id_category><![CDATA[65]]></id_category>
<id_product><![CDATA[200]]></id_product>
<position><![CDATA[11]]></position>
</category_product>
<category_product><id_category><![CDATA[65]]></id_category>
<id_product><![CDATA[206]]></id_product>
<position><![CDATA[12]]></position>
</category_product>
<category_product><id_category><![CDATA[65]]></id_category>
<id_product><![CDATA[212]]></id_product>
<position><![CDATA[13]]></position>
</category_product>
<category_product><id_category><![CDATA[65]]></id_category>
<id_product><![CDATA[255]]></id_product>
<position><![CDATA[14]]></position>
</category_product>
<category_product><id_category><![CDATA[65]]></id_category>
<id_product><![CDATA[277]]></id_product>
<position><![CDATA[15]]></position>
</category_product>
<category_product><id_category><![CDATA[65]]></id_category>
<id_product><![CDATA[298]]></id_product>
<position><![CDATA[16]]></position>
</category_product>
<category_product><id_category><![CDATA[65]]></id_category>
<id_product><![CDATA[327]]></id_product>
<position><![CDATA[17]]></position>
</category_product>
<category_product><id_category><![CDATA[65]]></id_category>
<id_product><![CDATA[328]]></id_product>
<position><![CDATA[18]]></position>
</category_product>
<category_product><id_category><![CDATA[65]]></id_category>
<id_product><![CDATA[1234]]></id_product>
<position><![CDATA[19]]></position>
</category_product>
<category_product><id_category><![CDATA[65]]></id_category>
<id_product><![CDATA[1235]]></id_product>
<position><![CDATA[20]]></position>
</category_product>
<category_product><id_category><![CDATA[65]]></id_category>
<id_product><![CDATA[1435]]></id_product>
<position><![CDATA[21]]></position>
</category_product>
<category_product><id_category><![CDATA[66]]></id_category>
<id_product><![CDATA[122]]></id_product>
<position><![CDATA[0]]></position>
</category_product>
<category_product><id_category><![CDATA[66]]></id_category>
<id_product><![CDATA[129]]></id_product>
<position><![CDATA[1]]></position>
</category_product>
<category_product><id_category><![CDATA[66]]></id_category>
<id_product><![CDATA[148]]></id_product>
<position><![CDATA[2]]></position>
</category_product>
<category_product><id_category><![CDATA[66]]></id_category>
<id_product><![CDATA[167]]></id_product>
<position><![CDATA[3]]></position>
</category_product>
<category_product><id_category><![CDATA[66]]></id_category>
<id_product><![CDATA[198]]></id_product>
<position><![CDATA[4]]></position>
</category_product>
<category_product><id_category><![CDATA[66]]></id_category>
<id_product><![CDATA[205]]></id_product>
<position><![CDATA[5]]></position>
</category_product>
<category_product><id_category><![CDATA[66]]></id_category>
<id_product><![CDATA[253]]></id_product>
<position><![CDATA[6]]></position>
</category_product>
<category_product><id_category><![CDATA[66]]></id_category>
<id_product><![CDATA[296]]></id_product>
<position><![CDATA[7]]></position>
</category_product>
<category_product><id_category><![CDATA[67]]></id_category>
<id_product><![CDATA[123]]></id_product>
<position><![CDATA[0]]></position>
</category_product>
<category_product><id_category><![CDATA[67]]></id_category>
<id_product><![CDATA[127]]></id_product>
<position><![CDATA[1]]></position>
</category_product>
<category_product><id_category><![CDATA[67]]></id_category>
<id_product><![CDATA[132]]></id_product>
<position><![CDATA[2]]></position>
</category_product>
<category_product><id_category><![CDATA[67]]></id_category>
<id_product><![CDATA[133]]></id_product>
<position><![CDATA[3]]></position>
</category_product>
<category_product><id_category><![CDATA[67]]></id_category>
<id_product><![CDATA[135]]></id_product>
<position><![CDATA[4]]></position>
</category_product>
<category_product><id_category><![CDATA[67]]></id_category>
<id_product><![CDATA[138]]></id_product>
<position><![CDATA[5]]></position>
</category_product>
<category_product><id_category><![CDATA[67]]></id_category>
<id_product><![CDATA[143]]></id_product>
<position><![CDATA[6]]></position>
</category_product>
<category_product><id_category><![CDATA[67]]></id_category>
<id_product><![CDATA[145]]></id_product>
<position><![CDATA[7]]></position>
</category_product>
<category_product><id_category><![CDATA[67]]></id_category>
<id_product><![CDATA[151]]></id_product>
<position><![CDATA[8]]></position>
</category_product>
<category_product><id_category><![CDATA[67]]></id_category>
<id_product><![CDATA[152]]></id_product>
<position><![CDATA[9]]></position>
</category_product>
<category_product><id_category><![CDATA[67]]></id_category>
<id_product><![CDATA[156]]></id_product>
<position><![CDATA[10]]></position>
</category_product>
<category_product><id_category><![CDATA[67]]></id_category>
<id_product><![CDATA[158]]></id_product>
<position><![CDATA[11]]></position>
</category_product>
<category_product><id_category><![CDATA[67]]></id_category>
<id_product><![CDATA[162]]></id_product>
<position><![CDATA[12]]></position>
</category_product>
<category_product><id_category><![CDATA[67]]></id_category>
<id_product><![CDATA[164]]></id_product>
<position><![CDATA[13]]></position>
</category_product>
<category_product><id_category><![CDATA[67]]></id_category>
<id_product><![CDATA[169]]></id_product>
<position><![CDATA[14]]></position>
</category_product>
<category_product><id_category><![CDATA[67]]></id_category>
<id_product><![CDATA[171]]></id_product>
<position><![CDATA[15]]></position>
</category_product>
<category_product><id_category><![CDATA[67]]></id_category>
<id_product><![CDATA[172]]></id_product>
<position><![CDATA[16]]></position>
</category_product>
<category_product><id_category><![CDATA[67]]></id_category>
<id_product><![CDATA[179]]></id_product>
<position><![CDATA[17]]></position>
</category_product>
<category_product><id_category><![CDATA[67]]></id_category>
<id_product><![CDATA[181]]></id_product>
<position><![CDATA[18]]></position>
</category_product>
<category_product><id_category><![CDATA[67]]></id_category>
<id_product><![CDATA[186]]></id_product>
<position><![CDATA[19]]></position>
</category_product>
<category_product><id_category><![CDATA[67]]></id_category>
<id_product><![CDATA[187]]></id_product>
<position><![CDATA[20]]></position>
</category_product>
<category_product><id_category><![CDATA[67]]></id_category>
<id_product><![CDATA[190]]></id_product>
<position><![CDATA[21]]></position>
</category_product>
<category_product><id_category><![CDATA[67]]></id_category>
<id_product><![CDATA[191]]></id_product>
<position><![CDATA[22]]></position>
</category_product>
<category_product><id_category><![CDATA[67]]></id_category>
<id_product><![CDATA[201]]></id_product>
<position><![CDATA[23]]></position>
</category_product>
<category_product><id_category><![CDATA[67]]></id_category>
<id_product><![CDATA[202]]></id_product>
<position><![CDATA[24]]></position>
</category_product>
<category_product><id_category><![CDATA[67]]></id_category>
<id_product><![CDATA[208]]></id_product>
<position><![CDATA[25]]></position>
</category_product>
<category_product><id_category><![CDATA[67]]></id_category>
<id_product><![CDATA[209]]></id_product>
<position><![CDATA[26]]></position>
</category_product>
<category_product><id_category><![CDATA[67]]></id_category>
<id_product><![CDATA[213]]></id_product>
<position><![CDATA[27]]></position>
</category_product>
<category_product><id_category><![CDATA[67]]></id_category>
<id_product><![CDATA[214]]></id_product>
<position><![CDATA[28]]></position>
</category_product>
<category_product><id_category><![CDATA[67]]></id_category>
<id_product><![CDATA[217]]></id_product>
<position><![CDATA[29]]></position>
</category_product>
<category_product><id_category><![CDATA[67]]></id_category>
<id_product><![CDATA[218]]></id_product>
<position><![CDATA[30]]></position>
</category_product>
<category_product><id_category><![CDATA[67]]></id_category>
<id_product><![CDATA[221]]></id_product>
<position><![CDATA[31]]></position>
</category_product>
<category_product><id_category><![CDATA[67]]></id_category>
<id_product><![CDATA[222]]></id_product>
<position><![CDATA[32]]></position>
</category_product>
<category_product><id_category><![CDATA[67]]></id_category>
<id_product><![CDATA[256]]></id_product>
<position><![CDATA[33]]></position>
</category_product>
<category_product><id_category><![CDATA[67]]></id_category>
<id_product><![CDATA[259]]></id_product>
<position><![CDATA[34]]></position>
</category_product>
<category_product><id_category><![CDATA[67]]></id_category>
<id_product><![CDATA[266]]></id_product>
<position><![CDATA[35]]></position>
</category_product>
<category_product><id_category><![CDATA[67]]></id_category>
<id_product><![CDATA[267]]></id_product>
<position><![CDATA[36]]></position>
</category_product>
<category_product><id_category><![CDATA[67]]></id_category>
<id_product><![CDATA[279]]></id_product>
<position><![CDATA[37]]></position>
</category_product>
<category_product><id_category><![CDATA[67]]></id_category>
<id_product><![CDATA[283]]></id_product>
<position><![CDATA[38]]></position>
</category_product>
<category_product><id_category><![CDATA[67]]></id_category>
<id_product><![CDATA[300]]></id_product>
<position><![CDATA[39]]></position>
</category_product>
<category_product><id_category><![CDATA[67]]></id_category>
<id_product><![CDATA[308]]></id_product>
<position><![CDATA[40]]></position>
</category_product>
<category_product><id_category><![CDATA[67]]></id_category>
<id_product><![CDATA[329]]></id_product>
<position><![CDATA[41]]></position>
</category_product>
<category_product><id_category><![CDATA[67]]></id_category>
<id_product><![CDATA[330]]></id_product>
<position><![CDATA[42]]></position>
</category_product>
<category_product><id_category><![CDATA[67]]></id_category>
<id_product><![CDATA[261]]></id_product>
<position><![CDATA[43]]></position>
</category_product>
<category_product><id_category><![CDATA[67]]></id_category>
<id_product><![CDATA[264]]></id_product>
<position><![CDATA[44]]></position>
</category_product>
<category_product><id_category><![CDATA[67]]></id_category>
<id_product><![CDATA[281]]></id_product>
<position><![CDATA[45]]></position>
</category_product>
<category_product><id_category><![CDATA[67]]></id_category>
<id_product><![CDATA[289]]></id_product>
<position><![CDATA[46]]></position>
</category_product>
<category_product><id_category><![CDATA[67]]></id_category>
<id_product><![CDATA[1144]]></id_product>
<position><![CDATA[47]]></position>
</category_product>
<category_product><id_category><![CDATA[67]]></id_category>
<id_product><![CDATA[1145]]></id_product>
<position><![CDATA[48]]></position>
</category_product>
<category_product><id_category><![CDATA[67]]></id_category>
<id_product><![CDATA[1146]]></id_product>
<position><![CDATA[49]]></position>
</category_product>
<category_product><id_category><![CDATA[69]]></id_category>
<id_product><![CDATA[125]]></id_product>
<position><![CDATA[0]]></position>
</category_product>
<category_product><id_category><![CDATA[69]]></id_category>
<id_product><![CDATA[128]]></id_product>
<position><![CDATA[1]]></position>
</category_product>
<category_product><id_category><![CDATA[69]]></id_category>
<id_product><![CDATA[134]]></id_product>
<position><![CDATA[2]]></position>
</category_product>
<category_product><id_category><![CDATA[69]]></id_category>
<id_product><![CDATA[139]]></id_product>
<position><![CDATA[3]]></position>
</category_product>
<category_product><id_category><![CDATA[69]]></id_category>
<id_product><![CDATA[144]]></id_product>
<position><![CDATA[4]]></position>
</category_product>
<category_product><id_category><![CDATA[69]]></id_category>
<id_product><![CDATA[146]]></id_product>
<position><![CDATA[5]]></position>
</category_product>
<category_product><id_category><![CDATA[69]]></id_category>
<id_product><![CDATA[149]]></id_product>
<position><![CDATA[6]]></position>
</category_product>
<category_product><id_category><![CDATA[69]]></id_category>
<id_product><![CDATA[153]]></id_product>
<position><![CDATA[7]]></position>
</category_product>
<category_product><id_category><![CDATA[69]]></id_category>
<id_product><![CDATA[157]]></id_product>
<position><![CDATA[8]]></position>
</category_product>
<category_product><id_category><![CDATA[69]]></id_category>
<id_product><![CDATA[159]]></id_product>
<position><![CDATA[9]]></position>
</category_product>
<category_product><id_category><![CDATA[69]]></id_category>
<id_product><![CDATA[163]]></id_product>
<position><![CDATA[10]]></position>
</category_product>
<category_product><id_category><![CDATA[69]]></id_category>
<id_product><![CDATA[165]]></id_product>
<position><![CDATA[11]]></position>
</category_product>
<category_product><id_category><![CDATA[69]]></id_category>
<id_product><![CDATA[173]]></id_product>
<position><![CDATA[12]]></position>
</category_product>
<category_product><id_category><![CDATA[69]]></id_category>
<id_product><![CDATA[180]]></id_product>
<position><![CDATA[13]]></position>
</category_product>
<category_product><id_category><![CDATA[69]]></id_category>
<id_product><![CDATA[182]]></id_product>
<position><![CDATA[14]]></position>
</category_product>
<category_product><id_category><![CDATA[69]]></id_category>
<id_product><![CDATA[188]]></id_product>
<position><![CDATA[15]]></position>
</category_product>
<category_product><id_category><![CDATA[69]]></id_category>
<id_product><![CDATA[189]]></id_product>
<position><![CDATA[16]]></position>
</category_product>
<category_product><id_category><![CDATA[69]]></id_category>
<id_product><![CDATA[192]]></id_product>
<position><![CDATA[17]]></position>
</category_product>
<category_product><id_category><![CDATA[69]]></id_category>
<id_product><![CDATA[193]]></id_product>
<position><![CDATA[18]]></position>
</category_product>
<category_product><id_category><![CDATA[69]]></id_category>
<id_product><![CDATA[199]]></id_product>
<position><![CDATA[19]]></position>
</category_product>
<category_product><id_category><![CDATA[69]]></id_category>
<id_product><![CDATA[203]]></id_product>
<position><![CDATA[20]]></position>
</category_product>
<category_product><id_category><![CDATA[69]]></id_category>
<id_product><![CDATA[210]]></id_product>
<position><![CDATA[21]]></position>
</category_product>
<category_product><id_category><![CDATA[69]]></id_category>
<id_product><![CDATA[215]]></id_product>
<position><![CDATA[22]]></position>
</category_product>
<category_product><id_category><![CDATA[69]]></id_category>
<id_product><![CDATA[223]]></id_product>
<position><![CDATA[23]]></position>
</category_product>
<category_product><id_category><![CDATA[69]]></id_category>
<id_product><![CDATA[224]]></id_product>
<position><![CDATA[24]]></position>
</category_product>
<category_product><id_category><![CDATA[69]]></id_category>
<id_product><![CDATA[269]]></id_product>
<position><![CDATA[25]]></position>
</category_product>
<category_product><id_category><![CDATA[69]]></id_category>
<id_product><![CDATA[272]]></id_product>
<position><![CDATA[26]]></position>
</category_product>
<category_product><id_category><![CDATA[69]]></id_category>
<id_product><![CDATA[284]]></id_product>
<position><![CDATA[27]]></position>
</category_product>
<category_product><id_category><![CDATA[69]]></id_category>
<id_product><![CDATA[291]]></id_product>
<position><![CDATA[28]]></position>
</category_product>
<category_product><id_category><![CDATA[69]]></id_category>
<id_product><![CDATA[302]]></id_product>
<position><![CDATA[29]]></position>
</category_product>
<category_product><id_category><![CDATA[73]]></id_category>
<id_product><![CDATA[207]]></id_product>
<position><![CDATA[0]]></position>
</category_product>
<category_product><id_category><![CDATA[73]]></id_category>
<id_product><![CDATA[238]]></id_product>
<position><![CDATA[1]]></position>
</category_product>
<category_product><id_category><![CDATA[73]]></id_category>
<id_product><![CDATA[239]]></id_product>
<position><![CDATA[2]]></position>
</category_product>
<category_product><id_category><![CDATA[73]]></id_category>
<id_product><![CDATA[449]]></id_product>
<position><![CDATA[3]]></position>
</category_product>
<category_product><id_category><![CDATA[73]]></id_category>
<id_product><![CDATA[451]]></id_product>
<position><![CDATA[4]]></position>
</category_product>
<category_product><id_category><![CDATA[73]]></id_category>
<id_product><![CDATA[452]]></id_product>
<position><![CDATA[5]]></position>
</category_product>
<category_product><id_category><![CDATA[73]]></id_category>
<id_product><![CDATA[454]]></id_product>
<position><![CDATA[6]]></position>
</category_product>
<category_product><id_category><![CDATA[73]]></id_category>
<id_product><![CDATA[455]]></id_product>
<position><![CDATA[7]]></position>
</category_product>
<category_product><id_category><![CDATA[73]]></id_category>
<id_product><![CDATA[456]]></id_product>
<position><![CDATA[8]]></position>
</category_product>
<category_product><id_category><![CDATA[73]]></id_category>
<id_product><![CDATA[834]]></id_product>
<position><![CDATA[9]]></position>
</category_product>
<category_product><id_category><![CDATA[73]]></id_category>
<id_product><![CDATA[835]]></id_product>
<position><![CDATA[10]]></position>
</category_product>
<category_product><id_category><![CDATA[73]]></id_category>
<id_product><![CDATA[836]]></id_product>
<position><![CDATA[11]]></position>
</category_product>
<category_product><id_category><![CDATA[73]]></id_category>
<id_product><![CDATA[837]]></id_product>
<position><![CDATA[12]]></position>
</category_product>
<category_product><id_category><![CDATA[73]]></id_category>
<id_product><![CDATA[838]]></id_product>
<position><![CDATA[13]]></position>
</category_product>
<category_product><id_category><![CDATA[73]]></id_category>
<id_product><![CDATA[868]]></id_product>
<position><![CDATA[14]]></position>
</category_product>
<category_product><id_category><![CDATA[73]]></id_category>
<id_product><![CDATA[869]]></id_product>
<position><![CDATA[15]]></position>
</category_product>
<category_product><id_category><![CDATA[73]]></id_category>
<id_product><![CDATA[870]]></id_product>
<position><![CDATA[16]]></position>
</category_product>
<category_product><id_category><![CDATA[73]]></id_category>
<id_product><![CDATA[871]]></id_product>
<position><![CDATA[17]]></position>
</category_product>
<category_product><id_category><![CDATA[73]]></id_category>
<id_product><![CDATA[887]]></id_product>
<position><![CDATA[18]]></position>
</category_product>
<category_product><id_category><![CDATA[73]]></id_category>
<id_product><![CDATA[933]]></id_product>
<position><![CDATA[19]]></position>
</category_product>
<category_product><id_category><![CDATA[73]]></id_category>
<id_product><![CDATA[934]]></id_product>
<position><![CDATA[20]]></position>
</category_product>
<category_product><id_category><![CDATA[73]]></id_category>
<id_product><![CDATA[948]]></id_product>
<position><![CDATA[21]]></position>
</category_product>
<category_product><id_category><![CDATA[73]]></id_category>
<id_product><![CDATA[949]]></id_product>
<position><![CDATA[22]]></position>
</category_product>
<category_product><id_category><![CDATA[73]]></id_category>
<id_product><![CDATA[950]]></id_product>
<position><![CDATA[23]]></position>
</category_product>
<category_product><id_category><![CDATA[73]]></id_category>
<id_product><![CDATA[1052]]></id_product>
<position><![CDATA[24]]></position>
</category_product>
<category_product><id_category><![CDATA[73]]></id_category>
<id_product><![CDATA[1167]]></id_product>
<position><![CDATA[25]]></position>
</category_product>
<category_product><id_category><![CDATA[73]]></id_category>
<id_product><![CDATA[3333]]></id_product>
<position><![CDATA[26]]></position>
</category_product>
<category_product><id_category><![CDATA[73]]></id_category>
<id_product><![CDATA[1165]]></id_product>
<position><![CDATA[27]]></position>
</category_product>
<category_product><id_category><![CDATA[73]]></id_category>
<id_product><![CDATA[476]]></id_product>
<position><![CDATA[28]]></position>
</category_product>
<category_product><id_category><![CDATA[73]]></id_category>
<id_product><![CDATA[475]]></id_product>
<position><![CDATA[29]]></position>
</category_product>
<category_product><id_category><![CDATA[73]]></id_category>
<id_product><![CDATA[474]]></id_product>
<position><![CDATA[30]]></position>
</category_product>
<category_product><id_category><![CDATA[73]]></id_category>
<id_product><![CDATA[473]]></id_product>
<position><![CDATA[31]]></position>
</category_product>
<category_product><id_category><![CDATA[73]]></id_category>
<id_product><![CDATA[472]]></id_product>
<position><![CDATA[32]]></position>
</category_product>
<category_product><id_category><![CDATA[73]]></id_category>
<id_product><![CDATA[471]]></id_product>
<position><![CDATA[33]]></position>
</category_product>
<category_product><id_category><![CDATA[73]]></id_category>
<id_product><![CDATA[469]]></id_product>
<position><![CDATA[34]]></position>
</category_product>
<category_product><id_category><![CDATA[73]]></id_category>
<id_product><![CDATA[468]]></id_product>
<position><![CDATA[35]]></position>
</category_product>
<category_product><id_category><![CDATA[73]]></id_category>
<id_product><![CDATA[467]]></id_product>
<position><![CDATA[36]]></position>
</category_product>
<category_product><id_category><![CDATA[73]]></id_category>
<id_product><![CDATA[466]]></id_product>
<position><![CDATA[37]]></position>
</category_product>
<category_product><id_category><![CDATA[75]]></id_category>
<id_product><![CDATA[466]]></id_product>
<position><![CDATA[0]]></position>
</category_product>
<category_product><id_category><![CDATA[75]]></id_category>
<id_product><![CDATA[467]]></id_product>
<position><![CDATA[1]]></position>
</category_product>
<category_product><id_category><![CDATA[75]]></id_category>
<id_product><![CDATA[468]]></id_product>
<position><![CDATA[2]]></position>
</category_product>
<category_product><id_category><![CDATA[75]]></id_category>
<id_product><![CDATA[469]]></id_product>
<position><![CDATA[3]]></position>
</category_product>
<category_product><id_category><![CDATA[75]]></id_category>
<id_product><![CDATA[471]]></id_product>
<position><![CDATA[4]]></position>
</category_product>
<category_product><id_category><![CDATA[75]]></id_category>
<id_product><![CDATA[472]]></id_product>
<position><![CDATA[5]]></position>
</category_product>
<category_product><id_category><![CDATA[75]]></id_category>
<id_product><![CDATA[473]]></id_product>
<position><![CDATA[6]]></position>
</category_product>
<category_product><id_category><![CDATA[75]]></id_category>
<id_product><![CDATA[474]]></id_product>
<position><![CDATA[7]]></position>
</category_product>
<category_product><id_category><![CDATA[75]]></id_category>
<id_product><![CDATA[475]]></id_product>
<position><![CDATA[8]]></position>
</category_product>
<category_product><id_category><![CDATA[75]]></id_category>
<id_product><![CDATA[476]]></id_product>
<position><![CDATA[9]]></position>
</category_product>
<category_product><id_category><![CDATA[75]]></id_category>
<id_product><![CDATA[1165]]></id_product>
<position><![CDATA[10]]></position>
</category_product>
<category_product><id_category><![CDATA[81]]></id_category>
<id_product><![CDATA[207]]></id_product>
<position><![CDATA[0]]></position>
</category_product>
<category_product><id_category><![CDATA[120]]></id_category>
<id_product><![CDATA[377]]></id_product>
<position><![CDATA[1]]></position>
</category_product>
<category_product><id_category><![CDATA[120]]></id_category>
<id_product><![CDATA[378]]></id_product>
<position><![CDATA[2]]></position>
</category_product>
<category_product><id_category><![CDATA[120]]></id_category>
<id_product><![CDATA[380]]></id_product>
<position><![CDATA[3]]></position>
</category_product>
<category_product><id_category><![CDATA[120]]></id_category>
<id_product><![CDATA[400]]></id_product>
<position><![CDATA[4]]></position>
</category_product>
<category_product><id_category><![CDATA[120]]></id_category>
<id_product><![CDATA[399]]></id_product>
<position><![CDATA[5]]></position>
</category_product>
<category_product><id_category><![CDATA[120]]></id_category>
<id_product><![CDATA[379]]></id_product>
<position><![CDATA[6]]></position>
</category_product>
<category_product><id_category><![CDATA[120]]></id_category>
<id_product><![CDATA[381]]></id_product>
<position><![CDATA[7]]></position>
</category_product>
<category_product><id_category><![CDATA[120]]></id_category>
<id_product><![CDATA[401]]></id_product>
<position><![CDATA[8]]></position>
</category_product>
<category_product><id_category><![CDATA[120]]></id_category>
<id_product><![CDATA[382]]></id_product>
<position><![CDATA[9]]></position>
</category_product>
<category_product><id_category><![CDATA[120]]></id_category>
<id_product><![CDATA[402]]></id_product>
<position><![CDATA[10]]></position>
</category_product>
<category_product><id_category><![CDATA[120]]></id_category>
<id_product><![CDATA[383]]></id_product>
<position><![CDATA[11]]></position>
</category_product>
<category_product><id_category><![CDATA[120]]></id_category>
<id_product><![CDATA[384]]></id_product>
<position><![CDATA[12]]></position>
</category_product>
<category_product><id_category><![CDATA[120]]></id_category>
<id_product><![CDATA[385]]></id_product>
<position><![CDATA[13]]></position>
</category_product>
<category_product><id_category><![CDATA[120]]></id_category>
<id_product><![CDATA[403]]></id_product>
<position><![CDATA[14]]></position>
</category_product>
<category_product><id_category><![CDATA[120]]></id_category>
<id_product><![CDATA[404]]></id_product>
<position><![CDATA[15]]></position>
</category_product>
<category_product><id_category><![CDATA[120]]></id_category>
<id_product><![CDATA[386]]></id_product>
<position><![CDATA[16]]></position>
</category_product>
<category_product><id_category><![CDATA[120]]></id_category>
<id_product><![CDATA[387]]></id_product>
<position><![CDATA[17]]></position>
</category_product>
<category_product><id_category><![CDATA[120]]></id_category>
<id_product><![CDATA[388]]></id_product>
<position><![CDATA[18]]></position>
</category_product>
<category_product><id_category><![CDATA[120]]></id_category>
<id_product><![CDATA[405]]></id_product>
<position><![CDATA[19]]></position>
</category_product>
<category_product><id_category><![CDATA[120]]></id_category>
<id_product><![CDATA[406]]></id_product>
<position><![CDATA[20]]></position>
</category_product>
<category_product><id_category><![CDATA[120]]></id_category>
<id_product><![CDATA[424]]></id_product>
<position><![CDATA[21]]></position>
</category_product>
<category_product><id_category><![CDATA[120]]></id_category>
<id_product><![CDATA[426]]></id_product>
<position><![CDATA[22]]></position>
</category_product>
<category_product><id_category><![CDATA[120]]></id_category>
<id_product><![CDATA[427]]></id_product>
<position><![CDATA[23]]></position>
</category_product>
<category_product><id_category><![CDATA[120]]></id_category>
<id_product><![CDATA[429]]></id_product>
<position><![CDATA[24]]></position>
</category_product>
<category_product><id_category><![CDATA[120]]></id_category>
<id_product><![CDATA[430]]></id_product>
<position><![CDATA[25]]></position>
</category_product>
<category_product><id_category><![CDATA[120]]></id_category>
<id_product><![CDATA[434]]></id_product>
<position><![CDATA[26]]></position>
</category_product>
<category_product><id_category><![CDATA[120]]></id_category>
<id_product><![CDATA[437]]></id_product>
<position><![CDATA[27]]></position>
</category_product>
<category_product><id_category><![CDATA[120]]></id_category>
<id_product><![CDATA[1162]]></id_product>
<position><![CDATA[28]]></position>
</category_product>
<category_product><id_category><![CDATA[120]]></id_category>
<id_product><![CDATA[2244]]></id_product>
<position><![CDATA[29]]></position>
</category_product>
<category_product><id_category><![CDATA[120]]></id_category>
<id_product><![CDATA[1163]]></id_product>
<position><![CDATA[30]]></position>
</category_product>
<category_product><id_category><![CDATA[120]]></id_category>
<id_product><![CDATA[1366]]></id_product>
<position><![CDATA[31]]></position>
</category_product>
<category_product><id_category><![CDATA[120]]></id_category>
<id_product><![CDATA[1367]]></id_product>
<position><![CDATA[32]]></position>
</category_product>
<category_product><id_category><![CDATA[120]]></id_category>
<id_product><![CDATA[1368]]></id_product>
<position><![CDATA[33]]></position>
</category_product>
<category_product><id_category><![CDATA[120]]></id_category>
<id_product><![CDATA[1369]]></id_product>
<position><![CDATA[34]]></position>
</category_product>
<category_product><id_category><![CDATA[120]]></id_category>
<id_product><![CDATA[1370]]></id_product>
<position><![CDATA[35]]></position>
</category_product>
<category_product><id_category><![CDATA[120]]></id_category>
<id_product><![CDATA[1371]]></id_product>
<position><![CDATA[36]]></position>
</category_product>
<category_product><id_category><![CDATA[120]]></id_category>
<id_product><![CDATA[1372]]></id_product>
<position><![CDATA[37]]></position>
</category_product>
<category_product><id_category><![CDATA[120]]></id_category>
<id_product><![CDATA[1373]]></id_product>
<position><![CDATA[38]]></position>
</category_product>
<category_product><id_category><![CDATA[120]]></id_category>
<id_product><![CDATA[1374]]></id_product>
<position><![CDATA[39]]></position>
</category_product>
<category_product><id_category><![CDATA[120]]></id_category>
<id_product><![CDATA[1375]]></id_product>
<position><![CDATA[40]]></position>
</category_product>
<category_product><id_category><![CDATA[120]]></id_category>
<id_product><![CDATA[1376]]></id_product>
<position><![CDATA[41]]></position>
</category_product>
<category_product><id_category><![CDATA[120]]></id_category>
<id_product><![CDATA[1377]]></id_product>
<position><![CDATA[42]]></position>
</category_product>
<category_product><id_category><![CDATA[120]]></id_category>
<id_product><![CDATA[1378]]></id_product>
<position><![CDATA[43]]></position>
</category_product>
<category_product><id_category><![CDATA[120]]></id_category>
<id_product><![CDATA[1379]]></id_product>
<position><![CDATA[44]]></position>
</category_product>
<category_product><id_category><![CDATA[120]]></id_category>
<id_product><![CDATA[1380]]></id_product>
<position><![CDATA[45]]></position>
</category_product>
<category_product><id_category><![CDATA[120]]></id_category>
<id_product><![CDATA[1381]]></id_product>
<position><![CDATA[46]]></position>
</category_product>
<category_product><id_category><![CDATA[120]]></id_category>
<id_product><![CDATA[1382]]></id_product>
<position><![CDATA[47]]></position>
</category_product>
<category_product><id_category><![CDATA[120]]></id_category>
<id_product><![CDATA[1383]]></id_product>
<position><![CDATA[48]]></position>
</category_product>
<category_product><id_category><![CDATA[120]]></id_category>
<id_product><![CDATA[1384]]></id_product>
<position><![CDATA[49]]></position>
</category_product>
<category_product><id_category><![CDATA[120]]></id_category>
<id_product><![CDATA[1385]]></id_product>
<position><![CDATA[50]]></position>
</category_product>
<category_product><id_category><![CDATA[120]]></id_category>
<id_product><![CDATA[1386]]></id_product>
<position><![CDATA[51]]></position>
</category_product>
<category_product><id_category><![CDATA[120]]></id_category>
<id_product><![CDATA[1387]]></id_product>
<position><![CDATA[52]]></position>
</category_product>
<category_product><id_category><![CDATA[120]]></id_category>
<id_product><![CDATA[1388]]></id_product>
<position><![CDATA[53]]></position>
</category_product>
<category_product><id_category><![CDATA[120]]></id_category>
<id_product><![CDATA[1389]]></id_product>
<position><![CDATA[54]]></position>
</category_product>
<category_product><id_category><![CDATA[120]]></id_category>
<id_product><![CDATA[1390]]></id_product>
<position><![CDATA[55]]></position>
</category_product>
<category_product><id_category><![CDATA[120]]></id_category>
<id_product><![CDATA[1391]]></id_product>
<position><![CDATA[56]]></position>
</category_product>
<category_product><id_category><![CDATA[120]]></id_category>
<id_product><![CDATA[1392]]></id_product>
<position><![CDATA[57]]></position>
</category_product>
<category_product><id_category><![CDATA[120]]></id_category>
<id_product><![CDATA[1393]]></id_product>
<position><![CDATA[58]]></position>
</category_product>
<category_product><id_category><![CDATA[120]]></id_category>
<id_product><![CDATA[1394]]></id_product>
<position><![CDATA[59]]></position>
</category_product>
<category_product><id_category><![CDATA[120]]></id_category>
<id_product><![CDATA[1395]]></id_product>
<position><![CDATA[60]]></position>
</category_product>
<category_product><id_category><![CDATA[120]]></id_category>
<id_product><![CDATA[1396]]></id_product>
<position><![CDATA[61]]></position>
</category_product>
<category_product><id_category><![CDATA[120]]></id_category>
<id_product><![CDATA[1397]]></id_product>
<position><![CDATA[62]]></position>
</category_product>
<category_product><id_category><![CDATA[120]]></id_category>
<id_product><![CDATA[1398]]></id_product>
<position><![CDATA[63]]></position>
</category_product>
<category_product><id_category><![CDATA[120]]></id_category>
<id_product><![CDATA[1399]]></id_product>
<position><![CDATA[64]]></position>
</category_product>
<category_product><id_category><![CDATA[120]]></id_category>
<id_product><![CDATA[1400]]></id_product>
<position><![CDATA[65]]></position>
</category_product>
<category_product><id_category><![CDATA[120]]></id_category>
<id_product><![CDATA[1401]]></id_product>
<position><![CDATA[66]]></position>
</category_product>
<category_product><id_category><![CDATA[120]]></id_category>
<id_product><![CDATA[1402]]></id_product>
<position><![CDATA[67]]></position>
</category_product>
<category_product><id_category><![CDATA[120]]></id_category>
<id_product><![CDATA[1562]]></id_product>
<position><![CDATA[68]]></position>
</category_product>
<category_product><id_category><![CDATA[120]]></id_category>
<id_product><![CDATA[1563]]></id_product>
<position><![CDATA[69]]></position>
</category_product>
<category_product><id_category><![CDATA[120]]></id_category>
<id_product><![CDATA[1564]]></id_product>
<position><![CDATA[70]]></position>
</category_product>
<category_product><id_category><![CDATA[120]]></id_category>
<id_product><![CDATA[1565]]></id_product>
<position><![CDATA[71]]></position>
</category_product>
<category_product><id_category><![CDATA[120]]></id_category>
<id_product><![CDATA[1566]]></id_product>
<position><![CDATA[72]]></position>
</category_product>
<category_product><id_category><![CDATA[120]]></id_category>
<id_product><![CDATA[1567]]></id_product>
<position><![CDATA[73]]></position>
</category_product>
<category_product><id_category><![CDATA[120]]></id_category>
<id_product><![CDATA[1568]]></id_product>
<position><![CDATA[74]]></position>
</category_product>
<category_product><id_category><![CDATA[120]]></id_category>
<id_product><![CDATA[1569]]></id_product>
<position><![CDATA[75]]></position>
</category_product>
<category_product><id_category><![CDATA[120]]></id_category>
<id_product><![CDATA[1570]]></id_product>
<position><![CDATA[76]]></position>
</category_product>
<category_product><id_category><![CDATA[120]]></id_category>
<id_product><![CDATA[1571]]></id_product>
<position><![CDATA[77]]></position>
</category_product>
<category_product><id_category><![CDATA[120]]></id_category>
<id_product><![CDATA[1572]]></id_product>
<position><![CDATA[78]]></position>
</category_product>
<category_product><id_category><![CDATA[120]]></id_category>
<id_product><![CDATA[1573]]></id_product>
<position><![CDATA[79]]></position>
</category_product>
<category_product><id_category><![CDATA[120]]></id_category>
<id_product><![CDATA[1574]]></id_product>
<position><![CDATA[80]]></position>
</category_product>
<category_product><id_category><![CDATA[120]]></id_category>
<id_product><![CDATA[1575]]></id_product>
<position><![CDATA[81]]></position>
</category_product>
<category_product><id_category><![CDATA[120]]></id_category>
<id_product><![CDATA[1576]]></id_product>
<position><![CDATA[82]]></position>
</category_product>
<category_product><id_category><![CDATA[120]]></id_category>
<id_product><![CDATA[1577]]></id_product>
<position><![CDATA[83]]></position>
</category_product>
<category_product><id_category><![CDATA[120]]></id_category>
<id_product><![CDATA[1578]]></id_product>
<position><![CDATA[84]]></position>
</category_product>
<category_product><id_category><![CDATA[120]]></id_category>
<id_product><![CDATA[1579]]></id_product>
<position><![CDATA[85]]></position>
</category_product>
<category_product><id_category><![CDATA[120]]></id_category>
<id_product><![CDATA[1580]]></id_product>
<position><![CDATA[86]]></position>
</category_product>
<category_product><id_category><![CDATA[120]]></id_category>
<id_product><![CDATA[1611]]></id_product>
<position><![CDATA[87]]></position>
</category_product>
<category_product><id_category><![CDATA[120]]></id_category>
<id_product><![CDATA[1612]]></id_product>
<position><![CDATA[88]]></position>
</category_product>
<category_product><id_category><![CDATA[120]]></id_category>
<id_product><![CDATA[1613]]></id_product>
<position><![CDATA[89]]></position>
</category_product>
<category_product><id_category><![CDATA[120]]></id_category>
<id_product><![CDATA[1614]]></id_product>
<position><![CDATA[90]]></position>
</category_product>
<category_product><id_category><![CDATA[120]]></id_category>
<id_product><![CDATA[1615]]></id_product>
<position><![CDATA[91]]></position>
</category_product>
<category_product><id_category><![CDATA[120]]></id_category>
<id_product><![CDATA[1616]]></id_product>
<position><![CDATA[92]]></position>
</category_product>
<category_product><id_category><![CDATA[120]]></id_category>
<id_product><![CDATA[1617]]></id_product>
<position><![CDATA[93]]></position>
</category_product>
<category_product><id_category><![CDATA[120]]></id_category>
<id_product><![CDATA[1618]]></id_product>
<position><![CDATA[94]]></position>
</category_product>
<category_product><id_category><![CDATA[120]]></id_category>
<id_product><![CDATA[1619]]></id_product>
<position><![CDATA[95]]></position>
</category_product>
<category_product><id_category><![CDATA[120]]></id_category>
<id_product><![CDATA[1620]]></id_product>
<position><![CDATA[96]]></position>
</category_product>
<category_product><id_category><![CDATA[120]]></id_category>
<id_product><![CDATA[1621]]></id_product>
<position><![CDATA[97]]></position>
</category_product>
<category_product><id_category><![CDATA[120]]></id_category>
<id_product><![CDATA[1622]]></id_product>
<position><![CDATA[98]]></position>
</category_product>
<category_product><id_category><![CDATA[120]]></id_category>
<id_product><![CDATA[1623]]></id_product>
<position><![CDATA[99]]></position>
</category_product>
<category_product><id_category><![CDATA[120]]></id_category>
<id_product><![CDATA[1624]]></id_product>
<position><![CDATA[100]]></position>
</category_product>
<category_product><id_category><![CDATA[120]]></id_category>
<id_product><![CDATA[1625]]></id_product>
<position><![CDATA[101]]></position>
</category_product>
<category_product><id_category><![CDATA[120]]></id_category>
<id_product><![CDATA[1626]]></id_product>
<position><![CDATA[102]]></position>
</category_product>
<category_product><id_category><![CDATA[120]]></id_category>
<id_product><![CDATA[1627]]></id_product>
<position><![CDATA[103]]></position>
</category_product>
<category_product><id_category><![CDATA[120]]></id_category>
<id_product><![CDATA[1628]]></id_product>
<position><![CDATA[104]]></position>
</category_product>
<category_product><id_category><![CDATA[120]]></id_category>
<id_product><![CDATA[1629]]></id_product>
<position><![CDATA[105]]></position>
</category_product>
<category_product><id_category><![CDATA[120]]></id_category>
<id_product><![CDATA[1630]]></id_product>
<position><![CDATA[106]]></position>
</category_product>
<category_product><id_category><![CDATA[120]]></id_category>
<id_product><![CDATA[1631]]></id_product>
<position><![CDATA[107]]></position>
</category_product>
<category_product><id_category><![CDATA[120]]></id_category>
<id_product><![CDATA[1632]]></id_product>
<position><![CDATA[108]]></position>
</category_product>
<category_product><id_category><![CDATA[120]]></id_category>
<id_product><![CDATA[1633]]></id_product>
<position><![CDATA[109]]></position>
</category_product>
<category_product><id_category><![CDATA[120]]></id_category>
<id_product><![CDATA[1634]]></id_product>
<position><![CDATA[110]]></position>
</category_product>
<category_product><id_category><![CDATA[120]]></id_category>
<id_product><![CDATA[1635]]></id_product>
<position><![CDATA[111]]></position>
</category_product>
<category_product><id_category><![CDATA[120]]></id_category>
<id_product><![CDATA[1636]]></id_product>
<position><![CDATA[112]]></position>
</category_product>
<category_product><id_category><![CDATA[120]]></id_category>
<id_product><![CDATA[1637]]></id_product>
<position><![CDATA[113]]></position>
</category_product>
<category_product><id_category><![CDATA[120]]></id_category>
<id_product><![CDATA[1638]]></id_product>
<position><![CDATA[114]]></position>
</category_product>
<category_product><id_category><![CDATA[120]]></id_category>
<id_product><![CDATA[1639]]></id_product>
<position><![CDATA[115]]></position>
</category_product>
<category_product><id_category><![CDATA[120]]></id_category>
<id_product><![CDATA[1640]]></id_product>
<position><![CDATA[116]]></position>
</category_product>
<category_product><id_category><![CDATA[120]]></id_category>
<id_product><![CDATA[1641]]></id_product>
<position><![CDATA[117]]></position>
</category_product>
<category_product><id_category><![CDATA[120]]></id_category>
<id_product><![CDATA[1642]]></id_product>
<position><![CDATA[118]]></position>
</category_product>
<category_product><id_category><![CDATA[120]]></id_category>
<id_product><![CDATA[1643]]></id_product>
<position><![CDATA[119]]></position>
</category_product>
</entity_profile>
