<?xml version="1.0" encoding="UTF-8"?>
<entity_profile>
<category_product><id_category><![CDATA[2]]></id_category>
<id_product><![CDATA[752]]></id_product>
<position><![CDATA[449]]></position>
</category_product>
<category_product><id_category><![CDATA[2]]></id_category>
<id_product><![CDATA[754]]></id_product>
<position><![CDATA[450]]></position>
</category_product>
<category_product><id_category><![CDATA[2]]></id_category>
<id_product><![CDATA[757]]></id_product>
<position><![CDATA[451]]></position>
</category_product>
<category_product><id_category><![CDATA[2]]></id_category>
<id_product><![CDATA[758]]></id_product>
<position><![CDATA[452]]></position>
</category_product>
<category_product><id_category><![CDATA[2]]></id_category>
<id_product><![CDATA[759]]></id_product>
<position><![CDATA[453]]></position>
</category_product>
<category_product><id_category><![CDATA[2]]></id_category>
<id_product><![CDATA[760]]></id_product>
<position><![CDATA[454]]></position>
</category_product>
<category_product><id_category><![CDATA[2]]></id_category>
<id_product><![CDATA[761]]></id_product>
<position><![CDATA[455]]></position>
</category_product>
<category_product><id_category><![CDATA[2]]></id_category>
<id_product><![CDATA[762]]></id_product>
<position><![CDATA[456]]></position>
</category_product>
<category_product><id_category><![CDATA[2]]></id_category>
<id_product><![CDATA[763]]></id_product>
<position><![CDATA[457]]></position>
</category_product>
<category_product><id_category><![CDATA[2]]></id_category>
<id_product><![CDATA[764]]></id_product>
<position><![CDATA[458]]></position>
</category_product>
<category_product><id_category><![CDATA[2]]></id_category>
<id_product><![CDATA[765]]></id_product>
<position><![CDATA[459]]></position>
</category_product>
<category_product><id_category><![CDATA[2]]></id_category>
<id_product><![CDATA[766]]></id_product>
<position><![CDATA[460]]></position>
</category_product>
<category_product><id_category><![CDATA[2]]></id_category>
<id_product><![CDATA[767]]></id_product>
<position><![CDATA[461]]></position>
</category_product>
<category_product><id_category><![CDATA[2]]></id_category>
<id_product><![CDATA[768]]></id_product>
<position><![CDATA[462]]></position>
</category_product>
<category_product><id_category><![CDATA[2]]></id_category>
<id_product><![CDATA[769]]></id_product>
<position><![CDATA[463]]></position>
</category_product>
<category_product><id_category><![CDATA[2]]></id_category>
<id_product><![CDATA[770]]></id_product>
<position><![CDATA[464]]></position>
</category_product>
<category_product><id_category><![CDATA[2]]></id_category>
<id_product><![CDATA[771]]></id_product>
<position><![CDATA[465]]></position>
</category_product>
<category_product><id_category><![CDATA[2]]></id_category>
<id_product><![CDATA[772]]></id_product>
<position><![CDATA[466]]></position>
</category_product>
<category_product><id_category><![CDATA[2]]></id_category>
<id_product><![CDATA[774]]></id_product>
<position><![CDATA[467]]></position>
</category_product>
<category_product><id_category><![CDATA[2]]></id_category>
<id_product><![CDATA[775]]></id_product>
<position><![CDATA[468]]></position>
</category_product>
<category_product><id_category><![CDATA[2]]></id_category>
<id_product><![CDATA[776]]></id_product>
<position><![CDATA[469]]></position>
</category_product>
<category_product><id_category><![CDATA[2]]></id_category>
<id_product><![CDATA[779]]></id_product>
<position><![CDATA[470]]></position>
</category_product>
<category_product><id_category><![CDATA[2]]></id_category>
<id_product><![CDATA[780]]></id_product>
<position><![CDATA[471]]></position>
</category_product>
<category_product><id_category><![CDATA[2]]></id_category>
<id_product><![CDATA[781]]></id_product>
<position><![CDATA[472]]></position>
</category_product>
<category_product><id_category><![CDATA[2]]></id_category>
<id_product><![CDATA[782]]></id_product>
<position><![CDATA[473]]></position>
</category_product>
<category_product><id_category><![CDATA[2]]></id_category>
<id_product><![CDATA[783]]></id_product>
<position><![CDATA[474]]></position>
</category_product>
<category_product><id_category><![CDATA[2]]></id_category>
<id_product><![CDATA[784]]></id_product>
<position><![CDATA[475]]></position>
</category_product>
<category_product><id_category><![CDATA[2]]></id_category>
<id_product><![CDATA[785]]></id_product>
<position><![CDATA[476]]></position>
</category_product>
<category_product><id_category><![CDATA[2]]></id_category>
<id_product><![CDATA[786]]></id_product>
<position><![CDATA[477]]></position>
</category_product>
<category_product><id_category><![CDATA[2]]></id_category>
<id_product><![CDATA[787]]></id_product>
<position><![CDATA[478]]></position>
</category_product>
<category_product><id_category><![CDATA[2]]></id_category>
<id_product><![CDATA[788]]></id_product>
<position><![CDATA[479]]></position>
</category_product>
<category_product><id_category><![CDATA[2]]></id_category>
<id_product><![CDATA[789]]></id_product>
<position><![CDATA[480]]></position>
</category_product>
<category_product><id_category><![CDATA[2]]></id_category>
<id_product><![CDATA[790]]></id_product>
<position><![CDATA[481]]></position>
</category_product>
<category_product><id_category><![CDATA[2]]></id_category>
<id_product><![CDATA[791]]></id_product>
<position><![CDATA[482]]></position>
</category_product>
<category_product><id_category><![CDATA[2]]></id_category>
<id_product><![CDATA[792]]></id_product>
<position><![CDATA[483]]></position>
</category_product>
<category_product><id_category><![CDATA[2]]></id_category>
<id_product><![CDATA[793]]></id_product>
<position><![CDATA[484]]></position>
</category_product>
<category_product><id_category><![CDATA[2]]></id_category>
<id_product><![CDATA[794]]></id_product>
<position><![CDATA[485]]></position>
</category_product>
<category_product><id_category><![CDATA[2]]></id_category>
<id_product><![CDATA[795]]></id_product>
<position><![CDATA[486]]></position>
</category_product>
<category_product><id_category><![CDATA[2]]></id_category>
<id_product><![CDATA[796]]></id_product>
<position><![CDATA[487]]></position>
</category_product>
<category_product><id_category><![CDATA[2]]></id_category>
<id_product><![CDATA[797]]></id_product>
<position><![CDATA[488]]></position>
</category_product>
<category_product><id_category><![CDATA[2]]></id_category>
<id_product><![CDATA[798]]></id_product>
<position><![CDATA[489]]></position>
</category_product>
<category_product><id_category><![CDATA[2]]></id_category>
<id_product><![CDATA[800]]></id_product>
<position><![CDATA[490]]></position>
</category_product>
<category_product><id_category><![CDATA[2]]></id_category>
<id_product><![CDATA[801]]></id_product>
<position><![CDATA[491]]></position>
</category_product>
<category_product><id_category><![CDATA[2]]></id_category>
<id_product><![CDATA[802]]></id_product>
<position><![CDATA[492]]></position>
</category_product>
<category_product><id_category><![CDATA[2]]></id_category>
<id_product><![CDATA[804]]></id_product>
<position><![CDATA[493]]></position>
</category_product>
<category_product><id_category><![CDATA[2]]></id_category>
<id_product><![CDATA[805]]></id_product>
<position><![CDATA[494]]></position>
</category_product>
<category_product><id_category><![CDATA[2]]></id_category>
<id_product><![CDATA[806]]></id_product>
<position><![CDATA[495]]></position>
</category_product>
<category_product><id_category><![CDATA[2]]></id_category>
<id_product><![CDATA[807]]></id_product>
<position><![CDATA[496]]></position>
</category_product>
<category_product><id_category><![CDATA[2]]></id_category>
<id_product><![CDATA[808]]></id_product>
<position><![CDATA[497]]></position>
</category_product>
<category_product><id_category><![CDATA[2]]></id_category>
<id_product><![CDATA[809]]></id_product>
<position><![CDATA[498]]></position>
</category_product>
<category_product><id_category><![CDATA[2]]></id_category>
<id_product><![CDATA[810]]></id_product>
<position><![CDATA[499]]></position>
</category_product>
<category_product><id_category><![CDATA[2]]></id_category>
<id_product><![CDATA[812]]></id_product>
<position><![CDATA[500]]></position>
</category_product>
<category_product><id_category><![CDATA[2]]></id_category>
<id_product><![CDATA[813]]></id_product>
<position><![CDATA[501]]></position>
</category_product>
<category_product><id_category><![CDATA[2]]></id_category>
<id_product><![CDATA[814]]></id_product>
<position><![CDATA[502]]></position>
</category_product>
<category_product><id_category><![CDATA[2]]></id_category>
<id_product><![CDATA[815]]></id_product>
<position><![CDATA[503]]></position>
</category_product>
<category_product><id_category><![CDATA[2]]></id_category>
<id_product><![CDATA[816]]></id_product>
<position><![CDATA[504]]></position>
</category_product>
<category_product><id_category><![CDATA[2]]></id_category>
<id_product><![CDATA[817]]></id_product>
<position><![CDATA[505]]></position>
</category_product>
<category_product><id_category><![CDATA[2]]></id_category>
<id_product><![CDATA[818]]></id_product>
<position><![CDATA[506]]></position>
</category_product>
<category_product><id_category><![CDATA[2]]></id_category>
<id_product><![CDATA[819]]></id_product>
<position><![CDATA[507]]></position>
</category_product>
<category_product><id_category><![CDATA[2]]></id_category>
<id_product><![CDATA[820]]></id_product>
<position><![CDATA[508]]></position>
</category_product>
<category_product><id_category><![CDATA[2]]></id_category>
<id_product><![CDATA[821]]></id_product>
<position><![CDATA[509]]></position>
</category_product>
<category_product><id_category><![CDATA[2]]></id_category>
<id_product><![CDATA[822]]></id_product>
<position><![CDATA[510]]></position>
</category_product>
<category_product><id_category><![CDATA[2]]></id_category>
<id_product><![CDATA[823]]></id_product>
<position><![CDATA[511]]></position>
</category_product>
<category_product><id_category><![CDATA[2]]></id_category>
<id_product><![CDATA[824]]></id_product>
<position><![CDATA[512]]></position>
</category_product>
<category_product><id_category><![CDATA[2]]></id_category>
<id_product><![CDATA[825]]></id_product>
<position><![CDATA[513]]></position>
</category_product>
<category_product><id_category><![CDATA[2]]></id_category>
<id_product><![CDATA[826]]></id_product>
<position><![CDATA[514]]></position>
</category_product>
<category_product><id_category><![CDATA[2]]></id_category>
<id_product><![CDATA[827]]></id_product>
<position><![CDATA[515]]></position>
</category_product>
<category_product><id_category><![CDATA[2]]></id_category>
<id_product><![CDATA[828]]></id_product>
<position><![CDATA[516]]></position>
</category_product>
<category_product><id_category><![CDATA[2]]></id_category>
<id_product><![CDATA[829]]></id_product>
<position><![CDATA[517]]></position>
</category_product>
<category_product><id_category><![CDATA[2]]></id_category>
<id_product><![CDATA[830]]></id_product>
<position><![CDATA[518]]></position>
</category_product>
<category_product><id_category><![CDATA[2]]></id_category>
<id_product><![CDATA[831]]></id_product>
<position><![CDATA[519]]></position>
</category_product>
<category_product><id_category><![CDATA[2]]></id_category>
<id_product><![CDATA[832]]></id_product>
<position><![CDATA[520]]></position>
</category_product>
<category_product><id_category><![CDATA[2]]></id_category>
<id_product><![CDATA[833]]></id_product>
<position><![CDATA[521]]></position>
</category_product>
<category_product><id_category><![CDATA[2]]></id_category>
<id_product><![CDATA[834]]></id_product>
<position><![CDATA[522]]></position>
</category_product>
<category_product><id_category><![CDATA[2]]></id_category>
<id_product><![CDATA[835]]></id_product>
<position><![CDATA[523]]></position>
</category_product>
<category_product><id_category><![CDATA[2]]></id_category>
<id_product><![CDATA[836]]></id_product>
<position><![CDATA[524]]></position>
</category_product>
<category_product><id_category><![CDATA[2]]></id_category>
<id_product><![CDATA[837]]></id_product>
<position><![CDATA[525]]></position>
</category_product>
<category_product><id_category><![CDATA[2]]></id_category>
<id_product><![CDATA[838]]></id_product>
<position><![CDATA[526]]></position>
</category_product>
<category_product><id_category><![CDATA[2]]></id_category>
<id_product><![CDATA[839]]></id_product>
<position><![CDATA[527]]></position>
</category_product>
<category_product><id_category><![CDATA[2]]></id_category>
<id_product><![CDATA[840]]></id_product>
<position><![CDATA[528]]></position>
</category_product>
<category_product><id_category><![CDATA[2]]></id_category>
<id_product><![CDATA[841]]></id_product>
<position><![CDATA[529]]></position>
</category_product>
<category_product><id_category><![CDATA[2]]></id_category>
<id_product><![CDATA[842]]></id_product>
<position><![CDATA[530]]></position>
</category_product>
<category_product><id_category><![CDATA[2]]></id_category>
<id_product><![CDATA[843]]></id_product>
<position><![CDATA[531]]></position>
</category_product>
<category_product><id_category><![CDATA[2]]></id_category>
<id_product><![CDATA[844]]></id_product>
<position><![CDATA[532]]></position>
</category_product>
<category_product><id_category><![CDATA[2]]></id_category>
<id_product><![CDATA[846]]></id_product>
<position><![CDATA[533]]></position>
</category_product>
<category_product><id_category><![CDATA[2]]></id_category>
<id_product><![CDATA[847]]></id_product>
<position><![CDATA[534]]></position>
</category_product>
<category_product><id_category><![CDATA[2]]></id_category>
<id_product><![CDATA[848]]></id_product>
<position><![CDATA[535]]></position>
</category_product>
<category_product><id_category><![CDATA[2]]></id_category>
<id_product><![CDATA[849]]></id_product>
<position><![CDATA[536]]></position>
</category_product>
<category_product><id_category><![CDATA[2]]></id_category>
<id_product><![CDATA[850]]></id_product>
<position><![CDATA[537]]></position>
</category_product>
<category_product><id_category><![CDATA[2]]></id_category>
<id_product><![CDATA[851]]></id_product>
<position><![CDATA[538]]></position>
</category_product>
<category_product><id_category><![CDATA[2]]></id_category>
<id_product><![CDATA[852]]></id_product>
<position><![CDATA[539]]></position>
</category_product>
<category_product><id_category><![CDATA[2]]></id_category>
<id_product><![CDATA[853]]></id_product>
<position><![CDATA[540]]></position>
</category_product>
<category_product><id_category><![CDATA[2]]></id_category>
<id_product><![CDATA[854]]></id_product>
<position><![CDATA[541]]></position>
</category_product>
<category_product><id_category><![CDATA[2]]></id_category>
<id_product><![CDATA[855]]></id_product>
<position><![CDATA[542]]></position>
</category_product>
<category_product><id_category><![CDATA[2]]></id_category>
<id_product><![CDATA[856]]></id_product>
<position><![CDATA[543]]></position>
</category_product>
<category_product><id_category><![CDATA[2]]></id_category>
<id_product><![CDATA[859]]></id_product>
<position><![CDATA[544]]></position>
</category_product>
<category_product><id_category><![CDATA[2]]></id_category>
<id_product><![CDATA[861]]></id_product>
<position><![CDATA[545]]></position>
</category_product>
<category_product><id_category><![CDATA[2]]></id_category>
<id_product><![CDATA[862]]></id_product>
<position><![CDATA[546]]></position>
</category_product>
<category_product><id_category><![CDATA[2]]></id_category>
<id_product><![CDATA[863]]></id_product>
<position><![CDATA[547]]></position>
</category_product>
<category_product><id_category><![CDATA[2]]></id_category>
<id_product><![CDATA[864]]></id_product>
<position><![CDATA[548]]></position>
</category_product>
<category_product><id_category><![CDATA[2]]></id_category>
<id_product><![CDATA[865]]></id_product>
<position><![CDATA[549]]></position>
</category_product>
<category_product><id_category><![CDATA[2]]></id_category>
<id_product><![CDATA[867]]></id_product>
<position><![CDATA[550]]></position>
</category_product>
<category_product><id_category><![CDATA[2]]></id_category>
<id_product><![CDATA[868]]></id_product>
<position><![CDATA[551]]></position>
</category_product>
<category_product><id_category><![CDATA[2]]></id_category>
<id_product><![CDATA[869]]></id_product>
<position><![CDATA[552]]></position>
</category_product>
<category_product><id_category><![CDATA[2]]></id_category>
<id_product><![CDATA[870]]></id_product>
<position><![CDATA[553]]></position>
</category_product>
<category_product><id_category><![CDATA[2]]></id_category>
<id_product><![CDATA[871]]></id_product>
<position><![CDATA[554]]></position>
</category_product>
<category_product><id_category><![CDATA[2]]></id_category>
<id_product><![CDATA[887]]></id_product>
<position><![CDATA[555]]></position>
</category_product>
<category_product><id_category><![CDATA[2]]></id_category>
<id_product><![CDATA[892]]></id_product>
<position><![CDATA[556]]></position>
</category_product>
<category_product><id_category><![CDATA[2]]></id_category>
<id_product><![CDATA[893]]></id_product>
<position><![CDATA[557]]></position>
</category_product>
<category_product><id_category><![CDATA[2]]></id_category>
<id_product><![CDATA[894]]></id_product>
<position><![CDATA[558]]></position>
</category_product>
<category_product><id_category><![CDATA[2]]></id_category>
<id_product><![CDATA[895]]></id_product>
<position><![CDATA[559]]></position>
</category_product>
<category_product><id_category><![CDATA[2]]></id_category>
<id_product><![CDATA[896]]></id_product>
<position><![CDATA[560]]></position>
</category_product>
<category_product><id_category><![CDATA[2]]></id_category>
<id_product><![CDATA[897]]></id_product>
<position><![CDATA[561]]></position>
</category_product>
<category_product><id_category><![CDATA[2]]></id_category>
<id_product><![CDATA[898]]></id_product>
<position><![CDATA[562]]></position>
</category_product>
<category_product><id_category><![CDATA[2]]></id_category>
<id_product><![CDATA[907]]></id_product>
<position><![CDATA[563]]></position>
</category_product>
<category_product><id_category><![CDATA[2]]></id_category>
<id_product><![CDATA[911]]></id_product>
<position><![CDATA[564]]></position>
</category_product>
<category_product><id_category><![CDATA[2]]></id_category>
<id_product><![CDATA[912]]></id_product>
<position><![CDATA[565]]></position>
</category_product>
<category_product><id_category><![CDATA[2]]></id_category>
<id_product><![CDATA[913]]></id_product>
<position><![CDATA[566]]></position>
</category_product>
<category_product><id_category><![CDATA[2]]></id_category>
<id_product><![CDATA[914]]></id_product>
<position><![CDATA[567]]></position>
</category_product>
<category_product><id_category><![CDATA[2]]></id_category>
<id_product><![CDATA[915]]></id_product>
<position><![CDATA[568]]></position>
</category_product>
<category_product><id_category><![CDATA[2]]></id_category>
<id_product><![CDATA[916]]></id_product>
<position><![CDATA[569]]></position>
</category_product>
<category_product><id_category><![CDATA[2]]></id_category>
<id_product><![CDATA[917]]></id_product>
<position><![CDATA[570]]></position>
</category_product>
<category_product><id_category><![CDATA[2]]></id_category>
<id_product><![CDATA[918]]></id_product>
<position><![CDATA[571]]></position>
</category_product>
<category_product><id_category><![CDATA[2]]></id_category>
<id_product><![CDATA[919]]></id_product>
<position><![CDATA[572]]></position>
</category_product>
<category_product><id_category><![CDATA[2]]></id_category>
<id_product><![CDATA[920]]></id_product>
<position><![CDATA[573]]></position>
</category_product>
<category_product><id_category><![CDATA[2]]></id_category>
<id_product><![CDATA[878]]></id_product>
<position><![CDATA[574]]></position>
</category_product>
<category_product><id_category><![CDATA[2]]></id_category>
<id_product><![CDATA[879]]></id_product>
<position><![CDATA[575]]></position>
</category_product>
<category_product><id_category><![CDATA[2]]></id_category>
<id_product><![CDATA[880]]></id_product>
<position><![CDATA[576]]></position>
</category_product>
<category_product><id_category><![CDATA[2]]></id_category>
<id_product><![CDATA[881]]></id_product>
<position><![CDATA[577]]></position>
</category_product>
<category_product><id_category><![CDATA[2]]></id_category>
<id_product><![CDATA[921]]></id_product>
<position><![CDATA[578]]></position>
</category_product>
<category_product><id_category><![CDATA[2]]></id_category>
<id_product><![CDATA[922]]></id_product>
<position><![CDATA[579]]></position>
</category_product>
<category_product><id_category><![CDATA[2]]></id_category>
<id_product><![CDATA[933]]></id_product>
<position><![CDATA[580]]></position>
</category_product>
<category_product><id_category><![CDATA[2]]></id_category>
<id_product><![CDATA[934]]></id_product>
<position><![CDATA[581]]></position>
</category_product>
<category_product><id_category><![CDATA[2]]></id_category>
<id_product><![CDATA[936]]></id_product>
<position><![CDATA[582]]></position>
</category_product>
<category_product><id_category><![CDATA[2]]></id_category>
<id_product><![CDATA[938]]></id_product>
<position><![CDATA[583]]></position>
</category_product>
<category_product><id_category><![CDATA[2]]></id_category>
<id_product><![CDATA[939]]></id_product>
<position><![CDATA[584]]></position>
</category_product>
<category_product><id_category><![CDATA[2]]></id_category>
<id_product><![CDATA[940]]></id_product>
<position><![CDATA[585]]></position>
</category_product>
<category_product><id_category><![CDATA[2]]></id_category>
<id_product><![CDATA[941]]></id_product>
<position><![CDATA[586]]></position>
</category_product>
<category_product><id_category><![CDATA[2]]></id_category>
<id_product><![CDATA[942]]></id_product>
<position><![CDATA[587]]></position>
</category_product>
<category_product><id_category><![CDATA[2]]></id_category>
<id_product><![CDATA[943]]></id_product>
<position><![CDATA[588]]></position>
</category_product>
<category_product><id_category><![CDATA[2]]></id_category>
<id_product><![CDATA[944]]></id_product>
<position><![CDATA[589]]></position>
</category_product>
<category_product><id_category><![CDATA[2]]></id_category>
<id_product><![CDATA[945]]></id_product>
<position><![CDATA[590]]></position>
</category_product>
<category_product><id_category><![CDATA[2]]></id_category>
<id_product><![CDATA[946]]></id_product>
<position><![CDATA[591]]></position>
</category_product>
<category_product><id_category><![CDATA[2]]></id_category>
<id_product><![CDATA[947]]></id_product>
<position><![CDATA[592]]></position>
</category_product>
<category_product><id_category><![CDATA[2]]></id_category>
<id_product><![CDATA[948]]></id_product>
<position><![CDATA[593]]></position>
</category_product>
<category_product><id_category><![CDATA[2]]></id_category>
<id_product><![CDATA[949]]></id_product>
<position><![CDATA[594]]></position>
</category_product>
<category_product><id_category><![CDATA[2]]></id_category>
<id_product><![CDATA[950]]></id_product>
<position><![CDATA[595]]></position>
</category_product>
<category_product><id_category><![CDATA[2]]></id_category>
<id_product><![CDATA[951]]></id_product>
<position><![CDATA[596]]></position>
</category_product>
<category_product><id_category><![CDATA[2]]></id_category>
<id_product><![CDATA[952]]></id_product>
<position><![CDATA[597]]></position>
</category_product>
<category_product><id_category><![CDATA[2]]></id_category>
<id_product><![CDATA[953]]></id_product>
<position><![CDATA[598]]></position>
</category_product>
<category_product><id_category><![CDATA[2]]></id_category>
<id_product><![CDATA[954]]></id_product>
<position><![CDATA[599]]></position>
</category_product>
<category_product><id_category><![CDATA[2]]></id_category>
<id_product><![CDATA[955]]></id_product>
<position><![CDATA[600]]></position>
</category_product>
<category_product><id_category><![CDATA[2]]></id_category>
<id_product><![CDATA[956]]></id_product>
<position><![CDATA[601]]></position>
</category_product>
<category_product><id_category><![CDATA[2]]></id_category>
<id_product><![CDATA[957]]></id_product>
<position><![CDATA[602]]></position>
</category_product>
<category_product><id_category><![CDATA[2]]></id_category>
<id_product><![CDATA[960]]></id_product>
<position><![CDATA[603]]></position>
</category_product>
<category_product><id_category><![CDATA[2]]></id_category>
<id_product><![CDATA[961]]></id_product>
<position><![CDATA[604]]></position>
</category_product>
<category_product><id_category><![CDATA[2]]></id_category>
<id_product><![CDATA[962]]></id_product>
<position><![CDATA[605]]></position>
</category_product>
<category_product><id_category><![CDATA[2]]></id_category>
<id_product><![CDATA[963]]></id_product>
<position><![CDATA[606]]></position>
</category_product>
<category_product><id_category><![CDATA[2]]></id_category>
<id_product><![CDATA[964]]></id_product>
<position><![CDATA[607]]></position>
</category_product>
<category_product><id_category><![CDATA[2]]></id_category>
<id_product><![CDATA[965]]></id_product>
<position><![CDATA[608]]></position>
</category_product>
<category_product><id_category><![CDATA[2]]></id_category>
<id_product><![CDATA[966]]></id_product>
<position><![CDATA[609]]></position>
</category_product>
<category_product><id_category><![CDATA[2]]></id_category>
<id_product><![CDATA[967]]></id_product>
<position><![CDATA[610]]></position>
</category_product>
<category_product><id_category><![CDATA[2]]></id_category>
<id_product><![CDATA[968]]></id_product>
<position><![CDATA[611]]></position>
</category_product>
<category_product><id_category><![CDATA[2]]></id_category>
<id_product><![CDATA[969]]></id_product>
<position><![CDATA[612]]></position>
</category_product>
<category_product><id_category><![CDATA[2]]></id_category>
<id_product><![CDATA[970]]></id_product>
<position><![CDATA[613]]></position>
</category_product>
<category_product><id_category><![CDATA[2]]></id_category>
<id_product><![CDATA[971]]></id_product>
<position><![CDATA[614]]></position>
</category_product>
<category_product><id_category><![CDATA[2]]></id_category>
<id_product><![CDATA[972]]></id_product>
<position><![CDATA[615]]></position>
</category_product>
<category_product><id_category><![CDATA[2]]></id_category>
<id_product><![CDATA[973]]></id_product>
<position><![CDATA[616]]></position>
</category_product>
<category_product><id_category><![CDATA[2]]></id_category>
<id_product><![CDATA[974]]></id_product>
<position><![CDATA[617]]></position>
</category_product>
<category_product><id_category><![CDATA[2]]></id_category>
<id_product><![CDATA[975]]></id_product>
<position><![CDATA[618]]></position>
</category_product>
<category_product><id_category><![CDATA[2]]></id_category>
<id_product><![CDATA[976]]></id_product>
<position><![CDATA[619]]></position>
</category_product>
<category_product><id_category><![CDATA[2]]></id_category>
<id_product><![CDATA[977]]></id_product>
<position><![CDATA[620]]></position>
</category_product>
<category_product><id_category><![CDATA[2]]></id_category>
<id_product><![CDATA[978]]></id_product>
<position><![CDATA[621]]></position>
</category_product>
<category_product><id_category><![CDATA[2]]></id_category>
<id_product><![CDATA[979]]></id_product>
<position><![CDATA[622]]></position>
</category_product>
<category_product><id_category><![CDATA[2]]></id_category>
<id_product><![CDATA[980]]></id_product>
<position><![CDATA[623]]></position>
</category_product>
<category_product><id_category><![CDATA[2]]></id_category>
<id_product><![CDATA[981]]></id_product>
<position><![CDATA[624]]></position>
</category_product>
<category_product><id_category><![CDATA[2]]></id_category>
<id_product><![CDATA[982]]></id_product>
<position><![CDATA[625]]></position>
</category_product>
<category_product><id_category><![CDATA[2]]></id_category>
<id_product><![CDATA[984]]></id_product>
<position><![CDATA[626]]></position>
</category_product>
<category_product><id_category><![CDATA[2]]></id_category>
<id_product><![CDATA[985]]></id_product>
<position><![CDATA[627]]></position>
</category_product>
<category_product><id_category><![CDATA[2]]></id_category>
<id_product><![CDATA[986]]></id_product>
<position><![CDATA[628]]></position>
</category_product>
<category_product><id_category><![CDATA[2]]></id_category>
<id_product><![CDATA[987]]></id_product>
<position><![CDATA[629]]></position>
</category_product>
<category_product><id_category><![CDATA[2]]></id_category>
<id_product><![CDATA[988]]></id_product>
<position><![CDATA[630]]></position>
</category_product>
<category_product><id_category><![CDATA[2]]></id_category>
<id_product><![CDATA[989]]></id_product>
<position><![CDATA[631]]></position>
</category_product>
<category_product><id_category><![CDATA[2]]></id_category>
<id_product><![CDATA[990]]></id_product>
<position><![CDATA[632]]></position>
</category_product>
<category_product><id_category><![CDATA[2]]></id_category>
<id_product><![CDATA[991]]></id_product>
<position><![CDATA[633]]></position>
</category_product>
<category_product><id_category><![CDATA[2]]></id_category>
<id_product><![CDATA[992]]></id_product>
<position><![CDATA[634]]></position>
</category_product>
<category_product><id_category><![CDATA[2]]></id_category>
<id_product><![CDATA[994]]></id_product>
<position><![CDATA[635]]></position>
</category_product>
<category_product><id_category><![CDATA[2]]></id_category>
<id_product><![CDATA[995]]></id_product>
<position><![CDATA[636]]></position>
</category_product>
<category_product><id_category><![CDATA[2]]></id_category>
<id_product><![CDATA[996]]></id_product>
<position><![CDATA[637]]></position>
</category_product>
<category_product><id_category><![CDATA[2]]></id_category>
<id_product><![CDATA[997]]></id_product>
<position><![CDATA[638]]></position>
</category_product>
<category_product><id_category><![CDATA[2]]></id_category>
<id_product><![CDATA[998]]></id_product>
<position><![CDATA[639]]></position>
</category_product>
<category_product><id_category><![CDATA[2]]></id_category>
<id_product><![CDATA[999]]></id_product>
<position><![CDATA[640]]></position>
</category_product>
<category_product><id_category><![CDATA[2]]></id_category>
<id_product><![CDATA[1001]]></id_product>
<position><![CDATA[641]]></position>
</category_product>
<category_product><id_category><![CDATA[2]]></id_category>
<id_product><![CDATA[1006]]></id_product>
<position><![CDATA[642]]></position>
</category_product>
<category_product><id_category><![CDATA[2]]></id_category>
<id_product><![CDATA[1007]]></id_product>
<position><![CDATA[643]]></position>
</category_product>
<category_product><id_category><![CDATA[2]]></id_category>
<id_product><![CDATA[1008]]></id_product>
<position><![CDATA[644]]></position>
</category_product>
<category_product><id_category><![CDATA[2]]></id_category>
<id_product><![CDATA[1009]]></id_product>
<position><![CDATA[645]]></position>
</category_product>
<category_product><id_category><![CDATA[2]]></id_category>
<id_product><![CDATA[1010]]></id_product>
<position><![CDATA[646]]></position>
</category_product>
<category_product><id_category><![CDATA[2]]></id_category>
<id_product><![CDATA[1012]]></id_product>
<position><![CDATA[647]]></position>
</category_product>
<category_product><id_category><![CDATA[2]]></id_category>
<id_product><![CDATA[1013]]></id_product>
<position><![CDATA[648]]></position>
</category_product>
<category_product><id_category><![CDATA[2]]></id_category>
<id_product><![CDATA[1014]]></id_product>
<position><![CDATA[649]]></position>
</category_product>
<category_product><id_category><![CDATA[2]]></id_category>
<id_product><![CDATA[1016]]></id_product>
<position><![CDATA[650]]></position>
</category_product>
<category_product><id_category><![CDATA[2]]></id_category>
<id_product><![CDATA[1018]]></id_product>
<position><![CDATA[651]]></position>
</category_product>
<category_product><id_category><![CDATA[2]]></id_category>
<id_product><![CDATA[1052]]></id_product>
<position><![CDATA[652]]></position>
</category_product>
<category_product><id_category><![CDATA[2]]></id_category>
<id_product><![CDATA[1059]]></id_product>
<position><![CDATA[653]]></position>
</category_product>
<category_product><id_category><![CDATA[2]]></id_category>
<id_product><![CDATA[1071]]></id_product>
<position><![CDATA[654]]></position>
</category_product>
<category_product><id_category><![CDATA[2]]></id_category>
<id_product><![CDATA[1072]]></id_product>
<position><![CDATA[655]]></position>
</category_product>
<category_product><id_category><![CDATA[2]]></id_category>
<id_product><![CDATA[1073]]></id_product>
<position><![CDATA[656]]></position>
</category_product>
<category_product><id_category><![CDATA[2]]></id_category>
<id_product><![CDATA[1074]]></id_product>
<position><![CDATA[657]]></position>
</category_product>
<category_product><id_category><![CDATA[2]]></id_category>
<id_product><![CDATA[1091]]></id_product>
<position><![CDATA[658]]></position>
</category_product>
<category_product><id_category><![CDATA[2]]></id_category>
<id_product><![CDATA[1132]]></id_product>
<position><![CDATA[659]]></position>
</category_product>
<category_product><id_category><![CDATA[2]]></id_category>
<id_product><![CDATA[1142]]></id_product>
<position><![CDATA[660]]></position>
</category_product>
<category_product><id_category><![CDATA[2]]></id_category>
<id_product><![CDATA[1144]]></id_product>
<position><![CDATA[661]]></position>
</category_product>
<category_product><id_category><![CDATA[2]]></id_category>
<id_product><![CDATA[1145]]></id_product>
<position><![CDATA[662]]></position>
</category_product>
<category_product><id_category><![CDATA[2]]></id_category>
<id_product><![CDATA[1146]]></id_product>
<position><![CDATA[663]]></position>
</category_product>
<category_product><id_category><![CDATA[2]]></id_category>
<id_product><![CDATA[1158]]></id_product>
<position><![CDATA[664]]></position>
</category_product>
<category_product><id_category><![CDATA[2]]></id_category>
<id_product><![CDATA[1159]]></id_product>
<position><![CDATA[665]]></position>
</category_product>
<category_product><id_category><![CDATA[2]]></id_category>
<id_product><![CDATA[1160]]></id_product>
<position><![CDATA[666]]></position>
</category_product>
<category_product><id_category><![CDATA[2]]></id_category>
<id_product><![CDATA[1161]]></id_product>
<position><![CDATA[667]]></position>
</category_product>
<category_product><id_category><![CDATA[2]]></id_category>
<id_product><![CDATA[1167]]></id_product>
<position><![CDATA[668]]></position>
</category_product>
<category_product><id_category><![CDATA[2]]></id_category>
<id_product><![CDATA[1234]]></id_product>
<position><![CDATA[669]]></position>
</category_product>
<category_product><id_category><![CDATA[2]]></id_category>
<id_product><![CDATA[1235]]></id_product>
<position><![CDATA[670]]></position>
</category_product>
<category_product><id_category><![CDATA[2]]></id_category>
<id_product><![CDATA[799]]></id_product>
<position><![CDATA[671]]></position>
</category_product>
<category_product><id_category><![CDATA[2]]></id_category>
<id_product><![CDATA[1435]]></id_product>
<position><![CDATA[672]]></position>
</category_product>
<category_product><id_category><![CDATA[2]]></id_category>
<id_product><![CDATA[1458]]></id_product>
<position><![CDATA[673]]></position>
</category_product>
<category_product><id_category><![CDATA[2]]></id_category>
<id_product><![CDATA[1459]]></id_product>
<position><![CDATA[674]]></position>
</category_product>
<category_product><id_category><![CDATA[2]]></id_category>
<id_product><![CDATA[1460]]></id_product>
<position><![CDATA[675]]></position>
</category_product>
<category_product><id_category><![CDATA[2]]></id_category>
<id_product><![CDATA[1461]]></id_product>
<position><![CDATA[676]]></position>
</category_product>
<category_product><id_category><![CDATA[2]]></id_category>
<id_product><![CDATA[1462]]></id_product>
<position><![CDATA[677]]></position>
</category_product>
<category_product><id_category><![CDATA[2]]></id_category>
<id_product><![CDATA[1496]]></id_product>
<position><![CDATA[678]]></position>
</category_product>
<category_product><id_category><![CDATA[2]]></id_category>
<id_product><![CDATA[2241]]></id_product>
<position><![CDATA[679]]></position>
</category_product>
<category_product><id_category><![CDATA[2]]></id_category>
<id_product><![CDATA[2242]]></id_product>
<position><![CDATA[680]]></position>
</category_product>
<category_product><id_category><![CDATA[2]]></id_category>
<id_product><![CDATA[2243]]></id_product>
<position><![CDATA[681]]></position>
</category_product>
<category_product><id_category><![CDATA[2]]></id_category>
<id_product><![CDATA[2245]]></id_product>
<position><![CDATA[682]]></position>
</category_product>
<category_product><id_category><![CDATA[2]]></id_category>
<id_product><![CDATA[2408]]></id_product>
<position><![CDATA[683]]></position>
</category_product>
<category_product><id_category><![CDATA[2]]></id_category>
<id_product><![CDATA[2542]]></id_product>
<position><![CDATA[684]]></position>
</category_product>
<category_product><id_category><![CDATA[2]]></id_category>
<id_product><![CDATA[2910]]></id_product>
<position><![CDATA[685]]></position>
</category_product>
<category_product><id_category><![CDATA[2]]></id_category>
<id_product><![CDATA[2984]]></id_product>
<position><![CDATA[686]]></position>
</category_product>
<category_product><id_category><![CDATA[2]]></id_category>
<id_product><![CDATA[2986]]></id_product>
<position><![CDATA[687]]></position>
</category_product>
<category_product><id_category><![CDATA[2]]></id_category>
<id_product><![CDATA[3043]]></id_product>
<position><![CDATA[688]]></position>
</category_product>
<category_product><id_category><![CDATA[2]]></id_category>
<id_product><![CDATA[3055]]></id_product>
<position><![CDATA[689]]></position>
</category_product>
<category_product><id_category><![CDATA[2]]></id_category>
<id_product><![CDATA[3333]]></id_product>
<position><![CDATA[690]]></position>
</category_product>
<category_product><id_category><![CDATA[2]]></id_category>
<id_product><![CDATA[3430]]></id_product>
<position><![CDATA[691]]></position>
</category_product>
<category_product><id_category><![CDATA[2]]></id_category>
<id_product><![CDATA[3553]]></id_product>
<position><![CDATA[692]]></position>
</category_product>
<category_product><id_category><![CDATA[2]]></id_category>
<id_product><![CDATA[3557]]></id_product>
<position><![CDATA[693]]></position>
</category_product>
<category_product><id_category><![CDATA[2]]></id_category>
<id_product><![CDATA[3558]]></id_product>
<position><![CDATA[694]]></position>
</category_product>
<category_product><id_category><![CDATA[2]]></id_category>
<id_product><![CDATA[3560]]></id_product>
<position><![CDATA[695]]></position>
</category_product>
<category_product><id_category><![CDATA[2]]></id_category>
<id_product><![CDATA[4048]]></id_product>
<position><![CDATA[696]]></position>
</category_product>
<category_product><id_category><![CDATA[2]]></id_category>
<id_product><![CDATA[4056]]></id_product>
<position><![CDATA[697]]></position>
</category_product>
<category_product><id_category><![CDATA[2]]></id_category>
<id_product><![CDATA[4079]]></id_product>
<position><![CDATA[698]]></position>
</category_product>
<category_product><id_category><![CDATA[2]]></id_category>
<id_product><![CDATA[4080]]></id_product>
<position><![CDATA[699]]></position>
</category_product>
<category_product><id_category><![CDATA[2]]></id_category>
<id_product><![CDATA[4081]]></id_product>
<position><![CDATA[700]]></position>
</category_product>
<category_product><id_category><![CDATA[2]]></id_category>
<id_product><![CDATA[4082]]></id_product>
<position><![CDATA[701]]></position>
</category_product>
<category_product><id_category><![CDATA[2]]></id_category>
<id_product><![CDATA[4083]]></id_product>
<position><![CDATA[702]]></position>
</category_product>
<category_product><id_category><![CDATA[2]]></id_category>
<id_product><![CDATA[4086]]></id_product>
<position><![CDATA[703]]></position>
</category_product>
<category_product><id_category><![CDATA[2]]></id_category>
<id_product><![CDATA[4087]]></id_product>
<position><![CDATA[704]]></position>
</category_product>
<category_product><id_category><![CDATA[2]]></id_category>
<id_product><![CDATA[4088]]></id_product>
<position><![CDATA[705]]></position>
</category_product>
<category_product><id_category><![CDATA[2]]></id_category>
<id_product><![CDATA[4126]]></id_product>
<position><![CDATA[706]]></position>
</category_product>
<category_product><id_category><![CDATA[2]]></id_category>
<id_product><![CDATA[4127]]></id_product>
<position><![CDATA[707]]></position>
</category_product>
<category_product><id_category><![CDATA[2]]></id_category>
<id_product><![CDATA[4129]]></id_product>
<position><![CDATA[708]]></position>
</category_product>
<category_product><id_category><![CDATA[2]]></id_category>
<id_product><![CDATA[4130]]></id_product>
<position><![CDATA[709]]></position>
</category_product>
<category_product><id_category><![CDATA[2]]></id_category>
<id_product><![CDATA[4144]]></id_product>
<position><![CDATA[710]]></position>
</category_product>
<category_product><id_category><![CDATA[2]]></id_category>
<id_product><![CDATA[4145]]></id_product>
<position><![CDATA[711]]></position>
</category_product>
<category_product><id_category><![CDATA[2]]></id_category>
<id_product><![CDATA[4146]]></id_product>
<position><![CDATA[712]]></position>
</category_product>
<category_product><id_category><![CDATA[2]]></id_category>
<id_product><![CDATA[4148]]></id_product>
<position><![CDATA[713]]></position>
</category_product>
<category_product><id_category><![CDATA[2]]></id_category>
<id_product><![CDATA[4149]]></id_product>
<position><![CDATA[714]]></position>
</category_product>
<category_product><id_category><![CDATA[2]]></id_category>
<id_product><![CDATA[4150]]></id_product>
<position><![CDATA[715]]></position>
</category_product>
<category_product><id_category><![CDATA[2]]></id_category>
<id_product><![CDATA[4156]]></id_product>
<position><![CDATA[716]]></position>
</category_product>
<category_product><id_category><![CDATA[2]]></id_category>
<id_product><![CDATA[4157]]></id_product>
<position><![CDATA[717]]></position>
</category_product>
<category_product><id_category><![CDATA[2]]></id_category>
<id_product><![CDATA[4161]]></id_product>
<position><![CDATA[718]]></position>
</category_product>
<category_product><id_category><![CDATA[2]]></id_category>
<id_product><![CDATA[4162]]></id_product>
<position><![CDATA[719]]></position>
</category_product>
<category_product><id_category><![CDATA[2]]></id_category>
<id_product><![CDATA[4164]]></id_product>
<position><![CDATA[720]]></position>
</category_product>
<category_product><id_category><![CDATA[2]]></id_category>
<id_product><![CDATA[4166]]></id_product>
<position><![CDATA[721]]></position>
</category_product>
<category_product><id_category><![CDATA[2]]></id_category>
<id_product><![CDATA[4169]]></id_product>
<position><![CDATA[722]]></position>
</category_product>
<category_product><id_category><![CDATA[2]]></id_category>
<id_product><![CDATA[4170]]></id_product>
<position><![CDATA[723]]></position>
</category_product>
<category_product><id_category><![CDATA[2]]></id_category>
<id_product><![CDATA[4171]]></id_product>
<position><![CDATA[724]]></position>
</category_product>
<category_product><id_category><![CDATA[2]]></id_category>
<id_product><![CDATA[4173]]></id_product>
<position><![CDATA[725]]></position>
</category_product>
<category_product><id_category><![CDATA[2]]></id_category>
<id_product><![CDATA[4174]]></id_product>
<position><![CDATA[726]]></position>
</category_product>
<category_product><id_category><![CDATA[2]]></id_category>
<id_product><![CDATA[4572]]></id_product>
<position><![CDATA[727]]></position>
</category_product>
<category_product><id_category><![CDATA[2]]></id_category>
<id_product><![CDATA[4573]]></id_product>
<position><![CDATA[728]]></position>
</category_product>
<category_product><id_category><![CDATA[2]]></id_category>
<id_product><![CDATA[4574]]></id_product>
<position><![CDATA[729]]></position>
</category_product>
<category_product><id_category><![CDATA[16]]></id_category>
<id_product><![CDATA[373]]></id_product>
<position><![CDATA[0]]></position>
</category_product>
<category_product><id_category><![CDATA[16]]></id_category>
<id_product><![CDATA[374]]></id_product>
<position><![CDATA[1]]></position>
</category_product>
<category_product><id_category><![CDATA[16]]></id_category>
<id_product><![CDATA[375]]></id_product>
<position><![CDATA[2]]></position>
</category_product>
<category_product><id_category><![CDATA[16]]></id_category>
<id_product><![CDATA[376]]></id_product>
<position><![CDATA[3]]></position>
</category_product>
<category_product><id_category><![CDATA[16]]></id_category>
<id_product><![CDATA[377]]></id_product>
<position><![CDATA[4]]></position>
</category_product>
<category_product><id_category><![CDATA[16]]></id_category>
<id_product><![CDATA[378]]></id_product>
<position><![CDATA[5]]></position>
</category_product>
<category_product><id_category><![CDATA[16]]></id_category>
<id_product><![CDATA[379]]></id_product>
<position><![CDATA[6]]></position>
</category_product>
<category_product><id_category><![CDATA[16]]></id_category>
<id_product><![CDATA[380]]></id_product>
<position><![CDATA[7]]></position>
</category_product>
<category_product><id_category><![CDATA[16]]></id_category>
<id_product><![CDATA[381]]></id_product>
<position><![CDATA[8]]></position>
</category_product>
<category_product><id_category><![CDATA[16]]></id_category>
<id_product><![CDATA[382]]></id_product>
<position><![CDATA[9]]></position>
</category_product>
<category_product><id_category><![CDATA[16]]></id_category>
<id_product><![CDATA[383]]></id_product>
<position><![CDATA[10]]></position>
</category_product>
<category_product><id_category><![CDATA[16]]></id_category>
<id_product><![CDATA[384]]></id_product>
<position><![CDATA[11]]></position>
</category_product>
<category_product><id_category><![CDATA[16]]></id_category>
<id_product><![CDATA[385]]></id_product>
<position><![CDATA[12]]></position>
</category_product>
<category_product><id_category><![CDATA[16]]></id_category>
<id_product><![CDATA[386]]></id_product>
<position><![CDATA[13]]></position>
</category_product>
<category_product><id_category><![CDATA[16]]></id_category>
<id_product><![CDATA[387]]></id_product>
<position><![CDATA[14]]></position>
</category_product>
<category_product><id_category><![CDATA[16]]></id_category>
<id_product><![CDATA[388]]></id_product>
<position><![CDATA[15]]></position>
</category_product>
<category_product><id_category><![CDATA[16]]></id_category>
<id_product><![CDATA[389]]></id_product>
<position><![CDATA[16]]></position>
</category_product>
<category_product><id_category><![CDATA[16]]></id_category>
<id_product><![CDATA[390]]></id_product>
<position><![CDATA[17]]></position>
</category_product>
<category_product><id_category><![CDATA[16]]></id_category>
<id_product><![CDATA[391]]></id_product>
<position><![CDATA[18]]></position>
</category_product>
<category_product><id_category><![CDATA[16]]></id_category>
<id_product><![CDATA[392]]></id_product>
<position><![CDATA[19]]></position>
</category_product>
<category_product><id_category><![CDATA[16]]></id_category>
<id_product><![CDATA[393]]></id_product>
<position><![CDATA[20]]></position>
</category_product>
<category_product><id_category><![CDATA[16]]></id_category>
<id_product><![CDATA[394]]></id_product>
<position><![CDATA[21]]></position>
</category_product>
<category_product><id_category><![CDATA[16]]></id_category>
<id_product><![CDATA[395]]></id_product>
<position><![CDATA[22]]></position>
</category_product>
<category_product><id_category><![CDATA[16]]></id_category>
<id_product><![CDATA[396]]></id_product>
<position><![CDATA[23]]></position>
</category_product>
<category_product><id_category><![CDATA[16]]></id_category>
<id_product><![CDATA[397]]></id_product>
<position><![CDATA[24]]></position>
</category_product>
<category_product><id_category><![CDATA[16]]></id_category>
<id_product><![CDATA[398]]></id_product>
<position><![CDATA[25]]></position>
</category_product>
<category_product><id_category><![CDATA[16]]></id_category>
<id_product><![CDATA[399]]></id_product>
<position><![CDATA[26]]></position>
</category_product>
<category_product><id_category><![CDATA[16]]></id_category>
<id_product><![CDATA[400]]></id_product>
<position><![CDATA[27]]></position>
</category_product>
<category_product><id_category><![CDATA[16]]></id_category>
<id_product><![CDATA[401]]></id_product>
<position><![CDATA[28]]></position>
</category_product>
<category_product><id_category><![CDATA[16]]></id_category>
<id_product><![CDATA[402]]></id_product>
<position><![CDATA[29]]></position>
</category_product>
<category_product><id_category><![CDATA[16]]></id_category>
<id_product><![CDATA[403]]></id_product>
<position><![CDATA[30]]></position>
</category_product>
<category_product><id_category><![CDATA[16]]></id_category>
<id_product><![CDATA[404]]></id_product>
<position><![CDATA[31]]></position>
</category_product>
<category_product><id_category><![CDATA[16]]></id_category>
<id_product><![CDATA[405]]></id_product>
<position><![CDATA[32]]></position>
</category_product>
<category_product><id_category><![CDATA[16]]></id_category>
<id_product><![CDATA[406]]></id_product>
<position><![CDATA[33]]></position>
</category_product>
<category_product><id_category><![CDATA[16]]></id_category>
<id_product><![CDATA[407]]></id_product>
<position><![CDATA[34]]></position>
</category_product>
<category_product><id_category><![CDATA[16]]></id_category>
<id_product><![CDATA[408]]></id_product>
<position><![CDATA[35]]></position>
</category_product>
<category_product><id_category><![CDATA[16]]></id_category>
<id_product><![CDATA[409]]></id_product>
<position><![CDATA[36]]></position>
</category_product>
<category_product><id_category><![CDATA[16]]></id_category>
<id_product><![CDATA[410]]></id_product>
<position><![CDATA[37]]></position>
</category_product>
<category_product><id_category><![CDATA[16]]></id_category>
<id_product><![CDATA[418]]></id_product>
<position><![CDATA[38]]></position>
</category_product>
<category_product><id_category><![CDATA[16]]></id_category>
<id_product><![CDATA[420]]></id_product>
<position><![CDATA[39]]></position>
</category_product>
<category_product><id_category><![CDATA[16]]></id_category>
<id_product><![CDATA[422]]></id_product>
<position><![CDATA[40]]></position>
</category_product>
<category_product><id_category><![CDATA[16]]></id_category>
<id_product><![CDATA[423]]></id_product>
<position><![CDATA[41]]></position>
</category_product>
<category_product><id_category><![CDATA[16]]></id_category>
<id_product><![CDATA[424]]></id_product>
<position><![CDATA[42]]></position>
</category_product>
<category_product><id_category><![CDATA[16]]></id_category>
<id_product><![CDATA[425]]></id_product>
<position><![CDATA[43]]></position>
</category_product>
<category_product><id_category><![CDATA[16]]></id_category>
<id_product><![CDATA[426]]></id_product>
<position><![CDATA[44]]></position>
</category_product>
<category_product><id_category><![CDATA[16]]></id_category>
<id_product><![CDATA[427]]></id_product>
<position><![CDATA[45]]></position>
</category_product>
<category_product><id_category><![CDATA[16]]></id_category>
<id_product><![CDATA[428]]></id_product>
<position><![CDATA[46]]></position>
</category_product>
<category_product><id_category><![CDATA[16]]></id_category>
<id_product><![CDATA[429]]></id_product>
<position><![CDATA[47]]></position>
</category_product>
<category_product><id_category><![CDATA[16]]></id_category>
<id_product><![CDATA[430]]></id_product>
<position><![CDATA[48]]></position>
</category_product>
<category_product><id_category><![CDATA[16]]></id_category>
<id_product><![CDATA[431]]></id_product>
<position><![CDATA[49]]></position>
</category_product>
<category_product><id_category><![CDATA[16]]></id_category>
<id_product><![CDATA[434]]></id_product>
<position><![CDATA[50]]></position>
</category_product>
<category_product><id_category><![CDATA[16]]></id_category>
<id_product><![CDATA[435]]></id_product>
<position><![CDATA[51]]></position>
</category_product>
<category_product><id_category><![CDATA[16]]></id_category>
<id_product><![CDATA[436]]></id_product>
<position><![CDATA[52]]></position>
</category_product>
<category_product><id_category><![CDATA[16]]></id_category>
<id_product><![CDATA[437]]></id_product>
<position><![CDATA[53]]></position>
</category_product>
<category_product><id_category><![CDATA[16]]></id_category>
<id_product><![CDATA[439]]></id_product>
<position><![CDATA[54]]></position>
</category_product>
<category_product><id_category><![CDATA[16]]></id_category>
<id_product><![CDATA[440]]></id_product>
<position><![CDATA[55]]></position>
</category_product>
<category_product><id_category><![CDATA[16]]></id_category>
<id_product><![CDATA[442]]></id_product>
<position><![CDATA[56]]></position>
</category_product>
<category_product><id_category><![CDATA[16]]></id_category>
<id_product><![CDATA[443]]></id_product>
<position><![CDATA[57]]></position>
</category_product>
<category_product><id_category><![CDATA[16]]></id_category>
<id_product><![CDATA[444]]></id_product>
<position><![CDATA[58]]></position>
</category_product>
<category_product><id_category><![CDATA[16]]></id_category>
<id_product><![CDATA[445]]></id_product>
<position><![CDATA[59]]></position>
</category_product>
<category_product><id_category><![CDATA[16]]></id_category>
<id_product><![CDATA[447]]></id_product>
<position><![CDATA[60]]></position>
</category_product>
<category_product><id_category><![CDATA[16]]></id_category>
<id_product><![CDATA[448]]></id_product>
<position><![CDATA[61]]></position>
</category_product>
<category_product><id_category><![CDATA[16]]></id_category>
<id_product><![CDATA[1147]]></id_product>
<position><![CDATA[62]]></position>
</category_product>
<category_product><id_category><![CDATA[16]]></id_category>
<id_product><![CDATA[1148]]></id_product>
<position><![CDATA[63]]></position>
</category_product>
<category_product><id_category><![CDATA[16]]></id_category>
<id_product><![CDATA[1158]]></id_product>
<position><![CDATA[64]]></position>
</category_product>
<category_product><id_category><![CDATA[16]]></id_category>
<id_product><![CDATA[1159]]></id_product>
<position><![CDATA[65]]></position>
</category_product>
<category_product><id_category><![CDATA[16]]></id_category>
<id_product><![CDATA[1160]]></id_product>
<position><![CDATA[66]]></position>
</category_product>
<category_product><id_category><![CDATA[16]]></id_category>
<id_product><![CDATA[1161]]></id_product>
<position><![CDATA[67]]></position>
</category_product>
<category_product><id_category><![CDATA[16]]></id_category>
<id_product><![CDATA[1162]]></id_product>
<position><![CDATA[68]]></position>
</category_product>
<category_product><id_category><![CDATA[16]]></id_category>
<id_product><![CDATA[1163]]></id_product>
<position><![CDATA[69]]></position>
</category_product>
<category_product><id_category><![CDATA[16]]></id_category>
<id_product><![CDATA[1193]]></id_product>
<position><![CDATA[70]]></position>
</category_product>
<category_product><id_category><![CDATA[16]]></id_category>
<id_product><![CDATA[1194]]></id_product>
<position><![CDATA[71]]></position>
</category_product>
<category_product><id_category><![CDATA[16]]></id_category>
<id_product><![CDATA[1195]]></id_product>
<position><![CDATA[72]]></position>
</category_product>
<category_product><id_category><![CDATA[16]]></id_category>
<id_product><![CDATA[1196]]></id_product>
<position><![CDATA[73]]></position>
</category_product>
<category_product><id_category><![CDATA[16]]></id_category>
<id_product><![CDATA[1197]]></id_product>
<position><![CDATA[74]]></position>
</category_product>
<category_product><id_category><![CDATA[16]]></id_category>
<id_product><![CDATA[1198]]></id_product>
<position><![CDATA[75]]></position>
</category_product>
<category_product><id_category><![CDATA[16]]></id_category>
<id_product><![CDATA[1199]]></id_product>
<position><![CDATA[76]]></position>
</category_product>
<category_product><id_category><![CDATA[16]]></id_category>
<id_product><![CDATA[1200]]></id_product>
<position><![CDATA[77]]></position>
</category_product>
<category_product><id_category><![CDATA[16]]></id_category>
<id_product><![CDATA[1201]]></id_product>
<position><![CDATA[78]]></position>
</category_product>
<category_product><id_category><![CDATA[16]]></id_category>
<id_product><![CDATA[1202]]></id_product>
<position><![CDATA[79]]></position>
</category_product>
<category_product><id_category><![CDATA[16]]></id_category>
<id_product><![CDATA[1203]]></id_product>
<position><![CDATA[80]]></position>
</category_product>
<category_product><id_category><![CDATA[16]]></id_category>
<id_product><![CDATA[1205]]></id_product>
<position><![CDATA[81]]></position>
</category_product>
<category_product><id_category><![CDATA[16]]></id_category>
<id_product><![CDATA[1206]]></id_product>
<position><![CDATA[82]]></position>
</category_product>
<category_product><id_category><![CDATA[16]]></id_category>
<id_product><![CDATA[1207]]></id_product>
<position><![CDATA[83]]></position>
</category_product>
<category_product><id_category><![CDATA[16]]></id_category>
<id_product><![CDATA[1208]]></id_product>
<position><![CDATA[84]]></position>
</category_product>
<category_product><id_category><![CDATA[16]]></id_category>
<id_product><![CDATA[1209]]></id_product>
<position><![CDATA[85]]></position>
</category_product>
<category_product><id_category><![CDATA[16]]></id_category>
<id_product><![CDATA[1210]]></id_product>
<position><![CDATA[86]]></position>
</category_product>
<category_product><id_category><![CDATA[16]]></id_category>
<id_product><![CDATA[1211]]></id_product>
<position><![CDATA[87]]></position>
</category_product>
<category_product><id_category><![CDATA[16]]></id_category>
<id_product><![CDATA[1212]]></id_product>
<position><![CDATA[88]]></position>
</category_product>
<category_product><id_category><![CDATA[16]]></id_category>
<id_product><![CDATA[1213]]></id_product>
<position><![CDATA[89]]></position>
</category_product>
<category_product><id_category><![CDATA[16]]></id_category>
<id_product><![CDATA[1214]]></id_product>
<position><![CDATA[90]]></position>
</category_product>
<category_product><id_category><![CDATA[16]]></id_category>
<id_product><![CDATA[1215]]></id_product>
<position><![CDATA[91]]></position>
</category_product>
<category_product><id_category><![CDATA[16]]></id_category>
<id_product><![CDATA[1216]]></id_product>
<position><![CDATA[92]]></position>
</category_product>
<category_product><id_category><![CDATA[16]]></id_category>
<id_product><![CDATA[1217]]></id_product>
<position><![CDATA[93]]></position>
</category_product>
<category_product><id_category><![CDATA[16]]></id_category>
<id_product><![CDATA[1218]]></id_product>
<position><![CDATA[94]]></position>
</category_product>
<category_product><id_category><![CDATA[16]]></id_category>
<id_product><![CDATA[1219]]></id_product>
<position><![CDATA[95]]></position>
</category_product>
<category_product><id_category><![CDATA[16]]></id_category>
<id_product><![CDATA[1220]]></id_product>
<position><![CDATA[96]]></position>
</category_product>
<category_product><id_category><![CDATA[16]]></id_category>
<id_product><![CDATA[1221]]></id_product>
<position><![CDATA[97]]></position>
</category_product>
<category_product><id_category><![CDATA[16]]></id_category>
<id_product><![CDATA[1222]]></id_product>
<position><![CDATA[98]]></position>
</category_product>
<category_product><id_category><![CDATA[16]]></id_category>
<id_product><![CDATA[1223]]></id_product>
<position><![CDATA[99]]></position>
</category_product>
<category_product><id_category><![CDATA[16]]></id_category>
<id_product><![CDATA[1224]]></id_product>
<position><![CDATA[100]]></position>
</category_product>
<category_product><id_category><![CDATA[16]]></id_category>
<id_product><![CDATA[1225]]></id_product>
<position><![CDATA[101]]></position>
</category_product>
<category_product><id_category><![CDATA[16]]></id_category>
<id_product><![CDATA[1226]]></id_product>
<position><![CDATA[102]]></position>
</category_product>
<category_product><id_category><![CDATA[16]]></id_category>
<id_product><![CDATA[1227]]></id_product>
<position><![CDATA[103]]></position>
</category_product>
<category_product><id_category><![CDATA[16]]></id_category>
<id_product><![CDATA[1228]]></id_product>
<position><![CDATA[104]]></position>
</category_product>
<category_product><id_category><![CDATA[16]]></id_category>
<id_product><![CDATA[1229]]></id_product>
<position><![CDATA[105]]></position>
</category_product>
<category_product><id_category><![CDATA[16]]></id_category>
<id_product><![CDATA[1230]]></id_product>
<position><![CDATA[106]]></position>
</category_product>
<category_product><id_category><![CDATA[16]]></id_category>
<id_product><![CDATA[1231]]></id_product>
<position><![CDATA[107]]></position>
</category_product>
<category_product><id_category><![CDATA[16]]></id_category>
<id_product><![CDATA[1232]]></id_product>
<position><![CDATA[108]]></position>
</category_product>
<category_product><id_category><![CDATA[16]]></id_category>
<id_product><![CDATA[1237]]></id_product>
<position><![CDATA[109]]></position>
</category_product>
<category_product><id_category><![CDATA[16]]></id_category>
<id_product><![CDATA[1238]]></id_product>
<position><![CDATA[110]]></position>
</category_product>
<category_product><id_category><![CDATA[16]]></id_category>
<id_product><![CDATA[1239]]></id_product>
<position><![CDATA[111]]></position>
</category_product>
<category_product><id_category><![CDATA[16]]></id_category>
<id_product><![CDATA[1240]]></id_product>
<position><![CDATA[112]]></position>
</category_product>
<category_product><id_category><![CDATA[16]]></id_category>
<id_product><![CDATA[1241]]></id_product>
<position><![CDATA[113]]></position>
</category_product>
<category_product><id_category><![CDATA[16]]></id_category>
<id_product><![CDATA[1242]]></id_product>
<position><![CDATA[114]]></position>
</category_product>
<category_product><id_category><![CDATA[16]]></id_category>
<id_product><![CDATA[1243]]></id_product>
<position><![CDATA[115]]></position>
</category_product>
<category_product><id_category><![CDATA[16]]></id_category>
<id_product><![CDATA[1244]]></id_product>
<position><![CDATA[116]]></position>
</category_product>
<category_product><id_category><![CDATA[16]]></id_category>
<id_product><![CDATA[1245]]></id_product>
<position><![CDATA[117]]></position>
</category_product>
<category_product><id_category><![CDATA[16]]></id_category>
<id_product><![CDATA[1246]]></id_product>
<position><![CDATA[118]]></position>
</category_product>
<category_product><id_category><![CDATA[16]]></id_category>
<id_product><![CDATA[1247]]></id_product>
<position><![CDATA[119]]></position>
</category_product>
<category_product><id_category><![CDATA[16]]></id_category>
<id_product><![CDATA[1248]]></id_product>
<position><![CDATA[120]]></position>
</category_product>
<category_product><id_category><![CDATA[16]]></id_category>
<id_product><![CDATA[1249]]></id_product>
<position><![CDATA[121]]></position>
</category_product>
<category_product><id_category><![CDATA[16]]></id_category>
<id_product><![CDATA[1250]]></id_product>
<position><![CDATA[122]]></position>
</category_product>
<category_product><id_category><![CDATA[16]]></id_category>
<id_product><![CDATA[1251]]></id_product>
<position><![CDATA[123]]></position>
</category_product>
<category_product><id_category><![CDATA[16]]></id_category>
<id_product><![CDATA[1252]]></id_product>
<position><![CDATA[124]]></position>
</category_product>
<category_product><id_category><![CDATA[16]]></id_category>
<id_product><![CDATA[1253]]></id_product>
<position><![CDATA[125]]></position>
</category_product>
<category_product><id_category><![CDATA[16]]></id_category>
<id_product><![CDATA[1254]]></id_product>
<position><![CDATA[126]]></position>
</category_product>
<category_product><id_category><![CDATA[16]]></id_category>
<id_product><![CDATA[1255]]></id_product>
<position><![CDATA[127]]></position>
</category_product>
<category_product><id_category><![CDATA[16]]></id_category>
<id_product><![CDATA[1256]]></id_product>
<position><![CDATA[128]]></position>
</category_product>
<category_product><id_category><![CDATA[16]]></id_category>
<id_product><![CDATA[1257]]></id_product>
<position><![CDATA[129]]></position>
</category_product>
<category_product><id_category><![CDATA[16]]></id_category>
<id_product><![CDATA[1258]]></id_product>
<position><![CDATA[130]]></position>
</category_product>
<category_product><id_category><![CDATA[16]]></id_category>
<id_product><![CDATA[1259]]></id_product>
<position><![CDATA[131]]></position>
</category_product>
<category_product><id_category><![CDATA[16]]></id_category>
<id_product><![CDATA[1260]]></id_product>
<position><![CDATA[132]]></position>
</category_product>
<category_product><id_category><![CDATA[16]]></id_category>
<id_product><![CDATA[1261]]></id_product>
<position><![CDATA[133]]></position>
</category_product>
<category_product><id_category><![CDATA[16]]></id_category>
<id_product><![CDATA[1262]]></id_product>
<position><![CDATA[134]]></position>
</category_product>
<category_product><id_category><![CDATA[16]]></id_category>
<id_product><![CDATA[1263]]></id_product>
<position><![CDATA[135]]></position>
</category_product>
<category_product><id_category><![CDATA[16]]></id_category>
<id_product><![CDATA[1264]]></id_product>
<position><![CDATA[136]]></position>
</category_product>
<category_product><id_category><![CDATA[16]]></id_category>
<id_product><![CDATA[1265]]></id_product>
<position><![CDATA[137]]></position>
</category_product>
<category_product><id_category><![CDATA[16]]></id_category>
<id_product><![CDATA[1266]]></id_product>
<position><![CDATA[138]]></position>
</category_product>
<category_product><id_category><![CDATA[16]]></id_category>
<id_product><![CDATA[1267]]></id_product>
<position><![CDATA[139]]></position>
</category_product>
<category_product><id_category><![CDATA[16]]></id_category>
<id_product><![CDATA[1268]]></id_product>
<position><![CDATA[140]]></position>
</category_product>
<category_product><id_category><![CDATA[16]]></id_category>
<id_product><![CDATA[1269]]></id_product>
<position><![CDATA[141]]></position>
</category_product>
<category_product><id_category><![CDATA[16]]></id_category>
<id_product><![CDATA[1270]]></id_product>
<position><![CDATA[142]]></position>
</category_product>
<category_product><id_category><![CDATA[16]]></id_category>
<id_product><![CDATA[1271]]></id_product>
<position><![CDATA[143]]></position>
</category_product>
<category_product><id_category><![CDATA[16]]></id_category>
<id_product><![CDATA[1272]]></id_product>
<position><![CDATA[144]]></position>
</category_product>
<category_product><id_category><![CDATA[16]]></id_category>
<id_product><![CDATA[1273]]></id_product>
<position><![CDATA[145]]></position>
</category_product>
<category_product><id_category><![CDATA[16]]></id_category>
<id_product><![CDATA[1274]]></id_product>
<position><![CDATA[146]]></position>
</category_product>
<category_product><id_category><![CDATA[16]]></id_category>
<id_product><![CDATA[1275]]></id_product>
<position><![CDATA[147]]></position>
</category_product>
<category_product><id_category><![CDATA[16]]></id_category>
<id_product><![CDATA[1276]]></id_product>
<position><![CDATA[148]]></position>
</category_product>
<category_product><id_category><![CDATA[16]]></id_category>
<id_product><![CDATA[1277]]></id_product>
<position><![CDATA[149]]></position>
</category_product>
<category_product><id_category><![CDATA[16]]></id_category>
<id_product><![CDATA[1279]]></id_product>
<position><![CDATA[150]]></position>
</category_product>
<category_product><id_category><![CDATA[16]]></id_category>
<id_product><![CDATA[1283]]></id_product>
<position><![CDATA[151]]></position>
</category_product>
<category_product><id_category><![CDATA[16]]></id_category>
<id_product><![CDATA[1284]]></id_product>
<position><![CDATA[152]]></position>
</category_product>
<category_product><id_category><![CDATA[16]]></id_category>
<id_product><![CDATA[1285]]></id_product>
<position><![CDATA[153]]></position>
</category_product>
<category_product><id_category><![CDATA[16]]></id_category>
<id_product><![CDATA[1286]]></id_product>
<position><![CDATA[154]]></position>
</category_product>
<category_product><id_category><![CDATA[16]]></id_category>
<id_product><![CDATA[1287]]></id_product>
<position><![CDATA[155]]></position>
</category_product>
<category_product><id_category><![CDATA[16]]></id_category>
<id_product><![CDATA[1288]]></id_product>
<position><![CDATA[156]]></position>
</category_product>
<category_product><id_category><![CDATA[16]]></id_category>
<id_product><![CDATA[1289]]></id_product>
<position><![CDATA[157]]></position>
</category_product>
<category_product><id_category><![CDATA[16]]></id_category>
<id_product><![CDATA[1290]]></id_product>
<position><![CDATA[158]]></position>
</category_product>
<category_product><id_category><![CDATA[16]]></id_category>
<id_product><![CDATA[1291]]></id_product>
<position><![CDATA[159]]></position>
</category_product>
<category_product><id_category><![CDATA[16]]></id_category>
<id_product><![CDATA[1292]]></id_product>
<position><![CDATA[160]]></position>
</category_product>
<category_product><id_category><![CDATA[16]]></id_category>
<id_product><![CDATA[1293]]></id_product>
<position><![CDATA[161]]></position>
</category_product>
<category_product><id_category><![CDATA[16]]></id_category>
<id_product><![CDATA[1294]]></id_product>
<position><![CDATA[162]]></position>
</category_product>
<category_product><id_category><![CDATA[16]]></id_category>
<id_product><![CDATA[1296]]></id_product>
<position><![CDATA[163]]></position>
</category_product>
<category_product><id_category><![CDATA[16]]></id_category>
<id_product><![CDATA[1297]]></id_product>
<position><![CDATA[164]]></position>
</category_product>
<category_product><id_category><![CDATA[16]]></id_category>
<id_product><![CDATA[1298]]></id_product>
<position><![CDATA[165]]></position>
</category_product>
<category_product><id_category><![CDATA[16]]></id_category>
<id_product><![CDATA[1299]]></id_product>
<position><![CDATA[166]]></position>
</category_product>
<category_product><id_category><![CDATA[16]]></id_category>
<id_product><![CDATA[1301]]></id_product>
<position><![CDATA[167]]></position>
</category_product>
<category_product><id_category><![CDATA[16]]></id_category>
<id_product><![CDATA[1302]]></id_product>
<position><![CDATA[168]]></position>
</category_product>
<category_product><id_category><![CDATA[16]]></id_category>
<id_product><![CDATA[1303]]></id_product>
<position><![CDATA[169]]></position>
</category_product>
<category_product><id_category><![CDATA[16]]></id_category>
<id_product><![CDATA[1304]]></id_product>
<position><![CDATA[170]]></position>
</category_product>
<category_product><id_category><![CDATA[16]]></id_category>
<id_product><![CDATA[1305]]></id_product>
<position><![CDATA[171]]></position>
</category_product>
<category_product><id_category><![CDATA[16]]></id_category>
<id_product><![CDATA[1306]]></id_product>
<position><![CDATA[172]]></position>
</category_product>
<category_product><id_category><![CDATA[16]]></id_category>
<id_product><![CDATA[1307]]></id_product>
<position><![CDATA[173]]></position>
</category_product>
<category_product><id_category><![CDATA[16]]></id_category>
<id_product><![CDATA[1308]]></id_product>
<position><![CDATA[174]]></position>
</category_product>
<category_product><id_category><![CDATA[16]]></id_category>
<id_product><![CDATA[1309]]></id_product>
<position><![CDATA[175]]></position>
</category_product>
<category_product><id_category><![CDATA[16]]></id_category>
<id_product><![CDATA[1310]]></id_product>
<position><![CDATA[176]]></position>
</category_product>
<category_product><id_category><![CDATA[16]]></id_category>
<id_product><![CDATA[1311]]></id_product>
<position><![CDATA[177]]></position>
</category_product>
<category_product><id_category><![CDATA[16]]></id_category>
<id_product><![CDATA[1312]]></id_product>
<position><![CDATA[178]]></position>
</category_product>
<category_product><id_category><![CDATA[16]]></id_category>
<id_product><![CDATA[1313]]></id_product>
<position><![CDATA[179]]></position>
</category_product>
<category_product><id_category><![CDATA[16]]></id_category>
<id_product><![CDATA[1314]]></id_product>
<position><![CDATA[180]]></position>
</category_product>
<category_product><id_category><![CDATA[16]]></id_category>
<id_product><![CDATA[1315]]></id_product>
<position><![CDATA[181]]></position>
</category_product>
<category_product><id_category><![CDATA[16]]></id_category>
<id_product><![CDATA[1316]]></id_product>
<position><![CDATA[182]]></position>
</category_product>
<category_product><id_category><![CDATA[16]]></id_category>
<id_product><![CDATA[1317]]></id_product>
<position><![CDATA[183]]></position>
</category_product>
<category_product><id_category><![CDATA[16]]></id_category>
<id_product><![CDATA[1318]]></id_product>
<position><![CDATA[184]]></position>
</category_product>
<category_product><id_category><![CDATA[16]]></id_category>
<id_product><![CDATA[1319]]></id_product>
<position><![CDATA[185]]></position>
</category_product>
<category_product><id_category><![CDATA[16]]></id_category>
<id_product><![CDATA[1320]]></id_product>
<position><![CDATA[186]]></position>
</category_product>
<category_product><id_category><![CDATA[16]]></id_category>
<id_product><![CDATA[1321]]></id_product>
<position><![CDATA[187]]></position>
</category_product>
<category_product><id_category><![CDATA[16]]></id_category>
<id_product><![CDATA[1322]]></id_product>
<position><![CDATA[188]]></position>
</category_product>
<category_product><id_category><![CDATA[16]]></id_category>
<id_product><![CDATA[1323]]></id_product>
<position><![CDATA[189]]></position>
</category_product>
<category_product><id_category><![CDATA[16]]></id_category>
<id_product><![CDATA[1324]]></id_product>
<position><![CDATA[190]]></position>
</category_product>
<category_product><id_category><![CDATA[16]]></id_category>
<id_product><![CDATA[1325]]></id_product>
<position><![CDATA[191]]></position>
</category_product>
<category_product><id_category><![CDATA[16]]></id_category>
<id_product><![CDATA[1326]]></id_product>
<position><![CDATA[192]]></position>
</category_product>
<category_product><id_category><![CDATA[16]]></id_category>
<id_product><![CDATA[1327]]></id_product>
<position><![CDATA[193]]></position>
</category_product>
<category_product><id_category><![CDATA[16]]></id_category>
<id_product><![CDATA[1328]]></id_product>
<position><![CDATA[194]]></position>
</category_product>
<category_product><id_category><![CDATA[16]]></id_category>
<id_product><![CDATA[1329]]></id_product>
<position><![CDATA[195]]></position>
</category_product>
<category_product><id_category><![CDATA[16]]></id_category>
<id_product><![CDATA[1330]]></id_product>
<position><![CDATA[196]]></position>
</category_product>
<category_product><id_category><![CDATA[16]]></id_category>
<id_product><![CDATA[1331]]></id_product>
<position><![CDATA[197]]></position>
</category_product>
<category_product><id_category><![CDATA[16]]></id_category>
<id_product><![CDATA[1332]]></id_product>
<position><![CDATA[198]]></position>
</category_product>
<category_product><id_category><![CDATA[16]]></id_category>
<id_product><![CDATA[1333]]></id_product>
<position><![CDATA[199]]></position>
</category_product>
<category_product><id_category><![CDATA[16]]></id_category>
<id_product><![CDATA[1334]]></id_product>
<position><![CDATA[200]]></position>
</category_product>
<category_product><id_category><![CDATA[16]]></id_category>
<id_product><![CDATA[1335]]></id_product>
<position><![CDATA[201]]></position>
</category_product>
<category_product><id_category><![CDATA[16]]></id_category>
<id_product><![CDATA[1336]]></id_product>
<position><![CDATA[202]]></position>
</category_product>
<category_product><id_category><![CDATA[16]]></id_category>
<id_product><![CDATA[1337]]></id_product>
<position><![CDATA[203]]></position>
</category_product>
<category_product><id_category><![CDATA[16]]></id_category>
<id_product><![CDATA[1338]]></id_product>
<position><![CDATA[204]]></position>
</category_product>
<category_product><id_category><![CDATA[16]]></id_category>
<id_product><![CDATA[1339]]></id_product>
<position><![CDATA[205]]></position>
</category_product>
<category_product><id_category><![CDATA[16]]></id_category>
<id_product><![CDATA[1340]]></id_product>
<position><![CDATA[206]]></position>
</category_product>
<category_product><id_category><![CDATA[16]]></id_category>
<id_product><![CDATA[1341]]></id_product>
<position><![CDATA[207]]></position>
</category_product>
<category_product><id_category><![CDATA[16]]></id_category>
<id_product><![CDATA[1342]]></id_product>
<position><![CDATA[208]]></position>
</category_product>
<category_product><id_category><![CDATA[16]]></id_category>
<id_product><![CDATA[1343]]></id_product>
<position><![CDATA[209]]></position>
</category_product>
<category_product><id_category><![CDATA[16]]></id_category>
<id_product><![CDATA[1344]]></id_product>
<position><![CDATA[210]]></position>
</category_product>
<category_product><id_category><![CDATA[16]]></id_category>
<id_product><![CDATA[1345]]></id_product>
<position><![CDATA[211]]></position>
</category_product>
<category_product><id_category><![CDATA[16]]></id_category>
<id_product><![CDATA[1346]]></id_product>
<position><![CDATA[212]]></position>
</category_product>
<category_product><id_category><![CDATA[16]]></id_category>
<id_product><![CDATA[1347]]></id_product>
<position><![CDATA[213]]></position>
</category_product>
<category_product><id_category><![CDATA[16]]></id_category>
<id_product><![CDATA[1348]]></id_product>
<position><![CDATA[214]]></position>
</category_product>
<category_product><id_category><![CDATA[16]]></id_category>
<id_product><![CDATA[1349]]></id_product>
<position><![CDATA[215]]></position>
</category_product>
<category_product><id_category><![CDATA[16]]></id_category>
<id_product><![CDATA[1350]]></id_product>
<position><![CDATA[216]]></position>
</category_product>
<category_product><id_category><![CDATA[16]]></id_category>
<id_product><![CDATA[1351]]></id_product>
<position><![CDATA[217]]></position>
</category_product>
<category_product><id_category><![CDATA[16]]></id_category>
<id_product><![CDATA[1352]]></id_product>
<position><![CDATA[218]]></position>
</category_product>
</entity_profile>
