<?xml version="1.0" encoding="UTF-8"?>
<entity_profile>
<category_product><id_category><![CDATA[276]]></id_category>
<id_product><![CDATA[699]]></id_product>
<position><![CDATA[73]]></position>
</category_product>
<category_product><id_category><![CDATA[276]]></id_category>
<id_product><![CDATA[700]]></id_product>
<position><![CDATA[74]]></position>
</category_product>
<category_product><id_category><![CDATA[276]]></id_category>
<id_product><![CDATA[701]]></id_product>
<position><![CDATA[75]]></position>
</category_product>
<category_product><id_category><![CDATA[276]]></id_category>
<id_product><![CDATA[702]]></id_product>
<position><![CDATA[76]]></position>
</category_product>
<category_product><id_category><![CDATA[276]]></id_category>
<id_product><![CDATA[703]]></id_product>
<position><![CDATA[77]]></position>
</category_product>
<category_product><id_category><![CDATA[276]]></id_category>
<id_product><![CDATA[704]]></id_product>
<position><![CDATA[78]]></position>
</category_product>
<category_product><id_category><![CDATA[276]]></id_category>
<id_product><![CDATA[705]]></id_product>
<position><![CDATA[79]]></position>
</category_product>
<category_product><id_category><![CDATA[276]]></id_category>
<id_product><![CDATA[706]]></id_product>
<position><![CDATA[80]]></position>
</category_product>
<category_product><id_category><![CDATA[276]]></id_category>
<id_product><![CDATA[707]]></id_product>
<position><![CDATA[81]]></position>
</category_product>
<category_product><id_category><![CDATA[276]]></id_category>
<id_product><![CDATA[708]]></id_product>
<position><![CDATA[82]]></position>
</category_product>
<category_product><id_category><![CDATA[276]]></id_category>
<id_product><![CDATA[709]]></id_product>
<position><![CDATA[83]]></position>
</category_product>
<category_product><id_category><![CDATA[276]]></id_category>
<id_product><![CDATA[710]]></id_product>
<position><![CDATA[84]]></position>
</category_product>
<category_product><id_category><![CDATA[276]]></id_category>
<id_product><![CDATA[711]]></id_product>
<position><![CDATA[85]]></position>
</category_product>
<category_product><id_category><![CDATA[276]]></id_category>
<id_product><![CDATA[712]]></id_product>
<position><![CDATA[86]]></position>
</category_product>
<category_product><id_category><![CDATA[276]]></id_category>
<id_product><![CDATA[713]]></id_product>
<position><![CDATA[87]]></position>
</category_product>
<category_product><id_category><![CDATA[276]]></id_category>
<id_product><![CDATA[714]]></id_product>
<position><![CDATA[88]]></position>
</category_product>
<category_product><id_category><![CDATA[276]]></id_category>
<id_product><![CDATA[716]]></id_product>
<position><![CDATA[89]]></position>
</category_product>
<category_product><id_category><![CDATA[276]]></id_category>
<id_product><![CDATA[717]]></id_product>
<position><![CDATA[90]]></position>
</category_product>
<category_product><id_category><![CDATA[276]]></id_category>
<id_product><![CDATA[718]]></id_product>
<position><![CDATA[91]]></position>
</category_product>
<category_product><id_category><![CDATA[276]]></id_category>
<id_product><![CDATA[719]]></id_product>
<position><![CDATA[92]]></position>
</category_product>
<category_product><id_category><![CDATA[276]]></id_category>
<id_product><![CDATA[721]]></id_product>
<position><![CDATA[93]]></position>
</category_product>
<category_product><id_category><![CDATA[276]]></id_category>
<id_product><![CDATA[722]]></id_product>
<position><![CDATA[94]]></position>
</category_product>
<category_product><id_category><![CDATA[276]]></id_category>
<id_product><![CDATA[789]]></id_product>
<position><![CDATA[95]]></position>
</category_product>
<category_product><id_category><![CDATA[276]]></id_category>
<id_product><![CDATA[790]]></id_product>
<position><![CDATA[96]]></position>
</category_product>
<category_product><id_category><![CDATA[276]]></id_category>
<id_product><![CDATA[791]]></id_product>
<position><![CDATA[97]]></position>
</category_product>
<category_product><id_category><![CDATA[276]]></id_category>
<id_product><![CDATA[792]]></id_product>
<position><![CDATA[98]]></position>
</category_product>
<category_product><id_category><![CDATA[276]]></id_category>
<id_product><![CDATA[801]]></id_product>
<position><![CDATA[99]]></position>
</category_product>
<category_product><id_category><![CDATA[276]]></id_category>
<id_product><![CDATA[4079]]></id_product>
<position><![CDATA[100]]></position>
</category_product>
<category_product><id_category><![CDATA[276]]></id_category>
<id_product><![CDATA[4082]]></id_product>
<position><![CDATA[101]]></position>
</category_product>
<category_product><id_category><![CDATA[276]]></id_category>
<id_product><![CDATA[4129]]></id_product>
<position><![CDATA[102]]></position>
</category_product>
<category_product><id_category><![CDATA[276]]></id_category>
<id_product><![CDATA[4148]]></id_product>
<position><![CDATA[103]]></position>
</category_product>
<category_product><id_category><![CDATA[276]]></id_category>
<id_product><![CDATA[4149]]></id_product>
<position><![CDATA[104]]></position>
</category_product>
<category_product><id_category><![CDATA[276]]></id_category>
<id_product><![CDATA[4150]]></id_product>
<position><![CDATA[105]]></position>
</category_product>
<category_product><id_category><![CDATA[276]]></id_category>
<id_product><![CDATA[4164]]></id_product>
<position><![CDATA[106]]></position>
</category_product>
<category_product><id_category><![CDATA[277]]></id_category>
<id_product><![CDATA[175]]></id_product>
<position><![CDATA[0]]></position>
</category_product>
<category_product><id_category><![CDATA[277]]></id_category>
<id_product><![CDATA[235]]></id_product>
<position><![CDATA[1]]></position>
</category_product>
<category_product><id_category><![CDATA[277]]></id_category>
<id_product><![CDATA[236]]></id_product>
<position><![CDATA[2]]></position>
</category_product>
<category_product><id_category><![CDATA[277]]></id_category>
<id_product><![CDATA[240]]></id_product>
<position><![CDATA[3]]></position>
</category_product>
<category_product><id_category><![CDATA[277]]></id_category>
<id_product><![CDATA[246]]></id_product>
<position><![CDATA[4]]></position>
</category_product>
<category_product><id_category><![CDATA[277]]></id_category>
<id_product><![CDATA[247]]></id_product>
<position><![CDATA[5]]></position>
</category_product>
<category_product><id_category><![CDATA[277]]></id_category>
<id_product><![CDATA[248]]></id_product>
<position><![CDATA[6]]></position>
</category_product>
<category_product><id_category><![CDATA[277]]></id_category>
<id_product><![CDATA[249]]></id_product>
<position><![CDATA[7]]></position>
</category_product>
<category_product><id_category><![CDATA[277]]></id_category>
<id_product><![CDATA[1164]]></id_product>
<position><![CDATA[8]]></position>
</category_product>
<category_product><id_category><![CDATA[279]]></id_category>
<id_product><![CDATA[126]]></id_product>
<position><![CDATA[0]]></position>
</category_product>
<category_product><id_category><![CDATA[279]]></id_category>
<id_product><![CDATA[130]]></id_product>
<position><![CDATA[1]]></position>
</category_product>
<category_product><id_category><![CDATA[279]]></id_category>
<id_product><![CDATA[140]]></id_product>
<position><![CDATA[2]]></position>
</category_product>
<category_product><id_category><![CDATA[279]]></id_category>
<id_product><![CDATA[147]]></id_product>
<position><![CDATA[3]]></position>
</category_product>
<category_product><id_category><![CDATA[279]]></id_category>
<id_product><![CDATA[154]]></id_product>
<position><![CDATA[4]]></position>
</category_product>
<category_product><id_category><![CDATA[279]]></id_category>
<id_product><![CDATA[160]]></id_product>
<position><![CDATA[5]]></position>
</category_product>
<category_product><id_category><![CDATA[279]]></id_category>
<id_product><![CDATA[166]]></id_product>
<position><![CDATA[6]]></position>
</category_product>
<category_product><id_category><![CDATA[279]]></id_category>
<id_product><![CDATA[174]]></id_product>
<position><![CDATA[7]]></position>
</category_product>
<category_product><id_category><![CDATA[279]]></id_category>
<id_product><![CDATA[183]]></id_product>
<position><![CDATA[8]]></position>
</category_product>
<category_product><id_category><![CDATA[279]]></id_category>
<id_product><![CDATA[195]]></id_product>
<position><![CDATA[9]]></position>
</category_product>
<category_product><id_category><![CDATA[279]]></id_category>
<id_product><![CDATA[204]]></id_product>
<position><![CDATA[10]]></position>
</category_product>
<category_product><id_category><![CDATA[279]]></id_category>
<id_product><![CDATA[211]]></id_product>
<position><![CDATA[11]]></position>
</category_product>
<category_product><id_category><![CDATA[279]]></id_category>
<id_product><![CDATA[216]]></id_product>
<position><![CDATA[12]]></position>
</category_product>
<category_product><id_category><![CDATA[279]]></id_category>
<id_product><![CDATA[225]]></id_product>
<position><![CDATA[13]]></position>
</category_product>
<category_product><id_category><![CDATA[279]]></id_category>
<id_product><![CDATA[226]]></id_product>
<position><![CDATA[14]]></position>
</category_product>
<category_product><id_category><![CDATA[279]]></id_category>
<id_product><![CDATA[274]]></id_product>
<position><![CDATA[15]]></position>
</category_product>
<category_product><id_category><![CDATA[279]]></id_category>
<id_product><![CDATA[286]]></id_product>
<position><![CDATA[16]]></position>
</category_product>
<category_product><id_category><![CDATA[279]]></id_category>
<id_product><![CDATA[306]]></id_product>
<position><![CDATA[17]]></position>
</category_product>
<category_product><id_category><![CDATA[279]]></id_category>
<id_product><![CDATA[1458]]></id_product>
<position><![CDATA[18]]></position>
</category_product>
<category_product><id_category><![CDATA[279]]></id_category>
<id_product><![CDATA[1459]]></id_product>
<position><![CDATA[19]]></position>
</category_product>
<category_product><id_category><![CDATA[279]]></id_category>
<id_product><![CDATA[1460]]></id_product>
<position><![CDATA[20]]></position>
</category_product>
<category_product><id_category><![CDATA[279]]></id_category>
<id_product><![CDATA[1461]]></id_product>
<position><![CDATA[21]]></position>
</category_product>
<category_product><id_category><![CDATA[279]]></id_category>
<id_product><![CDATA[3553]]></id_product>
<position><![CDATA[22]]></position>
</category_product>
<category_product><id_category><![CDATA[279]]></id_category>
<id_product><![CDATA[3558]]></id_product>
<position><![CDATA[23]]></position>
</category_product>
<category_product><id_category><![CDATA[280]]></id_category>
<id_product><![CDATA[834]]></id_product>
<position><![CDATA[0]]></position>
</category_product>
<category_product><id_category><![CDATA[280]]></id_category>
<id_product><![CDATA[835]]></id_product>
<position><![CDATA[1]]></position>
</category_product>
<category_product><id_category><![CDATA[280]]></id_category>
<id_product><![CDATA[836]]></id_product>
<position><![CDATA[2]]></position>
</category_product>
<category_product><id_category><![CDATA[280]]></id_category>
<id_product><![CDATA[837]]></id_product>
<position><![CDATA[3]]></position>
</category_product>
<category_product><id_category><![CDATA[280]]></id_category>
<id_product><![CDATA[838]]></id_product>
<position><![CDATA[4]]></position>
</category_product>
<category_product><id_category><![CDATA[280]]></id_category>
<id_product><![CDATA[868]]></id_product>
<position><![CDATA[5]]></position>
</category_product>
<category_product><id_category><![CDATA[280]]></id_category>
<id_product><![CDATA[869]]></id_product>
<position><![CDATA[6]]></position>
</category_product>
<category_product><id_category><![CDATA[280]]></id_category>
<id_product><![CDATA[870]]></id_product>
<position><![CDATA[7]]></position>
</category_product>
<category_product><id_category><![CDATA[280]]></id_category>
<id_product><![CDATA[871]]></id_product>
<position><![CDATA[8]]></position>
</category_product>
<category_product><id_category><![CDATA[280]]></id_category>
<id_product><![CDATA[887]]></id_product>
<position><![CDATA[9]]></position>
</category_product>
<category_product><id_category><![CDATA[280]]></id_category>
<id_product><![CDATA[933]]></id_product>
<position><![CDATA[10]]></position>
</category_product>
<category_product><id_category><![CDATA[280]]></id_category>
<id_product><![CDATA[934]]></id_product>
<position><![CDATA[11]]></position>
</category_product>
<category_product><id_category><![CDATA[280]]></id_category>
<id_product><![CDATA[948]]></id_product>
<position><![CDATA[12]]></position>
</category_product>
<category_product><id_category><![CDATA[280]]></id_category>
<id_product><![CDATA[949]]></id_product>
<position><![CDATA[13]]></position>
</category_product>
<category_product><id_category><![CDATA[280]]></id_category>
<id_product><![CDATA[950]]></id_product>
<position><![CDATA[14]]></position>
</category_product>
<category_product><id_category><![CDATA[280]]></id_category>
<id_product><![CDATA[1052]]></id_product>
<position><![CDATA[15]]></position>
</category_product>
<category_product><id_category><![CDATA[280]]></id_category>
<id_product><![CDATA[3333]]></id_product>
<position><![CDATA[16]]></position>
</category_product>
<category_product><id_category><![CDATA[281]]></id_category>
<id_product><![CDATA[822]]></id_product>
<position><![CDATA[1]]></position>
</category_product>
<category_product><id_category><![CDATA[281]]></id_category>
<id_product><![CDATA[823]]></id_product>
<position><![CDATA[2]]></position>
</category_product>
<category_product><id_category><![CDATA[281]]></id_category>
<id_product><![CDATA[824]]></id_product>
<position><![CDATA[3]]></position>
</category_product>
<category_product><id_category><![CDATA[281]]></id_category>
<id_product><![CDATA[942]]></id_product>
<position><![CDATA[4]]></position>
</category_product>
<category_product><id_category><![CDATA[281]]></id_category>
<id_product><![CDATA[943]]></id_product>
<position><![CDATA[5]]></position>
</category_product>
<category_product><id_category><![CDATA[281]]></id_category>
<id_product><![CDATA[944]]></id_product>
<position><![CDATA[6]]></position>
</category_product>
<category_product><id_category><![CDATA[281]]></id_category>
<id_product><![CDATA[945]]></id_product>
<position><![CDATA[7]]></position>
</category_product>
<category_product><id_category><![CDATA[281]]></id_category>
<id_product><![CDATA[946]]></id_product>
<position><![CDATA[8]]></position>
</category_product>
<category_product><id_category><![CDATA[281]]></id_category>
<id_product><![CDATA[947]]></id_product>
<position><![CDATA[9]]></position>
</category_product>
<category_product><id_category><![CDATA[281]]></id_category>
<id_product><![CDATA[807]]></id_product>
<position><![CDATA[10]]></position>
</category_product>
<category_product><id_category><![CDATA[281]]></id_category>
<id_product><![CDATA[809]]></id_product>
<position><![CDATA[11]]></position>
</category_product>
<category_product><id_category><![CDATA[281]]></id_category>
<id_product><![CDATA[808]]></id_product>
<position><![CDATA[12]]></position>
</category_product>
<category_product><id_category><![CDATA[281]]></id_category>
<id_product><![CDATA[964]]></id_product>
<position><![CDATA[13]]></position>
</category_product>
<category_product><id_category><![CDATA[281]]></id_category>
<id_product><![CDATA[965]]></id_product>
<position><![CDATA[14]]></position>
</category_product>
<category_product><id_category><![CDATA[281]]></id_category>
<id_product><![CDATA[966]]></id_product>
<position><![CDATA[15]]></position>
</category_product>
<category_product><id_category><![CDATA[281]]></id_category>
<id_product><![CDATA[2408]]></id_product>
<position><![CDATA[16]]></position>
</category_product>
<category_product><id_category><![CDATA[282]]></id_category>
<id_product><![CDATA[820]]></id_product>
<position><![CDATA[1]]></position>
</category_product>
<category_product><id_category><![CDATA[282]]></id_category>
<id_product><![CDATA[821]]></id_product>
<position><![CDATA[2]]></position>
</category_product>
<category_product><id_category><![CDATA[282]]></id_category>
<id_product><![CDATA[865]]></id_product>
<position><![CDATA[3]]></position>
</category_product>
<category_product><id_category><![CDATA[282]]></id_category>
<id_product><![CDATA[897]]></id_product>
<position><![CDATA[4]]></position>
</category_product>
<category_product><id_category><![CDATA[282]]></id_category>
<id_product><![CDATA[968]]></id_product>
<position><![CDATA[5]]></position>
</category_product>
<category_product><id_category><![CDATA[282]]></id_category>
<id_product><![CDATA[967]]></id_product>
<position><![CDATA[6]]></position>
</category_product>
<category_product><id_category><![CDATA[282]]></id_category>
<id_product><![CDATA[898]]></id_product>
<position><![CDATA[7]]></position>
</category_product>
<category_product><id_category><![CDATA[282]]></id_category>
<id_product><![CDATA[951]]></id_product>
<position><![CDATA[8]]></position>
</category_product>
<category_product><id_category><![CDATA[282]]></id_category>
<id_product><![CDATA[952]]></id_product>
<position><![CDATA[9]]></position>
</category_product>
<category_product><id_category><![CDATA[282]]></id_category>
<id_product><![CDATA[957]]></id_product>
<position><![CDATA[10]]></position>
</category_product>
<category_product><id_category><![CDATA[282]]></id_category>
<id_product><![CDATA[4056]]></id_product>
<position><![CDATA[11]]></position>
</category_product>
<category_product><id_category><![CDATA[283]]></id_category>
<id_product><![CDATA[977]]></id_product>
<position><![CDATA[0]]></position>
</category_product>
<category_product><id_category><![CDATA[283]]></id_category>
<id_product><![CDATA[978]]></id_product>
<position><![CDATA[1]]></position>
</category_product>
<category_product><id_category><![CDATA[283]]></id_category>
<id_product><![CDATA[979]]></id_product>
<position><![CDATA[2]]></position>
</category_product>
<category_product><id_category><![CDATA[283]]></id_category>
<id_product><![CDATA[980]]></id_product>
<position><![CDATA[3]]></position>
</category_product>
<category_product><id_category><![CDATA[283]]></id_category>
<id_product><![CDATA[1059]]></id_product>
<position><![CDATA[4]]></position>
</category_product>
<category_product><id_category><![CDATA[285]]></id_category>
<id_product><![CDATA[1064]]></id_product>
<position><![CDATA[0]]></position>
</category_product>
<category_product><id_category><![CDATA[285]]></id_category>
<id_product><![CDATA[1065]]></id_product>
<position><![CDATA[1]]></position>
</category_product>
<category_product><id_category><![CDATA[286]]></id_category>
<id_product><![CDATA[1060]]></id_product>
<position><![CDATA[0]]></position>
</category_product>
<category_product><id_category><![CDATA[286]]></id_category>
<id_product><![CDATA[1061]]></id_product>
<position><![CDATA[1]]></position>
</category_product>
<category_product><id_category><![CDATA[287]]></id_category>
<id_product><![CDATA[1062]]></id_product>
<position><![CDATA[0]]></position>
</category_product>
<category_product><id_category><![CDATA[287]]></id_category>
<id_product><![CDATA[1063]]></id_product>
<position><![CDATA[1]]></position>
</category_product>
<category_product><id_category><![CDATA[287]]></id_category>
<id_product><![CDATA[4550]]></id_product>
<position><![CDATA[2]]></position>
</category_product>
<category_product><id_category><![CDATA[287]]></id_category>
<id_product><![CDATA[4551]]></id_product>
<position><![CDATA[3]]></position>
</category_product>
<category_product><id_category><![CDATA[287]]></id_category>
<id_product><![CDATA[4552]]></id_product>
<position><![CDATA[4]]></position>
</category_product>
<category_product><id_category><![CDATA[287]]></id_category>
<id_product><![CDATA[4553]]></id_product>
<position><![CDATA[5]]></position>
</category_product>
<category_product><id_category><![CDATA[288]]></id_category>
<id_product><![CDATA[1067]]></id_product>
<position><![CDATA[0]]></position>
</category_product>
<category_product><id_category><![CDATA[288]]></id_category>
<id_product><![CDATA[1068]]></id_product>
<position><![CDATA[1]]></position>
</category_product>
<category_product><id_category><![CDATA[289]]></id_category>
<id_product><![CDATA[1089]]></id_product>
<position><![CDATA[1]]></position>
</category_product>
<category_product><id_category><![CDATA[289]]></id_category>
<id_product><![CDATA[1090]]></id_product>
<position><![CDATA[2]]></position>
</category_product>
<category_product><id_category><![CDATA[289]]></id_category>
<id_product><![CDATA[4128]]></id_product>
<position><![CDATA[3]]></position>
</category_product>
<category_product><id_category><![CDATA[290]]></id_category>
<id_product><![CDATA[1089]]></id_product>
<position><![CDATA[1]]></position>
</category_product>
<category_product><id_category><![CDATA[291]]></id_category>
<id_product><![CDATA[1090]]></id_product>
<position><![CDATA[1]]></position>
</category_product>
<category_product><id_category><![CDATA[292]]></id_category>
<id_product><![CDATA[4128]]></id_product>
<position><![CDATA[1]]></position>
</category_product>
<category_product><id_category><![CDATA[295]]></id_category>
<id_product><![CDATA[4639]]></id_product>
<position><![CDATA[1]]></position>
</category_product>
<category_product><id_category><![CDATA[295]]></id_category>
<id_product><![CDATA[1151]]></id_product>
<position><![CDATA[2]]></position>
</category_product>
<category_product><id_category><![CDATA[295]]></id_category>
<id_product><![CDATA[1170]]></id_product>
<position><![CDATA[3]]></position>
</category_product>
<category_product><id_category><![CDATA[295]]></id_category>
<id_product><![CDATA[1171]]></id_product>
<position><![CDATA[4]]></position>
</category_product>
<category_product><id_category><![CDATA[295]]></id_category>
<id_product><![CDATA[1172]]></id_product>
<position><![CDATA[5]]></position>
</category_product>
<category_product><id_category><![CDATA[295]]></id_category>
<id_product><![CDATA[1173]]></id_product>
<position><![CDATA[6]]></position>
</category_product>
<category_product><id_category><![CDATA[295]]></id_category>
<id_product><![CDATA[1300]]></id_product>
<position><![CDATA[7]]></position>
</category_product>
<category_product><id_category><![CDATA[296]]></id_category>
<id_product><![CDATA[1187]]></id_product>
<position><![CDATA[1]]></position>
</category_product>
<category_product><id_category><![CDATA[296]]></id_category>
<id_product><![CDATA[1188]]></id_product>
<position><![CDATA[2]]></position>
</category_product>
<category_product><id_category><![CDATA[299]]></id_category>
<id_product><![CDATA[2773]]></id_product>
<position><![CDATA[1]]></position>
</category_product>
<category_product><id_category><![CDATA[299]]></id_category>
<id_product><![CDATA[2791]]></id_product>
<position><![CDATA[2]]></position>
</category_product>
<category_product><id_category><![CDATA[299]]></id_category>
<id_product><![CDATA[2792]]></id_product>
<position><![CDATA[3]]></position>
</category_product>
<category_product><id_category><![CDATA[299]]></id_category>
<id_product><![CDATA[2793]]></id_product>
<position><![CDATA[4]]></position>
</category_product>
<category_product><id_category><![CDATA[299]]></id_category>
<id_product><![CDATA[2794]]></id_product>
<position><![CDATA[5]]></position>
</category_product>
<category_product><id_category><![CDATA[299]]></id_category>
<id_product><![CDATA[2795]]></id_product>
<position><![CDATA[6]]></position>
</category_product>
<category_product><id_category><![CDATA[299]]></id_category>
<id_product><![CDATA[2796]]></id_product>
<position><![CDATA[7]]></position>
</category_product>
<category_product><id_category><![CDATA[299]]></id_category>
<id_product><![CDATA[2798]]></id_product>
<position><![CDATA[8]]></position>
</category_product>
<category_product><id_category><![CDATA[299]]></id_category>
<id_product><![CDATA[2799]]></id_product>
<position><![CDATA[9]]></position>
</category_product>
<category_product><id_category><![CDATA[299]]></id_category>
<id_product><![CDATA[2800]]></id_product>
<position><![CDATA[10]]></position>
</category_product>
<category_product><id_category><![CDATA[299]]></id_category>
<id_product><![CDATA[2801]]></id_product>
<position><![CDATA[11]]></position>
</category_product>
<category_product><id_category><![CDATA[299]]></id_category>
<id_product><![CDATA[2802]]></id_product>
<position><![CDATA[12]]></position>
</category_product>
<category_product><id_category><![CDATA[299]]></id_category>
<id_product><![CDATA[2904]]></id_product>
<position><![CDATA[13]]></position>
</category_product>
<category_product><id_category><![CDATA[299]]></id_category>
<id_product><![CDATA[2905]]></id_product>
<position><![CDATA[14]]></position>
</category_product>
<category_product><id_category><![CDATA[299]]></id_category>
<id_product><![CDATA[2907]]></id_product>
<position><![CDATA[15]]></position>
</category_product>
<category_product><id_category><![CDATA[299]]></id_category>
<id_product><![CDATA[2908]]></id_product>
<position><![CDATA[16]]></position>
</category_product>
<category_product><id_category><![CDATA[299]]></id_category>
<id_product><![CDATA[4554]]></id_product>
<position><![CDATA[17]]></position>
</category_product>
<category_product><id_category><![CDATA[301]]></id_category>
<id_product><![CDATA[2773]]></id_product>
<position><![CDATA[1]]></position>
</category_product>
<category_product><id_category><![CDATA[301]]></id_category>
<id_product><![CDATA[2791]]></id_product>
<position><![CDATA[2]]></position>
</category_product>
<category_product><id_category><![CDATA[301]]></id_category>
<id_product><![CDATA[2792]]></id_product>
<position><![CDATA[3]]></position>
</category_product>
<category_product><id_category><![CDATA[301]]></id_category>
<id_product><![CDATA[2793]]></id_product>
<position><![CDATA[4]]></position>
</category_product>
<category_product><id_category><![CDATA[301]]></id_category>
<id_product><![CDATA[2794]]></id_product>
<position><![CDATA[5]]></position>
</category_product>
<category_product><id_category><![CDATA[301]]></id_category>
<id_product><![CDATA[2795]]></id_product>
<position><![CDATA[6]]></position>
</category_product>
<category_product><id_category><![CDATA[301]]></id_category>
<id_product><![CDATA[2796]]></id_product>
<position><![CDATA[7]]></position>
</category_product>
<category_product><id_category><![CDATA[301]]></id_category>
<id_product><![CDATA[2798]]></id_product>
<position><![CDATA[8]]></position>
</category_product>
<category_product><id_category><![CDATA[301]]></id_category>
<id_product><![CDATA[2799]]></id_product>
<position><![CDATA[9]]></position>
</category_product>
<category_product><id_category><![CDATA[301]]></id_category>
<id_product><![CDATA[2800]]></id_product>
<position><![CDATA[10]]></position>
</category_product>
<category_product><id_category><![CDATA[301]]></id_category>
<id_product><![CDATA[2801]]></id_product>
<position><![CDATA[11]]></position>
</category_product>
<category_product><id_category><![CDATA[301]]></id_category>
<id_product><![CDATA[2802]]></id_product>
<position><![CDATA[12]]></position>
</category_product>
<category_product><id_category><![CDATA[301]]></id_category>
<id_product><![CDATA[2904]]></id_product>
<position><![CDATA[13]]></position>
</category_product>
<category_product><id_category><![CDATA[301]]></id_category>
<id_product><![CDATA[2905]]></id_product>
<position><![CDATA[14]]></position>
</category_product>
<category_product><id_category><![CDATA[301]]></id_category>
<id_product><![CDATA[2907]]></id_product>
<position><![CDATA[15]]></position>
</category_product>
<category_product><id_category><![CDATA[301]]></id_category>
<id_product><![CDATA[2908]]></id_product>
<position><![CDATA[16]]></position>
</category_product>
<category_product><id_category><![CDATA[301]]></id_category>
<id_product><![CDATA[4554]]></id_product>
<position><![CDATA[17]]></position>
</category_product>
<category_product><id_category><![CDATA[302]]></id_category>
<id_product><![CDATA[2985]]></id_product>
<position><![CDATA[1]]></position>
</category_product>
<category_product><id_category><![CDATA[302]]></id_category>
<id_product><![CDATA[3347]]></id_product>
<position><![CDATA[2]]></position>
</category_product>
<category_product><id_category><![CDATA[302]]></id_category>
<id_product><![CDATA[3348]]></id_product>
<position><![CDATA[3]]></position>
</category_product>
<category_product><id_category><![CDATA[302]]></id_category>
<id_product><![CDATA[3350]]></id_product>
<position><![CDATA[4]]></position>
</category_product>
<category_product><id_category><![CDATA[302]]></id_category>
<id_product><![CDATA[3351]]></id_product>
<position><![CDATA[5]]></position>
</category_product>
<category_product><id_category><![CDATA[302]]></id_category>
<id_product><![CDATA[3354]]></id_product>
<position><![CDATA[6]]></position>
</category_product>
<category_product><id_category><![CDATA[302]]></id_category>
<id_product><![CDATA[3355]]></id_product>
<position><![CDATA[7]]></position>
</category_product>
<category_product><id_category><![CDATA[302]]></id_category>
<id_product><![CDATA[3356]]></id_product>
<position><![CDATA[8]]></position>
</category_product>
<category_product><id_category><![CDATA[302]]></id_category>
<id_product><![CDATA[3357]]></id_product>
<position><![CDATA[9]]></position>
</category_product>
<category_product><id_category><![CDATA[302]]></id_category>
<id_product><![CDATA[3358]]></id_product>
<position><![CDATA[10]]></position>
</category_product>
<category_product><id_category><![CDATA[302]]></id_category>
<id_product><![CDATA[3359]]></id_product>
<position><![CDATA[11]]></position>
</category_product>
<category_product><id_category><![CDATA[302]]></id_category>
<id_product><![CDATA[3360]]></id_product>
<position><![CDATA[12]]></position>
</category_product>
<category_product><id_category><![CDATA[302]]></id_category>
<id_product><![CDATA[3361]]></id_product>
<position><![CDATA[13]]></position>
</category_product>
<category_product><id_category><![CDATA[302]]></id_category>
<id_product><![CDATA[3363]]></id_product>
<position><![CDATA[14]]></position>
</category_product>
<category_product><id_category><![CDATA[302]]></id_category>
<id_product><![CDATA[3364]]></id_product>
<position><![CDATA[15]]></position>
</category_product>
<category_product><id_category><![CDATA[302]]></id_category>
<id_product><![CDATA[3365]]></id_product>
<position><![CDATA[16]]></position>
</category_product>
<category_product><id_category><![CDATA[302]]></id_category>
<id_product><![CDATA[3367]]></id_product>
<position><![CDATA[17]]></position>
</category_product>
<category_product><id_category><![CDATA[302]]></id_category>
<id_product><![CDATA[3372]]></id_product>
<position><![CDATA[18]]></position>
</category_product>
<category_product><id_category><![CDATA[302]]></id_category>
<id_product><![CDATA[3373]]></id_product>
<position><![CDATA[19]]></position>
</category_product>
<category_product><id_category><![CDATA[302]]></id_category>
<id_product><![CDATA[3374]]></id_product>
<position><![CDATA[20]]></position>
</category_product>
<category_product><id_category><![CDATA[302]]></id_category>
<id_product><![CDATA[3375]]></id_product>
<position><![CDATA[21]]></position>
</category_product>
<category_product><id_category><![CDATA[302]]></id_category>
<id_product><![CDATA[3378]]></id_product>
<position><![CDATA[22]]></position>
</category_product>
<category_product><id_category><![CDATA[302]]></id_category>
<id_product><![CDATA[3381]]></id_product>
<position><![CDATA[23]]></position>
</category_product>
<category_product><id_category><![CDATA[302]]></id_category>
<id_product><![CDATA[3382]]></id_product>
<position><![CDATA[24]]></position>
</category_product>
<category_product><id_category><![CDATA[302]]></id_category>
<id_product><![CDATA[3383]]></id_product>
<position><![CDATA[25]]></position>
</category_product>
<category_product><id_category><![CDATA[302]]></id_category>
<id_product><![CDATA[3400]]></id_product>
<position><![CDATA[26]]></position>
</category_product>
<category_product><id_category><![CDATA[302]]></id_category>
<id_product><![CDATA[3557]]></id_product>
<position><![CDATA[27]]></position>
</category_product>
<category_product><id_category><![CDATA[302]]></id_category>
<id_product><![CDATA[3560]]></id_product>
<position><![CDATA[28]]></position>
</category_product>
<category_product><id_category><![CDATA[302]]></id_category>
<id_product><![CDATA[3799]]></id_product>
<position><![CDATA[29]]></position>
</category_product>
<category_product><id_category><![CDATA[302]]></id_category>
<id_product><![CDATA[3853]]></id_product>
<position><![CDATA[30]]></position>
</category_product>
<category_product><id_category><![CDATA[302]]></id_category>
<id_product><![CDATA[3956]]></id_product>
<position><![CDATA[31]]></position>
</category_product>
<category_product><id_category><![CDATA[302]]></id_category>
<id_product><![CDATA[3957]]></id_product>
<position><![CDATA[32]]></position>
</category_product>
<category_product><id_category><![CDATA[302]]></id_category>
<id_product><![CDATA[3965]]></id_product>
<position><![CDATA[33]]></position>
</category_product>
<category_product><id_category><![CDATA[302]]></id_category>
<id_product><![CDATA[3966]]></id_product>
<position><![CDATA[34]]></position>
</category_product>
<category_product><id_category><![CDATA[302]]></id_category>
<id_product><![CDATA[4057]]></id_product>
<position><![CDATA[35]]></position>
</category_product>
<category_product><id_category><![CDATA[302]]></id_category>
<id_product><![CDATA[4058]]></id_product>
<position><![CDATA[36]]></position>
</category_product>
<category_product><id_category><![CDATA[302]]></id_category>
<id_product><![CDATA[4059]]></id_product>
<position><![CDATA[37]]></position>
</category_product>
<category_product><id_category><![CDATA[302]]></id_category>
<id_product><![CDATA[4060]]></id_product>
<position><![CDATA[38]]></position>
</category_product>
<category_product><id_category><![CDATA[302]]></id_category>
<id_product><![CDATA[4062]]></id_product>
<position><![CDATA[39]]></position>
</category_product>
<category_product><id_category><![CDATA[302]]></id_category>
<id_product><![CDATA[4063]]></id_product>
<position><![CDATA[40]]></position>
</category_product>
<category_product><id_category><![CDATA[302]]></id_category>
<id_product><![CDATA[4068]]></id_product>
<position><![CDATA[41]]></position>
</category_product>
<category_product><id_category><![CDATA[302]]></id_category>
<id_product><![CDATA[4069]]></id_product>
<position><![CDATA[42]]></position>
</category_product>
<category_product><id_category><![CDATA[302]]></id_category>
<id_product><![CDATA[4073]]></id_product>
<position><![CDATA[43]]></position>
</category_product>
<category_product><id_category><![CDATA[302]]></id_category>
<id_product><![CDATA[4074]]></id_product>
<position><![CDATA[44]]></position>
</category_product>
<category_product><id_category><![CDATA[302]]></id_category>
<id_product><![CDATA[4075]]></id_product>
<position><![CDATA[45]]></position>
</category_product>
<category_product><id_category><![CDATA[303]]></id_category>
<id_product><![CDATA[4061]]></id_product>
<position><![CDATA[1]]></position>
</category_product>
<category_product><id_category><![CDATA[305]]></id_category>
<id_product><![CDATA[4523]]></id_product>
<position><![CDATA[1]]></position>
</category_product>
</entity_profile>
