<?xml version="1.0" encoding="UTF-8"?>
<entity_profile>
<category_product><id_category><![CDATA[264]]></id_category>
<id_product><![CDATA[95]]></id_product>
<position><![CDATA[7]]></position>
</category_product>
<category_product><id_category><![CDATA[264]]></id_category>
<id_product><![CDATA[98]]></id_product>
<position><![CDATA[8]]></position>
</category_product>
<category_product><id_category><![CDATA[264]]></id_category>
<id_product><![CDATA[101]]></id_product>
<position><![CDATA[9]]></position>
</category_product>
<category_product><id_category><![CDATA[264]]></id_category>
<id_product><![CDATA[104]]></id_product>
<position><![CDATA[10]]></position>
</category_product>
<category_product><id_category><![CDATA[264]]></id_category>
<id_product><![CDATA[107]]></id_product>
<position><![CDATA[11]]></position>
</category_product>
<category_product><id_category><![CDATA[264]]></id_category>
<id_product><![CDATA[113]]></id_product>
<position><![CDATA[12]]></position>
</category_product>
<category_product><id_category><![CDATA[264]]></id_category>
<id_product><![CDATA[116]]></id_product>
<position><![CDATA[13]]></position>
</category_product>
<category_product><id_category><![CDATA[264]]></id_category>
<id_product><![CDATA[14]]></id_product>
<position><![CDATA[14]]></position>
</category_product>
<category_product><id_category><![CDATA[264]]></id_category>
<id_product><![CDATA[17]]></id_product>
<position><![CDATA[15]]></position>
</category_product>
<category_product><id_category><![CDATA[264]]></id_category>
<id_product><![CDATA[20]]></id_product>
<position><![CDATA[16]]></position>
</category_product>
<category_product><id_category><![CDATA[264]]></id_category>
<id_product><![CDATA[23]]></id_product>
<position><![CDATA[17]]></position>
</category_product>
<category_product><id_category><![CDATA[264]]></id_category>
<id_product><![CDATA[30]]></id_product>
<position><![CDATA[18]]></position>
</category_product>
<category_product><id_category><![CDATA[264]]></id_category>
<id_product><![CDATA[34]]></id_product>
<position><![CDATA[19]]></position>
</category_product>
<category_product><id_category><![CDATA[264]]></id_category>
<id_product><![CDATA[35]]></id_product>
<position><![CDATA[20]]></position>
</category_product>
<category_product><id_category><![CDATA[264]]></id_category>
<id_product><![CDATA[40]]></id_product>
<position><![CDATA[21]]></position>
</category_product>
<category_product><id_category><![CDATA[264]]></id_category>
<id_product><![CDATA[44]]></id_product>
<position><![CDATA[22]]></position>
</category_product>
<category_product><id_category><![CDATA[264]]></id_category>
<id_product><![CDATA[47]]></id_product>
<position><![CDATA[23]]></position>
</category_product>
<category_product><id_category><![CDATA[264]]></id_category>
<id_product><![CDATA[51]]></id_product>
<position><![CDATA[24]]></position>
</category_product>
<category_product><id_category><![CDATA[264]]></id_category>
<id_product><![CDATA[54]]></id_product>
<position><![CDATA[25]]></position>
</category_product>
<category_product><id_category><![CDATA[264]]></id_category>
<id_product><![CDATA[58]]></id_product>
<position><![CDATA[26]]></position>
</category_product>
<category_product><id_category><![CDATA[264]]></id_category>
<id_product><![CDATA[61]]></id_product>
<position><![CDATA[27]]></position>
</category_product>
<category_product><id_category><![CDATA[264]]></id_category>
<id_product><![CDATA[64]]></id_product>
<position><![CDATA[28]]></position>
</category_product>
<category_product><id_category><![CDATA[264]]></id_category>
<id_product><![CDATA[67]]></id_product>
<position><![CDATA[29]]></position>
</category_product>
<category_product><id_category><![CDATA[264]]></id_category>
<id_product><![CDATA[76]]></id_product>
<position><![CDATA[30]]></position>
</category_product>
<category_product><id_category><![CDATA[264]]></id_category>
<id_product><![CDATA[251]]></id_product>
<position><![CDATA[31]]></position>
</category_product>
<category_product><id_category><![CDATA[264]]></id_category>
<id_product><![CDATA[257]]></id_product>
<position><![CDATA[32]]></position>
</category_product>
<category_product><id_category><![CDATA[264]]></id_category>
<id_product><![CDATA[262]]></id_product>
<position><![CDATA[33]]></position>
</category_product>
<category_product><id_category><![CDATA[264]]></id_category>
<id_product><![CDATA[268]]></id_product>
<position><![CDATA[34]]></position>
</category_product>
<category_product><id_category><![CDATA[264]]></id_category>
<id_product><![CDATA[278]]></id_product>
<position><![CDATA[35]]></position>
</category_product>
<category_product><id_category><![CDATA[264]]></id_category>
<id_product><![CDATA[285]]></id_product>
<position><![CDATA[36]]></position>
</category_product>
<category_product><id_category><![CDATA[264]]></id_category>
<id_product><![CDATA[290]]></id_product>
<position><![CDATA[37]]></position>
</category_product>
<category_product><id_category><![CDATA[264]]></id_category>
<id_product><![CDATA[294]]></id_product>
<position><![CDATA[38]]></position>
</category_product>
<category_product><id_category><![CDATA[264]]></id_category>
<id_product><![CDATA[299]]></id_product>
<position><![CDATA[39]]></position>
</category_product>
<category_product><id_category><![CDATA[264]]></id_category>
<id_product><![CDATA[304]]></id_product>
<position><![CDATA[40]]></position>
</category_product>
<category_product><id_category><![CDATA[264]]></id_category>
<id_product><![CDATA[309]]></id_product>
<position><![CDATA[41]]></position>
</category_product>
<category_product><id_category><![CDATA[264]]></id_category>
<id_product><![CDATA[313]]></id_product>
<position><![CDATA[42]]></position>
</category_product>
<category_product><id_category><![CDATA[264]]></id_category>
<id_product><![CDATA[315]]></id_product>
<position><![CDATA[43]]></position>
</category_product>
<category_product><id_category><![CDATA[264]]></id_category>
<id_product><![CDATA[318]]></id_product>
<position><![CDATA[44]]></position>
</category_product>
<category_product><id_category><![CDATA[264]]></id_category>
<id_product><![CDATA[321]]></id_product>
<position><![CDATA[45]]></position>
</category_product>
<category_product><id_category><![CDATA[264]]></id_category>
<id_product><![CDATA[324]]></id_product>
<position><![CDATA[46]]></position>
</category_product>
<category_product><id_category><![CDATA[264]]></id_category>
<id_product><![CDATA[331]]></id_product>
<position><![CDATA[47]]></position>
</category_product>
<category_product><id_category><![CDATA[264]]></id_category>
<id_product><![CDATA[332]]></id_product>
<position><![CDATA[48]]></position>
</category_product>
<category_product><id_category><![CDATA[264]]></id_category>
<id_product><![CDATA[335]]></id_product>
<position><![CDATA[49]]></position>
</category_product>
<category_product><id_category><![CDATA[264]]></id_category>
<id_product><![CDATA[338]]></id_product>
<position><![CDATA[50]]></position>
</category_product>
<category_product><id_category><![CDATA[264]]></id_category>
<id_product><![CDATA[341]]></id_product>
<position><![CDATA[51]]></position>
</category_product>
<category_product><id_category><![CDATA[264]]></id_category>
<id_product><![CDATA[344]]></id_product>
<position><![CDATA[52]]></position>
</category_product>
<category_product><id_category><![CDATA[264]]></id_category>
<id_product><![CDATA[347]]></id_product>
<position><![CDATA[53]]></position>
</category_product>
<category_product><id_category><![CDATA[264]]></id_category>
<id_product><![CDATA[350]]></id_product>
<position><![CDATA[54]]></position>
</category_product>
<category_product><id_category><![CDATA[264]]></id_category>
<id_product><![CDATA[607]]></id_product>
<position><![CDATA[55]]></position>
</category_product>
<category_product><id_category><![CDATA[264]]></id_category>
<id_product><![CDATA[608]]></id_product>
<position><![CDATA[56]]></position>
</category_product>
<category_product><id_category><![CDATA[264]]></id_category>
<id_product><![CDATA[609]]></id_product>
<position><![CDATA[57]]></position>
</category_product>
<category_product><id_category><![CDATA[264]]></id_category>
<id_product><![CDATA[610]]></id_product>
<position><![CDATA[58]]></position>
</category_product>
<category_product><id_category><![CDATA[264]]></id_category>
<id_product><![CDATA[611]]></id_product>
<position><![CDATA[59]]></position>
</category_product>
<category_product><id_category><![CDATA[264]]></id_category>
<id_product><![CDATA[612]]></id_product>
<position><![CDATA[60]]></position>
</category_product>
<category_product><id_category><![CDATA[264]]></id_category>
<id_product><![CDATA[613]]></id_product>
<position><![CDATA[61]]></position>
</category_product>
<category_product><id_category><![CDATA[264]]></id_category>
<id_product><![CDATA[614]]></id_product>
<position><![CDATA[62]]></position>
</category_product>
<category_product><id_category><![CDATA[264]]></id_category>
<id_product><![CDATA[615]]></id_product>
<position><![CDATA[63]]></position>
</category_product>
<category_product><id_category><![CDATA[264]]></id_category>
<id_product><![CDATA[616]]></id_product>
<position><![CDATA[64]]></position>
</category_product>
<category_product><id_category><![CDATA[264]]></id_category>
<id_product><![CDATA[617]]></id_product>
<position><![CDATA[65]]></position>
</category_product>
<category_product><id_category><![CDATA[264]]></id_category>
<id_product><![CDATA[618]]></id_product>
<position><![CDATA[66]]></position>
</category_product>
<category_product><id_category><![CDATA[264]]></id_category>
<id_product><![CDATA[619]]></id_product>
<position><![CDATA[67]]></position>
</category_product>
<category_product><id_category><![CDATA[264]]></id_category>
<id_product><![CDATA[620]]></id_product>
<position><![CDATA[68]]></position>
</category_product>
<category_product><id_category><![CDATA[264]]></id_category>
<id_product><![CDATA[621]]></id_product>
<position><![CDATA[69]]></position>
</category_product>
<category_product><id_category><![CDATA[264]]></id_category>
<id_product><![CDATA[622]]></id_product>
<position><![CDATA[70]]></position>
</category_product>
<category_product><id_category><![CDATA[264]]></id_category>
<id_product><![CDATA[623]]></id_product>
<position><![CDATA[71]]></position>
</category_product>
<category_product><id_category><![CDATA[264]]></id_category>
<id_product><![CDATA[624]]></id_product>
<position><![CDATA[72]]></position>
</category_product>
<category_product><id_category><![CDATA[264]]></id_category>
<id_product><![CDATA[625]]></id_product>
<position><![CDATA[73]]></position>
</category_product>
<category_product><id_category><![CDATA[264]]></id_category>
<id_product><![CDATA[626]]></id_product>
<position><![CDATA[74]]></position>
</category_product>
<category_product><id_category><![CDATA[264]]></id_category>
<id_product><![CDATA[627]]></id_product>
<position><![CDATA[75]]></position>
</category_product>
<category_product><id_category><![CDATA[264]]></id_category>
<id_product><![CDATA[628]]></id_product>
<position><![CDATA[76]]></position>
</category_product>
<category_product><id_category><![CDATA[264]]></id_category>
<id_product><![CDATA[629]]></id_product>
<position><![CDATA[77]]></position>
</category_product>
<category_product><id_category><![CDATA[264]]></id_category>
<id_product><![CDATA[630]]></id_product>
<position><![CDATA[78]]></position>
</category_product>
<category_product><id_category><![CDATA[264]]></id_category>
<id_product><![CDATA[631]]></id_product>
<position><![CDATA[79]]></position>
</category_product>
<category_product><id_category><![CDATA[264]]></id_category>
<id_product><![CDATA[632]]></id_product>
<position><![CDATA[80]]></position>
</category_product>
<category_product><id_category><![CDATA[264]]></id_category>
<id_product><![CDATA[633]]></id_product>
<position><![CDATA[81]]></position>
</category_product>
<category_product><id_category><![CDATA[264]]></id_category>
<id_product><![CDATA[634]]></id_product>
<position><![CDATA[82]]></position>
</category_product>
<category_product><id_category><![CDATA[264]]></id_category>
<id_product><![CDATA[635]]></id_product>
<position><![CDATA[83]]></position>
</category_product>
<category_product><id_category><![CDATA[264]]></id_category>
<id_product><![CDATA[636]]></id_product>
<position><![CDATA[84]]></position>
</category_product>
<category_product><id_category><![CDATA[264]]></id_category>
<id_product><![CDATA[638]]></id_product>
<position><![CDATA[85]]></position>
</category_product>
<category_product><id_category><![CDATA[264]]></id_category>
<id_product><![CDATA[639]]></id_product>
<position><![CDATA[86]]></position>
</category_product>
<category_product><id_category><![CDATA[264]]></id_category>
<id_product><![CDATA[640]]></id_product>
<position><![CDATA[87]]></position>
</category_product>
<category_product><id_category><![CDATA[264]]></id_category>
<id_product><![CDATA[641]]></id_product>
<position><![CDATA[88]]></position>
</category_product>
<category_product><id_category><![CDATA[264]]></id_category>
<id_product><![CDATA[642]]></id_product>
<position><![CDATA[89]]></position>
</category_product>
<category_product><id_category><![CDATA[264]]></id_category>
<id_product><![CDATA[643]]></id_product>
<position><![CDATA[90]]></position>
</category_product>
<category_product><id_category><![CDATA[264]]></id_category>
<id_product><![CDATA[644]]></id_product>
<position><![CDATA[91]]></position>
</category_product>
<category_product><id_category><![CDATA[264]]></id_category>
<id_product><![CDATA[645]]></id_product>
<position><![CDATA[92]]></position>
</category_product>
<category_product><id_category><![CDATA[264]]></id_category>
<id_product><![CDATA[646]]></id_product>
<position><![CDATA[93]]></position>
</category_product>
<category_product><id_category><![CDATA[264]]></id_category>
<id_product><![CDATA[647]]></id_product>
<position><![CDATA[94]]></position>
</category_product>
<category_product><id_category><![CDATA[264]]></id_category>
<id_product><![CDATA[648]]></id_product>
<position><![CDATA[95]]></position>
</category_product>
<category_product><id_category><![CDATA[264]]></id_category>
<id_product><![CDATA[649]]></id_product>
<position><![CDATA[96]]></position>
</category_product>
<category_product><id_category><![CDATA[264]]></id_category>
<id_product><![CDATA[650]]></id_product>
<position><![CDATA[97]]></position>
</category_product>
<category_product><id_category><![CDATA[264]]></id_category>
<id_product><![CDATA[651]]></id_product>
<position><![CDATA[98]]></position>
</category_product>
<category_product><id_category><![CDATA[264]]></id_category>
<id_product><![CDATA[652]]></id_product>
<position><![CDATA[99]]></position>
</category_product>
<category_product><id_category><![CDATA[264]]></id_category>
<id_product><![CDATA[653]]></id_product>
<position><![CDATA[100]]></position>
</category_product>
<category_product><id_category><![CDATA[264]]></id_category>
<id_product><![CDATA[654]]></id_product>
<position><![CDATA[101]]></position>
</category_product>
<category_product><id_category><![CDATA[264]]></id_category>
<id_product><![CDATA[655]]></id_product>
<position><![CDATA[102]]></position>
</category_product>
<category_product><id_category><![CDATA[264]]></id_category>
<id_product><![CDATA[656]]></id_product>
<position><![CDATA[103]]></position>
</category_product>
<category_product><id_category><![CDATA[264]]></id_category>
<id_product><![CDATA[658]]></id_product>
<position><![CDATA[104]]></position>
</category_product>
<category_product><id_category><![CDATA[264]]></id_category>
<id_product><![CDATA[659]]></id_product>
<position><![CDATA[105]]></position>
</category_product>
<category_product><id_category><![CDATA[264]]></id_category>
<id_product><![CDATA[660]]></id_product>
<position><![CDATA[106]]></position>
</category_product>
<category_product><id_category><![CDATA[264]]></id_category>
<id_product><![CDATA[661]]></id_product>
<position><![CDATA[107]]></position>
</category_product>
<category_product><id_category><![CDATA[264]]></id_category>
<id_product><![CDATA[663]]></id_product>
<position><![CDATA[108]]></position>
</category_product>
<category_product><id_category><![CDATA[264]]></id_category>
<id_product><![CDATA[664]]></id_product>
<position><![CDATA[109]]></position>
</category_product>
<category_product><id_category><![CDATA[264]]></id_category>
<id_product><![CDATA[666]]></id_product>
<position><![CDATA[110]]></position>
</category_product>
<category_product><id_category><![CDATA[264]]></id_category>
<id_product><![CDATA[667]]></id_product>
<position><![CDATA[111]]></position>
</category_product>
<category_product><id_category><![CDATA[264]]></id_category>
<id_product><![CDATA[668]]></id_product>
<position><![CDATA[112]]></position>
</category_product>
<category_product><id_category><![CDATA[264]]></id_category>
<id_product><![CDATA[669]]></id_product>
<position><![CDATA[113]]></position>
</category_product>
<category_product><id_category><![CDATA[264]]></id_category>
<id_product><![CDATA[670]]></id_product>
<position><![CDATA[114]]></position>
</category_product>
<category_product><id_category><![CDATA[264]]></id_category>
<id_product><![CDATA[672]]></id_product>
<position><![CDATA[115]]></position>
</category_product>
<category_product><id_category><![CDATA[264]]></id_category>
<id_product><![CDATA[674]]></id_product>
<position><![CDATA[116]]></position>
</category_product>
<category_product><id_category><![CDATA[264]]></id_category>
<id_product><![CDATA[675]]></id_product>
<position><![CDATA[117]]></position>
</category_product>
<category_product><id_category><![CDATA[264]]></id_category>
<id_product><![CDATA[676]]></id_product>
<position><![CDATA[118]]></position>
</category_product>
<category_product><id_category><![CDATA[264]]></id_category>
<id_product><![CDATA[677]]></id_product>
<position><![CDATA[119]]></position>
</category_product>
<category_product><id_category><![CDATA[264]]></id_category>
<id_product><![CDATA[678]]></id_product>
<position><![CDATA[120]]></position>
</category_product>
<category_product><id_category><![CDATA[264]]></id_category>
<id_product><![CDATA[679]]></id_product>
<position><![CDATA[121]]></position>
</category_product>
<category_product><id_category><![CDATA[264]]></id_category>
<id_product><![CDATA[680]]></id_product>
<position><![CDATA[122]]></position>
</category_product>
<category_product><id_category><![CDATA[264]]></id_category>
<id_product><![CDATA[682]]></id_product>
<position><![CDATA[123]]></position>
</category_product>
<category_product><id_category><![CDATA[264]]></id_category>
<id_product><![CDATA[683]]></id_product>
<position><![CDATA[124]]></position>
</category_product>
<category_product><id_category><![CDATA[264]]></id_category>
<id_product><![CDATA[684]]></id_product>
<position><![CDATA[125]]></position>
</category_product>
<category_product><id_category><![CDATA[264]]></id_category>
<id_product><![CDATA[685]]></id_product>
<position><![CDATA[126]]></position>
</category_product>
<category_product><id_category><![CDATA[264]]></id_category>
<id_product><![CDATA[686]]></id_product>
<position><![CDATA[127]]></position>
</category_product>
<category_product><id_category><![CDATA[264]]></id_category>
<id_product><![CDATA[687]]></id_product>
<position><![CDATA[128]]></position>
</category_product>
<category_product><id_category><![CDATA[264]]></id_category>
<id_product><![CDATA[688]]></id_product>
<position><![CDATA[129]]></position>
</category_product>
<category_product><id_category><![CDATA[264]]></id_category>
<id_product><![CDATA[689]]></id_product>
<position><![CDATA[130]]></position>
</category_product>
<category_product><id_category><![CDATA[264]]></id_category>
<id_product><![CDATA[690]]></id_product>
<position><![CDATA[131]]></position>
</category_product>
<category_product><id_category><![CDATA[264]]></id_category>
<id_product><![CDATA[691]]></id_product>
<position><![CDATA[132]]></position>
</category_product>
<category_product><id_category><![CDATA[264]]></id_category>
<id_product><![CDATA[692]]></id_product>
<position><![CDATA[133]]></position>
</category_product>
<category_product><id_category><![CDATA[264]]></id_category>
<id_product><![CDATA[693]]></id_product>
<position><![CDATA[134]]></position>
</category_product>
<category_product><id_category><![CDATA[264]]></id_category>
<id_product><![CDATA[694]]></id_product>
<position><![CDATA[135]]></position>
</category_product>
<category_product><id_category><![CDATA[264]]></id_category>
<id_product><![CDATA[696]]></id_product>
<position><![CDATA[136]]></position>
</category_product>
<category_product><id_category><![CDATA[264]]></id_category>
<id_product><![CDATA[698]]></id_product>
<position><![CDATA[137]]></position>
</category_product>
<category_product><id_category><![CDATA[264]]></id_category>
<id_product><![CDATA[699]]></id_product>
<position><![CDATA[138]]></position>
</category_product>
<category_product><id_category><![CDATA[264]]></id_category>
<id_product><![CDATA[700]]></id_product>
<position><![CDATA[139]]></position>
</category_product>
<category_product><id_category><![CDATA[264]]></id_category>
<id_product><![CDATA[701]]></id_product>
<position><![CDATA[140]]></position>
</category_product>
<category_product><id_category><![CDATA[264]]></id_category>
<id_product><![CDATA[702]]></id_product>
<position><![CDATA[141]]></position>
</category_product>
<category_product><id_category><![CDATA[264]]></id_category>
<id_product><![CDATA[703]]></id_product>
<position><![CDATA[142]]></position>
</category_product>
<category_product><id_category><![CDATA[264]]></id_category>
<id_product><![CDATA[704]]></id_product>
<position><![CDATA[143]]></position>
</category_product>
<category_product><id_category><![CDATA[264]]></id_category>
<id_product><![CDATA[705]]></id_product>
<position><![CDATA[144]]></position>
</category_product>
<category_product><id_category><![CDATA[264]]></id_category>
<id_product><![CDATA[706]]></id_product>
<position><![CDATA[145]]></position>
</category_product>
<category_product><id_category><![CDATA[264]]></id_category>
<id_product><![CDATA[707]]></id_product>
<position><![CDATA[146]]></position>
</category_product>
<category_product><id_category><![CDATA[264]]></id_category>
<id_product><![CDATA[708]]></id_product>
<position><![CDATA[147]]></position>
</category_product>
<category_product><id_category><![CDATA[264]]></id_category>
<id_product><![CDATA[709]]></id_product>
<position><![CDATA[148]]></position>
</category_product>
<category_product><id_category><![CDATA[264]]></id_category>
<id_product><![CDATA[710]]></id_product>
<position><![CDATA[149]]></position>
</category_product>
<category_product><id_category><![CDATA[264]]></id_category>
<id_product><![CDATA[711]]></id_product>
<position><![CDATA[150]]></position>
</category_product>
<category_product><id_category><![CDATA[264]]></id_category>
<id_product><![CDATA[712]]></id_product>
<position><![CDATA[151]]></position>
</category_product>
<category_product><id_category><![CDATA[264]]></id_category>
<id_product><![CDATA[713]]></id_product>
<position><![CDATA[152]]></position>
</category_product>
<category_product><id_category><![CDATA[264]]></id_category>
<id_product><![CDATA[714]]></id_product>
<position><![CDATA[153]]></position>
</category_product>
<category_product><id_category><![CDATA[264]]></id_category>
<id_product><![CDATA[716]]></id_product>
<position><![CDATA[154]]></position>
</category_product>
<category_product><id_category><![CDATA[264]]></id_category>
<id_product><![CDATA[717]]></id_product>
<position><![CDATA[155]]></position>
</category_product>
<category_product><id_category><![CDATA[264]]></id_category>
<id_product><![CDATA[718]]></id_product>
<position><![CDATA[156]]></position>
</category_product>
<category_product><id_category><![CDATA[264]]></id_category>
<id_product><![CDATA[719]]></id_product>
<position><![CDATA[157]]></position>
</category_product>
<category_product><id_category><![CDATA[264]]></id_category>
<id_product><![CDATA[721]]></id_product>
<position><![CDATA[158]]></position>
</category_product>
<category_product><id_category><![CDATA[264]]></id_category>
<id_product><![CDATA[722]]></id_product>
<position><![CDATA[159]]></position>
</category_product>
<category_product><id_category><![CDATA[264]]></id_category>
<id_product><![CDATA[723]]></id_product>
<position><![CDATA[160]]></position>
</category_product>
<category_product><id_category><![CDATA[264]]></id_category>
<id_product><![CDATA[724]]></id_product>
<position><![CDATA[161]]></position>
</category_product>
<category_product><id_category><![CDATA[264]]></id_category>
<id_product><![CDATA[725]]></id_product>
<position><![CDATA[162]]></position>
</category_product>
<category_product><id_category><![CDATA[264]]></id_category>
<id_product><![CDATA[726]]></id_product>
<position><![CDATA[163]]></position>
</category_product>
<category_product><id_category><![CDATA[264]]></id_category>
<id_product><![CDATA[727]]></id_product>
<position><![CDATA[164]]></position>
</category_product>
<category_product><id_category><![CDATA[264]]></id_category>
<id_product><![CDATA[728]]></id_product>
<position><![CDATA[165]]></position>
</category_product>
<category_product><id_category><![CDATA[264]]></id_category>
<id_product><![CDATA[730]]></id_product>
<position><![CDATA[166]]></position>
</category_product>
<category_product><id_category><![CDATA[264]]></id_category>
<id_product><![CDATA[733]]></id_product>
<position><![CDATA[167]]></position>
</category_product>
<category_product><id_category><![CDATA[264]]></id_category>
<id_product><![CDATA[734]]></id_product>
<position><![CDATA[168]]></position>
</category_product>
<category_product><id_category><![CDATA[264]]></id_category>
<id_product><![CDATA[735]]></id_product>
<position><![CDATA[169]]></position>
</category_product>
<category_product><id_category><![CDATA[264]]></id_category>
<id_product><![CDATA[736]]></id_product>
<position><![CDATA[170]]></position>
</category_product>
<category_product><id_category><![CDATA[264]]></id_category>
<id_product><![CDATA[737]]></id_product>
<position><![CDATA[171]]></position>
</category_product>
<category_product><id_category><![CDATA[264]]></id_category>
<id_product><![CDATA[738]]></id_product>
<position><![CDATA[172]]></position>
</category_product>
<category_product><id_category><![CDATA[264]]></id_category>
<id_product><![CDATA[740]]></id_product>
<position><![CDATA[173]]></position>
</category_product>
<category_product><id_category><![CDATA[264]]></id_category>
<id_product><![CDATA[741]]></id_product>
<position><![CDATA[174]]></position>
</category_product>
<category_product><id_category><![CDATA[264]]></id_category>
<id_product><![CDATA[742]]></id_product>
<position><![CDATA[175]]></position>
</category_product>
<category_product><id_category><![CDATA[264]]></id_category>
<id_product><![CDATA[743]]></id_product>
<position><![CDATA[176]]></position>
</category_product>
<category_product><id_category><![CDATA[264]]></id_category>
<id_product><![CDATA[744]]></id_product>
<position><![CDATA[177]]></position>
</category_product>
<category_product><id_category><![CDATA[264]]></id_category>
<id_product><![CDATA[745]]></id_product>
<position><![CDATA[178]]></position>
</category_product>
<category_product><id_category><![CDATA[264]]></id_category>
<id_product><![CDATA[746]]></id_product>
<position><![CDATA[179]]></position>
</category_product>
<category_product><id_category><![CDATA[264]]></id_category>
<id_product><![CDATA[747]]></id_product>
<position><![CDATA[180]]></position>
</category_product>
<category_product><id_category><![CDATA[264]]></id_category>
<id_product><![CDATA[748]]></id_product>
<position><![CDATA[181]]></position>
</category_product>
<category_product><id_category><![CDATA[264]]></id_category>
<id_product><![CDATA[750]]></id_product>
<position><![CDATA[182]]></position>
</category_product>
<category_product><id_category><![CDATA[264]]></id_category>
<id_product><![CDATA[751]]></id_product>
<position><![CDATA[183]]></position>
</category_product>
<category_product><id_category><![CDATA[264]]></id_category>
<id_product><![CDATA[752]]></id_product>
<position><![CDATA[184]]></position>
</category_product>
<category_product><id_category><![CDATA[264]]></id_category>
<id_product><![CDATA[754]]></id_product>
<position><![CDATA[185]]></position>
</category_product>
<category_product><id_category><![CDATA[264]]></id_category>
<id_product><![CDATA[757]]></id_product>
<position><![CDATA[186]]></position>
</category_product>
<category_product><id_category><![CDATA[264]]></id_category>
<id_product><![CDATA[758]]></id_product>
<position><![CDATA[187]]></position>
</category_product>
<category_product><id_category><![CDATA[264]]></id_category>
<id_product><![CDATA[759]]></id_product>
<position><![CDATA[188]]></position>
</category_product>
<category_product><id_category><![CDATA[264]]></id_category>
<id_product><![CDATA[760]]></id_product>
<position><![CDATA[189]]></position>
</category_product>
<category_product><id_category><![CDATA[264]]></id_category>
<id_product><![CDATA[761]]></id_product>
<position><![CDATA[190]]></position>
</category_product>
<category_product><id_category><![CDATA[264]]></id_category>
<id_product><![CDATA[762]]></id_product>
<position><![CDATA[191]]></position>
</category_product>
<category_product><id_category><![CDATA[264]]></id_category>
<id_product><![CDATA[763]]></id_product>
<position><![CDATA[192]]></position>
</category_product>
<category_product><id_category><![CDATA[264]]></id_category>
<id_product><![CDATA[764]]></id_product>
<position><![CDATA[193]]></position>
</category_product>
<category_product><id_category><![CDATA[264]]></id_category>
<id_product><![CDATA[765]]></id_product>
<position><![CDATA[194]]></position>
</category_product>
<category_product><id_category><![CDATA[264]]></id_category>
<id_product><![CDATA[766]]></id_product>
<position><![CDATA[195]]></position>
</category_product>
<category_product><id_category><![CDATA[264]]></id_category>
<id_product><![CDATA[767]]></id_product>
<position><![CDATA[196]]></position>
</category_product>
<category_product><id_category><![CDATA[264]]></id_category>
<id_product><![CDATA[768]]></id_product>
<position><![CDATA[197]]></position>
</category_product>
<category_product><id_category><![CDATA[264]]></id_category>
<id_product><![CDATA[769]]></id_product>
<position><![CDATA[198]]></position>
</category_product>
<category_product><id_category><![CDATA[264]]></id_category>
<id_product><![CDATA[770]]></id_product>
<position><![CDATA[199]]></position>
</category_product>
<category_product><id_category><![CDATA[264]]></id_category>
<id_product><![CDATA[771]]></id_product>
<position><![CDATA[200]]></position>
</category_product>
<category_product><id_category><![CDATA[264]]></id_category>
<id_product><![CDATA[772]]></id_product>
<position><![CDATA[201]]></position>
</category_product>
<category_product><id_category><![CDATA[264]]></id_category>
<id_product><![CDATA[774]]></id_product>
<position><![CDATA[202]]></position>
</category_product>
<category_product><id_category><![CDATA[264]]></id_category>
<id_product><![CDATA[775]]></id_product>
<position><![CDATA[203]]></position>
</category_product>
<category_product><id_category><![CDATA[264]]></id_category>
<id_product><![CDATA[776]]></id_product>
<position><![CDATA[204]]></position>
</category_product>
<category_product><id_category><![CDATA[264]]></id_category>
<id_product><![CDATA[779]]></id_product>
<position><![CDATA[205]]></position>
</category_product>
<category_product><id_category><![CDATA[264]]></id_category>
<id_product><![CDATA[780]]></id_product>
<position><![CDATA[206]]></position>
</category_product>
<category_product><id_category><![CDATA[264]]></id_category>
<id_product><![CDATA[476]]></id_product>
<position><![CDATA[207]]></position>
</category_product>
<category_product><id_category><![CDATA[264]]></id_category>
<id_product><![CDATA[781]]></id_product>
<position><![CDATA[208]]></position>
</category_product>
<category_product><id_category><![CDATA[264]]></id_category>
<id_product><![CDATA[782]]></id_product>
<position><![CDATA[209]]></position>
</category_product>
<category_product><id_category><![CDATA[264]]></id_category>
<id_product><![CDATA[783]]></id_product>
<position><![CDATA[210]]></position>
</category_product>
<category_product><id_category><![CDATA[264]]></id_category>
<id_product><![CDATA[784]]></id_product>
<position><![CDATA[211]]></position>
</category_product>
<category_product><id_category><![CDATA[264]]></id_category>
<id_product><![CDATA[785]]></id_product>
<position><![CDATA[212]]></position>
</category_product>
<category_product><id_category><![CDATA[264]]></id_category>
<id_product><![CDATA[786]]></id_product>
<position><![CDATA[213]]></position>
</category_product>
<category_product><id_category><![CDATA[264]]></id_category>
<id_product><![CDATA[787]]></id_product>
<position><![CDATA[214]]></position>
</category_product>
<category_product><id_category><![CDATA[264]]></id_category>
<id_product><![CDATA[788]]></id_product>
<position><![CDATA[215]]></position>
</category_product>
<category_product><id_category><![CDATA[264]]></id_category>
<id_product><![CDATA[789]]></id_product>
<position><![CDATA[216]]></position>
</category_product>
<category_product><id_category><![CDATA[264]]></id_category>
<id_product><![CDATA[790]]></id_product>
<position><![CDATA[217]]></position>
</category_product>
<category_product><id_category><![CDATA[264]]></id_category>
<id_product><![CDATA[791]]></id_product>
<position><![CDATA[218]]></position>
</category_product>
<category_product><id_category><![CDATA[264]]></id_category>
<id_product><![CDATA[792]]></id_product>
<position><![CDATA[219]]></position>
</category_product>
<category_product><id_category><![CDATA[264]]></id_category>
<id_product><![CDATA[793]]></id_product>
<position><![CDATA[220]]></position>
</category_product>
<category_product><id_category><![CDATA[264]]></id_category>
<id_product><![CDATA[794]]></id_product>
<position><![CDATA[221]]></position>
</category_product>
<category_product><id_category><![CDATA[264]]></id_category>
<id_product><![CDATA[795]]></id_product>
<position><![CDATA[222]]></position>
</category_product>
<category_product><id_category><![CDATA[264]]></id_category>
<id_product><![CDATA[796]]></id_product>
<position><![CDATA[223]]></position>
</category_product>
<category_product><id_category><![CDATA[264]]></id_category>
<id_product><![CDATA[797]]></id_product>
<position><![CDATA[224]]></position>
</category_product>
<category_product><id_category><![CDATA[264]]></id_category>
<id_product><![CDATA[798]]></id_product>
<position><![CDATA[225]]></position>
</category_product>
<category_product><id_category><![CDATA[264]]></id_category>
<id_product><![CDATA[799]]></id_product>
<position><![CDATA[226]]></position>
</category_product>
<category_product><id_category><![CDATA[264]]></id_category>
<id_product><![CDATA[800]]></id_product>
<position><![CDATA[227]]></position>
</category_product>
<category_product><id_category><![CDATA[264]]></id_category>
<id_product><![CDATA[801]]></id_product>
<position><![CDATA[228]]></position>
</category_product>
<category_product><id_category><![CDATA[264]]></id_category>
<id_product><![CDATA[802]]></id_product>
<position><![CDATA[229]]></position>
</category_product>
<category_product><id_category><![CDATA[264]]></id_category>
<id_product><![CDATA[665]]></id_product>
<position><![CDATA[230]]></position>
</category_product>
<category_product><id_category><![CDATA[264]]></id_category>
<id_product><![CDATA[4079]]></id_product>
<position><![CDATA[231]]></position>
</category_product>
<category_product><id_category><![CDATA[264]]></id_category>
<id_product><![CDATA[4080]]></id_product>
<position><![CDATA[232]]></position>
</category_product>
<category_product><id_category><![CDATA[264]]></id_category>
<id_product><![CDATA[4081]]></id_product>
<position><![CDATA[233]]></position>
</category_product>
<category_product><id_category><![CDATA[264]]></id_category>
<id_product><![CDATA[4082]]></id_product>
<position><![CDATA[234]]></position>
</category_product>
<category_product><id_category><![CDATA[264]]></id_category>
<id_product><![CDATA[4083]]></id_product>
<position><![CDATA[235]]></position>
</category_product>
<category_product><id_category><![CDATA[264]]></id_category>
<id_product><![CDATA[4086]]></id_product>
<position><![CDATA[236]]></position>
</category_product>
<category_product><id_category><![CDATA[264]]></id_category>
<id_product><![CDATA[4087]]></id_product>
<position><![CDATA[237]]></position>
</category_product>
<category_product><id_category><![CDATA[264]]></id_category>
<id_product><![CDATA[4088]]></id_product>
<position><![CDATA[238]]></position>
</category_product>
<category_product><id_category><![CDATA[264]]></id_category>
<id_product><![CDATA[4126]]></id_product>
<position><![CDATA[239]]></position>
</category_product>
<category_product><id_category><![CDATA[264]]></id_category>
<id_product><![CDATA[4127]]></id_product>
<position><![CDATA[240]]></position>
</category_product>
<category_product><id_category><![CDATA[264]]></id_category>
<id_product><![CDATA[4129]]></id_product>
<position><![CDATA[241]]></position>
</category_product>
<category_product><id_category><![CDATA[264]]></id_category>
<id_product><![CDATA[4130]]></id_product>
<position><![CDATA[242]]></position>
</category_product>
<category_product><id_category><![CDATA[264]]></id_category>
<id_product><![CDATA[4144]]></id_product>
<position><![CDATA[243]]></position>
</category_product>
<category_product><id_category><![CDATA[264]]></id_category>
<id_product><![CDATA[4145]]></id_product>
<position><![CDATA[244]]></position>
</category_product>
<category_product><id_category><![CDATA[264]]></id_category>
<id_product><![CDATA[4146]]></id_product>
<position><![CDATA[245]]></position>
</category_product>
<category_product><id_category><![CDATA[264]]></id_category>
<id_product><![CDATA[4148]]></id_product>
<position><![CDATA[246]]></position>
</category_product>
<category_product><id_category><![CDATA[264]]></id_category>
<id_product><![CDATA[4149]]></id_product>
<position><![CDATA[247]]></position>
</category_product>
<category_product><id_category><![CDATA[264]]></id_category>
<id_product><![CDATA[4150]]></id_product>
<position><![CDATA[248]]></position>
</category_product>
<category_product><id_category><![CDATA[264]]></id_category>
<id_product><![CDATA[4156]]></id_product>
<position><![CDATA[249]]></position>
</category_product>
<category_product><id_category><![CDATA[264]]></id_category>
<id_product><![CDATA[4157]]></id_product>
<position><![CDATA[250]]></position>
</category_product>
<category_product><id_category><![CDATA[264]]></id_category>
<id_product><![CDATA[4161]]></id_product>
<position><![CDATA[251]]></position>
</category_product>
<category_product><id_category><![CDATA[264]]></id_category>
<id_product><![CDATA[4162]]></id_product>
<position><![CDATA[252]]></position>
</category_product>
<category_product><id_category><![CDATA[264]]></id_category>
<id_product><![CDATA[4164]]></id_product>
<position><![CDATA[253]]></position>
</category_product>
<category_product><id_category><![CDATA[264]]></id_category>
<id_product><![CDATA[4166]]></id_product>
<position><![CDATA[254]]></position>
</category_product>
<category_product><id_category><![CDATA[264]]></id_category>
<id_product><![CDATA[4169]]></id_product>
<position><![CDATA[255]]></position>
</category_product>
<category_product><id_category><![CDATA[264]]></id_category>
<id_product><![CDATA[4170]]></id_product>
<position><![CDATA[256]]></position>
</category_product>
<category_product><id_category><![CDATA[264]]></id_category>
<id_product><![CDATA[4171]]></id_product>
<position><![CDATA[257]]></position>
</category_product>
<category_product><id_category><![CDATA[264]]></id_category>
<id_product><![CDATA[4173]]></id_product>
<position><![CDATA[258]]></position>
</category_product>
<category_product><id_category><![CDATA[264]]></id_category>
<id_product><![CDATA[4174]]></id_product>
<position><![CDATA[259]]></position>
</category_product>
<category_product><id_category><![CDATA[266]]></id_category>
<id_product><![CDATA[607]]></id_product>
<position><![CDATA[44]]></position>
</category_product>
<category_product><id_category><![CDATA[266]]></id_category>
<id_product><![CDATA[608]]></id_product>
<position><![CDATA[45]]></position>
</category_product>
<category_product><id_category><![CDATA[266]]></id_category>
<id_product><![CDATA[609]]></id_product>
<position><![CDATA[46]]></position>
</category_product>
<category_product><id_category><![CDATA[266]]></id_category>
<id_product><![CDATA[610]]></id_product>
<position><![CDATA[47]]></position>
</category_product>
<category_product><id_category><![CDATA[266]]></id_category>
<id_product><![CDATA[611]]></id_product>
<position><![CDATA[48]]></position>
</category_product>
<category_product><id_category><![CDATA[266]]></id_category>
<id_product><![CDATA[612]]></id_product>
<position><![CDATA[49]]></position>
</category_product>
<category_product><id_category><![CDATA[266]]></id_category>
<id_product><![CDATA[613]]></id_product>
<position><![CDATA[50]]></position>
</category_product>
<category_product><id_category><![CDATA[266]]></id_category>
<id_product><![CDATA[614]]></id_product>
<position><![CDATA[51]]></position>
</category_product>
<category_product><id_category><![CDATA[266]]></id_category>
<id_product><![CDATA[615]]></id_product>
<position><![CDATA[52]]></position>
</category_product>
<category_product><id_category><![CDATA[266]]></id_category>
<id_product><![CDATA[616]]></id_product>
<position><![CDATA[53]]></position>
</category_product>
<category_product><id_category><![CDATA[266]]></id_category>
<id_product><![CDATA[617]]></id_product>
<position><![CDATA[54]]></position>
</category_product>
<category_product><id_category><![CDATA[266]]></id_category>
<id_product><![CDATA[618]]></id_product>
<position><![CDATA[55]]></position>
</category_product>
<category_product><id_category><![CDATA[266]]></id_category>
<id_product><![CDATA[619]]></id_product>
<position><![CDATA[56]]></position>
</category_product>
<category_product><id_category><![CDATA[266]]></id_category>
<id_product><![CDATA[620]]></id_product>
<position><![CDATA[57]]></position>
</category_product>
<category_product><id_category><![CDATA[266]]></id_category>
<id_product><![CDATA[621]]></id_product>
<position><![CDATA[58]]></position>
</category_product>
<category_product><id_category><![CDATA[266]]></id_category>
<id_product><![CDATA[622]]></id_product>
<position><![CDATA[59]]></position>
</category_product>
<category_product><id_category><![CDATA[266]]></id_category>
<id_product><![CDATA[623]]></id_product>
<position><![CDATA[60]]></position>
</category_product>
<category_product><id_category><![CDATA[266]]></id_category>
<id_product><![CDATA[624]]></id_product>
<position><![CDATA[61]]></position>
</category_product>
<category_product><id_category><![CDATA[266]]></id_category>
<id_product><![CDATA[625]]></id_product>
<position><![CDATA[62]]></position>
</category_product>
<category_product><id_category><![CDATA[266]]></id_category>
<id_product><![CDATA[626]]></id_product>
<position><![CDATA[63]]></position>
</category_product>
<category_product><id_category><![CDATA[266]]></id_category>
<id_product><![CDATA[627]]></id_product>
<position><![CDATA[64]]></position>
</category_product>
<category_product><id_category><![CDATA[266]]></id_category>
<id_product><![CDATA[628]]></id_product>
<position><![CDATA[65]]></position>
</category_product>
<category_product><id_category><![CDATA[266]]></id_category>
<id_product><![CDATA[629]]></id_product>
<position><![CDATA[66]]></position>
</category_product>
<category_product><id_category><![CDATA[266]]></id_category>
<id_product><![CDATA[630]]></id_product>
<position><![CDATA[67]]></position>
</category_product>
<category_product><id_category><![CDATA[266]]></id_category>
<id_product><![CDATA[631]]></id_product>
<position><![CDATA[68]]></position>
</category_product>
<category_product><id_category><![CDATA[266]]></id_category>
<id_product><![CDATA[632]]></id_product>
<position><![CDATA[69]]></position>
</category_product>
<category_product><id_category><![CDATA[266]]></id_category>
<id_product><![CDATA[633]]></id_product>
<position><![CDATA[70]]></position>
</category_product>
<category_product><id_category><![CDATA[266]]></id_category>
<id_product><![CDATA[634]]></id_product>
<position><![CDATA[71]]></position>
</category_product>
<category_product><id_category><![CDATA[266]]></id_category>
<id_product><![CDATA[635]]></id_product>
<position><![CDATA[72]]></position>
</category_product>
<category_product><id_category><![CDATA[266]]></id_category>
<id_product><![CDATA[636]]></id_product>
<position><![CDATA[73]]></position>
</category_product>
<category_product><id_category><![CDATA[266]]></id_category>
<id_product><![CDATA[638]]></id_product>
<position><![CDATA[74]]></position>
</category_product>
<category_product><id_category><![CDATA[266]]></id_category>
<id_product><![CDATA[639]]></id_product>
<position><![CDATA[75]]></position>
</category_product>
<category_product><id_category><![CDATA[266]]></id_category>
<id_product><![CDATA[640]]></id_product>
<position><![CDATA[76]]></position>
</category_product>
<category_product><id_category><![CDATA[266]]></id_category>
<id_product><![CDATA[641]]></id_product>
<position><![CDATA[77]]></position>
</category_product>
<category_product><id_category><![CDATA[266]]></id_category>
<id_product><![CDATA[642]]></id_product>
<position><![CDATA[78]]></position>
</category_product>
<category_product><id_category><![CDATA[266]]></id_category>
<id_product><![CDATA[643]]></id_product>
<position><![CDATA[79]]></position>
</category_product>
<category_product><id_category><![CDATA[266]]></id_category>
<id_product><![CDATA[644]]></id_product>
<position><![CDATA[80]]></position>
</category_product>
<category_product><id_category><![CDATA[266]]></id_category>
<id_product><![CDATA[645]]></id_product>
<position><![CDATA[81]]></position>
</category_product>
<category_product><id_category><![CDATA[266]]></id_category>
<id_product><![CDATA[646]]></id_product>
<position><![CDATA[82]]></position>
</category_product>
<category_product><id_category><![CDATA[266]]></id_category>
<id_product><![CDATA[647]]></id_product>
<position><![CDATA[83]]></position>
</category_product>
<category_product><id_category><![CDATA[266]]></id_category>
<id_product><![CDATA[648]]></id_product>
<position><![CDATA[84]]></position>
</category_product>
<category_product><id_category><![CDATA[266]]></id_category>
<id_product><![CDATA[649]]></id_product>
<position><![CDATA[85]]></position>
</category_product>
<category_product><id_category><![CDATA[266]]></id_category>
<id_product><![CDATA[650]]></id_product>
<position><![CDATA[86]]></position>
</category_product>
<category_product><id_category><![CDATA[266]]></id_category>
<id_product><![CDATA[651]]></id_product>
<position><![CDATA[87]]></position>
</category_product>
<category_product><id_category><![CDATA[266]]></id_category>
<id_product><![CDATA[652]]></id_product>
<position><![CDATA[88]]></position>
</category_product>
<category_product><id_category><![CDATA[266]]></id_category>
<id_product><![CDATA[653]]></id_product>
<position><![CDATA[89]]></position>
</category_product>
<category_product><id_category><![CDATA[266]]></id_category>
<id_product><![CDATA[654]]></id_product>
<position><![CDATA[90]]></position>
</category_product>
<category_product><id_category><![CDATA[266]]></id_category>
<id_product><![CDATA[655]]></id_product>
<position><![CDATA[91]]></position>
</category_product>
<category_product><id_category><![CDATA[266]]></id_category>
<id_product><![CDATA[656]]></id_product>
<position><![CDATA[92]]></position>
</category_product>
<category_product><id_category><![CDATA[266]]></id_category>
<id_product><![CDATA[658]]></id_product>
<position><![CDATA[93]]></position>
</category_product>
<category_product><id_category><![CDATA[266]]></id_category>
<id_product><![CDATA[659]]></id_product>
<position><![CDATA[94]]></position>
</category_product>
<category_product><id_category><![CDATA[266]]></id_category>
<id_product><![CDATA[660]]></id_product>
<position><![CDATA[95]]></position>
</category_product>
<category_product><id_category><![CDATA[266]]></id_category>
<id_product><![CDATA[661]]></id_product>
<position><![CDATA[96]]></position>
</category_product>
<category_product><id_category><![CDATA[266]]></id_category>
<id_product><![CDATA[663]]></id_product>
<position><![CDATA[97]]></position>
</category_product>
<category_product><id_category><![CDATA[266]]></id_category>
<id_product><![CDATA[664]]></id_product>
<position><![CDATA[98]]></position>
</category_product>
<category_product><id_category><![CDATA[266]]></id_category>
<id_product><![CDATA[785]]></id_product>
<position><![CDATA[99]]></position>
</category_product>
<category_product><id_category><![CDATA[266]]></id_category>
<id_product><![CDATA[786]]></id_product>
<position><![CDATA[100]]></position>
</category_product>
<category_product><id_category><![CDATA[266]]></id_category>
<id_product><![CDATA[787]]></id_product>
<position><![CDATA[101]]></position>
</category_product>
<category_product><id_category><![CDATA[266]]></id_category>
<id_product><![CDATA[788]]></id_product>
<position><![CDATA[102]]></position>
</category_product>
<category_product><id_category><![CDATA[266]]></id_category>
<id_product><![CDATA[800]]></id_product>
<position><![CDATA[103]]></position>
</category_product>
<category_product><id_category><![CDATA[266]]></id_category>
<id_product><![CDATA[4081]]></id_product>
<position><![CDATA[104]]></position>
</category_product>
<category_product><id_category><![CDATA[266]]></id_category>
<id_product><![CDATA[4088]]></id_product>
<position><![CDATA[105]]></position>
</category_product>
<category_product><id_category><![CDATA[266]]></id_category>
<id_product><![CDATA[4127]]></id_product>
<position><![CDATA[106]]></position>
</category_product>
<category_product><id_category><![CDATA[266]]></id_category>
<id_product><![CDATA[4169]]></id_product>
<position><![CDATA[107]]></position>
</category_product>
<category_product><id_category><![CDATA[266]]></id_category>
<id_product><![CDATA[4170]]></id_product>
<position><![CDATA[108]]></position>
</category_product>
<category_product><id_category><![CDATA[266]]></id_category>
<id_product><![CDATA[4171]]></id_product>
<position><![CDATA[109]]></position>
</category_product>
<category_product><id_category><![CDATA[266]]></id_category>
<id_product><![CDATA[4173]]></id_product>
<position><![CDATA[110]]></position>
</category_product>
<category_product><id_category><![CDATA[266]]></id_category>
<id_product><![CDATA[4174]]></id_product>
<position><![CDATA[111]]></position>
</category_product>
<category_product><id_category><![CDATA[267]]></id_category>
<id_product><![CDATA[723]]></id_product>
<position><![CDATA[44]]></position>
</category_product>
<category_product><id_category><![CDATA[267]]></id_category>
<id_product><![CDATA[724]]></id_product>
<position><![CDATA[45]]></position>
</category_product>
<category_product><id_category><![CDATA[267]]></id_category>
<id_product><![CDATA[725]]></id_product>
<position><![CDATA[46]]></position>
</category_product>
<category_product><id_category><![CDATA[267]]></id_category>
<id_product><![CDATA[726]]></id_product>
<position><![CDATA[47]]></position>
</category_product>
<category_product><id_category><![CDATA[267]]></id_category>
<id_product><![CDATA[727]]></id_product>
<position><![CDATA[48]]></position>
</category_product>
<category_product><id_category><![CDATA[267]]></id_category>
<id_product><![CDATA[728]]></id_product>
<position><![CDATA[49]]></position>
</category_product>
<category_product><id_category><![CDATA[267]]></id_category>
<id_product><![CDATA[730]]></id_product>
<position><![CDATA[50]]></position>
</category_product>
<category_product><id_category><![CDATA[267]]></id_category>
<id_product><![CDATA[733]]></id_product>
<position><![CDATA[51]]></position>
</category_product>
<category_product><id_category><![CDATA[267]]></id_category>
<id_product><![CDATA[734]]></id_product>
<position><![CDATA[52]]></position>
</category_product>
<category_product><id_category><![CDATA[267]]></id_category>
<id_product><![CDATA[735]]></id_product>
<position><![CDATA[53]]></position>
</category_product>
<category_product><id_category><![CDATA[267]]></id_category>
<id_product><![CDATA[736]]></id_product>
<position><![CDATA[54]]></position>
</category_product>
<category_product><id_category><![CDATA[267]]></id_category>
<id_product><![CDATA[737]]></id_product>
<position><![CDATA[55]]></position>
</category_product>
<category_product><id_category><![CDATA[267]]></id_category>
<id_product><![CDATA[738]]></id_product>
<position><![CDATA[56]]></position>
</category_product>
<category_product><id_category><![CDATA[267]]></id_category>
<id_product><![CDATA[740]]></id_product>
<position><![CDATA[57]]></position>
</category_product>
<category_product><id_category><![CDATA[267]]></id_category>
<id_product><![CDATA[741]]></id_product>
<position><![CDATA[58]]></position>
</category_product>
<category_product><id_category><![CDATA[267]]></id_category>
<id_product><![CDATA[742]]></id_product>
<position><![CDATA[59]]></position>
</category_product>
<category_product><id_category><![CDATA[267]]></id_category>
<id_product><![CDATA[743]]></id_product>
<position><![CDATA[60]]></position>
</category_product>
<category_product><id_category><![CDATA[267]]></id_category>
<id_product><![CDATA[744]]></id_product>
<position><![CDATA[61]]></position>
</category_product>
<category_product><id_category><![CDATA[267]]></id_category>
<id_product><![CDATA[745]]></id_product>
<position><![CDATA[62]]></position>
</category_product>
<category_product><id_category><![CDATA[267]]></id_category>
<id_product><![CDATA[746]]></id_product>
<position><![CDATA[63]]></position>
</category_product>
<category_product><id_category><![CDATA[267]]></id_category>
<id_product><![CDATA[747]]></id_product>
<position><![CDATA[64]]></position>
</category_product>
<category_product><id_category><![CDATA[267]]></id_category>
<id_product><![CDATA[748]]></id_product>
<position><![CDATA[65]]></position>
</category_product>
<category_product><id_category><![CDATA[267]]></id_category>
<id_product><![CDATA[750]]></id_product>
<position><![CDATA[66]]></position>
</category_product>
<category_product><id_category><![CDATA[267]]></id_category>
<id_product><![CDATA[751]]></id_product>
<position><![CDATA[67]]></position>
</category_product>
<category_product><id_category><![CDATA[267]]></id_category>
<id_product><![CDATA[752]]></id_product>
<position><![CDATA[68]]></position>
</category_product>
<category_product><id_category><![CDATA[267]]></id_category>
<id_product><![CDATA[754]]></id_product>
<position><![CDATA[69]]></position>
</category_product>
<category_product><id_category><![CDATA[267]]></id_category>
<id_product><![CDATA[757]]></id_product>
<position><![CDATA[70]]></position>
</category_product>
<category_product><id_category><![CDATA[267]]></id_category>
<id_product><![CDATA[758]]></id_product>
<position><![CDATA[71]]></position>
</category_product>
<category_product><id_category><![CDATA[267]]></id_category>
<id_product><![CDATA[759]]></id_product>
<position><![CDATA[72]]></position>
</category_product>
<category_product><id_category><![CDATA[267]]></id_category>
<id_product><![CDATA[760]]></id_product>
<position><![CDATA[73]]></position>
</category_product>
<category_product><id_category><![CDATA[267]]></id_category>
<id_product><![CDATA[761]]></id_product>
<position><![CDATA[74]]></position>
</category_product>
<category_product><id_category><![CDATA[267]]></id_category>
<id_product><![CDATA[762]]></id_product>
<position><![CDATA[75]]></position>
</category_product>
<category_product><id_category><![CDATA[267]]></id_category>
<id_product><![CDATA[763]]></id_product>
<position><![CDATA[76]]></position>
</category_product>
<category_product><id_category><![CDATA[267]]></id_category>
<id_product><![CDATA[764]]></id_product>
<position><![CDATA[77]]></position>
</category_product>
<category_product><id_category><![CDATA[267]]></id_category>
<id_product><![CDATA[765]]></id_product>
<position><![CDATA[78]]></position>
</category_product>
<category_product><id_category><![CDATA[267]]></id_category>
<id_product><![CDATA[766]]></id_product>
<position><![CDATA[79]]></position>
</category_product>
<category_product><id_category><![CDATA[267]]></id_category>
<id_product><![CDATA[767]]></id_product>
<position><![CDATA[80]]></position>
</category_product>
<category_product><id_category><![CDATA[267]]></id_category>
<id_product><![CDATA[768]]></id_product>
<position><![CDATA[81]]></position>
</category_product>
<category_product><id_category><![CDATA[267]]></id_category>
<id_product><![CDATA[769]]></id_product>
<position><![CDATA[82]]></position>
</category_product>
<category_product><id_category><![CDATA[267]]></id_category>
<id_product><![CDATA[770]]></id_product>
<position><![CDATA[83]]></position>
</category_product>
<category_product><id_category><![CDATA[267]]></id_category>
<id_product><![CDATA[771]]></id_product>
<position><![CDATA[84]]></position>
</category_product>
<category_product><id_category><![CDATA[267]]></id_category>
<id_product><![CDATA[772]]></id_product>
<position><![CDATA[85]]></position>
</category_product>
<category_product><id_category><![CDATA[267]]></id_category>
<id_product><![CDATA[774]]></id_product>
<position><![CDATA[86]]></position>
</category_product>
<category_product><id_category><![CDATA[267]]></id_category>
<id_product><![CDATA[775]]></id_product>
<position><![CDATA[87]]></position>
</category_product>
<category_product><id_category><![CDATA[267]]></id_category>
<id_product><![CDATA[776]]></id_product>
<position><![CDATA[88]]></position>
</category_product>
<category_product><id_category><![CDATA[267]]></id_category>
<id_product><![CDATA[779]]></id_product>
<position><![CDATA[89]]></position>
</category_product>
<category_product><id_category><![CDATA[267]]></id_category>
<id_product><![CDATA[780]]></id_product>
<position><![CDATA[90]]></position>
</category_product>
<category_product><id_category><![CDATA[267]]></id_category>
<id_product><![CDATA[793]]></id_product>
<position><![CDATA[91]]></position>
</category_product>
<category_product><id_category><![CDATA[267]]></id_category>
<id_product><![CDATA[794]]></id_product>
<position><![CDATA[92]]></position>
</category_product>
<category_product><id_category><![CDATA[267]]></id_category>
<id_product><![CDATA[795]]></id_product>
<position><![CDATA[93]]></position>
</category_product>
<category_product><id_category><![CDATA[267]]></id_category>
<id_product><![CDATA[796]]></id_product>
<position><![CDATA[94]]></position>
</category_product>
<category_product><id_category><![CDATA[267]]></id_category>
<id_product><![CDATA[802]]></id_product>
<position><![CDATA[95]]></position>
</category_product>
<category_product><id_category><![CDATA[267]]></id_category>
<id_product><![CDATA[4086]]></id_product>
<position><![CDATA[96]]></position>
</category_product>
<category_product><id_category><![CDATA[267]]></id_category>
<id_product><![CDATA[4087]]></id_product>
<position><![CDATA[97]]></position>
</category_product>
<category_product><id_category><![CDATA[267]]></id_category>
<id_product><![CDATA[4130]]></id_product>
<position><![CDATA[98]]></position>
</category_product>
<category_product><id_category><![CDATA[267]]></id_category>
<id_product><![CDATA[4144]]></id_product>
<position><![CDATA[99]]></position>
</category_product>
<category_product><id_category><![CDATA[267]]></id_category>
<id_product><![CDATA[4145]]></id_product>
<position><![CDATA[100]]></position>
</category_product>
<category_product><id_category><![CDATA[267]]></id_category>
<id_product><![CDATA[4146]]></id_product>
<position><![CDATA[101]]></position>
</category_product>
<category_product><id_category><![CDATA[267]]></id_category>
<id_product><![CDATA[4166]]></id_product>
<position><![CDATA[102]]></position>
</category_product>
<category_product><id_category><![CDATA[269]]></id_category>
<id_product><![CDATA[816]]></id_product>
<position><![CDATA[1]]></position>
</category_product>
<category_product><id_category><![CDATA[269]]></id_category>
<id_product><![CDATA[817]]></id_product>
<position><![CDATA[2]]></position>
</category_product>
<category_product><id_category><![CDATA[269]]></id_category>
<id_product><![CDATA[818]]></id_product>
<position><![CDATA[3]]></position>
</category_product>
<category_product><id_category><![CDATA[269]]></id_category>
<id_product><![CDATA[892]]></id_product>
<position><![CDATA[4]]></position>
</category_product>
<category_product><id_category><![CDATA[269]]></id_category>
<id_product><![CDATA[893]]></id_product>
<position><![CDATA[5]]></position>
</category_product>
<category_product><id_category><![CDATA[269]]></id_category>
<id_product><![CDATA[842]]></id_product>
<position><![CDATA[6]]></position>
</category_product>
<category_product><id_category><![CDATA[269]]></id_category>
<id_product><![CDATA[843]]></id_product>
<position><![CDATA[7]]></position>
</category_product>
<category_product><id_category><![CDATA[269]]></id_category>
<id_product><![CDATA[844]]></id_product>
<position><![CDATA[8]]></position>
</category_product>
<category_product><id_category><![CDATA[273]]></id_category>
<id_product><![CDATA[812]]></id_product>
<position><![CDATA[0]]></position>
</category_product>
<category_product><id_category><![CDATA[273]]></id_category>
<id_product><![CDATA[813]]></id_product>
<position><![CDATA[1]]></position>
</category_product>
<category_product><id_category><![CDATA[273]]></id_category>
<id_product><![CDATA[814]]></id_product>
<position><![CDATA[2]]></position>
</category_product>
<category_product><id_category><![CDATA[273]]></id_category>
<id_product><![CDATA[815]]></id_product>
<position><![CDATA[3]]></position>
</category_product>
<category_product><id_category><![CDATA[273]]></id_category>
<id_product><![CDATA[894]]></id_product>
<position><![CDATA[4]]></position>
</category_product>
<category_product><id_category><![CDATA[273]]></id_category>
<id_product><![CDATA[989]]></id_product>
<position><![CDATA[5]]></position>
</category_product>
<category_product><id_category><![CDATA[273]]></id_category>
<id_product><![CDATA[990]]></id_product>
<position><![CDATA[6]]></position>
</category_product>
<category_product><id_category><![CDATA[273]]></id_category>
<id_product><![CDATA[1091]]></id_product>
<position><![CDATA[7]]></position>
</category_product>
<category_product><id_category><![CDATA[274]]></id_category>
<id_product><![CDATA[982]]></id_product>
<position><![CDATA[0]]></position>
</category_product>
<category_product><id_category><![CDATA[274]]></id_category>
<id_product><![CDATA[983]]></id_product>
<position><![CDATA[1]]></position>
</category_product>
<category_product><id_category><![CDATA[274]]></id_category>
<id_product><![CDATA[984]]></id_product>
<position><![CDATA[2]]></position>
</category_product>
<category_product><id_category><![CDATA[274]]></id_category>
<id_product><![CDATA[985]]></id_product>
<position><![CDATA[3]]></position>
</category_product>
<category_product><id_category><![CDATA[274]]></id_category>
<id_product><![CDATA[1016]]></id_product>
<position><![CDATA[4]]></position>
</category_product>
<category_product><id_category><![CDATA[274]]></id_category>
<id_product><![CDATA[3055]]></id_product>
<position><![CDATA[5]]></position>
</category_product>
<category_product><id_category><![CDATA[275]]></id_category>
<id_product><![CDATA[70]]></id_product>
<position><![CDATA[0]]></position>
</category_product>
<category_product><id_category><![CDATA[275]]></id_category>
<id_product><![CDATA[73]]></id_product>
<position><![CDATA[1]]></position>
</category_product>
<category_product><id_category><![CDATA[275]]></id_category>
<id_product><![CDATA[79]]></id_product>
<position><![CDATA[2]]></position>
</category_product>
<category_product><id_category><![CDATA[275]]></id_category>
<id_product><![CDATA[82]]></id_product>
<position><![CDATA[3]]></position>
</category_product>
<category_product><id_category><![CDATA[275]]></id_category>
<id_product><![CDATA[85]]></id_product>
<position><![CDATA[4]]></position>
</category_product>
<category_product><id_category><![CDATA[275]]></id_category>
<id_product><![CDATA[88]]></id_product>
<position><![CDATA[5]]></position>
</category_product>
<category_product><id_category><![CDATA[275]]></id_category>
<id_product><![CDATA[92]]></id_product>
<position><![CDATA[6]]></position>
</category_product>
<category_product><id_category><![CDATA[275]]></id_category>
<id_product><![CDATA[95]]></id_product>
<position><![CDATA[7]]></position>
</category_product>
<category_product><id_category><![CDATA[275]]></id_category>
<id_product><![CDATA[98]]></id_product>
<position><![CDATA[8]]></position>
</category_product>
<category_product><id_category><![CDATA[275]]></id_category>
<id_product><![CDATA[101]]></id_product>
<position><![CDATA[9]]></position>
</category_product>
<category_product><id_category><![CDATA[275]]></id_category>
<id_product><![CDATA[104]]></id_product>
<position><![CDATA[10]]></position>
</category_product>
<category_product><id_category><![CDATA[275]]></id_category>
<id_product><![CDATA[107]]></id_product>
<position><![CDATA[11]]></position>
</category_product>
<category_product><id_category><![CDATA[275]]></id_category>
<id_product><![CDATA[113]]></id_product>
<position><![CDATA[12]]></position>
</category_product>
<category_product><id_category><![CDATA[275]]></id_category>
<id_product><![CDATA[116]]></id_product>
<position><![CDATA[13]]></position>
</category_product>
<category_product><id_category><![CDATA[275]]></id_category>
<id_product><![CDATA[14]]></id_product>
<position><![CDATA[14]]></position>
</category_product>
<category_product><id_category><![CDATA[275]]></id_category>
<id_product><![CDATA[17]]></id_product>
<position><![CDATA[15]]></position>
</category_product>
<category_product><id_category><![CDATA[275]]></id_category>
<id_product><![CDATA[20]]></id_product>
<position><![CDATA[16]]></position>
</category_product>
<category_product><id_category><![CDATA[275]]></id_category>
<id_product><![CDATA[23]]></id_product>
<position><![CDATA[17]]></position>
</category_product>
<category_product><id_category><![CDATA[275]]></id_category>
<id_product><![CDATA[30]]></id_product>
<position><![CDATA[18]]></position>
</category_product>
<category_product><id_category><![CDATA[275]]></id_category>
<id_product><![CDATA[34]]></id_product>
<position><![CDATA[19]]></position>
</category_product>
<category_product><id_category><![CDATA[275]]></id_category>
<id_product><![CDATA[35]]></id_product>
<position><![CDATA[20]]></position>
</category_product>
<category_product><id_category><![CDATA[275]]></id_category>
<id_product><![CDATA[40]]></id_product>
<position><![CDATA[21]]></position>
</category_product>
<category_product><id_category><![CDATA[275]]></id_category>
<id_product><![CDATA[44]]></id_product>
<position><![CDATA[22]]></position>
</category_product>
<category_product><id_category><![CDATA[275]]></id_category>
<id_product><![CDATA[47]]></id_product>
<position><![CDATA[23]]></position>
</category_product>
<category_product><id_category><![CDATA[275]]></id_category>
<id_product><![CDATA[51]]></id_product>
<position><![CDATA[24]]></position>
</category_product>
<category_product><id_category><![CDATA[275]]></id_category>
<id_product><![CDATA[54]]></id_product>
<position><![CDATA[25]]></position>
</category_product>
<category_product><id_category><![CDATA[275]]></id_category>
<id_product><![CDATA[58]]></id_product>
<position><![CDATA[26]]></position>
</category_product>
<category_product><id_category><![CDATA[275]]></id_category>
<id_product><![CDATA[61]]></id_product>
<position><![CDATA[27]]></position>
</category_product>
<category_product><id_category><![CDATA[275]]></id_category>
<id_product><![CDATA[64]]></id_product>
<position><![CDATA[28]]></position>
</category_product>
<category_product><id_category><![CDATA[275]]></id_category>
<id_product><![CDATA[67]]></id_product>
<position><![CDATA[29]]></position>
</category_product>
<category_product><id_category><![CDATA[275]]></id_category>
<id_product><![CDATA[76]]></id_product>
<position><![CDATA[30]]></position>
</category_product>
<category_product><id_category><![CDATA[275]]></id_category>
<id_product><![CDATA[251]]></id_product>
<position><![CDATA[31]]></position>
</category_product>
<category_product><id_category><![CDATA[275]]></id_category>
<id_product><![CDATA[257]]></id_product>
<position><![CDATA[32]]></position>
</category_product>
<category_product><id_category><![CDATA[275]]></id_category>
<id_product><![CDATA[262]]></id_product>
<position><![CDATA[33]]></position>
</category_product>
<category_product><id_category><![CDATA[275]]></id_category>
<id_product><![CDATA[268]]></id_product>
<position><![CDATA[34]]></position>
</category_product>
<category_product><id_category><![CDATA[275]]></id_category>
<id_product><![CDATA[278]]></id_product>
<position><![CDATA[35]]></position>
</category_product>
<category_product><id_category><![CDATA[275]]></id_category>
<id_product><![CDATA[285]]></id_product>
<position><![CDATA[36]]></position>
</category_product>
<category_product><id_category><![CDATA[275]]></id_category>
<id_product><![CDATA[290]]></id_product>
<position><![CDATA[37]]></position>
</category_product>
<category_product><id_category><![CDATA[275]]></id_category>
<id_product><![CDATA[294]]></id_product>
<position><![CDATA[38]]></position>
</category_product>
<category_product><id_category><![CDATA[275]]></id_category>
<id_product><![CDATA[299]]></id_product>
<position><![CDATA[39]]></position>
</category_product>
<category_product><id_category><![CDATA[275]]></id_category>
<id_product><![CDATA[304]]></id_product>
<position><![CDATA[40]]></position>
</category_product>
<category_product><id_category><![CDATA[275]]></id_category>
<id_product><![CDATA[309]]></id_product>
<position><![CDATA[41]]></position>
</category_product>
<category_product><id_category><![CDATA[275]]></id_category>
<id_product><![CDATA[313]]></id_product>
<position><![CDATA[42]]></position>
</category_product>
<category_product><id_category><![CDATA[275]]></id_category>
<id_product><![CDATA[315]]></id_product>
<position><![CDATA[43]]></position>
</category_product>
<category_product><id_category><![CDATA[275]]></id_category>
<id_product><![CDATA[318]]></id_product>
<position><![CDATA[44]]></position>
</category_product>
<category_product><id_category><![CDATA[275]]></id_category>
<id_product><![CDATA[321]]></id_product>
<position><![CDATA[45]]></position>
</category_product>
<category_product><id_category><![CDATA[275]]></id_category>
<id_product><![CDATA[324]]></id_product>
<position><![CDATA[46]]></position>
</category_product>
<category_product><id_category><![CDATA[275]]></id_category>
<id_product><![CDATA[331]]></id_product>
<position><![CDATA[47]]></position>
</category_product>
<category_product><id_category><![CDATA[275]]></id_category>
<id_product><![CDATA[332]]></id_product>
<position><![CDATA[48]]></position>
</category_product>
<category_product><id_category><![CDATA[275]]></id_category>
<id_product><![CDATA[335]]></id_product>
<position><![CDATA[49]]></position>
</category_product>
<category_product><id_category><![CDATA[275]]></id_category>
<id_product><![CDATA[338]]></id_product>
<position><![CDATA[50]]></position>
</category_product>
<category_product><id_category><![CDATA[275]]></id_category>
<id_product><![CDATA[341]]></id_product>
<position><![CDATA[51]]></position>
</category_product>
<category_product><id_category><![CDATA[275]]></id_category>
<id_product><![CDATA[344]]></id_product>
<position><![CDATA[52]]></position>
</category_product>
<category_product><id_category><![CDATA[275]]></id_category>
<id_product><![CDATA[347]]></id_product>
<position><![CDATA[53]]></position>
</category_product>
<category_product><id_category><![CDATA[275]]></id_category>
<id_product><![CDATA[350]]></id_product>
<position><![CDATA[54]]></position>
</category_product>
<category_product><id_category><![CDATA[275]]></id_category>
<id_product><![CDATA[781]]></id_product>
<position><![CDATA[55]]></position>
</category_product>
<category_product><id_category><![CDATA[275]]></id_category>
<id_product><![CDATA[782]]></id_product>
<position><![CDATA[56]]></position>
</category_product>
<category_product><id_category><![CDATA[275]]></id_category>
<id_product><![CDATA[783]]></id_product>
<position><![CDATA[57]]></position>
</category_product>
<category_product><id_category><![CDATA[275]]></id_category>
<id_product><![CDATA[784]]></id_product>
<position><![CDATA[58]]></position>
</category_product>
<category_product><id_category><![CDATA[275]]></id_category>
<id_product><![CDATA[797]]></id_product>
<position><![CDATA[59]]></position>
</category_product>
<category_product><id_category><![CDATA[275]]></id_category>
<id_product><![CDATA[798]]></id_product>
<position><![CDATA[60]]></position>
</category_product>
<category_product><id_category><![CDATA[275]]></id_category>
<id_product><![CDATA[799]]></id_product>
<position><![CDATA[61]]></position>
</category_product>
<category_product><id_category><![CDATA[275]]></id_category>
<id_product><![CDATA[4080]]></id_product>
<position><![CDATA[62]]></position>
</category_product>
<category_product><id_category><![CDATA[275]]></id_category>
<id_product><![CDATA[4083]]></id_product>
<position><![CDATA[63]]></position>
</category_product>
<category_product><id_category><![CDATA[275]]></id_category>
<id_product><![CDATA[4126]]></id_product>
<position><![CDATA[64]]></position>
</category_product>
<category_product><id_category><![CDATA[275]]></id_category>
<id_product><![CDATA[4156]]></id_product>
<position><![CDATA[65]]></position>
</category_product>
<category_product><id_category><![CDATA[275]]></id_category>
<id_product><![CDATA[4157]]></id_product>
<position><![CDATA[66]]></position>
</category_product>
<category_product><id_category><![CDATA[275]]></id_category>
<id_product><![CDATA[4161]]></id_product>
<position><![CDATA[67]]></position>
</category_product>
<category_product><id_category><![CDATA[275]]></id_category>
<id_product><![CDATA[4162]]></id_product>
<position><![CDATA[68]]></position>
</category_product>
<category_product><id_category><![CDATA[276]]></id_category>
<id_product><![CDATA[665]]></id_product>
<position><![CDATA[44]]></position>
</category_product>
<category_product><id_category><![CDATA[276]]></id_category>
<id_product><![CDATA[666]]></id_product>
<position><![CDATA[45]]></position>
</category_product>
<category_product><id_category><![CDATA[276]]></id_category>
<id_product><![CDATA[667]]></id_product>
<position><![CDATA[46]]></position>
</category_product>
<category_product><id_category><![CDATA[276]]></id_category>
<id_product><![CDATA[668]]></id_product>
<position><![CDATA[47]]></position>
</category_product>
<category_product><id_category><![CDATA[276]]></id_category>
<id_product><![CDATA[669]]></id_product>
<position><![CDATA[48]]></position>
</category_product>
<category_product><id_category><![CDATA[276]]></id_category>
<id_product><![CDATA[670]]></id_product>
<position><![CDATA[49]]></position>
</category_product>
<category_product><id_category><![CDATA[276]]></id_category>
<id_product><![CDATA[672]]></id_product>
<position><![CDATA[50]]></position>
</category_product>
<category_product><id_category><![CDATA[276]]></id_category>
<id_product><![CDATA[674]]></id_product>
<position><![CDATA[51]]></position>
</category_product>
<category_product><id_category><![CDATA[276]]></id_category>
<id_product><![CDATA[675]]></id_product>
<position><![CDATA[52]]></position>
</category_product>
<category_product><id_category><![CDATA[276]]></id_category>
<id_product><![CDATA[676]]></id_product>
<position><![CDATA[53]]></position>
</category_product>
<category_product><id_category><![CDATA[276]]></id_category>
<id_product><![CDATA[677]]></id_product>
<position><![CDATA[54]]></position>
</category_product>
<category_product><id_category><![CDATA[276]]></id_category>
<id_product><![CDATA[678]]></id_product>
<position><![CDATA[55]]></position>
</category_product>
<category_product><id_category><![CDATA[276]]></id_category>
<id_product><![CDATA[679]]></id_product>
<position><![CDATA[56]]></position>
</category_product>
<category_product><id_category><![CDATA[276]]></id_category>
<id_product><![CDATA[680]]></id_product>
<position><![CDATA[57]]></position>
</category_product>
<category_product><id_category><![CDATA[276]]></id_category>
<id_product><![CDATA[682]]></id_product>
<position><![CDATA[58]]></position>
</category_product>
<category_product><id_category><![CDATA[276]]></id_category>
<id_product><![CDATA[683]]></id_product>
<position><![CDATA[59]]></position>
</category_product>
<category_product><id_category><![CDATA[276]]></id_category>
<id_product><![CDATA[684]]></id_product>
<position><![CDATA[60]]></position>
</category_product>
<category_product><id_category><![CDATA[276]]></id_category>
<id_product><![CDATA[685]]></id_product>
<position><![CDATA[61]]></position>
</category_product>
<category_product><id_category><![CDATA[276]]></id_category>
<id_product><![CDATA[686]]></id_product>
<position><![CDATA[62]]></position>
</category_product>
<category_product><id_category><![CDATA[276]]></id_category>
<id_product><![CDATA[687]]></id_product>
<position><![CDATA[63]]></position>
</category_product>
<category_product><id_category><![CDATA[276]]></id_category>
<id_product><![CDATA[688]]></id_product>
<position><![CDATA[64]]></position>
</category_product>
<category_product><id_category><![CDATA[276]]></id_category>
<id_product><![CDATA[689]]></id_product>
<position><![CDATA[65]]></position>
</category_product>
<category_product><id_category><![CDATA[276]]></id_category>
<id_product><![CDATA[690]]></id_product>
<position><![CDATA[66]]></position>
</category_product>
<category_product><id_category><![CDATA[276]]></id_category>
<id_product><![CDATA[691]]></id_product>
<position><![CDATA[67]]></position>
</category_product>
<category_product><id_category><![CDATA[276]]></id_category>
<id_product><![CDATA[692]]></id_product>
<position><![CDATA[68]]></position>
</category_product>
<category_product><id_category><![CDATA[276]]></id_category>
<id_product><![CDATA[693]]></id_product>
<position><![CDATA[69]]></position>
</category_product>
<category_product><id_category><![CDATA[276]]></id_category>
<id_product><![CDATA[694]]></id_product>
<position><![CDATA[70]]></position>
</category_product>
<category_product><id_category><![CDATA[276]]></id_category>
<id_product><![CDATA[696]]></id_product>
<position><![CDATA[71]]></position>
</category_product>
<category_product><id_category><![CDATA[276]]></id_category>
<id_product><![CDATA[698]]></id_product>
<position><![CDATA[72]]></position>
</category_product>
</entity_profile>
