<?xml version="1.0" encoding="UTF-8"?>
<entity_profile>
<category_product><id_category><![CDATA[2]]></id_category>
<id_product><![CDATA[0]]></id_product>
<position><![CDATA[0]]></position>
</category_product>
<category_product><id_category><![CDATA[2]]></id_category>
<id_product><![CDATA[4697]]></id_product>
<position><![CDATA[0]]></position>
</category_product>
<category_product><id_category><![CDATA[2]]></id_category>
<id_product><![CDATA[4698]]></id_product>
<position><![CDATA[0]]></position>
</category_product>
<category_product><id_category><![CDATA[2]]></id_category>
<id_product><![CDATA[4699]]></id_product>
<position><![CDATA[0]]></position>
</category_product>
<category_product><id_category><![CDATA[2]]></id_category>
<id_product><![CDATA[4700]]></id_product>
<position><![CDATA[0]]></position>
</category_product>
<category_product><id_category><![CDATA[2]]></id_category>
<id_product><![CDATA[4701]]></id_product>
<position><![CDATA[0]]></position>
</category_product>
<category_product><id_category><![CDATA[2]]></id_category>
<id_product><![CDATA[4702]]></id_product>
<position><![CDATA[0]]></position>
</category_product>
<category_product><id_category><![CDATA[2]]></id_category>
<id_product><![CDATA[4703]]></id_product>
<position><![CDATA[0]]></position>
</category_product>
<category_product><id_category><![CDATA[2]]></id_category>
<id_product><![CDATA[4704]]></id_product>
<position><![CDATA[0]]></position>
</category_product>
<category_product><id_category><![CDATA[2]]></id_category>
<id_product><![CDATA[4705]]></id_product>
<position><![CDATA[0]]></position>
</category_product>
<category_product><id_category><![CDATA[2]]></id_category>
<id_product><![CDATA[4706]]></id_product>
<position><![CDATA[0]]></position>
</category_product>
<category_product><id_category><![CDATA[2]]></id_category>
<id_product><![CDATA[4707]]></id_product>
<position><![CDATA[0]]></position>
</category_product>
<category_product><id_category><![CDATA[2]]></id_category>
<id_product><![CDATA[4708]]></id_product>
<position><![CDATA[0]]></position>
</category_product>
<category_product><id_category><![CDATA[2]]></id_category>
<id_product><![CDATA[4709]]></id_product>
<position><![CDATA[0]]></position>
</category_product>
<category_product><id_category><![CDATA[2]]></id_category>
<id_product><![CDATA[4710]]></id_product>
<position><![CDATA[0]]></position>
</category_product>
<category_product><id_category><![CDATA[2]]></id_category>
<id_product><![CDATA[4711]]></id_product>
<position><![CDATA[0]]></position>
</category_product>
<category_product><id_category><![CDATA[2]]></id_category>
<id_product><![CDATA[4712]]></id_product>
<position><![CDATA[0]]></position>
</category_product>
<category_product><id_category><![CDATA[2]]></id_category>
<id_product><![CDATA[4713]]></id_product>
<position><![CDATA[0]]></position>
</category_product>
<category_product><id_category><![CDATA[2]]></id_category>
<id_product><![CDATA[4714]]></id_product>
<position><![CDATA[0]]></position>
</category_product>
<category_product><id_category><![CDATA[2]]></id_category>
<id_product><![CDATA[4715]]></id_product>
<position><![CDATA[0]]></position>
</category_product>
<category_product><id_category><![CDATA[2]]></id_category>
<id_product><![CDATA[4716]]></id_product>
<position><![CDATA[0]]></position>
</category_product>
<category_product><id_category><![CDATA[2]]></id_category>
<id_product><![CDATA[4717]]></id_product>
<position><![CDATA[0]]></position>
</category_product>
<category_product><id_category><![CDATA[2]]></id_category>
<id_product><![CDATA[4718]]></id_product>
<position><![CDATA[0]]></position>
</category_product>
<category_product><id_category><![CDATA[2]]></id_category>
<id_product><![CDATA[4719]]></id_product>
<position><![CDATA[0]]></position>
</category_product>
<category_product><id_category><![CDATA[2]]></id_category>
<id_product><![CDATA[4720]]></id_product>
<position><![CDATA[0]]></position>
</category_product>
<category_product><id_category><![CDATA[2]]></id_category>
<id_product><![CDATA[4721]]></id_product>
<position><![CDATA[0]]></position>
</category_product>
<category_product><id_category><![CDATA[2]]></id_category>
<id_product><![CDATA[4722]]></id_product>
<position><![CDATA[0]]></position>
</category_product>
<category_product><id_category><![CDATA[2]]></id_category>
<id_product><![CDATA[4723]]></id_product>
<position><![CDATA[0]]></position>
</category_product>
<category_product><id_category><![CDATA[2]]></id_category>
<id_product><![CDATA[4724]]></id_product>
<position><![CDATA[0]]></position>
</category_product>
<category_product><id_category><![CDATA[2]]></id_category>
<id_product><![CDATA[4725]]></id_product>
<position><![CDATA[0]]></position>
</category_product>
<category_product><id_category><![CDATA[2]]></id_category>
<id_product><![CDATA[4726]]></id_product>
<position><![CDATA[0]]></position>
</category_product>
<category_product><id_category><![CDATA[2]]></id_category>
<id_product><![CDATA[4727]]></id_product>
<position><![CDATA[0]]></position>
</category_product>
<category_product><id_category><![CDATA[2]]></id_category>
<id_product><![CDATA[4728]]></id_product>
<position><![CDATA[0]]></position>
</category_product>
<category_product><id_category><![CDATA[2]]></id_category>
<id_product><![CDATA[4729]]></id_product>
<position><![CDATA[0]]></position>
</category_product>
<category_product><id_category><![CDATA[2]]></id_category>
<id_product><![CDATA[4730]]></id_product>
<position><![CDATA[0]]></position>
</category_product>
<category_product><id_category><![CDATA[2]]></id_category>
<id_product><![CDATA[4731]]></id_product>
<position><![CDATA[0]]></position>
</category_product>
<category_product><id_category><![CDATA[2]]></id_category>
<id_product><![CDATA[4732]]></id_product>
<position><![CDATA[0]]></position>
</category_product>
<category_product><id_category><![CDATA[2]]></id_category>
<id_product><![CDATA[4733]]></id_product>
<position><![CDATA[0]]></position>
</category_product>
<category_product><id_category><![CDATA[2]]></id_category>
<id_product><![CDATA[4734]]></id_product>
<position><![CDATA[0]]></position>
</category_product>
<category_product><id_category><![CDATA[2]]></id_category>
<id_product><![CDATA[4735]]></id_product>
<position><![CDATA[0]]></position>
</category_product>
<category_product><id_category><![CDATA[2]]></id_category>
<id_product><![CDATA[4736]]></id_product>
<position><![CDATA[0]]></position>
</category_product>
<category_product><id_category><![CDATA[2]]></id_category>
<id_product><![CDATA[4737]]></id_product>
<position><![CDATA[0]]></position>
</category_product>
<category_product><id_category><![CDATA[2]]></id_category>
<id_product><![CDATA[4738]]></id_product>
<position><![CDATA[0]]></position>
</category_product>
<category_product><id_category><![CDATA[2]]></id_category>
<id_product><![CDATA[4739]]></id_product>
<position><![CDATA[0]]></position>
</category_product>
<category_product><id_category><![CDATA[2]]></id_category>
<id_product><![CDATA[4740]]></id_product>
<position><![CDATA[0]]></position>
</category_product>
<category_product><id_category><![CDATA[2]]></id_category>
<id_product><![CDATA[4741]]></id_product>
<position><![CDATA[0]]></position>
</category_product>
<category_product><id_category><![CDATA[2]]></id_category>
<id_product><![CDATA[4742]]></id_product>
<position><![CDATA[0]]></position>
</category_product>
<category_product><id_category><![CDATA[2]]></id_category>
<id_product><![CDATA[4743]]></id_product>
<position><![CDATA[0]]></position>
</category_product>
<category_product><id_category><![CDATA[2]]></id_category>
<id_product><![CDATA[4744]]></id_product>
<position><![CDATA[0]]></position>
</category_product>
<category_product><id_category><![CDATA[2]]></id_category>
<id_product><![CDATA[4745]]></id_product>
<position><![CDATA[0]]></position>
</category_product>
<category_product><id_category><![CDATA[2]]></id_category>
<id_product><![CDATA[4746]]></id_product>
<position><![CDATA[0]]></position>
</category_product>
<category_product><id_category><![CDATA[2]]></id_category>
<id_product><![CDATA[4747]]></id_product>
<position><![CDATA[0]]></position>
</category_product>
<category_product><id_category><![CDATA[2]]></id_category>
<id_product><![CDATA[4695]]></id_product>
<position><![CDATA[1]]></position>
</category_product>
<category_product><id_category><![CDATA[2]]></id_category>
<id_product><![CDATA[4696]]></id_product>
<position><![CDATA[2]]></position>
</category_product>
<category_product><id_category><![CDATA[2]]></id_category>
<id_product><![CDATA[30]]></id_product>
<position><![CDATA[3]]></position>
</category_product>
<category_product><id_category><![CDATA[2]]></id_category>
<id_product><![CDATA[34]]></id_product>
<position><![CDATA[4]]></position>
</category_product>
<category_product><id_category><![CDATA[2]]></id_category>
<id_product><![CDATA[35]]></id_product>
<position><![CDATA[5]]></position>
</category_product>
<category_product><id_category><![CDATA[2]]></id_category>
<id_product><![CDATA[40]]></id_product>
<position><![CDATA[6]]></position>
</category_product>
<category_product><id_category><![CDATA[2]]></id_category>
<id_product><![CDATA[44]]></id_product>
<position><![CDATA[7]]></position>
</category_product>
<category_product><id_category><![CDATA[2]]></id_category>
<id_product><![CDATA[47]]></id_product>
<position><![CDATA[8]]></position>
</category_product>
<category_product><id_category><![CDATA[2]]></id_category>
<id_product><![CDATA[51]]></id_product>
<position><![CDATA[9]]></position>
</category_product>
<category_product><id_category><![CDATA[2]]></id_category>
<id_product><![CDATA[54]]></id_product>
<position><![CDATA[10]]></position>
</category_product>
<category_product><id_category><![CDATA[2]]></id_category>
<id_product><![CDATA[58]]></id_product>
<position><![CDATA[11]]></position>
</category_product>
<category_product><id_category><![CDATA[2]]></id_category>
<id_product><![CDATA[61]]></id_product>
<position><![CDATA[12]]></position>
</category_product>
<category_product><id_category><![CDATA[2]]></id_category>
<id_product><![CDATA[64]]></id_product>
<position><![CDATA[13]]></position>
</category_product>
<category_product><id_category><![CDATA[2]]></id_category>
<id_product><![CDATA[67]]></id_product>
<position><![CDATA[14]]></position>
</category_product>
<category_product><id_category><![CDATA[2]]></id_category>
<id_product><![CDATA[70]]></id_product>
<position><![CDATA[15]]></position>
</category_product>
<category_product><id_category><![CDATA[2]]></id_category>
<id_product><![CDATA[73]]></id_product>
<position><![CDATA[16]]></position>
</category_product>
<category_product><id_category><![CDATA[2]]></id_category>
<id_product><![CDATA[76]]></id_product>
<position><![CDATA[17]]></position>
</category_product>
<category_product><id_category><![CDATA[2]]></id_category>
<id_product><![CDATA[79]]></id_product>
<position><![CDATA[18]]></position>
</category_product>
<category_product><id_category><![CDATA[2]]></id_category>
<id_product><![CDATA[82]]></id_product>
<position><![CDATA[19]]></position>
</category_product>
<category_product><id_category><![CDATA[2]]></id_category>
<id_product><![CDATA[85]]></id_product>
<position><![CDATA[20]]></position>
</category_product>
<category_product><id_category><![CDATA[2]]></id_category>
<id_product><![CDATA[88]]></id_product>
<position><![CDATA[21]]></position>
</category_product>
<category_product><id_category><![CDATA[2]]></id_category>
<id_product><![CDATA[92]]></id_product>
<position><![CDATA[22]]></position>
</category_product>
<category_product><id_category><![CDATA[2]]></id_category>
<id_product><![CDATA[95]]></id_product>
<position><![CDATA[23]]></position>
</category_product>
<category_product><id_category><![CDATA[2]]></id_category>
<id_product><![CDATA[98]]></id_product>
<position><![CDATA[24]]></position>
</category_product>
<category_product><id_category><![CDATA[2]]></id_category>
<id_product><![CDATA[101]]></id_product>
<position><![CDATA[25]]></position>
</category_product>
<category_product><id_category><![CDATA[2]]></id_category>
<id_product><![CDATA[104]]></id_product>
<position><![CDATA[26]]></position>
</category_product>
<category_product><id_category><![CDATA[2]]></id_category>
<id_product><![CDATA[107]]></id_product>
<position><![CDATA[27]]></position>
</category_product>
<category_product><id_category><![CDATA[2]]></id_category>
<id_product><![CDATA[113]]></id_product>
<position><![CDATA[28]]></position>
</category_product>
<category_product><id_category><![CDATA[2]]></id_category>
<id_product><![CDATA[116]]></id_product>
<position><![CDATA[29]]></position>
</category_product>
<category_product><id_category><![CDATA[2]]></id_category>
<id_product><![CDATA[119]]></id_product>
<position><![CDATA[30]]></position>
</category_product>
<category_product><id_category><![CDATA[2]]></id_category>
<id_product><![CDATA[122]]></id_product>
<position><![CDATA[31]]></position>
</category_product>
<category_product><id_category><![CDATA[2]]></id_category>
<id_product><![CDATA[123]]></id_product>
<position><![CDATA[32]]></position>
</category_product>
<category_product><id_category><![CDATA[2]]></id_category>
<id_product><![CDATA[125]]></id_product>
<position><![CDATA[33]]></position>
</category_product>
<category_product><id_category><![CDATA[2]]></id_category>
<id_product><![CDATA[128]]></id_product>
<position><![CDATA[34]]></position>
</category_product>
<category_product><id_category><![CDATA[2]]></id_category>
<id_product><![CDATA[129]]></id_product>
<position><![CDATA[35]]></position>
</category_product>
<category_product><id_category><![CDATA[2]]></id_category>
<id_product><![CDATA[130]]></id_product>
<position><![CDATA[36]]></position>
</category_product>
<category_product><id_category><![CDATA[2]]></id_category>
<id_product><![CDATA[131]]></id_product>
<position><![CDATA[37]]></position>
</category_product>
<category_product><id_category><![CDATA[2]]></id_category>
<id_product><![CDATA[133]]></id_product>
<position><![CDATA[38]]></position>
</category_product>
<category_product><id_category><![CDATA[2]]></id_category>
<id_product><![CDATA[134]]></id_product>
<position><![CDATA[39]]></position>
</category_product>
<category_product><id_category><![CDATA[2]]></id_category>
<id_product><![CDATA[135]]></id_product>
<position><![CDATA[40]]></position>
</category_product>
<category_product><id_category><![CDATA[2]]></id_category>
<id_product><![CDATA[138]]></id_product>
<position><![CDATA[41]]></position>
</category_product>
<category_product><id_category><![CDATA[2]]></id_category>
<id_product><![CDATA[139]]></id_product>
<position><![CDATA[42]]></position>
</category_product>
<category_product><id_category><![CDATA[2]]></id_category>
<id_product><![CDATA[140]]></id_product>
<position><![CDATA[43]]></position>
</category_product>
<category_product><id_category><![CDATA[2]]></id_category>
<id_product><![CDATA[141]]></id_product>
<position><![CDATA[44]]></position>
</category_product>
<category_product><id_category><![CDATA[2]]></id_category>
<id_product><![CDATA[142]]></id_product>
<position><![CDATA[45]]></position>
</category_product>
<category_product><id_category><![CDATA[2]]></id_category>
<id_product><![CDATA[143]]></id_product>
<position><![CDATA[46]]></position>
</category_product>
<category_product><id_category><![CDATA[2]]></id_category>
<id_product><![CDATA[144]]></id_product>
<position><![CDATA[47]]></position>
</category_product>
<category_product><id_category><![CDATA[2]]></id_category>
<id_product><![CDATA[145]]></id_product>
<position><![CDATA[48]]></position>
</category_product>
<category_product><id_category><![CDATA[2]]></id_category>
<id_product><![CDATA[146]]></id_product>
<position><![CDATA[49]]></position>
</category_product>
<category_product><id_category><![CDATA[2]]></id_category>
<id_product><![CDATA[147]]></id_product>
<position><![CDATA[50]]></position>
</category_product>
<category_product><id_category><![CDATA[2]]></id_category>
<id_product><![CDATA[148]]></id_product>
<position><![CDATA[51]]></position>
</category_product>
<category_product><id_category><![CDATA[2]]></id_category>
<id_product><![CDATA[149]]></id_product>
<position><![CDATA[52]]></position>
</category_product>
<category_product><id_category><![CDATA[2]]></id_category>
<id_product><![CDATA[150]]></id_product>
<position><![CDATA[53]]></position>
</category_product>
<category_product><id_category><![CDATA[2]]></id_category>
<id_product><![CDATA[151]]></id_product>
<position><![CDATA[54]]></position>
</category_product>
<category_product><id_category><![CDATA[2]]></id_category>
<id_product><![CDATA[152]]></id_product>
<position><![CDATA[55]]></position>
</category_product>
<category_product><id_category><![CDATA[2]]></id_category>
<id_product><![CDATA[153]]></id_product>
<position><![CDATA[56]]></position>
</category_product>
<category_product><id_category><![CDATA[2]]></id_category>
<id_product><![CDATA[154]]></id_product>
<position><![CDATA[57]]></position>
</category_product>
<category_product><id_category><![CDATA[2]]></id_category>
<id_product><![CDATA[155]]></id_product>
<position><![CDATA[58]]></position>
</category_product>
<category_product><id_category><![CDATA[2]]></id_category>
<id_product><![CDATA[156]]></id_product>
<position><![CDATA[59]]></position>
</category_product>
<category_product><id_category><![CDATA[2]]></id_category>
<id_product><![CDATA[157]]></id_product>
<position><![CDATA[60]]></position>
</category_product>
<category_product><id_category><![CDATA[2]]></id_category>
<id_product><![CDATA[158]]></id_product>
<position><![CDATA[61]]></position>
</category_product>
<category_product><id_category><![CDATA[2]]></id_category>
<id_product><![CDATA[159]]></id_product>
<position><![CDATA[62]]></position>
</category_product>
<category_product><id_category><![CDATA[2]]></id_category>
<id_product><![CDATA[160]]></id_product>
<position><![CDATA[63]]></position>
</category_product>
<category_product><id_category><![CDATA[2]]></id_category>
<id_product><![CDATA[161]]></id_product>
<position><![CDATA[64]]></position>
</category_product>
<category_product><id_category><![CDATA[2]]></id_category>
<id_product><![CDATA[162]]></id_product>
<position><![CDATA[65]]></position>
</category_product>
<category_product><id_category><![CDATA[2]]></id_category>
<id_product><![CDATA[163]]></id_product>
<position><![CDATA[66]]></position>
</category_product>
<category_product><id_category><![CDATA[2]]></id_category>
<id_product><![CDATA[164]]></id_product>
<position><![CDATA[67]]></position>
</category_product>
<category_product><id_category><![CDATA[2]]></id_category>
<id_product><![CDATA[165]]></id_product>
<position><![CDATA[68]]></position>
</category_product>
<category_product><id_category><![CDATA[2]]></id_category>
<id_product><![CDATA[166]]></id_product>
<position><![CDATA[69]]></position>
</category_product>
<category_product><id_category><![CDATA[2]]></id_category>
<id_product><![CDATA[167]]></id_product>
<position><![CDATA[70]]></position>
</category_product>
<category_product><id_category><![CDATA[2]]></id_category>
<id_product><![CDATA[168]]></id_product>
<position><![CDATA[71]]></position>
</category_product>
<category_product><id_category><![CDATA[2]]></id_category>
<id_product><![CDATA[169]]></id_product>
<position><![CDATA[72]]></position>
</category_product>
<category_product><id_category><![CDATA[2]]></id_category>
<id_product><![CDATA[170]]></id_product>
<position><![CDATA[73]]></position>
</category_product>
<category_product><id_category><![CDATA[2]]></id_category>
<id_product><![CDATA[171]]></id_product>
<position><![CDATA[74]]></position>
</category_product>
<category_product><id_category><![CDATA[2]]></id_category>
<id_product><![CDATA[172]]></id_product>
<position><![CDATA[75]]></position>
</category_product>
<category_product><id_category><![CDATA[2]]></id_category>
<id_product><![CDATA[173]]></id_product>
<position><![CDATA[76]]></position>
</category_product>
<category_product><id_category><![CDATA[2]]></id_category>
<id_product><![CDATA[174]]></id_product>
<position><![CDATA[77]]></position>
</category_product>
<category_product><id_category><![CDATA[2]]></id_category>
<id_product><![CDATA[175]]></id_product>
<position><![CDATA[78]]></position>
</category_product>
<category_product><id_category><![CDATA[2]]></id_category>
<id_product><![CDATA[178]]></id_product>
<position><![CDATA[79]]></position>
</category_product>
<category_product><id_category><![CDATA[2]]></id_category>
<id_product><![CDATA[179]]></id_product>
<position><![CDATA[80]]></position>
</category_product>
<category_product><id_category><![CDATA[2]]></id_category>
<id_product><![CDATA[180]]></id_product>
<position><![CDATA[81]]></position>
</category_product>
<category_product><id_category><![CDATA[2]]></id_category>
<id_product><![CDATA[181]]></id_product>
<position><![CDATA[82]]></position>
</category_product>
<category_product><id_category><![CDATA[2]]></id_category>
<id_product><![CDATA[182]]></id_product>
<position><![CDATA[83]]></position>
</category_product>
<category_product><id_category><![CDATA[2]]></id_category>
<id_product><![CDATA[183]]></id_product>
<position><![CDATA[84]]></position>
</category_product>
<category_product><id_category><![CDATA[2]]></id_category>
<id_product><![CDATA[184]]></id_product>
<position><![CDATA[85]]></position>
</category_product>
<category_product><id_category><![CDATA[2]]></id_category>
<id_product><![CDATA[185]]></id_product>
<position><![CDATA[86]]></position>
</category_product>
<category_product><id_category><![CDATA[2]]></id_category>
<id_product><![CDATA[186]]></id_product>
<position><![CDATA[87]]></position>
</category_product>
<category_product><id_category><![CDATA[2]]></id_category>
<id_product><![CDATA[187]]></id_product>
<position><![CDATA[88]]></position>
</category_product>
<category_product><id_category><![CDATA[2]]></id_category>
<id_product><![CDATA[188]]></id_product>
<position><![CDATA[89]]></position>
</category_product>
<category_product><id_category><![CDATA[2]]></id_category>
<id_product><![CDATA[189]]></id_product>
<position><![CDATA[90]]></position>
</category_product>
<category_product><id_category><![CDATA[2]]></id_category>
<id_product><![CDATA[190]]></id_product>
<position><![CDATA[91]]></position>
</category_product>
<category_product><id_category><![CDATA[2]]></id_category>
<id_product><![CDATA[191]]></id_product>
<position><![CDATA[92]]></position>
</category_product>
<category_product><id_category><![CDATA[2]]></id_category>
<id_product><![CDATA[192]]></id_product>
<position><![CDATA[93]]></position>
</category_product>
<category_product><id_category><![CDATA[2]]></id_category>
<id_product><![CDATA[193]]></id_product>
<position><![CDATA[94]]></position>
</category_product>
<category_product><id_category><![CDATA[2]]></id_category>
<id_product><![CDATA[194]]></id_product>
<position><![CDATA[95]]></position>
</category_product>
<category_product><id_category><![CDATA[2]]></id_category>
<id_product><![CDATA[195]]></id_product>
<position><![CDATA[96]]></position>
</category_product>
<category_product><id_category><![CDATA[2]]></id_category>
<id_product><![CDATA[196]]></id_product>
<position><![CDATA[97]]></position>
</category_product>
<category_product><id_category><![CDATA[2]]></id_category>
<id_product><![CDATA[197]]></id_product>
<position><![CDATA[98]]></position>
</category_product>
<category_product><id_category><![CDATA[2]]></id_category>
<id_product><![CDATA[198]]></id_product>
<position><![CDATA[99]]></position>
</category_product>
<category_product><id_category><![CDATA[2]]></id_category>
<id_product><![CDATA[199]]></id_product>
<position><![CDATA[100]]></position>
</category_product>
<category_product><id_category><![CDATA[2]]></id_category>
<id_product><![CDATA[200]]></id_product>
<position><![CDATA[101]]></position>
</category_product>
<category_product><id_category><![CDATA[2]]></id_category>
<id_product><![CDATA[201]]></id_product>
<position><![CDATA[102]]></position>
</category_product>
<category_product><id_category><![CDATA[2]]></id_category>
<id_product><![CDATA[202]]></id_product>
<position><![CDATA[103]]></position>
</category_product>
<category_product><id_category><![CDATA[2]]></id_category>
<id_product><![CDATA[203]]></id_product>
<position><![CDATA[104]]></position>
</category_product>
<category_product><id_category><![CDATA[2]]></id_category>
<id_product><![CDATA[204]]></id_product>
<position><![CDATA[105]]></position>
</category_product>
<category_product><id_category><![CDATA[2]]></id_category>
<id_product><![CDATA[205]]></id_product>
<position><![CDATA[106]]></position>
</category_product>
<category_product><id_category><![CDATA[2]]></id_category>
<id_product><![CDATA[206]]></id_product>
<position><![CDATA[107]]></position>
</category_product>
<category_product><id_category><![CDATA[2]]></id_category>
<id_product><![CDATA[207]]></id_product>
<position><![CDATA[108]]></position>
</category_product>
<category_product><id_category><![CDATA[2]]></id_category>
<id_product><![CDATA[208]]></id_product>
<position><![CDATA[109]]></position>
</category_product>
<category_product><id_category><![CDATA[2]]></id_category>
<id_product><![CDATA[209]]></id_product>
<position><![CDATA[110]]></position>
</category_product>
<category_product><id_category><![CDATA[2]]></id_category>
<id_product><![CDATA[210]]></id_product>
<position><![CDATA[111]]></position>
</category_product>
<category_product><id_category><![CDATA[2]]></id_category>
<id_product><![CDATA[211]]></id_product>
<position><![CDATA[112]]></position>
</category_product>
<category_product><id_category><![CDATA[2]]></id_category>
<id_product><![CDATA[212]]></id_product>
<position><![CDATA[113]]></position>
</category_product>
<category_product><id_category><![CDATA[2]]></id_category>
<id_product><![CDATA[213]]></id_product>
<position><![CDATA[114]]></position>
</category_product>
<category_product><id_category><![CDATA[2]]></id_category>
<id_product><![CDATA[214]]></id_product>
<position><![CDATA[115]]></position>
</category_product>
<category_product><id_category><![CDATA[2]]></id_category>
<id_product><![CDATA[215]]></id_product>
<position><![CDATA[116]]></position>
</category_product>
<category_product><id_category><![CDATA[2]]></id_category>
<id_product><![CDATA[216]]></id_product>
<position><![CDATA[117]]></position>
</category_product>
<category_product><id_category><![CDATA[2]]></id_category>
<id_product><![CDATA[217]]></id_product>
<position><![CDATA[118]]></position>
</category_product>
<category_product><id_category><![CDATA[2]]></id_category>
<id_product><![CDATA[218]]></id_product>
<position><![CDATA[119]]></position>
</category_product>
<category_product><id_category><![CDATA[2]]></id_category>
<id_product><![CDATA[221]]></id_product>
<position><![CDATA[120]]></position>
</category_product>
<category_product><id_category><![CDATA[2]]></id_category>
<id_product><![CDATA[222]]></id_product>
<position><![CDATA[121]]></position>
</category_product>
<category_product><id_category><![CDATA[2]]></id_category>
<id_product><![CDATA[223]]></id_product>
<position><![CDATA[122]]></position>
</category_product>
<category_product><id_category><![CDATA[2]]></id_category>
<id_product><![CDATA[224]]></id_product>
<position><![CDATA[123]]></position>
</category_product>
<category_product><id_category><![CDATA[2]]></id_category>
<id_product><![CDATA[225]]></id_product>
<position><![CDATA[124]]></position>
</category_product>
<category_product><id_category><![CDATA[2]]></id_category>
<id_product><![CDATA[226]]></id_product>
<position><![CDATA[125]]></position>
</category_product>
<category_product><id_category><![CDATA[2]]></id_category>
<id_product><![CDATA[227]]></id_product>
<position><![CDATA[126]]></position>
</category_product>
<category_product><id_category><![CDATA[2]]></id_category>
<id_product><![CDATA[228]]></id_product>
<position><![CDATA[127]]></position>
</category_product>
<category_product><id_category><![CDATA[2]]></id_category>
<id_product><![CDATA[229]]></id_product>
<position><![CDATA[128]]></position>
</category_product>
<category_product><id_category><![CDATA[2]]></id_category>
<id_product><![CDATA[230]]></id_product>
<position><![CDATA[129]]></position>
</category_product>
<category_product><id_category><![CDATA[2]]></id_category>
<id_product><![CDATA[231]]></id_product>
<position><![CDATA[130]]></position>
</category_product>
<category_product><id_category><![CDATA[2]]></id_category>
<id_product><![CDATA[232]]></id_product>
<position><![CDATA[131]]></position>
</category_product>
<category_product><id_category><![CDATA[2]]></id_category>
<id_product><![CDATA[233]]></id_product>
<position><![CDATA[132]]></position>
</category_product>
<category_product><id_category><![CDATA[2]]></id_category>
<id_product><![CDATA[234]]></id_product>
<position><![CDATA[133]]></position>
</category_product>
<category_product><id_category><![CDATA[2]]></id_category>
<id_product><![CDATA[235]]></id_product>
<position><![CDATA[134]]></position>
</category_product>
<category_product><id_category><![CDATA[2]]></id_category>
<id_product><![CDATA[236]]></id_product>
<position><![CDATA[135]]></position>
</category_product>
<category_product><id_category><![CDATA[2]]></id_category>
<id_product><![CDATA[238]]></id_product>
<position><![CDATA[136]]></position>
</category_product>
<category_product><id_category><![CDATA[2]]></id_category>
<id_product><![CDATA[239]]></id_product>
<position><![CDATA[137]]></position>
</category_product>
<category_product><id_category><![CDATA[2]]></id_category>
<id_product><![CDATA[240]]></id_product>
<position><![CDATA[138]]></position>
</category_product>
<category_product><id_category><![CDATA[2]]></id_category>
<id_product><![CDATA[241]]></id_product>
<position><![CDATA[139]]></position>
</category_product>
<category_product><id_category><![CDATA[2]]></id_category>
<id_product><![CDATA[242]]></id_product>
<position><![CDATA[140]]></position>
</category_product>
<category_product><id_category><![CDATA[2]]></id_category>
<id_product><![CDATA[243]]></id_product>
<position><![CDATA[141]]></position>
</category_product>
<category_product><id_category><![CDATA[2]]></id_category>
<id_product><![CDATA[244]]></id_product>
<position><![CDATA[142]]></position>
</category_product>
<category_product><id_category><![CDATA[2]]></id_category>
<id_product><![CDATA[245]]></id_product>
<position><![CDATA[143]]></position>
</category_product>
<category_product><id_category><![CDATA[2]]></id_category>
<id_product><![CDATA[246]]></id_product>
<position><![CDATA[144]]></position>
</category_product>
<category_product><id_category><![CDATA[2]]></id_category>
<id_product><![CDATA[247]]></id_product>
<position><![CDATA[145]]></position>
</category_product>
<category_product><id_category><![CDATA[2]]></id_category>
<id_product><![CDATA[248]]></id_product>
<position><![CDATA[146]]></position>
</category_product>
<category_product><id_category><![CDATA[2]]></id_category>
<id_product><![CDATA[249]]></id_product>
<position><![CDATA[147]]></position>
</category_product>
<category_product><id_category><![CDATA[2]]></id_category>
<id_product><![CDATA[251]]></id_product>
<position><![CDATA[148]]></position>
</category_product>
<category_product><id_category><![CDATA[2]]></id_category>
<id_product><![CDATA[253]]></id_product>
<position><![CDATA[149]]></position>
</category_product>
<category_product><id_category><![CDATA[2]]></id_category>
<id_product><![CDATA[255]]></id_product>
<position><![CDATA[150]]></position>
</category_product>
<category_product><id_category><![CDATA[2]]></id_category>
<id_product><![CDATA[256]]></id_product>
<position><![CDATA[151]]></position>
</category_product>
<category_product><id_category><![CDATA[2]]></id_category>
<id_product><![CDATA[257]]></id_product>
<position><![CDATA[152]]></position>
</category_product>
<category_product><id_category><![CDATA[2]]></id_category>
<id_product><![CDATA[259]]></id_product>
<position><![CDATA[153]]></position>
</category_product>
<category_product><id_category><![CDATA[2]]></id_category>
<id_product><![CDATA[261]]></id_product>
<position><![CDATA[154]]></position>
</category_product>
<category_product><id_category><![CDATA[2]]></id_category>
<id_product><![CDATA[262]]></id_product>
<position><![CDATA[155]]></position>
</category_product>
<category_product><id_category><![CDATA[2]]></id_category>
<id_product><![CDATA[264]]></id_product>
<position><![CDATA[156]]></position>
</category_product>
<category_product><id_category><![CDATA[2]]></id_category>
<id_product><![CDATA[266]]></id_product>
<position><![CDATA[157]]></position>
</category_product>
<category_product><id_category><![CDATA[2]]></id_category>
<id_product><![CDATA[267]]></id_product>
<position><![CDATA[158]]></position>
</category_product>
<category_product><id_category><![CDATA[2]]></id_category>
<id_product><![CDATA[268]]></id_product>
<position><![CDATA[159]]></position>
</category_product>
<category_product><id_category><![CDATA[2]]></id_category>
<id_product><![CDATA[269]]></id_product>
<position><![CDATA[160]]></position>
</category_product>
<category_product><id_category><![CDATA[2]]></id_category>
<id_product><![CDATA[272]]></id_product>
<position><![CDATA[161]]></position>
</category_product>
<category_product><id_category><![CDATA[2]]></id_category>
<id_product><![CDATA[274]]></id_product>
<position><![CDATA[162]]></position>
</category_product>
<category_product><id_category><![CDATA[2]]></id_category>
<id_product><![CDATA[277]]></id_product>
<position><![CDATA[163]]></position>
</category_product>
<category_product><id_category><![CDATA[2]]></id_category>
<id_product><![CDATA[278]]></id_product>
<position><![CDATA[164]]></position>
</category_product>
<category_product><id_category><![CDATA[2]]></id_category>
<id_product><![CDATA[279]]></id_product>
<position><![CDATA[165]]></position>
</category_product>
<category_product><id_category><![CDATA[2]]></id_category>
<id_product><![CDATA[281]]></id_product>
<position><![CDATA[166]]></position>
</category_product>
<category_product><id_category><![CDATA[2]]></id_category>
<id_product><![CDATA[283]]></id_product>
<position><![CDATA[167]]></position>
</category_product>
<category_product><id_category><![CDATA[2]]></id_category>
<id_product><![CDATA[284]]></id_product>
<position><![CDATA[168]]></position>
</category_product>
<category_product><id_category><![CDATA[2]]></id_category>
<id_product><![CDATA[285]]></id_product>
<position><![CDATA[169]]></position>
</category_product>
<category_product><id_category><![CDATA[2]]></id_category>
<id_product><![CDATA[286]]></id_product>
<position><![CDATA[170]]></position>
</category_product>
<category_product><id_category><![CDATA[2]]></id_category>
<id_product><![CDATA[289]]></id_product>
<position><![CDATA[171]]></position>
</category_product>
<category_product><id_category><![CDATA[2]]></id_category>
<id_product><![CDATA[290]]></id_product>
<position><![CDATA[172]]></position>
</category_product>
<category_product><id_category><![CDATA[2]]></id_category>
<id_product><![CDATA[291]]></id_product>
<position><![CDATA[173]]></position>
</category_product>
<category_product><id_category><![CDATA[2]]></id_category>
<id_product><![CDATA[294]]></id_product>
<position><![CDATA[174]]></position>
</category_product>
<category_product><id_category><![CDATA[2]]></id_category>
<id_product><![CDATA[296]]></id_product>
<position><![CDATA[175]]></position>
</category_product>
<category_product><id_category><![CDATA[2]]></id_category>
<id_product><![CDATA[298]]></id_product>
<position><![CDATA[176]]></position>
</category_product>
<category_product><id_category><![CDATA[2]]></id_category>
<id_product><![CDATA[299]]></id_product>
<position><![CDATA[177]]></position>
</category_product>
<category_product><id_category><![CDATA[2]]></id_category>
<id_product><![CDATA[300]]></id_product>
<position><![CDATA[178]]></position>
</category_product>
<category_product><id_category><![CDATA[2]]></id_category>
<id_product><![CDATA[302]]></id_product>
<position><![CDATA[179]]></position>
</category_product>
<category_product><id_category><![CDATA[2]]></id_category>
<id_product><![CDATA[304]]></id_product>
<position><![CDATA[180]]></position>
</category_product>
<category_product><id_category><![CDATA[2]]></id_category>
<id_product><![CDATA[306]]></id_product>
<position><![CDATA[181]]></position>
</category_product>
<category_product><id_category><![CDATA[2]]></id_category>
<id_product><![CDATA[308]]></id_product>
<position><![CDATA[182]]></position>
</category_product>
<category_product><id_category><![CDATA[2]]></id_category>
<id_product><![CDATA[309]]></id_product>
<position><![CDATA[183]]></position>
</category_product>
<category_product><id_category><![CDATA[2]]></id_category>
<id_product><![CDATA[313]]></id_product>
<position><![CDATA[184]]></position>
</category_product>
<category_product><id_category><![CDATA[2]]></id_category>
<id_product><![CDATA[315]]></id_product>
<position><![CDATA[185]]></position>
</category_product>
<category_product><id_category><![CDATA[2]]></id_category>
<id_product><![CDATA[318]]></id_product>
<position><![CDATA[186]]></position>
</category_product>
<category_product><id_category><![CDATA[2]]></id_category>
<id_product><![CDATA[321]]></id_product>
<position><![CDATA[187]]></position>
</category_product>
<category_product><id_category><![CDATA[2]]></id_category>
<id_product><![CDATA[324]]></id_product>
<position><![CDATA[188]]></position>
</category_product>
<category_product><id_category><![CDATA[2]]></id_category>
<id_product><![CDATA[327]]></id_product>
<position><![CDATA[189]]></position>
</category_product>
<category_product><id_category><![CDATA[2]]></id_category>
<id_product><![CDATA[328]]></id_product>
<position><![CDATA[190]]></position>
</category_product>
<category_product><id_category><![CDATA[2]]></id_category>
<id_product><![CDATA[329]]></id_product>
<position><![CDATA[191]]></position>
</category_product>
<category_product><id_category><![CDATA[2]]></id_category>
<id_product><![CDATA[330]]></id_product>
<position><![CDATA[192]]></position>
</category_product>
<category_product><id_category><![CDATA[2]]></id_category>
<id_product><![CDATA[331]]></id_product>
<position><![CDATA[193]]></position>
</category_product>
<category_product><id_category><![CDATA[2]]></id_category>
<id_product><![CDATA[332]]></id_product>
<position><![CDATA[194]]></position>
</category_product>
<category_product><id_category><![CDATA[2]]></id_category>
<id_product><![CDATA[335]]></id_product>
<position><![CDATA[195]]></position>
</category_product>
<category_product><id_category><![CDATA[2]]></id_category>
<id_product><![CDATA[338]]></id_product>
<position><![CDATA[196]]></position>
</category_product>
<category_product><id_category><![CDATA[2]]></id_category>
<id_product><![CDATA[341]]></id_product>
<position><![CDATA[197]]></position>
</category_product>
<category_product><id_category><![CDATA[2]]></id_category>
<id_product><![CDATA[344]]></id_product>
<position><![CDATA[198]]></position>
</category_product>
<category_product><id_category><![CDATA[2]]></id_category>
<id_product><![CDATA[347]]></id_product>
<position><![CDATA[199]]></position>
</category_product>
<category_product><id_category><![CDATA[2]]></id_category>
<id_product><![CDATA[350]]></id_product>
<position><![CDATA[200]]></position>
</category_product>
<category_product><id_category><![CDATA[2]]></id_category>
<id_product><![CDATA[353]]></id_product>
<position><![CDATA[201]]></position>
</category_product>
<category_product><id_category><![CDATA[2]]></id_category>
<id_product><![CDATA[354]]></id_product>
<position><![CDATA[202]]></position>
</category_product>
<category_product><id_category><![CDATA[2]]></id_category>
<id_product><![CDATA[355]]></id_product>
<position><![CDATA[203]]></position>
</category_product>
<category_product><id_category><![CDATA[2]]></id_category>
<id_product><![CDATA[356]]></id_product>
<position><![CDATA[204]]></position>
</category_product>
<category_product><id_category><![CDATA[2]]></id_category>
<id_product><![CDATA[357]]></id_product>
<position><![CDATA[205]]></position>
</category_product>
<category_product><id_category><![CDATA[2]]></id_category>
<id_product><![CDATA[358]]></id_product>
<position><![CDATA[206]]></position>
</category_product>
<category_product><id_category><![CDATA[2]]></id_category>
<id_product><![CDATA[359]]></id_product>
<position><![CDATA[207]]></position>
</category_product>
<category_product><id_category><![CDATA[2]]></id_category>
<id_product><![CDATA[360]]></id_product>
<position><![CDATA[208]]></position>
</category_product>
<category_product><id_category><![CDATA[2]]></id_category>
<id_product><![CDATA[361]]></id_product>
<position><![CDATA[209]]></position>
</category_product>
<category_product><id_category><![CDATA[2]]></id_category>
<id_product><![CDATA[362]]></id_product>
<position><![CDATA[210]]></position>
</category_product>
<category_product><id_category><![CDATA[2]]></id_category>
<id_product><![CDATA[363]]></id_product>
<position><![CDATA[211]]></position>
</category_product>
<category_product><id_category><![CDATA[2]]></id_category>
<id_product><![CDATA[364]]></id_product>
<position><![CDATA[212]]></position>
</category_product>
<category_product><id_category><![CDATA[2]]></id_category>
<id_product><![CDATA[365]]></id_product>
<position><![CDATA[213]]></position>
</category_product>
<category_product><id_category><![CDATA[2]]></id_category>
<id_product><![CDATA[366]]></id_product>
<position><![CDATA[214]]></position>
</category_product>
<category_product><id_category><![CDATA[2]]></id_category>
<id_product><![CDATA[367]]></id_product>
<position><![CDATA[215]]></position>
</category_product>
<category_product><id_category><![CDATA[2]]></id_category>
<id_product><![CDATA[368]]></id_product>
<position><![CDATA[216]]></position>
</category_product>
<category_product><id_category><![CDATA[2]]></id_category>
<id_product><![CDATA[369]]></id_product>
<position><![CDATA[217]]></position>
</category_product>
<category_product><id_category><![CDATA[2]]></id_category>
<id_product><![CDATA[370]]></id_product>
<position><![CDATA[218]]></position>
</category_product>
<category_product><id_category><![CDATA[2]]></id_category>
<id_product><![CDATA[371]]></id_product>
<position><![CDATA[219]]></position>
</category_product>
<category_product><id_category><![CDATA[2]]></id_category>
<id_product><![CDATA[372]]></id_product>
<position><![CDATA[220]]></position>
</category_product>
<category_product><id_category><![CDATA[2]]></id_category>
<id_product><![CDATA[373]]></id_product>
<position><![CDATA[221]]></position>
</category_product>
<category_product><id_category><![CDATA[2]]></id_category>
<id_product><![CDATA[374]]></id_product>
<position><![CDATA[222]]></position>
</category_product>
<category_product><id_category><![CDATA[2]]></id_category>
<id_product><![CDATA[375]]></id_product>
<position><![CDATA[223]]></position>
</category_product>
<category_product><id_category><![CDATA[2]]></id_category>
<id_product><![CDATA[376]]></id_product>
<position><![CDATA[224]]></position>
</category_product>
<category_product><id_category><![CDATA[2]]></id_category>
<id_product><![CDATA[381]]></id_product>
<position><![CDATA[225]]></position>
</category_product>
<category_product><id_category><![CDATA[2]]></id_category>
<id_product><![CDATA[382]]></id_product>
<position><![CDATA[226]]></position>
</category_product>
<category_product><id_category><![CDATA[2]]></id_category>
<id_product><![CDATA[383]]></id_product>
<position><![CDATA[227]]></position>
</category_product>
<category_product><id_category><![CDATA[2]]></id_category>
<id_product><![CDATA[384]]></id_product>
<position><![CDATA[228]]></position>
</category_product>
<category_product><id_category><![CDATA[2]]></id_category>
<id_product><![CDATA[385]]></id_product>
<position><![CDATA[229]]></position>
</category_product>
<category_product><id_category><![CDATA[2]]></id_category>
<id_product><![CDATA[386]]></id_product>
<position><![CDATA[230]]></position>
</category_product>
<category_product><id_category><![CDATA[2]]></id_category>
<id_product><![CDATA[387]]></id_product>
<position><![CDATA[231]]></position>
</category_product>
<category_product><id_category><![CDATA[2]]></id_category>
<id_product><![CDATA[388]]></id_product>
<position><![CDATA[232]]></position>
</category_product>
<category_product><id_category><![CDATA[2]]></id_category>
<id_product><![CDATA[389]]></id_product>
<position><![CDATA[233]]></position>
</category_product>
<category_product><id_category><![CDATA[2]]></id_category>
<id_product><![CDATA[390]]></id_product>
<position><![CDATA[234]]></position>
</category_product>
<category_product><id_category><![CDATA[2]]></id_category>
<id_product><![CDATA[391]]></id_product>
<position><![CDATA[235]]></position>
</category_product>
<category_product><id_category><![CDATA[2]]></id_category>
<id_product><![CDATA[392]]></id_product>
<position><![CDATA[236]]></position>
</category_product>
<category_product><id_category><![CDATA[2]]></id_category>
<id_product><![CDATA[393]]></id_product>
<position><![CDATA[237]]></position>
</category_product>
<category_product><id_category><![CDATA[2]]></id_category>
<id_product><![CDATA[394]]></id_product>
<position><![CDATA[238]]></position>
</category_product>
<category_product><id_category><![CDATA[2]]></id_category>
<id_product><![CDATA[395]]></id_product>
<position><![CDATA[239]]></position>
</category_product>
<category_product><id_category><![CDATA[2]]></id_category>
<id_product><![CDATA[396]]></id_product>
<position><![CDATA[240]]></position>
</category_product>
<category_product><id_category><![CDATA[2]]></id_category>
<id_product><![CDATA[397]]></id_product>
<position><![CDATA[241]]></position>
</category_product>
<category_product><id_category><![CDATA[2]]></id_category>
<id_product><![CDATA[398]]></id_product>
<position><![CDATA[242]]></position>
</category_product>
<category_product><id_category><![CDATA[2]]></id_category>
<id_product><![CDATA[399]]></id_product>
<position><![CDATA[243]]></position>
</category_product>
<category_product><id_category><![CDATA[2]]></id_category>
<id_product><![CDATA[400]]></id_product>
<position><![CDATA[244]]></position>
</category_product>
<category_product><id_category><![CDATA[2]]></id_category>
<id_product><![CDATA[401]]></id_product>
<position><![CDATA[245]]></position>
</category_product>
<category_product><id_category><![CDATA[2]]></id_category>
<id_product><![CDATA[402]]></id_product>
<position><![CDATA[246]]></position>
</category_product>
<category_product><id_category><![CDATA[2]]></id_category>
<id_product><![CDATA[403]]></id_product>
<position><![CDATA[247]]></position>
</category_product>
<category_product><id_category><![CDATA[2]]></id_category>
<id_product><![CDATA[404]]></id_product>
<position><![CDATA[248]]></position>
</category_product>
<category_product><id_category><![CDATA[2]]></id_category>
<id_product><![CDATA[405]]></id_product>
<position><![CDATA[249]]></position>
</category_product>
<category_product><id_category><![CDATA[2]]></id_category>
<id_product><![CDATA[406]]></id_product>
<position><![CDATA[250]]></position>
</category_product>
<category_product><id_category><![CDATA[2]]></id_category>
<id_product><![CDATA[407]]></id_product>
<position><![CDATA[251]]></position>
</category_product>
<category_product><id_category><![CDATA[2]]></id_category>
<id_product><![CDATA[408]]></id_product>
<position><![CDATA[252]]></position>
</category_product>
<category_product><id_category><![CDATA[2]]></id_category>
<id_product><![CDATA[409]]></id_product>
<position><![CDATA[253]]></position>
</category_product>
<category_product><id_category><![CDATA[2]]></id_category>
<id_product><![CDATA[410]]></id_product>
<position><![CDATA[254]]></position>
</category_product>
<category_product><id_category><![CDATA[2]]></id_category>
<id_product><![CDATA[418]]></id_product>
<position><![CDATA[255]]></position>
</category_product>
<category_product><id_category><![CDATA[2]]></id_category>
<id_product><![CDATA[420]]></id_product>
<position><![CDATA[256]]></position>
</category_product>
<category_product><id_category><![CDATA[2]]></id_category>
<id_product><![CDATA[422]]></id_product>
<position><![CDATA[257]]></position>
</category_product>
<category_product><id_category><![CDATA[2]]></id_category>
<id_product><![CDATA[423]]></id_product>
<position><![CDATA[258]]></position>
</category_product>
<category_product><id_category><![CDATA[2]]></id_category>
<id_product><![CDATA[424]]></id_product>
<position><![CDATA[259]]></position>
</category_product>
<category_product><id_category><![CDATA[2]]></id_category>
<id_product><![CDATA[425]]></id_product>
<position><![CDATA[260]]></position>
</category_product>
<category_product><id_category><![CDATA[2]]></id_category>
<id_product><![CDATA[426]]></id_product>
<position><![CDATA[261]]></position>
</category_product>
<category_product><id_category><![CDATA[2]]></id_category>
<id_product><![CDATA[427]]></id_product>
<position><![CDATA[262]]></position>
</category_product>
<category_product><id_category><![CDATA[2]]></id_category>
<id_product><![CDATA[428]]></id_product>
<position><![CDATA[263]]></position>
</category_product>
<category_product><id_category><![CDATA[2]]></id_category>
<id_product><![CDATA[429]]></id_product>
<position><![CDATA[264]]></position>
</category_product>
<category_product><id_category><![CDATA[2]]></id_category>
<id_product><![CDATA[430]]></id_product>
<position><![CDATA[265]]></position>
</category_product>
<category_product><id_category><![CDATA[2]]></id_category>
<id_product><![CDATA[431]]></id_product>
<position><![CDATA[266]]></position>
</category_product>
<category_product><id_category><![CDATA[2]]></id_category>
<id_product><![CDATA[434]]></id_product>
<position><![CDATA[267]]></position>
</category_product>
<category_product><id_category><![CDATA[2]]></id_category>
<id_product><![CDATA[435]]></id_product>
<position><![CDATA[268]]></position>
</category_product>
<category_product><id_category><![CDATA[2]]></id_category>
<id_product><![CDATA[436]]></id_product>
<position><![CDATA[269]]></position>
</category_product>
<category_product><id_category><![CDATA[2]]></id_category>
<id_product><![CDATA[437]]></id_product>
<position><![CDATA[270]]></position>
</category_product>
<category_product><id_category><![CDATA[2]]></id_category>
<id_product><![CDATA[439]]></id_product>
<position><![CDATA[271]]></position>
</category_product>
<category_product><id_category><![CDATA[2]]></id_category>
<id_product><![CDATA[440]]></id_product>
<position><![CDATA[272]]></position>
</category_product>
<category_product><id_category><![CDATA[2]]></id_category>
<id_product><![CDATA[442]]></id_product>
<position><![CDATA[273]]></position>
</category_product>
<category_product><id_category><![CDATA[2]]></id_category>
<id_product><![CDATA[443]]></id_product>
<position><![CDATA[274]]></position>
</category_product>
<category_product><id_category><![CDATA[2]]></id_category>
<id_product><![CDATA[444]]></id_product>
<position><![CDATA[275]]></position>
</category_product>
<category_product><id_category><![CDATA[2]]></id_category>
<id_product><![CDATA[445]]></id_product>
<position><![CDATA[276]]></position>
</category_product>
<category_product><id_category><![CDATA[2]]></id_category>
<id_product><![CDATA[447]]></id_product>
<position><![CDATA[277]]></position>
</category_product>
<category_product><id_category><![CDATA[2]]></id_category>
<id_product><![CDATA[448]]></id_product>
<position><![CDATA[278]]></position>
</category_product>
<category_product><id_category><![CDATA[2]]></id_category>
<id_product><![CDATA[449]]></id_product>
<position><![CDATA[279]]></position>
</category_product>
<category_product><id_category><![CDATA[2]]></id_category>
<id_product><![CDATA[451]]></id_product>
<position><![CDATA[280]]></position>
</category_product>
<category_product><id_category><![CDATA[2]]></id_category>
<id_product><![CDATA[452]]></id_product>
<position><![CDATA[281]]></position>
</category_product>
<category_product><id_category><![CDATA[2]]></id_category>
<id_product><![CDATA[454]]></id_product>
<position><![CDATA[282]]></position>
</category_product>
<category_product><id_category><![CDATA[2]]></id_category>
<id_product><![CDATA[455]]></id_product>
<position><![CDATA[283]]></position>
</category_product>
<category_product><id_category><![CDATA[2]]></id_category>
<id_product><![CDATA[456]]></id_product>
<position><![CDATA[284]]></position>
</category_product>
<category_product><id_category><![CDATA[2]]></id_category>
<id_product><![CDATA[457]]></id_product>
<position><![CDATA[285]]></position>
</category_product>
<category_product><id_category><![CDATA[2]]></id_category>
<id_product><![CDATA[458]]></id_product>
<position><![CDATA[286]]></position>
</category_product>
<category_product><id_category><![CDATA[2]]></id_category>
<id_product><![CDATA[459]]></id_product>
<position><![CDATA[287]]></position>
</category_product>
<category_product><id_category><![CDATA[2]]></id_category>
<id_product><![CDATA[460]]></id_product>
<position><![CDATA[288]]></position>
</category_product>
<category_product><id_category><![CDATA[2]]></id_category>
<id_product><![CDATA[461]]></id_product>
<position><![CDATA[289]]></position>
</category_product>
<category_product><id_category><![CDATA[2]]></id_category>
<id_product><![CDATA[462]]></id_product>
<position><![CDATA[290]]></position>
</category_product>
<category_product><id_category><![CDATA[2]]></id_category>
<id_product><![CDATA[463]]></id_product>
<position><![CDATA[291]]></position>
</category_product>
<category_product><id_category><![CDATA[2]]></id_category>
<id_product><![CDATA[464]]></id_product>
<position><![CDATA[292]]></position>
</category_product>
<category_product><id_category><![CDATA[2]]></id_category>
<id_product><![CDATA[465]]></id_product>
<position><![CDATA[293]]></position>
</category_product>
<category_product><id_category><![CDATA[2]]></id_category>
<id_product><![CDATA[466]]></id_product>
<position><![CDATA[294]]></position>
</category_product>
<category_product><id_category><![CDATA[2]]></id_category>
<id_product><![CDATA[467]]></id_product>
<position><![CDATA[295]]></position>
</category_product>
<category_product><id_category><![CDATA[2]]></id_category>
<id_product><![CDATA[468]]></id_product>
<position><![CDATA[296]]></position>
</category_product>
<category_product><id_category><![CDATA[2]]></id_category>
<id_product><![CDATA[469]]></id_product>
<position><![CDATA[297]]></position>
</category_product>
<category_product><id_category><![CDATA[2]]></id_category>
<id_product><![CDATA[471]]></id_product>
<position><![CDATA[298]]></position>
</category_product>
<category_product><id_category><![CDATA[2]]></id_category>
<id_product><![CDATA[472]]></id_product>
<position><![CDATA[299]]></position>
</category_product>
<category_product><id_category><![CDATA[2]]></id_category>
<id_product><![CDATA[473]]></id_product>
<position><![CDATA[300]]></position>
</category_product>
<category_product><id_category><![CDATA[2]]></id_category>
<id_product><![CDATA[474]]></id_product>
<position><![CDATA[301]]></position>
</category_product>
<category_product><id_category><![CDATA[2]]></id_category>
<id_product><![CDATA[475]]></id_product>
<position><![CDATA[302]]></position>
</category_product>
<category_product><id_category><![CDATA[2]]></id_category>
<id_product><![CDATA[476]]></id_product>
<position><![CDATA[303]]></position>
</category_product>
<category_product><id_category><![CDATA[2]]></id_category>
<id_product><![CDATA[477]]></id_product>
<position><![CDATA[304]]></position>
</category_product>
<category_product><id_category><![CDATA[2]]></id_category>
<id_product><![CDATA[478]]></id_product>
<position><![CDATA[305]]></position>
</category_product>
<category_product><id_category><![CDATA[2]]></id_category>
<id_product><![CDATA[479]]></id_product>
<position><![CDATA[306]]></position>
</category_product>
<category_product><id_category><![CDATA[2]]></id_category>
<id_product><![CDATA[480]]></id_product>
<position><![CDATA[307]]></position>
</category_product>
<category_product><id_category><![CDATA[2]]></id_category>
<id_product><![CDATA[481]]></id_product>
<position><![CDATA[308]]></position>
</category_product>
<category_product><id_category><![CDATA[2]]></id_category>
<id_product><![CDATA[482]]></id_product>
<position><![CDATA[309]]></position>
</category_product>
<category_product><id_category><![CDATA[2]]></id_category>
<id_product><![CDATA[483]]></id_product>
<position><![CDATA[310]]></position>
</category_product>
<category_product><id_category><![CDATA[2]]></id_category>
<id_product><![CDATA[485]]></id_product>
<position><![CDATA[311]]></position>
</category_product>
<category_product><id_category><![CDATA[2]]></id_category>
<id_product><![CDATA[489]]></id_product>
<position><![CDATA[312]]></position>
</category_product>
<category_product><id_category><![CDATA[2]]></id_category>
<id_product><![CDATA[501]]></id_product>
<position><![CDATA[313]]></position>
</category_product>
<category_product><id_category><![CDATA[2]]></id_category>
<id_product><![CDATA[502]]></id_product>
<position><![CDATA[314]]></position>
</category_product>
<category_product><id_category><![CDATA[2]]></id_category>
<id_product><![CDATA[509]]></id_product>
<position><![CDATA[315]]></position>
</category_product>
<category_product><id_category><![CDATA[2]]></id_category>
<id_product><![CDATA[518]]></id_product>
<position><![CDATA[316]]></position>
</category_product>
<category_product><id_category><![CDATA[2]]></id_category>
<id_product><![CDATA[525]]></id_product>
<position><![CDATA[317]]></position>
</category_product>
<category_product><id_category><![CDATA[2]]></id_category>
<id_product><![CDATA[531]]></id_product>
<position><![CDATA[318]]></position>
</category_product>
<category_product><id_category><![CDATA[2]]></id_category>
<id_product><![CDATA[577]]></id_product>
<position><![CDATA[319]]></position>
</category_product>
<category_product><id_category><![CDATA[2]]></id_category>
<id_product><![CDATA[607]]></id_product>
<position><![CDATA[320]]></position>
</category_product>
<category_product><id_category><![CDATA[2]]></id_category>
<id_product><![CDATA[608]]></id_product>
<position><![CDATA[321]]></position>
</category_product>
<category_product><id_category><![CDATA[2]]></id_category>
<id_product><![CDATA[609]]></id_product>
<position><![CDATA[322]]></position>
</category_product>
<category_product><id_category><![CDATA[2]]></id_category>
<id_product><![CDATA[610]]></id_product>
<position><![CDATA[323]]></position>
</category_product>
<category_product><id_category><![CDATA[2]]></id_category>
<id_product><![CDATA[611]]></id_product>
<position><![CDATA[324]]></position>
</category_product>
<category_product><id_category><![CDATA[2]]></id_category>
<id_product><![CDATA[612]]></id_product>
<position><![CDATA[325]]></position>
</category_product>
<category_product><id_category><![CDATA[2]]></id_category>
<id_product><![CDATA[613]]></id_product>
<position><![CDATA[326]]></position>
</category_product>
<category_product><id_category><![CDATA[2]]></id_category>
<id_product><![CDATA[614]]></id_product>
<position><![CDATA[327]]></position>
</category_product>
<category_product><id_category><![CDATA[2]]></id_category>
<id_product><![CDATA[615]]></id_product>
<position><![CDATA[328]]></position>
</category_product>
<category_product><id_category><![CDATA[2]]></id_category>
<id_product><![CDATA[616]]></id_product>
<position><![CDATA[329]]></position>
</category_product>
<category_product><id_category><![CDATA[2]]></id_category>
<id_product><![CDATA[617]]></id_product>
<position><![CDATA[330]]></position>
</category_product>
<category_product><id_category><![CDATA[2]]></id_category>
<id_product><![CDATA[618]]></id_product>
<position><![CDATA[331]]></position>
</category_product>
<category_product><id_category><![CDATA[2]]></id_category>
<id_product><![CDATA[619]]></id_product>
<position><![CDATA[332]]></position>
</category_product>
<category_product><id_category><![CDATA[2]]></id_category>
<id_product><![CDATA[620]]></id_product>
<position><![CDATA[333]]></position>
</category_product>
<category_product><id_category><![CDATA[2]]></id_category>
<id_product><![CDATA[621]]></id_product>
<position><![CDATA[334]]></position>
</category_product>
<category_product><id_category><![CDATA[2]]></id_category>
<id_product><![CDATA[622]]></id_product>
<position><![CDATA[335]]></position>
</category_product>
<category_product><id_category><![CDATA[2]]></id_category>
<id_product><![CDATA[623]]></id_product>
<position><![CDATA[336]]></position>
</category_product>
<category_product><id_category><![CDATA[2]]></id_category>
<id_product><![CDATA[624]]></id_product>
<position><![CDATA[337]]></position>
</category_product>
<category_product><id_category><![CDATA[2]]></id_category>
<id_product><![CDATA[625]]></id_product>
<position><![CDATA[338]]></position>
</category_product>
<category_product><id_category><![CDATA[2]]></id_category>
<id_product><![CDATA[626]]></id_product>
<position><![CDATA[339]]></position>
</category_product>
<category_product><id_category><![CDATA[2]]></id_category>
<id_product><![CDATA[627]]></id_product>
<position><![CDATA[340]]></position>
</category_product>
<category_product><id_category><![CDATA[2]]></id_category>
<id_product><![CDATA[628]]></id_product>
<position><![CDATA[341]]></position>
</category_product>
<category_product><id_category><![CDATA[2]]></id_category>
<id_product><![CDATA[629]]></id_product>
<position><![CDATA[342]]></position>
</category_product>
<category_product><id_category><![CDATA[2]]></id_category>
<id_product><![CDATA[630]]></id_product>
<position><![CDATA[343]]></position>
</category_product>
<category_product><id_category><![CDATA[2]]></id_category>
<id_product><![CDATA[631]]></id_product>
<position><![CDATA[344]]></position>
</category_product>
<category_product><id_category><![CDATA[2]]></id_category>
<id_product><![CDATA[632]]></id_product>
<position><![CDATA[345]]></position>
</category_product>
<category_product><id_category><![CDATA[2]]></id_category>
<id_product><![CDATA[633]]></id_product>
<position><![CDATA[346]]></position>
</category_product>
<category_product><id_category><![CDATA[2]]></id_category>
<id_product><![CDATA[634]]></id_product>
<position><![CDATA[347]]></position>
</category_product>
<category_product><id_category><![CDATA[2]]></id_category>
<id_product><![CDATA[635]]></id_product>
<position><![CDATA[348]]></position>
</category_product>
<category_product><id_category><![CDATA[2]]></id_category>
<id_product><![CDATA[636]]></id_product>
<position><![CDATA[349]]></position>
</category_product>
<category_product><id_category><![CDATA[2]]></id_category>
<id_product><![CDATA[638]]></id_product>
<position><![CDATA[350]]></position>
</category_product>
<category_product><id_category><![CDATA[2]]></id_category>
<id_product><![CDATA[639]]></id_product>
<position><![CDATA[351]]></position>
</category_product>
<category_product><id_category><![CDATA[2]]></id_category>
<id_product><![CDATA[640]]></id_product>
<position><![CDATA[352]]></position>
</category_product>
<category_product><id_category><![CDATA[2]]></id_category>
<id_product><![CDATA[641]]></id_product>
<position><![CDATA[353]]></position>
</category_product>
<category_product><id_category><![CDATA[2]]></id_category>
<id_product><![CDATA[642]]></id_product>
<position><![CDATA[354]]></position>
</category_product>
<category_product><id_category><![CDATA[2]]></id_category>
<id_product><![CDATA[643]]></id_product>
<position><![CDATA[355]]></position>
</category_product>
<category_product><id_category><![CDATA[2]]></id_category>
<id_product><![CDATA[644]]></id_product>
<position><![CDATA[356]]></position>
</category_product>
<category_product><id_category><![CDATA[2]]></id_category>
<id_product><![CDATA[645]]></id_product>
<position><![CDATA[357]]></position>
</category_product>
<category_product><id_category><![CDATA[2]]></id_category>
<id_product><![CDATA[646]]></id_product>
<position><![CDATA[358]]></position>
</category_product>
<category_product><id_category><![CDATA[2]]></id_category>
<id_product><![CDATA[647]]></id_product>
<position><![CDATA[359]]></position>
</category_product>
<category_product><id_category><![CDATA[2]]></id_category>
<id_product><![CDATA[648]]></id_product>
<position><![CDATA[360]]></position>
</category_product>
<category_product><id_category><![CDATA[2]]></id_category>
<id_product><![CDATA[649]]></id_product>
<position><![CDATA[361]]></position>
</category_product>
<category_product><id_category><![CDATA[2]]></id_category>
<id_product><![CDATA[650]]></id_product>
<position><![CDATA[362]]></position>
</category_product>
<category_product><id_category><![CDATA[2]]></id_category>
<id_product><![CDATA[651]]></id_product>
<position><![CDATA[363]]></position>
</category_product>
<category_product><id_category><![CDATA[2]]></id_category>
<id_product><![CDATA[652]]></id_product>
<position><![CDATA[364]]></position>
</category_product>
<category_product><id_category><![CDATA[2]]></id_category>
<id_product><![CDATA[653]]></id_product>
<position><![CDATA[365]]></position>
</category_product>
<category_product><id_category><![CDATA[2]]></id_category>
<id_product><![CDATA[654]]></id_product>
<position><![CDATA[366]]></position>
</category_product>
<category_product><id_category><![CDATA[2]]></id_category>
<id_product><![CDATA[655]]></id_product>
<position><![CDATA[367]]></position>
</category_product>
<category_product><id_category><![CDATA[2]]></id_category>
<id_product><![CDATA[656]]></id_product>
<position><![CDATA[368]]></position>
</category_product>
<category_product><id_category><![CDATA[2]]></id_category>
<id_product><![CDATA[658]]></id_product>
<position><![CDATA[369]]></position>
</category_product>
<category_product><id_category><![CDATA[2]]></id_category>
<id_product><![CDATA[659]]></id_product>
<position><![CDATA[370]]></position>
</category_product>
<category_product><id_category><![CDATA[2]]></id_category>
<id_product><![CDATA[660]]></id_product>
<position><![CDATA[371]]></position>
</category_product>
<category_product><id_category><![CDATA[2]]></id_category>
<id_product><![CDATA[661]]></id_product>
<position><![CDATA[372]]></position>
</category_product>
<category_product><id_category><![CDATA[2]]></id_category>
<id_product><![CDATA[663]]></id_product>
<position><![CDATA[373]]></position>
</category_product>
<category_product><id_category><![CDATA[2]]></id_category>
<id_product><![CDATA[664]]></id_product>
<position><![CDATA[374]]></position>
</category_product>
<category_product><id_category><![CDATA[2]]></id_category>
<id_product><![CDATA[666]]></id_product>
<position><![CDATA[375]]></position>
</category_product>
<category_product><id_category><![CDATA[2]]></id_category>
<id_product><![CDATA[667]]></id_product>
<position><![CDATA[376]]></position>
</category_product>
<category_product><id_category><![CDATA[2]]></id_category>
<id_product><![CDATA[668]]></id_product>
<position><![CDATA[377]]></position>
</category_product>
<category_product><id_category><![CDATA[2]]></id_category>
<id_product><![CDATA[669]]></id_product>
<position><![CDATA[378]]></position>
</category_product>
<category_product><id_category><![CDATA[2]]></id_category>
<id_product><![CDATA[670]]></id_product>
<position><![CDATA[379]]></position>
</category_product>
<category_product><id_category><![CDATA[2]]></id_category>
<id_product><![CDATA[672]]></id_product>
<position><![CDATA[380]]></position>
</category_product>
<category_product><id_category><![CDATA[2]]></id_category>
<id_product><![CDATA[674]]></id_product>
<position><![CDATA[381]]></position>
</category_product>
<category_product><id_category><![CDATA[2]]></id_category>
<id_product><![CDATA[675]]></id_product>
<position><![CDATA[382]]></position>
</category_product>
<category_product><id_category><![CDATA[2]]></id_category>
<id_product><![CDATA[676]]></id_product>
<position><![CDATA[383]]></position>
</category_product>
<category_product><id_category><![CDATA[2]]></id_category>
<id_product><![CDATA[677]]></id_product>
<position><![CDATA[384]]></position>
</category_product>
<category_product><id_category><![CDATA[2]]></id_category>
<id_product><![CDATA[678]]></id_product>
<position><![CDATA[385]]></position>
</category_product>
<category_product><id_category><![CDATA[2]]></id_category>
<id_product><![CDATA[679]]></id_product>
<position><![CDATA[386]]></position>
</category_product>
<category_product><id_category><![CDATA[2]]></id_category>
<id_product><![CDATA[680]]></id_product>
<position><![CDATA[387]]></position>
</category_product>
<category_product><id_category><![CDATA[2]]></id_category>
<id_product><![CDATA[682]]></id_product>
<position><![CDATA[388]]></position>
</category_product>
<category_product><id_category><![CDATA[2]]></id_category>
<id_product><![CDATA[683]]></id_product>
<position><![CDATA[389]]></position>
</category_product>
<category_product><id_category><![CDATA[2]]></id_category>
<id_product><![CDATA[684]]></id_product>
<position><![CDATA[390]]></position>
</category_product>
<category_product><id_category><![CDATA[2]]></id_category>
<id_product><![CDATA[685]]></id_product>
<position><![CDATA[391]]></position>
</category_product>
<category_product><id_category><![CDATA[2]]></id_category>
<id_product><![CDATA[686]]></id_product>
<position><![CDATA[392]]></position>
</category_product>
<category_product><id_category><![CDATA[2]]></id_category>
<id_product><![CDATA[687]]></id_product>
<position><![CDATA[393]]></position>
</category_product>
<category_product><id_category><![CDATA[2]]></id_category>
<id_product><![CDATA[688]]></id_product>
<position><![CDATA[394]]></position>
</category_product>
<category_product><id_category><![CDATA[2]]></id_category>
<id_product><![CDATA[689]]></id_product>
<position><![CDATA[395]]></position>
</category_product>
<category_product><id_category><![CDATA[2]]></id_category>
<id_product><![CDATA[690]]></id_product>
<position><![CDATA[396]]></position>
</category_product>
<category_product><id_category><![CDATA[2]]></id_category>
<id_product><![CDATA[691]]></id_product>
<position><![CDATA[397]]></position>
</category_product>
<category_product><id_category><![CDATA[2]]></id_category>
<id_product><![CDATA[692]]></id_product>
<position><![CDATA[398]]></position>
</category_product>
<category_product><id_category><![CDATA[2]]></id_category>
<id_product><![CDATA[693]]></id_product>
<position><![CDATA[399]]></position>
</category_product>
<category_product><id_category><![CDATA[2]]></id_category>
<id_product><![CDATA[694]]></id_product>
<position><![CDATA[400]]></position>
</category_product>
<category_product><id_category><![CDATA[2]]></id_category>
<id_product><![CDATA[696]]></id_product>
<position><![CDATA[401]]></position>
</category_product>
<category_product><id_category><![CDATA[2]]></id_category>
<id_product><![CDATA[698]]></id_product>
<position><![CDATA[402]]></position>
</category_product>
<category_product><id_category><![CDATA[2]]></id_category>
<id_product><![CDATA[699]]></id_product>
<position><![CDATA[403]]></position>
</category_product>
<category_product><id_category><![CDATA[2]]></id_category>
<id_product><![CDATA[700]]></id_product>
<position><![CDATA[404]]></position>
</category_product>
<category_product><id_category><![CDATA[2]]></id_category>
<id_product><![CDATA[701]]></id_product>
<position><![CDATA[405]]></position>
</category_product>
<category_product><id_category><![CDATA[2]]></id_category>
<id_product><![CDATA[702]]></id_product>
<position><![CDATA[406]]></position>
</category_product>
<category_product><id_category><![CDATA[2]]></id_category>
<id_product><![CDATA[703]]></id_product>
<position><![CDATA[407]]></position>
</category_product>
<category_product><id_category><![CDATA[2]]></id_category>
<id_product><![CDATA[704]]></id_product>
<position><![CDATA[408]]></position>
</category_product>
<category_product><id_category><![CDATA[2]]></id_category>
<id_product><![CDATA[705]]></id_product>
<position><![CDATA[409]]></position>
</category_product>
<category_product><id_category><![CDATA[2]]></id_category>
<id_product><![CDATA[706]]></id_product>
<position><![CDATA[410]]></position>
</category_product>
<category_product><id_category><![CDATA[2]]></id_category>
<id_product><![CDATA[707]]></id_product>
<position><![CDATA[411]]></position>
</category_product>
<category_product><id_category><![CDATA[2]]></id_category>
<id_product><![CDATA[708]]></id_product>
<position><![CDATA[412]]></position>
</category_product>
<category_product><id_category><![CDATA[2]]></id_category>
<id_product><![CDATA[709]]></id_product>
<position><![CDATA[413]]></position>
</category_product>
<category_product><id_category><![CDATA[2]]></id_category>
<id_product><![CDATA[710]]></id_product>
<position><![CDATA[414]]></position>
</category_product>
<category_product><id_category><![CDATA[2]]></id_category>
<id_product><![CDATA[711]]></id_product>
<position><![CDATA[415]]></position>
</category_product>
<category_product><id_category><![CDATA[2]]></id_category>
<id_product><![CDATA[712]]></id_product>
<position><![CDATA[416]]></position>
</category_product>
<category_product><id_category><![CDATA[2]]></id_category>
<id_product><![CDATA[713]]></id_product>
<position><![CDATA[417]]></position>
</category_product>
<category_product><id_category><![CDATA[2]]></id_category>
<id_product><![CDATA[714]]></id_product>
<position><![CDATA[418]]></position>
</category_product>
<category_product><id_category><![CDATA[2]]></id_category>
<id_product><![CDATA[716]]></id_product>
<position><![CDATA[419]]></position>
</category_product>
<category_product><id_category><![CDATA[2]]></id_category>
<id_product><![CDATA[717]]></id_product>
<position><![CDATA[420]]></position>
</category_product>
<category_product><id_category><![CDATA[2]]></id_category>
<id_product><![CDATA[718]]></id_product>
<position><![CDATA[421]]></position>
</category_product>
<category_product><id_category><![CDATA[2]]></id_category>
<id_product><![CDATA[719]]></id_product>
<position><![CDATA[422]]></position>
</category_product>
<category_product><id_category><![CDATA[2]]></id_category>
<id_product><![CDATA[721]]></id_product>
<position><![CDATA[423]]></position>
</category_product>
<category_product><id_category><![CDATA[2]]></id_category>
<id_product><![CDATA[722]]></id_product>
<position><![CDATA[424]]></position>
</category_product>
<category_product><id_category><![CDATA[2]]></id_category>
<id_product><![CDATA[723]]></id_product>
<position><![CDATA[425]]></position>
</category_product>
<category_product><id_category><![CDATA[2]]></id_category>
<id_product><![CDATA[724]]></id_product>
<position><![CDATA[426]]></position>
</category_product>
<category_product><id_category><![CDATA[2]]></id_category>
<id_product><![CDATA[725]]></id_product>
<position><![CDATA[427]]></position>
</category_product>
<category_product><id_category><![CDATA[2]]></id_category>
<id_product><![CDATA[726]]></id_product>
<position><![CDATA[428]]></position>
</category_product>
<category_product><id_category><![CDATA[2]]></id_category>
<id_product><![CDATA[727]]></id_product>
<position><![CDATA[429]]></position>
</category_product>
<category_product><id_category><![CDATA[2]]></id_category>
<id_product><![CDATA[728]]></id_product>
<position><![CDATA[430]]></position>
</category_product>
<category_product><id_category><![CDATA[2]]></id_category>
<id_product><![CDATA[730]]></id_product>
<position><![CDATA[431]]></position>
</category_product>
<category_product><id_category><![CDATA[2]]></id_category>
<id_product><![CDATA[733]]></id_product>
<position><![CDATA[432]]></position>
</category_product>
<category_product><id_category><![CDATA[2]]></id_category>
<id_product><![CDATA[734]]></id_product>
<position><![CDATA[433]]></position>
</category_product>
<category_product><id_category><![CDATA[2]]></id_category>
<id_product><![CDATA[735]]></id_product>
<position><![CDATA[434]]></position>
</category_product>
<category_product><id_category><![CDATA[2]]></id_category>
<id_product><![CDATA[736]]></id_product>
<position><![CDATA[435]]></position>
</category_product>
<category_product><id_category><![CDATA[2]]></id_category>
<id_product><![CDATA[737]]></id_product>
<position><![CDATA[436]]></position>
</category_product>
<category_product><id_category><![CDATA[2]]></id_category>
<id_product><![CDATA[738]]></id_product>
<position><![CDATA[437]]></position>
</category_product>
<category_product><id_category><![CDATA[2]]></id_category>
<id_product><![CDATA[740]]></id_product>
<position><![CDATA[438]]></position>
</category_product>
<category_product><id_category><![CDATA[2]]></id_category>
<id_product><![CDATA[741]]></id_product>
<position><![CDATA[439]]></position>
</category_product>
<category_product><id_category><![CDATA[2]]></id_category>
<id_product><![CDATA[742]]></id_product>
<position><![CDATA[440]]></position>
</category_product>
<category_product><id_category><![CDATA[2]]></id_category>
<id_product><![CDATA[743]]></id_product>
<position><![CDATA[441]]></position>
</category_product>
<category_product><id_category><![CDATA[2]]></id_category>
<id_product><![CDATA[744]]></id_product>
<position><![CDATA[442]]></position>
</category_product>
<category_product><id_category><![CDATA[2]]></id_category>
<id_product><![CDATA[745]]></id_product>
<position><![CDATA[443]]></position>
</category_product>
<category_product><id_category><![CDATA[2]]></id_category>
<id_product><![CDATA[746]]></id_product>
<position><![CDATA[444]]></position>
</category_product>
<category_product><id_category><![CDATA[2]]></id_category>
<id_product><![CDATA[747]]></id_product>
<position><![CDATA[445]]></position>
</category_product>
<category_product><id_category><![CDATA[2]]></id_category>
<id_product><![CDATA[748]]></id_product>
<position><![CDATA[446]]></position>
</category_product>
<category_product><id_category><![CDATA[2]]></id_category>
<id_product><![CDATA[750]]></id_product>
<position><![CDATA[447]]></position>
</category_product>
<category_product><id_category><![CDATA[2]]></id_category>
<id_product><![CDATA[751]]></id_product>
<position><![CDATA[448]]></position>
</category_product>
</entity_profile>
