<?xml version="1.0" encoding="UTF-8"?>
<entity_profile>
<customized_data><id_customization><![CDATA[23]]></id_customization>
<type><![CDATA[1]]></type>
<index><![CDATA[6]]></index>
<value><![CDATA[Marilyn - a wonderful Mother]]></value>
<id_module><![CDATA[0]]></id_module>
<price><![CDATA[0.000000]]></price>
<weight><![CDATA[0.000000]]></weight>
</customized_data>
<customized_data><id_customization><![CDATA[23]]></id_customization>
<type><![CDATA[1]]></type>
<index><![CDATA[7]]></index>
<value><![CDATA[artistontheriver@gmail.com]]></value>
<id_module><![CDATA[0]]></id_module>
<price><![CDATA[0.000000]]></price>
<weight><![CDATA[0.000000]]></weight>
</customized_data>
<customized_data><id_customization><![CDATA[23]]></id_customization>
<type><![CDATA[1]]></type>
<index><![CDATA[8]]></index>
<value><![CDATA[Buy yourself something as beautiful as your soul xox]]></value>
<id_module><![CDATA[0]]></id_module>
<price><![CDATA[0.000000]]></price>
<weight><![CDATA[0.000000]]></weight>
</customized_data>
<customized_data><id_customization><![CDATA[23]]></id_customization>
<type><![CDATA[1]]></type>
<index><![CDATA[9]]></index>
<value><![CDATA[Sunday, May 9, 2021]]></value>
<id_module><![CDATA[0]]></id_module>
<price><![CDATA[0.000000]]></price>
<weight><![CDATA[0.000000]]></weight>
</customized_data>
<customized_data><id_customization><![CDATA[25]]></id_customization>
<type><![CDATA[1]]></type>
<index><![CDATA[6]]></index>
<value><![CDATA[Marilyn - a wonderful Mother]]></value>
<id_module><![CDATA[0]]></id_module>
<price><![CDATA[0.000000]]></price>
<weight><![CDATA[0.000000]]></weight>
</customized_data>
<customized_data><id_customization><![CDATA[25]]></id_customization>
<type><![CDATA[1]]></type>
<index><![CDATA[7]]></index>
<value><![CDATA[artistontheriver@gmail.com]]></value>
<id_module><![CDATA[0]]></id_module>
<price><![CDATA[0.000000]]></price>
<weight><![CDATA[0.000000]]></weight>
</customized_data>
<customized_data><id_customization><![CDATA[25]]></id_customization>
<type><![CDATA[1]]></type>
<index><![CDATA[8]]></index>
<value><![CDATA[Buy yourself something as beautiful as your soul]]></value>
<id_module><![CDATA[0]]></id_module>
<price><![CDATA[0.000000]]></price>
<weight><![CDATA[0.000000]]></weight>
</customized_data>
<customized_data><id_customization><![CDATA[25]]></id_customization>
<type><![CDATA[1]]></type>
<index><![CDATA[9]]></index>
<value><![CDATA[Sunday, May 9, 2021]]></value>
<id_module><![CDATA[0]]></id_module>
<price><![CDATA[0.000000]]></price>
<weight><![CDATA[0.000000]]></weight>
</customized_data>
</entity_profile>
