<?xml version="1.0" encoding="UTF-8"?>
<entity_profile>
<domain>khewa.com</domain>
<pres_version>1.7.7.2</pres_version>
<cookie_key>XQ9i9WUJFIIiTKCv6XGQ68I2hJWCgB19AQuhSvJhit6555ReKJS1nK8BJbAcBXWy</cookie_key>
<link_site>https://khewa.com/</link_site>
<countlang>2</countlang>
<countcurrency>2</countcurrency>
<countzone>11</countzone>
<countcountry>244</countcountry>
<countstate>324</countstate>
<countemployee>8</countemployee>
<countcategory>88</countcategory>
<rootcategory>2</rootcategory>
<counttotalcategory>524</counttotalcategory>
<countcustomer>338</countcustomer>
<countgroup>5</countgroup>
<countaddress>383</countaddress>
<count_category_group_customer>436</count_category_group_customer><counttotalcustomer>1162</counttotalcustomer>
<countmanufacturer>20</countmanufacturer>
<countsupplier>3</countsupplier>
<countcarrier>12</countcarrier>
<countcarrierzone>1058</countcarrierzone>
<countrangeprice>130</countrangeprice>
<countcarriergroup>1553</countcarriergroup><countrangeweight>418</countrangeweight>
<countdelivery>2105</countdelivery>
<counttotalcarrier>5287</counttotalcarrier>
<countcartrule>248</countcartrule>
<countspecificpriceRule>0</countspecificpriceRule>
<countproduct>1475</countproduct>
<countimage>2403</countimage>
<countcombination>3012</countcombination>
<countattributegroup>11</countattributegroup>
<countattribute>223</countattribute>
<countfeature>13</countfeature>
<countfeaturevalue>157</countfeaturevalue>
<countspecificprice>9</countspecificprice>
<counttaxrulesgroup>23</counttaxrulesgroup>
<counttaxrule>1074</counttaxrule>
<counttag>837</counttag>
<countstockavailable>4429</countstockavailable>
<counttax>25</counttax>
<counttotalproduct>45731</counttotalproduct>
<countorder>2970</countorder>
<countorderstate>33</countorderstate>
<countcart>301</countcart>
<countorderdetail>5822</countorderdetail>
<countorderinvoice>2955</countorderinvoice>
<countorderdetailtax>9364</countorderdetailtax>
<countorderinvoicepayment>3050</countorderinvoicepayment>
<countorderinvoicetax>4539</countorderinvoicetax>
<countorderslip>95</countorderslip>
<countordercarrier>2935</countordercarrier>
<countordercartrule>73</countordercartrule>
<countorderhistory>3651</countorderhistory>
<countordermessage>1</countordermessage>
<countorderpayment>3155</countorderpayment>
<countorderreturn>0</countorderreturn>
<countmessage>246</countmessage>
<countcmscategory>1</countcmscategory>
<countcms>9</countcms>
<countmessage>231</countmessage>
<totalitem>80825</totalitem>
<exporteddata>employees,categories,customers,manufactures,suppliers,carriers,cart_rules,catelog_rules,products,orders,CMS_categories,CMS,messages</exporteddata>
</entity_profile>
