<?xml version="1.0" encoding="UTF-8"?>
<entity_profile>
<feature_value><id_feature_value><![CDATA[1]]></id_feature_value>
<id_feature><![CDATA[5]]></id_feature>
<custom><![CDATA[0]]></custom>
<datalanguage iso_code="en" >
<value><![CDATA[Polyester]]></value>
</datalanguage>
<datalanguage iso_code="qc" default="1" >
<value><![CDATA[Polyester]]></value>
</datalanguage>
</feature_value>
<feature_value><id_feature_value><![CDATA[2]]></id_feature_value>
<id_feature><![CDATA[5]]></id_feature>
<custom><![CDATA[0]]></custom>
<datalanguage iso_code="en" >
<value><![CDATA[Wool]]></value>
</datalanguage>
<datalanguage iso_code="qc" default="1" >
<value><![CDATA[Laine]]></value>
</datalanguage>
</feature_value>
<feature_value><id_feature_value><![CDATA[3]]></id_feature_value>
<id_feature><![CDATA[5]]></id_feature>
<custom><![CDATA[0]]></custom>
<datalanguage iso_code="en" >
<value><![CDATA[Viscose]]></value>
</datalanguage>
<datalanguage iso_code="qc" default="1" >
<value><![CDATA[Viscose]]></value>
</datalanguage>
</feature_value>
<feature_value><id_feature_value><![CDATA[4]]></id_feature_value>
<id_feature><![CDATA[5]]></id_feature>
<custom><![CDATA[0]]></custom>
<datalanguage iso_code="en" >
<value><![CDATA[Elastane]]></value>
</datalanguage>
<datalanguage iso_code="qc" default="1" >
<value><![CDATA[Elasthanne]]></value>
</datalanguage>
</feature_value>
<feature_value><id_feature_value><![CDATA[5]]></id_feature_value>
<id_feature><![CDATA[5]]></id_feature>
<custom><![CDATA[0]]></custom>
<datalanguage iso_code="en" >
<value><![CDATA[Cotton]]></value>
</datalanguage>
<datalanguage iso_code="qc" default="1" >
<value><![CDATA[Coton]]></value>
</datalanguage>
</feature_value>
<feature_value><id_feature_value><![CDATA[6]]></id_feature_value>
<id_feature><![CDATA[5]]></id_feature>
<custom><![CDATA[0]]></custom>
<datalanguage iso_code="en" >
<value><![CDATA[Silk]]></value>
</datalanguage>
<datalanguage iso_code="qc" default="1" >
<value><![CDATA[Soie]]></value>
</datalanguage>
</feature_value>
<feature_value><id_feature_value><![CDATA[7]]></id_feature_value>
<id_feature><![CDATA[5]]></id_feature>
<custom><![CDATA[0]]></custom>
<datalanguage iso_code="en" >
<value><![CDATA[Suede]]></value>
</datalanguage>
<datalanguage iso_code="qc" default="1" >
<value><![CDATA[Daim]]></value>
</datalanguage>
</feature_value>
<feature_value><id_feature_value><![CDATA[8]]></id_feature_value>
<id_feature><![CDATA[5]]></id_feature>
<custom><![CDATA[0]]></custom>
<datalanguage iso_code="en" >
<value><![CDATA[Straw]]></value>
</datalanguage>
<datalanguage iso_code="qc" default="1" >
<value><![CDATA[Paille]]></value>
</datalanguage>
</feature_value>
<feature_value><id_feature_value><![CDATA[9]]></id_feature_value>
<id_feature><![CDATA[5]]></id_feature>
<custom><![CDATA[0]]></custom>
<datalanguage iso_code="en" >
<value><![CDATA[Leather]]></value>
</datalanguage>
<datalanguage iso_code="qc" default="1" >
<value><![CDATA[Cuir]]></value>
</datalanguage>
</feature_value>
<feature_value><id_feature_value><![CDATA[10]]></id_feature_value>
<id_feature><![CDATA[6]]></id_feature>
<custom><![CDATA[0]]></custom>
<datalanguage iso_code="en" >
<value><![CDATA[Classic]]></value>
</datalanguage>
<datalanguage iso_code="qc" default="1" >
<value><![CDATA[Classique]]></value>
</datalanguage>
</feature_value>
<feature_value><id_feature_value><![CDATA[11]]></id_feature_value>
<id_feature><![CDATA[6]]></id_feature>
<custom><![CDATA[0]]></custom>
<datalanguage iso_code="en" >
<value><![CDATA[Casual]]></value>
</datalanguage>
<datalanguage iso_code="qc" default="1" >
<value><![CDATA[Décontracté]]></value>
</datalanguage>
</feature_value>
<feature_value><id_feature_value><![CDATA[12]]></id_feature_value>
<id_feature><![CDATA[6]]></id_feature>
<custom><![CDATA[0]]></custom>
<datalanguage iso_code="en" >
<value><![CDATA[Military]]></value>
</datalanguage>
<datalanguage iso_code="qc" default="1" >
<value><![CDATA[Militaire]]></value>
</datalanguage>
</feature_value>
<feature_value><id_feature_value><![CDATA[13]]></id_feature_value>
<id_feature><![CDATA[6]]></id_feature>
<custom><![CDATA[0]]></custom>
<datalanguage iso_code="en" >
<value><![CDATA[Girly]]></value>
</datalanguage>
<datalanguage iso_code="qc" default="1" >
<value><![CDATA[Féminin]]></value>
</datalanguage>
</feature_value>
<feature_value><id_feature_value><![CDATA[14]]></id_feature_value>
<id_feature><![CDATA[6]]></id_feature>
<custom><![CDATA[0]]></custom>
<datalanguage iso_code="en" >
<value><![CDATA[Rock]]></value>
</datalanguage>
<datalanguage iso_code="qc" default="1" >
<value><![CDATA[Rock]]></value>
</datalanguage>
</feature_value>
<feature_value><id_feature_value><![CDATA[15]]></id_feature_value>
<id_feature><![CDATA[6]]></id_feature>
<custom><![CDATA[0]]></custom>
<datalanguage iso_code="en" >
<value><![CDATA[Basic]]></value>
</datalanguage>
<datalanguage iso_code="qc" default="1" >
<value><![CDATA[Basique]]></value>
</datalanguage>
</feature_value>
<feature_value><id_feature_value><![CDATA[16]]></id_feature_value>
<id_feature><![CDATA[6]]></id_feature>
<custom><![CDATA[0]]></custom>
<datalanguage iso_code="en" >
<value><![CDATA[Dressy]]></value>
</datalanguage>
<datalanguage iso_code="qc" default="1" >
<value><![CDATA[Habillé]]></value>
</datalanguage>
</feature_value>
<feature_value><id_feature_value><![CDATA[17]]></id_feature_value>
<id_feature><![CDATA[7]]></id_feature>
<custom><![CDATA[0]]></custom>
<datalanguage iso_code="en" >
<value><![CDATA[Short Sleeve]]></value>
</datalanguage>
<datalanguage iso_code="qc" default="1" >
<value><![CDATA[Manches courtes]]></value>
</datalanguage>
</feature_value>
<feature_value><id_feature_value><![CDATA[18]]></id_feature_value>
<id_feature><![CDATA[7]]></id_feature>
<custom><![CDATA[0]]></custom>
<datalanguage iso_code="en" >
<value><![CDATA[Colorful Dress]]></value>
</datalanguage>
<datalanguage iso_code="qc" default="1" >
<value><![CDATA[Robe colorée]]></value>
</datalanguage>
</feature_value>
<feature_value><id_feature_value><![CDATA[19]]></id_feature_value>
<id_feature><![CDATA[7]]></id_feature>
<custom><![CDATA[0]]></custom>
<datalanguage iso_code="en" >
<value><![CDATA[Short Dress]]></value>
</datalanguage>
<datalanguage iso_code="qc" default="1" >
<value><![CDATA[Robe courte]]></value>
</datalanguage>
</feature_value>
<feature_value><id_feature_value><![CDATA[20]]></id_feature_value>
<id_feature><![CDATA[7]]></id_feature>
<custom><![CDATA[0]]></custom>
<datalanguage iso_code="en" >
<value><![CDATA[Midi Dress]]></value>
</datalanguage>
<datalanguage iso_code="qc" default="1" >
<value><![CDATA[Robe midi]]></value>
</datalanguage>
</feature_value>
<feature_value><id_feature_value><![CDATA[21]]></id_feature_value>
<id_feature><![CDATA[7]]></id_feature>
<custom><![CDATA[0]]></custom>
<datalanguage iso_code="en" >
<value><![CDATA[Maxi Dress]]></value>
</datalanguage>
<datalanguage iso_code="qc" default="1" >
<value><![CDATA[Maxi-robe]]></value>
</datalanguage>
</feature_value>
<feature_value><id_feature_value><![CDATA[22]]></id_feature_value>
<id_feature><![CDATA[1]]></id_feature>
<custom><![CDATA[1]]></custom>
<datalanguage iso_code="en" >
<value><![CDATA[2.75 in]]></value>
</datalanguage>
<datalanguage iso_code="qc" default="1" >
<value><![CDATA[2.75"]]></value>
</datalanguage>
</feature_value>
<feature_value><id_feature_value><![CDATA[23]]></id_feature_value>
<id_feature><![CDATA[2]]></id_feature>
<custom><![CDATA[1]]></custom>
<datalanguage iso_code="en" >
<value><![CDATA[2.06 in]]></value>
</datalanguage>
<datalanguage iso_code="qc" default="1" >
<value><![CDATA[2.06"]]></value>
</datalanguage>
</feature_value>
<feature_value><id_feature_value><![CDATA[24]]></id_feature_value>
<id_feature><![CDATA[4]]></id_feature>
<custom><![CDATA[1]]></custom>
<datalanguage iso_code="en" >
<value><![CDATA[49.2 g]]></value>
</datalanguage>
<datalanguage iso_code="qc" default="1" >
<value><![CDATA[49.2 g]]></value>
</datalanguage>
</feature_value>
<feature_value><id_feature_value><![CDATA[25]]></id_feature_value>
<id_feature><![CDATA[3]]></id_feature>
<custom><![CDATA[1]]></custom>
<datalanguage iso_code="en" >
<value><![CDATA[0.26 in]]></value>
</datalanguage>
<datalanguage iso_code="qc" default="1" >
<value><![CDATA[0.26"]]></value>
</datalanguage>
</feature_value>
<feature_value><id_feature_value><![CDATA[26]]></id_feature_value>
<id_feature><![CDATA[1]]></id_feature>
<custom><![CDATA[1]]></custom>
<datalanguage iso_code="en" >
<value><![CDATA[1.07 in]]></value>
</datalanguage>
<datalanguage iso_code="qc" default="1" >
<value><![CDATA[1.07"]]></value>
</datalanguage>
</feature_value>
<feature_value><id_feature_value><![CDATA[27]]></id_feature_value>
<id_feature><![CDATA[2]]></id_feature>
<custom><![CDATA[1]]></custom>
<datalanguage iso_code="en" >
<value><![CDATA[1.62 in]]></value>
</datalanguage>
<datalanguage iso_code="qc" default="1" >
<value><![CDATA[1.62"]]></value>
</datalanguage>
</feature_value>
<feature_value><id_feature_value><![CDATA[28]]></id_feature_value>
<id_feature><![CDATA[4]]></id_feature>
<custom><![CDATA[1]]></custom>
<datalanguage iso_code="en" >
<value><![CDATA[15.5 g]]></value>
</datalanguage>
<datalanguage iso_code="qc" default="1" >
<value><![CDATA[15.5 g]]></value>
</datalanguage>
</feature_value>
<feature_value><id_feature_value><![CDATA[29]]></id_feature_value>
<id_feature><![CDATA[3]]></id_feature>
<custom><![CDATA[1]]></custom>
<datalanguage iso_code="en" >
<value><![CDATA[0.41 in (clip included)]]></value>
</datalanguage>
<datalanguage iso_code="qc" default="1" >
<value><![CDATA[0.41" (clip inclus)]]></value>
</datalanguage>
</feature_value>
<feature_value><id_feature_value><![CDATA[30]]></id_feature_value>
<id_feature><![CDATA[1]]></id_feature>
<custom><![CDATA[1]]></custom>
<datalanguage iso_code="en" >
<value><![CDATA[4.33 in]]></value>
</datalanguage>
<datalanguage iso_code="qc" default="1" >
<value><![CDATA[4.33"]]></value>
</datalanguage>
</feature_value>
<feature_value><id_feature_value><![CDATA[31]]></id_feature_value>
<id_feature><![CDATA[2]]></id_feature>
<custom><![CDATA[1]]></custom>
<datalanguage iso_code="en" >
<value><![CDATA[2.76 in]]></value>
</datalanguage>
<datalanguage iso_code="qc" default="1" >
<value><![CDATA[2.76"]]></value>
</datalanguage>
</feature_value>
<feature_value><id_feature_value><![CDATA[32]]></id_feature_value>
<id_feature><![CDATA[4]]></id_feature>
<custom><![CDATA[1]]></custom>
<datalanguage iso_code="en" >
<value><![CDATA[120g]]></value>
</datalanguage>
<datalanguage iso_code="qc" default="1" >
<value><![CDATA[120g]]></value>
</datalanguage>
</feature_value>
<feature_value><id_feature_value><![CDATA[33]]></id_feature_value>
<id_feature><![CDATA[3]]></id_feature>
<custom><![CDATA[1]]></custom>
<datalanguage iso_code="en" >
<value><![CDATA[0.31 in]]></value>
</datalanguage>
<datalanguage iso_code="qc" default="1" >
<value><![CDATA[0.31"]]></value>
</datalanguage>
</feature_value>
<feature_value><id_feature_value><![CDATA[34]]></id_feature_value>
<id_feature><![CDATA[2]]></id_feature>
<custom><![CDATA[0]]></custom>
<datalanguage iso_code="en" >
<value><![CDATA[6.5"]]></value>
</datalanguage>
<datalanguage iso_code="qc" default="1" >
<value><![CDATA[6.5"]]></value>
</datalanguage>
</feature_value>
<feature_value><id_feature_value><![CDATA[35]]></id_feature_value>
<id_feature><![CDATA[2]]></id_feature>
<custom><![CDATA[0]]></custom>
<datalanguage iso_code="en" >
<value><![CDATA[8.0"]]></value>
</datalanguage>
<datalanguage iso_code="qc" default="1" >
<value><![CDATA[8.0"]]></value>
</datalanguage>
</feature_value>
<feature_value><id_feature_value><![CDATA[36]]></id_feature_value>
<id_feature><![CDATA[8]]></id_feature>
<custom><![CDATA[0]]></custom>
<datalanguage iso_code="en" >
<value><![CDATA[5" x 7"]]></value>
</datalanguage>
<datalanguage iso_code="qc" default="1" >
<value><![CDATA[5" x 7"]]></value>
</datalanguage>
</feature_value>
<feature_value><id_feature_value><![CDATA[37]]></id_feature_value>
<id_feature><![CDATA[8]]></id_feature>
<custom><![CDATA[0]]></custom>
<datalanguage iso_code="en" >
<value><![CDATA[7" x 5"]]></value>
</datalanguage>
<datalanguage iso_code="qc" default="1" >
<value><![CDATA[7" x 5"]]></value>
</datalanguage>
</feature_value>
<feature_value><id_feature_value><![CDATA[38]]></id_feature_value>
<id_feature><![CDATA[8]]></id_feature>
<custom><![CDATA[0]]></custom>
<datalanguage iso_code="en" >
<value><![CDATA[6" x 9"]]></value>
</datalanguage>
<datalanguage iso_code="qc" default="1" >
<value><![CDATA[6" x 9"]]></value>
</datalanguage>
</feature_value>
<feature_value><id_feature_value><![CDATA[39]]></id_feature_value>
<id_feature><![CDATA[8]]></id_feature>
<custom><![CDATA[0]]></custom>
<datalanguage iso_code="en" >
<value><![CDATA[9" x 6"]]></value>
</datalanguage>
<datalanguage iso_code="qc" default="1" >
<value><![CDATA[9" x 6"]]></value>
</datalanguage>
</feature_value>
<feature_value><id_feature_value><![CDATA[40]]></id_feature_value>
<id_feature><![CDATA[5]]></id_feature>
<custom><![CDATA[0]]></custom>
<datalanguage iso_code="en" >
<value><![CDATA[Ceramic]]></value>
</datalanguage>
<datalanguage iso_code="qc" default="1" >
<value><![CDATA[Ceramic]]></value>
</datalanguage>
</feature_value>
<feature_value><id_feature_value><![CDATA[41]]></id_feature_value>
<id_feature><![CDATA[5]]></id_feature>
<custom><![CDATA[0]]></custom>
<datalanguage iso_code="en" >
<value><![CDATA[Recycled glass]]></value>
</datalanguage>
<datalanguage iso_code="qc" default="1" >
<value><![CDATA[Recycled glass]]></value>
</datalanguage>
</feature_value>
<feature_value><id_feature_value><![CDATA[42]]></id_feature_value>
<id_feature><![CDATA[9]]></id_feature>
<custom><![CDATA[0]]></custom>
<datalanguage iso_code="en" >
<value><![CDATA[8" x 10"]]></value>
</datalanguage>
<datalanguage iso_code="qc" default="1" >
<value><![CDATA[8" x 10"]]></value>
</datalanguage>
</feature_value>
<feature_value><id_feature_value><![CDATA[43]]></id_feature_value>
<id_feature><![CDATA[9]]></id_feature>
<custom><![CDATA[0]]></custom>
<datalanguage iso_code="en" >
<value><![CDATA[10" x 8"]]></value>
</datalanguage>
<datalanguage iso_code="qc" default="1" >
<value><![CDATA[10" x 8"]]></value>
</datalanguage>
</feature_value>
<feature_value><id_feature_value><![CDATA[44]]></id_feature_value>
<id_feature><![CDATA[5]]></id_feature>
<custom><![CDATA[0]]></custom>
<datalanguage iso_code="en" >
<value><![CDATA[magnet]]></value>
</datalanguage>
<datalanguage iso_code="qc" default="1" >
<value><![CDATA[aimant]]></value>
</datalanguage>
</feature_value>
<feature_value><id_feature_value><![CDATA[45]]></id_feature_value>
<id_feature><![CDATA[5]]></id_feature>
<custom><![CDATA[0]]></custom>
<datalanguage iso_code="en" >
<value><![CDATA[Pewter]]></value>
</datalanguage>
<datalanguage iso_code="qc" default="1" >
<value><![CDATA[Étain]]></value>
</datalanguage>
</feature_value>
<feature_value><id_feature_value><![CDATA[46]]></id_feature_value>
<id_feature><![CDATA[5]]></id_feature>
<custom><![CDATA[0]]></custom>
<datalanguage iso_code="en" >
<value><![CDATA[Fabric]]></value>
</datalanguage>
<datalanguage iso_code="qc" default="1" >
<value><![CDATA[Tissu]]></value>
</datalanguage>
</feature_value>
<feature_value><id_feature_value><![CDATA[47]]></id_feature_value>
<id_feature><![CDATA[5]]></id_feature>
<custom><![CDATA[0]]></custom>
<datalanguage iso_code="en" >
<value><![CDATA[Silver]]></value>
</datalanguage>
<datalanguage iso_code="qc" default="1" >
<value><![CDATA[Argent]]></value>
</datalanguage>
</feature_value>
<feature_value><id_feature_value><![CDATA[49]]></id_feature_value>
<id_feature><![CDATA[9]]></id_feature>
<custom><![CDATA[0]]></custom>
<datalanguage iso_code="en" >
<value><![CDATA[16" x 20"]]></value>
</datalanguage>
<datalanguage iso_code="qc" default="1" >
<value><![CDATA[16" x 20"]]></value>
</datalanguage>
</feature_value>
<feature_value><id_feature_value><![CDATA[50]]></id_feature_value>
<id_feature><![CDATA[9]]></id_feature>
<custom><![CDATA[0]]></custom>
<datalanguage iso_code="en" >
<value><![CDATA[20" x 16"]]></value>
</datalanguage>
<datalanguage iso_code="qc" default="1" >
<value><![CDATA[20" x 16"]]></value>
</datalanguage>
</feature_value>
<feature_value><id_feature_value><![CDATA[51]]></id_feature_value>
<id_feature><![CDATA[10]]></id_feature>
<custom><![CDATA[0]]></custom>
<datalanguage iso_code="en" >
<value><![CDATA[10.25" x 13.25"]]></value>
</datalanguage>
<datalanguage iso_code="qc" default="1" >
<value><![CDATA[10.25" x 13.25"]]></value>
</datalanguage>
</feature_value>
<feature_value><id_feature_value><![CDATA[52]]></id_feature_value>
<id_feature><![CDATA[10]]></id_feature>
<custom><![CDATA[0]]></custom>
<datalanguage iso_code="en" >
<value><![CDATA[13.25" x 10.25"]]></value>
</datalanguage>
<datalanguage iso_code="qc" default="1" >
<value><![CDATA[13.25" x 10.25"]]></value>
</datalanguage>
</feature_value>
<feature_value><id_feature_value><![CDATA[53]]></id_feature_value>
<id_feature><![CDATA[10]]></id_feature>
<custom><![CDATA[0]]></custom>
<datalanguage iso_code="en" >
<value><![CDATA[6" x 24"]]></value>
</datalanguage>
<datalanguage iso_code="qc" default="1" >
<value><![CDATA[6" x 24"]]></value>
</datalanguage>
</feature_value>
<feature_value><id_feature_value><![CDATA[54]]></id_feature_value>
<id_feature><![CDATA[10]]></id_feature>
<custom><![CDATA[0]]></custom>
<datalanguage iso_code="en" >
<value><![CDATA[3.25" x 13.5"]]></value>
</datalanguage>
<datalanguage iso_code="qc" default="1" >
<value><![CDATA[3.25" x 13.5"]]></value>
</datalanguage>
</feature_value>
<feature_value><id_feature_value><![CDATA[55]]></id_feature_value>
<id_feature><![CDATA[10]]></id_feature>
<custom><![CDATA[0]]></custom>
<datalanguage iso_code="en" >
<value><![CDATA[12" x 12"]]></value>
</datalanguage>
<datalanguage iso_code="qc" default="1" >
<value><![CDATA[12" x 12"]]></value>
</datalanguage>
</feature_value>
<feature_value><id_feature_value><![CDATA[56]]></id_feature_value>
<id_feature><![CDATA[9]]></id_feature>
<custom><![CDATA[0]]></custom>
<datalanguage iso_code="en" >
<value><![CDATA[17.75" x 17.875"]]></value>
</datalanguage>
<datalanguage iso_code="qc" default="1" >
<value><![CDATA[17.75" x 17.875"]]></value>
</datalanguage>
</feature_value>
<feature_value><id_feature_value><![CDATA[57]]></id_feature_value>
<id_feature><![CDATA[9]]></id_feature>
<custom><![CDATA[0]]></custom>
<datalanguage iso_code="en" >
<value><![CDATA[9.125” x 19.375”]]></value>
</datalanguage>
<datalanguage iso_code="qc" default="1" >
<value><![CDATA[9.125” x 19.375”]]></value>
</datalanguage>
</feature_value>
<feature_value><id_feature_value><![CDATA[58]]></id_feature_value>
<id_feature><![CDATA[10]]></id_feature>
<custom><![CDATA[0]]></custom>
<datalanguage iso_code="en" >
<value><![CDATA[4.5” x 13.5”]]></value>
</datalanguage>
<datalanguage iso_code="qc" default="1" >
<value><![CDATA[4.5” x 13.5”]]></value>
</datalanguage>
</feature_value>
<feature_value><id_feature_value><![CDATA[59]]></id_feature_value>
<id_feature><![CDATA[10]]></id_feature>
<custom><![CDATA[0]]></custom>
<datalanguage iso_code="en" >
<value><![CDATA[13.5” x 5”]]></value>
</datalanguage>
<datalanguage iso_code="qc" default="1" >
<value><![CDATA[13.5” x 5”]]></value>
</datalanguage>
</feature_value>
<feature_value><id_feature_value><![CDATA[60]]></id_feature_value>
<id_feature><![CDATA[10]]></id_feature>
<custom><![CDATA[0]]></custom>
<datalanguage iso_code="en" >
<value><![CDATA[13.5” x 4.4”]]></value>
</datalanguage>
<datalanguage iso_code="qc" default="1" >
<value><![CDATA[13.5” x 4.4”]]></value>
</datalanguage>
</feature_value>
<feature_value><id_feature_value><![CDATA[61]]></id_feature_value>
<id_feature><![CDATA[10]]></id_feature>
<custom><![CDATA[0]]></custom>
<datalanguage iso_code="en" >
<value><![CDATA[8” x 13.5”]]></value>
</datalanguage>
<datalanguage iso_code="qc" default="1" >
<value><![CDATA[8” x 13.5”]]></value>
</datalanguage>
</feature_value>
<feature_value><id_feature_value><![CDATA[62]]></id_feature_value>
<id_feature><![CDATA[10]]></id_feature>
<custom><![CDATA[0]]></custom>
<datalanguage iso_code="en" >
<value><![CDATA[6” x 13.5”]]></value>
</datalanguage>
<datalanguage iso_code="qc" default="1" >
<value><![CDATA[6” x 13.5”]]></value>
</datalanguage>
</feature_value>
<feature_value><id_feature_value><![CDATA[63]]></id_feature_value>
<id_feature><![CDATA[10]]></id_feature>
<custom><![CDATA[0]]></custom>
<datalanguage iso_code="en" >
<value><![CDATA[6.75” x 13.5”]]></value>
</datalanguage>
<datalanguage iso_code="qc" default="1" >
<value><![CDATA[6.75” x 13.5”]]></value>
</datalanguage>
</feature_value>
<feature_value><id_feature_value><![CDATA[64]]></id_feature_value>
<id_feature><![CDATA[10]]></id_feature>
<custom><![CDATA[0]]></custom>
<datalanguage iso_code="en" >
<value><![CDATA[13.5” x 6.75”]]></value>
</datalanguage>
<datalanguage iso_code="qc" default="1" >
<value><![CDATA[13.5” x 6.75”]]></value>
</datalanguage>
</feature_value>
<feature_value><id_feature_value><![CDATA[65]]></id_feature_value>
<id_feature><![CDATA[10]]></id_feature>
<custom><![CDATA[0]]></custom>
<datalanguage iso_code="en" >
<value><![CDATA[2.25” x 13.5”]]></value>
</datalanguage>
<datalanguage iso_code="qc" default="1" >
<value><![CDATA[2.25” x 13.5”]]></value>
</datalanguage>
</feature_value>
<feature_value><id_feature_value><![CDATA[66]]></id_feature_value>
<id_feature><![CDATA[10]]></id_feature>
<custom><![CDATA[0]]></custom>
<datalanguage iso_code="en" >
<value><![CDATA[6" x 24"]]></value>
</datalanguage>
<datalanguage iso_code="qc" default="1" >
<value><![CDATA[6" x 24"]]></value>
</datalanguage>
</feature_value>
<feature_value><id_feature_value><![CDATA[67]]></id_feature_value>
<id_feature><![CDATA[9]]></id_feature>
<custom><![CDATA[0]]></custom>
<datalanguage iso_code="en" >
<value><![CDATA[19.25” x 12.625”]]></value>
</datalanguage>
<datalanguage iso_code="qc" default="1" >
<value><![CDATA[19.25” x 12.625”]]></value>
</datalanguage>
</feature_value>
<feature_value><id_feature_value><![CDATA[68]]></id_feature_value>
<id_feature><![CDATA[9]]></id_feature>
<custom><![CDATA[0]]></custom>
<datalanguage iso_code="en" >
<value><![CDATA[11.75” x 29.875”]]></value>
</datalanguage>
<datalanguage iso_code="qc" default="1" >
<value><![CDATA[11.75” x 29.875”]]></value>
</datalanguage>
</feature_value>
<feature_value><id_feature_value><![CDATA[69]]></id_feature_value>
<id_feature><![CDATA[9]]></id_feature>
<custom><![CDATA[0]]></custom>
<datalanguage iso_code="en" >
<value><![CDATA[12.5” x 19.375”]]></value>
</datalanguage>
<datalanguage iso_code="qc" default="1" >
<value><![CDATA[12.5” x 19.375”]]></value>
</datalanguage>
</feature_value>
<feature_value><id_feature_value><![CDATA[70]]></id_feature_value>
<id_feature><![CDATA[9]]></id_feature>
<custom><![CDATA[0]]></custom>
<datalanguage iso_code="en" >
<value><![CDATA[11.75” x 19.375”]]></value>
</datalanguage>
<datalanguage iso_code="qc" default="1" >
<value><![CDATA[11.75” x 19.375”]]></value>
</datalanguage>
</feature_value>
<feature_value><id_feature_value><![CDATA[71]]></id_feature_value>
<id_feature><![CDATA[9]]></id_feature>
<custom><![CDATA[0]]></custom>
<datalanguage iso_code="en" >
<value><![CDATA[13.75” x 19.375”]]></value>
</datalanguage>
<datalanguage iso_code="qc" default="1" >
<value><![CDATA[13.75” x 19.375”]]></value>
</datalanguage>
</feature_value>
<feature_value><id_feature_value><![CDATA[72]]></id_feature_value>
<id_feature><![CDATA[10]]></id_feature>
<custom><![CDATA[0]]></custom>
<datalanguage iso_code="en" >
<value><![CDATA[18" x 6"]]></value>
</datalanguage>
<datalanguage iso_code="qc" default="1" >
<value><![CDATA[18" x 6"]]></value>
</datalanguage>
</feature_value>
<feature_value><id_feature_value><![CDATA[73]]></id_feature_value>
<id_feature><![CDATA[9]]></id_feature>
<custom><![CDATA[0]]></custom>
<datalanguage iso_code="en" >
<value><![CDATA[23.75" x 11.75"]]></value>
</datalanguage>
<datalanguage iso_code="qc" default="1" >
<value><![CDATA[23.75" x 11.75"]]></value>
</datalanguage>
</feature_value>
<feature_value><id_feature_value><![CDATA[74]]></id_feature_value>
<id_feature><![CDATA[9]]></id_feature>
<custom><![CDATA[0]]></custom>
<datalanguage iso_code="en" >
<value><![CDATA[19.25” x 10.875”]]></value>
</datalanguage>
<datalanguage iso_code="qc" default="1" >
<value><![CDATA[19.25” x 10.875”]]></value>
</datalanguage>
</feature_value>
<feature_value><id_feature_value><![CDATA[75]]></id_feature_value>
<id_feature><![CDATA[9]]></id_feature>
<custom><![CDATA[0]]></custom>
<datalanguage iso_code="en" >
<value><![CDATA[8.75” x 23.875”]]></value>
</datalanguage>
<datalanguage iso_code="qc" default="1" >
<value><![CDATA[8.75” x 23.875”]]></value>
</datalanguage>
</feature_value>
<feature_value><id_feature_value><![CDATA[76]]></id_feature_value>
<id_feature><![CDATA[10]]></id_feature>
<custom><![CDATA[0]]></custom>
<datalanguage iso_code="en" >
<value><![CDATA[3” x 18”]]></value>
</datalanguage>
<datalanguage iso_code="qc" default="1" >
<value><![CDATA[3” x 18”]]></value>
</datalanguage>
</feature_value>
<feature_value><id_feature_value><![CDATA[77]]></id_feature_value>
<id_feature><![CDATA[10]]></id_feature>
<custom><![CDATA[0]]></custom>
<datalanguage iso_code="en" >
<value><![CDATA[10.25” x 13.25”]]></value>
</datalanguage>
<datalanguage iso_code="qc" default="1" >
<value><![CDATA[10.25” x 13.25”]]></value>
</datalanguage>
</feature_value>
<feature_value><id_feature_value><![CDATA[78]]></id_feature_value>
<id_feature><![CDATA[9]]></id_feature>
<custom><![CDATA[0]]></custom>
<datalanguage iso_code="en" >
<value><![CDATA[20” x 16”]]></value>
</datalanguage>
<datalanguage iso_code="qc" default="1" >
<value><![CDATA[20” x 16”]]></value>
</datalanguage>
</feature_value>
<feature_value><id_feature_value><![CDATA[79]]></id_feature_value>
<id_feature><![CDATA[10]]></id_feature>
<custom><![CDATA[0]]></custom>
<datalanguage iso_code="en" >
<value><![CDATA[12” x 12”]]></value>
</datalanguage>
<datalanguage iso_code="qc" default="1" >
<value><![CDATA[12” x 12”]]></value>
</datalanguage>
</feature_value>
<feature_value><id_feature_value><![CDATA[80]]></id_feature_value>
<id_feature><![CDATA[9]]></id_feature>
<custom><![CDATA[0]]></custom>
<datalanguage iso_code="en" >
<value><![CDATA[17.75” 17.875”]]></value>
</datalanguage>
<datalanguage iso_code="qc" default="1" >
<value><![CDATA[17.75” 17.875”]]></value>
</datalanguage>
</feature_value>
<feature_value><id_feature_value><![CDATA[81]]></id_feature_value>
<id_feature><![CDATA[10]]></id_feature>
<custom><![CDATA[0]]></custom>
<datalanguage iso_code="en" >
<value><![CDATA[18” x 6”]]></value>
</datalanguage>
<datalanguage iso_code="qc" default="1" >
<value><![CDATA[18” x 6”]]></value>
</datalanguage>
</feature_value>
<feature_value><id_feature_value><![CDATA[82]]></id_feature_value>
<id_feature><![CDATA[10]]></id_feature>
<custom><![CDATA[0]]></custom>
<datalanguage iso_code="en" >
<value><![CDATA[3.25” x 13.5”]]></value>
</datalanguage>
<datalanguage iso_code="qc" default="1" >
<value><![CDATA[3.25” x 13.5”]]></value>
</datalanguage>
</feature_value>
<feature_value><id_feature_value><![CDATA[83]]></id_feature_value>
<id_feature><![CDATA[9]]></id_feature>
<custom><![CDATA[0]]></custom>
<datalanguage iso_code="en" >
<value><![CDATA[10.25” x 19.375”]]></value>
</datalanguage>
<datalanguage iso_code="qc" default="1" >
<value><![CDATA[10.25” x 19.375”]]></value>
</datalanguage>
</feature_value>
<feature_value><id_feature_value><![CDATA[84]]></id_feature_value>
<id_feature><![CDATA[10]]></id_feature>
<custom><![CDATA[0]]></custom>
<datalanguage iso_code="en" >
<value><![CDATA[6” x 24”]]></value>
</datalanguage>
<datalanguage iso_code="qc" default="1" >
<value><![CDATA[6” x 24”]]></value>
</datalanguage>
</feature_value>
<feature_value><id_feature_value><![CDATA[87]]></id_feature_value>
<id_feature><![CDATA[10]]></id_feature>
<custom><![CDATA[0]]></custom>
<datalanguage iso_code="en" >
<value><![CDATA[6" x 18"]]></value>
</datalanguage>
<datalanguage iso_code="qc" default="1" >
<value><![CDATA[6" x 18"]]></value>
</datalanguage>
</feature_value>
<feature_value><id_feature_value><![CDATA[88]]></id_feature_value>
<id_feature><![CDATA[9]]></id_feature>
<custom><![CDATA[0]]></custom>
<datalanguage iso_code="en" >
<value><![CDATA[11.75" x 23.875"]]></value>
</datalanguage>
<datalanguage iso_code="qc" default="1" >
<value><![CDATA[11.75" x 23.875"]]></value>
</datalanguage>
</feature_value>
<feature_value><id_feature_value><![CDATA[91]]></id_feature_value>
<id_feature><![CDATA[10]]></id_feature>
<custom><![CDATA[0]]></custom>
<datalanguage iso_code="en" >
<value><![CDATA[16" x 20"]]></value>
</datalanguage>
<datalanguage iso_code="qc" default="1" >
<value><![CDATA[16" x 20"]]></value>
</datalanguage>
</feature_value>
<feature_value><id_feature_value><![CDATA[92]]></id_feature_value>
<id_feature><![CDATA[10]]></id_feature>
<custom><![CDATA[0]]></custom>
<datalanguage iso_code="en" >
<value><![CDATA[20" x 16"]]></value>
</datalanguage>
<datalanguage iso_code="qc" default="1" >
<value><![CDATA[20" x 16"]]></value>
</datalanguage>
</feature_value>
<feature_value><id_feature_value><![CDATA[103]]></id_feature_value>
<id_feature><![CDATA[11]]></id_feature>
<custom><![CDATA[0]]></custom>
<datalanguage iso_code="en" >
<value><![CDATA[18" x 22"]]></value>
</datalanguage>
<datalanguage iso_code="qc" default="1" >
<value><![CDATA[18" x 22"]]></value>
</datalanguage>
</feature_value>
<feature_value><id_feature_value><![CDATA[104]]></id_feature_value>
<id_feature><![CDATA[11]]></id_feature>
<custom><![CDATA[0]]></custom>
<datalanguage iso_code="en" >
<value><![CDATA[22" x 18"]]></value>
</datalanguage>
<datalanguage iso_code="qc" default="1" >
<value><![CDATA[22" x 18"]]></value>
</datalanguage>
</feature_value>
<feature_value><id_feature_value><![CDATA[109]]></id_feature_value>
<id_feature><![CDATA[10]]></id_feature>
<custom><![CDATA[0]]></custom>
<datalanguage iso_code="en" >
<value><![CDATA[18" x 24"]]></value>
</datalanguage>
<datalanguage iso_code="qc" default="1" >
<value><![CDATA[18" x 24"]]></value>
</datalanguage>
</feature_value>
<feature_value><id_feature_value><![CDATA[110]]></id_feature_value>
<id_feature><![CDATA[11]]></id_feature>
<custom><![CDATA[0]]></custom>
<datalanguage iso_code="en" >
<value><![CDATA[20" x 26"]]></value>
</datalanguage>
<datalanguage iso_code="qc" default="1" >
<value><![CDATA[20" x 26"]]></value>
</datalanguage>
</feature_value>
<feature_value><id_feature_value><![CDATA[111]]></id_feature_value>
<id_feature><![CDATA[11]]></id_feature>
<custom><![CDATA[0]]></custom>
<datalanguage iso_code="en" >
<value><![CDATA[17.75" x 21.75"]]></value>
</datalanguage>
<datalanguage iso_code="qc" default="1" >
<value><![CDATA[17.75" x 21.75"]]></value>
</datalanguage>
</feature_value>
<feature_value><id_feature_value><![CDATA[112]]></id_feature_value>
<id_feature><![CDATA[11]]></id_feature>
<custom><![CDATA[0]]></custom>
<datalanguage iso_code="en" >
<value><![CDATA[21.75" x 17.75"]]></value>
</datalanguage>
<datalanguage iso_code="qc" default="1" >
<value><![CDATA[21.75" x 17.75"]]></value>
</datalanguage>
</feature_value>
<feature_value><id_feature_value><![CDATA[127]]></id_feature_value>
<id_feature><![CDATA[10]]></id_feature>
<custom><![CDATA[0]]></custom>
<datalanguage iso_code="en" >
<value><![CDATA[30" x 40"]]></value>
</datalanguage>
<datalanguage iso_code="qc" default="1" >
<value><![CDATA[30" x 40"]]></value>
</datalanguage>
</feature_value>
<feature_value><id_feature_value><![CDATA[128]]></id_feature_value>
<id_feature><![CDATA[10]]></id_feature>
<custom><![CDATA[0]]></custom>
<datalanguage iso_code="en" >
<value><![CDATA[32" x 40"]]></value>
</datalanguage>
<datalanguage iso_code="qc" default="1" >
<value><![CDATA[32" x 40"]]></value>
</datalanguage>
</feature_value>
<feature_value><id_feature_value><![CDATA[129]]></id_feature_value>
<id_feature><![CDATA[10]]></id_feature>
<custom><![CDATA[0]]></custom>
<datalanguage iso_code="en" >
<value><![CDATA[16" x 21.3"]]></value>
</datalanguage>
<datalanguage iso_code="qc" default="1" >
<value><![CDATA[16" x 21.3"]]></value>
</datalanguage>
</feature_value>
<feature_value><id_feature_value><![CDATA[130]]></id_feature_value>
<id_feature><![CDATA[10]]></id_feature>
<custom><![CDATA[0]]></custom>
<datalanguage iso_code="en" >
<value><![CDATA[16" x 20.7"]]></value>
</datalanguage>
<datalanguage iso_code="qc" default="1" >
<value><![CDATA[16" x 20.7"]]></value>
</datalanguage>
</feature_value>
<feature_value><id_feature_value><![CDATA[131]]></id_feature_value>
<id_feature><![CDATA[11]]></id_feature>
<custom><![CDATA[0]]></custom>
<datalanguage iso_code="en" >
<value><![CDATA[18" x 23.3"]]></value>
</datalanguage>
<datalanguage iso_code="qc" default="1" >
<value><![CDATA[18" x 23.3"]]></value>
</datalanguage>
</feature_value>
<feature_value><id_feature_value><![CDATA[132]]></id_feature_value>
<id_feature><![CDATA[11]]></id_feature>
<custom><![CDATA[0]]></custom>
<datalanguage iso_code="en" >
<value><![CDATA[18" x 22.7"]]></value>
</datalanguage>
<datalanguage iso_code="qc" default="1" >
<value><![CDATA[18" x 22.7"]]></value>
</datalanguage>
</feature_value>
<feature_value><id_feature_value><![CDATA[133]]></id_feature_value>
<id_feature><![CDATA[11]]></id_feature>
<custom><![CDATA[0]]></custom>
<datalanguage iso_code="en" >
<value><![CDATA[34" x 42"]]></value>
</datalanguage>
<datalanguage iso_code="qc" default="1" >
<value><![CDATA[34" x 42"]]></value>
</datalanguage>
</feature_value>
<feature_value><id_feature_value><![CDATA[134]]></id_feature_value>
<id_feature><![CDATA[11]]></id_feature>
<custom><![CDATA[0]]></custom>
<datalanguage iso_code="en" >
<value><![CDATA[32" x 42"]]></value>
</datalanguage>
<datalanguage iso_code="qc" default="1" >
<value><![CDATA[32" x 42"]]></value>
</datalanguage>
</feature_value>
<feature_value><id_feature_value><![CDATA[137]]></id_feature_value>
<id_feature><![CDATA[10]]></id_feature>
<custom><![CDATA[0]]></custom>
<datalanguage iso_code="en" >
<value><![CDATA[20" x 15"]]></value>
</datalanguage>
<datalanguage iso_code="qc" default="1" >
<value><![CDATA[20" x 15"]]></value>
</datalanguage>
</feature_value>
<feature_value><id_feature_value><![CDATA[138]]></id_feature_value>
<id_feature><![CDATA[10]]></id_feature>
<custom><![CDATA[0]]></custom>
<datalanguage iso_code="en" >
<value><![CDATA[20" x 15.5"]]></value>
</datalanguage>
<datalanguage iso_code="qc" default="1" >
<value><![CDATA[20" x 15.5"]]></value>
</datalanguage>
</feature_value>
<feature_value><id_feature_value><![CDATA[139]]></id_feature_value>
<id_feature><![CDATA[10]]></id_feature>
<custom><![CDATA[0]]></custom>
<datalanguage iso_code="en" >
<value><![CDATA[27" x 18"]]></value>
</datalanguage>
<datalanguage iso_code="qc" default="1" >
<value><![CDATA[27" x 18"]]></value>
</datalanguage>
</feature_value>
<feature_value><id_feature_value><![CDATA[140]]></id_feature_value>
<id_feature><![CDATA[10]]></id_feature>
<custom><![CDATA[0]]></custom>
<datalanguage iso_code="en" >
<value><![CDATA[21.5" x 15"]]></value>
</datalanguage>
<datalanguage iso_code="qc" default="1" >
<value><![CDATA[21.5" x 15"]]></value>
</datalanguage>
</feature_value>
<feature_value><id_feature_value><![CDATA[141]]></id_feature_value>
<id_feature><![CDATA[11]]></id_feature>
<custom><![CDATA[0]]></custom>
<datalanguage iso_code="en" >
<value><![CDATA[22" x 17"]]></value>
</datalanguage>
<datalanguage iso_code="qc" default="1" >
<value><![CDATA[22" x 17"]]></value>
</datalanguage>
</feature_value>
<feature_value><id_feature_value><![CDATA[142]]></id_feature_value>
<id_feature><![CDATA[11]]></id_feature>
<custom><![CDATA[0]]></custom>
<datalanguage iso_code="en" >
<value><![CDATA[22" x 17.5"]]></value>
</datalanguage>
<datalanguage iso_code="qc" default="1" >
<value><![CDATA[22" x 17.5"]]></value>
</datalanguage>
</feature_value>
<feature_value><id_feature_value><![CDATA[143]]></id_feature_value>
<id_feature><![CDATA[11]]></id_feature>
<custom><![CDATA[0]]></custom>
<datalanguage iso_code="en" >
<value><![CDATA[29" x 20"]]></value>
</datalanguage>
<datalanguage iso_code="qc" default="1" >
<value><![CDATA[29" x 20"]]></value>
</datalanguage>
</feature_value>
<feature_value><id_feature_value><![CDATA[144]]></id_feature_value>
<id_feature><![CDATA[11]]></id_feature>
<custom><![CDATA[0]]></custom>
<datalanguage iso_code="en" >
<value><![CDATA[23.5" x 17"]]></value>
</datalanguage>
<datalanguage iso_code="qc" default="1" >
<value><![CDATA[23.5" x 17"]]></value>
</datalanguage>
</feature_value>
<feature_value><id_feature_value><![CDATA[145]]></id_feature_value>
<id_feature><![CDATA[10]]></id_feature>
<custom><![CDATA[0]]></custom>
<datalanguage iso_code="en" >
<value><![CDATA[20" x 20"]]></value>
</datalanguage>
<datalanguage iso_code="qc" default="1" >
<value><![CDATA[20" x 20"]]></value>
</datalanguage>
</feature_value>
<feature_value><id_feature_value><![CDATA[146]]></id_feature_value>
<id_feature><![CDATA[11]]></id_feature>
<custom><![CDATA[0]]></custom>
<datalanguage iso_code="en" >
<value><![CDATA[22" x 22"]]></value>
</datalanguage>
<datalanguage iso_code="qc" default="1" >
<value><![CDATA[22" x 22"]]></value>
</datalanguage>
</feature_value>
<feature_value><id_feature_value><![CDATA[147]]></id_feature_value>
<id_feature><![CDATA[11]]></id_feature>
<custom><![CDATA[0]]></custom>
<datalanguage iso_code="en" >
<value><![CDATA[14" x 14"]]></value>
</datalanguage>
<datalanguage iso_code="qc" default="1" >
<value><![CDATA[14" x 14"]]></value>
</datalanguage>
</feature_value>
<feature_value><id_feature_value><![CDATA[148]]></id_feature_value>
<id_feature><![CDATA[11]]></id_feature>
<custom><![CDATA[0]]></custom>
<datalanguage iso_code="en" >
<value><![CDATA[19.5" x 19.5"]]></value>
</datalanguage>
<datalanguage iso_code="qc" default="1" >
<value><![CDATA[19.5" x 19.5"]]></value>
</datalanguage>
</feature_value>
<feature_value><id_feature_value><![CDATA[149]]></id_feature_value>
<id_feature><![CDATA[10]]></id_feature>
<custom><![CDATA[0]]></custom>
<datalanguage iso_code="en" >
<value><![CDATA[10" x 20"]]></value>
</datalanguage>
<datalanguage iso_code="qc" default="1" >
<value><![CDATA[10" x 20"]]></value>
</datalanguage>
</feature_value>
<feature_value><id_feature_value><![CDATA[150]]></id_feature_value>
<id_feature><![CDATA[10]]></id_feature>
<custom><![CDATA[0]]></custom>
<datalanguage iso_code="en" >
<value><![CDATA[20" x 10"]]></value>
</datalanguage>
<datalanguage iso_code="qc" default="1" >
<value><![CDATA[20" x 10"]]></value>
</datalanguage>
</feature_value>
<feature_value><id_feature_value><![CDATA[151]]></id_feature_value>
<id_feature><![CDATA[10]]></id_feature>
<custom><![CDATA[0]]></custom>
<datalanguage iso_code="en" >
<value><![CDATA[12" x 24"]]></value>
</datalanguage>
<datalanguage iso_code="qc" default="1" >
<value><![CDATA[12" x 24"]]></value>
</datalanguage>
</feature_value>
<feature_value><id_feature_value><![CDATA[152]]></id_feature_value>
<id_feature><![CDATA[10]]></id_feature>
<custom><![CDATA[0]]></custom>
<datalanguage iso_code="en" >
<value><![CDATA[24" x 12"]]></value>
</datalanguage>
<datalanguage iso_code="qc" default="1" >
<value><![CDATA[24" x 12"]]></value>
</datalanguage>
</feature_value>
<feature_value><id_feature_value><![CDATA[153]]></id_feature_value>
<id_feature><![CDATA[10]]></id_feature>
<custom><![CDATA[0]]></custom>
<datalanguage iso_code="en" >
<value><![CDATA[15" x 24"]]></value>
</datalanguage>
<datalanguage iso_code="qc" default="1" >
<value><![CDATA[15" x 24"]]></value>
</datalanguage>
</feature_value>
<feature_value><id_feature_value><![CDATA[154]]></id_feature_value>
<id_feature><![CDATA[10]]></id_feature>
<custom><![CDATA[0]]></custom>
<datalanguage iso_code="en" >
<value><![CDATA[48" x 16"]]></value>
</datalanguage>
<datalanguage iso_code="qc" default="1" >
<value><![CDATA[48" x 16"]]></value>
</datalanguage>
</feature_value>
<feature_value><id_feature_value><![CDATA[155]]></id_feature_value>
<id_feature><![CDATA[10]]></id_feature>
<custom><![CDATA[0]]></custom>
<datalanguage iso_code="en" >
<value><![CDATA[12" x 36"]]></value>
</datalanguage>
<datalanguage iso_code="qc" default="1" >
<value><![CDATA[12" x 36"]]></value>
</datalanguage>
</feature_value>
<feature_value><id_feature_value><![CDATA[156]]></id_feature_value>
<id_feature><![CDATA[10]]></id_feature>
<custom><![CDATA[0]]></custom>
<datalanguage iso_code="en" >
<value><![CDATA[6" x 36"]]></value>
</datalanguage>
<datalanguage iso_code="qc" default="1" >
<value><![CDATA[6" x 36"]]></value>
</datalanguage>
</feature_value>
<feature_value><id_feature_value><![CDATA[157]]></id_feature_value>
<id_feature><![CDATA[10]]></id_feature>
<custom><![CDATA[0]]></custom>
<datalanguage iso_code="en" >
<value><![CDATA[20" x 40"]]></value>
</datalanguage>
<datalanguage iso_code="qc" default="1" >
<value><![CDATA[20" x 40"]]></value>
</datalanguage>
</feature_value>
<feature_value><id_feature_value><![CDATA[158]]></id_feature_value>
<id_feature><![CDATA[11]]></id_feature>
<custom><![CDATA[0]]></custom>
<datalanguage iso_code="en" >
<value><![CDATA[22" x 12"]]></value>
</datalanguage>
<datalanguage iso_code="qc" default="1" >
<value><![CDATA[22" x 12"]]></value>
</datalanguage>
</feature_value>
<feature_value><id_feature_value><![CDATA[159]]></id_feature_value>
<id_feature><![CDATA[11]]></id_feature>
<custom><![CDATA[0]]></custom>
<datalanguage iso_code="en" >
<value><![CDATA[26" x 14"]]></value>
</datalanguage>
<datalanguage iso_code="qc" default="1" >
<value><![CDATA[26" x 14"]]></value>
</datalanguage>
</feature_value>
<feature_value><id_feature_value><![CDATA[160]]></id_feature_value>
<id_feature><![CDATA[11]]></id_feature>
<custom><![CDATA[0]]></custom>
<datalanguage iso_code="en" >
<value><![CDATA[12" x 22"]]></value>
</datalanguage>
<datalanguage iso_code="qc" default="1" >
<value><![CDATA[12" x 22"]]></value>
</datalanguage>
</feature_value>
<feature_value><id_feature_value><![CDATA[161]]></id_feature_value>
<id_feature><![CDATA[11]]></id_feature>
<custom><![CDATA[0]]></custom>
<datalanguage iso_code="en" >
<value><![CDATA[14" x 26"]]></value>
</datalanguage>
<datalanguage iso_code="qc" default="1" >
<value><![CDATA[14" x 26"]]></value>
</datalanguage>
</feature_value>
<feature_value><id_feature_value><![CDATA[162]]></id_feature_value>
<id_feature><![CDATA[11]]></id_feature>
<custom><![CDATA[0]]></custom>
<datalanguage iso_code="en" >
<value><![CDATA[22" x 42"]]></value>
</datalanguage>
<datalanguage iso_code="qc" default="1" >
<value><![CDATA[22" x 42"]]></value>
</datalanguage>
</feature_value>
<feature_value><id_feature_value><![CDATA[163]]></id_feature_value>
<id_feature><![CDATA[11]]></id_feature>
<custom><![CDATA[0]]></custom>
<datalanguage iso_code="en" >
<value><![CDATA[17" x 26"]]></value>
</datalanguage>
<datalanguage iso_code="qc" default="1" >
<value><![CDATA[17" x 26"]]></value>
</datalanguage>
</feature_value>
<feature_value><id_feature_value><![CDATA[164]]></id_feature_value>
<id_feature><![CDATA[11]]></id_feature>
<custom><![CDATA[0]]></custom>
<datalanguage iso_code="en" >
<value><![CDATA[50" x 18"]]></value>
</datalanguage>
<datalanguage iso_code="qc" default="1" >
<value><![CDATA[50" x 18"]]></value>
</datalanguage>
</feature_value>
<feature_value><id_feature_value><![CDATA[165]]></id_feature_value>
<id_feature><![CDATA[11]]></id_feature>
<custom><![CDATA[0]]></custom>
<datalanguage iso_code="en" >
<value><![CDATA[14" x 38"]]></value>
</datalanguage>
<datalanguage iso_code="qc" default="1" >
<value><![CDATA[14" x 38"]]></value>
</datalanguage>
</feature_value>
<feature_value><id_feature_value><![CDATA[166]]></id_feature_value>
<id_feature><![CDATA[11]]></id_feature>
<custom><![CDATA[0]]></custom>
<datalanguage iso_code="en" >
<value><![CDATA[8" x 38"]]></value>
</datalanguage>
<datalanguage iso_code="qc" default="1" >
<value><![CDATA[8" x 38"]]></value>
</datalanguage>
</feature_value>
<feature_value><id_feature_value><![CDATA[167]]></id_feature_value>
<id_feature><![CDATA[11]]></id_feature>
<custom><![CDATA[0]]></custom>
<datalanguage iso_code="en" >
<value><![CDATA[8" x 26"]]></value>
</datalanguage>
<datalanguage iso_code="qc" default="1" >
<value><![CDATA[8" x 26"]]></value>
</datalanguage>
</feature_value>
<feature_value><id_feature_value><![CDATA[168]]></id_feature_value>
<id_feature><![CDATA[11]]></id_feature>
<custom><![CDATA[0]]></custom>
<datalanguage iso_code="en" >
<value><![CDATA[21" x 12.625"]]></value>
</datalanguage>
<datalanguage iso_code="qc" default="1" >
<value><![CDATA[21" x 12.625"]]></value>
</datalanguage>
</feature_value>
<feature_value><id_feature_value><![CDATA[169]]></id_feature_value>
<id_feature><![CDATA[11]]></id_feature>
<custom><![CDATA[0]]></custom>
<datalanguage iso_code="en" >
<value><![CDATA[21" x 14.375"]]></value>
</datalanguage>
<datalanguage iso_code="qc" default="1" >
<value><![CDATA[21" x 14.375"]]></value>
</datalanguage>
</feature_value>
<feature_value><id_feature_value><![CDATA[170]]></id_feature_value>
<id_feature><![CDATA[11]]></id_feature>
<custom><![CDATA[0]]></custom>
<datalanguage iso_code="en" >
<value><![CDATA[14.25" x 21.125"]]></value>
</datalanguage>
<datalanguage iso_code="qc" default="1" >
<value><![CDATA[14.25" x 21.125"]]></value>
</datalanguage>
</feature_value>
<feature_value><id_feature_value><![CDATA[171]]></id_feature_value>
<id_feature><![CDATA[11]]></id_feature>
<custom><![CDATA[0]]></custom>
<datalanguage iso_code="en" >
<value><![CDATA[10.875" x 21.125"]]></value>
</datalanguage>
<datalanguage iso_code="qc" default="1" >
<value><![CDATA[10.875" x 21.125"]]></value>
</datalanguage>
</feature_value>
<feature_value><id_feature_value><![CDATA[172]]></id_feature_value>
<id_feature><![CDATA[11]]></id_feature>
<custom><![CDATA[0]]></custom>
<datalanguage iso_code="en" >
<value><![CDATA[15.5" x 21.125"]]></value>
</datalanguage>
<datalanguage iso_code="qc" default="1" >
<value><![CDATA[15.5" x 21.125"]]></value>
</datalanguage>
</feature_value>
<feature_value><id_feature_value><![CDATA[173]]></id_feature_value>
<id_feature><![CDATA[11]]></id_feature>
<custom><![CDATA[0]]></custom>
<datalanguage iso_code="en" >
<value><![CDATA[25.5" x 13.5"]]></value>
</datalanguage>
<datalanguage iso_code="qc" default="1" >
<value><![CDATA[25.5" x 13.5"]]></value>
</datalanguage>
</feature_value>
<feature_value><id_feature_value><![CDATA[174]]></id_feature_value>
<id_feature><![CDATA[11]]></id_feature>
<custom><![CDATA[0]]></custom>
<datalanguage iso_code="en" >
<value><![CDATA[13.5" x 25.625"]]></value>
</datalanguage>
<datalanguage iso_code="qc" default="1" >
<value><![CDATA[13.5" x 25.625"]]></value>
</datalanguage>
</feature_value>
<feature_value><id_feature_value><![CDATA[175]]></id_feature_value>
<id_feature><![CDATA[11]]></id_feature>
<custom><![CDATA[0]]></custom>
<datalanguage iso_code="en" >
<value><![CDATA[10.5" x 25.625"]]></value>
</datalanguage>
<datalanguage iso_code="qc" default="1" >
<value><![CDATA[10.5" x 25.625"]]></value>
</datalanguage>
</feature_value>
<feature_value><id_feature_value><![CDATA[176]]></id_feature_value>
<id_feature><![CDATA[11]]></id_feature>
<custom><![CDATA[0]]></custom>
<datalanguage iso_code="en" >
<value><![CDATA[13.5" x 31.625"]]></value>
</datalanguage>
<datalanguage iso_code="qc" default="1" >
<value><![CDATA[13.5" x 31.625"]]></value>
</datalanguage>
</feature_value>
<feature_value><id_feature_value><![CDATA[177]]></id_feature_value>
<id_feature><![CDATA[12]]></id_feature>
<custom><![CDATA[0]]></custom>
<datalanguage iso_code="en" >
<value><![CDATA[99]]></value>
</datalanguage>
<datalanguage iso_code="qc" default="1" >
<value><![CDATA[99]]></value>
</datalanguage>
</feature_value>
<feature_value><id_feature_value><![CDATA[178]]></id_feature_value>
<id_feature><![CDATA[12]]></id_feature>
<custom><![CDATA[0]]></custom>
<datalanguage iso_code="en" >
<value><![CDATA[50]]></value>
</datalanguage>
<datalanguage iso_code="qc" default="1" >
<value><![CDATA[50]]></value>
</datalanguage>
</feature_value>
<feature_value><id_feature_value><![CDATA[179]]></id_feature_value>
<id_feature><![CDATA[10]]></id_feature>
<custom><![CDATA[0]]></custom>
<datalanguage iso_code="en" >
<value><![CDATA[24" x 16"]]></value>
</datalanguage>
<datalanguage iso_code="qc" default="1" >
<value><![CDATA[24" x 16"]]></value>
</datalanguage>
</feature_value>
<feature_value><id_feature_value><![CDATA[180]]></id_feature_value>
<id_feature><![CDATA[11]]></id_feature>
<custom><![CDATA[0]]></custom>
<datalanguage iso_code="en" >
<value><![CDATA[18" x 26"]]></value>
</datalanguage>
<datalanguage iso_code="qc" default="1" >
<value><![CDATA[18" x 26"]]></value>
</datalanguage>
</feature_value>
<feature_value><id_feature_value><![CDATA[181]]></id_feature_value>
<id_feature><![CDATA[10]]></id_feature>
<custom><![CDATA[0]]></custom>
<datalanguage iso_code="en" >
<value><![CDATA[15" x 20"]]></value>
</datalanguage>
<datalanguage iso_code="qc" default="1" >
<value><![CDATA[15" x 20"]]></value>
</datalanguage>
</feature_value>
<feature_value><id_feature_value><![CDATA[182]]></id_feature_value>
<id_feature><![CDATA[11]]></id_feature>
<custom><![CDATA[0]]></custom>
<datalanguage iso_code="en" >
<value><![CDATA[17" x 22"]]></value>
</datalanguage>
<datalanguage iso_code="qc" default="1" >
<value><![CDATA[17" x 22"]]></value>
</datalanguage>
</feature_value>
<feature_value><id_feature_value><![CDATA[183]]></id_feature_value>
<id_feature><![CDATA[10]]></id_feature>
<custom><![CDATA[0]]></custom>
<datalanguage iso_code="en" >
<value><![CDATA[16" x 21.5"]]></value>
</datalanguage>
<datalanguage iso_code="qc" default="1" >
<value><![CDATA[16" x 21.5"]]></value>
</datalanguage>
</feature_value>
<feature_value><id_feature_value><![CDATA[184]]></id_feature_value>
<id_feature><![CDATA[11]]></id_feature>
<custom><![CDATA[0]]></custom>
<datalanguage iso_code="en" >
<value><![CDATA[26" x 18"]]></value>
</datalanguage>
<datalanguage iso_code="qc" default="1" >
<value><![CDATA[26" x 18"]]></value>
</datalanguage>
</feature_value>
<feature_value><id_feature_value><![CDATA[187]]></id_feature_value>
<id_feature><![CDATA[10]]></id_feature>
<custom><![CDATA[0]]></custom>
<datalanguage iso_code="en" >
<value><![CDATA[24" x 30"]]></value>
</datalanguage>
<datalanguage iso_code="qc" default="1" >
<value><![CDATA[24" x 30"]]></value>
</datalanguage>
</feature_value>
<feature_value><id_feature_value><![CDATA[188]]></id_feature_value>
<id_feature><![CDATA[10]]></id_feature>
<custom><![CDATA[0]]></custom>
<datalanguage iso_code="en" >
<value><![CDATA[30" x 24"]]></value>
</datalanguage>
<datalanguage iso_code="qc" default="1" >
<value><![CDATA[30" x 24"]]></value>
</datalanguage>
</feature_value>
<feature_value><id_feature_value><![CDATA[205]]></id_feature_value>
<id_feature><![CDATA[10]]></id_feature>
<custom><![CDATA[1]]></custom>
<datalanguage iso_code="en" >
<value><![CDATA[16" x 20.7"]]></value>
</datalanguage>
<datalanguage iso_code="qc" default="1" >
<value><![CDATA[16" x 20.7"]]></value>
</datalanguage>
</feature_value>
<feature_value><id_feature_value><![CDATA[206]]></id_feature_value>
<id_feature><![CDATA[11]]></id_feature>
<custom><![CDATA[1]]></custom>
<datalanguage iso_code="en" >
<value><![CDATA[18" x 22.7"]]></value>
</datalanguage>
<datalanguage iso_code="qc" default="1" >
<value><![CDATA[18" x 22.7"]]></value>
</datalanguage>
</feature_value>
<feature_value><id_feature_value><![CDATA[207]]></id_feature_value>
<id_feature><![CDATA[10]]></id_feature>
<custom><![CDATA[0]]></custom>
<datalanguage iso_code="en" >
<value><![CDATA[48" x 30"]]></value>
</datalanguage>
<datalanguage iso_code="qc" default="1" >
<value><![CDATA[48" x 30"]]></value>
</datalanguage>
</feature_value>
<feature_value><id_feature_value><![CDATA[208]]></id_feature_value>
<id_feature><![CDATA[10]]></id_feature>
<custom><![CDATA[0]]></custom>
<datalanguage iso_code="en" >
<value><![CDATA[18" x 36"]]></value>
</datalanguage>
<datalanguage iso_code="qc" default="1" >
<value><![CDATA[18" x 36"]]></value>
</datalanguage>
</feature_value>
<feature_value><id_feature_value><![CDATA[209]]></id_feature_value>
<id_feature><![CDATA[11]]></id_feature>
<custom><![CDATA[0]]></custom>
<datalanguage iso_code="en" >
<value><![CDATA[20" x 38"]]></value>
</datalanguage>
<datalanguage iso_code="qc" default="1" >
<value><![CDATA[20" x 38"]]></value>
</datalanguage>
</feature_value>
<feature_value><id_feature_value><![CDATA[210]]></id_feature_value>
<id_feature><![CDATA[11]]></id_feature>
<custom><![CDATA[0]]></custom>
<datalanguage iso_code="en" >
<value><![CDATA[50" x 32"]]></value>
</datalanguage>
<datalanguage iso_code="qc" default="1" >
<value><![CDATA[50" x 32"]]></value>
</datalanguage>
</feature_value>
</entity_profile>
