<?xml version="1.0" encoding="UTF-8"?>
<entity_profile>
<order_message><id_order_message><![CDATA[1]]></id_order_message>
<date_add><![CDATA[2018-12-11 09:36:43]]></date_add>
<datalanguage iso_code="en" >
<name><![CDATA[Order Shipped & Tracking Number]]></name>
<message><![CDATA[Good afternoon,
Thank you for placing an order with us. Your order has been shipped. Click on the link below to follow your package:
https://www.canadapost.ca/trackweb/en#/search?searchFor=
Please come back soon !
Khewa Team.]]></message>
</datalanguage>
<datalanguage iso_code="qc" default="1" >
<name><![CDATA[Commande envoyée et numéro de suivi]]></name>
<message><![CDATA[Bonjour, 
Merci d'avoir placé une commande avec nous. Votre commande a été envoyée. Cliquez sur le lien ci-dessous pour suivre votre colis:
https://www.canadapost.ca/trackweb/fr#/search?searchFor=
Au plaisir de vous revoir bientôt !
L'équipe Khewa.]]></message>
</datalanguage>
</order_message>
</entity_profile>
