<?xml version="1.0" encoding="UTF-8"?>
<entity_profile>
<order_invoice_payment><id_order_invoice><![CDATA[2]]></id_order_invoice>
<id_order_payment><![CDATA[2]]></id_order_payment>
<id_order><![CDATA[2]]></id_order>
</order_invoice_payment>
<order_invoice_payment><id_order_invoice><![CDATA[3]]></id_order_invoice>
<id_order_payment><![CDATA[3]]></id_order_payment>
<id_order><![CDATA[3]]></id_order>
</order_invoice_payment>
<order_invoice_payment><id_order_invoice><![CDATA[4]]></id_order_invoice>
<id_order_payment><![CDATA[4]]></id_order_payment>
<id_order><![CDATA[4]]></id_order>
</order_invoice_payment>
<order_invoice_payment><id_order_invoice><![CDATA[5]]></id_order_invoice>
<id_order_payment><![CDATA[5]]></id_order_payment>
<id_order><![CDATA[5]]></id_order>
</order_invoice_payment>
<order_invoice_payment><id_order_invoice><![CDATA[1]]></id_order_invoice>
<id_order_payment><![CDATA[1]]></id_order_payment>
<id_order><![CDATA[6]]></id_order>
</order_invoice_payment>
<order_invoice_payment><id_order_invoice><![CDATA[6]]></id_order_invoice>
<id_order_payment><![CDATA[6]]></id_order_payment>
<id_order><![CDATA[6]]></id_order>
</order_invoice_payment>
<order_invoice_payment><id_order_invoice><![CDATA[7]]></id_order_invoice>
<id_order_payment><![CDATA[7]]></id_order_payment>
<id_order><![CDATA[7]]></id_order>
</order_invoice_payment>
<order_invoice_payment><id_order_invoice><![CDATA[8]]></id_order_invoice>
<id_order_payment><![CDATA[8]]></id_order_payment>
<id_order><![CDATA[8]]></id_order>
</order_invoice_payment>
<order_invoice_payment><id_order_invoice><![CDATA[9]]></id_order_invoice>
<id_order_payment><![CDATA[9]]></id_order_payment>
<id_order><![CDATA[9]]></id_order>
</order_invoice_payment>
<order_invoice_payment><id_order_invoice><![CDATA[10]]></id_order_invoice>
<id_order_payment><![CDATA[10]]></id_order_payment>
<id_order><![CDATA[10]]></id_order>
</order_invoice_payment>
<order_invoice_payment><id_order_invoice><![CDATA[11]]></id_order_invoice>
<id_order_payment><![CDATA[11]]></id_order_payment>
<id_order><![CDATA[11]]></id_order>
</order_invoice_payment>
<order_invoice_payment><id_order_invoice><![CDATA[12]]></id_order_invoice>
<id_order_payment><![CDATA[12]]></id_order_payment>
<id_order><![CDATA[12]]></id_order>
</order_invoice_payment>
<order_invoice_payment><id_order_invoice><![CDATA[13]]></id_order_invoice>
<id_order_payment><![CDATA[13]]></id_order_payment>
<id_order><![CDATA[13]]></id_order>
</order_invoice_payment>
<order_invoice_payment><id_order_invoice><![CDATA[14]]></id_order_invoice>
<id_order_payment><![CDATA[14]]></id_order_payment>
<id_order><![CDATA[14]]></id_order>
</order_invoice_payment>
<order_invoice_payment><id_order_invoice><![CDATA[15]]></id_order_invoice>
<id_order_payment><![CDATA[15]]></id_order_payment>
<id_order><![CDATA[15]]></id_order>
</order_invoice_payment>
<order_invoice_payment><id_order_invoice><![CDATA[16]]></id_order_invoice>
<id_order_payment><![CDATA[16]]></id_order_payment>
<id_order><![CDATA[16]]></id_order>
</order_invoice_payment>
<order_invoice_payment><id_order_invoice><![CDATA[17]]></id_order_invoice>
<id_order_payment><![CDATA[17]]></id_order_payment>
<id_order><![CDATA[17]]></id_order>
</order_invoice_payment>
<order_invoice_payment><id_order_invoice><![CDATA[18]]></id_order_invoice>
<id_order_payment><![CDATA[18]]></id_order_payment>
<id_order><![CDATA[18]]></id_order>
</order_invoice_payment>
<order_invoice_payment><id_order_invoice><![CDATA[19]]></id_order_invoice>
<id_order_payment><![CDATA[19]]></id_order_payment>
<id_order><![CDATA[19]]></id_order>
</order_invoice_payment>
<order_invoice_payment><id_order_invoice><![CDATA[20]]></id_order_invoice>
<id_order_payment><![CDATA[20]]></id_order_payment>
<id_order><![CDATA[20]]></id_order>
</order_invoice_payment>
<order_invoice_payment><id_order_invoice><![CDATA[21]]></id_order_invoice>
<id_order_payment><![CDATA[21]]></id_order_payment>
<id_order><![CDATA[21]]></id_order>
</order_invoice_payment>
<order_invoice_payment><id_order_invoice><![CDATA[22]]></id_order_invoice>
<id_order_payment><![CDATA[22]]></id_order_payment>
<id_order><![CDATA[22]]></id_order>
</order_invoice_payment>
<order_invoice_payment><id_order_invoice><![CDATA[23]]></id_order_invoice>
<id_order_payment><![CDATA[23]]></id_order_payment>
<id_order><![CDATA[23]]></id_order>
</order_invoice_payment>
<order_invoice_payment><id_order_invoice><![CDATA[24]]></id_order_invoice>
<id_order_payment><![CDATA[24]]></id_order_payment>
<id_order><![CDATA[24]]></id_order>
</order_invoice_payment>
<order_invoice_payment><id_order_invoice><![CDATA[25]]></id_order_invoice>
<id_order_payment><![CDATA[25]]></id_order_payment>
<id_order><![CDATA[25]]></id_order>
</order_invoice_payment>
<order_invoice_payment><id_order_invoice><![CDATA[26]]></id_order_invoice>
<id_order_payment><![CDATA[26]]></id_order_payment>
<id_order><![CDATA[26]]></id_order>
</order_invoice_payment>
<order_invoice_payment><id_order_invoice><![CDATA[27]]></id_order_invoice>
<id_order_payment><![CDATA[27]]></id_order_payment>
<id_order><![CDATA[27]]></id_order>
</order_invoice_payment>
<order_invoice_payment><id_order_invoice><![CDATA[28]]></id_order_invoice>
<id_order_payment><![CDATA[28]]></id_order_payment>
<id_order><![CDATA[28]]></id_order>
</order_invoice_payment>
<order_invoice_payment><id_order_invoice><![CDATA[29]]></id_order_invoice>
<id_order_payment><![CDATA[29]]></id_order_payment>
<id_order><![CDATA[29]]></id_order>
</order_invoice_payment>
<order_invoice_payment><id_order_invoice><![CDATA[30]]></id_order_invoice>
<id_order_payment><![CDATA[30]]></id_order_payment>
<id_order><![CDATA[30]]></id_order>
</order_invoice_payment>
<order_invoice_payment><id_order_invoice><![CDATA[36]]></id_order_invoice>
<id_order_payment><![CDATA[31]]></id_order_payment>
<id_order><![CDATA[31]]></id_order>
</order_invoice_payment>
<order_invoice_payment><id_order_invoice><![CDATA[37]]></id_order_invoice>
<id_order_payment><![CDATA[32]]></id_order_payment>
<id_order><![CDATA[32]]></id_order>
</order_invoice_payment>
<order_invoice_payment><id_order_invoice><![CDATA[37]]></id_order_invoice>
<id_order_payment><![CDATA[42]]></id_order_payment>
<id_order><![CDATA[32]]></id_order>
</order_invoice_payment>
<order_invoice_payment><id_order_invoice><![CDATA[31]]></id_order_invoice>
<id_order_payment><![CDATA[33]]></id_order_payment>
<id_order><![CDATA[33]]></id_order>
</order_invoice_payment>
<order_invoice_payment><id_order_invoice><![CDATA[32]]></id_order_invoice>
<id_order_payment><![CDATA[34]]></id_order_payment>
<id_order><![CDATA[34]]></id_order>
</order_invoice_payment>
<order_invoice_payment><id_order_invoice><![CDATA[32]]></id_order_invoice>
<id_order_payment><![CDATA[35]]></id_order_payment>
<id_order><![CDATA[34]]></id_order>
</order_invoice_payment>
<order_invoice_payment><id_order_invoice><![CDATA[38]]></id_order_invoice>
<id_order_payment><![CDATA[37]]></id_order_payment>
<id_order><![CDATA[36]]></id_order>
</order_invoice_payment>
<order_invoice_payment><id_order_invoice><![CDATA[39]]></id_order_invoice>
<id_order_payment><![CDATA[38]]></id_order_payment>
<id_order><![CDATA[37]]></id_order>
</order_invoice_payment>
<order_invoice_payment><id_order_invoice><![CDATA[33]]></id_order_invoice>
<id_order_payment><![CDATA[39]]></id_order_payment>
<id_order><![CDATA[38]]></id_order>
</order_invoice_payment>
<order_invoice_payment><id_order_invoice><![CDATA[34]]></id_order_invoice>
<id_order_payment><![CDATA[40]]></id_order_payment>
<id_order><![CDATA[39]]></id_order>
</order_invoice_payment>
<order_invoice_payment><id_order_invoice><![CDATA[35]]></id_order_invoice>
<id_order_payment><![CDATA[41]]></id_order_payment>
<id_order><![CDATA[40]]></id_order>
</order_invoice_payment>
<order_invoice_payment><id_order_invoice><![CDATA[40]]></id_order_invoice>
<id_order_payment><![CDATA[43]]></id_order_payment>
<id_order><![CDATA[41]]></id_order>
</order_invoice_payment>
<order_invoice_payment><id_order_invoice><![CDATA[41]]></id_order_invoice>
<id_order_payment><![CDATA[44]]></id_order_payment>
<id_order><![CDATA[42]]></id_order>
</order_invoice_payment>
<order_invoice_payment><id_order_invoice><![CDATA[42]]></id_order_invoice>
<id_order_payment><![CDATA[49]]></id_order_payment>
<id_order><![CDATA[47]]></id_order>
</order_invoice_payment>
<order_invoice_payment><id_order_invoice><![CDATA[43]]></id_order_invoice>
<id_order_payment><![CDATA[50]]></id_order_payment>
<id_order><![CDATA[48]]></id_order>
</order_invoice_payment>
<order_invoice_payment><id_order_invoice><![CDATA[44]]></id_order_invoice>
<id_order_payment><![CDATA[51]]></id_order_payment>
<id_order><![CDATA[49]]></id_order>
</order_invoice_payment>
<order_invoice_payment><id_order_invoice><![CDATA[45]]></id_order_invoice>
<id_order_payment><![CDATA[52]]></id_order_payment>
<id_order><![CDATA[50]]></id_order>
</order_invoice_payment>
<order_invoice_payment><id_order_invoice><![CDATA[46]]></id_order_invoice>
<id_order_payment><![CDATA[53]]></id_order_payment>
<id_order><![CDATA[51]]></id_order>
</order_invoice_payment>
<order_invoice_payment><id_order_invoice><![CDATA[47]]></id_order_invoice>
<id_order_payment><![CDATA[54]]></id_order_payment>
<id_order><![CDATA[52]]></id_order>
</order_invoice_payment>
<order_invoice_payment><id_order_invoice><![CDATA[48]]></id_order_invoice>
<id_order_payment><![CDATA[55]]></id_order_payment>
<id_order><![CDATA[53]]></id_order>
</order_invoice_payment>
<order_invoice_payment><id_order_invoice><![CDATA[49]]></id_order_invoice>
<id_order_payment><![CDATA[56]]></id_order_payment>
<id_order><![CDATA[54]]></id_order>
</order_invoice_payment>
<order_invoice_payment><id_order_invoice><![CDATA[50]]></id_order_invoice>
<id_order_payment><![CDATA[57]]></id_order_payment>
<id_order><![CDATA[55]]></id_order>
</order_invoice_payment>
<order_invoice_payment><id_order_invoice><![CDATA[51]]></id_order_invoice>
<id_order_payment><![CDATA[58]]></id_order_payment>
<id_order><![CDATA[56]]></id_order>
</order_invoice_payment>
<order_invoice_payment><id_order_invoice><![CDATA[52]]></id_order_invoice>
<id_order_payment><![CDATA[59]]></id_order_payment>
<id_order><![CDATA[57]]></id_order>
</order_invoice_payment>
<order_invoice_payment><id_order_invoice><![CDATA[53]]></id_order_invoice>
<id_order_payment><![CDATA[60]]></id_order_payment>
<id_order><![CDATA[58]]></id_order>
</order_invoice_payment>
<order_invoice_payment><id_order_invoice><![CDATA[54]]></id_order_invoice>
<id_order_payment><![CDATA[61]]></id_order_payment>
<id_order><![CDATA[59]]></id_order>
</order_invoice_payment>
<order_invoice_payment><id_order_invoice><![CDATA[55]]></id_order_invoice>
<id_order_payment><![CDATA[62]]></id_order_payment>
<id_order><![CDATA[60]]></id_order>
</order_invoice_payment>
<order_invoice_payment><id_order_invoice><![CDATA[56]]></id_order_invoice>
<id_order_payment><![CDATA[63]]></id_order_payment>
<id_order><![CDATA[61]]></id_order>
</order_invoice_payment>
<order_invoice_payment><id_order_invoice><![CDATA[57]]></id_order_invoice>
<id_order_payment><![CDATA[64]]></id_order_payment>
<id_order><![CDATA[62]]></id_order>
</order_invoice_payment>
<order_invoice_payment><id_order_invoice><![CDATA[58]]></id_order_invoice>
<id_order_payment><![CDATA[65]]></id_order_payment>
<id_order><![CDATA[63]]></id_order>
</order_invoice_payment>
<order_invoice_payment><id_order_invoice><![CDATA[59]]></id_order_invoice>
<id_order_payment><![CDATA[66]]></id_order_payment>
<id_order><![CDATA[64]]></id_order>
</order_invoice_payment>
<order_invoice_payment><id_order_invoice><![CDATA[60]]></id_order_invoice>
<id_order_payment><![CDATA[67]]></id_order_payment>
<id_order><![CDATA[65]]></id_order>
</order_invoice_payment>
<order_invoice_payment><id_order_invoice><![CDATA[61]]></id_order_invoice>
<id_order_payment><![CDATA[68]]></id_order_payment>
<id_order><![CDATA[66]]></id_order>
</order_invoice_payment>
<order_invoice_payment><id_order_invoice><![CDATA[62]]></id_order_invoice>
<id_order_payment><![CDATA[69]]></id_order_payment>
<id_order><![CDATA[67]]></id_order>
</order_invoice_payment>
<order_invoice_payment><id_order_invoice><![CDATA[63]]></id_order_invoice>
<id_order_payment><![CDATA[70]]></id_order_payment>
<id_order><![CDATA[68]]></id_order>
</order_invoice_payment>
<order_invoice_payment><id_order_invoice><![CDATA[64]]></id_order_invoice>
<id_order_payment><![CDATA[71]]></id_order_payment>
<id_order><![CDATA[69]]></id_order>
</order_invoice_payment>
<order_invoice_payment><id_order_invoice><![CDATA[65]]></id_order_invoice>
<id_order_payment><![CDATA[72]]></id_order_payment>
<id_order><![CDATA[70]]></id_order>
</order_invoice_payment>
<order_invoice_payment><id_order_invoice><![CDATA[66]]></id_order_invoice>
<id_order_payment><![CDATA[73]]></id_order_payment>
<id_order><![CDATA[71]]></id_order>
</order_invoice_payment>
<order_invoice_payment><id_order_invoice><![CDATA[67]]></id_order_invoice>
<id_order_payment><![CDATA[74]]></id_order_payment>
<id_order><![CDATA[72]]></id_order>
</order_invoice_payment>
<order_invoice_payment><id_order_invoice><![CDATA[68]]></id_order_invoice>
<id_order_payment><![CDATA[75]]></id_order_payment>
<id_order><![CDATA[73]]></id_order>
</order_invoice_payment>
<order_invoice_payment><id_order_invoice><![CDATA[69]]></id_order_invoice>
<id_order_payment><![CDATA[76]]></id_order_payment>
<id_order><![CDATA[74]]></id_order>
</order_invoice_payment>
<order_invoice_payment><id_order_invoice><![CDATA[70]]></id_order_invoice>
<id_order_payment><![CDATA[77]]></id_order_payment>
<id_order><![CDATA[75]]></id_order>
</order_invoice_payment>
<order_invoice_payment><id_order_invoice><![CDATA[71]]></id_order_invoice>
<id_order_payment><![CDATA[78]]></id_order_payment>
<id_order><![CDATA[76]]></id_order>
</order_invoice_payment>
<order_invoice_payment><id_order_invoice><![CDATA[72]]></id_order_invoice>
<id_order_payment><![CDATA[79]]></id_order_payment>
<id_order><![CDATA[77]]></id_order>
</order_invoice_payment>
<order_invoice_payment><id_order_invoice><![CDATA[73]]></id_order_invoice>
<id_order_payment><![CDATA[80]]></id_order_payment>
<id_order><![CDATA[78]]></id_order>
</order_invoice_payment>
<order_invoice_payment><id_order_invoice><![CDATA[74]]></id_order_invoice>
<id_order_payment><![CDATA[81]]></id_order_payment>
<id_order><![CDATA[79]]></id_order>
</order_invoice_payment>
<order_invoice_payment><id_order_invoice><![CDATA[75]]></id_order_invoice>
<id_order_payment><![CDATA[82]]></id_order_payment>
<id_order><![CDATA[80]]></id_order>
</order_invoice_payment>
<order_invoice_payment><id_order_invoice><![CDATA[76]]></id_order_invoice>
<id_order_payment><![CDATA[90]]></id_order_payment>
<id_order><![CDATA[81]]></id_order>
</order_invoice_payment>
<order_invoice_payment><id_order_invoice><![CDATA[77]]></id_order_invoice>
<id_order_payment><![CDATA[91]]></id_order_payment>
<id_order><![CDATA[82]]></id_order>
</order_invoice_payment>
<order_invoice_payment><id_order_invoice><![CDATA[78]]></id_order_invoice>
<id_order_payment><![CDATA[92]]></id_order_payment>
<id_order><![CDATA[83]]></id_order>
</order_invoice_payment>
<order_invoice_payment><id_order_invoice><![CDATA[79]]></id_order_invoice>
<id_order_payment><![CDATA[94]]></id_order_payment>
<id_order><![CDATA[84]]></id_order>
</order_invoice_payment>
<order_invoice_payment><id_order_invoice><![CDATA[80]]></id_order_invoice>
<id_order_payment><![CDATA[95]]></id_order_payment>
<id_order><![CDATA[85]]></id_order>
</order_invoice_payment>
<order_invoice_payment><id_order_invoice><![CDATA[81]]></id_order_invoice>
<id_order_payment><![CDATA[100]]></id_order_payment>
<id_order><![CDATA[86]]></id_order>
</order_invoice_payment>
<order_invoice_payment><id_order_invoice><![CDATA[82]]></id_order_invoice>
<id_order_payment><![CDATA[101]]></id_order_payment>
<id_order><![CDATA[87]]></id_order>
</order_invoice_payment>
<order_invoice_payment><id_order_invoice><![CDATA[83]]></id_order_invoice>
<id_order_payment><![CDATA[102]]></id_order_payment>
<id_order><![CDATA[88]]></id_order>
</order_invoice_payment>
<order_invoice_payment><id_order_invoice><![CDATA[84]]></id_order_invoice>
<id_order_payment><![CDATA[103]]></id_order_payment>
<id_order><![CDATA[89]]></id_order>
</order_invoice_payment>
<order_invoice_payment><id_order_invoice><![CDATA[85]]></id_order_invoice>
<id_order_payment><![CDATA[104]]></id_order_payment>
<id_order><![CDATA[90]]></id_order>
</order_invoice_payment>
<order_invoice_payment><id_order_invoice><![CDATA[86]]></id_order_invoice>
<id_order_payment><![CDATA[105]]></id_order_payment>
<id_order><![CDATA[91]]></id_order>
</order_invoice_payment>
<order_invoice_payment><id_order_invoice><![CDATA[87]]></id_order_invoice>
<id_order_payment><![CDATA[106]]></id_order_payment>
<id_order><![CDATA[92]]></id_order>
</order_invoice_payment>
<order_invoice_payment><id_order_invoice><![CDATA[88]]></id_order_invoice>
<id_order_payment><![CDATA[107]]></id_order_payment>
<id_order><![CDATA[93]]></id_order>
</order_invoice_payment>
<order_invoice_payment><id_order_invoice><![CDATA[89]]></id_order_invoice>
<id_order_payment><![CDATA[108]]></id_order_payment>
<id_order><![CDATA[94]]></id_order>
</order_invoice_payment>
<order_invoice_payment><id_order_invoice><![CDATA[90]]></id_order_invoice>
<id_order_payment><![CDATA[110]]></id_order_payment>
<id_order><![CDATA[96]]></id_order>
</order_invoice_payment>
<order_invoice_payment><id_order_invoice><![CDATA[91]]></id_order_invoice>
<id_order_payment><![CDATA[111]]></id_order_payment>
<id_order><![CDATA[97]]></id_order>
</order_invoice_payment>
<order_invoice_payment><id_order_invoice><![CDATA[92]]></id_order_invoice>
<id_order_payment><![CDATA[112]]></id_order_payment>
<id_order><![CDATA[98]]></id_order>
</order_invoice_payment>
<order_invoice_payment><id_order_invoice><![CDATA[93]]></id_order_invoice>
<id_order_payment><![CDATA[113]]></id_order_payment>
<id_order><![CDATA[99]]></id_order>
</order_invoice_payment>
<order_invoice_payment><id_order_invoice><![CDATA[94]]></id_order_invoice>
<id_order_payment><![CDATA[114]]></id_order_payment>
<id_order><![CDATA[100]]></id_order>
</order_invoice_payment>
<order_invoice_payment><id_order_invoice><![CDATA[95]]></id_order_invoice>
<id_order_payment><![CDATA[115]]></id_order_payment>
<id_order><![CDATA[101]]></id_order>
</order_invoice_payment>
<order_invoice_payment><id_order_invoice><![CDATA[96]]></id_order_invoice>
<id_order_payment><![CDATA[116]]></id_order_payment>
<id_order><![CDATA[102]]></id_order>
</order_invoice_payment>
<order_invoice_payment><id_order_invoice><![CDATA[97]]></id_order_invoice>
<id_order_payment><![CDATA[117]]></id_order_payment>
<id_order><![CDATA[103]]></id_order>
</order_invoice_payment>
<order_invoice_payment><id_order_invoice><![CDATA[98]]></id_order_invoice>
<id_order_payment><![CDATA[118]]></id_order_payment>
<id_order><![CDATA[104]]></id_order>
</order_invoice_payment>
<order_invoice_payment><id_order_invoice><![CDATA[99]]></id_order_invoice>
<id_order_payment><![CDATA[119]]></id_order_payment>
<id_order><![CDATA[105]]></id_order>
</order_invoice_payment>
<order_invoice_payment><id_order_invoice><![CDATA[100]]></id_order_invoice>
<id_order_payment><![CDATA[120]]></id_order_payment>
<id_order><![CDATA[106]]></id_order>
</order_invoice_payment>
<order_invoice_payment><id_order_invoice><![CDATA[101]]></id_order_invoice>
<id_order_payment><![CDATA[121]]></id_order_payment>
<id_order><![CDATA[107]]></id_order>
</order_invoice_payment>
<order_invoice_payment><id_order_invoice><![CDATA[102]]></id_order_invoice>
<id_order_payment><![CDATA[122]]></id_order_payment>
<id_order><![CDATA[108]]></id_order>
</order_invoice_payment>
<order_invoice_payment><id_order_invoice><![CDATA[103]]></id_order_invoice>
<id_order_payment><![CDATA[123]]></id_order_payment>
<id_order><![CDATA[109]]></id_order>
</order_invoice_payment>
<order_invoice_payment><id_order_invoice><![CDATA[104]]></id_order_invoice>
<id_order_payment><![CDATA[124]]></id_order_payment>
<id_order><![CDATA[110]]></id_order>
</order_invoice_payment>
<order_invoice_payment><id_order_invoice><![CDATA[105]]></id_order_invoice>
<id_order_payment><![CDATA[125]]></id_order_payment>
<id_order><![CDATA[111]]></id_order>
</order_invoice_payment>
<order_invoice_payment><id_order_invoice><![CDATA[106]]></id_order_invoice>
<id_order_payment><![CDATA[126]]></id_order_payment>
<id_order><![CDATA[112]]></id_order>
</order_invoice_payment>
<order_invoice_payment><id_order_invoice><![CDATA[107]]></id_order_invoice>
<id_order_payment><![CDATA[127]]></id_order_payment>
<id_order><![CDATA[113]]></id_order>
</order_invoice_payment>
<order_invoice_payment><id_order_invoice><![CDATA[108]]></id_order_invoice>
<id_order_payment><![CDATA[128]]></id_order_payment>
<id_order><![CDATA[114]]></id_order>
</order_invoice_payment>
<order_invoice_payment><id_order_invoice><![CDATA[109]]></id_order_invoice>
<id_order_payment><![CDATA[129]]></id_order_payment>
<id_order><![CDATA[115]]></id_order>
</order_invoice_payment>
<order_invoice_payment><id_order_invoice><![CDATA[110]]></id_order_invoice>
<id_order_payment><![CDATA[130]]></id_order_payment>
<id_order><![CDATA[116]]></id_order>
</order_invoice_payment>
<order_invoice_payment><id_order_invoice><![CDATA[111]]></id_order_invoice>
<id_order_payment><![CDATA[131]]></id_order_payment>
<id_order><![CDATA[117]]></id_order>
</order_invoice_payment>
<order_invoice_payment><id_order_invoice><![CDATA[112]]></id_order_invoice>
<id_order_payment><![CDATA[132]]></id_order_payment>
<id_order><![CDATA[118]]></id_order>
</order_invoice_payment>
<order_invoice_payment><id_order_invoice><![CDATA[113]]></id_order_invoice>
<id_order_payment><![CDATA[133]]></id_order_payment>
<id_order><![CDATA[119]]></id_order>
</order_invoice_payment>
<order_invoice_payment><id_order_invoice><![CDATA[114]]></id_order_invoice>
<id_order_payment><![CDATA[134]]></id_order_payment>
<id_order><![CDATA[120]]></id_order>
</order_invoice_payment>
<order_invoice_payment><id_order_invoice><![CDATA[115]]></id_order_invoice>
<id_order_payment><![CDATA[135]]></id_order_payment>
<id_order><![CDATA[121]]></id_order>
</order_invoice_payment>
<order_invoice_payment><id_order_invoice><![CDATA[117]]></id_order_invoice>
<id_order_payment><![CDATA[136]]></id_order_payment>
<id_order><![CDATA[122]]></id_order>
</order_invoice_payment>
<order_invoice_payment><id_order_invoice><![CDATA[117]]></id_order_invoice>
<id_order_payment><![CDATA[138]]></id_order_payment>
<id_order><![CDATA[122]]></id_order>
</order_invoice_payment>
<order_invoice_payment><id_order_invoice><![CDATA[116]]></id_order_invoice>
<id_order_payment><![CDATA[137]]></id_order_payment>
<id_order><![CDATA[123]]></id_order>
</order_invoice_payment>
<order_invoice_payment><id_order_invoice><![CDATA[118]]></id_order_invoice>
<id_order_payment><![CDATA[139]]></id_order_payment>
<id_order><![CDATA[124]]></id_order>
</order_invoice_payment>
<order_invoice_payment><id_order_invoice><![CDATA[119]]></id_order_invoice>
<id_order_payment><![CDATA[140]]></id_order_payment>
<id_order><![CDATA[125]]></id_order>
</order_invoice_payment>
<order_invoice_payment><id_order_invoice><![CDATA[120]]></id_order_invoice>
<id_order_payment><![CDATA[141]]></id_order_payment>
<id_order><![CDATA[126]]></id_order>
</order_invoice_payment>
<order_invoice_payment><id_order_invoice><![CDATA[120]]></id_order_invoice>
<id_order_payment><![CDATA[142]]></id_order_payment>
<id_order><![CDATA[126]]></id_order>
</order_invoice_payment>
<order_invoice_payment><id_order_invoice><![CDATA[121]]></id_order_invoice>
<id_order_payment><![CDATA[143]]></id_order_payment>
<id_order><![CDATA[127]]></id_order>
</order_invoice_payment>
<order_invoice_payment><id_order_invoice><![CDATA[122]]></id_order_invoice>
<id_order_payment><![CDATA[144]]></id_order_payment>
<id_order><![CDATA[128]]></id_order>
</order_invoice_payment>
<order_invoice_payment><id_order_invoice><![CDATA[123]]></id_order_invoice>
<id_order_payment><![CDATA[145]]></id_order_payment>
<id_order><![CDATA[129]]></id_order>
</order_invoice_payment>
<order_invoice_payment><id_order_invoice><![CDATA[124]]></id_order_invoice>
<id_order_payment><![CDATA[146]]></id_order_payment>
<id_order><![CDATA[130]]></id_order>
</order_invoice_payment>
<order_invoice_payment><id_order_invoice><![CDATA[125]]></id_order_invoice>
<id_order_payment><![CDATA[147]]></id_order_payment>
<id_order><![CDATA[131]]></id_order>
</order_invoice_payment>
<order_invoice_payment><id_order_invoice><![CDATA[126]]></id_order_invoice>
<id_order_payment><![CDATA[148]]></id_order_payment>
<id_order><![CDATA[132]]></id_order>
</order_invoice_payment>
<order_invoice_payment><id_order_invoice><![CDATA[127]]></id_order_invoice>
<id_order_payment><![CDATA[149]]></id_order_payment>
<id_order><![CDATA[133]]></id_order>
</order_invoice_payment>
<order_invoice_payment><id_order_invoice><![CDATA[128]]></id_order_invoice>
<id_order_payment><![CDATA[151]]></id_order_payment>
<id_order><![CDATA[134]]></id_order>
</order_invoice_payment>
<order_invoice_payment><id_order_invoice><![CDATA[129]]></id_order_invoice>
<id_order_payment><![CDATA[152]]></id_order_payment>
<id_order><![CDATA[135]]></id_order>
</order_invoice_payment>
<order_invoice_payment><id_order_invoice><![CDATA[130]]></id_order_invoice>
<id_order_payment><![CDATA[153]]></id_order_payment>
<id_order><![CDATA[136]]></id_order>
</order_invoice_payment>
<order_invoice_payment><id_order_invoice><![CDATA[131]]></id_order_invoice>
<id_order_payment><![CDATA[154]]></id_order_payment>
<id_order><![CDATA[137]]></id_order>
</order_invoice_payment>
<order_invoice_payment><id_order_invoice><![CDATA[131]]></id_order_invoice>
<id_order_payment><![CDATA[155]]></id_order_payment>
<id_order><![CDATA[137]]></id_order>
</order_invoice_payment>
<order_invoice_payment><id_order_invoice><![CDATA[132]]></id_order_invoice>
<id_order_payment><![CDATA[156]]></id_order_payment>
<id_order><![CDATA[138]]></id_order>
</order_invoice_payment>
<order_invoice_payment><id_order_invoice><![CDATA[133]]></id_order_invoice>
<id_order_payment><![CDATA[157]]></id_order_payment>
<id_order><![CDATA[139]]></id_order>
</order_invoice_payment>
<order_invoice_payment><id_order_invoice><![CDATA[134]]></id_order_invoice>
<id_order_payment><![CDATA[158]]></id_order_payment>
<id_order><![CDATA[140]]></id_order>
</order_invoice_payment>
<order_invoice_payment><id_order_invoice><![CDATA[135]]></id_order_invoice>
<id_order_payment><![CDATA[159]]></id_order_payment>
<id_order><![CDATA[141]]></id_order>
</order_invoice_payment>
<order_invoice_payment><id_order_invoice><![CDATA[136]]></id_order_invoice>
<id_order_payment><![CDATA[160]]></id_order_payment>
<id_order><![CDATA[142]]></id_order>
</order_invoice_payment>
<order_invoice_payment><id_order_invoice><![CDATA[137]]></id_order_invoice>
<id_order_payment><![CDATA[161]]></id_order_payment>
<id_order><![CDATA[143]]></id_order>
</order_invoice_payment>
<order_invoice_payment><id_order_invoice><![CDATA[138]]></id_order_invoice>
<id_order_payment><![CDATA[162]]></id_order_payment>
<id_order><![CDATA[144]]></id_order>
</order_invoice_payment>
<order_invoice_payment><id_order_invoice><![CDATA[139]]></id_order_invoice>
<id_order_payment><![CDATA[163]]></id_order_payment>
<id_order><![CDATA[145]]></id_order>
</order_invoice_payment>
<order_invoice_payment><id_order_invoice><![CDATA[140]]></id_order_invoice>
<id_order_payment><![CDATA[164]]></id_order_payment>
<id_order><![CDATA[146]]></id_order>
</order_invoice_payment>
<order_invoice_payment><id_order_invoice><![CDATA[141]]></id_order_invoice>
<id_order_payment><![CDATA[165]]></id_order_payment>
<id_order><![CDATA[147]]></id_order>
</order_invoice_payment>
<order_invoice_payment><id_order_invoice><![CDATA[142]]></id_order_invoice>
<id_order_payment><![CDATA[166]]></id_order_payment>
<id_order><![CDATA[148]]></id_order>
</order_invoice_payment>
<order_invoice_payment><id_order_invoice><![CDATA[143]]></id_order_invoice>
<id_order_payment><![CDATA[167]]></id_order_payment>
<id_order><![CDATA[149]]></id_order>
</order_invoice_payment>
<order_invoice_payment><id_order_invoice><![CDATA[144]]></id_order_invoice>
<id_order_payment><![CDATA[168]]></id_order_payment>
<id_order><![CDATA[150]]></id_order>
</order_invoice_payment>
<order_invoice_payment><id_order_invoice><![CDATA[145]]></id_order_invoice>
<id_order_payment><![CDATA[169]]></id_order_payment>
<id_order><![CDATA[151]]></id_order>
</order_invoice_payment>
<order_invoice_payment><id_order_invoice><![CDATA[146]]></id_order_invoice>
<id_order_payment><![CDATA[170]]></id_order_payment>
<id_order><![CDATA[152]]></id_order>
</order_invoice_payment>
<order_invoice_payment><id_order_invoice><![CDATA[147]]></id_order_invoice>
<id_order_payment><![CDATA[171]]></id_order_payment>
<id_order><![CDATA[153]]></id_order>
</order_invoice_payment>
<order_invoice_payment><id_order_invoice><![CDATA[148]]></id_order_invoice>
<id_order_payment><![CDATA[172]]></id_order_payment>
<id_order><![CDATA[154]]></id_order>
</order_invoice_payment>
<order_invoice_payment><id_order_invoice><![CDATA[149]]></id_order_invoice>
<id_order_payment><![CDATA[173]]></id_order_payment>
<id_order><![CDATA[155]]></id_order>
</order_invoice_payment>
<order_invoice_payment><id_order_invoice><![CDATA[150]]></id_order_invoice>
<id_order_payment><![CDATA[174]]></id_order_payment>
<id_order><![CDATA[156]]></id_order>
</order_invoice_payment>
<order_invoice_payment><id_order_invoice><![CDATA[151]]></id_order_invoice>
<id_order_payment><![CDATA[175]]></id_order_payment>
<id_order><![CDATA[157]]></id_order>
</order_invoice_payment>
<order_invoice_payment><id_order_invoice><![CDATA[152]]></id_order_invoice>
<id_order_payment><![CDATA[176]]></id_order_payment>
<id_order><![CDATA[158]]></id_order>
</order_invoice_payment>
<order_invoice_payment><id_order_invoice><![CDATA[153]]></id_order_invoice>
<id_order_payment><![CDATA[177]]></id_order_payment>
<id_order><![CDATA[159]]></id_order>
</order_invoice_payment>
<order_invoice_payment><id_order_invoice><![CDATA[154]]></id_order_invoice>
<id_order_payment><![CDATA[178]]></id_order_payment>
<id_order><![CDATA[160]]></id_order>
</order_invoice_payment>
<order_invoice_payment><id_order_invoice><![CDATA[155]]></id_order_invoice>
<id_order_payment><![CDATA[179]]></id_order_payment>
<id_order><![CDATA[161]]></id_order>
</order_invoice_payment>
<order_invoice_payment><id_order_invoice><![CDATA[156]]></id_order_invoice>
<id_order_payment><![CDATA[180]]></id_order_payment>
<id_order><![CDATA[162]]></id_order>
</order_invoice_payment>
<order_invoice_payment><id_order_invoice><![CDATA[157]]></id_order_invoice>
<id_order_payment><![CDATA[181]]></id_order_payment>
<id_order><![CDATA[163]]></id_order>
</order_invoice_payment>
<order_invoice_payment><id_order_invoice><![CDATA[158]]></id_order_invoice>
<id_order_payment><![CDATA[182]]></id_order_payment>
<id_order><![CDATA[164]]></id_order>
</order_invoice_payment>
<order_invoice_payment><id_order_invoice><![CDATA[159]]></id_order_invoice>
<id_order_payment><![CDATA[183]]></id_order_payment>
<id_order><![CDATA[165]]></id_order>
</order_invoice_payment>
<order_invoice_payment><id_order_invoice><![CDATA[160]]></id_order_invoice>
<id_order_payment><![CDATA[184]]></id_order_payment>
<id_order><![CDATA[166]]></id_order>
</order_invoice_payment>
<order_invoice_payment><id_order_invoice><![CDATA[161]]></id_order_invoice>
<id_order_payment><![CDATA[185]]></id_order_payment>
<id_order><![CDATA[167]]></id_order>
</order_invoice_payment>
<order_invoice_payment><id_order_invoice><![CDATA[162]]></id_order_invoice>
<id_order_payment><![CDATA[186]]></id_order_payment>
<id_order><![CDATA[168]]></id_order>
</order_invoice_payment>
<order_invoice_payment><id_order_invoice><![CDATA[163]]></id_order_invoice>
<id_order_payment><![CDATA[187]]></id_order_payment>
<id_order><![CDATA[169]]></id_order>
</order_invoice_payment>
<order_invoice_payment><id_order_invoice><![CDATA[164]]></id_order_invoice>
<id_order_payment><![CDATA[188]]></id_order_payment>
<id_order><![CDATA[170]]></id_order>
</order_invoice_payment>
<order_invoice_payment><id_order_invoice><![CDATA[165]]></id_order_invoice>
<id_order_payment><![CDATA[189]]></id_order_payment>
<id_order><![CDATA[171]]></id_order>
</order_invoice_payment>
<order_invoice_payment><id_order_invoice><![CDATA[166]]></id_order_invoice>
<id_order_payment><![CDATA[190]]></id_order_payment>
<id_order><![CDATA[172]]></id_order>
</order_invoice_payment>
<order_invoice_payment><id_order_invoice><![CDATA[167]]></id_order_invoice>
<id_order_payment><![CDATA[191]]></id_order_payment>
<id_order><![CDATA[173]]></id_order>
</order_invoice_payment>
<order_invoice_payment><id_order_invoice><![CDATA[168]]></id_order_invoice>
<id_order_payment><![CDATA[192]]></id_order_payment>
<id_order><![CDATA[174]]></id_order>
</order_invoice_payment>
<order_invoice_payment><id_order_invoice><![CDATA[169]]></id_order_invoice>
<id_order_payment><![CDATA[193]]></id_order_payment>
<id_order><![CDATA[175]]></id_order>
</order_invoice_payment>
<order_invoice_payment><id_order_invoice><![CDATA[170]]></id_order_invoice>
<id_order_payment><![CDATA[194]]></id_order_payment>
<id_order><![CDATA[176]]></id_order>
</order_invoice_payment>
<order_invoice_payment><id_order_invoice><![CDATA[171]]></id_order_invoice>
<id_order_payment><![CDATA[195]]></id_order_payment>
<id_order><![CDATA[177]]></id_order>
</order_invoice_payment>
<order_invoice_payment><id_order_invoice><![CDATA[171]]></id_order_invoice>
<id_order_payment><![CDATA[196]]></id_order_payment>
<id_order><![CDATA[177]]></id_order>
</order_invoice_payment>
<order_invoice_payment><id_order_invoice><![CDATA[172]]></id_order_invoice>
<id_order_payment><![CDATA[197]]></id_order_payment>
<id_order><![CDATA[178]]></id_order>
</order_invoice_payment>
<order_invoice_payment><id_order_invoice><![CDATA[173]]></id_order_invoice>
<id_order_payment><![CDATA[198]]></id_order_payment>
<id_order><![CDATA[179]]></id_order>
</order_invoice_payment>
<order_invoice_payment><id_order_invoice><![CDATA[174]]></id_order_invoice>
<id_order_payment><![CDATA[199]]></id_order_payment>
<id_order><![CDATA[180]]></id_order>
</order_invoice_payment>
<order_invoice_payment><id_order_invoice><![CDATA[175]]></id_order_invoice>
<id_order_payment><![CDATA[200]]></id_order_payment>
<id_order><![CDATA[181]]></id_order>
</order_invoice_payment>
<order_invoice_payment><id_order_invoice><![CDATA[176]]></id_order_invoice>
<id_order_payment><![CDATA[201]]></id_order_payment>
<id_order><![CDATA[182]]></id_order>
</order_invoice_payment>
<order_invoice_payment><id_order_invoice><![CDATA[177]]></id_order_invoice>
<id_order_payment><![CDATA[202]]></id_order_payment>
<id_order><![CDATA[183]]></id_order>
</order_invoice_payment>
<order_invoice_payment><id_order_invoice><![CDATA[178]]></id_order_invoice>
<id_order_payment><![CDATA[203]]></id_order_payment>
<id_order><![CDATA[184]]></id_order>
</order_invoice_payment>
<order_invoice_payment><id_order_invoice><![CDATA[178]]></id_order_invoice>
<id_order_payment><![CDATA[204]]></id_order_payment>
<id_order><![CDATA[184]]></id_order>
</order_invoice_payment>
<order_invoice_payment><id_order_invoice><![CDATA[179]]></id_order_invoice>
<id_order_payment><![CDATA[205]]></id_order_payment>
<id_order><![CDATA[185]]></id_order>
</order_invoice_payment>
<order_invoice_payment><id_order_invoice><![CDATA[180]]></id_order_invoice>
<id_order_payment><![CDATA[206]]></id_order_payment>
<id_order><![CDATA[186]]></id_order>
</order_invoice_payment>
<order_invoice_payment><id_order_invoice><![CDATA[181]]></id_order_invoice>
<id_order_payment><![CDATA[207]]></id_order_payment>
<id_order><![CDATA[187]]></id_order>
</order_invoice_payment>
<order_invoice_payment><id_order_invoice><![CDATA[182]]></id_order_invoice>
<id_order_payment><![CDATA[208]]></id_order_payment>
<id_order><![CDATA[188]]></id_order>
</order_invoice_payment>
<order_invoice_payment><id_order_invoice><![CDATA[183]]></id_order_invoice>
<id_order_payment><![CDATA[209]]></id_order_payment>
<id_order><![CDATA[189]]></id_order>
</order_invoice_payment>
<order_invoice_payment><id_order_invoice><![CDATA[184]]></id_order_invoice>
<id_order_payment><![CDATA[210]]></id_order_payment>
<id_order><![CDATA[190]]></id_order>
</order_invoice_payment>
<order_invoice_payment><id_order_invoice><![CDATA[185]]></id_order_invoice>
<id_order_payment><![CDATA[211]]></id_order_payment>
<id_order><![CDATA[191]]></id_order>
</order_invoice_payment>
<order_invoice_payment><id_order_invoice><![CDATA[186]]></id_order_invoice>
<id_order_payment><![CDATA[212]]></id_order_payment>
<id_order><![CDATA[192]]></id_order>
</order_invoice_payment>
<order_invoice_payment><id_order_invoice><![CDATA[187]]></id_order_invoice>
<id_order_payment><![CDATA[213]]></id_order_payment>
<id_order><![CDATA[193]]></id_order>
</order_invoice_payment>
<order_invoice_payment><id_order_invoice><![CDATA[188]]></id_order_invoice>
<id_order_payment><![CDATA[214]]></id_order_payment>
<id_order><![CDATA[194]]></id_order>
</order_invoice_payment>
<order_invoice_payment><id_order_invoice><![CDATA[188]]></id_order_invoice>
<id_order_payment><![CDATA[215]]></id_order_payment>
<id_order><![CDATA[194]]></id_order>
</order_invoice_payment>
<order_invoice_payment><id_order_invoice><![CDATA[189]]></id_order_invoice>
<id_order_payment><![CDATA[216]]></id_order_payment>
<id_order><![CDATA[195]]></id_order>
</order_invoice_payment>
<order_invoice_payment><id_order_invoice><![CDATA[190]]></id_order_invoice>
<id_order_payment><![CDATA[217]]></id_order_payment>
<id_order><![CDATA[196]]></id_order>
</order_invoice_payment>
<order_invoice_payment><id_order_invoice><![CDATA[191]]></id_order_invoice>
<id_order_payment><![CDATA[218]]></id_order_payment>
<id_order><![CDATA[197]]></id_order>
</order_invoice_payment>
<order_invoice_payment><id_order_invoice><![CDATA[192]]></id_order_invoice>
<id_order_payment><![CDATA[219]]></id_order_payment>
<id_order><![CDATA[198]]></id_order>
</order_invoice_payment>
<order_invoice_payment><id_order_invoice><![CDATA[193]]></id_order_invoice>
<id_order_payment><![CDATA[220]]></id_order_payment>
<id_order><![CDATA[199]]></id_order>
</order_invoice_payment>
<order_invoice_payment><id_order_invoice><![CDATA[194]]></id_order_invoice>
<id_order_payment><![CDATA[221]]></id_order_payment>
<id_order><![CDATA[200]]></id_order>
</order_invoice_payment>
<order_invoice_payment><id_order_invoice><![CDATA[195]]></id_order_invoice>
<id_order_payment><![CDATA[222]]></id_order_payment>
<id_order><![CDATA[201]]></id_order>
</order_invoice_payment>
<order_invoice_payment><id_order_invoice><![CDATA[196]]></id_order_invoice>
<id_order_payment><![CDATA[223]]></id_order_payment>
<id_order><![CDATA[202]]></id_order>
</order_invoice_payment>
<order_invoice_payment><id_order_invoice><![CDATA[197]]></id_order_invoice>
<id_order_payment><![CDATA[224]]></id_order_payment>
<id_order><![CDATA[203]]></id_order>
</order_invoice_payment>
<order_invoice_payment><id_order_invoice><![CDATA[198]]></id_order_invoice>
<id_order_payment><![CDATA[225]]></id_order_payment>
<id_order><![CDATA[204]]></id_order>
</order_invoice_payment>
<order_invoice_payment><id_order_invoice><![CDATA[199]]></id_order_invoice>
<id_order_payment><![CDATA[226]]></id_order_payment>
<id_order><![CDATA[205]]></id_order>
</order_invoice_payment>
<order_invoice_payment><id_order_invoice><![CDATA[200]]></id_order_invoice>
<id_order_payment><![CDATA[227]]></id_order_payment>
<id_order><![CDATA[206]]></id_order>
</order_invoice_payment>
<order_invoice_payment><id_order_invoice><![CDATA[201]]></id_order_invoice>
<id_order_payment><![CDATA[228]]></id_order_payment>
<id_order><![CDATA[207]]></id_order>
</order_invoice_payment>
<order_invoice_payment><id_order_invoice><![CDATA[202]]></id_order_invoice>
<id_order_payment><![CDATA[229]]></id_order_payment>
<id_order><![CDATA[208]]></id_order>
</order_invoice_payment>
<order_invoice_payment><id_order_invoice><![CDATA[203]]></id_order_invoice>
<id_order_payment><![CDATA[230]]></id_order_payment>
<id_order><![CDATA[209]]></id_order>
</order_invoice_payment>
<order_invoice_payment><id_order_invoice><![CDATA[204]]></id_order_invoice>
<id_order_payment><![CDATA[231]]></id_order_payment>
<id_order><![CDATA[210]]></id_order>
</order_invoice_payment>
<order_invoice_payment><id_order_invoice><![CDATA[205]]></id_order_invoice>
<id_order_payment><![CDATA[232]]></id_order_payment>
<id_order><![CDATA[211]]></id_order>
</order_invoice_payment>
<order_invoice_payment><id_order_invoice><![CDATA[206]]></id_order_invoice>
<id_order_payment><![CDATA[233]]></id_order_payment>
<id_order><![CDATA[212]]></id_order>
</order_invoice_payment>
<order_invoice_payment><id_order_invoice><![CDATA[207]]></id_order_invoice>
<id_order_payment><![CDATA[234]]></id_order_payment>
<id_order><![CDATA[213]]></id_order>
</order_invoice_payment>
<order_invoice_payment><id_order_invoice><![CDATA[208]]></id_order_invoice>
<id_order_payment><![CDATA[235]]></id_order_payment>
<id_order><![CDATA[214]]></id_order>
</order_invoice_payment>
<order_invoice_payment><id_order_invoice><![CDATA[209]]></id_order_invoice>
<id_order_payment><![CDATA[236]]></id_order_payment>
<id_order><![CDATA[215]]></id_order>
</order_invoice_payment>
<order_invoice_payment><id_order_invoice><![CDATA[210]]></id_order_invoice>
<id_order_payment><![CDATA[237]]></id_order_payment>
<id_order><![CDATA[216]]></id_order>
</order_invoice_payment>
<order_invoice_payment><id_order_invoice><![CDATA[211]]></id_order_invoice>
<id_order_payment><![CDATA[238]]></id_order_payment>
<id_order><![CDATA[217]]></id_order>
</order_invoice_payment>
<order_invoice_payment><id_order_invoice><![CDATA[212]]></id_order_invoice>
<id_order_payment><![CDATA[239]]></id_order_payment>
<id_order><![CDATA[218]]></id_order>
</order_invoice_payment>
<order_invoice_payment><id_order_invoice><![CDATA[213]]></id_order_invoice>
<id_order_payment><![CDATA[240]]></id_order_payment>
<id_order><![CDATA[219]]></id_order>
</order_invoice_payment>
<order_invoice_payment><id_order_invoice><![CDATA[214]]></id_order_invoice>
<id_order_payment><![CDATA[242]]></id_order_payment>
<id_order><![CDATA[220]]></id_order>
</order_invoice_payment>
<order_invoice_payment><id_order_invoice><![CDATA[215]]></id_order_invoice>
<id_order_payment><![CDATA[243]]></id_order_payment>
<id_order><![CDATA[221]]></id_order>
</order_invoice_payment>
<order_invoice_payment><id_order_invoice><![CDATA[216]]></id_order_invoice>
<id_order_payment><![CDATA[244]]></id_order_payment>
<id_order><![CDATA[222]]></id_order>
</order_invoice_payment>
<order_invoice_payment><id_order_invoice><![CDATA[217]]></id_order_invoice>
<id_order_payment><![CDATA[245]]></id_order_payment>
<id_order><![CDATA[223]]></id_order>
</order_invoice_payment>
<order_invoice_payment><id_order_invoice><![CDATA[218]]></id_order_invoice>
<id_order_payment><![CDATA[246]]></id_order_payment>
<id_order><![CDATA[224]]></id_order>
</order_invoice_payment>
<order_invoice_payment><id_order_invoice><![CDATA[219]]></id_order_invoice>
<id_order_payment><![CDATA[247]]></id_order_payment>
<id_order><![CDATA[225]]></id_order>
</order_invoice_payment>
<order_invoice_payment><id_order_invoice><![CDATA[220]]></id_order_invoice>
<id_order_payment><![CDATA[248]]></id_order_payment>
<id_order><![CDATA[226]]></id_order>
</order_invoice_payment>
<order_invoice_payment><id_order_invoice><![CDATA[221]]></id_order_invoice>
<id_order_payment><![CDATA[249]]></id_order_payment>
<id_order><![CDATA[227]]></id_order>
</order_invoice_payment>
<order_invoice_payment><id_order_invoice><![CDATA[222]]></id_order_invoice>
<id_order_payment><![CDATA[250]]></id_order_payment>
<id_order><![CDATA[228]]></id_order>
</order_invoice_payment>
<order_invoice_payment><id_order_invoice><![CDATA[223]]></id_order_invoice>
<id_order_payment><![CDATA[251]]></id_order_payment>
<id_order><![CDATA[229]]></id_order>
</order_invoice_payment>
<order_invoice_payment><id_order_invoice><![CDATA[224]]></id_order_invoice>
<id_order_payment><![CDATA[252]]></id_order_payment>
<id_order><![CDATA[230]]></id_order>
</order_invoice_payment>
<order_invoice_payment><id_order_invoice><![CDATA[225]]></id_order_invoice>
<id_order_payment><![CDATA[253]]></id_order_payment>
<id_order><![CDATA[231]]></id_order>
</order_invoice_payment>
<order_invoice_payment><id_order_invoice><![CDATA[226]]></id_order_invoice>
<id_order_payment><![CDATA[254]]></id_order_payment>
<id_order><![CDATA[232]]></id_order>
</order_invoice_payment>
<order_invoice_payment><id_order_invoice><![CDATA[227]]></id_order_invoice>
<id_order_payment><![CDATA[255]]></id_order_payment>
<id_order><![CDATA[233]]></id_order>
</order_invoice_payment>
<order_invoice_payment><id_order_invoice><![CDATA[228]]></id_order_invoice>
<id_order_payment><![CDATA[256]]></id_order_payment>
<id_order><![CDATA[234]]></id_order>
</order_invoice_payment>
<order_invoice_payment><id_order_invoice><![CDATA[229]]></id_order_invoice>
<id_order_payment><![CDATA[257]]></id_order_payment>
<id_order><![CDATA[235]]></id_order>
</order_invoice_payment>
<order_invoice_payment><id_order_invoice><![CDATA[230]]></id_order_invoice>
<id_order_payment><![CDATA[258]]></id_order_payment>
<id_order><![CDATA[236]]></id_order>
</order_invoice_payment>
<order_invoice_payment><id_order_invoice><![CDATA[231]]></id_order_invoice>
<id_order_payment><![CDATA[259]]></id_order_payment>
<id_order><![CDATA[237]]></id_order>
</order_invoice_payment>
<order_invoice_payment><id_order_invoice><![CDATA[232]]></id_order_invoice>
<id_order_payment><![CDATA[260]]></id_order_payment>
<id_order><![CDATA[238]]></id_order>
</order_invoice_payment>
<order_invoice_payment><id_order_invoice><![CDATA[233]]></id_order_invoice>
<id_order_payment><![CDATA[261]]></id_order_payment>
<id_order><![CDATA[239]]></id_order>
</order_invoice_payment>
<order_invoice_payment><id_order_invoice><![CDATA[234]]></id_order_invoice>
<id_order_payment><![CDATA[262]]></id_order_payment>
<id_order><![CDATA[240]]></id_order>
</order_invoice_payment>
<order_invoice_payment><id_order_invoice><![CDATA[235]]></id_order_invoice>
<id_order_payment><![CDATA[263]]></id_order_payment>
<id_order><![CDATA[241]]></id_order>
</order_invoice_payment>
<order_invoice_payment><id_order_invoice><![CDATA[236]]></id_order_invoice>
<id_order_payment><![CDATA[264]]></id_order_payment>
<id_order><![CDATA[242]]></id_order>
</order_invoice_payment>
<order_invoice_payment><id_order_invoice><![CDATA[237]]></id_order_invoice>
<id_order_payment><![CDATA[265]]></id_order_payment>
<id_order><![CDATA[243]]></id_order>
</order_invoice_payment>
<order_invoice_payment><id_order_invoice><![CDATA[238]]></id_order_invoice>
<id_order_payment><![CDATA[266]]></id_order_payment>
<id_order><![CDATA[244]]></id_order>
</order_invoice_payment>
<order_invoice_payment><id_order_invoice><![CDATA[239]]></id_order_invoice>
<id_order_payment><![CDATA[267]]></id_order_payment>
<id_order><![CDATA[245]]></id_order>
</order_invoice_payment>
<order_invoice_payment><id_order_invoice><![CDATA[240]]></id_order_invoice>
<id_order_payment><![CDATA[268]]></id_order_payment>
<id_order><![CDATA[246]]></id_order>
</order_invoice_payment>
<order_invoice_payment><id_order_invoice><![CDATA[241]]></id_order_invoice>
<id_order_payment><![CDATA[269]]></id_order_payment>
<id_order><![CDATA[247]]></id_order>
</order_invoice_payment>
<order_invoice_payment><id_order_invoice><![CDATA[242]]></id_order_invoice>
<id_order_payment><![CDATA[270]]></id_order_payment>
<id_order><![CDATA[248]]></id_order>
</order_invoice_payment>
<order_invoice_payment><id_order_invoice><![CDATA[243]]></id_order_invoice>
<id_order_payment><![CDATA[271]]></id_order_payment>
<id_order><![CDATA[249]]></id_order>
</order_invoice_payment>
<order_invoice_payment><id_order_invoice><![CDATA[244]]></id_order_invoice>
<id_order_payment><![CDATA[272]]></id_order_payment>
<id_order><![CDATA[250]]></id_order>
</order_invoice_payment>
<order_invoice_payment><id_order_invoice><![CDATA[245]]></id_order_invoice>
<id_order_payment><![CDATA[273]]></id_order_payment>
<id_order><![CDATA[251]]></id_order>
</order_invoice_payment>
<order_invoice_payment><id_order_invoice><![CDATA[246]]></id_order_invoice>
<id_order_payment><![CDATA[274]]></id_order_payment>
<id_order><![CDATA[252]]></id_order>
</order_invoice_payment>
<order_invoice_payment><id_order_invoice><![CDATA[247]]></id_order_invoice>
<id_order_payment><![CDATA[275]]></id_order_payment>
<id_order><![CDATA[253]]></id_order>
</order_invoice_payment>
<order_invoice_payment><id_order_invoice><![CDATA[248]]></id_order_invoice>
<id_order_payment><![CDATA[276]]></id_order_payment>
<id_order><![CDATA[254]]></id_order>
</order_invoice_payment>
<order_invoice_payment><id_order_invoice><![CDATA[249]]></id_order_invoice>
<id_order_payment><![CDATA[277]]></id_order_payment>
<id_order><![CDATA[255]]></id_order>
</order_invoice_payment>
<order_invoice_payment><id_order_invoice><![CDATA[250]]></id_order_invoice>
<id_order_payment><![CDATA[278]]></id_order_payment>
<id_order><![CDATA[256]]></id_order>
</order_invoice_payment>
<order_invoice_payment><id_order_invoice><![CDATA[251]]></id_order_invoice>
<id_order_payment><![CDATA[279]]></id_order_payment>
<id_order><![CDATA[257]]></id_order>
</order_invoice_payment>
<order_invoice_payment><id_order_invoice><![CDATA[252]]></id_order_invoice>
<id_order_payment><![CDATA[280]]></id_order_payment>
<id_order><![CDATA[258]]></id_order>
</order_invoice_payment>
<order_invoice_payment><id_order_invoice><![CDATA[253]]></id_order_invoice>
<id_order_payment><![CDATA[281]]></id_order_payment>
<id_order><![CDATA[259]]></id_order>
</order_invoice_payment>
<order_invoice_payment><id_order_invoice><![CDATA[254]]></id_order_invoice>
<id_order_payment><![CDATA[282]]></id_order_payment>
<id_order><![CDATA[260]]></id_order>
</order_invoice_payment>
<order_invoice_payment><id_order_invoice><![CDATA[255]]></id_order_invoice>
<id_order_payment><![CDATA[283]]></id_order_payment>
<id_order><![CDATA[261]]></id_order>
</order_invoice_payment>
<order_invoice_payment><id_order_invoice><![CDATA[256]]></id_order_invoice>
<id_order_payment><![CDATA[284]]></id_order_payment>
<id_order><![CDATA[262]]></id_order>
</order_invoice_payment>
<order_invoice_payment><id_order_invoice><![CDATA[257]]></id_order_invoice>
<id_order_payment><![CDATA[285]]></id_order_payment>
<id_order><![CDATA[263]]></id_order>
</order_invoice_payment>
<order_invoice_payment><id_order_invoice><![CDATA[258]]></id_order_invoice>
<id_order_payment><![CDATA[286]]></id_order_payment>
<id_order><![CDATA[264]]></id_order>
</order_invoice_payment>
<order_invoice_payment><id_order_invoice><![CDATA[259]]></id_order_invoice>
<id_order_payment><![CDATA[287]]></id_order_payment>
<id_order><![CDATA[265]]></id_order>
</order_invoice_payment>
<order_invoice_payment><id_order_invoice><![CDATA[260]]></id_order_invoice>
<id_order_payment><![CDATA[288]]></id_order_payment>
<id_order><![CDATA[266]]></id_order>
</order_invoice_payment>
<order_invoice_payment><id_order_invoice><![CDATA[260]]></id_order_invoice>
<id_order_payment><![CDATA[289]]></id_order_payment>
<id_order><![CDATA[266]]></id_order>
</order_invoice_payment>
<order_invoice_payment><id_order_invoice><![CDATA[261]]></id_order_invoice>
<id_order_payment><![CDATA[291]]></id_order_payment>
<id_order><![CDATA[267]]></id_order>
</order_invoice_payment>
<order_invoice_payment><id_order_invoice><![CDATA[262]]></id_order_invoice>
<id_order_payment><![CDATA[292]]></id_order_payment>
<id_order><![CDATA[268]]></id_order>
</order_invoice_payment>
<order_invoice_payment><id_order_invoice><![CDATA[263]]></id_order_invoice>
<id_order_payment><![CDATA[293]]></id_order_payment>
<id_order><![CDATA[269]]></id_order>
</order_invoice_payment>
<order_invoice_payment><id_order_invoice><![CDATA[264]]></id_order_invoice>
<id_order_payment><![CDATA[294]]></id_order_payment>
<id_order><![CDATA[270]]></id_order>
</order_invoice_payment>
<order_invoice_payment><id_order_invoice><![CDATA[265]]></id_order_invoice>
<id_order_payment><![CDATA[295]]></id_order_payment>
<id_order><![CDATA[271]]></id_order>
</order_invoice_payment>
<order_invoice_payment><id_order_invoice><![CDATA[266]]></id_order_invoice>
<id_order_payment><![CDATA[296]]></id_order_payment>
<id_order><![CDATA[272]]></id_order>
</order_invoice_payment>
<order_invoice_payment><id_order_invoice><![CDATA[267]]></id_order_invoice>
<id_order_payment><![CDATA[297]]></id_order_payment>
<id_order><![CDATA[273]]></id_order>
</order_invoice_payment>
<order_invoice_payment><id_order_invoice><![CDATA[268]]></id_order_invoice>
<id_order_payment><![CDATA[298]]></id_order_payment>
<id_order><![CDATA[274]]></id_order>
</order_invoice_payment>
<order_invoice_payment><id_order_invoice><![CDATA[284]]></id_order_invoice>
<id_order_payment><![CDATA[309]]></id_order_payment>
<id_order><![CDATA[275]]></id_order>
</order_invoice_payment>
<order_invoice_payment><id_order_invoice><![CDATA[284]]></id_order_invoice>
<id_order_payment><![CDATA[328]]></id_order_payment>
<id_order><![CDATA[275]]></id_order>
</order_invoice_payment>
<order_invoice_payment><id_order_invoice><![CDATA[269]]></id_order_invoice>
<id_order_payment><![CDATA[310]]></id_order_payment>
<id_order><![CDATA[276]]></id_order>
</order_invoice_payment>
<order_invoice_payment><id_order_invoice><![CDATA[270]]></id_order_invoice>
<id_order_payment><![CDATA[311]]></id_order_payment>
<id_order><![CDATA[277]]></id_order>
</order_invoice_payment>
<order_invoice_payment><id_order_invoice><![CDATA[271]]></id_order_invoice>
<id_order_payment><![CDATA[312]]></id_order_payment>
<id_order><![CDATA[278]]></id_order>
</order_invoice_payment>
<order_invoice_payment><id_order_invoice><![CDATA[272]]></id_order_invoice>
<id_order_payment><![CDATA[313]]></id_order_payment>
<id_order><![CDATA[279]]></id_order>
</order_invoice_payment>
<order_invoice_payment><id_order_invoice><![CDATA[273]]></id_order_invoice>
<id_order_payment><![CDATA[314]]></id_order_payment>
<id_order><![CDATA[280]]></id_order>
</order_invoice_payment>
<order_invoice_payment><id_order_invoice><![CDATA[274]]></id_order_invoice>
<id_order_payment><![CDATA[315]]></id_order_payment>
<id_order><![CDATA[281]]></id_order>
</order_invoice_payment>
<order_invoice_payment><id_order_invoice><![CDATA[274]]></id_order_invoice>
<id_order_payment><![CDATA[316]]></id_order_payment>
<id_order><![CDATA[281]]></id_order>
</order_invoice_payment>
<order_invoice_payment><id_order_invoice><![CDATA[275]]></id_order_invoice>
<id_order_payment><![CDATA[317]]></id_order_payment>
<id_order><![CDATA[282]]></id_order>
</order_invoice_payment>
<order_invoice_payment><id_order_invoice><![CDATA[276]]></id_order_invoice>
<id_order_payment><![CDATA[318]]></id_order_payment>
<id_order><![CDATA[283]]></id_order>
</order_invoice_payment>
<order_invoice_payment><id_order_invoice><![CDATA[277]]></id_order_invoice>
<id_order_payment><![CDATA[319]]></id_order_payment>
<id_order><![CDATA[284]]></id_order>
</order_invoice_payment>
<order_invoice_payment><id_order_invoice><![CDATA[278]]></id_order_invoice>
<id_order_payment><![CDATA[320]]></id_order_payment>
<id_order><![CDATA[285]]></id_order>
</order_invoice_payment>
<order_invoice_payment><id_order_invoice><![CDATA[279]]></id_order_invoice>
<id_order_payment><![CDATA[321]]></id_order_payment>
<id_order><![CDATA[286]]></id_order>
</order_invoice_payment>
<order_invoice_payment><id_order_invoice><![CDATA[280]]></id_order_invoice>
<id_order_payment><![CDATA[322]]></id_order_payment>
<id_order><![CDATA[287]]></id_order>
</order_invoice_payment>
<order_invoice_payment><id_order_invoice><![CDATA[304]]></id_order_invoice>
<id_order_payment><![CDATA[323]]></id_order_payment>
<id_order><![CDATA[288]]></id_order>
</order_invoice_payment>
<order_invoice_payment><id_order_invoice><![CDATA[304]]></id_order_invoice>
<id_order_payment><![CDATA[360]]></id_order_payment>
<id_order><![CDATA[288]]></id_order>
</order_invoice_payment>
<order_invoice_payment><id_order_invoice><![CDATA[281]]></id_order_invoice>
<id_order_payment><![CDATA[324]]></id_order_payment>
<id_order><![CDATA[289]]></id_order>
</order_invoice_payment>
<order_invoice_payment><id_order_invoice><![CDATA[282]]></id_order_invoice>
<id_order_payment><![CDATA[325]]></id_order_payment>
<id_order><![CDATA[290]]></id_order>
</order_invoice_payment>
<order_invoice_payment><id_order_invoice><![CDATA[302]]></id_order_invoice>
<id_order_payment><![CDATA[326]]></id_order_payment>
<id_order><![CDATA[291]]></id_order>
</order_invoice_payment>
<order_invoice_payment><id_order_invoice><![CDATA[302]]></id_order_invoice>
<id_order_payment><![CDATA[358]]></id_order_payment>
<id_order><![CDATA[291]]></id_order>
</order_invoice_payment>
<order_invoice_payment><id_order_invoice><![CDATA[283]]></id_order_invoice>
<id_order_payment><![CDATA[327]]></id_order_payment>
<id_order><![CDATA[292]]></id_order>
</order_invoice_payment>
<order_invoice_payment><id_order_invoice><![CDATA[285]]></id_order_invoice>
<id_order_payment><![CDATA[329]]></id_order_payment>
<id_order><![CDATA[293]]></id_order>
</order_invoice_payment>
<order_invoice_payment><id_order_invoice><![CDATA[286]]></id_order_invoice>
<id_order_payment><![CDATA[331]]></id_order_payment>
<id_order><![CDATA[294]]></id_order>
</order_invoice_payment>
<order_invoice_payment><id_order_invoice><![CDATA[286]]></id_order_invoice>
<id_order_payment><![CDATA[332]]></id_order_payment>
<id_order><![CDATA[294]]></id_order>
</order_invoice_payment>
<order_invoice_payment><id_order_invoice><![CDATA[287]]></id_order_invoice>
<id_order_payment><![CDATA[333]]></id_order_payment>
<id_order><![CDATA[295]]></id_order>
</order_invoice_payment>
<order_invoice_payment><id_order_invoice><![CDATA[287]]></id_order_invoice>
<id_order_payment><![CDATA[334]]></id_order_payment>
<id_order><![CDATA[295]]></id_order>
</order_invoice_payment>
<order_invoice_payment><id_order_invoice><![CDATA[288]]></id_order_invoice>
<id_order_payment><![CDATA[335]]></id_order_payment>
<id_order><![CDATA[296]]></id_order>
</order_invoice_payment>
<order_invoice_payment><id_order_invoice><![CDATA[289]]></id_order_invoice>
<id_order_payment><![CDATA[336]]></id_order_payment>
<id_order><![CDATA[297]]></id_order>
</order_invoice_payment>
<order_invoice_payment><id_order_invoice><![CDATA[289]]></id_order_invoice>
<id_order_payment><![CDATA[337]]></id_order_payment>
<id_order><![CDATA[297]]></id_order>
</order_invoice_payment>
<order_invoice_payment><id_order_invoice><![CDATA[290]]></id_order_invoice>
<id_order_payment><![CDATA[338]]></id_order_payment>
<id_order><![CDATA[298]]></id_order>
</order_invoice_payment>
<order_invoice_payment><id_order_invoice><![CDATA[290]]></id_order_invoice>
<id_order_payment><![CDATA[339]]></id_order_payment>
<id_order><![CDATA[298]]></id_order>
</order_invoice_payment>
<order_invoice_payment><id_order_invoice><![CDATA[291]]></id_order_invoice>
<id_order_payment><![CDATA[340]]></id_order_payment>
<id_order><![CDATA[299]]></id_order>
</order_invoice_payment>
<order_invoice_payment><id_order_invoice><![CDATA[292]]></id_order_invoice>
<id_order_payment><![CDATA[341]]></id_order_payment>
<id_order><![CDATA[300]]></id_order>
</order_invoice_payment>
<order_invoice_payment><id_order_invoice><![CDATA[293]]></id_order_invoice>
<id_order_payment><![CDATA[342]]></id_order_payment>
<id_order><![CDATA[301]]></id_order>
</order_invoice_payment>
<order_invoice_payment><id_order_invoice><![CDATA[293]]></id_order_invoice>
<id_order_payment><![CDATA[343]]></id_order_payment>
<id_order><![CDATA[301]]></id_order>
</order_invoice_payment>
<order_invoice_payment><id_order_invoice><![CDATA[294]]></id_order_invoice>
<id_order_payment><![CDATA[344]]></id_order_payment>
<id_order><![CDATA[302]]></id_order>
</order_invoice_payment>
<order_invoice_payment><id_order_invoice><![CDATA[295]]></id_order_invoice>
<id_order_payment><![CDATA[345]]></id_order_payment>
<id_order><![CDATA[303]]></id_order>
</order_invoice_payment>
<order_invoice_payment><id_order_invoice><![CDATA[295]]></id_order_invoice>
<id_order_payment><![CDATA[346]]></id_order_payment>
<id_order><![CDATA[303]]></id_order>
</order_invoice_payment>
<order_invoice_payment><id_order_invoice><![CDATA[296]]></id_order_invoice>
<id_order_payment><![CDATA[347]]></id_order_payment>
<id_order><![CDATA[304]]></id_order>
</order_invoice_payment>
<order_invoice_payment><id_order_invoice><![CDATA[296]]></id_order_invoice>
<id_order_payment><![CDATA[348]]></id_order_payment>
<id_order><![CDATA[304]]></id_order>
</order_invoice_payment>
<order_invoice_payment><id_order_invoice><![CDATA[297]]></id_order_invoice>
<id_order_payment><![CDATA[350]]></id_order_payment>
<id_order><![CDATA[305]]></id_order>
</order_invoice_payment>
<order_invoice_payment><id_order_invoice><![CDATA[297]]></id_order_invoice>
<id_order_payment><![CDATA[351]]></id_order_payment>
<id_order><![CDATA[305]]></id_order>
</order_invoice_payment>
<order_invoice_payment><id_order_invoice><![CDATA[298]]></id_order_invoice>
<id_order_payment><![CDATA[352]]></id_order_payment>
<id_order><![CDATA[306]]></id_order>
</order_invoice_payment>
<order_invoice_payment><id_order_invoice><![CDATA[298]]></id_order_invoice>
<id_order_payment><![CDATA[353]]></id_order_payment>
<id_order><![CDATA[306]]></id_order>
</order_invoice_payment>
<order_invoice_payment><id_order_invoice><![CDATA[299]]></id_order_invoice>
<id_order_payment><![CDATA[354]]></id_order_payment>
<id_order><![CDATA[307]]></id_order>
</order_invoice_payment>
<order_invoice_payment><id_order_invoice><![CDATA[300]]></id_order_invoice>
<id_order_payment><![CDATA[355]]></id_order_payment>
<id_order><![CDATA[308]]></id_order>
</order_invoice_payment>
<order_invoice_payment><id_order_invoice><![CDATA[301]]></id_order_invoice>
<id_order_payment><![CDATA[356]]></id_order_payment>
<id_order><![CDATA[309]]></id_order>
</order_invoice_payment>
<order_invoice_payment><id_order_invoice><![CDATA[303]]></id_order_invoice>
<id_order_payment><![CDATA[357]]></id_order_payment>
<id_order><![CDATA[310]]></id_order>
</order_invoice_payment>
<order_invoice_payment><id_order_invoice><![CDATA[303]]></id_order_invoice>
<id_order_payment><![CDATA[359]]></id_order_payment>
<id_order><![CDATA[310]]></id_order>
</order_invoice_payment>
<order_invoice_payment><id_order_invoice><![CDATA[305]]></id_order_invoice>
<id_order_payment><![CDATA[361]]></id_order_payment>
<id_order><![CDATA[311]]></id_order>
</order_invoice_payment>
<order_invoice_payment><id_order_invoice><![CDATA[306]]></id_order_invoice>
<id_order_payment><![CDATA[362]]></id_order_payment>
<id_order><![CDATA[312]]></id_order>
</order_invoice_payment>
<order_invoice_payment><id_order_invoice><![CDATA[307]]></id_order_invoice>
<id_order_payment><![CDATA[363]]></id_order_payment>
<id_order><![CDATA[313]]></id_order>
</order_invoice_payment>
<order_invoice_payment><id_order_invoice><![CDATA[308]]></id_order_invoice>
<id_order_payment><![CDATA[364]]></id_order_payment>
<id_order><![CDATA[314]]></id_order>
</order_invoice_payment>
<order_invoice_payment><id_order_invoice><![CDATA[309]]></id_order_invoice>
<id_order_payment><![CDATA[365]]></id_order_payment>
<id_order><![CDATA[315]]></id_order>
</order_invoice_payment>
<order_invoice_payment><id_order_invoice><![CDATA[310]]></id_order_invoice>
<id_order_payment><![CDATA[366]]></id_order_payment>
<id_order><![CDATA[316]]></id_order>
</order_invoice_payment>
<order_invoice_payment><id_order_invoice><![CDATA[311]]></id_order_invoice>
<id_order_payment><![CDATA[367]]></id_order_payment>
<id_order><![CDATA[317]]></id_order>
</order_invoice_payment>
<order_invoice_payment><id_order_invoice><![CDATA[312]]></id_order_invoice>
<id_order_payment><![CDATA[368]]></id_order_payment>
<id_order><![CDATA[318]]></id_order>
</order_invoice_payment>
<order_invoice_payment><id_order_invoice><![CDATA[313]]></id_order_invoice>
<id_order_payment><![CDATA[369]]></id_order_payment>
<id_order><![CDATA[319]]></id_order>
</order_invoice_payment>
<order_invoice_payment><id_order_invoice><![CDATA[314]]></id_order_invoice>
<id_order_payment><![CDATA[370]]></id_order_payment>
<id_order><![CDATA[320]]></id_order>
</order_invoice_payment>
<order_invoice_payment><id_order_invoice><![CDATA[315]]></id_order_invoice>
<id_order_payment><![CDATA[371]]></id_order_payment>
<id_order><![CDATA[321]]></id_order>
</order_invoice_payment>
<order_invoice_payment><id_order_invoice><![CDATA[316]]></id_order_invoice>
<id_order_payment><![CDATA[372]]></id_order_payment>
<id_order><![CDATA[322]]></id_order>
</order_invoice_payment>
<order_invoice_payment><id_order_invoice><![CDATA[317]]></id_order_invoice>
<id_order_payment><![CDATA[373]]></id_order_payment>
<id_order><![CDATA[323]]></id_order>
</order_invoice_payment>
<order_invoice_payment><id_order_invoice><![CDATA[318]]></id_order_invoice>
<id_order_payment><![CDATA[374]]></id_order_payment>
<id_order><![CDATA[324]]></id_order>
</order_invoice_payment>
<order_invoice_payment><id_order_invoice><![CDATA[319]]></id_order_invoice>
<id_order_payment><![CDATA[375]]></id_order_payment>
<id_order><![CDATA[325]]></id_order>
</order_invoice_payment>
<order_invoice_payment><id_order_invoice><![CDATA[320]]></id_order_invoice>
<id_order_payment><![CDATA[376]]></id_order_payment>
<id_order><![CDATA[326]]></id_order>
</order_invoice_payment>
<order_invoice_payment><id_order_invoice><![CDATA[321]]></id_order_invoice>
<id_order_payment><![CDATA[377]]></id_order_payment>
<id_order><![CDATA[327]]></id_order>
</order_invoice_payment>
<order_invoice_payment><id_order_invoice><![CDATA[322]]></id_order_invoice>
<id_order_payment><![CDATA[378]]></id_order_payment>
<id_order><![CDATA[328]]></id_order>
</order_invoice_payment>
<order_invoice_payment><id_order_invoice><![CDATA[323]]></id_order_invoice>
<id_order_payment><![CDATA[379]]></id_order_payment>
<id_order><![CDATA[329]]></id_order>
</order_invoice_payment>
<order_invoice_payment><id_order_invoice><![CDATA[324]]></id_order_invoice>
<id_order_payment><![CDATA[380]]></id_order_payment>
<id_order><![CDATA[330]]></id_order>
</order_invoice_payment>
<order_invoice_payment><id_order_invoice><![CDATA[325]]></id_order_invoice>
<id_order_payment><![CDATA[382]]></id_order_payment>
<id_order><![CDATA[331]]></id_order>
</order_invoice_payment>
<order_invoice_payment><id_order_invoice><![CDATA[326]]></id_order_invoice>
<id_order_payment><![CDATA[383]]></id_order_payment>
<id_order><![CDATA[332]]></id_order>
</order_invoice_payment>
<order_invoice_payment><id_order_invoice><![CDATA[327]]></id_order_invoice>
<id_order_payment><![CDATA[384]]></id_order_payment>
<id_order><![CDATA[333]]></id_order>
</order_invoice_payment>
<order_invoice_payment><id_order_invoice><![CDATA[328]]></id_order_invoice>
<id_order_payment><![CDATA[385]]></id_order_payment>
<id_order><![CDATA[334]]></id_order>
</order_invoice_payment>
<order_invoice_payment><id_order_invoice><![CDATA[329]]></id_order_invoice>
<id_order_payment><![CDATA[386]]></id_order_payment>
<id_order><![CDATA[335]]></id_order>
</order_invoice_payment>
<order_invoice_payment><id_order_invoice><![CDATA[330]]></id_order_invoice>
<id_order_payment><![CDATA[387]]></id_order_payment>
<id_order><![CDATA[336]]></id_order>
</order_invoice_payment>
<order_invoice_payment><id_order_invoice><![CDATA[331]]></id_order_invoice>
<id_order_payment><![CDATA[388]]></id_order_payment>
<id_order><![CDATA[337]]></id_order>
</order_invoice_payment>
<order_invoice_payment><id_order_invoice><![CDATA[332]]></id_order_invoice>
<id_order_payment><![CDATA[389]]></id_order_payment>
<id_order><![CDATA[338]]></id_order>
</order_invoice_payment>
<order_invoice_payment><id_order_invoice><![CDATA[333]]></id_order_invoice>
<id_order_payment><![CDATA[390]]></id_order_payment>
<id_order><![CDATA[339]]></id_order>
</order_invoice_payment>
<order_invoice_payment><id_order_invoice><![CDATA[334]]></id_order_invoice>
<id_order_payment><![CDATA[391]]></id_order_payment>
<id_order><![CDATA[340]]></id_order>
</order_invoice_payment>
<order_invoice_payment><id_order_invoice><![CDATA[335]]></id_order_invoice>
<id_order_payment><![CDATA[392]]></id_order_payment>
<id_order><![CDATA[341]]></id_order>
</order_invoice_payment>
<order_invoice_payment><id_order_invoice><![CDATA[336]]></id_order_invoice>
<id_order_payment><![CDATA[393]]></id_order_payment>
<id_order><![CDATA[342]]></id_order>
</order_invoice_payment>
<order_invoice_payment><id_order_invoice><![CDATA[337]]></id_order_invoice>
<id_order_payment><![CDATA[394]]></id_order_payment>
<id_order><![CDATA[343]]></id_order>
</order_invoice_payment>
<order_invoice_payment><id_order_invoice><![CDATA[338]]></id_order_invoice>
<id_order_payment><![CDATA[395]]></id_order_payment>
<id_order><![CDATA[344]]></id_order>
</order_invoice_payment>
<order_invoice_payment><id_order_invoice><![CDATA[339]]></id_order_invoice>
<id_order_payment><![CDATA[396]]></id_order_payment>
<id_order><![CDATA[345]]></id_order>
</order_invoice_payment>
<order_invoice_payment><id_order_invoice><![CDATA[340]]></id_order_invoice>
<id_order_payment><![CDATA[397]]></id_order_payment>
<id_order><![CDATA[346]]></id_order>
</order_invoice_payment>
<order_invoice_payment><id_order_invoice><![CDATA[341]]></id_order_invoice>
<id_order_payment><![CDATA[398]]></id_order_payment>
<id_order><![CDATA[347]]></id_order>
</order_invoice_payment>
<order_invoice_payment><id_order_invoice><![CDATA[342]]></id_order_invoice>
<id_order_payment><![CDATA[399]]></id_order_payment>
<id_order><![CDATA[348]]></id_order>
</order_invoice_payment>
<order_invoice_payment><id_order_invoice><![CDATA[343]]></id_order_invoice>
<id_order_payment><![CDATA[400]]></id_order_payment>
<id_order><![CDATA[349]]></id_order>
</order_invoice_payment>
<order_invoice_payment><id_order_invoice><![CDATA[344]]></id_order_invoice>
<id_order_payment><![CDATA[401]]></id_order_payment>
<id_order><![CDATA[350]]></id_order>
</order_invoice_payment>
<order_invoice_payment><id_order_invoice><![CDATA[345]]></id_order_invoice>
<id_order_payment><![CDATA[402]]></id_order_payment>
<id_order><![CDATA[351]]></id_order>
</order_invoice_payment>
<order_invoice_payment><id_order_invoice><![CDATA[346]]></id_order_invoice>
<id_order_payment><![CDATA[403]]></id_order_payment>
<id_order><![CDATA[352]]></id_order>
</order_invoice_payment>
<order_invoice_payment><id_order_invoice><![CDATA[347]]></id_order_invoice>
<id_order_payment><![CDATA[404]]></id_order_payment>
<id_order><![CDATA[353]]></id_order>
</order_invoice_payment>
<order_invoice_payment><id_order_invoice><![CDATA[348]]></id_order_invoice>
<id_order_payment><![CDATA[405]]></id_order_payment>
<id_order><![CDATA[354]]></id_order>
</order_invoice_payment>
<order_invoice_payment><id_order_invoice><![CDATA[349]]></id_order_invoice>
<id_order_payment><![CDATA[406]]></id_order_payment>
<id_order><![CDATA[355]]></id_order>
</order_invoice_payment>
<order_invoice_payment><id_order_invoice><![CDATA[350]]></id_order_invoice>
<id_order_payment><![CDATA[407]]></id_order_payment>
<id_order><![CDATA[356]]></id_order>
</order_invoice_payment>
<order_invoice_payment><id_order_invoice><![CDATA[351]]></id_order_invoice>
<id_order_payment><![CDATA[408]]></id_order_payment>
<id_order><![CDATA[357]]></id_order>
</order_invoice_payment>
<order_invoice_payment><id_order_invoice><![CDATA[352]]></id_order_invoice>
<id_order_payment><![CDATA[409]]></id_order_payment>
<id_order><![CDATA[358]]></id_order>
</order_invoice_payment>
<order_invoice_payment><id_order_invoice><![CDATA[353]]></id_order_invoice>
<id_order_payment><![CDATA[410]]></id_order_payment>
<id_order><![CDATA[359]]></id_order>
</order_invoice_payment>
<order_invoice_payment><id_order_invoice><![CDATA[354]]></id_order_invoice>
<id_order_payment><![CDATA[411]]></id_order_payment>
<id_order><![CDATA[360]]></id_order>
</order_invoice_payment>
<order_invoice_payment><id_order_invoice><![CDATA[355]]></id_order_invoice>
<id_order_payment><![CDATA[412]]></id_order_payment>
<id_order><![CDATA[361]]></id_order>
</order_invoice_payment>
<order_invoice_payment><id_order_invoice><![CDATA[355]]></id_order_invoice>
<id_order_payment><![CDATA[413]]></id_order_payment>
<id_order><![CDATA[361]]></id_order>
</order_invoice_payment>
<order_invoice_payment><id_order_invoice><![CDATA[356]]></id_order_invoice>
<id_order_payment><![CDATA[414]]></id_order_payment>
<id_order><![CDATA[362]]></id_order>
</order_invoice_payment>
<order_invoice_payment><id_order_invoice><![CDATA[357]]></id_order_invoice>
<id_order_payment><![CDATA[415]]></id_order_payment>
<id_order><![CDATA[363]]></id_order>
</order_invoice_payment>
<order_invoice_payment><id_order_invoice><![CDATA[358]]></id_order_invoice>
<id_order_payment><![CDATA[416]]></id_order_payment>
<id_order><![CDATA[364]]></id_order>
</order_invoice_payment>
<order_invoice_payment><id_order_invoice><![CDATA[359]]></id_order_invoice>
<id_order_payment><![CDATA[417]]></id_order_payment>
<id_order><![CDATA[365]]></id_order>
</order_invoice_payment>
<order_invoice_payment><id_order_invoice><![CDATA[360]]></id_order_invoice>
<id_order_payment><![CDATA[418]]></id_order_payment>
<id_order><![CDATA[366]]></id_order>
</order_invoice_payment>
<order_invoice_payment><id_order_invoice><![CDATA[361]]></id_order_invoice>
<id_order_payment><![CDATA[419]]></id_order_payment>
<id_order><![CDATA[367]]></id_order>
</order_invoice_payment>
<order_invoice_payment><id_order_invoice><![CDATA[362]]></id_order_invoice>
<id_order_payment><![CDATA[420]]></id_order_payment>
<id_order><![CDATA[368]]></id_order>
</order_invoice_payment>
<order_invoice_payment><id_order_invoice><![CDATA[363]]></id_order_invoice>
<id_order_payment><![CDATA[421]]></id_order_payment>
<id_order><![CDATA[369]]></id_order>
</order_invoice_payment>
<order_invoice_payment><id_order_invoice><![CDATA[364]]></id_order_invoice>
<id_order_payment><![CDATA[422]]></id_order_payment>
<id_order><![CDATA[370]]></id_order>
</order_invoice_payment>
<order_invoice_payment><id_order_invoice><![CDATA[365]]></id_order_invoice>
<id_order_payment><![CDATA[423]]></id_order_payment>
<id_order><![CDATA[371]]></id_order>
</order_invoice_payment>
<order_invoice_payment><id_order_invoice><![CDATA[366]]></id_order_invoice>
<id_order_payment><![CDATA[424]]></id_order_payment>
<id_order><![CDATA[372]]></id_order>
</order_invoice_payment>
<order_invoice_payment><id_order_invoice><![CDATA[367]]></id_order_invoice>
<id_order_payment><![CDATA[425]]></id_order_payment>
<id_order><![CDATA[373]]></id_order>
</order_invoice_payment>
<order_invoice_payment><id_order_invoice><![CDATA[368]]></id_order_invoice>
<id_order_payment><![CDATA[426]]></id_order_payment>
<id_order><![CDATA[374]]></id_order>
</order_invoice_payment>
<order_invoice_payment><id_order_invoice><![CDATA[369]]></id_order_invoice>
<id_order_payment><![CDATA[427]]></id_order_payment>
<id_order><![CDATA[375]]></id_order>
</order_invoice_payment>
<order_invoice_payment><id_order_invoice><![CDATA[370]]></id_order_invoice>
<id_order_payment><![CDATA[428]]></id_order_payment>
<id_order><![CDATA[376]]></id_order>
</order_invoice_payment>
<order_invoice_payment><id_order_invoice><![CDATA[371]]></id_order_invoice>
<id_order_payment><![CDATA[429]]></id_order_payment>
<id_order><![CDATA[377]]></id_order>
</order_invoice_payment>
<order_invoice_payment><id_order_invoice><![CDATA[372]]></id_order_invoice>
<id_order_payment><![CDATA[430]]></id_order_payment>
<id_order><![CDATA[378]]></id_order>
</order_invoice_payment>
<order_invoice_payment><id_order_invoice><![CDATA[373]]></id_order_invoice>
<id_order_payment><![CDATA[431]]></id_order_payment>
<id_order><![CDATA[379]]></id_order>
</order_invoice_payment>
<order_invoice_payment><id_order_invoice><![CDATA[384]]></id_order_invoice>
<id_order_payment><![CDATA[432]]></id_order_payment>
<id_order><![CDATA[380]]></id_order>
</order_invoice_payment>
<order_invoice_payment><id_order_invoice><![CDATA[384]]></id_order_invoice>
<id_order_payment><![CDATA[447]]></id_order_payment>
<id_order><![CDATA[380]]></id_order>
</order_invoice_payment>
<order_invoice_payment><id_order_invoice><![CDATA[383]]></id_order_invoice>
<id_order_payment><![CDATA[433]]></id_order_payment>
<id_order><![CDATA[381]]></id_order>
</order_invoice_payment>
<order_invoice_payment><id_order_invoice><![CDATA[383]]></id_order_invoice>
<id_order_payment><![CDATA[446]]></id_order_payment>
<id_order><![CDATA[381]]></id_order>
</order_invoice_payment>
<order_invoice_payment><id_order_invoice><![CDATA[382]]></id_order_invoice>
<id_order_payment><![CDATA[434]]></id_order_payment>
<id_order><![CDATA[382]]></id_order>
</order_invoice_payment>
<order_invoice_payment><id_order_invoice><![CDATA[382]]></id_order_invoice>
<id_order_payment><![CDATA[445]]></id_order_payment>
<id_order><![CDATA[382]]></id_order>
</order_invoice_payment>
<order_invoice_payment><id_order_invoice><![CDATA[374]]></id_order_invoice>
<id_order_payment><![CDATA[435]]></id_order_payment>
<id_order><![CDATA[383]]></id_order>
</order_invoice_payment>
<order_invoice_payment><id_order_invoice><![CDATA[375]]></id_order_invoice>
<id_order_payment><![CDATA[436]]></id_order_payment>
<id_order><![CDATA[384]]></id_order>
</order_invoice_payment>
<order_invoice_payment><id_order_invoice><![CDATA[381]]></id_order_invoice>
<id_order_payment><![CDATA[437]]></id_order_payment>
<id_order><![CDATA[385]]></id_order>
</order_invoice_payment>
<order_invoice_payment><id_order_invoice><![CDATA[381]]></id_order_invoice>
<id_order_payment><![CDATA[444]]></id_order_payment>
<id_order><![CDATA[385]]></id_order>
</order_invoice_payment>
<order_invoice_payment><id_order_invoice><![CDATA[380]]></id_order_invoice>
<id_order_payment><![CDATA[438]]></id_order_payment>
<id_order><![CDATA[386]]></id_order>
</order_invoice_payment>
<order_invoice_payment><id_order_invoice><![CDATA[380]]></id_order_invoice>
<id_order_payment><![CDATA[443]]></id_order_payment>
<id_order><![CDATA[386]]></id_order>
</order_invoice_payment>
<order_invoice_payment><id_order_invoice><![CDATA[376]]></id_order_invoice>
<id_order_payment><![CDATA[439]]></id_order_payment>
<id_order><![CDATA[387]]></id_order>
</order_invoice_payment>
<order_invoice_payment><id_order_invoice><![CDATA[377]]></id_order_invoice>
<id_order_payment><![CDATA[440]]></id_order_payment>
<id_order><![CDATA[388]]></id_order>
</order_invoice_payment>
<order_invoice_payment><id_order_invoice><![CDATA[378]]></id_order_invoice>
<id_order_payment><![CDATA[441]]></id_order_payment>
<id_order><![CDATA[389]]></id_order>
</order_invoice_payment>
<order_invoice_payment><id_order_invoice><![CDATA[379]]></id_order_invoice>
<id_order_payment><![CDATA[442]]></id_order_payment>
<id_order><![CDATA[390]]></id_order>
</order_invoice_payment>
<order_invoice_payment><id_order_invoice><![CDATA[385]]></id_order_invoice>
<id_order_payment><![CDATA[448]]></id_order_payment>
<id_order><![CDATA[391]]></id_order>
</order_invoice_payment>
<order_invoice_payment><id_order_invoice><![CDATA[386]]></id_order_invoice>
<id_order_payment><![CDATA[449]]></id_order_payment>
<id_order><![CDATA[392]]></id_order>
</order_invoice_payment>
<order_invoice_payment><id_order_invoice><![CDATA[387]]></id_order_invoice>
<id_order_payment><![CDATA[450]]></id_order_payment>
<id_order><![CDATA[393]]></id_order>
</order_invoice_payment>
<order_invoice_payment><id_order_invoice><![CDATA[388]]></id_order_invoice>
<id_order_payment><![CDATA[451]]></id_order_payment>
<id_order><![CDATA[394]]></id_order>
</order_invoice_payment>
<order_invoice_payment><id_order_invoice><![CDATA[389]]></id_order_invoice>
<id_order_payment><![CDATA[452]]></id_order_payment>
<id_order><![CDATA[395]]></id_order>
</order_invoice_payment>
<order_invoice_payment><id_order_invoice><![CDATA[390]]></id_order_invoice>
<id_order_payment><![CDATA[453]]></id_order_payment>
<id_order><![CDATA[396]]></id_order>
</order_invoice_payment>
<order_invoice_payment><id_order_invoice><![CDATA[391]]></id_order_invoice>
<id_order_payment><![CDATA[454]]></id_order_payment>
<id_order><![CDATA[397]]></id_order>
</order_invoice_payment>
<order_invoice_payment><id_order_invoice><![CDATA[392]]></id_order_invoice>
<id_order_payment><![CDATA[455]]></id_order_payment>
<id_order><![CDATA[398]]></id_order>
</order_invoice_payment>
<order_invoice_payment><id_order_invoice><![CDATA[393]]></id_order_invoice>
<id_order_payment><![CDATA[456]]></id_order_payment>
<id_order><![CDATA[399]]></id_order>
</order_invoice_payment>
<order_invoice_payment><id_order_invoice><![CDATA[394]]></id_order_invoice>
<id_order_payment><![CDATA[457]]></id_order_payment>
<id_order><![CDATA[400]]></id_order>
</order_invoice_payment>
<order_invoice_payment><id_order_invoice><![CDATA[395]]></id_order_invoice>
<id_order_payment><![CDATA[458]]></id_order_payment>
<id_order><![CDATA[401]]></id_order>
</order_invoice_payment>
<order_invoice_payment><id_order_invoice><![CDATA[396]]></id_order_invoice>
<id_order_payment><![CDATA[459]]></id_order_payment>
<id_order><![CDATA[402]]></id_order>
</order_invoice_payment>
<order_invoice_payment><id_order_invoice><![CDATA[397]]></id_order_invoice>
<id_order_payment><![CDATA[460]]></id_order_payment>
<id_order><![CDATA[403]]></id_order>
</order_invoice_payment>
<order_invoice_payment><id_order_invoice><![CDATA[398]]></id_order_invoice>
<id_order_payment><![CDATA[461]]></id_order_payment>
<id_order><![CDATA[404]]></id_order>
</order_invoice_payment>
<order_invoice_payment><id_order_invoice><![CDATA[399]]></id_order_invoice>
<id_order_payment><![CDATA[462]]></id_order_payment>
<id_order><![CDATA[405]]></id_order>
</order_invoice_payment>
<order_invoice_payment><id_order_invoice><![CDATA[400]]></id_order_invoice>
<id_order_payment><![CDATA[463]]></id_order_payment>
<id_order><![CDATA[406]]></id_order>
</order_invoice_payment>
<order_invoice_payment><id_order_invoice><![CDATA[401]]></id_order_invoice>
<id_order_payment><![CDATA[464]]></id_order_payment>
<id_order><![CDATA[407]]></id_order>
</order_invoice_payment>
<order_invoice_payment><id_order_invoice><![CDATA[402]]></id_order_invoice>
<id_order_payment><![CDATA[465]]></id_order_payment>
<id_order><![CDATA[408]]></id_order>
</order_invoice_payment>
<order_invoice_payment><id_order_invoice><![CDATA[403]]></id_order_invoice>
<id_order_payment><![CDATA[466]]></id_order_payment>
<id_order><![CDATA[409]]></id_order>
</order_invoice_payment>
<order_invoice_payment><id_order_invoice><![CDATA[404]]></id_order_invoice>
<id_order_payment><![CDATA[467]]></id_order_payment>
<id_order><![CDATA[410]]></id_order>
</order_invoice_payment>
<order_invoice_payment><id_order_invoice><![CDATA[405]]></id_order_invoice>
<id_order_payment><![CDATA[468]]></id_order_payment>
<id_order><![CDATA[411]]></id_order>
</order_invoice_payment>
<order_invoice_payment><id_order_invoice><![CDATA[406]]></id_order_invoice>
<id_order_payment><![CDATA[469]]></id_order_payment>
<id_order><![CDATA[412]]></id_order>
</order_invoice_payment>
<order_invoice_payment><id_order_invoice><![CDATA[407]]></id_order_invoice>
<id_order_payment><![CDATA[470]]></id_order_payment>
<id_order><![CDATA[413]]></id_order>
</order_invoice_payment>
<order_invoice_payment><id_order_invoice><![CDATA[408]]></id_order_invoice>
<id_order_payment><![CDATA[471]]></id_order_payment>
<id_order><![CDATA[414]]></id_order>
</order_invoice_payment>
<order_invoice_payment><id_order_invoice><![CDATA[409]]></id_order_invoice>
<id_order_payment><![CDATA[472]]></id_order_payment>
<id_order><![CDATA[415]]></id_order>
</order_invoice_payment>
<order_invoice_payment><id_order_invoice><![CDATA[410]]></id_order_invoice>
<id_order_payment><![CDATA[473]]></id_order_payment>
<id_order><![CDATA[416]]></id_order>
</order_invoice_payment>
<order_invoice_payment><id_order_invoice><![CDATA[411]]></id_order_invoice>
<id_order_payment><![CDATA[474]]></id_order_payment>
<id_order><![CDATA[417]]></id_order>
</order_invoice_payment>
<order_invoice_payment><id_order_invoice><![CDATA[412]]></id_order_invoice>
<id_order_payment><![CDATA[475]]></id_order_payment>
<id_order><![CDATA[418]]></id_order>
</order_invoice_payment>
<order_invoice_payment><id_order_invoice><![CDATA[424]]></id_order_invoice>
<id_order_payment><![CDATA[476]]></id_order_payment>
<id_order><![CDATA[419]]></id_order>
</order_invoice_payment>
<order_invoice_payment><id_order_invoice><![CDATA[424]]></id_order_invoice>
<id_order_payment><![CDATA[490]]></id_order_payment>
<id_order><![CDATA[419]]></id_order>
</order_invoice_payment>
<order_invoice_payment><id_order_invoice><![CDATA[413]]></id_order_invoice>
<id_order_payment><![CDATA[477]]></id_order_payment>
<id_order><![CDATA[420]]></id_order>
</order_invoice_payment>
<order_invoice_payment><id_order_invoice><![CDATA[414]]></id_order_invoice>
<id_order_payment><![CDATA[478]]></id_order_payment>
<id_order><![CDATA[421]]></id_order>
</order_invoice_payment>
<order_invoice_payment><id_order_invoice><![CDATA[425]]></id_order_invoice>
<id_order_payment><![CDATA[479]]></id_order_payment>
<id_order><![CDATA[422]]></id_order>
</order_invoice_payment>
<order_invoice_payment><id_order_invoice><![CDATA[425]]></id_order_invoice>
<id_order_payment><![CDATA[491]]></id_order_payment>
<id_order><![CDATA[422]]></id_order>
</order_invoice_payment>
<order_invoice_payment><id_order_invoice><![CDATA[415]]></id_order_invoice>
<id_order_payment><![CDATA[480]]></id_order_payment>
<id_order><![CDATA[423]]></id_order>
</order_invoice_payment>
<order_invoice_payment><id_order_invoice><![CDATA[416]]></id_order_invoice>
<id_order_payment><![CDATA[481]]></id_order_payment>
<id_order><![CDATA[424]]></id_order>
</order_invoice_payment>
<order_invoice_payment><id_order_invoice><![CDATA[416]]></id_order_invoice>
<id_order_payment><![CDATA[482]]></id_order_payment>
<id_order><![CDATA[424]]></id_order>
</order_invoice_payment>
<order_invoice_payment><id_order_invoice><![CDATA[417]]></id_order_invoice>
<id_order_payment><![CDATA[483]]></id_order_payment>
<id_order><![CDATA[425]]></id_order>
</order_invoice_payment>
<order_invoice_payment><id_order_invoice><![CDATA[418]]></id_order_invoice>
<id_order_payment><![CDATA[484]]></id_order_payment>
<id_order><![CDATA[426]]></id_order>
</order_invoice_payment>
<order_invoice_payment><id_order_invoice><![CDATA[419]]></id_order_invoice>
<id_order_payment><![CDATA[485]]></id_order_payment>
<id_order><![CDATA[427]]></id_order>
</order_invoice_payment>
<order_invoice_payment><id_order_invoice><![CDATA[420]]></id_order_invoice>
<id_order_payment><![CDATA[486]]></id_order_payment>
<id_order><![CDATA[428]]></id_order>
</order_invoice_payment>
<order_invoice_payment><id_order_invoice><![CDATA[421]]></id_order_invoice>
<id_order_payment><![CDATA[487]]></id_order_payment>
<id_order><![CDATA[429]]></id_order>
</order_invoice_payment>
<order_invoice_payment><id_order_invoice><![CDATA[422]]></id_order_invoice>
<id_order_payment><![CDATA[488]]></id_order_payment>
<id_order><![CDATA[430]]></id_order>
</order_invoice_payment>
<order_invoice_payment><id_order_invoice><![CDATA[423]]></id_order_invoice>
<id_order_payment><![CDATA[489]]></id_order_payment>
<id_order><![CDATA[431]]></id_order>
</order_invoice_payment>
<order_invoice_payment><id_order_invoice><![CDATA[426]]></id_order_invoice>
<id_order_payment><![CDATA[492]]></id_order_payment>
<id_order><![CDATA[432]]></id_order>
</order_invoice_payment>
<order_invoice_payment><id_order_invoice><![CDATA[427]]></id_order_invoice>
<id_order_payment><![CDATA[493]]></id_order_payment>
<id_order><![CDATA[433]]></id_order>
</order_invoice_payment>
<order_invoice_payment><id_order_invoice><![CDATA[428]]></id_order_invoice>
<id_order_payment><![CDATA[494]]></id_order_payment>
<id_order><![CDATA[434]]></id_order>
</order_invoice_payment>
<order_invoice_payment><id_order_invoice><![CDATA[429]]></id_order_invoice>
<id_order_payment><![CDATA[495]]></id_order_payment>
<id_order><![CDATA[435]]></id_order>
</order_invoice_payment>
<order_invoice_payment><id_order_invoice><![CDATA[430]]></id_order_invoice>
<id_order_payment><![CDATA[496]]></id_order_payment>
<id_order><![CDATA[436]]></id_order>
</order_invoice_payment>
<order_invoice_payment><id_order_invoice><![CDATA[431]]></id_order_invoice>
<id_order_payment><![CDATA[497]]></id_order_payment>
<id_order><![CDATA[437]]></id_order>
</order_invoice_payment>
<order_invoice_payment><id_order_invoice><![CDATA[432]]></id_order_invoice>
<id_order_payment><![CDATA[498]]></id_order_payment>
<id_order><![CDATA[438]]></id_order>
</order_invoice_payment>
<order_invoice_payment><id_order_invoice><![CDATA[433]]></id_order_invoice>
<id_order_payment><![CDATA[499]]></id_order_payment>
<id_order><![CDATA[439]]></id_order>
</order_invoice_payment>
<order_invoice_payment><id_order_invoice><![CDATA[434]]></id_order_invoice>
<id_order_payment><![CDATA[500]]></id_order_payment>
<id_order><![CDATA[440]]></id_order>
</order_invoice_payment>
<order_invoice_payment><id_order_invoice><![CDATA[435]]></id_order_invoice>
<id_order_payment><![CDATA[501]]></id_order_payment>
<id_order><![CDATA[441]]></id_order>
</order_invoice_payment>
<order_invoice_payment><id_order_invoice><![CDATA[436]]></id_order_invoice>
<id_order_payment><![CDATA[502]]></id_order_payment>
<id_order><![CDATA[442]]></id_order>
</order_invoice_payment>
<order_invoice_payment><id_order_invoice><![CDATA[437]]></id_order_invoice>
<id_order_payment><![CDATA[503]]></id_order_payment>
<id_order><![CDATA[443]]></id_order>
</order_invoice_payment>
<order_invoice_payment><id_order_invoice><![CDATA[438]]></id_order_invoice>
<id_order_payment><![CDATA[504]]></id_order_payment>
<id_order><![CDATA[444]]></id_order>
</order_invoice_payment>
<order_invoice_payment><id_order_invoice><![CDATA[439]]></id_order_invoice>
<id_order_payment><![CDATA[505]]></id_order_payment>
<id_order><![CDATA[445]]></id_order>
</order_invoice_payment>
<order_invoice_payment><id_order_invoice><![CDATA[440]]></id_order_invoice>
<id_order_payment><![CDATA[506]]></id_order_payment>
<id_order><![CDATA[446]]></id_order>
</order_invoice_payment>
<order_invoice_payment><id_order_invoice><![CDATA[441]]></id_order_invoice>
<id_order_payment><![CDATA[507]]></id_order_payment>
<id_order><![CDATA[447]]></id_order>
</order_invoice_payment>
<order_invoice_payment><id_order_invoice><![CDATA[442]]></id_order_invoice>
<id_order_payment><![CDATA[508]]></id_order_payment>
<id_order><![CDATA[448]]></id_order>
</order_invoice_payment>
<order_invoice_payment><id_order_invoice><![CDATA[443]]></id_order_invoice>
<id_order_payment><![CDATA[509]]></id_order_payment>
<id_order><![CDATA[449]]></id_order>
</order_invoice_payment>
<order_invoice_payment><id_order_invoice><![CDATA[444]]></id_order_invoice>
<id_order_payment><![CDATA[510]]></id_order_payment>
<id_order><![CDATA[450]]></id_order>
</order_invoice_payment>
<order_invoice_payment><id_order_invoice><![CDATA[445]]></id_order_invoice>
<id_order_payment><![CDATA[511]]></id_order_payment>
<id_order><![CDATA[451]]></id_order>
</order_invoice_payment>
<order_invoice_payment><id_order_invoice><![CDATA[446]]></id_order_invoice>
<id_order_payment><![CDATA[512]]></id_order_payment>
<id_order><![CDATA[452]]></id_order>
</order_invoice_payment>
<order_invoice_payment><id_order_invoice><![CDATA[447]]></id_order_invoice>
<id_order_payment><![CDATA[513]]></id_order_payment>
<id_order><![CDATA[453]]></id_order>
</order_invoice_payment>
<order_invoice_payment><id_order_invoice><![CDATA[448]]></id_order_invoice>
<id_order_payment><![CDATA[514]]></id_order_payment>
<id_order><![CDATA[454]]></id_order>
</order_invoice_payment>
<order_invoice_payment><id_order_invoice><![CDATA[449]]></id_order_invoice>
<id_order_payment><![CDATA[515]]></id_order_payment>
<id_order><![CDATA[455]]></id_order>
</order_invoice_payment>
<order_invoice_payment><id_order_invoice><![CDATA[450]]></id_order_invoice>
<id_order_payment><![CDATA[516]]></id_order_payment>
<id_order><![CDATA[456]]></id_order>
</order_invoice_payment>
<order_invoice_payment><id_order_invoice><![CDATA[451]]></id_order_invoice>
<id_order_payment><![CDATA[517]]></id_order_payment>
<id_order><![CDATA[457]]></id_order>
</order_invoice_payment>
<order_invoice_payment><id_order_invoice><![CDATA[452]]></id_order_invoice>
<id_order_payment><![CDATA[518]]></id_order_payment>
<id_order><![CDATA[458]]></id_order>
</order_invoice_payment>
<order_invoice_payment><id_order_invoice><![CDATA[453]]></id_order_invoice>
<id_order_payment><![CDATA[519]]></id_order_payment>
<id_order><![CDATA[459]]></id_order>
</order_invoice_payment>
<order_invoice_payment><id_order_invoice><![CDATA[454]]></id_order_invoice>
<id_order_payment><![CDATA[520]]></id_order_payment>
<id_order><![CDATA[460]]></id_order>
</order_invoice_payment>
<order_invoice_payment><id_order_invoice><![CDATA[455]]></id_order_invoice>
<id_order_payment><![CDATA[521]]></id_order_payment>
<id_order><![CDATA[461]]></id_order>
</order_invoice_payment>
<order_invoice_payment><id_order_invoice><![CDATA[456]]></id_order_invoice>
<id_order_payment><![CDATA[522]]></id_order_payment>
<id_order><![CDATA[462]]></id_order>
</order_invoice_payment>
<order_invoice_payment><id_order_invoice><![CDATA[457]]></id_order_invoice>
<id_order_payment><![CDATA[523]]></id_order_payment>
<id_order><![CDATA[463]]></id_order>
</order_invoice_payment>
<order_invoice_payment><id_order_invoice><![CDATA[458]]></id_order_invoice>
<id_order_payment><![CDATA[524]]></id_order_payment>
<id_order><![CDATA[464]]></id_order>
</order_invoice_payment>
<order_invoice_payment><id_order_invoice><![CDATA[459]]></id_order_invoice>
<id_order_payment><![CDATA[525]]></id_order_payment>
<id_order><![CDATA[465]]></id_order>
</order_invoice_payment>
<order_invoice_payment><id_order_invoice><![CDATA[460]]></id_order_invoice>
<id_order_payment><![CDATA[526]]></id_order_payment>
<id_order><![CDATA[466]]></id_order>
</order_invoice_payment>
<order_invoice_payment><id_order_invoice><![CDATA[461]]></id_order_invoice>
<id_order_payment><![CDATA[527]]></id_order_payment>
<id_order><![CDATA[467]]></id_order>
</order_invoice_payment>
<order_invoice_payment><id_order_invoice><![CDATA[462]]></id_order_invoice>
<id_order_payment><![CDATA[528]]></id_order_payment>
<id_order><![CDATA[468]]></id_order>
</order_invoice_payment>
<order_invoice_payment><id_order_invoice><![CDATA[463]]></id_order_invoice>
<id_order_payment><![CDATA[529]]></id_order_payment>
<id_order><![CDATA[469]]></id_order>
</order_invoice_payment>
<order_invoice_payment><id_order_invoice><![CDATA[464]]></id_order_invoice>
<id_order_payment><![CDATA[530]]></id_order_payment>
<id_order><![CDATA[470]]></id_order>
</order_invoice_payment>
<order_invoice_payment><id_order_invoice><![CDATA[465]]></id_order_invoice>
<id_order_payment><![CDATA[531]]></id_order_payment>
<id_order><![CDATA[471]]></id_order>
</order_invoice_payment>
<order_invoice_payment><id_order_invoice><![CDATA[466]]></id_order_invoice>
<id_order_payment><![CDATA[532]]></id_order_payment>
<id_order><![CDATA[472]]></id_order>
</order_invoice_payment>
<order_invoice_payment><id_order_invoice><![CDATA[467]]></id_order_invoice>
<id_order_payment><![CDATA[533]]></id_order_payment>
<id_order><![CDATA[473]]></id_order>
</order_invoice_payment>
<order_invoice_payment><id_order_invoice><![CDATA[468]]></id_order_invoice>
<id_order_payment><![CDATA[534]]></id_order_payment>
<id_order><![CDATA[474]]></id_order>
</order_invoice_payment>
</entity_profile>
