<?xml version="1.0" encoding="UTF-8"?>
<entity_profile>
<product_tag><id_product><![CDATA[218]]></id_product>
<id_tag><![CDATA[3188]]></id_tag>
<id_lang><![CDATA[1]]></id_lang>
</product_tag>
<product_tag><id_product><![CDATA[221]]></id_product>
<id_tag><![CDATA[3188]]></id_tag>
<id_lang><![CDATA[1]]></id_lang>
</product_tag>
<product_tag><id_product><![CDATA[222]]></id_product>
<id_tag><![CDATA[3188]]></id_tag>
<id_lang><![CDATA[1]]></id_lang>
</product_tag>
<product_tag><id_product><![CDATA[223]]></id_product>
<id_tag><![CDATA[3188]]></id_tag>
<id_lang><![CDATA[1]]></id_lang>
</product_tag>
<product_tag><id_product><![CDATA[224]]></id_product>
<id_tag><![CDATA[3188]]></id_tag>
<id_lang><![CDATA[1]]></id_lang>
</product_tag>
<product_tag><id_product><![CDATA[225]]></id_product>
<id_tag><![CDATA[3188]]></id_tag>
<id_lang><![CDATA[1]]></id_lang>
</product_tag>
<product_tag><id_product><![CDATA[226]]></id_product>
<id_tag><![CDATA[3188]]></id_tag>
<id_lang><![CDATA[1]]></id_lang>
</product_tag>
<product_tag><id_product><![CDATA[227]]></id_product>
<id_tag><![CDATA[3188]]></id_tag>
<id_lang><![CDATA[1]]></id_lang>
</product_tag>
<product_tag><id_product><![CDATA[228]]></id_product>
<id_tag><![CDATA[3188]]></id_tag>
<id_lang><![CDATA[1]]></id_lang>
</product_tag>
<product_tag><id_product><![CDATA[355]]></id_product>
<id_tag><![CDATA[3188]]></id_tag>
<id_lang><![CDATA[1]]></id_lang>
</product_tag>
<product_tag><id_product><![CDATA[356]]></id_product>
<id_tag><![CDATA[3188]]></id_tag>
<id_lang><![CDATA[1]]></id_lang>
</product_tag>
<product_tag><id_product><![CDATA[357]]></id_product>
<id_tag><![CDATA[3188]]></id_tag>
<id_lang><![CDATA[1]]></id_lang>
</product_tag>
<product_tag><id_product><![CDATA[358]]></id_product>
<id_tag><![CDATA[3188]]></id_tag>
<id_lang><![CDATA[1]]></id_lang>
</product_tag>
<product_tag><id_product><![CDATA[359]]></id_product>
<id_tag><![CDATA[3188]]></id_tag>
<id_lang><![CDATA[1]]></id_lang>
</product_tag>
<product_tag><id_product><![CDATA[360]]></id_product>
<id_tag><![CDATA[3188]]></id_tag>
<id_lang><![CDATA[1]]></id_lang>
</product_tag>
<product_tag><id_product><![CDATA[229]]></id_product>
<id_tag><![CDATA[3193]]></id_tag>
<id_lang><![CDATA[1]]></id_lang>
</product_tag>
<product_tag><id_product><![CDATA[230]]></id_product>
<id_tag><![CDATA[3193]]></id_tag>
<id_lang><![CDATA[1]]></id_lang>
</product_tag>
<product_tag><id_product><![CDATA[231]]></id_product>
<id_tag><![CDATA[3193]]></id_tag>
<id_lang><![CDATA[1]]></id_lang>
</product_tag>
<product_tag><id_product><![CDATA[232]]></id_product>
<id_tag><![CDATA[3193]]></id_tag>
<id_lang><![CDATA[1]]></id_lang>
</product_tag>
<product_tag><id_product><![CDATA[233]]></id_product>
<id_tag><![CDATA[3193]]></id_tag>
<id_lang><![CDATA[1]]></id_lang>
</product_tag>
<product_tag><id_product><![CDATA[234]]></id_product>
<id_tag><![CDATA[3193]]></id_tag>
<id_lang><![CDATA[1]]></id_lang>
</product_tag>
<product_tag><id_product><![CDATA[235]]></id_product>
<id_tag><![CDATA[3193]]></id_tag>
<id_lang><![CDATA[1]]></id_lang>
</product_tag>
<product_tag><id_product><![CDATA[236]]></id_product>
<id_tag><![CDATA[3193]]></id_tag>
<id_lang><![CDATA[1]]></id_lang>
</product_tag>
<product_tag><id_product><![CDATA[238]]></id_product>
<id_tag><![CDATA[3193]]></id_tag>
<id_lang><![CDATA[1]]></id_lang>
</product_tag>
<product_tag><id_product><![CDATA[239]]></id_product>
<id_tag><![CDATA[3193]]></id_tag>
<id_lang><![CDATA[1]]></id_lang>
</product_tag>
<product_tag><id_product><![CDATA[240]]></id_product>
<id_tag><![CDATA[3193]]></id_tag>
<id_lang><![CDATA[1]]></id_lang>
</product_tag>
<product_tag><id_product><![CDATA[241]]></id_product>
<id_tag><![CDATA[3193]]></id_tag>
<id_lang><![CDATA[1]]></id_lang>
</product_tag>
<product_tag><id_product><![CDATA[242]]></id_product>
<id_tag><![CDATA[3193]]></id_tag>
<id_lang><![CDATA[1]]></id_lang>
</product_tag>
<product_tag><id_product><![CDATA[243]]></id_product>
<id_tag><![CDATA[3193]]></id_tag>
<id_lang><![CDATA[1]]></id_lang>
</product_tag>
<product_tag><id_product><![CDATA[246]]></id_product>
<id_tag><![CDATA[3193]]></id_tag>
<id_lang><![CDATA[1]]></id_lang>
</product_tag>
<product_tag><id_product><![CDATA[247]]></id_product>
<id_tag><![CDATA[3193]]></id_tag>
<id_lang><![CDATA[1]]></id_lang>
</product_tag>
<product_tag><id_product><![CDATA[248]]></id_product>
<id_tag><![CDATA[3193]]></id_tag>
<id_lang><![CDATA[1]]></id_lang>
</product_tag>
<product_tag><id_product><![CDATA[249]]></id_product>
<id_tag><![CDATA[3193]]></id_tag>
<id_lang><![CDATA[1]]></id_lang>
</product_tag>
<product_tag><id_product><![CDATA[353]]></id_product>
<id_tag><![CDATA[3193]]></id_tag>
<id_lang><![CDATA[1]]></id_lang>
</product_tag>
<product_tag><id_product><![CDATA[354]]></id_product>
<id_tag><![CDATA[3193]]></id_tag>
<id_lang><![CDATA[1]]></id_lang>
</product_tag>
<product_tag><id_product><![CDATA[373]]></id_product>
<id_tag><![CDATA[3193]]></id_tag>
<id_lang><![CDATA[1]]></id_lang>
</product_tag>
<product_tag><id_product><![CDATA[374]]></id_product>
<id_tag><![CDATA[3193]]></id_tag>
<id_lang><![CDATA[1]]></id_lang>
</product_tag>
<product_tag><id_product><![CDATA[375]]></id_product>
<id_tag><![CDATA[3193]]></id_tag>
<id_lang><![CDATA[1]]></id_lang>
</product_tag>
<product_tag><id_product><![CDATA[376]]></id_product>
<id_tag><![CDATA[3193]]></id_tag>
<id_lang><![CDATA[1]]></id_lang>
</product_tag>
<product_tag><id_product><![CDATA[377]]></id_product>
<id_tag><![CDATA[3193]]></id_tag>
<id_lang><![CDATA[1]]></id_lang>
</product_tag>
<product_tag><id_product><![CDATA[378]]></id_product>
<id_tag><![CDATA[3193]]></id_tag>
<id_lang><![CDATA[1]]></id_lang>
</product_tag>
<product_tag><id_product><![CDATA[379]]></id_product>
<id_tag><![CDATA[3193]]></id_tag>
<id_lang><![CDATA[1]]></id_lang>
</product_tag>
<product_tag><id_product><![CDATA[380]]></id_product>
<id_tag><![CDATA[3193]]></id_tag>
<id_lang><![CDATA[1]]></id_lang>
</product_tag>
<product_tag><id_product><![CDATA[381]]></id_product>
<id_tag><![CDATA[3193]]></id_tag>
<id_lang><![CDATA[1]]></id_lang>
</product_tag>
<product_tag><id_product><![CDATA[382]]></id_product>
<id_tag><![CDATA[3193]]></id_tag>
<id_lang><![CDATA[1]]></id_lang>
</product_tag>
<product_tag><id_product><![CDATA[383]]></id_product>
<id_tag><![CDATA[3193]]></id_tag>
<id_lang><![CDATA[1]]></id_lang>
</product_tag>
<product_tag><id_product><![CDATA[384]]></id_product>
<id_tag><![CDATA[3193]]></id_tag>
<id_lang><![CDATA[1]]></id_lang>
</product_tag>
<product_tag><id_product><![CDATA[385]]></id_product>
<id_tag><![CDATA[3193]]></id_tag>
<id_lang><![CDATA[1]]></id_lang>
</product_tag>
<product_tag><id_product><![CDATA[386]]></id_product>
<id_tag><![CDATA[3193]]></id_tag>
<id_lang><![CDATA[1]]></id_lang>
</product_tag>
<product_tag><id_product><![CDATA[387]]></id_product>
<id_tag><![CDATA[3193]]></id_tag>
<id_lang><![CDATA[1]]></id_lang>
</product_tag>
<product_tag><id_product><![CDATA[388]]></id_product>
<id_tag><![CDATA[3193]]></id_tag>
<id_lang><![CDATA[1]]></id_lang>
</product_tag>
<product_tag><id_product><![CDATA[390]]></id_product>
<id_tag><![CDATA[3193]]></id_tag>
<id_lang><![CDATA[1]]></id_lang>
</product_tag>
<product_tag><id_product><![CDATA[391]]></id_product>
<id_tag><![CDATA[3193]]></id_tag>
<id_lang><![CDATA[1]]></id_lang>
</product_tag>
<product_tag><id_product><![CDATA[392]]></id_product>
<id_tag><![CDATA[3193]]></id_tag>
<id_lang><![CDATA[1]]></id_lang>
</product_tag>
<product_tag><id_product><![CDATA[393]]></id_product>
<id_tag><![CDATA[3193]]></id_tag>
<id_lang><![CDATA[1]]></id_lang>
</product_tag>
<product_tag><id_product><![CDATA[394]]></id_product>
<id_tag><![CDATA[3193]]></id_tag>
<id_lang><![CDATA[1]]></id_lang>
</product_tag>
<product_tag><id_product><![CDATA[424]]></id_product>
<id_tag><![CDATA[3193]]></id_tag>
<id_lang><![CDATA[1]]></id_lang>
</product_tag>
<product_tag><id_product><![CDATA[425]]></id_product>
<id_tag><![CDATA[3193]]></id_tag>
<id_lang><![CDATA[1]]></id_lang>
</product_tag>
<product_tag><id_product><![CDATA[426]]></id_product>
<id_tag><![CDATA[3193]]></id_tag>
<id_lang><![CDATA[1]]></id_lang>
</product_tag>
<product_tag><id_product><![CDATA[427]]></id_product>
<id_tag><![CDATA[3193]]></id_tag>
<id_lang><![CDATA[1]]></id_lang>
</product_tag>
<product_tag><id_product><![CDATA[428]]></id_product>
<id_tag><![CDATA[3193]]></id_tag>
<id_lang><![CDATA[1]]></id_lang>
</product_tag>
<product_tag><id_product><![CDATA[429]]></id_product>
<id_tag><![CDATA[3193]]></id_tag>
<id_lang><![CDATA[1]]></id_lang>
</product_tag>
<product_tag><id_product><![CDATA[430]]></id_product>
<id_tag><![CDATA[3193]]></id_tag>
<id_lang><![CDATA[1]]></id_lang>
</product_tag>
<product_tag><id_product><![CDATA[431]]></id_product>
<id_tag><![CDATA[3193]]></id_tag>
<id_lang><![CDATA[1]]></id_lang>
</product_tag>
<product_tag><id_product><![CDATA[434]]></id_product>
<id_tag><![CDATA[3193]]></id_tag>
<id_lang><![CDATA[1]]></id_lang>
</product_tag>
<product_tag><id_product><![CDATA[435]]></id_product>
<id_tag><![CDATA[3193]]></id_tag>
<id_lang><![CDATA[1]]></id_lang>
</product_tag>
<product_tag><id_product><![CDATA[436]]></id_product>
<id_tag><![CDATA[3193]]></id_tag>
<id_lang><![CDATA[1]]></id_lang>
</product_tag>
<product_tag><id_product><![CDATA[437]]></id_product>
<id_tag><![CDATA[3193]]></id_tag>
<id_lang><![CDATA[1]]></id_lang>
</product_tag>
<product_tag><id_product><![CDATA[439]]></id_product>
<id_tag><![CDATA[3193]]></id_tag>
<id_lang><![CDATA[1]]></id_lang>
</product_tag>
<product_tag><id_product><![CDATA[440]]></id_product>
<id_tag><![CDATA[3193]]></id_tag>
<id_lang><![CDATA[1]]></id_lang>
</product_tag>
<product_tag><id_product><![CDATA[442]]></id_product>
<id_tag><![CDATA[3193]]></id_tag>
<id_lang><![CDATA[1]]></id_lang>
</product_tag>
<product_tag><id_product><![CDATA[443]]></id_product>
<id_tag><![CDATA[3193]]></id_tag>
<id_lang><![CDATA[1]]></id_lang>
</product_tag>
<product_tag><id_product><![CDATA[444]]></id_product>
<id_tag><![CDATA[3193]]></id_tag>
<id_lang><![CDATA[1]]></id_lang>
</product_tag>
<product_tag><id_product><![CDATA[445]]></id_product>
<id_tag><![CDATA[3193]]></id_tag>
<id_lang><![CDATA[1]]></id_lang>
</product_tag>
<product_tag><id_product><![CDATA[1143]]></id_product>
<id_tag><![CDATA[3193]]></id_tag>
<id_lang><![CDATA[1]]></id_lang>
</product_tag>
<product_tag><id_product><![CDATA[229]]></id_product>
<id_tag><![CDATA[3194]]></id_tag>
<id_lang><![CDATA[1]]></id_lang>
</product_tag>
<product_tag><id_product><![CDATA[230]]></id_product>
<id_tag><![CDATA[3194]]></id_tag>
<id_lang><![CDATA[1]]></id_lang>
</product_tag>
<product_tag><id_product><![CDATA[231]]></id_product>
<id_tag><![CDATA[3194]]></id_tag>
<id_lang><![CDATA[1]]></id_lang>
</product_tag>
<product_tag><id_product><![CDATA[232]]></id_product>
<id_tag><![CDATA[3194]]></id_tag>
<id_lang><![CDATA[1]]></id_lang>
</product_tag>
<product_tag><id_product><![CDATA[233]]></id_product>
<id_tag><![CDATA[3194]]></id_tag>
<id_lang><![CDATA[1]]></id_lang>
</product_tag>
<product_tag><id_product><![CDATA[234]]></id_product>
<id_tag><![CDATA[3194]]></id_tag>
<id_lang><![CDATA[1]]></id_lang>
</product_tag>
<product_tag><id_product><![CDATA[235]]></id_product>
<id_tag><![CDATA[3194]]></id_tag>
<id_lang><![CDATA[1]]></id_lang>
</product_tag>
<product_tag><id_product><![CDATA[236]]></id_product>
<id_tag><![CDATA[3194]]></id_tag>
<id_lang><![CDATA[1]]></id_lang>
</product_tag>
<product_tag><id_product><![CDATA[238]]></id_product>
<id_tag><![CDATA[3194]]></id_tag>
<id_lang><![CDATA[1]]></id_lang>
</product_tag>
<product_tag><id_product><![CDATA[239]]></id_product>
<id_tag><![CDATA[3194]]></id_tag>
<id_lang><![CDATA[1]]></id_lang>
</product_tag>
<product_tag><id_product><![CDATA[240]]></id_product>
<id_tag><![CDATA[3194]]></id_tag>
<id_lang><![CDATA[1]]></id_lang>
</product_tag>
<product_tag><id_product><![CDATA[241]]></id_product>
<id_tag><![CDATA[3194]]></id_tag>
<id_lang><![CDATA[1]]></id_lang>
</product_tag>
<product_tag><id_product><![CDATA[242]]></id_product>
<id_tag><![CDATA[3194]]></id_tag>
<id_lang><![CDATA[1]]></id_lang>
</product_tag>
<product_tag><id_product><![CDATA[243]]></id_product>
<id_tag><![CDATA[3194]]></id_tag>
<id_lang><![CDATA[1]]></id_lang>
</product_tag>
<product_tag><id_product><![CDATA[244]]></id_product>
<id_tag><![CDATA[3194]]></id_tag>
<id_lang><![CDATA[1]]></id_lang>
</product_tag>
<product_tag><id_product><![CDATA[246]]></id_product>
<id_tag><![CDATA[3194]]></id_tag>
<id_lang><![CDATA[1]]></id_lang>
</product_tag>
<product_tag><id_product><![CDATA[247]]></id_product>
<id_tag><![CDATA[3194]]></id_tag>
<id_lang><![CDATA[1]]></id_lang>
</product_tag>
<product_tag><id_product><![CDATA[248]]></id_product>
<id_tag><![CDATA[3194]]></id_tag>
<id_lang><![CDATA[1]]></id_lang>
</product_tag>
<product_tag><id_product><![CDATA[249]]></id_product>
<id_tag><![CDATA[3194]]></id_tag>
<id_lang><![CDATA[1]]></id_lang>
</product_tag>
<product_tag><id_product><![CDATA[353]]></id_product>
<id_tag><![CDATA[3194]]></id_tag>
<id_lang><![CDATA[1]]></id_lang>
</product_tag>
<product_tag><id_product><![CDATA[354]]></id_product>
<id_tag><![CDATA[3194]]></id_tag>
<id_lang><![CDATA[1]]></id_lang>
</product_tag>
<product_tag><id_product><![CDATA[373]]></id_product>
<id_tag><![CDATA[3194]]></id_tag>
<id_lang><![CDATA[1]]></id_lang>
</product_tag>
<product_tag><id_product><![CDATA[374]]></id_product>
<id_tag><![CDATA[3194]]></id_tag>
<id_lang><![CDATA[1]]></id_lang>
</product_tag>
<product_tag><id_product><![CDATA[375]]></id_product>
<id_tag><![CDATA[3194]]></id_tag>
<id_lang><![CDATA[1]]></id_lang>
</product_tag>
<product_tag><id_product><![CDATA[376]]></id_product>
<id_tag><![CDATA[3194]]></id_tag>
<id_lang><![CDATA[1]]></id_lang>
</product_tag>
<product_tag><id_product><![CDATA[378]]></id_product>
<id_tag><![CDATA[3194]]></id_tag>
<id_lang><![CDATA[1]]></id_lang>
</product_tag>
<product_tag><id_product><![CDATA[379]]></id_product>
<id_tag><![CDATA[3194]]></id_tag>
<id_lang><![CDATA[1]]></id_lang>
</product_tag>
<product_tag><id_product><![CDATA[380]]></id_product>
<id_tag><![CDATA[3194]]></id_tag>
<id_lang><![CDATA[1]]></id_lang>
</product_tag>
<product_tag><id_product><![CDATA[381]]></id_product>
<id_tag><![CDATA[3194]]></id_tag>
<id_lang><![CDATA[1]]></id_lang>
</product_tag>
<product_tag><id_product><![CDATA[382]]></id_product>
<id_tag><![CDATA[3194]]></id_tag>
<id_lang><![CDATA[1]]></id_lang>
</product_tag>
<product_tag><id_product><![CDATA[383]]></id_product>
<id_tag><![CDATA[3194]]></id_tag>
<id_lang><![CDATA[1]]></id_lang>
</product_tag>
<product_tag><id_product><![CDATA[384]]></id_product>
<id_tag><![CDATA[3194]]></id_tag>
<id_lang><![CDATA[1]]></id_lang>
</product_tag>
<product_tag><id_product><![CDATA[385]]></id_product>
<id_tag><![CDATA[3194]]></id_tag>
<id_lang><![CDATA[1]]></id_lang>
</product_tag>
<product_tag><id_product><![CDATA[386]]></id_product>
<id_tag><![CDATA[3194]]></id_tag>
<id_lang><![CDATA[1]]></id_lang>
</product_tag>
<product_tag><id_product><![CDATA[387]]></id_product>
<id_tag><![CDATA[3194]]></id_tag>
<id_lang><![CDATA[1]]></id_lang>
</product_tag>
<product_tag><id_product><![CDATA[388]]></id_product>
<id_tag><![CDATA[3194]]></id_tag>
<id_lang><![CDATA[1]]></id_lang>
</product_tag>
<product_tag><id_product><![CDATA[389]]></id_product>
<id_tag><![CDATA[3194]]></id_tag>
<id_lang><![CDATA[1]]></id_lang>
</product_tag>
<product_tag><id_product><![CDATA[390]]></id_product>
<id_tag><![CDATA[3194]]></id_tag>
<id_lang><![CDATA[1]]></id_lang>
</product_tag>
<product_tag><id_product><![CDATA[391]]></id_product>
<id_tag><![CDATA[3194]]></id_tag>
<id_lang><![CDATA[1]]></id_lang>
</product_tag>
<product_tag><id_product><![CDATA[392]]></id_product>
<id_tag><![CDATA[3194]]></id_tag>
<id_lang><![CDATA[1]]></id_lang>
</product_tag>
<product_tag><id_product><![CDATA[393]]></id_product>
<id_tag><![CDATA[3194]]></id_tag>
<id_lang><![CDATA[1]]></id_lang>
</product_tag>
<product_tag><id_product><![CDATA[394]]></id_product>
<id_tag><![CDATA[3194]]></id_tag>
<id_lang><![CDATA[1]]></id_lang>
</product_tag>
<product_tag><id_product><![CDATA[424]]></id_product>
<id_tag><![CDATA[3194]]></id_tag>
<id_lang><![CDATA[1]]></id_lang>
</product_tag>
<product_tag><id_product><![CDATA[425]]></id_product>
<id_tag><![CDATA[3194]]></id_tag>
<id_lang><![CDATA[1]]></id_lang>
</product_tag>
<product_tag><id_product><![CDATA[426]]></id_product>
<id_tag><![CDATA[3194]]></id_tag>
<id_lang><![CDATA[1]]></id_lang>
</product_tag>
<product_tag><id_product><![CDATA[427]]></id_product>
<id_tag><![CDATA[3194]]></id_tag>
<id_lang><![CDATA[1]]></id_lang>
</product_tag>
<product_tag><id_product><![CDATA[428]]></id_product>
<id_tag><![CDATA[3194]]></id_tag>
<id_lang><![CDATA[1]]></id_lang>
</product_tag>
<product_tag><id_product><![CDATA[429]]></id_product>
<id_tag><![CDATA[3194]]></id_tag>
<id_lang><![CDATA[1]]></id_lang>
</product_tag>
<product_tag><id_product><![CDATA[430]]></id_product>
<id_tag><![CDATA[3194]]></id_tag>
<id_lang><![CDATA[1]]></id_lang>
</product_tag>
<product_tag><id_product><![CDATA[431]]></id_product>
<id_tag><![CDATA[3194]]></id_tag>
<id_lang><![CDATA[1]]></id_lang>
</product_tag>
<product_tag><id_product><![CDATA[434]]></id_product>
<id_tag><![CDATA[3194]]></id_tag>
<id_lang><![CDATA[1]]></id_lang>
</product_tag>
<product_tag><id_product><![CDATA[435]]></id_product>
<id_tag><![CDATA[3194]]></id_tag>
<id_lang><![CDATA[1]]></id_lang>
</product_tag>
<product_tag><id_product><![CDATA[436]]></id_product>
<id_tag><![CDATA[3194]]></id_tag>
<id_lang><![CDATA[1]]></id_lang>
</product_tag>
<product_tag><id_product><![CDATA[437]]></id_product>
<id_tag><![CDATA[3194]]></id_tag>
<id_lang><![CDATA[1]]></id_lang>
</product_tag>
<product_tag><id_product><![CDATA[439]]></id_product>
<id_tag><![CDATA[3194]]></id_tag>
<id_lang><![CDATA[1]]></id_lang>
</product_tag>
<product_tag><id_product><![CDATA[440]]></id_product>
<id_tag><![CDATA[3194]]></id_tag>
<id_lang><![CDATA[1]]></id_lang>
</product_tag>
<product_tag><id_product><![CDATA[442]]></id_product>
<id_tag><![CDATA[3194]]></id_tag>
<id_lang><![CDATA[1]]></id_lang>
</product_tag>
<product_tag><id_product><![CDATA[443]]></id_product>
<id_tag><![CDATA[3194]]></id_tag>
<id_lang><![CDATA[1]]></id_lang>
</product_tag>
<product_tag><id_product><![CDATA[444]]></id_product>
<id_tag><![CDATA[3194]]></id_tag>
<id_lang><![CDATA[1]]></id_lang>
</product_tag>
<product_tag><id_product><![CDATA[445]]></id_product>
<id_tag><![CDATA[3194]]></id_tag>
<id_lang><![CDATA[1]]></id_lang>
</product_tag>
<product_tag><id_product><![CDATA[1143]]></id_product>
<id_tag><![CDATA[3194]]></id_tag>
<id_lang><![CDATA[1]]></id_lang>
</product_tag>
<product_tag><id_product><![CDATA[229]]></id_product>
<id_tag><![CDATA[3195]]></id_tag>
<id_lang><![CDATA[1]]></id_lang>
</product_tag>
<product_tag><id_product><![CDATA[230]]></id_product>
<id_tag><![CDATA[3195]]></id_tag>
<id_lang><![CDATA[1]]></id_lang>
</product_tag>
<product_tag><id_product><![CDATA[231]]></id_product>
<id_tag><![CDATA[3195]]></id_tag>
<id_lang><![CDATA[1]]></id_lang>
</product_tag>
<product_tag><id_product><![CDATA[232]]></id_product>
<id_tag><![CDATA[3195]]></id_tag>
<id_lang><![CDATA[1]]></id_lang>
</product_tag>
<product_tag><id_product><![CDATA[233]]></id_product>
<id_tag><![CDATA[3195]]></id_tag>
<id_lang><![CDATA[1]]></id_lang>
</product_tag>
<product_tag><id_product><![CDATA[234]]></id_product>
<id_tag><![CDATA[3195]]></id_tag>
<id_lang><![CDATA[1]]></id_lang>
</product_tag>
<product_tag><id_product><![CDATA[229]]></id_product>
<id_tag><![CDATA[3196]]></id_tag>
<id_lang><![CDATA[1]]></id_lang>
</product_tag>
<product_tag><id_product><![CDATA[231]]></id_product>
<id_tag><![CDATA[3196]]></id_tag>
<id_lang><![CDATA[1]]></id_lang>
</product_tag>
<product_tag><id_product><![CDATA[232]]></id_product>
<id_tag><![CDATA[3196]]></id_tag>
<id_lang><![CDATA[1]]></id_lang>
</product_tag>
<product_tag><id_product><![CDATA[233]]></id_product>
<id_tag><![CDATA[3196]]></id_tag>
<id_lang><![CDATA[1]]></id_lang>
</product_tag>
<product_tag><id_product><![CDATA[234]]></id_product>
<id_tag><![CDATA[3196]]></id_tag>
<id_lang><![CDATA[1]]></id_lang>
</product_tag>
<product_tag><id_product><![CDATA[235]]></id_product>
<id_tag><![CDATA[3196]]></id_tag>
<id_lang><![CDATA[1]]></id_lang>
</product_tag>
<product_tag><id_product><![CDATA[236]]></id_product>
<id_tag><![CDATA[3196]]></id_tag>
<id_lang><![CDATA[1]]></id_lang>
</product_tag>
<product_tag><id_product><![CDATA[239]]></id_product>
<id_tag><![CDATA[3196]]></id_tag>
<id_lang><![CDATA[1]]></id_lang>
</product_tag>
<product_tag><id_product><![CDATA[240]]></id_product>
<id_tag><![CDATA[3196]]></id_tag>
<id_lang><![CDATA[1]]></id_lang>
</product_tag>
<product_tag><id_product><![CDATA[242]]></id_product>
<id_tag><![CDATA[3196]]></id_tag>
<id_lang><![CDATA[1]]></id_lang>
</product_tag>
<product_tag><id_product><![CDATA[243]]></id_product>
<id_tag><![CDATA[3196]]></id_tag>
<id_lang><![CDATA[1]]></id_lang>
</product_tag>
<product_tag><id_product><![CDATA[244]]></id_product>
<id_tag><![CDATA[3196]]></id_tag>
<id_lang><![CDATA[1]]></id_lang>
</product_tag>
<product_tag><id_product><![CDATA[245]]></id_product>
<id_tag><![CDATA[3196]]></id_tag>
<id_lang><![CDATA[1]]></id_lang>
</product_tag>
<product_tag><id_product><![CDATA[246]]></id_product>
<id_tag><![CDATA[3196]]></id_tag>
<id_lang><![CDATA[1]]></id_lang>
</product_tag>
<product_tag><id_product><![CDATA[249]]></id_product>
<id_tag><![CDATA[3196]]></id_tag>
<id_lang><![CDATA[1]]></id_lang>
</product_tag>
<product_tag><id_product><![CDATA[353]]></id_product>
<id_tag><![CDATA[3196]]></id_tag>
<id_lang><![CDATA[1]]></id_lang>
</product_tag>
<product_tag><id_product><![CDATA[354]]></id_product>
<id_tag><![CDATA[3196]]></id_tag>
<id_lang><![CDATA[1]]></id_lang>
</product_tag>
<product_tag><id_product><![CDATA[452]]></id_product>
<id_tag><![CDATA[3196]]></id_tag>
<id_lang><![CDATA[1]]></id_lang>
</product_tag>
<product_tag><id_product><![CDATA[230]]></id_product>
<id_tag><![CDATA[3202]]></id_tag>
<id_lang><![CDATA[1]]></id_lang>
</product_tag>
<product_tag><id_product><![CDATA[238]]></id_product>
<id_tag><![CDATA[3202]]></id_tag>
<id_lang><![CDATA[1]]></id_lang>
</product_tag>
<product_tag><id_product><![CDATA[238]]></id_product>
<id_tag><![CDATA[3212]]></id_tag>
<id_lang><![CDATA[1]]></id_lang>
</product_tag>
<product_tag><id_product><![CDATA[239]]></id_product>
<id_tag><![CDATA[3212]]></id_tag>
<id_lang><![CDATA[1]]></id_lang>
</product_tag>
<product_tag><id_product><![CDATA[451]]></id_product>
<id_tag><![CDATA[3212]]></id_tag>
<id_lang><![CDATA[1]]></id_lang>
</product_tag>
<product_tag><id_product><![CDATA[452]]></id_product>
<id_tag><![CDATA[3212]]></id_tag>
<id_lang><![CDATA[1]]></id_lang>
</product_tag>
<product_tag><id_product><![CDATA[457]]></id_product>
<id_tag><![CDATA[3212]]></id_tag>
<id_lang><![CDATA[1]]></id_lang>
</product_tag>
<product_tag><id_product><![CDATA[458]]></id_product>
<id_tag><![CDATA[3212]]></id_tag>
<id_lang><![CDATA[1]]></id_lang>
</product_tag>
<product_tag><id_product><![CDATA[459]]></id_product>
<id_tag><![CDATA[3212]]></id_tag>
<id_lang><![CDATA[1]]></id_lang>
</product_tag>
<product_tag><id_product><![CDATA[460]]></id_product>
<id_tag><![CDATA[3212]]></id_tag>
<id_lang><![CDATA[1]]></id_lang>
</product_tag>
<product_tag><id_product><![CDATA[461]]></id_product>
<id_tag><![CDATA[3212]]></id_tag>
<id_lang><![CDATA[1]]></id_lang>
</product_tag>
<product_tag><id_product><![CDATA[462]]></id_product>
<id_tag><![CDATA[3212]]></id_tag>
<id_lang><![CDATA[1]]></id_lang>
</product_tag>
<product_tag><id_product><![CDATA[463]]></id_product>
<id_tag><![CDATA[3212]]></id_tag>
<id_lang><![CDATA[1]]></id_lang>
</product_tag>
<product_tag><id_product><![CDATA[464]]></id_product>
<id_tag><![CDATA[3212]]></id_tag>
<id_lang><![CDATA[1]]></id_lang>
</product_tag>
<product_tag><id_product><![CDATA[465]]></id_product>
<id_tag><![CDATA[3212]]></id_tag>
<id_lang><![CDATA[1]]></id_lang>
</product_tag>
<product_tag><id_product><![CDATA[466]]></id_product>
<id_tag><![CDATA[3212]]></id_tag>
<id_lang><![CDATA[1]]></id_lang>
</product_tag>
<product_tag><id_product><![CDATA[467]]></id_product>
<id_tag><![CDATA[3212]]></id_tag>
<id_lang><![CDATA[1]]></id_lang>
</product_tag>
<product_tag><id_product><![CDATA[468]]></id_product>
<id_tag><![CDATA[3212]]></id_tag>
<id_lang><![CDATA[1]]></id_lang>
</product_tag>
<product_tag><id_product><![CDATA[469]]></id_product>
<id_tag><![CDATA[3212]]></id_tag>
<id_lang><![CDATA[1]]></id_lang>
</product_tag>
<product_tag><id_product><![CDATA[471]]></id_product>
<id_tag><![CDATA[3212]]></id_tag>
<id_lang><![CDATA[1]]></id_lang>
</product_tag>
<product_tag><id_product><![CDATA[472]]></id_product>
<id_tag><![CDATA[3212]]></id_tag>
<id_lang><![CDATA[1]]></id_lang>
</product_tag>
<product_tag><id_product><![CDATA[473]]></id_product>
<id_tag><![CDATA[3212]]></id_tag>
<id_lang><![CDATA[1]]></id_lang>
</product_tag>
<product_tag><id_product><![CDATA[474]]></id_product>
<id_tag><![CDATA[3212]]></id_tag>
<id_lang><![CDATA[1]]></id_lang>
</product_tag>
<product_tag><id_product><![CDATA[475]]></id_product>
<id_tag><![CDATA[3212]]></id_tag>
<id_lang><![CDATA[1]]></id_lang>
</product_tag>
<product_tag><id_product><![CDATA[476]]></id_product>
<id_tag><![CDATA[3212]]></id_tag>
<id_lang><![CDATA[1]]></id_lang>
</product_tag>
<product_tag><id_product><![CDATA[480]]></id_product>
<id_tag><![CDATA[3212]]></id_tag>
<id_lang><![CDATA[1]]></id_lang>
</product_tag>
<product_tag><id_product><![CDATA[481]]></id_product>
<id_tag><![CDATA[3212]]></id_tag>
<id_lang><![CDATA[1]]></id_lang>
</product_tag>
<product_tag><id_product><![CDATA[482]]></id_product>
<id_tag><![CDATA[3212]]></id_tag>
<id_lang><![CDATA[1]]></id_lang>
</product_tag>
<product_tag><id_product><![CDATA[483]]></id_product>
<id_tag><![CDATA[3212]]></id_tag>
<id_lang><![CDATA[1]]></id_lang>
</product_tag>
<product_tag><id_product><![CDATA[1165]]></id_product>
<id_tag><![CDATA[3212]]></id_tag>
<id_lang><![CDATA[1]]></id_lang>
</product_tag>
<product_tag><id_product><![CDATA[1167]]></id_product>
<id_tag><![CDATA[3212]]></id_tag>
<id_lang><![CDATA[1]]></id_lang>
</product_tag>
<product_tag><id_product><![CDATA[238]]></id_product>
<id_tag><![CDATA[3214]]></id_tag>
<id_lang><![CDATA[1]]></id_lang>
</product_tag>
<product_tag><id_product><![CDATA[239]]></id_product>
<id_tag><![CDATA[3214]]></id_tag>
<id_lang><![CDATA[1]]></id_lang>
</product_tag>
<product_tag><id_product><![CDATA[240]]></id_product>
<id_tag><![CDATA[3214]]></id_tag>
<id_lang><![CDATA[1]]></id_lang>
</product_tag>
<product_tag><id_product><![CDATA[241]]></id_product>
<id_tag><![CDATA[3214]]></id_tag>
<id_lang><![CDATA[1]]></id_lang>
</product_tag>
<product_tag><id_product><![CDATA[242]]></id_product>
<id_tag><![CDATA[3214]]></id_tag>
<id_lang><![CDATA[1]]></id_lang>
</product_tag>
<product_tag><id_product><![CDATA[243]]></id_product>
<id_tag><![CDATA[3214]]></id_tag>
<id_lang><![CDATA[1]]></id_lang>
</product_tag>
<product_tag><id_product><![CDATA[244]]></id_product>
<id_tag><![CDATA[3214]]></id_tag>
<id_lang><![CDATA[1]]></id_lang>
</product_tag>
<product_tag><id_product><![CDATA[245]]></id_product>
<id_tag><![CDATA[3214]]></id_tag>
<id_lang><![CDATA[1]]></id_lang>
</product_tag>
<product_tag><id_product><![CDATA[246]]></id_product>
<id_tag><![CDATA[3214]]></id_tag>
<id_lang><![CDATA[1]]></id_lang>
</product_tag>
<product_tag><id_product><![CDATA[247]]></id_product>
<id_tag><![CDATA[3214]]></id_tag>
<id_lang><![CDATA[1]]></id_lang>
</product_tag>
<product_tag><id_product><![CDATA[248]]></id_product>
<id_tag><![CDATA[3214]]></id_tag>
<id_lang><![CDATA[1]]></id_lang>
</product_tag>
<product_tag><id_product><![CDATA[434]]></id_product>
<id_tag><![CDATA[3214]]></id_tag>
<id_lang><![CDATA[1]]></id_lang>
</product_tag>
<product_tag><id_product><![CDATA[444]]></id_product>
<id_tag><![CDATA[3214]]></id_tag>
<id_lang><![CDATA[1]]></id_lang>
</product_tag>
<product_tag><id_product><![CDATA[456]]></id_product>
<id_tag><![CDATA[3214]]></id_tag>
<id_lang><![CDATA[1]]></id_lang>
</product_tag>
<product_tag><id_product><![CDATA[812]]></id_product>
<id_tag><![CDATA[3214]]></id_tag>
<id_lang><![CDATA[1]]></id_lang>
</product_tag>
<product_tag><id_product><![CDATA[816]]></id_product>
<id_tag><![CDATA[3214]]></id_tag>
<id_lang><![CDATA[1]]></id_lang>
</product_tag>
<product_tag><id_product><![CDATA[825]]></id_product>
<id_tag><![CDATA[3214]]></id_tag>
<id_lang><![CDATA[1]]></id_lang>
</product_tag>
<product_tag><id_product><![CDATA[839]]></id_product>
<id_tag><![CDATA[3214]]></id_tag>
<id_lang><![CDATA[1]]></id_lang>
</product_tag>
<product_tag><id_product><![CDATA[939]]></id_product>
<id_tag><![CDATA[3214]]></id_tag>
<id_lang><![CDATA[1]]></id_lang>
</product_tag>
<product_tag><id_product><![CDATA[980]]></id_product>
<id_tag><![CDATA[3214]]></id_tag>
<id_lang><![CDATA[1]]></id_lang>
</product_tag>
<product_tag><id_product><![CDATA[987]]></id_product>
<id_tag><![CDATA[3214]]></id_tag>
<id_lang><![CDATA[1]]></id_lang>
</product_tag>
<product_tag><id_product><![CDATA[992]]></id_product>
<id_tag><![CDATA[3214]]></id_tag>
<id_lang><![CDATA[1]]></id_lang>
</product_tag>
<product_tag><id_product><![CDATA[240]]></id_product>
<id_tag><![CDATA[3215]]></id_tag>
<id_lang><![CDATA[1]]></id_lang>
</product_tag>
<product_tag><id_product><![CDATA[246]]></id_product>
<id_tag><![CDATA[3215]]></id_tag>
<id_lang><![CDATA[1]]></id_lang>
</product_tag>
<product_tag><id_product><![CDATA[247]]></id_product>
<id_tag><![CDATA[3215]]></id_tag>
<id_lang><![CDATA[1]]></id_lang>
</product_tag>
<product_tag><id_product><![CDATA[248]]></id_product>
<id_tag><![CDATA[3215]]></id_tag>
<id_lang><![CDATA[1]]></id_lang>
</product_tag>
<product_tag><id_product><![CDATA[242]]></id_product>
<id_tag><![CDATA[3226]]></id_tag>
<id_lang><![CDATA[1]]></id_lang>
</product_tag>
<product_tag><id_product><![CDATA[243]]></id_product>
<id_tag><![CDATA[3226]]></id_tag>
<id_lang><![CDATA[1]]></id_lang>
</product_tag>
<product_tag><id_product><![CDATA[244]]></id_product>
<id_tag><![CDATA[3226]]></id_tag>
<id_lang><![CDATA[1]]></id_lang>
</product_tag>
<product_tag><id_product><![CDATA[245]]></id_product>
<id_tag><![CDATA[3226]]></id_tag>
<id_lang><![CDATA[1]]></id_lang>
</product_tag>
<product_tag><id_product><![CDATA[463]]></id_product>
<id_tag><![CDATA[3226]]></id_tag>
<id_lang><![CDATA[1]]></id_lang>
</product_tag>
<product_tag><id_product><![CDATA[464]]></id_product>
<id_tag><![CDATA[3226]]></id_tag>
<id_lang><![CDATA[1]]></id_lang>
</product_tag>
<product_tag><id_product><![CDATA[465]]></id_product>
<id_tag><![CDATA[3226]]></id_tag>
<id_lang><![CDATA[1]]></id_lang>
</product_tag>
<product_tag><id_product><![CDATA[242]]></id_product>
<id_tag><![CDATA[3227]]></id_tag>
<id_lang><![CDATA[1]]></id_lang>
</product_tag>
<product_tag><id_product><![CDATA[243]]></id_product>
<id_tag><![CDATA[3227]]></id_tag>
<id_lang><![CDATA[1]]></id_lang>
</product_tag>
<product_tag><id_product><![CDATA[244]]></id_product>
<id_tag><![CDATA[3227]]></id_tag>
<id_lang><![CDATA[1]]></id_lang>
</product_tag>
<product_tag><id_product><![CDATA[245]]></id_product>
<id_tag><![CDATA[3227]]></id_tag>
<id_lang><![CDATA[1]]></id_lang>
</product_tag>
<product_tag><id_product><![CDATA[238]]></id_product>
<id_tag><![CDATA[3228]]></id_tag>
<id_lang><![CDATA[1]]></id_lang>
</product_tag>
<product_tag><id_product><![CDATA[239]]></id_product>
<id_tag><![CDATA[3228]]></id_tag>
<id_lang><![CDATA[1]]></id_lang>
</product_tag>
<product_tag><id_product><![CDATA[244]]></id_product>
<id_tag><![CDATA[3229]]></id_tag>
<id_lang><![CDATA[1]]></id_lang>
</product_tag>
<product_tag><id_product><![CDATA[245]]></id_product>
<id_tag><![CDATA[3229]]></id_tag>
<id_lang><![CDATA[1]]></id_lang>
</product_tag>
<product_tag><id_product><![CDATA[240]]></id_product>
<id_tag><![CDATA[3233]]></id_tag>
<id_lang><![CDATA[1]]></id_lang>
</product_tag>
<product_tag><id_product><![CDATA[247]]></id_product>
<id_tag><![CDATA[3233]]></id_tag>
<id_lang><![CDATA[1]]></id_lang>
</product_tag>
<product_tag><id_product><![CDATA[247]]></id_product>
<id_tag><![CDATA[3235]]></id_tag>
<id_lang><![CDATA[1]]></id_lang>
</product_tag>
<product_tag><id_product><![CDATA[248]]></id_product>
<id_tag><![CDATA[3235]]></id_tag>
<id_lang><![CDATA[1]]></id_lang>
</product_tag>
<product_tag><id_product><![CDATA[373]]></id_product>
<id_tag><![CDATA[3235]]></id_tag>
<id_lang><![CDATA[1]]></id_lang>
</product_tag>
<product_tag><id_product><![CDATA[374]]></id_product>
<id_tag><![CDATA[3235]]></id_tag>
<id_lang><![CDATA[1]]></id_lang>
</product_tag>
<product_tag><id_product><![CDATA[395]]></id_product>
<id_tag><![CDATA[3235]]></id_tag>
<id_lang><![CDATA[1]]></id_lang>
</product_tag>
<product_tag><id_product><![CDATA[396]]></id_product>
<id_tag><![CDATA[3235]]></id_tag>
<id_lang><![CDATA[1]]></id_lang>
</product_tag>
<product_tag><id_product><![CDATA[397]]></id_product>
<id_tag><![CDATA[3235]]></id_tag>
<id_lang><![CDATA[1]]></id_lang>
</product_tag>
<product_tag><id_product><![CDATA[418]]></id_product>
<id_tag><![CDATA[3235]]></id_tag>
<id_lang><![CDATA[1]]></id_lang>
</product_tag>
<product_tag><id_product><![CDATA[420]]></id_product>
<id_tag><![CDATA[3235]]></id_tag>
<id_lang><![CDATA[1]]></id_lang>
</product_tag>
<product_tag><id_product><![CDATA[422]]></id_product>
<id_tag><![CDATA[3235]]></id_tag>
<id_lang><![CDATA[1]]></id_lang>
</product_tag>
<product_tag><id_product><![CDATA[423]]></id_product>
<id_tag><![CDATA[3235]]></id_tag>
<id_lang><![CDATA[1]]></id_lang>
</product_tag>
<product_tag><id_product><![CDATA[424]]></id_product>
<id_tag><![CDATA[3235]]></id_tag>
<id_lang><![CDATA[1]]></id_lang>
</product_tag>
<product_tag><id_product><![CDATA[425]]></id_product>
<id_tag><![CDATA[3235]]></id_tag>
<id_lang><![CDATA[1]]></id_lang>
</product_tag>
<product_tag><id_product><![CDATA[426]]></id_product>
<id_tag><![CDATA[3235]]></id_tag>
<id_lang><![CDATA[1]]></id_lang>
</product_tag>
<product_tag><id_product><![CDATA[427]]></id_product>
<id_tag><![CDATA[3235]]></id_tag>
<id_lang><![CDATA[1]]></id_lang>
</product_tag>
<product_tag><id_product><![CDATA[428]]></id_product>
<id_tag><![CDATA[3235]]></id_tag>
<id_lang><![CDATA[1]]></id_lang>
</product_tag>
<product_tag><id_product><![CDATA[429]]></id_product>
<id_tag><![CDATA[3235]]></id_tag>
<id_lang><![CDATA[1]]></id_lang>
</product_tag>
<product_tag><id_product><![CDATA[430]]></id_product>
<id_tag><![CDATA[3235]]></id_tag>
<id_lang><![CDATA[1]]></id_lang>
</product_tag>
<product_tag><id_product><![CDATA[431]]></id_product>
<id_tag><![CDATA[3235]]></id_tag>
<id_lang><![CDATA[1]]></id_lang>
</product_tag>
<product_tag><id_product><![CDATA[434]]></id_product>
<id_tag><![CDATA[3235]]></id_tag>
<id_lang><![CDATA[1]]></id_lang>
</product_tag>
<product_tag><id_product><![CDATA[437]]></id_product>
<id_tag><![CDATA[3235]]></id_tag>
<id_lang><![CDATA[1]]></id_lang>
</product_tag>
<product_tag><id_product><![CDATA[439]]></id_product>
<id_tag><![CDATA[3235]]></id_tag>
<id_lang><![CDATA[1]]></id_lang>
</product_tag>
<product_tag><id_product><![CDATA[440]]></id_product>
<id_tag><![CDATA[3235]]></id_tag>
<id_lang><![CDATA[1]]></id_lang>
</product_tag>
<product_tag><id_product><![CDATA[442]]></id_product>
<id_tag><![CDATA[3235]]></id_tag>
<id_lang><![CDATA[1]]></id_lang>
</product_tag>
<product_tag><id_product><![CDATA[443]]></id_product>
<id_tag><![CDATA[3235]]></id_tag>
<id_lang><![CDATA[1]]></id_lang>
</product_tag>
<product_tag><id_product><![CDATA[444]]></id_product>
<id_tag><![CDATA[3235]]></id_tag>
<id_lang><![CDATA[1]]></id_lang>
</product_tag>
<product_tag><id_product><![CDATA[445]]></id_product>
<id_tag><![CDATA[3235]]></id_tag>
<id_lang><![CDATA[1]]></id_lang>
</product_tag>
<product_tag><id_product><![CDATA[447]]></id_product>
<id_tag><![CDATA[3235]]></id_tag>
<id_lang><![CDATA[1]]></id_lang>
</product_tag>
<product_tag><id_product><![CDATA[448]]></id_product>
<id_tag><![CDATA[3235]]></id_tag>
<id_lang><![CDATA[1]]></id_lang>
</product_tag>
<product_tag><id_product><![CDATA[449]]></id_product>
<id_tag><![CDATA[3235]]></id_tag>
<id_lang><![CDATA[1]]></id_lang>
</product_tag>
<product_tag><id_product><![CDATA[451]]></id_product>
<id_tag><![CDATA[3235]]></id_tag>
<id_lang><![CDATA[1]]></id_lang>
</product_tag>
<product_tag><id_product><![CDATA[459]]></id_product>
<id_tag><![CDATA[3235]]></id_tag>
<id_lang><![CDATA[1]]></id_lang>
</product_tag>
<product_tag><id_product><![CDATA[468]]></id_product>
<id_tag><![CDATA[3235]]></id_tag>
<id_lang><![CDATA[1]]></id_lang>
</product_tag>
<product_tag><id_product><![CDATA[1158]]></id_product>
<id_tag><![CDATA[3235]]></id_tag>
<id_lang><![CDATA[1]]></id_lang>
</product_tag>
<product_tag><id_product><![CDATA[1159]]></id_product>
<id_tag><![CDATA[3235]]></id_tag>
<id_lang><![CDATA[1]]></id_lang>
</product_tag>
<product_tag><id_product><![CDATA[1160]]></id_product>
<id_tag><![CDATA[3235]]></id_tag>
<id_lang><![CDATA[1]]></id_lang>
</product_tag>
<product_tag><id_product><![CDATA[1161]]></id_product>
<id_tag><![CDATA[3235]]></id_tag>
<id_lang><![CDATA[1]]></id_lang>
</product_tag>
<product_tag><id_product><![CDATA[1162]]></id_product>
<id_tag><![CDATA[3235]]></id_tag>
<id_lang><![CDATA[1]]></id_lang>
</product_tag>
<product_tag><id_product><![CDATA[1163]]></id_product>
<id_tag><![CDATA[3235]]></id_tag>
<id_lang><![CDATA[1]]></id_lang>
</product_tag>
<product_tag><id_product><![CDATA[1164]]></id_product>
<id_tag><![CDATA[3235]]></id_tag>
<id_lang><![CDATA[1]]></id_lang>
</product_tag>
<product_tag><id_product><![CDATA[1167]]></id_product>
<id_tag><![CDATA[3235]]></id_tag>
<id_lang><![CDATA[1]]></id_lang>
</product_tag>
<product_tag><id_product><![CDATA[1496]]></id_product>
<id_tag><![CDATA[3235]]></id_tag>
<id_lang><![CDATA[1]]></id_lang>
</product_tag>
<product_tag><id_product><![CDATA[2241]]></id_product>
<id_tag><![CDATA[3235]]></id_tag>
<id_lang><![CDATA[1]]></id_lang>
</product_tag>
<product_tag><id_product><![CDATA[2242]]></id_product>
<id_tag><![CDATA[3235]]></id_tag>
<id_lang><![CDATA[1]]></id_lang>
</product_tag>
<product_tag><id_product><![CDATA[2243]]></id_product>
<id_tag><![CDATA[3235]]></id_tag>
<id_lang><![CDATA[1]]></id_lang>
</product_tag>
<product_tag><id_product><![CDATA[2244]]></id_product>
<id_tag><![CDATA[3235]]></id_tag>
<id_lang><![CDATA[1]]></id_lang>
</product_tag>
<product_tag><id_product><![CDATA[2987]]></id_product>
<id_tag><![CDATA[3235]]></id_tag>
<id_lang><![CDATA[1]]></id_lang>
</product_tag>
<product_tag><id_product><![CDATA[2988]]></id_product>
<id_tag><![CDATA[3235]]></id_tag>
<id_lang><![CDATA[1]]></id_lang>
</product_tag>
<product_tag><id_product><![CDATA[4048]]></id_product>
<id_tag><![CDATA[3235]]></id_tag>
<id_lang><![CDATA[1]]></id_lang>
</product_tag>
<product_tag><id_product><![CDATA[4049]]></id_product>
<id_tag><![CDATA[3235]]></id_tag>
<id_lang><![CDATA[1]]></id_lang>
</product_tag>
<product_tag><id_product><![CDATA[4241]]></id_product>
<id_tag><![CDATA[3235]]></id_tag>
<id_lang><![CDATA[1]]></id_lang>
</product_tag>
<product_tag><id_product><![CDATA[253]]></id_product>
<id_tag><![CDATA[3238]]></id_tag>
<id_lang><![CDATA[1]]></id_lang>
</product_tag>
<product_tag><id_product><![CDATA[255]]></id_product>
<id_tag><![CDATA[3238]]></id_tag>
<id_lang><![CDATA[1]]></id_lang>
</product_tag>
<product_tag><id_product><![CDATA[256]]></id_product>
<id_tag><![CDATA[3238]]></id_tag>
<id_lang><![CDATA[1]]></id_lang>
</product_tag>
<product_tag><id_product><![CDATA[259]]></id_product>
<id_tag><![CDATA[3238]]></id_tag>
<id_lang><![CDATA[1]]></id_lang>
</product_tag>
<product_tag><id_product><![CDATA[261]]></id_product>
<id_tag><![CDATA[3238]]></id_tag>
<id_lang><![CDATA[1]]></id_lang>
</product_tag>
<product_tag><id_product><![CDATA[264]]></id_product>
<id_tag><![CDATA[3238]]></id_tag>
<id_lang><![CDATA[1]]></id_lang>
</product_tag>
<product_tag><id_product><![CDATA[266]]></id_product>
<id_tag><![CDATA[3238]]></id_tag>
<id_lang><![CDATA[1]]></id_lang>
</product_tag>
<product_tag><id_product><![CDATA[267]]></id_product>
<id_tag><![CDATA[3238]]></id_tag>
<id_lang><![CDATA[1]]></id_lang>
</product_tag>
<product_tag><id_product><![CDATA[269]]></id_product>
<id_tag><![CDATA[3238]]></id_tag>
<id_lang><![CDATA[1]]></id_lang>
</product_tag>
<product_tag><id_product><![CDATA[272]]></id_product>
<id_tag><![CDATA[3238]]></id_tag>
<id_lang><![CDATA[1]]></id_lang>
</product_tag>
<product_tag><id_product><![CDATA[274]]></id_product>
<id_tag><![CDATA[3238]]></id_tag>
<id_lang><![CDATA[1]]></id_lang>
</product_tag>
<product_tag><id_product><![CDATA[277]]></id_product>
<id_tag><![CDATA[3238]]></id_tag>
<id_lang><![CDATA[1]]></id_lang>
</product_tag>
<product_tag><id_product><![CDATA[279]]></id_product>
<id_tag><![CDATA[3238]]></id_tag>
<id_lang><![CDATA[1]]></id_lang>
</product_tag>
<product_tag><id_product><![CDATA[281]]></id_product>
<id_tag><![CDATA[3238]]></id_tag>
<id_lang><![CDATA[1]]></id_lang>
</product_tag>
<product_tag><id_product><![CDATA[283]]></id_product>
<id_tag><![CDATA[3238]]></id_tag>
<id_lang><![CDATA[1]]></id_lang>
</product_tag>
<product_tag><id_product><![CDATA[284]]></id_product>
<id_tag><![CDATA[3238]]></id_tag>
<id_lang><![CDATA[1]]></id_lang>
</product_tag>
<product_tag><id_product><![CDATA[286]]></id_product>
<id_tag><![CDATA[3238]]></id_tag>
<id_lang><![CDATA[1]]></id_lang>
</product_tag>
<product_tag><id_product><![CDATA[289]]></id_product>
<id_tag><![CDATA[3238]]></id_tag>
<id_lang><![CDATA[1]]></id_lang>
</product_tag>
<product_tag><id_product><![CDATA[291]]></id_product>
<id_tag><![CDATA[3238]]></id_tag>
<id_lang><![CDATA[1]]></id_lang>
</product_tag>
<product_tag><id_product><![CDATA[3553]]></id_product>
<id_tag><![CDATA[3238]]></id_tag>
<id_lang><![CDATA[1]]></id_lang>
</product_tag>
<product_tag><id_product><![CDATA[3558]]></id_product>
<id_tag><![CDATA[3238]]></id_tag>
<id_lang><![CDATA[1]]></id_lang>
</product_tag>
<product_tag><id_product><![CDATA[253]]></id_product>
<id_tag><![CDATA[3239]]></id_tag>
<id_lang><![CDATA[1]]></id_lang>
</product_tag>
<product_tag><id_product><![CDATA[255]]></id_product>
<id_tag><![CDATA[3239]]></id_tag>
<id_lang><![CDATA[1]]></id_lang>
</product_tag>
<product_tag><id_product><![CDATA[256]]></id_product>
<id_tag><![CDATA[3239]]></id_tag>
<id_lang><![CDATA[1]]></id_lang>
</product_tag>
<product_tag><id_product><![CDATA[259]]></id_product>
<id_tag><![CDATA[3239]]></id_tag>
<id_lang><![CDATA[1]]></id_lang>
</product_tag>
<product_tag><id_product><![CDATA[261]]></id_product>
<id_tag><![CDATA[3239]]></id_tag>
<id_lang><![CDATA[1]]></id_lang>
</product_tag>
<product_tag><id_product><![CDATA[264]]></id_product>
<id_tag><![CDATA[3239]]></id_tag>
<id_lang><![CDATA[1]]></id_lang>
</product_tag>
<product_tag><id_product><![CDATA[266]]></id_product>
<id_tag><![CDATA[3239]]></id_tag>
<id_lang><![CDATA[1]]></id_lang>
</product_tag>
<product_tag><id_product><![CDATA[267]]></id_product>
<id_tag><![CDATA[3239]]></id_tag>
<id_lang><![CDATA[1]]></id_lang>
</product_tag>
<product_tag><id_product><![CDATA[269]]></id_product>
<id_tag><![CDATA[3239]]></id_tag>
<id_lang><![CDATA[1]]></id_lang>
</product_tag>
<product_tag><id_product><![CDATA[272]]></id_product>
<id_tag><![CDATA[3239]]></id_tag>
<id_lang><![CDATA[1]]></id_lang>
</product_tag>
<product_tag><id_product><![CDATA[274]]></id_product>
<id_tag><![CDATA[3239]]></id_tag>
<id_lang><![CDATA[1]]></id_lang>
</product_tag>
<product_tag><id_product><![CDATA[277]]></id_product>
<id_tag><![CDATA[3239]]></id_tag>
<id_lang><![CDATA[1]]></id_lang>
</product_tag>
<product_tag><id_product><![CDATA[279]]></id_product>
<id_tag><![CDATA[3239]]></id_tag>
<id_lang><![CDATA[1]]></id_lang>
</product_tag>
<product_tag><id_product><![CDATA[281]]></id_product>
<id_tag><![CDATA[3239]]></id_tag>
<id_lang><![CDATA[1]]></id_lang>
</product_tag>
<product_tag><id_product><![CDATA[283]]></id_product>
<id_tag><![CDATA[3239]]></id_tag>
<id_lang><![CDATA[1]]></id_lang>
</product_tag>
<product_tag><id_product><![CDATA[284]]></id_product>
<id_tag><![CDATA[3239]]></id_tag>
<id_lang><![CDATA[1]]></id_lang>
</product_tag>
<product_tag><id_product><![CDATA[286]]></id_product>
<id_tag><![CDATA[3239]]></id_tag>
<id_lang><![CDATA[1]]></id_lang>
</product_tag>
<product_tag><id_product><![CDATA[289]]></id_product>
<id_tag><![CDATA[3239]]></id_tag>
<id_lang><![CDATA[1]]></id_lang>
</product_tag>
<product_tag><id_product><![CDATA[291]]></id_product>
<id_tag><![CDATA[3239]]></id_tag>
<id_lang><![CDATA[1]]></id_lang>
</product_tag>
<product_tag><id_product><![CDATA[3553]]></id_product>
<id_tag><![CDATA[3239]]></id_tag>
<id_lang><![CDATA[1]]></id_lang>
</product_tag>
<product_tag><id_product><![CDATA[3558]]></id_product>
<id_tag><![CDATA[3239]]></id_tag>
<id_lang><![CDATA[1]]></id_lang>
</product_tag>
<product_tag><id_product><![CDATA[296]]></id_product>
<id_tag><![CDATA[3240]]></id_tag>
<id_lang><![CDATA[1]]></id_lang>
</product_tag>
<product_tag><id_product><![CDATA[298]]></id_product>
<id_tag><![CDATA[3240]]></id_tag>
<id_lang><![CDATA[1]]></id_lang>
</product_tag>
<product_tag><id_product><![CDATA[300]]></id_product>
<id_tag><![CDATA[3240]]></id_tag>
<id_lang><![CDATA[1]]></id_lang>
</product_tag>
<product_tag><id_product><![CDATA[302]]></id_product>
<id_tag><![CDATA[3240]]></id_tag>
<id_lang><![CDATA[1]]></id_lang>
</product_tag>
<product_tag><id_product><![CDATA[306]]></id_product>
<id_tag><![CDATA[3240]]></id_tag>
<id_lang><![CDATA[1]]></id_lang>
</product_tag>
<product_tag><id_product><![CDATA[308]]></id_product>
<id_tag><![CDATA[3240]]></id_tag>
<id_lang><![CDATA[1]]></id_lang>
</product_tag>
<product_tag><id_product><![CDATA[327]]></id_product>
<id_tag><![CDATA[3240]]></id_tag>
<id_lang><![CDATA[1]]></id_lang>
</product_tag>
<product_tag><id_product><![CDATA[328]]></id_product>
<id_tag><![CDATA[3240]]></id_tag>
<id_lang><![CDATA[1]]></id_lang>
</product_tag>
<product_tag><id_product><![CDATA[329]]></id_product>
<id_tag><![CDATA[3240]]></id_tag>
<id_lang><![CDATA[1]]></id_lang>
</product_tag>
<product_tag><id_product><![CDATA[330]]></id_product>
<id_tag><![CDATA[3240]]></id_tag>
<id_lang><![CDATA[1]]></id_lang>
</product_tag>
<product_tag><id_product><![CDATA[302]]></id_product>
<id_tag><![CDATA[3241]]></id_tag>
<id_lang><![CDATA[1]]></id_lang>
</product_tag>
<product_tag><id_product><![CDATA[306]]></id_product>
<id_tag><![CDATA[3241]]></id_tag>
<id_lang><![CDATA[1]]></id_lang>
</product_tag>
<product_tag><id_product><![CDATA[308]]></id_product>
<id_tag><![CDATA[3241]]></id_tag>
<id_lang><![CDATA[1]]></id_lang>
</product_tag>
<product_tag><id_product><![CDATA[327]]></id_product>
<id_tag><![CDATA[3241]]></id_tag>
<id_lang><![CDATA[1]]></id_lang>
</product_tag>
<product_tag><id_product><![CDATA[328]]></id_product>
<id_tag><![CDATA[3241]]></id_tag>
<id_lang><![CDATA[1]]></id_lang>
</product_tag>
<product_tag><id_product><![CDATA[330]]></id_product>
<id_tag><![CDATA[3241]]></id_tag>
<id_lang><![CDATA[1]]></id_lang>
</product_tag>
<product_tag><id_product><![CDATA[449]]></id_product>
<id_tag><![CDATA[3241]]></id_tag>
<id_lang><![CDATA[1]]></id_lang>
</product_tag>
<product_tag><id_product><![CDATA[2773]]></id_product>
<id_tag><![CDATA[3241]]></id_tag>
<id_lang><![CDATA[1]]></id_lang>
</product_tag>
<product_tag><id_product><![CDATA[2791]]></id_product>
<id_tag><![CDATA[3241]]></id_tag>
<id_lang><![CDATA[1]]></id_lang>
</product_tag>
<product_tag><id_product><![CDATA[2792]]></id_product>
<id_tag><![CDATA[3241]]></id_tag>
<id_lang><![CDATA[1]]></id_lang>
</product_tag>
<product_tag><id_product><![CDATA[2793]]></id_product>
<id_tag><![CDATA[3241]]></id_tag>
<id_lang><![CDATA[1]]></id_lang>
</product_tag>
<product_tag><id_product><![CDATA[2794]]></id_product>
<id_tag><![CDATA[3241]]></id_tag>
<id_lang><![CDATA[1]]></id_lang>
</product_tag>
<product_tag><id_product><![CDATA[2795]]></id_product>
<id_tag><![CDATA[3241]]></id_tag>
<id_lang><![CDATA[1]]></id_lang>
</product_tag>
<product_tag><id_product><![CDATA[2796]]></id_product>
<id_tag><![CDATA[3241]]></id_tag>
<id_lang><![CDATA[1]]></id_lang>
</product_tag>
<product_tag><id_product><![CDATA[2798]]></id_product>
<id_tag><![CDATA[3241]]></id_tag>
<id_lang><![CDATA[1]]></id_lang>
</product_tag>
<product_tag><id_product><![CDATA[2799]]></id_product>
<id_tag><![CDATA[3241]]></id_tag>
<id_lang><![CDATA[1]]></id_lang>
</product_tag>
<product_tag><id_product><![CDATA[2800]]></id_product>
<id_tag><![CDATA[3241]]></id_tag>
<id_lang><![CDATA[1]]></id_lang>
</product_tag>
<product_tag><id_product><![CDATA[2801]]></id_product>
<id_tag><![CDATA[3241]]></id_tag>
<id_lang><![CDATA[1]]></id_lang>
</product_tag>
<product_tag><id_product><![CDATA[2802]]></id_product>
<id_tag><![CDATA[3241]]></id_tag>
<id_lang><![CDATA[1]]></id_lang>
</product_tag>
<product_tag><id_product><![CDATA[2904]]></id_product>
<id_tag><![CDATA[3241]]></id_tag>
<id_lang><![CDATA[1]]></id_lang>
</product_tag>
<product_tag><id_product><![CDATA[2905]]></id_product>
<id_tag><![CDATA[3241]]></id_tag>
<id_lang><![CDATA[1]]></id_lang>
</product_tag>
<product_tag><id_product><![CDATA[2907]]></id_product>
<id_tag><![CDATA[3241]]></id_tag>
<id_lang><![CDATA[1]]></id_lang>
</product_tag>
<product_tag><id_product><![CDATA[2908]]></id_product>
<id_tag><![CDATA[3241]]></id_tag>
<id_lang><![CDATA[1]]></id_lang>
</product_tag>
<product_tag><id_product><![CDATA[4554]]></id_product>
<id_tag><![CDATA[3241]]></id_tag>
<id_lang><![CDATA[1]]></id_lang>
</product_tag>
<product_tag><id_product><![CDATA[353]]></id_product>
<id_tag><![CDATA[3242]]></id_tag>
<id_lang><![CDATA[1]]></id_lang>
</product_tag>
<product_tag><id_product><![CDATA[354]]></id_product>
<id_tag><![CDATA[3242]]></id_tag>
<id_lang><![CDATA[1]]></id_lang>
</product_tag>
<product_tag><id_product><![CDATA[353]]></id_product>
<id_tag><![CDATA[3243]]></id_tag>
<id_lang><![CDATA[1]]></id_lang>
</product_tag>
<product_tag><id_product><![CDATA[354]]></id_product>
<id_tag><![CDATA[3243]]></id_tag>
<id_lang><![CDATA[1]]></id_lang>
</product_tag>
<product_tag><id_product><![CDATA[353]]></id_product>
<id_tag><![CDATA[3244]]></id_tag>
<id_lang><![CDATA[1]]></id_lang>
</product_tag>
<product_tag><id_product><![CDATA[354]]></id_product>
<id_tag><![CDATA[3244]]></id_tag>
<id_lang><![CDATA[1]]></id_lang>
</product_tag>
<product_tag><id_product><![CDATA[355]]></id_product>
<id_tag><![CDATA[3245]]></id_tag>
<id_lang><![CDATA[1]]></id_lang>
</product_tag>
<product_tag><id_product><![CDATA[356]]></id_product>
<id_tag><![CDATA[3245]]></id_tag>
<id_lang><![CDATA[1]]></id_lang>
</product_tag>
<product_tag><id_product><![CDATA[361]]></id_product>
<id_tag><![CDATA[3245]]></id_tag>
<id_lang><![CDATA[1]]></id_lang>
</product_tag>
<product_tag><id_product><![CDATA[362]]></id_product>
<id_tag><![CDATA[3245]]></id_tag>
<id_lang><![CDATA[1]]></id_lang>
</product_tag>
<product_tag><id_product><![CDATA[363]]></id_product>
<id_tag><![CDATA[3245]]></id_tag>
<id_lang><![CDATA[1]]></id_lang>
</product_tag>
<product_tag><id_product><![CDATA[364]]></id_product>
<id_tag><![CDATA[3245]]></id_tag>
<id_lang><![CDATA[1]]></id_lang>
</product_tag>
<product_tag><id_product><![CDATA[874]]></id_product>
<id_tag><![CDATA[3245]]></id_tag>
<id_lang><![CDATA[1]]></id_lang>
</product_tag>
<product_tag><id_product><![CDATA[875]]></id_product>
<id_tag><![CDATA[3245]]></id_tag>
<id_lang><![CDATA[1]]></id_lang>
</product_tag>
<product_tag><id_product><![CDATA[876]]></id_product>
<id_tag><![CDATA[3245]]></id_tag>
<id_lang><![CDATA[1]]></id_lang>
</product_tag>
<product_tag><id_product><![CDATA[877]]></id_product>
<id_tag><![CDATA[3245]]></id_tag>
<id_lang><![CDATA[1]]></id_lang>
</product_tag>
<product_tag><id_product><![CDATA[958]]></id_product>
<id_tag><![CDATA[3245]]></id_tag>
<id_lang><![CDATA[1]]></id_lang>
</product_tag>
<product_tag><id_product><![CDATA[1002]]></id_product>
<id_tag><![CDATA[3245]]></id_tag>
<id_lang><![CDATA[1]]></id_lang>
</product_tag>
<product_tag><id_product><![CDATA[1003]]></id_product>
<id_tag><![CDATA[3245]]></id_tag>
<id_lang><![CDATA[1]]></id_lang>
</product_tag>
<product_tag><id_product><![CDATA[1004]]></id_product>
<id_tag><![CDATA[3245]]></id_tag>
<id_lang><![CDATA[1]]></id_lang>
</product_tag>
<product_tag><id_product><![CDATA[1005]]></id_product>
<id_tag><![CDATA[3245]]></id_tag>
<id_lang><![CDATA[1]]></id_lang>
</product_tag>
<product_tag><id_product><![CDATA[4549]]></id_product>
<id_tag><![CDATA[3245]]></id_tag>
<id_lang><![CDATA[1]]></id_lang>
</product_tag>
<product_tag><id_product><![CDATA[355]]></id_product>
<id_tag><![CDATA[3247]]></id_tag>
<id_lang><![CDATA[1]]></id_lang>
</product_tag>
<product_tag><id_product><![CDATA[356]]></id_product>
<id_tag><![CDATA[3247]]></id_tag>
<id_lang><![CDATA[1]]></id_lang>
</product_tag>
<product_tag><id_product><![CDATA[357]]></id_product>
<id_tag><![CDATA[3247]]></id_tag>
<id_lang><![CDATA[1]]></id_lang>
</product_tag>
<product_tag><id_product><![CDATA[355]]></id_product>
<id_tag><![CDATA[3249]]></id_tag>
<id_lang><![CDATA[1]]></id_lang>
</product_tag>
<product_tag><id_product><![CDATA[361]]></id_product>
<id_tag><![CDATA[3249]]></id_tag>
<id_lang><![CDATA[1]]></id_lang>
</product_tag>
<product_tag><id_product><![CDATA[362]]></id_product>
<id_tag><![CDATA[3249]]></id_tag>
<id_lang><![CDATA[1]]></id_lang>
</product_tag>
<product_tag><id_product><![CDATA[358]]></id_product>
<id_tag><![CDATA[3251]]></id_tag>
<id_lang><![CDATA[1]]></id_lang>
</product_tag>
<product_tag><id_product><![CDATA[367]]></id_product>
<id_tag><![CDATA[3251]]></id_tag>
<id_lang><![CDATA[1]]></id_lang>
</product_tag>
<product_tag><id_product><![CDATA[368]]></id_product>
<id_tag><![CDATA[3251]]></id_tag>
<id_lang><![CDATA[1]]></id_lang>
</product_tag>
<product_tag><id_product><![CDATA[509]]></id_product>
<id_tag><![CDATA[3251]]></id_tag>
<id_lang><![CDATA[1]]></id_lang>
</product_tag>
<product_tag><id_product><![CDATA[1473]]></id_product>
<id_tag><![CDATA[3251]]></id_tag>
<id_lang><![CDATA[1]]></id_lang>
</product_tag>
<product_tag><id_product><![CDATA[4303]]></id_product>
<id_tag><![CDATA[3251]]></id_tag>
<id_lang><![CDATA[1]]></id_lang>
</product_tag>
<product_tag><id_product><![CDATA[4304]]></id_product>
<id_tag><![CDATA[3251]]></id_tag>
<id_lang><![CDATA[1]]></id_lang>
</product_tag>
<product_tag><id_product><![CDATA[357]]></id_product>
<id_tag><![CDATA[3252]]></id_tag>
<id_lang><![CDATA[1]]></id_lang>
</product_tag>
<product_tag><id_product><![CDATA[369]]></id_product>
<id_tag><![CDATA[3252]]></id_tag>
<id_lang><![CDATA[1]]></id_lang>
</product_tag>
<product_tag><id_product><![CDATA[370]]></id_product>
<id_tag><![CDATA[3252]]></id_tag>
<id_lang><![CDATA[1]]></id_lang>
</product_tag>
<product_tag><id_product><![CDATA[360]]></id_product>
<id_tag><![CDATA[3253]]></id_tag>
<id_lang><![CDATA[1]]></id_lang>
</product_tag>
<product_tag><id_product><![CDATA[365]]></id_product>
<id_tag><![CDATA[3253]]></id_tag>
<id_lang><![CDATA[1]]></id_lang>
</product_tag>
<product_tag><id_product><![CDATA[366]]></id_product>
<id_tag><![CDATA[3253]]></id_tag>
<id_lang><![CDATA[1]]></id_lang>
</product_tag>
<product_tag><id_product><![CDATA[501]]></id_product>
<id_tag><![CDATA[3253]]></id_tag>
<id_lang><![CDATA[1]]></id_lang>
</product_tag>
<product_tag><id_product><![CDATA[502]]></id_product>
<id_tag><![CDATA[3253]]></id_tag>
<id_lang><![CDATA[1]]></id_lang>
</product_tag>
<product_tag><id_product><![CDATA[531]]></id_product>
<id_tag><![CDATA[3253]]></id_tag>
<id_lang><![CDATA[1]]></id_lang>
</product_tag>
<product_tag><id_product><![CDATA[1143]]></id_product>
<id_tag><![CDATA[3253]]></id_tag>
<id_lang><![CDATA[1]]></id_lang>
</product_tag>
<product_tag><id_product><![CDATA[361]]></id_product>
<id_tag><![CDATA[3254]]></id_tag>
<id_lang><![CDATA[1]]></id_lang>
</product_tag>
<product_tag><id_product><![CDATA[362]]></id_product>
<id_tag><![CDATA[3254]]></id_tag>
<id_lang><![CDATA[1]]></id_lang>
</product_tag>
<product_tag><id_product><![CDATA[363]]></id_product>
<id_tag><![CDATA[3254]]></id_tag>
<id_lang><![CDATA[1]]></id_lang>
</product_tag>
<product_tag><id_product><![CDATA[364]]></id_product>
<id_tag><![CDATA[3254]]></id_tag>
<id_lang><![CDATA[1]]></id_lang>
</product_tag>
<product_tag><id_product><![CDATA[365]]></id_product>
<id_tag><![CDATA[3254]]></id_tag>
<id_lang><![CDATA[1]]></id_lang>
</product_tag>
<product_tag><id_product><![CDATA[366]]></id_product>
<id_tag><![CDATA[3254]]></id_tag>
<id_lang><![CDATA[1]]></id_lang>
</product_tag>
<product_tag><id_product><![CDATA[367]]></id_product>
<id_tag><![CDATA[3254]]></id_tag>
<id_lang><![CDATA[1]]></id_lang>
</product_tag>
<product_tag><id_product><![CDATA[368]]></id_product>
<id_tag><![CDATA[3254]]></id_tag>
<id_lang><![CDATA[1]]></id_lang>
</product_tag>
<product_tag><id_product><![CDATA[369]]></id_product>
<id_tag><![CDATA[3254]]></id_tag>
<id_lang><![CDATA[1]]></id_lang>
</product_tag>
<product_tag><id_product><![CDATA[370]]></id_product>
<id_tag><![CDATA[3254]]></id_tag>
<id_lang><![CDATA[1]]></id_lang>
</product_tag>
<product_tag><id_product><![CDATA[371]]></id_product>
<id_tag><![CDATA[3254]]></id_tag>
<id_lang><![CDATA[1]]></id_lang>
</product_tag>
<product_tag><id_product><![CDATA[372]]></id_product>
<id_tag><![CDATA[3254]]></id_tag>
<id_lang><![CDATA[1]]></id_lang>
</product_tag>
<product_tag><id_product><![CDATA[395]]></id_product>
<id_tag><![CDATA[3254]]></id_tag>
<id_lang><![CDATA[1]]></id_lang>
</product_tag>
<product_tag><id_product><![CDATA[396]]></id_product>
<id_tag><![CDATA[3254]]></id_tag>
<id_lang><![CDATA[1]]></id_lang>
</product_tag>
<product_tag><id_product><![CDATA[397]]></id_product>
<id_tag><![CDATA[3254]]></id_tag>
<id_lang><![CDATA[1]]></id_lang>
</product_tag>
<product_tag><id_product><![CDATA[398]]></id_product>
<id_tag><![CDATA[3254]]></id_tag>
<id_lang><![CDATA[1]]></id_lang>
</product_tag>
<product_tag><id_product><![CDATA[399]]></id_product>
<id_tag><![CDATA[3254]]></id_tag>
<id_lang><![CDATA[1]]></id_lang>
</product_tag>
<product_tag><id_product><![CDATA[400]]></id_product>
<id_tag><![CDATA[3254]]></id_tag>
<id_lang><![CDATA[1]]></id_lang>
</product_tag>
<product_tag><id_product><![CDATA[401]]></id_product>
<id_tag><![CDATA[3254]]></id_tag>
<id_lang><![CDATA[1]]></id_lang>
</product_tag>
<product_tag><id_product><![CDATA[402]]></id_product>
<id_tag><![CDATA[3254]]></id_tag>
<id_lang><![CDATA[1]]></id_lang>
</product_tag>
<product_tag><id_product><![CDATA[403]]></id_product>
<id_tag><![CDATA[3254]]></id_tag>
<id_lang><![CDATA[1]]></id_lang>
</product_tag>
<product_tag><id_product><![CDATA[404]]></id_product>
<id_tag><![CDATA[3254]]></id_tag>
<id_lang><![CDATA[1]]></id_lang>
</product_tag>
<product_tag><id_product><![CDATA[405]]></id_product>
<id_tag><![CDATA[3254]]></id_tag>
<id_lang><![CDATA[1]]></id_lang>
</product_tag>
<product_tag><id_product><![CDATA[406]]></id_product>
<id_tag><![CDATA[3254]]></id_tag>
<id_lang><![CDATA[1]]></id_lang>
</product_tag>
<product_tag><id_product><![CDATA[407]]></id_product>
<id_tag><![CDATA[3254]]></id_tag>
<id_lang><![CDATA[1]]></id_lang>
</product_tag>
<product_tag><id_product><![CDATA[408]]></id_product>
<id_tag><![CDATA[3254]]></id_tag>
<id_lang><![CDATA[1]]></id_lang>
</product_tag>
<product_tag><id_product><![CDATA[409]]></id_product>
<id_tag><![CDATA[3254]]></id_tag>
<id_lang><![CDATA[1]]></id_lang>
</product_tag>
<product_tag><id_product><![CDATA[410]]></id_product>
<id_tag><![CDATA[3254]]></id_tag>
<id_lang><![CDATA[1]]></id_lang>
</product_tag>
<product_tag><id_product><![CDATA[447]]></id_product>
<id_tag><![CDATA[3254]]></id_tag>
<id_lang><![CDATA[1]]></id_lang>
</product_tag>
<product_tag><id_product><![CDATA[448]]></id_product>
<id_tag><![CDATA[3254]]></id_tag>
<id_lang><![CDATA[1]]></id_lang>
</product_tag>
<product_tag><id_product><![CDATA[361]]></id_product>
<id_tag><![CDATA[3255]]></id_tag>
<id_lang><![CDATA[1]]></id_lang>
</product_tag>
<product_tag><id_product><![CDATA[362]]></id_product>
<id_tag><![CDATA[3255]]></id_tag>
<id_lang><![CDATA[1]]></id_lang>
</product_tag>
<product_tag><id_product><![CDATA[363]]></id_product>
<id_tag><![CDATA[3255]]></id_tag>
<id_lang><![CDATA[1]]></id_lang>
</product_tag>
<product_tag><id_product><![CDATA[364]]></id_product>
<id_tag><![CDATA[3255]]></id_tag>
<id_lang><![CDATA[1]]></id_lang>
</product_tag>
<product_tag><id_product><![CDATA[365]]></id_product>
<id_tag><![CDATA[3255]]></id_tag>
<id_lang><![CDATA[1]]></id_lang>
</product_tag>
<product_tag><id_product><![CDATA[366]]></id_product>
<id_tag><![CDATA[3255]]></id_tag>
<id_lang><![CDATA[1]]></id_lang>
</product_tag>
<product_tag><id_product><![CDATA[367]]></id_product>
<id_tag><![CDATA[3255]]></id_tag>
<id_lang><![CDATA[1]]></id_lang>
</product_tag>
<product_tag><id_product><![CDATA[368]]></id_product>
<id_tag><![CDATA[3255]]></id_tag>
<id_lang><![CDATA[1]]></id_lang>
</product_tag>
<product_tag><id_product><![CDATA[369]]></id_product>
<id_tag><![CDATA[3255]]></id_tag>
<id_lang><![CDATA[1]]></id_lang>
</product_tag>
<product_tag><id_product><![CDATA[370]]></id_product>
<id_tag><![CDATA[3255]]></id_tag>
<id_lang><![CDATA[1]]></id_lang>
</product_tag>
<product_tag><id_product><![CDATA[371]]></id_product>
<id_tag><![CDATA[3255]]></id_tag>
<id_lang><![CDATA[1]]></id_lang>
</product_tag>
<product_tag><id_product><![CDATA[372]]></id_product>
<id_tag><![CDATA[3255]]></id_tag>
<id_lang><![CDATA[1]]></id_lang>
</product_tag>
<product_tag><id_product><![CDATA[395]]></id_product>
<id_tag><![CDATA[3255]]></id_tag>
<id_lang><![CDATA[1]]></id_lang>
</product_tag>
<product_tag><id_product><![CDATA[396]]></id_product>
<id_tag><![CDATA[3255]]></id_tag>
<id_lang><![CDATA[1]]></id_lang>
</product_tag>
<product_tag><id_product><![CDATA[397]]></id_product>
<id_tag><![CDATA[3255]]></id_tag>
<id_lang><![CDATA[1]]></id_lang>
</product_tag>
<product_tag><id_product><![CDATA[398]]></id_product>
<id_tag><![CDATA[3255]]></id_tag>
<id_lang><![CDATA[1]]></id_lang>
</product_tag>
<product_tag><id_product><![CDATA[399]]></id_product>
<id_tag><![CDATA[3255]]></id_tag>
<id_lang><![CDATA[1]]></id_lang>
</product_tag>
<product_tag><id_product><![CDATA[400]]></id_product>
<id_tag><![CDATA[3255]]></id_tag>
<id_lang><![CDATA[1]]></id_lang>
</product_tag>
<product_tag><id_product><![CDATA[401]]></id_product>
<id_tag><![CDATA[3255]]></id_tag>
<id_lang><![CDATA[1]]></id_lang>
</product_tag>
<product_tag><id_product><![CDATA[402]]></id_product>
<id_tag><![CDATA[3255]]></id_tag>
<id_lang><![CDATA[1]]></id_lang>
</product_tag>
<product_tag><id_product><![CDATA[403]]></id_product>
<id_tag><![CDATA[3255]]></id_tag>
<id_lang><![CDATA[1]]></id_lang>
</product_tag>
<product_tag><id_product><![CDATA[404]]></id_product>
<id_tag><![CDATA[3255]]></id_tag>
<id_lang><![CDATA[1]]></id_lang>
</product_tag>
<product_tag><id_product><![CDATA[405]]></id_product>
<id_tag><![CDATA[3255]]></id_tag>
<id_lang><![CDATA[1]]></id_lang>
</product_tag>
<product_tag><id_product><![CDATA[406]]></id_product>
<id_tag><![CDATA[3255]]></id_tag>
<id_lang><![CDATA[1]]></id_lang>
</product_tag>
<product_tag><id_product><![CDATA[407]]></id_product>
<id_tag><![CDATA[3255]]></id_tag>
<id_lang><![CDATA[1]]></id_lang>
</product_tag>
<product_tag><id_product><![CDATA[408]]></id_product>
<id_tag><![CDATA[3255]]></id_tag>
<id_lang><![CDATA[1]]></id_lang>
</product_tag>
<product_tag><id_product><![CDATA[409]]></id_product>
<id_tag><![CDATA[3255]]></id_tag>
<id_lang><![CDATA[1]]></id_lang>
</product_tag>
<product_tag><id_product><![CDATA[410]]></id_product>
<id_tag><![CDATA[3255]]></id_tag>
<id_lang><![CDATA[1]]></id_lang>
</product_tag>
<product_tag><id_product><![CDATA[447]]></id_product>
<id_tag><![CDATA[3255]]></id_tag>
<id_lang><![CDATA[1]]></id_lang>
</product_tag>
<product_tag><id_product><![CDATA[448]]></id_product>
<id_tag><![CDATA[3255]]></id_tag>
<id_lang><![CDATA[1]]></id_lang>
</product_tag>
<product_tag><id_product><![CDATA[364]]></id_product>
<id_tag><![CDATA[3256]]></id_tag>
<id_lang><![CDATA[1]]></id_lang>
</product_tag>
<product_tag><id_product><![CDATA[489]]></id_product>
<id_tag><![CDATA[3256]]></id_tag>
<id_lang><![CDATA[1]]></id_lang>
</product_tag>
<product_tag><id_product><![CDATA[525]]></id_product>
<id_tag><![CDATA[3256]]></id_tag>
<id_lang><![CDATA[1]]></id_lang>
</product_tag>
<product_tag><id_product><![CDATA[531]]></id_product>
<id_tag><![CDATA[3256]]></id_tag>
<id_lang><![CDATA[1]]></id_lang>
</product_tag>
<product_tag><id_product><![CDATA[1132]]></id_product>
<id_tag><![CDATA[3256]]></id_tag>
<id_lang><![CDATA[1]]></id_lang>
</product_tag>
<product_tag><id_product><![CDATA[1142]]></id_product>
<id_tag><![CDATA[3256]]></id_tag>
<id_lang><![CDATA[1]]></id_lang>
</product_tag>
<product_tag><id_product><![CDATA[1143]]></id_product>
<id_tag><![CDATA[3256]]></id_tag>
<id_lang><![CDATA[1]]></id_lang>
</product_tag>
<product_tag><id_product><![CDATA[373]]></id_product>
<id_tag><![CDATA[3257]]></id_tag>
<id_lang><![CDATA[1]]></id_lang>
</product_tag>
<product_tag><id_product><![CDATA[374]]></id_product>
<id_tag><![CDATA[3257]]></id_tag>
<id_lang><![CDATA[1]]></id_lang>
</product_tag>
<product_tag><id_product><![CDATA[395]]></id_product>
<id_tag><![CDATA[3257]]></id_tag>
<id_lang><![CDATA[1]]></id_lang>
</product_tag>
<product_tag><id_product><![CDATA[396]]></id_product>
<id_tag><![CDATA[3257]]></id_tag>
<id_lang><![CDATA[1]]></id_lang>
</product_tag>
<product_tag><id_product><![CDATA[373]]></id_product>
<id_tag><![CDATA[3258]]></id_tag>
<id_lang><![CDATA[1]]></id_lang>
</product_tag>
<product_tag><id_product><![CDATA[374]]></id_product>
<id_tag><![CDATA[3258]]></id_tag>
<id_lang><![CDATA[1]]></id_lang>
</product_tag>
<product_tag><id_product><![CDATA[375]]></id_product>
<id_tag><![CDATA[3258]]></id_tag>
<id_lang><![CDATA[1]]></id_lang>
</product_tag>
<product_tag><id_product><![CDATA[376]]></id_product>
<id_tag><![CDATA[3258]]></id_tag>
<id_lang><![CDATA[1]]></id_lang>
</product_tag>
<product_tag><id_product><![CDATA[395]]></id_product>
<id_tag><![CDATA[3258]]></id_tag>
<id_lang><![CDATA[1]]></id_lang>
</product_tag>
<product_tag><id_product><![CDATA[396]]></id_product>
<id_tag><![CDATA[3258]]></id_tag>
<id_lang><![CDATA[1]]></id_lang>
</product_tag>
<product_tag><id_product><![CDATA[397]]></id_product>
<id_tag><![CDATA[3258]]></id_tag>
<id_lang><![CDATA[1]]></id_lang>
</product_tag>
<product_tag><id_product><![CDATA[398]]></id_product>
<id_tag><![CDATA[3258]]></id_tag>
<id_lang><![CDATA[1]]></id_lang>
</product_tag>
<product_tag><id_product><![CDATA[418]]></id_product>
<id_tag><![CDATA[3258]]></id_tag>
<id_lang><![CDATA[1]]></id_lang>
</product_tag>
<product_tag><id_product><![CDATA[423]]></id_product>
<id_tag><![CDATA[3258]]></id_tag>
<id_lang><![CDATA[1]]></id_lang>
</product_tag>
<product_tag><id_product><![CDATA[447]]></id_product>
<id_tag><![CDATA[3258]]></id_tag>
<id_lang><![CDATA[1]]></id_lang>
</product_tag>
<product_tag><id_product><![CDATA[448]]></id_product>
<id_tag><![CDATA[3258]]></id_tag>
<id_lang><![CDATA[1]]></id_lang>
</product_tag>
<product_tag><id_product><![CDATA[4241]]></id_product>
<id_tag><![CDATA[3258]]></id_tag>
<id_lang><![CDATA[1]]></id_lang>
</product_tag>
<product_tag><id_product><![CDATA[373]]></id_product>
<id_tag><![CDATA[3259]]></id_tag>
<id_lang><![CDATA[1]]></id_lang>
</product_tag>
<product_tag><id_product><![CDATA[374]]></id_product>
<id_tag><![CDATA[3259]]></id_tag>
<id_lang><![CDATA[1]]></id_lang>
</product_tag>
<product_tag><id_product><![CDATA[375]]></id_product>
<id_tag><![CDATA[3259]]></id_tag>
<id_lang><![CDATA[1]]></id_lang>
</product_tag>
<product_tag><id_product><![CDATA[376]]></id_product>
<id_tag><![CDATA[3259]]></id_tag>
<id_lang><![CDATA[1]]></id_lang>
</product_tag>
<product_tag><id_product><![CDATA[377]]></id_product>
<id_tag><![CDATA[3259]]></id_tag>
<id_lang><![CDATA[1]]></id_lang>
</product_tag>
<product_tag><id_product><![CDATA[378]]></id_product>
<id_tag><![CDATA[3259]]></id_tag>
<id_lang><![CDATA[1]]></id_lang>
</product_tag>
<product_tag><id_product><![CDATA[379]]></id_product>
<id_tag><![CDATA[3259]]></id_tag>
<id_lang><![CDATA[1]]></id_lang>
</product_tag>
<product_tag><id_product><![CDATA[380]]></id_product>
<id_tag><![CDATA[3259]]></id_tag>
<id_lang><![CDATA[1]]></id_lang>
</product_tag>
<product_tag><id_product><![CDATA[381]]></id_product>
<id_tag><![CDATA[3259]]></id_tag>
<id_lang><![CDATA[1]]></id_lang>
</product_tag>
<product_tag><id_product><![CDATA[382]]></id_product>
<id_tag><![CDATA[3259]]></id_tag>
<id_lang><![CDATA[1]]></id_lang>
</product_tag>
</entity_profile>
