<?xml version="1.0" encoding="UTF-8"?>
<entity_profile>
<product_tag><id_product><![CDATA[383]]></id_product>
<id_tag><![CDATA[3259]]></id_tag>
<id_lang><![CDATA[1]]></id_lang>
</product_tag>
<product_tag><id_product><![CDATA[384]]></id_product>
<id_tag><![CDATA[3259]]></id_tag>
<id_lang><![CDATA[1]]></id_lang>
</product_tag>
<product_tag><id_product><![CDATA[385]]></id_product>
<id_tag><![CDATA[3259]]></id_tag>
<id_lang><![CDATA[1]]></id_lang>
</product_tag>
<product_tag><id_product><![CDATA[386]]></id_product>
<id_tag><![CDATA[3259]]></id_tag>
<id_lang><![CDATA[1]]></id_lang>
</product_tag>
<product_tag><id_product><![CDATA[387]]></id_product>
<id_tag><![CDATA[3259]]></id_tag>
<id_lang><![CDATA[1]]></id_lang>
</product_tag>
<product_tag><id_product><![CDATA[388]]></id_product>
<id_tag><![CDATA[3259]]></id_tag>
<id_lang><![CDATA[1]]></id_lang>
</product_tag>
<product_tag><id_product><![CDATA[389]]></id_product>
<id_tag><![CDATA[3259]]></id_tag>
<id_lang><![CDATA[1]]></id_lang>
</product_tag>
<product_tag><id_product><![CDATA[390]]></id_product>
<id_tag><![CDATA[3259]]></id_tag>
<id_lang><![CDATA[1]]></id_lang>
</product_tag>
<product_tag><id_product><![CDATA[391]]></id_product>
<id_tag><![CDATA[3259]]></id_tag>
<id_lang><![CDATA[1]]></id_lang>
</product_tag>
<product_tag><id_product><![CDATA[375]]></id_product>
<id_tag><![CDATA[3260]]></id_tag>
<id_lang><![CDATA[1]]></id_lang>
</product_tag>
<product_tag><id_product><![CDATA[376]]></id_product>
<id_tag><![CDATA[3260]]></id_tag>
<id_lang><![CDATA[1]]></id_lang>
</product_tag>
<product_tag><id_product><![CDATA[397]]></id_product>
<id_tag><![CDATA[3260]]></id_tag>
<id_lang><![CDATA[1]]></id_lang>
</product_tag>
<product_tag><id_product><![CDATA[398]]></id_product>
<id_tag><![CDATA[3260]]></id_tag>
<id_lang><![CDATA[1]]></id_lang>
</product_tag>
<product_tag><id_product><![CDATA[377]]></id_product>
<id_tag><![CDATA[3267]]></id_tag>
<id_lang><![CDATA[1]]></id_lang>
</product_tag>
<product_tag><id_product><![CDATA[378]]></id_product>
<id_tag><![CDATA[3267]]></id_tag>
<id_lang><![CDATA[1]]></id_lang>
</product_tag>
<product_tag><id_product><![CDATA[380]]></id_product>
<id_tag><![CDATA[3267]]></id_tag>
<id_lang><![CDATA[1]]></id_lang>
</product_tag>
<product_tag><id_product><![CDATA[399]]></id_product>
<id_tag><![CDATA[3267]]></id_tag>
<id_lang><![CDATA[1]]></id_lang>
</product_tag>
<product_tag><id_product><![CDATA[400]]></id_product>
<id_tag><![CDATA[3267]]></id_tag>
<id_lang><![CDATA[1]]></id_lang>
</product_tag>
<product_tag><id_product><![CDATA[377]]></id_product>
<id_tag><![CDATA[3269]]></id_tag>
<id_lang><![CDATA[1]]></id_lang>
</product_tag>
<product_tag><id_product><![CDATA[378]]></id_product>
<id_tag><![CDATA[3269]]></id_tag>
<id_lang><![CDATA[1]]></id_lang>
</product_tag>
<product_tag><id_product><![CDATA[379]]></id_product>
<id_tag><![CDATA[3269]]></id_tag>
<id_lang><![CDATA[1]]></id_lang>
</product_tag>
<product_tag><id_product><![CDATA[380]]></id_product>
<id_tag><![CDATA[3269]]></id_tag>
<id_lang><![CDATA[1]]></id_lang>
</product_tag>
<product_tag><id_product><![CDATA[381]]></id_product>
<id_tag><![CDATA[3269]]></id_tag>
<id_lang><![CDATA[1]]></id_lang>
</product_tag>
<product_tag><id_product><![CDATA[382]]></id_product>
<id_tag><![CDATA[3269]]></id_tag>
<id_lang><![CDATA[1]]></id_lang>
</product_tag>
<product_tag><id_product><![CDATA[383]]></id_product>
<id_tag><![CDATA[3269]]></id_tag>
<id_lang><![CDATA[1]]></id_lang>
</product_tag>
<product_tag><id_product><![CDATA[384]]></id_product>
<id_tag><![CDATA[3269]]></id_tag>
<id_lang><![CDATA[1]]></id_lang>
</product_tag>
<product_tag><id_product><![CDATA[385]]></id_product>
<id_tag><![CDATA[3269]]></id_tag>
<id_lang><![CDATA[1]]></id_lang>
</product_tag>
<product_tag><id_product><![CDATA[386]]></id_product>
<id_tag><![CDATA[3269]]></id_tag>
<id_lang><![CDATA[1]]></id_lang>
</product_tag>
<product_tag><id_product><![CDATA[387]]></id_product>
<id_tag><![CDATA[3269]]></id_tag>
<id_lang><![CDATA[1]]></id_lang>
</product_tag>
<product_tag><id_product><![CDATA[388]]></id_product>
<id_tag><![CDATA[3269]]></id_tag>
<id_lang><![CDATA[1]]></id_lang>
</product_tag>
<product_tag><id_product><![CDATA[399]]></id_product>
<id_tag><![CDATA[3269]]></id_tag>
<id_lang><![CDATA[1]]></id_lang>
</product_tag>
<product_tag><id_product><![CDATA[400]]></id_product>
<id_tag><![CDATA[3269]]></id_tag>
<id_lang><![CDATA[1]]></id_lang>
</product_tag>
<product_tag><id_product><![CDATA[401]]></id_product>
<id_tag><![CDATA[3269]]></id_tag>
<id_lang><![CDATA[1]]></id_lang>
</product_tag>
<product_tag><id_product><![CDATA[402]]></id_product>
<id_tag><![CDATA[3269]]></id_tag>
<id_lang><![CDATA[1]]></id_lang>
</product_tag>
<product_tag><id_product><![CDATA[403]]></id_product>
<id_tag><![CDATA[3269]]></id_tag>
<id_lang><![CDATA[1]]></id_lang>
</product_tag>
<product_tag><id_product><![CDATA[404]]></id_product>
<id_tag><![CDATA[3269]]></id_tag>
<id_lang><![CDATA[1]]></id_lang>
</product_tag>
<product_tag><id_product><![CDATA[405]]></id_product>
<id_tag><![CDATA[3269]]></id_tag>
<id_lang><![CDATA[1]]></id_lang>
</product_tag>
<product_tag><id_product><![CDATA[406]]></id_product>
<id_tag><![CDATA[3269]]></id_tag>
<id_lang><![CDATA[1]]></id_lang>
</product_tag>
<product_tag><id_product><![CDATA[418]]></id_product>
<id_tag><![CDATA[3269]]></id_tag>
<id_lang><![CDATA[1]]></id_lang>
</product_tag>
<product_tag><id_product><![CDATA[420]]></id_product>
<id_tag><![CDATA[3269]]></id_tag>
<id_lang><![CDATA[1]]></id_lang>
</product_tag>
<product_tag><id_product><![CDATA[422]]></id_product>
<id_tag><![CDATA[3269]]></id_tag>
<id_lang><![CDATA[1]]></id_lang>
</product_tag>
<product_tag><id_product><![CDATA[423]]></id_product>
<id_tag><![CDATA[3269]]></id_tag>
<id_lang><![CDATA[1]]></id_lang>
</product_tag>
<product_tag><id_product><![CDATA[424]]></id_product>
<id_tag><![CDATA[3269]]></id_tag>
<id_lang><![CDATA[1]]></id_lang>
</product_tag>
<product_tag><id_product><![CDATA[425]]></id_product>
<id_tag><![CDATA[3269]]></id_tag>
<id_lang><![CDATA[1]]></id_lang>
</product_tag>
<product_tag><id_product><![CDATA[426]]></id_product>
<id_tag><![CDATA[3269]]></id_tag>
<id_lang><![CDATA[1]]></id_lang>
</product_tag>
<product_tag><id_product><![CDATA[427]]></id_product>
<id_tag><![CDATA[3269]]></id_tag>
<id_lang><![CDATA[1]]></id_lang>
</product_tag>
<product_tag><id_product><![CDATA[428]]></id_product>
<id_tag><![CDATA[3269]]></id_tag>
<id_lang><![CDATA[1]]></id_lang>
</product_tag>
<product_tag><id_product><![CDATA[429]]></id_product>
<id_tag><![CDATA[3269]]></id_tag>
<id_lang><![CDATA[1]]></id_lang>
</product_tag>
<product_tag><id_product><![CDATA[430]]></id_product>
<id_tag><![CDATA[3269]]></id_tag>
<id_lang><![CDATA[1]]></id_lang>
</product_tag>
<product_tag><id_product><![CDATA[431]]></id_product>
<id_tag><![CDATA[3269]]></id_tag>
<id_lang><![CDATA[1]]></id_lang>
</product_tag>
<product_tag><id_product><![CDATA[434]]></id_product>
<id_tag><![CDATA[3269]]></id_tag>
<id_lang><![CDATA[1]]></id_lang>
</product_tag>
<product_tag><id_product><![CDATA[435]]></id_product>
<id_tag><![CDATA[3269]]></id_tag>
<id_lang><![CDATA[1]]></id_lang>
</product_tag>
<product_tag><id_product><![CDATA[436]]></id_product>
<id_tag><![CDATA[3269]]></id_tag>
<id_lang><![CDATA[1]]></id_lang>
</product_tag>
<product_tag><id_product><![CDATA[437]]></id_product>
<id_tag><![CDATA[3269]]></id_tag>
<id_lang><![CDATA[1]]></id_lang>
</product_tag>
<product_tag><id_product><![CDATA[439]]></id_product>
<id_tag><![CDATA[3269]]></id_tag>
<id_lang><![CDATA[1]]></id_lang>
</product_tag>
<product_tag><id_product><![CDATA[440]]></id_product>
<id_tag><![CDATA[3269]]></id_tag>
<id_lang><![CDATA[1]]></id_lang>
</product_tag>
<product_tag><id_product><![CDATA[442]]></id_product>
<id_tag><![CDATA[3269]]></id_tag>
<id_lang><![CDATA[1]]></id_lang>
</product_tag>
<product_tag><id_product><![CDATA[443]]></id_product>
<id_tag><![CDATA[3269]]></id_tag>
<id_lang><![CDATA[1]]></id_lang>
</product_tag>
<product_tag><id_product><![CDATA[444]]></id_product>
<id_tag><![CDATA[3269]]></id_tag>
<id_lang><![CDATA[1]]></id_lang>
</product_tag>
<product_tag><id_product><![CDATA[445]]></id_product>
<id_tag><![CDATA[3269]]></id_tag>
<id_lang><![CDATA[1]]></id_lang>
</product_tag>
<product_tag><id_product><![CDATA[447]]></id_product>
<id_tag><![CDATA[3269]]></id_tag>
<id_lang><![CDATA[1]]></id_lang>
</product_tag>
<product_tag><id_product><![CDATA[448]]></id_product>
<id_tag><![CDATA[3269]]></id_tag>
<id_lang><![CDATA[1]]></id_lang>
</product_tag>
<product_tag><id_product><![CDATA[1147]]></id_product>
<id_tag><![CDATA[3269]]></id_tag>
<id_lang><![CDATA[1]]></id_lang>
</product_tag>
<product_tag><id_product><![CDATA[1148]]></id_product>
<id_tag><![CDATA[3269]]></id_tag>
<id_lang><![CDATA[1]]></id_lang>
</product_tag>
<product_tag><id_product><![CDATA[1158]]></id_product>
<id_tag><![CDATA[3269]]></id_tag>
<id_lang><![CDATA[1]]></id_lang>
</product_tag>
<product_tag><id_product><![CDATA[1159]]></id_product>
<id_tag><![CDATA[3269]]></id_tag>
<id_lang><![CDATA[1]]></id_lang>
</product_tag>
<product_tag><id_product><![CDATA[1160]]></id_product>
<id_tag><![CDATA[3269]]></id_tag>
<id_lang><![CDATA[1]]></id_lang>
</product_tag>
<product_tag><id_product><![CDATA[1161]]></id_product>
<id_tag><![CDATA[3269]]></id_tag>
<id_lang><![CDATA[1]]></id_lang>
</product_tag>
<product_tag><id_product><![CDATA[1162]]></id_product>
<id_tag><![CDATA[3269]]></id_tag>
<id_lang><![CDATA[1]]></id_lang>
</product_tag>
<product_tag><id_product><![CDATA[1163]]></id_product>
<id_tag><![CDATA[3269]]></id_tag>
<id_lang><![CDATA[1]]></id_lang>
</product_tag>
<product_tag><id_product><![CDATA[1193]]></id_product>
<id_tag><![CDATA[3269]]></id_tag>
<id_lang><![CDATA[1]]></id_lang>
</product_tag>
<product_tag><id_product><![CDATA[1194]]></id_product>
<id_tag><![CDATA[3269]]></id_tag>
<id_lang><![CDATA[1]]></id_lang>
</product_tag>
<product_tag><id_product><![CDATA[1195]]></id_product>
<id_tag><![CDATA[3269]]></id_tag>
<id_lang><![CDATA[1]]></id_lang>
</product_tag>
<product_tag><id_product><![CDATA[1196]]></id_product>
<id_tag><![CDATA[3269]]></id_tag>
<id_lang><![CDATA[1]]></id_lang>
</product_tag>
<product_tag><id_product><![CDATA[1197]]></id_product>
<id_tag><![CDATA[3269]]></id_tag>
<id_lang><![CDATA[1]]></id_lang>
</product_tag>
<product_tag><id_product><![CDATA[1198]]></id_product>
<id_tag><![CDATA[3269]]></id_tag>
<id_lang><![CDATA[1]]></id_lang>
</product_tag>
<product_tag><id_product><![CDATA[1199]]></id_product>
<id_tag><![CDATA[3269]]></id_tag>
<id_lang><![CDATA[1]]></id_lang>
</product_tag>
<product_tag><id_product><![CDATA[1200]]></id_product>
<id_tag><![CDATA[3269]]></id_tag>
<id_lang><![CDATA[1]]></id_lang>
</product_tag>
<product_tag><id_product><![CDATA[1201]]></id_product>
<id_tag><![CDATA[3269]]></id_tag>
<id_lang><![CDATA[1]]></id_lang>
</product_tag>
<product_tag><id_product><![CDATA[1202]]></id_product>
<id_tag><![CDATA[3269]]></id_tag>
<id_lang><![CDATA[1]]></id_lang>
</product_tag>
<product_tag><id_product><![CDATA[1203]]></id_product>
<id_tag><![CDATA[3269]]></id_tag>
<id_lang><![CDATA[1]]></id_lang>
</product_tag>
<product_tag><id_product><![CDATA[1205]]></id_product>
<id_tag><![CDATA[3269]]></id_tag>
<id_lang><![CDATA[1]]></id_lang>
</product_tag>
<product_tag><id_product><![CDATA[1206]]></id_product>
<id_tag><![CDATA[3269]]></id_tag>
<id_lang><![CDATA[1]]></id_lang>
</product_tag>
<product_tag><id_product><![CDATA[1207]]></id_product>
<id_tag><![CDATA[3269]]></id_tag>
<id_lang><![CDATA[1]]></id_lang>
</product_tag>
<product_tag><id_product><![CDATA[1208]]></id_product>
<id_tag><![CDATA[3269]]></id_tag>
<id_lang><![CDATA[1]]></id_lang>
</product_tag>
<product_tag><id_product><![CDATA[1209]]></id_product>
<id_tag><![CDATA[3269]]></id_tag>
<id_lang><![CDATA[1]]></id_lang>
</product_tag>
<product_tag><id_product><![CDATA[1210]]></id_product>
<id_tag><![CDATA[3269]]></id_tag>
<id_lang><![CDATA[1]]></id_lang>
</product_tag>
<product_tag><id_product><![CDATA[1211]]></id_product>
<id_tag><![CDATA[3269]]></id_tag>
<id_lang><![CDATA[1]]></id_lang>
</product_tag>
<product_tag><id_product><![CDATA[1212]]></id_product>
<id_tag><![CDATA[3269]]></id_tag>
<id_lang><![CDATA[1]]></id_lang>
</product_tag>
<product_tag><id_product><![CDATA[1213]]></id_product>
<id_tag><![CDATA[3269]]></id_tag>
<id_lang><![CDATA[1]]></id_lang>
</product_tag>
<product_tag><id_product><![CDATA[1214]]></id_product>
<id_tag><![CDATA[3269]]></id_tag>
<id_lang><![CDATA[1]]></id_lang>
</product_tag>
<product_tag><id_product><![CDATA[1215]]></id_product>
<id_tag><![CDATA[3269]]></id_tag>
<id_lang><![CDATA[1]]></id_lang>
</product_tag>
<product_tag><id_product><![CDATA[1216]]></id_product>
<id_tag><![CDATA[3269]]></id_tag>
<id_lang><![CDATA[1]]></id_lang>
</product_tag>
<product_tag><id_product><![CDATA[1217]]></id_product>
<id_tag><![CDATA[3269]]></id_tag>
<id_lang><![CDATA[1]]></id_lang>
</product_tag>
<product_tag><id_product><![CDATA[1218]]></id_product>
<id_tag><![CDATA[3269]]></id_tag>
<id_lang><![CDATA[1]]></id_lang>
</product_tag>
<product_tag><id_product><![CDATA[1219]]></id_product>
<id_tag><![CDATA[3269]]></id_tag>
<id_lang><![CDATA[1]]></id_lang>
</product_tag>
<product_tag><id_product><![CDATA[1220]]></id_product>
<id_tag><![CDATA[3269]]></id_tag>
<id_lang><![CDATA[1]]></id_lang>
</product_tag>
<product_tag><id_product><![CDATA[1221]]></id_product>
<id_tag><![CDATA[3269]]></id_tag>
<id_lang><![CDATA[1]]></id_lang>
</product_tag>
<product_tag><id_product><![CDATA[1222]]></id_product>
<id_tag><![CDATA[3269]]></id_tag>
<id_lang><![CDATA[1]]></id_lang>
</product_tag>
<product_tag><id_product><![CDATA[1223]]></id_product>
<id_tag><![CDATA[3269]]></id_tag>
<id_lang><![CDATA[1]]></id_lang>
</product_tag>
<product_tag><id_product><![CDATA[1224]]></id_product>
<id_tag><![CDATA[3269]]></id_tag>
<id_lang><![CDATA[1]]></id_lang>
</product_tag>
<product_tag><id_product><![CDATA[1225]]></id_product>
<id_tag><![CDATA[3269]]></id_tag>
<id_lang><![CDATA[1]]></id_lang>
</product_tag>
<product_tag><id_product><![CDATA[1226]]></id_product>
<id_tag><![CDATA[3269]]></id_tag>
<id_lang><![CDATA[1]]></id_lang>
</product_tag>
<product_tag><id_product><![CDATA[1227]]></id_product>
<id_tag><![CDATA[3269]]></id_tag>
<id_lang><![CDATA[1]]></id_lang>
</product_tag>
<product_tag><id_product><![CDATA[1228]]></id_product>
<id_tag><![CDATA[3269]]></id_tag>
<id_lang><![CDATA[1]]></id_lang>
</product_tag>
<product_tag><id_product><![CDATA[1229]]></id_product>
<id_tag><![CDATA[3269]]></id_tag>
<id_lang><![CDATA[1]]></id_lang>
</product_tag>
<product_tag><id_product><![CDATA[1230]]></id_product>
<id_tag><![CDATA[3269]]></id_tag>
<id_lang><![CDATA[1]]></id_lang>
</product_tag>
<product_tag><id_product><![CDATA[1231]]></id_product>
<id_tag><![CDATA[3269]]></id_tag>
<id_lang><![CDATA[1]]></id_lang>
</product_tag>
<product_tag><id_product><![CDATA[1232]]></id_product>
<id_tag><![CDATA[3269]]></id_tag>
<id_lang><![CDATA[1]]></id_lang>
</product_tag>
<product_tag><id_product><![CDATA[1237]]></id_product>
<id_tag><![CDATA[3269]]></id_tag>
<id_lang><![CDATA[1]]></id_lang>
</product_tag>
<product_tag><id_product><![CDATA[1238]]></id_product>
<id_tag><![CDATA[3269]]></id_tag>
<id_lang><![CDATA[1]]></id_lang>
</product_tag>
<product_tag><id_product><![CDATA[1239]]></id_product>
<id_tag><![CDATA[3269]]></id_tag>
<id_lang><![CDATA[1]]></id_lang>
</product_tag>
<product_tag><id_product><![CDATA[1240]]></id_product>
<id_tag><![CDATA[3269]]></id_tag>
<id_lang><![CDATA[1]]></id_lang>
</product_tag>
<product_tag><id_product><![CDATA[1241]]></id_product>
<id_tag><![CDATA[3269]]></id_tag>
<id_lang><![CDATA[1]]></id_lang>
</product_tag>
<product_tag><id_product><![CDATA[1242]]></id_product>
<id_tag><![CDATA[3269]]></id_tag>
<id_lang><![CDATA[1]]></id_lang>
</product_tag>
<product_tag><id_product><![CDATA[1243]]></id_product>
<id_tag><![CDATA[3269]]></id_tag>
<id_lang><![CDATA[1]]></id_lang>
</product_tag>
<product_tag><id_product><![CDATA[1244]]></id_product>
<id_tag><![CDATA[3269]]></id_tag>
<id_lang><![CDATA[1]]></id_lang>
</product_tag>
<product_tag><id_product><![CDATA[1245]]></id_product>
<id_tag><![CDATA[3269]]></id_tag>
<id_lang><![CDATA[1]]></id_lang>
</product_tag>
<product_tag><id_product><![CDATA[1246]]></id_product>
<id_tag><![CDATA[3269]]></id_tag>
<id_lang><![CDATA[1]]></id_lang>
</product_tag>
<product_tag><id_product><![CDATA[1247]]></id_product>
<id_tag><![CDATA[3269]]></id_tag>
<id_lang><![CDATA[1]]></id_lang>
</product_tag>
<product_tag><id_product><![CDATA[1248]]></id_product>
<id_tag><![CDATA[3269]]></id_tag>
<id_lang><![CDATA[1]]></id_lang>
</product_tag>
<product_tag><id_product><![CDATA[1249]]></id_product>
<id_tag><![CDATA[3269]]></id_tag>
<id_lang><![CDATA[1]]></id_lang>
</product_tag>
<product_tag><id_product><![CDATA[1250]]></id_product>
<id_tag><![CDATA[3269]]></id_tag>
<id_lang><![CDATA[1]]></id_lang>
</product_tag>
<product_tag><id_product><![CDATA[1251]]></id_product>
<id_tag><![CDATA[3269]]></id_tag>
<id_lang><![CDATA[1]]></id_lang>
</product_tag>
<product_tag><id_product><![CDATA[1252]]></id_product>
<id_tag><![CDATA[3269]]></id_tag>
<id_lang><![CDATA[1]]></id_lang>
</product_tag>
<product_tag><id_product><![CDATA[1253]]></id_product>
<id_tag><![CDATA[3269]]></id_tag>
<id_lang><![CDATA[1]]></id_lang>
</product_tag>
<product_tag><id_product><![CDATA[1254]]></id_product>
<id_tag><![CDATA[3269]]></id_tag>
<id_lang><![CDATA[1]]></id_lang>
</product_tag>
<product_tag><id_product><![CDATA[1255]]></id_product>
<id_tag><![CDATA[3269]]></id_tag>
<id_lang><![CDATA[1]]></id_lang>
</product_tag>
<product_tag><id_product><![CDATA[1256]]></id_product>
<id_tag><![CDATA[3269]]></id_tag>
<id_lang><![CDATA[1]]></id_lang>
</product_tag>
<product_tag><id_product><![CDATA[1257]]></id_product>
<id_tag><![CDATA[3269]]></id_tag>
<id_lang><![CDATA[1]]></id_lang>
</product_tag>
<product_tag><id_product><![CDATA[1258]]></id_product>
<id_tag><![CDATA[3269]]></id_tag>
<id_lang><![CDATA[1]]></id_lang>
</product_tag>
<product_tag><id_product><![CDATA[1259]]></id_product>
<id_tag><![CDATA[3269]]></id_tag>
<id_lang><![CDATA[1]]></id_lang>
</product_tag>
<product_tag><id_product><![CDATA[1260]]></id_product>
<id_tag><![CDATA[3269]]></id_tag>
<id_lang><![CDATA[1]]></id_lang>
</product_tag>
<product_tag><id_product><![CDATA[1261]]></id_product>
<id_tag><![CDATA[3269]]></id_tag>
<id_lang><![CDATA[1]]></id_lang>
</product_tag>
<product_tag><id_product><![CDATA[1262]]></id_product>
<id_tag><![CDATA[3269]]></id_tag>
<id_lang><![CDATA[1]]></id_lang>
</product_tag>
<product_tag><id_product><![CDATA[1263]]></id_product>
<id_tag><![CDATA[3269]]></id_tag>
<id_lang><![CDATA[1]]></id_lang>
</product_tag>
<product_tag><id_product><![CDATA[1264]]></id_product>
<id_tag><![CDATA[3269]]></id_tag>
<id_lang><![CDATA[1]]></id_lang>
</product_tag>
<product_tag><id_product><![CDATA[1265]]></id_product>
<id_tag><![CDATA[3269]]></id_tag>
<id_lang><![CDATA[1]]></id_lang>
</product_tag>
<product_tag><id_product><![CDATA[1266]]></id_product>
<id_tag><![CDATA[3269]]></id_tag>
<id_lang><![CDATA[1]]></id_lang>
</product_tag>
<product_tag><id_product><![CDATA[1267]]></id_product>
<id_tag><![CDATA[3269]]></id_tag>
<id_lang><![CDATA[1]]></id_lang>
</product_tag>
<product_tag><id_product><![CDATA[1268]]></id_product>
<id_tag><![CDATA[3269]]></id_tag>
<id_lang><![CDATA[1]]></id_lang>
</product_tag>
<product_tag><id_product><![CDATA[1269]]></id_product>
<id_tag><![CDATA[3269]]></id_tag>
<id_lang><![CDATA[1]]></id_lang>
</product_tag>
<product_tag><id_product><![CDATA[1270]]></id_product>
<id_tag><![CDATA[3269]]></id_tag>
<id_lang><![CDATA[1]]></id_lang>
</product_tag>
<product_tag><id_product><![CDATA[1271]]></id_product>
<id_tag><![CDATA[3269]]></id_tag>
<id_lang><![CDATA[1]]></id_lang>
</product_tag>
<product_tag><id_product><![CDATA[1272]]></id_product>
<id_tag><![CDATA[3269]]></id_tag>
<id_lang><![CDATA[1]]></id_lang>
</product_tag>
<product_tag><id_product><![CDATA[1273]]></id_product>
<id_tag><![CDATA[3269]]></id_tag>
<id_lang><![CDATA[1]]></id_lang>
</product_tag>
<product_tag><id_product><![CDATA[1274]]></id_product>
<id_tag><![CDATA[3269]]></id_tag>
<id_lang><![CDATA[1]]></id_lang>
</product_tag>
<product_tag><id_product><![CDATA[1275]]></id_product>
<id_tag><![CDATA[3269]]></id_tag>
<id_lang><![CDATA[1]]></id_lang>
</product_tag>
<product_tag><id_product><![CDATA[1276]]></id_product>
<id_tag><![CDATA[3269]]></id_tag>
<id_lang><![CDATA[1]]></id_lang>
</product_tag>
<product_tag><id_product><![CDATA[1277]]></id_product>
<id_tag><![CDATA[3269]]></id_tag>
<id_lang><![CDATA[1]]></id_lang>
</product_tag>
<product_tag><id_product><![CDATA[1279]]></id_product>
<id_tag><![CDATA[3269]]></id_tag>
<id_lang><![CDATA[1]]></id_lang>
</product_tag>
<product_tag><id_product><![CDATA[1283]]></id_product>
<id_tag><![CDATA[3269]]></id_tag>
<id_lang><![CDATA[1]]></id_lang>
</product_tag>
<product_tag><id_product><![CDATA[1284]]></id_product>
<id_tag><![CDATA[3269]]></id_tag>
<id_lang><![CDATA[1]]></id_lang>
</product_tag>
<product_tag><id_product><![CDATA[1285]]></id_product>
<id_tag><![CDATA[3269]]></id_tag>
<id_lang><![CDATA[1]]></id_lang>
</product_tag>
<product_tag><id_product><![CDATA[1286]]></id_product>
<id_tag><![CDATA[3269]]></id_tag>
<id_lang><![CDATA[1]]></id_lang>
</product_tag>
<product_tag><id_product><![CDATA[1287]]></id_product>
<id_tag><![CDATA[3269]]></id_tag>
<id_lang><![CDATA[1]]></id_lang>
</product_tag>
<product_tag><id_product><![CDATA[1288]]></id_product>
<id_tag><![CDATA[3269]]></id_tag>
<id_lang><![CDATA[1]]></id_lang>
</product_tag>
<product_tag><id_product><![CDATA[1289]]></id_product>
<id_tag><![CDATA[3269]]></id_tag>
<id_lang><![CDATA[1]]></id_lang>
</product_tag>
<product_tag><id_product><![CDATA[1290]]></id_product>
<id_tag><![CDATA[3269]]></id_tag>
<id_lang><![CDATA[1]]></id_lang>
</product_tag>
<product_tag><id_product><![CDATA[1291]]></id_product>
<id_tag><![CDATA[3269]]></id_tag>
<id_lang><![CDATA[1]]></id_lang>
</product_tag>
<product_tag><id_product><![CDATA[1292]]></id_product>
<id_tag><![CDATA[3269]]></id_tag>
<id_lang><![CDATA[1]]></id_lang>
</product_tag>
<product_tag><id_product><![CDATA[1293]]></id_product>
<id_tag><![CDATA[3269]]></id_tag>
<id_lang><![CDATA[1]]></id_lang>
</product_tag>
<product_tag><id_product><![CDATA[1294]]></id_product>
<id_tag><![CDATA[3269]]></id_tag>
<id_lang><![CDATA[1]]></id_lang>
</product_tag>
<product_tag><id_product><![CDATA[1296]]></id_product>
<id_tag><![CDATA[3269]]></id_tag>
<id_lang><![CDATA[1]]></id_lang>
</product_tag>
<product_tag><id_product><![CDATA[1297]]></id_product>
<id_tag><![CDATA[3269]]></id_tag>
<id_lang><![CDATA[1]]></id_lang>
</product_tag>
<product_tag><id_product><![CDATA[1298]]></id_product>
<id_tag><![CDATA[3269]]></id_tag>
<id_lang><![CDATA[1]]></id_lang>
</product_tag>
<product_tag><id_product><![CDATA[1299]]></id_product>
<id_tag><![CDATA[3269]]></id_tag>
<id_lang><![CDATA[1]]></id_lang>
</product_tag>
<product_tag><id_product><![CDATA[1301]]></id_product>
<id_tag><![CDATA[3269]]></id_tag>
<id_lang><![CDATA[1]]></id_lang>
</product_tag>
<product_tag><id_product><![CDATA[1302]]></id_product>
<id_tag><![CDATA[3269]]></id_tag>
<id_lang><![CDATA[1]]></id_lang>
</product_tag>
<product_tag><id_product><![CDATA[1303]]></id_product>
<id_tag><![CDATA[3269]]></id_tag>
<id_lang><![CDATA[1]]></id_lang>
</product_tag>
<product_tag><id_product><![CDATA[1304]]></id_product>
<id_tag><![CDATA[3269]]></id_tag>
<id_lang><![CDATA[1]]></id_lang>
</product_tag>
<product_tag><id_product><![CDATA[1305]]></id_product>
<id_tag><![CDATA[3269]]></id_tag>
<id_lang><![CDATA[1]]></id_lang>
</product_tag>
<product_tag><id_product><![CDATA[1306]]></id_product>
<id_tag><![CDATA[3269]]></id_tag>
<id_lang><![CDATA[1]]></id_lang>
</product_tag>
<product_tag><id_product><![CDATA[1307]]></id_product>
<id_tag><![CDATA[3269]]></id_tag>
<id_lang><![CDATA[1]]></id_lang>
</product_tag>
<product_tag><id_product><![CDATA[1308]]></id_product>
<id_tag><![CDATA[3269]]></id_tag>
<id_lang><![CDATA[1]]></id_lang>
</product_tag>
<product_tag><id_product><![CDATA[1309]]></id_product>
<id_tag><![CDATA[3269]]></id_tag>
<id_lang><![CDATA[1]]></id_lang>
</product_tag>
<product_tag><id_product><![CDATA[1310]]></id_product>
<id_tag><![CDATA[3269]]></id_tag>
<id_lang><![CDATA[1]]></id_lang>
</product_tag>
<product_tag><id_product><![CDATA[1311]]></id_product>
<id_tag><![CDATA[3269]]></id_tag>
<id_lang><![CDATA[1]]></id_lang>
</product_tag>
<product_tag><id_product><![CDATA[1312]]></id_product>
<id_tag><![CDATA[3269]]></id_tag>
<id_lang><![CDATA[1]]></id_lang>
</product_tag>
<product_tag><id_product><![CDATA[1313]]></id_product>
<id_tag><![CDATA[3269]]></id_tag>
<id_lang><![CDATA[1]]></id_lang>
</product_tag>
<product_tag><id_product><![CDATA[1314]]></id_product>
<id_tag><![CDATA[3269]]></id_tag>
<id_lang><![CDATA[1]]></id_lang>
</product_tag>
<product_tag><id_product><![CDATA[1315]]></id_product>
<id_tag><![CDATA[3269]]></id_tag>
<id_lang><![CDATA[1]]></id_lang>
</product_tag>
<product_tag><id_product><![CDATA[1316]]></id_product>
<id_tag><![CDATA[3269]]></id_tag>
<id_lang><![CDATA[1]]></id_lang>
</product_tag>
<product_tag><id_product><![CDATA[1317]]></id_product>
<id_tag><![CDATA[3269]]></id_tag>
<id_lang><![CDATA[1]]></id_lang>
</product_tag>
<product_tag><id_product><![CDATA[1318]]></id_product>
<id_tag><![CDATA[3269]]></id_tag>
<id_lang><![CDATA[1]]></id_lang>
</product_tag>
<product_tag><id_product><![CDATA[1319]]></id_product>
<id_tag><![CDATA[3269]]></id_tag>
<id_lang><![CDATA[1]]></id_lang>
</product_tag>
<product_tag><id_product><![CDATA[1320]]></id_product>
<id_tag><![CDATA[3269]]></id_tag>
<id_lang><![CDATA[1]]></id_lang>
</product_tag>
<product_tag><id_product><![CDATA[1321]]></id_product>
<id_tag><![CDATA[3269]]></id_tag>
<id_lang><![CDATA[1]]></id_lang>
</product_tag>
<product_tag><id_product><![CDATA[1322]]></id_product>
<id_tag><![CDATA[3269]]></id_tag>
<id_lang><![CDATA[1]]></id_lang>
</product_tag>
<product_tag><id_product><![CDATA[1323]]></id_product>
<id_tag><![CDATA[3269]]></id_tag>
<id_lang><![CDATA[1]]></id_lang>
</product_tag>
<product_tag><id_product><![CDATA[1324]]></id_product>
<id_tag><![CDATA[3269]]></id_tag>
<id_lang><![CDATA[1]]></id_lang>
</product_tag>
<product_tag><id_product><![CDATA[1325]]></id_product>
<id_tag><![CDATA[3269]]></id_tag>
<id_lang><![CDATA[1]]></id_lang>
</product_tag>
<product_tag><id_product><![CDATA[1326]]></id_product>
<id_tag><![CDATA[3269]]></id_tag>
<id_lang><![CDATA[1]]></id_lang>
</product_tag>
<product_tag><id_product><![CDATA[1327]]></id_product>
<id_tag><![CDATA[3269]]></id_tag>
<id_lang><![CDATA[1]]></id_lang>
</product_tag>
<product_tag><id_product><![CDATA[1328]]></id_product>
<id_tag><![CDATA[3269]]></id_tag>
<id_lang><![CDATA[1]]></id_lang>
</product_tag>
<product_tag><id_product><![CDATA[1329]]></id_product>
<id_tag><![CDATA[3269]]></id_tag>
<id_lang><![CDATA[1]]></id_lang>
</product_tag>
<product_tag><id_product><![CDATA[1330]]></id_product>
<id_tag><![CDATA[3269]]></id_tag>
<id_lang><![CDATA[1]]></id_lang>
</product_tag>
<product_tag><id_product><![CDATA[1331]]></id_product>
<id_tag><![CDATA[3269]]></id_tag>
<id_lang><![CDATA[1]]></id_lang>
</product_tag>
<product_tag><id_product><![CDATA[1332]]></id_product>
<id_tag><![CDATA[3269]]></id_tag>
<id_lang><![CDATA[1]]></id_lang>
</product_tag>
<product_tag><id_product><![CDATA[1333]]></id_product>
<id_tag><![CDATA[3269]]></id_tag>
<id_lang><![CDATA[1]]></id_lang>
</product_tag>
<product_tag><id_product><![CDATA[1334]]></id_product>
<id_tag><![CDATA[3269]]></id_tag>
<id_lang><![CDATA[1]]></id_lang>
</product_tag>
<product_tag><id_product><![CDATA[1335]]></id_product>
<id_tag><![CDATA[3269]]></id_tag>
<id_lang><![CDATA[1]]></id_lang>
</product_tag>
<product_tag><id_product><![CDATA[1336]]></id_product>
<id_tag><![CDATA[3269]]></id_tag>
<id_lang><![CDATA[1]]></id_lang>
</product_tag>
<product_tag><id_product><![CDATA[1337]]></id_product>
<id_tag><![CDATA[3269]]></id_tag>
<id_lang><![CDATA[1]]></id_lang>
</product_tag>
<product_tag><id_product><![CDATA[1338]]></id_product>
<id_tag><![CDATA[3269]]></id_tag>
<id_lang><![CDATA[1]]></id_lang>
</product_tag>
<product_tag><id_product><![CDATA[1339]]></id_product>
<id_tag><![CDATA[3269]]></id_tag>
<id_lang><![CDATA[1]]></id_lang>
</product_tag>
<product_tag><id_product><![CDATA[1340]]></id_product>
<id_tag><![CDATA[3269]]></id_tag>
<id_lang><![CDATA[1]]></id_lang>
</product_tag>
<product_tag><id_product><![CDATA[1341]]></id_product>
<id_tag><![CDATA[3269]]></id_tag>
<id_lang><![CDATA[1]]></id_lang>
</product_tag>
<product_tag><id_product><![CDATA[1342]]></id_product>
<id_tag><![CDATA[3269]]></id_tag>
<id_lang><![CDATA[1]]></id_lang>
</product_tag>
<product_tag><id_product><![CDATA[1343]]></id_product>
<id_tag><![CDATA[3269]]></id_tag>
<id_lang><![CDATA[1]]></id_lang>
</product_tag>
<product_tag><id_product><![CDATA[1344]]></id_product>
<id_tag><![CDATA[3269]]></id_tag>
<id_lang><![CDATA[1]]></id_lang>
</product_tag>
<product_tag><id_product><![CDATA[1345]]></id_product>
<id_tag><![CDATA[3269]]></id_tag>
<id_lang><![CDATA[1]]></id_lang>
</product_tag>
<product_tag><id_product><![CDATA[1346]]></id_product>
<id_tag><![CDATA[3269]]></id_tag>
<id_lang><![CDATA[1]]></id_lang>
</product_tag>
<product_tag><id_product><![CDATA[1347]]></id_product>
<id_tag><![CDATA[3269]]></id_tag>
<id_lang><![CDATA[1]]></id_lang>
</product_tag>
<product_tag><id_product><![CDATA[1348]]></id_product>
<id_tag><![CDATA[3269]]></id_tag>
<id_lang><![CDATA[1]]></id_lang>
</product_tag>
<product_tag><id_product><![CDATA[1349]]></id_product>
<id_tag><![CDATA[3269]]></id_tag>
<id_lang><![CDATA[1]]></id_lang>
</product_tag>
<product_tag><id_product><![CDATA[1350]]></id_product>
<id_tag><![CDATA[3269]]></id_tag>
<id_lang><![CDATA[1]]></id_lang>
</product_tag>
<product_tag><id_product><![CDATA[1351]]></id_product>
<id_tag><![CDATA[3269]]></id_tag>
<id_lang><![CDATA[1]]></id_lang>
</product_tag>
<product_tag><id_product><![CDATA[1352]]></id_product>
<id_tag><![CDATA[3269]]></id_tag>
<id_lang><![CDATA[1]]></id_lang>
</product_tag>
<product_tag><id_product><![CDATA[1353]]></id_product>
<id_tag><![CDATA[3269]]></id_tag>
<id_lang><![CDATA[1]]></id_lang>
</product_tag>
<product_tag><id_product><![CDATA[1354]]></id_product>
<id_tag><![CDATA[3269]]></id_tag>
<id_lang><![CDATA[1]]></id_lang>
</product_tag>
<product_tag><id_product><![CDATA[1355]]></id_product>
<id_tag><![CDATA[3269]]></id_tag>
<id_lang><![CDATA[1]]></id_lang>
</product_tag>
<product_tag><id_product><![CDATA[1356]]></id_product>
<id_tag><![CDATA[3269]]></id_tag>
<id_lang><![CDATA[1]]></id_lang>
</product_tag>
<product_tag><id_product><![CDATA[1357]]></id_product>
<id_tag><![CDATA[3269]]></id_tag>
<id_lang><![CDATA[1]]></id_lang>
</product_tag>
<product_tag><id_product><![CDATA[1358]]></id_product>
<id_tag><![CDATA[3269]]></id_tag>
<id_lang><![CDATA[1]]></id_lang>
</product_tag>
<product_tag><id_product><![CDATA[1359]]></id_product>
<id_tag><![CDATA[3269]]></id_tag>
<id_lang><![CDATA[1]]></id_lang>
</product_tag>
<product_tag><id_product><![CDATA[1361]]></id_product>
<id_tag><![CDATA[3269]]></id_tag>
<id_lang><![CDATA[1]]></id_lang>
</product_tag>
<product_tag><id_product><![CDATA[1362]]></id_product>
<id_tag><![CDATA[3269]]></id_tag>
<id_lang><![CDATA[1]]></id_lang>
</product_tag>
<product_tag><id_product><![CDATA[1363]]></id_product>
<id_tag><![CDATA[3269]]></id_tag>
<id_lang><![CDATA[1]]></id_lang>
</product_tag>
<product_tag><id_product><![CDATA[1364]]></id_product>
<id_tag><![CDATA[3269]]></id_tag>
<id_lang><![CDATA[1]]></id_lang>
</product_tag>
<product_tag><id_product><![CDATA[1366]]></id_product>
<id_tag><![CDATA[3269]]></id_tag>
<id_lang><![CDATA[1]]></id_lang>
</product_tag>
<product_tag><id_product><![CDATA[1367]]></id_product>
<id_tag><![CDATA[3269]]></id_tag>
<id_lang><![CDATA[1]]></id_lang>
</product_tag>
<product_tag><id_product><![CDATA[1368]]></id_product>
<id_tag><![CDATA[3269]]></id_tag>
<id_lang><![CDATA[1]]></id_lang>
</product_tag>
<product_tag><id_product><![CDATA[1369]]></id_product>
<id_tag><![CDATA[3269]]></id_tag>
<id_lang><![CDATA[1]]></id_lang>
</product_tag>
<product_tag><id_product><![CDATA[1370]]></id_product>
<id_tag><![CDATA[3269]]></id_tag>
<id_lang><![CDATA[1]]></id_lang>
</product_tag>
<product_tag><id_product><![CDATA[1371]]></id_product>
<id_tag><![CDATA[3269]]></id_tag>
<id_lang><![CDATA[1]]></id_lang>
</product_tag>
<product_tag><id_product><![CDATA[1372]]></id_product>
<id_tag><![CDATA[3269]]></id_tag>
<id_lang><![CDATA[1]]></id_lang>
</product_tag>
<product_tag><id_product><![CDATA[1373]]></id_product>
<id_tag><![CDATA[3269]]></id_tag>
<id_lang><![CDATA[1]]></id_lang>
</product_tag>
<product_tag><id_product><![CDATA[1374]]></id_product>
<id_tag><![CDATA[3269]]></id_tag>
<id_lang><![CDATA[1]]></id_lang>
</product_tag>
<product_tag><id_product><![CDATA[1375]]></id_product>
<id_tag><![CDATA[3269]]></id_tag>
<id_lang><![CDATA[1]]></id_lang>
</product_tag>
<product_tag><id_product><![CDATA[1376]]></id_product>
<id_tag><![CDATA[3269]]></id_tag>
<id_lang><![CDATA[1]]></id_lang>
</product_tag>
<product_tag><id_product><![CDATA[1377]]></id_product>
<id_tag><![CDATA[3269]]></id_tag>
<id_lang><![CDATA[1]]></id_lang>
</product_tag>
<product_tag><id_product><![CDATA[1378]]></id_product>
<id_tag><![CDATA[3269]]></id_tag>
<id_lang><![CDATA[1]]></id_lang>
</product_tag>
<product_tag><id_product><![CDATA[1379]]></id_product>
<id_tag><![CDATA[3269]]></id_tag>
<id_lang><![CDATA[1]]></id_lang>
</product_tag>
<product_tag><id_product><![CDATA[1380]]></id_product>
<id_tag><![CDATA[3269]]></id_tag>
<id_lang><![CDATA[1]]></id_lang>
</product_tag>
<product_tag><id_product><![CDATA[1381]]></id_product>
<id_tag><![CDATA[3269]]></id_tag>
<id_lang><![CDATA[1]]></id_lang>
</product_tag>
<product_tag><id_product><![CDATA[1382]]></id_product>
<id_tag><![CDATA[3269]]></id_tag>
<id_lang><![CDATA[1]]></id_lang>
</product_tag>
<product_tag><id_product><![CDATA[1383]]></id_product>
<id_tag><![CDATA[3269]]></id_tag>
<id_lang><![CDATA[1]]></id_lang>
</product_tag>
<product_tag><id_product><![CDATA[1384]]></id_product>
<id_tag><![CDATA[3269]]></id_tag>
<id_lang><![CDATA[1]]></id_lang>
</product_tag>
<product_tag><id_product><![CDATA[1385]]></id_product>
<id_tag><![CDATA[3269]]></id_tag>
<id_lang><![CDATA[1]]></id_lang>
</product_tag>
<product_tag><id_product><![CDATA[1386]]></id_product>
<id_tag><![CDATA[3269]]></id_tag>
<id_lang><![CDATA[1]]></id_lang>
</product_tag>
<product_tag><id_product><![CDATA[1387]]></id_product>
<id_tag><![CDATA[3269]]></id_tag>
<id_lang><![CDATA[1]]></id_lang>
</product_tag>
<product_tag><id_product><![CDATA[1388]]></id_product>
<id_tag><![CDATA[3269]]></id_tag>
<id_lang><![CDATA[1]]></id_lang>
</product_tag>
<product_tag><id_product><![CDATA[1389]]></id_product>
<id_tag><![CDATA[3269]]></id_tag>
<id_lang><![CDATA[1]]></id_lang>
</product_tag>
<product_tag><id_product><![CDATA[1390]]></id_product>
<id_tag><![CDATA[3269]]></id_tag>
<id_lang><![CDATA[1]]></id_lang>
</product_tag>
<product_tag><id_product><![CDATA[1391]]></id_product>
<id_tag><![CDATA[3269]]></id_tag>
<id_lang><![CDATA[1]]></id_lang>
</product_tag>
<product_tag><id_product><![CDATA[1392]]></id_product>
<id_tag><![CDATA[3269]]></id_tag>
<id_lang><![CDATA[1]]></id_lang>
</product_tag>
<product_tag><id_product><![CDATA[1393]]></id_product>
<id_tag><![CDATA[3269]]></id_tag>
<id_lang><![CDATA[1]]></id_lang>
</product_tag>
<product_tag><id_product><![CDATA[1394]]></id_product>
<id_tag><![CDATA[3269]]></id_tag>
<id_lang><![CDATA[1]]></id_lang>
</product_tag>
<product_tag><id_product><![CDATA[1395]]></id_product>
<id_tag><![CDATA[3269]]></id_tag>
<id_lang><![CDATA[1]]></id_lang>
</product_tag>
<product_tag><id_product><![CDATA[1396]]></id_product>
<id_tag><![CDATA[3269]]></id_tag>
<id_lang><![CDATA[1]]></id_lang>
</product_tag>
<product_tag><id_product><![CDATA[1397]]></id_product>
<id_tag><![CDATA[3269]]></id_tag>
<id_lang><![CDATA[1]]></id_lang>
</product_tag>
<product_tag><id_product><![CDATA[1398]]></id_product>
<id_tag><![CDATA[3269]]></id_tag>
<id_lang><![CDATA[1]]></id_lang>
</product_tag>
<product_tag><id_product><![CDATA[1399]]></id_product>
<id_tag><![CDATA[3269]]></id_tag>
<id_lang><![CDATA[1]]></id_lang>
</product_tag>
<product_tag><id_product><![CDATA[1400]]></id_product>
<id_tag><![CDATA[3269]]></id_tag>
<id_lang><![CDATA[1]]></id_lang>
</product_tag>
<product_tag><id_product><![CDATA[1401]]></id_product>
<id_tag><![CDATA[3269]]></id_tag>
<id_lang><![CDATA[1]]></id_lang>
</product_tag>
<product_tag><id_product><![CDATA[1402]]></id_product>
<id_tag><![CDATA[3269]]></id_tag>
<id_lang><![CDATA[1]]></id_lang>
</product_tag>
<product_tag><id_product><![CDATA[1415]]></id_product>
<id_tag><![CDATA[3269]]></id_tag>
<id_lang><![CDATA[1]]></id_lang>
</product_tag>
<product_tag><id_product><![CDATA[1436]]></id_product>
<id_tag><![CDATA[3269]]></id_tag>
<id_lang><![CDATA[1]]></id_lang>
</product_tag>
<product_tag><id_product><![CDATA[1437]]></id_product>
<id_tag><![CDATA[3269]]></id_tag>
<id_lang><![CDATA[1]]></id_lang>
</product_tag>
<product_tag><id_product><![CDATA[1438]]></id_product>
<id_tag><![CDATA[3269]]></id_tag>
<id_lang><![CDATA[1]]></id_lang>
</product_tag>
<product_tag><id_product><![CDATA[1439]]></id_product>
<id_tag><![CDATA[3269]]></id_tag>
<id_lang><![CDATA[1]]></id_lang>
</product_tag>
<product_tag><id_product><![CDATA[1440]]></id_product>
<id_tag><![CDATA[3269]]></id_tag>
<id_lang><![CDATA[1]]></id_lang>
</product_tag>
<product_tag><id_product><![CDATA[1441]]></id_product>
<id_tag><![CDATA[3269]]></id_tag>
<id_lang><![CDATA[1]]></id_lang>
</product_tag>
<product_tag><id_product><![CDATA[1442]]></id_product>
<id_tag><![CDATA[3269]]></id_tag>
<id_lang><![CDATA[1]]></id_lang>
</product_tag>
<product_tag><id_product><![CDATA[1443]]></id_product>
<id_tag><![CDATA[3269]]></id_tag>
<id_lang><![CDATA[1]]></id_lang>
</product_tag>
<product_tag><id_product><![CDATA[1444]]></id_product>
<id_tag><![CDATA[3269]]></id_tag>
<id_lang><![CDATA[1]]></id_lang>
</product_tag>
<product_tag><id_product><![CDATA[1445]]></id_product>
<id_tag><![CDATA[3269]]></id_tag>
<id_lang><![CDATA[1]]></id_lang>
</product_tag>
<product_tag><id_product><![CDATA[1447]]></id_product>
<id_tag><![CDATA[3269]]></id_tag>
<id_lang><![CDATA[1]]></id_lang>
</product_tag>
<product_tag><id_product><![CDATA[1448]]></id_product>
<id_tag><![CDATA[3269]]></id_tag>
<id_lang><![CDATA[1]]></id_lang>
</product_tag>
<product_tag><id_product><![CDATA[1449]]></id_product>
<id_tag><![CDATA[3269]]></id_tag>
<id_lang><![CDATA[1]]></id_lang>
</product_tag>
<product_tag><id_product><![CDATA[1450]]></id_product>
<id_tag><![CDATA[3269]]></id_tag>
<id_lang><![CDATA[1]]></id_lang>
</product_tag>
<product_tag><id_product><![CDATA[1451]]></id_product>
<id_tag><![CDATA[3269]]></id_tag>
<id_lang><![CDATA[1]]></id_lang>
</product_tag>
<product_tag><id_product><![CDATA[1452]]></id_product>
<id_tag><![CDATA[3269]]></id_tag>
<id_lang><![CDATA[1]]></id_lang>
</product_tag>
<product_tag><id_product><![CDATA[1453]]></id_product>
<id_tag><![CDATA[3269]]></id_tag>
<id_lang><![CDATA[1]]></id_lang>
</product_tag>
<product_tag><id_product><![CDATA[1454]]></id_product>
<id_tag><![CDATA[3269]]></id_tag>
<id_lang><![CDATA[1]]></id_lang>
</product_tag>
<product_tag><id_product><![CDATA[1455]]></id_product>
<id_tag><![CDATA[3269]]></id_tag>
<id_lang><![CDATA[1]]></id_lang>
</product_tag>
<product_tag><id_product><![CDATA[1456]]></id_product>
<id_tag><![CDATA[3269]]></id_tag>
<id_lang><![CDATA[1]]></id_lang>
</product_tag>
<product_tag><id_product><![CDATA[1457]]></id_product>
<id_tag><![CDATA[3269]]></id_tag>
<id_lang><![CDATA[1]]></id_lang>
</product_tag>
<product_tag><id_product><![CDATA[1496]]></id_product>
<id_tag><![CDATA[3269]]></id_tag>
<id_lang><![CDATA[1]]></id_lang>
</product_tag>
<product_tag><id_product><![CDATA[1497]]></id_product>
<id_tag><![CDATA[3269]]></id_tag>
<id_lang><![CDATA[1]]></id_lang>
</product_tag>
<product_tag><id_product><![CDATA[1498]]></id_product>
<id_tag><![CDATA[3269]]></id_tag>
<id_lang><![CDATA[1]]></id_lang>
</product_tag>
<product_tag><id_product><![CDATA[1499]]></id_product>
<id_tag><![CDATA[3269]]></id_tag>
<id_lang><![CDATA[1]]></id_lang>
</product_tag>
<product_tag><id_product><![CDATA[1512]]></id_product>
<id_tag><![CDATA[3269]]></id_tag>
<id_lang><![CDATA[1]]></id_lang>
</product_tag>
<product_tag><id_product><![CDATA[1513]]></id_product>
<id_tag><![CDATA[3269]]></id_tag>
<id_lang><![CDATA[1]]></id_lang>
</product_tag>
<product_tag><id_product><![CDATA[1514]]></id_product>
<id_tag><![CDATA[3269]]></id_tag>
<id_lang><![CDATA[1]]></id_lang>
</product_tag>
<product_tag><id_product><![CDATA[1515]]></id_product>
<id_tag><![CDATA[3269]]></id_tag>
<id_lang><![CDATA[1]]></id_lang>
</product_tag>
<product_tag><id_product><![CDATA[1516]]></id_product>
<id_tag><![CDATA[3269]]></id_tag>
<id_lang><![CDATA[1]]></id_lang>
</product_tag>
<product_tag><id_product><![CDATA[1518]]></id_product>
<id_tag><![CDATA[3269]]></id_tag>
<id_lang><![CDATA[1]]></id_lang>
</product_tag>
<product_tag><id_product><![CDATA[1519]]></id_product>
<id_tag><![CDATA[3269]]></id_tag>
<id_lang><![CDATA[1]]></id_lang>
</product_tag>
<product_tag><id_product><![CDATA[1520]]></id_product>
<id_tag><![CDATA[3269]]></id_tag>
<id_lang><![CDATA[1]]></id_lang>
</product_tag>
<product_tag><id_product><![CDATA[1521]]></id_product>
<id_tag><![CDATA[3269]]></id_tag>
<id_lang><![CDATA[1]]></id_lang>
</product_tag>
<product_tag><id_product><![CDATA[1522]]></id_product>
<id_tag><![CDATA[3269]]></id_tag>
<id_lang><![CDATA[1]]></id_lang>
</product_tag>
<product_tag><id_product><![CDATA[1523]]></id_product>
<id_tag><![CDATA[3269]]></id_tag>
<id_lang><![CDATA[1]]></id_lang>
</product_tag>
<product_tag><id_product><![CDATA[1525]]></id_product>
<id_tag><![CDATA[3269]]></id_tag>
<id_lang><![CDATA[1]]></id_lang>
</product_tag>
<product_tag><id_product><![CDATA[1526]]></id_product>
<id_tag><![CDATA[3269]]></id_tag>
<id_lang><![CDATA[1]]></id_lang>
</product_tag>
<product_tag><id_product><![CDATA[1527]]></id_product>
<id_tag><![CDATA[3269]]></id_tag>
<id_lang><![CDATA[1]]></id_lang>
</product_tag>
<product_tag><id_product><![CDATA[1528]]></id_product>
<id_tag><![CDATA[3269]]></id_tag>
<id_lang><![CDATA[1]]></id_lang>
</product_tag>
<product_tag><id_product><![CDATA[1530]]></id_product>
<id_tag><![CDATA[3269]]></id_tag>
<id_lang><![CDATA[1]]></id_lang>
</product_tag>
<product_tag><id_product><![CDATA[1531]]></id_product>
<id_tag><![CDATA[3269]]></id_tag>
<id_lang><![CDATA[1]]></id_lang>
</product_tag>
<product_tag><id_product><![CDATA[1562]]></id_product>
<id_tag><![CDATA[3269]]></id_tag>
<id_lang><![CDATA[1]]></id_lang>
</product_tag>
<product_tag><id_product><![CDATA[1563]]></id_product>
<id_tag><![CDATA[3269]]></id_tag>
<id_lang><![CDATA[1]]></id_lang>
</product_tag>
<product_tag><id_product><![CDATA[1564]]></id_product>
<id_tag><![CDATA[3269]]></id_tag>
<id_lang><![CDATA[1]]></id_lang>
</product_tag>
<product_tag><id_product><![CDATA[1565]]></id_product>
<id_tag><![CDATA[3269]]></id_tag>
<id_lang><![CDATA[1]]></id_lang>
</product_tag>
<product_tag><id_product><![CDATA[1566]]></id_product>
<id_tag><![CDATA[3269]]></id_tag>
<id_lang><![CDATA[1]]></id_lang>
</product_tag>
<product_tag><id_product><![CDATA[1567]]></id_product>
<id_tag><![CDATA[3269]]></id_tag>
<id_lang><![CDATA[1]]></id_lang>
</product_tag>
<product_tag><id_product><![CDATA[1568]]></id_product>
<id_tag><![CDATA[3269]]></id_tag>
<id_lang><![CDATA[1]]></id_lang>
</product_tag>
<product_tag><id_product><![CDATA[1569]]></id_product>
<id_tag><![CDATA[3269]]></id_tag>
<id_lang><![CDATA[1]]></id_lang>
</product_tag>
<product_tag><id_product><![CDATA[1570]]></id_product>
<id_tag><![CDATA[3269]]></id_tag>
<id_lang><![CDATA[1]]></id_lang>
</product_tag>
<product_tag><id_product><![CDATA[1571]]></id_product>
<id_tag><![CDATA[3269]]></id_tag>
<id_lang><![CDATA[1]]></id_lang>
</product_tag>
<product_tag><id_product><![CDATA[1572]]></id_product>
<id_tag><![CDATA[3269]]></id_tag>
<id_lang><![CDATA[1]]></id_lang>
</product_tag>
<product_tag><id_product><![CDATA[1573]]></id_product>
<id_tag><![CDATA[3269]]></id_tag>
<id_lang><![CDATA[1]]></id_lang>
</product_tag>
<product_tag><id_product><![CDATA[1574]]></id_product>
<id_tag><![CDATA[3269]]></id_tag>
<id_lang><![CDATA[1]]></id_lang>
</product_tag>
<product_tag><id_product><![CDATA[1575]]></id_product>
<id_tag><![CDATA[3269]]></id_tag>
<id_lang><![CDATA[1]]></id_lang>
</product_tag>
<product_tag><id_product><![CDATA[1576]]></id_product>
<id_tag><![CDATA[3269]]></id_tag>
<id_lang><![CDATA[1]]></id_lang>
</product_tag>
<product_tag><id_product><![CDATA[1577]]></id_product>
<id_tag><![CDATA[3269]]></id_tag>
<id_lang><![CDATA[1]]></id_lang>
</product_tag>
<product_tag><id_product><![CDATA[1578]]></id_product>
<id_tag><![CDATA[3269]]></id_tag>
<id_lang><![CDATA[1]]></id_lang>
</product_tag>
<product_tag><id_product><![CDATA[1579]]></id_product>
<id_tag><![CDATA[3269]]></id_tag>
<id_lang><![CDATA[1]]></id_lang>
</product_tag>
<product_tag><id_product><![CDATA[1580]]></id_product>
<id_tag><![CDATA[3269]]></id_tag>
<id_lang><![CDATA[1]]></id_lang>
</product_tag>
<product_tag><id_product><![CDATA[1611]]></id_product>
<id_tag><![CDATA[3269]]></id_tag>
<id_lang><![CDATA[1]]></id_lang>
</product_tag>
<product_tag><id_product><![CDATA[1612]]></id_product>
<id_tag><![CDATA[3269]]></id_tag>
<id_lang><![CDATA[1]]></id_lang>
</product_tag>
<product_tag><id_product><![CDATA[1613]]></id_product>
<id_tag><![CDATA[3269]]></id_tag>
<id_lang><![CDATA[1]]></id_lang>
</product_tag>
<product_tag><id_product><![CDATA[1614]]></id_product>
<id_tag><![CDATA[3269]]></id_tag>
<id_lang><![CDATA[1]]></id_lang>
</product_tag>
<product_tag><id_product><![CDATA[1615]]></id_product>
<id_tag><![CDATA[3269]]></id_tag>
<id_lang><![CDATA[1]]></id_lang>
</product_tag>
<product_tag><id_product><![CDATA[1616]]></id_product>
<id_tag><![CDATA[3269]]></id_tag>
<id_lang><![CDATA[1]]></id_lang>
</product_tag>
<product_tag><id_product><![CDATA[1617]]></id_product>
<id_tag><![CDATA[3269]]></id_tag>
<id_lang><![CDATA[1]]></id_lang>
</product_tag>
<product_tag><id_product><![CDATA[1618]]></id_product>
<id_tag><![CDATA[3269]]></id_tag>
<id_lang><![CDATA[1]]></id_lang>
</product_tag>
<product_tag><id_product><![CDATA[1619]]></id_product>
<id_tag><![CDATA[3269]]></id_tag>
<id_lang><![CDATA[1]]></id_lang>
</product_tag>
<product_tag><id_product><![CDATA[1620]]></id_product>
<id_tag><![CDATA[3269]]></id_tag>
<id_lang><![CDATA[1]]></id_lang>
</product_tag>
<product_tag><id_product><![CDATA[1621]]></id_product>
<id_tag><![CDATA[3269]]></id_tag>
<id_lang><![CDATA[1]]></id_lang>
</product_tag>
<product_tag><id_product><![CDATA[1622]]></id_product>
<id_tag><![CDATA[3269]]></id_tag>
<id_lang><![CDATA[1]]></id_lang>
</product_tag>
<product_tag><id_product><![CDATA[1623]]></id_product>
<id_tag><![CDATA[3269]]></id_tag>
<id_lang><![CDATA[1]]></id_lang>
</product_tag>
<product_tag><id_product><![CDATA[1624]]></id_product>
<id_tag><![CDATA[3269]]></id_tag>
<id_lang><![CDATA[1]]></id_lang>
</product_tag>
<product_tag><id_product><![CDATA[1625]]></id_product>
<id_tag><![CDATA[3269]]></id_tag>
<id_lang><![CDATA[1]]></id_lang>
</product_tag>
<product_tag><id_product><![CDATA[1626]]></id_product>
<id_tag><![CDATA[3269]]></id_tag>
<id_lang><![CDATA[1]]></id_lang>
</product_tag>
<product_tag><id_product><![CDATA[1627]]></id_product>
<id_tag><![CDATA[3269]]></id_tag>
<id_lang><![CDATA[1]]></id_lang>
</product_tag>
<product_tag><id_product><![CDATA[1628]]></id_product>
<id_tag><![CDATA[3269]]></id_tag>
<id_lang><![CDATA[1]]></id_lang>
</product_tag>
<product_tag><id_product><![CDATA[1629]]></id_product>
<id_tag><![CDATA[3269]]></id_tag>
<id_lang><![CDATA[1]]></id_lang>
</product_tag>
<product_tag><id_product><![CDATA[1630]]></id_product>
<id_tag><![CDATA[3269]]></id_tag>
<id_lang><![CDATA[1]]></id_lang>
</product_tag>
<product_tag><id_product><![CDATA[1631]]></id_product>
<id_tag><![CDATA[3269]]></id_tag>
<id_lang><![CDATA[1]]></id_lang>
</product_tag>
<product_tag><id_product><![CDATA[1632]]></id_product>
<id_tag><![CDATA[3269]]></id_tag>
<id_lang><![CDATA[1]]></id_lang>
</product_tag>
<product_tag><id_product><![CDATA[1633]]></id_product>
<id_tag><![CDATA[3269]]></id_tag>
<id_lang><![CDATA[1]]></id_lang>
</product_tag>
<product_tag><id_product><![CDATA[1634]]></id_product>
<id_tag><![CDATA[3269]]></id_tag>
<id_lang><![CDATA[1]]></id_lang>
</product_tag>
<product_tag><id_product><![CDATA[1635]]></id_product>
<id_tag><![CDATA[3269]]></id_tag>
<id_lang><![CDATA[1]]></id_lang>
</product_tag>
<product_tag><id_product><![CDATA[1636]]></id_product>
<id_tag><![CDATA[3269]]></id_tag>
<id_lang><![CDATA[1]]></id_lang>
</product_tag>
<product_tag><id_product><![CDATA[1637]]></id_product>
<id_tag><![CDATA[3269]]></id_tag>
<id_lang><![CDATA[1]]></id_lang>
</product_tag>
<product_tag><id_product><![CDATA[1638]]></id_product>
<id_tag><![CDATA[3269]]></id_tag>
<id_lang><![CDATA[1]]></id_lang>
</product_tag>
<product_tag><id_product><![CDATA[1639]]></id_product>
<id_tag><![CDATA[3269]]></id_tag>
<id_lang><![CDATA[1]]></id_lang>
</product_tag>
<product_tag><id_product><![CDATA[1640]]></id_product>
<id_tag><![CDATA[3269]]></id_tag>
<id_lang><![CDATA[1]]></id_lang>
</product_tag>
<product_tag><id_product><![CDATA[1641]]></id_product>
<id_tag><![CDATA[3269]]></id_tag>
<id_lang><![CDATA[1]]></id_lang>
</product_tag>
<product_tag><id_product><![CDATA[1642]]></id_product>
<id_tag><![CDATA[3269]]></id_tag>
<id_lang><![CDATA[1]]></id_lang>
</product_tag>
<product_tag><id_product><![CDATA[1643]]></id_product>
<id_tag><![CDATA[3269]]></id_tag>
<id_lang><![CDATA[1]]></id_lang>
</product_tag>
<product_tag><id_product><![CDATA[1644]]></id_product>
<id_tag><![CDATA[3269]]></id_tag>
<id_lang><![CDATA[1]]></id_lang>
</product_tag>
<product_tag><id_product><![CDATA[1645]]></id_product>
<id_tag><![CDATA[3269]]></id_tag>
<id_lang><![CDATA[1]]></id_lang>
</product_tag>
<product_tag><id_product><![CDATA[1646]]></id_product>
<id_tag><![CDATA[3269]]></id_tag>
<id_lang><![CDATA[1]]></id_lang>
</product_tag>
<product_tag><id_product><![CDATA[1647]]></id_product>
<id_tag><![CDATA[3269]]></id_tag>
<id_lang><![CDATA[1]]></id_lang>
</product_tag>
<product_tag><id_product><![CDATA[1648]]></id_product>
<id_tag><![CDATA[3269]]></id_tag>
<id_lang><![CDATA[1]]></id_lang>
</product_tag>
<product_tag><id_product><![CDATA[1649]]></id_product>
<id_tag><![CDATA[3269]]></id_tag>
<id_lang><![CDATA[1]]></id_lang>
</product_tag>
<product_tag><id_product><![CDATA[1689]]></id_product>
<id_tag><![CDATA[3269]]></id_tag>
<id_lang><![CDATA[1]]></id_lang>
</product_tag>
<product_tag><id_product><![CDATA[1690]]></id_product>
<id_tag><![CDATA[3269]]></id_tag>
<id_lang><![CDATA[1]]></id_lang>
</product_tag>
<product_tag><id_product><![CDATA[1734]]></id_product>
<id_tag><![CDATA[3269]]></id_tag>
<id_lang><![CDATA[1]]></id_lang>
</product_tag>
<product_tag><id_product><![CDATA[1735]]></id_product>
<id_tag><![CDATA[3269]]></id_tag>
<id_lang><![CDATA[1]]></id_lang>
</product_tag>
<product_tag><id_product><![CDATA[1737]]></id_product>
<id_tag><![CDATA[3269]]></id_tag>
<id_lang><![CDATA[1]]></id_lang>
</product_tag>
<product_tag><id_product><![CDATA[1739]]></id_product>
<id_tag><![CDATA[3269]]></id_tag>
<id_lang><![CDATA[1]]></id_lang>
</product_tag>
<product_tag><id_product><![CDATA[1744]]></id_product>
<id_tag><![CDATA[3269]]></id_tag>
<id_lang><![CDATA[1]]></id_lang>
</product_tag>
<product_tag><id_product><![CDATA[1745]]></id_product>
<id_tag><![CDATA[3269]]></id_tag>
<id_lang><![CDATA[1]]></id_lang>
</product_tag>
<product_tag><id_product><![CDATA[1746]]></id_product>
<id_tag><![CDATA[3269]]></id_tag>
<id_lang><![CDATA[1]]></id_lang>
</product_tag>
<product_tag><id_product><![CDATA[1747]]></id_product>
<id_tag><![CDATA[3269]]></id_tag>
<id_lang><![CDATA[1]]></id_lang>
</product_tag>
<product_tag><id_product><![CDATA[1748]]></id_product>
<id_tag><![CDATA[3269]]></id_tag>
<id_lang><![CDATA[1]]></id_lang>
</product_tag>
<product_tag><id_product><![CDATA[1749]]></id_product>
<id_tag><![CDATA[3269]]></id_tag>
<id_lang><![CDATA[1]]></id_lang>
</product_tag>
<product_tag><id_product><![CDATA[1750]]></id_product>
<id_tag><![CDATA[3269]]></id_tag>
<id_lang><![CDATA[1]]></id_lang>
</product_tag>
<product_tag><id_product><![CDATA[1751]]></id_product>
<id_tag><![CDATA[3269]]></id_tag>
<id_lang><![CDATA[1]]></id_lang>
</product_tag>
<product_tag><id_product><![CDATA[1752]]></id_product>
<id_tag><![CDATA[3269]]></id_tag>
<id_lang><![CDATA[1]]></id_lang>
</product_tag>
<product_tag><id_product><![CDATA[1753]]></id_product>
<id_tag><![CDATA[3269]]></id_tag>
<id_lang><![CDATA[1]]></id_lang>
</product_tag>
<product_tag><id_product><![CDATA[1754]]></id_product>
<id_tag><![CDATA[3269]]></id_tag>
<id_lang><![CDATA[1]]></id_lang>
</product_tag>
<product_tag><id_product><![CDATA[1755]]></id_product>
<id_tag><![CDATA[3269]]></id_tag>
<id_lang><![CDATA[1]]></id_lang>
</product_tag>
<product_tag><id_product><![CDATA[1756]]></id_product>
<id_tag><![CDATA[3269]]></id_tag>
<id_lang><![CDATA[1]]></id_lang>
</product_tag>
<product_tag><id_product><![CDATA[1757]]></id_product>
<id_tag><![CDATA[3269]]></id_tag>
<id_lang><![CDATA[1]]></id_lang>
</product_tag>
<product_tag><id_product><![CDATA[1758]]></id_product>
<id_tag><![CDATA[3269]]></id_tag>
<id_lang><![CDATA[1]]></id_lang>
</product_tag>
<product_tag><id_product><![CDATA[1759]]></id_product>
<id_tag><![CDATA[3269]]></id_tag>
<id_lang><![CDATA[1]]></id_lang>
</product_tag>
<product_tag><id_product><![CDATA[1760]]></id_product>
<id_tag><![CDATA[3269]]></id_tag>
<id_lang><![CDATA[1]]></id_lang>
</product_tag>
<product_tag><id_product><![CDATA[1761]]></id_product>
<id_tag><![CDATA[3269]]></id_tag>
<id_lang><![CDATA[1]]></id_lang>
</product_tag>
<product_tag><id_product><![CDATA[1762]]></id_product>
<id_tag><![CDATA[3269]]></id_tag>
<id_lang><![CDATA[1]]></id_lang>
</product_tag>
<product_tag><id_product><![CDATA[1763]]></id_product>
<id_tag><![CDATA[3269]]></id_tag>
<id_lang><![CDATA[1]]></id_lang>
</product_tag>
<product_tag><id_product><![CDATA[1764]]></id_product>
<id_tag><![CDATA[3269]]></id_tag>
<id_lang><![CDATA[1]]></id_lang>
</product_tag>
<product_tag><id_product><![CDATA[1765]]></id_product>
<id_tag><![CDATA[3269]]></id_tag>
<id_lang><![CDATA[1]]></id_lang>
</product_tag>
<product_tag><id_product><![CDATA[1771]]></id_product>
<id_tag><![CDATA[3269]]></id_tag>
<id_lang><![CDATA[1]]></id_lang>
</product_tag>
<product_tag><id_product><![CDATA[1772]]></id_product>
<id_tag><![CDATA[3269]]></id_tag>
<id_lang><![CDATA[1]]></id_lang>
</product_tag>
<product_tag><id_product><![CDATA[1773]]></id_product>
<id_tag><![CDATA[3269]]></id_tag>
<id_lang><![CDATA[1]]></id_lang>
</product_tag>
<product_tag><id_product><![CDATA[1774]]></id_product>
<id_tag><![CDATA[3269]]></id_tag>
<id_lang><![CDATA[1]]></id_lang>
</product_tag>
<product_tag><id_product><![CDATA[1775]]></id_product>
<id_tag><![CDATA[3269]]></id_tag>
<id_lang><![CDATA[1]]></id_lang>
</product_tag>
<product_tag><id_product><![CDATA[1776]]></id_product>
<id_tag><![CDATA[3269]]></id_tag>
<id_lang><![CDATA[1]]></id_lang>
</product_tag>
<product_tag><id_product><![CDATA[1777]]></id_product>
<id_tag><![CDATA[3269]]></id_tag>
<id_lang><![CDATA[1]]></id_lang>
</product_tag>
<product_tag><id_product><![CDATA[1778]]></id_product>
<id_tag><![CDATA[3269]]></id_tag>
<id_lang><![CDATA[1]]></id_lang>
</product_tag>
<product_tag><id_product><![CDATA[1779]]></id_product>
<id_tag><![CDATA[3269]]></id_tag>
<id_lang><![CDATA[1]]></id_lang>
</product_tag>
<product_tag><id_product><![CDATA[1780]]></id_product>
<id_tag><![CDATA[3269]]></id_tag>
<id_lang><![CDATA[1]]></id_lang>
</product_tag>
<product_tag><id_product><![CDATA[1781]]></id_product>
<id_tag><![CDATA[3269]]></id_tag>
<id_lang><![CDATA[1]]></id_lang>
</product_tag>
<product_tag><id_product><![CDATA[1782]]></id_product>
<id_tag><![CDATA[3269]]></id_tag>
<id_lang><![CDATA[1]]></id_lang>
</product_tag>
<product_tag><id_product><![CDATA[1783]]></id_product>
<id_tag><![CDATA[3269]]></id_tag>
<id_lang><![CDATA[1]]></id_lang>
</product_tag>
<product_tag><id_product><![CDATA[1784]]></id_product>
<id_tag><![CDATA[3269]]></id_tag>
<id_lang><![CDATA[1]]></id_lang>
</product_tag>
<product_tag><id_product><![CDATA[1785]]></id_product>
<id_tag><![CDATA[3269]]></id_tag>
<id_lang><![CDATA[1]]></id_lang>
</product_tag>
<product_tag><id_product><![CDATA[1786]]></id_product>
<id_tag><![CDATA[3269]]></id_tag>
<id_lang><![CDATA[1]]></id_lang>
</product_tag>
<product_tag><id_product><![CDATA[1787]]></id_product>
<id_tag><![CDATA[3269]]></id_tag>
<id_lang><![CDATA[1]]></id_lang>
</product_tag>
<product_tag><id_product><![CDATA[1788]]></id_product>
<id_tag><![CDATA[3269]]></id_tag>
<id_lang><![CDATA[1]]></id_lang>
</product_tag>
<product_tag><id_product><![CDATA[1789]]></id_product>
<id_tag><![CDATA[3269]]></id_tag>
<id_lang><![CDATA[1]]></id_lang>
</product_tag>
<product_tag><id_product><![CDATA[1791]]></id_product>
<id_tag><![CDATA[3269]]></id_tag>
<id_lang><![CDATA[1]]></id_lang>
</product_tag>
<product_tag><id_product><![CDATA[1792]]></id_product>
<id_tag><![CDATA[3269]]></id_tag>
<id_lang><![CDATA[1]]></id_lang>
</product_tag>
<product_tag><id_product><![CDATA[1794]]></id_product>
<id_tag><![CDATA[3269]]></id_tag>
<id_lang><![CDATA[1]]></id_lang>
</product_tag>
<product_tag><id_product><![CDATA[2241]]></id_product>
<id_tag><![CDATA[3269]]></id_tag>
<id_lang><![CDATA[1]]></id_lang>
</product_tag>
<product_tag><id_product><![CDATA[2242]]></id_product>
<id_tag><![CDATA[3269]]></id_tag>
<id_lang><![CDATA[1]]></id_lang>
</product_tag>
<product_tag><id_product><![CDATA[2243]]></id_product>
<id_tag><![CDATA[3269]]></id_tag>
<id_lang><![CDATA[1]]></id_lang>
</product_tag>
<product_tag><id_product><![CDATA[2244]]></id_product>
<id_tag><![CDATA[3269]]></id_tag>
<id_lang><![CDATA[1]]></id_lang>
</product_tag>
<product_tag><id_product><![CDATA[2987]]></id_product>
<id_tag><![CDATA[3269]]></id_tag>
<id_lang><![CDATA[1]]></id_lang>
</product_tag>
<product_tag><id_product><![CDATA[2988]]></id_product>
<id_tag><![CDATA[3269]]></id_tag>
<id_lang><![CDATA[1]]></id_lang>
</product_tag>
<product_tag><id_product><![CDATA[3061]]></id_product>
<id_tag><![CDATA[3269]]></id_tag>
<id_lang><![CDATA[1]]></id_lang>
</product_tag>
<product_tag><id_product><![CDATA[3080]]></id_product>
<id_tag><![CDATA[3269]]></id_tag>
<id_lang><![CDATA[1]]></id_lang>
</product_tag>
<product_tag><id_product><![CDATA[3081]]></id_product>
<id_tag><![CDATA[3269]]></id_tag>
<id_lang><![CDATA[1]]></id_lang>
</product_tag>
<product_tag><id_product><![CDATA[3084]]></id_product>
<id_tag><![CDATA[3269]]></id_tag>
<id_lang><![CDATA[1]]></id_lang>
</product_tag>
<product_tag><id_product><![CDATA[3085]]></id_product>
<id_tag><![CDATA[3269]]></id_tag>
<id_lang><![CDATA[1]]></id_lang>
</product_tag>
<product_tag><id_product><![CDATA[3086]]></id_product>
<id_tag><![CDATA[3269]]></id_tag>
<id_lang><![CDATA[1]]></id_lang>
</product_tag>
<product_tag><id_product><![CDATA[3087]]></id_product>
<id_tag><![CDATA[3269]]></id_tag>
<id_lang><![CDATA[1]]></id_lang>
</product_tag>
<product_tag><id_product><![CDATA[3088]]></id_product>
<id_tag><![CDATA[3269]]></id_tag>
<id_lang><![CDATA[1]]></id_lang>
</product_tag>
<product_tag><id_product><![CDATA[3089]]></id_product>
<id_tag><![CDATA[3269]]></id_tag>
<id_lang><![CDATA[1]]></id_lang>
</product_tag>
<product_tag><id_product><![CDATA[3090]]></id_product>
<id_tag><![CDATA[3269]]></id_tag>
<id_lang><![CDATA[1]]></id_lang>
</product_tag>
<product_tag><id_product><![CDATA[3091]]></id_product>
<id_tag><![CDATA[3269]]></id_tag>
<id_lang><![CDATA[1]]></id_lang>
</product_tag>
<product_tag><id_product><![CDATA[3092]]></id_product>
<id_tag><![CDATA[3269]]></id_tag>
<id_lang><![CDATA[1]]></id_lang>
</product_tag>
<product_tag><id_product><![CDATA[3093]]></id_product>
<id_tag><![CDATA[3269]]></id_tag>
<id_lang><![CDATA[1]]></id_lang>
</product_tag>
<product_tag><id_product><![CDATA[3094]]></id_product>
<id_tag><![CDATA[3269]]></id_tag>
<id_lang><![CDATA[1]]></id_lang>
</product_tag>
<product_tag><id_product><![CDATA[3096]]></id_product>
<id_tag><![CDATA[3269]]></id_tag>
<id_lang><![CDATA[1]]></id_lang>
</product_tag>
<product_tag><id_product><![CDATA[3101]]></id_product>
<id_tag><![CDATA[3269]]></id_tag>
<id_lang><![CDATA[1]]></id_lang>
</product_tag>
<product_tag><id_product><![CDATA[3102]]></id_product>
<id_tag><![CDATA[3269]]></id_tag>
<id_lang><![CDATA[1]]></id_lang>
</product_tag>
<product_tag><id_product><![CDATA[3103]]></id_product>
<id_tag><![CDATA[3269]]></id_tag>
<id_lang><![CDATA[1]]></id_lang>
</product_tag>
<product_tag><id_product><![CDATA[3104]]></id_product>
<id_tag><![CDATA[3269]]></id_tag>
<id_lang><![CDATA[1]]></id_lang>
</product_tag>
<product_tag><id_product><![CDATA[3106]]></id_product>
<id_tag><![CDATA[3269]]></id_tag>
<id_lang><![CDATA[1]]></id_lang>
</product_tag>
<product_tag><id_product><![CDATA[3112]]></id_product>
<id_tag><![CDATA[3269]]></id_tag>
<id_lang><![CDATA[1]]></id_lang>
</product_tag>
<product_tag><id_product><![CDATA[3113]]></id_product>
<id_tag><![CDATA[3269]]></id_tag>
<id_lang><![CDATA[1]]></id_lang>
</product_tag>
<product_tag><id_product><![CDATA[3114]]></id_product>
<id_tag><![CDATA[3269]]></id_tag>
<id_lang><![CDATA[1]]></id_lang>
</product_tag>
<product_tag><id_product><![CDATA[3115]]></id_product>
<id_tag><![CDATA[3269]]></id_tag>
<id_lang><![CDATA[1]]></id_lang>
</product_tag>
<product_tag><id_product><![CDATA[3116]]></id_product>
<id_tag><![CDATA[3269]]></id_tag>
<id_lang><![CDATA[1]]></id_lang>
</product_tag>
<product_tag><id_product><![CDATA[3117]]></id_product>
<id_tag><![CDATA[3269]]></id_tag>
<id_lang><![CDATA[1]]></id_lang>
</product_tag>
<product_tag><id_product><![CDATA[3118]]></id_product>
<id_tag><![CDATA[3269]]></id_tag>
<id_lang><![CDATA[1]]></id_lang>
</product_tag>
<product_tag><id_product><![CDATA[3119]]></id_product>
<id_tag><![CDATA[3269]]></id_tag>
<id_lang><![CDATA[1]]></id_lang>
</product_tag>
<product_tag><id_product><![CDATA[3121]]></id_product>
<id_tag><![CDATA[3269]]></id_tag>
<id_lang><![CDATA[1]]></id_lang>
</product_tag>
<product_tag><id_product><![CDATA[3122]]></id_product>
<id_tag><![CDATA[3269]]></id_tag>
<id_lang><![CDATA[1]]></id_lang>
</product_tag>
<product_tag><id_product><![CDATA[3125]]></id_product>
<id_tag><![CDATA[3269]]></id_tag>
<id_lang><![CDATA[1]]></id_lang>
</product_tag>
<product_tag><id_product><![CDATA[3126]]></id_product>
<id_tag><![CDATA[3269]]></id_tag>
<id_lang><![CDATA[1]]></id_lang>
</product_tag>
<product_tag><id_product><![CDATA[3127]]></id_product>
<id_tag><![CDATA[3269]]></id_tag>
<id_lang><![CDATA[1]]></id_lang>
</product_tag>
<product_tag><id_product><![CDATA[3128]]></id_product>
<id_tag><![CDATA[3269]]></id_tag>
<id_lang><![CDATA[1]]></id_lang>
</product_tag>
<product_tag><id_product><![CDATA[3129]]></id_product>
<id_tag><![CDATA[3269]]></id_tag>
<id_lang><![CDATA[1]]></id_lang>
</product_tag>
<product_tag><id_product><![CDATA[3130]]></id_product>
<id_tag><![CDATA[3269]]></id_tag>
<id_lang><![CDATA[1]]></id_lang>
</product_tag>
<product_tag><id_product><![CDATA[3133]]></id_product>
<id_tag><![CDATA[3269]]></id_tag>
<id_lang><![CDATA[1]]></id_lang>
</product_tag>
<product_tag><id_product><![CDATA[4048]]></id_product>
<id_tag><![CDATA[3269]]></id_tag>
<id_lang><![CDATA[1]]></id_lang>
</product_tag>
<product_tag><id_product><![CDATA[4049]]></id_product>
<id_tag><![CDATA[3269]]></id_tag>
<id_lang><![CDATA[1]]></id_lang>
</product_tag>
<product_tag><id_product><![CDATA[4241]]></id_product>
<id_tag><![CDATA[3269]]></id_tag>
<id_lang><![CDATA[1]]></id_lang>
</product_tag>
<product_tag><id_product><![CDATA[377]]></id_product>
<id_tag><![CDATA[3270]]></id_tag>
<id_lang><![CDATA[1]]></id_lang>
</product_tag>
<product_tag><id_product><![CDATA[378]]></id_product>
<id_tag><![CDATA[3270]]></id_tag>
<id_lang><![CDATA[1]]></id_lang>
</product_tag>
<product_tag><id_product><![CDATA[379]]></id_product>
<id_tag><![CDATA[3270]]></id_tag>
<id_lang><![CDATA[1]]></id_lang>
</product_tag>
<product_tag><id_product><![CDATA[380]]></id_product>
<id_tag><![CDATA[3270]]></id_tag>
<id_lang><![CDATA[1]]></id_lang>
</product_tag>
<product_tag><id_product><![CDATA[381]]></id_product>
<id_tag><![CDATA[3270]]></id_tag>
<id_lang><![CDATA[1]]></id_lang>
</product_tag>
<product_tag><id_product><![CDATA[382]]></id_product>
<id_tag><![CDATA[3270]]></id_tag>
<id_lang><![CDATA[1]]></id_lang>
</product_tag>
<product_tag><id_product><![CDATA[383]]></id_product>
<id_tag><![CDATA[3270]]></id_tag>
<id_lang><![CDATA[1]]></id_lang>
</product_tag>
<product_tag><id_product><![CDATA[384]]></id_product>
<id_tag><![CDATA[3270]]></id_tag>
<id_lang><![CDATA[1]]></id_lang>
</product_tag>
<product_tag><id_product><![CDATA[385]]></id_product>
<id_tag><![CDATA[3270]]></id_tag>
<id_lang><![CDATA[1]]></id_lang>
</product_tag>
<product_tag><id_product><![CDATA[386]]></id_product>
<id_tag><![CDATA[3270]]></id_tag>
<id_lang><![CDATA[1]]></id_lang>
</product_tag>
<product_tag><id_product><![CDATA[387]]></id_product>
<id_tag><![CDATA[3270]]></id_tag>
<id_lang><![CDATA[1]]></id_lang>
</product_tag>
<product_tag><id_product><![CDATA[388]]></id_product>
<id_tag><![CDATA[3270]]></id_tag>
<id_lang><![CDATA[1]]></id_lang>
</product_tag>
<product_tag><id_product><![CDATA[399]]></id_product>
<id_tag><![CDATA[3270]]></id_tag>
<id_lang><![CDATA[1]]></id_lang>
</product_tag>
<product_tag><id_product><![CDATA[400]]></id_product>
<id_tag><![CDATA[3270]]></id_tag>
<id_lang><![CDATA[1]]></id_lang>
</product_tag>
<product_tag><id_product><![CDATA[401]]></id_product>
<id_tag><![CDATA[3270]]></id_tag>
<id_lang><![CDATA[1]]></id_lang>
</product_tag>
<product_tag><id_product><![CDATA[402]]></id_product>
<id_tag><![CDATA[3270]]></id_tag>
<id_lang><![CDATA[1]]></id_lang>
</product_tag>
<product_tag><id_product><![CDATA[403]]></id_product>
<id_tag><![CDATA[3270]]></id_tag>
<id_lang><![CDATA[1]]></id_lang>
</product_tag>
<product_tag><id_product><![CDATA[404]]></id_product>
<id_tag><![CDATA[3270]]></id_tag>
<id_lang><![CDATA[1]]></id_lang>
</product_tag>
<product_tag><id_product><![CDATA[406]]></id_product>
<id_tag><![CDATA[3270]]></id_tag>
<id_lang><![CDATA[1]]></id_lang>
</product_tag>
<product_tag><id_product><![CDATA[423]]></id_product>
<id_tag><![CDATA[3270]]></id_tag>
<id_lang><![CDATA[1]]></id_lang>
</product_tag>
<product_tag><id_product><![CDATA[424]]></id_product>
<id_tag><![CDATA[3270]]></id_tag>
<id_lang><![CDATA[1]]></id_lang>
</product_tag>
<product_tag><id_product><![CDATA[425]]></id_product>
<id_tag><![CDATA[3270]]></id_tag>
<id_lang><![CDATA[1]]></id_lang>
</product_tag>
<product_tag><id_product><![CDATA[426]]></id_product>
<id_tag><![CDATA[3270]]></id_tag>
<id_lang><![CDATA[1]]></id_lang>
</product_tag>
<product_tag><id_product><![CDATA[427]]></id_product>
<id_tag><![CDATA[3270]]></id_tag>
<id_lang><![CDATA[1]]></id_lang>
</product_tag>
<product_tag><id_product><![CDATA[428]]></id_product>
<id_tag><![CDATA[3270]]></id_tag>
<id_lang><![CDATA[1]]></id_lang>
</product_tag>
<product_tag><id_product><![CDATA[429]]></id_product>
<id_tag><![CDATA[3270]]></id_tag>
<id_lang><![CDATA[1]]></id_lang>
</product_tag>
<product_tag><id_product><![CDATA[430]]></id_product>
<id_tag><![CDATA[3270]]></id_tag>
<id_lang><![CDATA[1]]></id_lang>
</product_tag>
<product_tag><id_product><![CDATA[431]]></id_product>
<id_tag><![CDATA[3270]]></id_tag>
<id_lang><![CDATA[1]]></id_lang>
</product_tag>
<product_tag><id_product><![CDATA[434]]></id_product>
<id_tag><![CDATA[3270]]></id_tag>
<id_lang><![CDATA[1]]></id_lang>
</product_tag>
<product_tag><id_product><![CDATA[435]]></id_product>
<id_tag><![CDATA[3270]]></id_tag>
<id_lang><![CDATA[1]]></id_lang>
</product_tag>
<product_tag><id_product><![CDATA[436]]></id_product>
<id_tag><![CDATA[3270]]></id_tag>
<id_lang><![CDATA[1]]></id_lang>
</product_tag>
<product_tag><id_product><![CDATA[437]]></id_product>
<id_tag><![CDATA[3270]]></id_tag>
<id_lang><![CDATA[1]]></id_lang>
</product_tag>
<product_tag><id_product><![CDATA[439]]></id_product>
<id_tag><![CDATA[3270]]></id_tag>
<id_lang><![CDATA[1]]></id_lang>
</product_tag>
<product_tag><id_product><![CDATA[440]]></id_product>
<id_tag><![CDATA[3270]]></id_tag>
<id_lang><![CDATA[1]]></id_lang>
</product_tag>
<product_tag><id_product><![CDATA[442]]></id_product>
<id_tag><![CDATA[3270]]></id_tag>
<id_lang><![CDATA[1]]></id_lang>
</product_tag>
<product_tag><id_product><![CDATA[443]]></id_product>
<id_tag><![CDATA[3270]]></id_tag>
<id_lang><![CDATA[1]]></id_lang>
</product_tag>
</entity_profile>
