<?xml version="1.0" encoding="UTF-8"?>
<entity_profile>
<product_tag><id_product><![CDATA[4079]]></id_product>
<id_tag><![CDATA[8199]]></id_tag>
<id_lang><![CDATA[1]]></id_lang>
</product_tag>
<product_tag><id_product><![CDATA[148]]></id_product>
<id_tag><![CDATA[8218]]></id_tag>
<id_lang><![CDATA[1]]></id_lang>
</product_tag>
<product_tag><id_product><![CDATA[1132]]></id_product>
<id_tag><![CDATA[8219]]></id_tag>
<id_lang><![CDATA[1]]></id_lang>
</product_tag>
<product_tag><id_product><![CDATA[518]]></id_product>
<id_tag><![CDATA[8231]]></id_tag>
<id_lang><![CDATA[1]]></id_lang>
</product_tag>
<product_tag><id_product><![CDATA[4128]]></id_product>
<id_tag><![CDATA[8245]]></id_tag>
<id_lang><![CDATA[1]]></id_lang>
</product_tag>
<product_tag><id_product><![CDATA[4128]]></id_product>
<id_tag><![CDATA[8246]]></id_tag>
<id_lang><![CDATA[1]]></id_lang>
</product_tag>
<product_tag><id_product><![CDATA[331]]></id_product>
<id_tag><![CDATA[8253]]></id_tag>
<id_lang><![CDATA[1]]></id_lang>
</product_tag>
<product_tag><id_product><![CDATA[331]]></id_product>
<id_tag><![CDATA[8254]]></id_tag>
<id_lang><![CDATA[1]]></id_lang>
</product_tag>
<product_tag><id_product><![CDATA[331]]></id_product>
<id_tag><![CDATA[8255]]></id_tag>
<id_lang><![CDATA[1]]></id_lang>
</product_tag>
<product_tag><id_product><![CDATA[251]]></id_product>
<id_tag><![CDATA[8258]]></id_tag>
<id_lang><![CDATA[1]]></id_lang>
</product_tag>
<product_tag><id_product><![CDATA[785]]></id_product>
<id_tag><![CDATA[8273]]></id_tag>
<id_lang><![CDATA[1]]></id_lang>
</product_tag>
<product_tag><id_product><![CDATA[785]]></id_product>
<id_tag><![CDATA[8274]]></id_tag>
<id_lang><![CDATA[1]]></id_lang>
</product_tag>
<product_tag><id_product><![CDATA[785]]></id_product>
<id_tag><![CDATA[8275]]></id_tag>
<id_lang><![CDATA[1]]></id_lang>
</product_tag>
<product_tag><id_product><![CDATA[785]]></id_product>
<id_tag><![CDATA[8276]]></id_tag>
<id_lang><![CDATA[1]]></id_lang>
</product_tag>
<product_tag><id_product><![CDATA[933]]></id_product>
<id_tag><![CDATA[8278]]></id_tag>
<id_lang><![CDATA[1]]></id_lang>
</product_tag>
<product_tag><id_product><![CDATA[870]]></id_product>
<id_tag><![CDATA[8281]]></id_tag>
<id_lang><![CDATA[1]]></id_lang>
</product_tag>
<product_tag><id_product><![CDATA[1165]]></id_product>
<id_tag><![CDATA[8283]]></id_tag>
<id_lang><![CDATA[1]]></id_lang>
</product_tag>
<product_tag><id_product><![CDATA[454]]></id_product>
<id_tag><![CDATA[8300]]></id_tag>
<id_lang><![CDATA[1]]></id_lang>
</product_tag>
<product_tag><id_product><![CDATA[454]]></id_product>
<id_tag><![CDATA[8301]]></id_tag>
<id_lang><![CDATA[1]]></id_lang>
</product_tag>
<product_tag><id_product><![CDATA[454]]></id_product>
<id_tag><![CDATA[8302]]></id_tag>
<id_lang><![CDATA[1]]></id_lang>
</product_tag>
<product_tag><id_product><![CDATA[454]]></id_product>
<id_tag><![CDATA[8303]]></id_tag>
<id_lang><![CDATA[1]]></id_lang>
</product_tag>
<product_tag><id_product><![CDATA[455]]></id_product>
<id_tag><![CDATA[8304]]></id_tag>
<id_lang><![CDATA[1]]></id_lang>
</product_tag>
<product_tag><id_product><![CDATA[456]]></id_product>
<id_tag><![CDATA[8305]]></id_tag>
<id_lang><![CDATA[1]]></id_lang>
</product_tag>
<product_tag><id_product><![CDATA[2753]]></id_product>
<id_tag><![CDATA[8307]]></id_tag>
<id_lang><![CDATA[1]]></id_lang>
</product_tag>
<product_tag><id_product><![CDATA[2752]]></id_product>
<id_tag><![CDATA[8308]]></id_tag>
<id_lang><![CDATA[1]]></id_lang>
</product_tag>
<product_tag><id_product><![CDATA[4550]]></id_product>
<id_tag><![CDATA[8312]]></id_tag>
<id_lang><![CDATA[1]]></id_lang>
</product_tag>
<product_tag><id_product><![CDATA[4551]]></id_product>
<id_tag><![CDATA[8312]]></id_tag>
<id_lang><![CDATA[1]]></id_lang>
</product_tag>
<product_tag><id_product><![CDATA[4552]]></id_product>
<id_tag><![CDATA[8318]]></id_tag>
<id_lang><![CDATA[1]]></id_lang>
</product_tag>
<product_tag><id_product><![CDATA[4553]]></id_product>
<id_tag><![CDATA[8318]]></id_tag>
<id_lang><![CDATA[1]]></id_lang>
</product_tag>
<product_tag><id_product><![CDATA[4143]]></id_product>
<id_tag><![CDATA[8331]]></id_tag>
<id_lang><![CDATA[1]]></id_lang>
</product_tag>
<product_tag><id_product><![CDATA[4551]]></id_product>
<id_tag><![CDATA[8333]]></id_tag>
<id_lang><![CDATA[1]]></id_lang>
</product_tag>
<product_tag><id_product><![CDATA[4156]]></id_product>
<id_tag><![CDATA[8334]]></id_tag>
<id_lang><![CDATA[1]]></id_lang>
</product_tag>
<product_tag><id_product><![CDATA[834]]></id_product>
<id_tag><![CDATA[4520]]></id_tag>
<id_lang><![CDATA[3]]></id_lang>
</product_tag>
<product_tag><id_product><![CDATA[835]]></id_product>
<id_tag><![CDATA[4520]]></id_tag>
<id_lang><![CDATA[3]]></id_lang>
</product_tag>
<product_tag><id_product><![CDATA[836]]></id_product>
<id_tag><![CDATA[4520]]></id_tag>
<id_lang><![CDATA[3]]></id_lang>
</product_tag>
<product_tag><id_product><![CDATA[837]]></id_product>
<id_tag><![CDATA[4520]]></id_tag>
<id_lang><![CDATA[3]]></id_lang>
</product_tag>
<product_tag><id_product><![CDATA[838]]></id_product>
<id_tag><![CDATA[4520]]></id_tag>
<id_lang><![CDATA[3]]></id_lang>
</product_tag>
<product_tag><id_product><![CDATA[868]]></id_product>
<id_tag><![CDATA[4520]]></id_tag>
<id_lang><![CDATA[3]]></id_lang>
</product_tag>
<product_tag><id_product><![CDATA[869]]></id_product>
<id_tag><![CDATA[4520]]></id_tag>
<id_lang><![CDATA[3]]></id_lang>
</product_tag>
<product_tag><id_product><![CDATA[870]]></id_product>
<id_tag><![CDATA[4520]]></id_tag>
<id_lang><![CDATA[3]]></id_lang>
</product_tag>
<product_tag><id_product><![CDATA[871]]></id_product>
<id_tag><![CDATA[4520]]></id_tag>
<id_lang><![CDATA[3]]></id_lang>
</product_tag>
<product_tag><id_product><![CDATA[887]]></id_product>
<id_tag><![CDATA[4520]]></id_tag>
<id_lang><![CDATA[3]]></id_lang>
</product_tag>
<product_tag><id_product><![CDATA[933]]></id_product>
<id_tag><![CDATA[4520]]></id_tag>
<id_lang><![CDATA[3]]></id_lang>
</product_tag>
<product_tag><id_product><![CDATA[934]]></id_product>
<id_tag><![CDATA[4520]]></id_tag>
<id_lang><![CDATA[3]]></id_lang>
</product_tag>
<product_tag><id_product><![CDATA[948]]></id_product>
<id_tag><![CDATA[4520]]></id_tag>
<id_lang><![CDATA[3]]></id_lang>
</product_tag>
<product_tag><id_product><![CDATA[949]]></id_product>
<id_tag><![CDATA[4520]]></id_tag>
<id_lang><![CDATA[3]]></id_lang>
</product_tag>
<product_tag><id_product><![CDATA[950]]></id_product>
<id_tag><![CDATA[4520]]></id_tag>
<id_lang><![CDATA[3]]></id_lang>
</product_tag>
<product_tag><id_product><![CDATA[1052]]></id_product>
<id_tag><![CDATA[4520]]></id_tag>
<id_lang><![CDATA[3]]></id_lang>
</product_tag>
<product_tag><id_product><![CDATA[3333]]></id_product>
<id_tag><![CDATA[4520]]></id_tag>
<id_lang><![CDATA[3]]></id_lang>
</product_tag>
<product_tag><id_product><![CDATA[113]]></id_product>
<id_tag><![CDATA[4561]]></id_tag>
<id_lang><![CDATA[3]]></id_lang>
</product_tag>
<product_tag><id_product><![CDATA[638]]></id_product>
<id_tag><![CDATA[4561]]></id_tag>
<id_lang><![CDATA[3]]></id_lang>
</product_tag>
<product_tag><id_product><![CDATA[868]]></id_product>
<id_tag><![CDATA[4561]]></id_tag>
<id_lang><![CDATA[3]]></id_lang>
</product_tag>
<product_tag><id_product><![CDATA[875]]></id_product>
<id_tag><![CDATA[4561]]></id_tag>
<id_lang><![CDATA[3]]></id_lang>
</product_tag>
<product_tag><id_product><![CDATA[880]]></id_product>
<id_tag><![CDATA[4561]]></id_tag>
<id_lang><![CDATA[3]]></id_lang>
</product_tag>
<product_tag><id_product><![CDATA[897]]></id_product>
<id_tag><![CDATA[4561]]></id_tag>
<id_lang><![CDATA[3]]></id_lang>
</product_tag>
<product_tag><id_product><![CDATA[907]]></id_product>
<id_tag><![CDATA[4561]]></id_tag>
<id_lang><![CDATA[3]]></id_lang>
</product_tag>
<product_tag><id_product><![CDATA[911]]></id_product>
<id_tag><![CDATA[4561]]></id_tag>
<id_lang><![CDATA[3]]></id_lang>
</product_tag>
<product_tag><id_product><![CDATA[915]]></id_product>
<id_tag><![CDATA[4561]]></id_tag>
<id_lang><![CDATA[3]]></id_lang>
</product_tag>
<product_tag><id_product><![CDATA[938]]></id_product>
<id_tag><![CDATA[4561]]></id_tag>
<id_lang><![CDATA[3]]></id_lang>
</product_tag>
<product_tag><id_product><![CDATA[942]]></id_product>
<id_tag><![CDATA[4561]]></id_tag>
<id_lang><![CDATA[3]]></id_lang>
</product_tag>
<product_tag><id_product><![CDATA[952]]></id_product>
<id_tag><![CDATA[4561]]></id_tag>
<id_lang><![CDATA[3]]></id_lang>
</product_tag>
<product_tag><id_product><![CDATA[978]]></id_product>
<id_tag><![CDATA[4561]]></id_tag>
<id_lang><![CDATA[3]]></id_lang>
</product_tag>
<product_tag><id_product><![CDATA[1008]]></id_product>
<id_tag><![CDATA[4561]]></id_tag>
<id_lang><![CDATA[3]]></id_lang>
</product_tag>
<product_tag><id_product><![CDATA[113]]></id_product>
<id_tag><![CDATA[4562]]></id_tag>
<id_lang><![CDATA[3]]></id_lang>
</product_tag>
<product_tag><id_product><![CDATA[638]]></id_product>
<id_tag><![CDATA[4562]]></id_tag>
<id_lang><![CDATA[3]]></id_lang>
</product_tag>
<product_tag><id_product><![CDATA[868]]></id_product>
<id_tag><![CDATA[4562]]></id_tag>
<id_lang><![CDATA[3]]></id_lang>
</product_tag>
<product_tag><id_product><![CDATA[875]]></id_product>
<id_tag><![CDATA[4562]]></id_tag>
<id_lang><![CDATA[3]]></id_lang>
</product_tag>
<product_tag><id_product><![CDATA[880]]></id_product>
<id_tag><![CDATA[4562]]></id_tag>
<id_lang><![CDATA[3]]></id_lang>
</product_tag>
<product_tag><id_product><![CDATA[897]]></id_product>
<id_tag><![CDATA[4562]]></id_tag>
<id_lang><![CDATA[3]]></id_lang>
</product_tag>
<product_tag><id_product><![CDATA[907]]></id_product>
<id_tag><![CDATA[4562]]></id_tag>
<id_lang><![CDATA[3]]></id_lang>
</product_tag>
<product_tag><id_product><![CDATA[911]]></id_product>
<id_tag><![CDATA[4562]]></id_tag>
<id_lang><![CDATA[3]]></id_lang>
</product_tag>
<product_tag><id_product><![CDATA[915]]></id_product>
<id_tag><![CDATA[4562]]></id_tag>
<id_lang><![CDATA[3]]></id_lang>
</product_tag>
<product_tag><id_product><![CDATA[938]]></id_product>
<id_tag><![CDATA[4562]]></id_tag>
<id_lang><![CDATA[3]]></id_lang>
</product_tag>
<product_tag><id_product><![CDATA[942]]></id_product>
<id_tag><![CDATA[4562]]></id_tag>
<id_lang><![CDATA[3]]></id_lang>
</product_tag>
<product_tag><id_product><![CDATA[978]]></id_product>
<id_tag><![CDATA[4562]]></id_tag>
<id_lang><![CDATA[3]]></id_lang>
</product_tag>
<product_tag><id_product><![CDATA[983]]></id_product>
<id_tag><![CDATA[4562]]></id_tag>
<id_lang><![CDATA[3]]></id_lang>
</product_tag>
<product_tag><id_product><![CDATA[30]]></id_product>
<id_tag><![CDATA[4563]]></id_tag>
<id_lang><![CDATA[3]]></id_lang>
</product_tag>
<product_tag><id_product><![CDATA[40]]></id_product>
<id_tag><![CDATA[4563]]></id_tag>
<id_lang><![CDATA[3]]></id_lang>
</product_tag>
<product_tag><id_product><![CDATA[76]]></id_product>
<id_tag><![CDATA[4563]]></id_tag>
<id_lang><![CDATA[3]]></id_lang>
</product_tag>
<product_tag><id_product><![CDATA[95]]></id_product>
<id_tag><![CDATA[4563]]></id_tag>
<id_lang><![CDATA[3]]></id_lang>
</product_tag>
<product_tag><id_product><![CDATA[98]]></id_product>
<id_tag><![CDATA[4563]]></id_tag>
<id_lang><![CDATA[3]]></id_lang>
</product_tag>
<product_tag><id_product><![CDATA[107]]></id_product>
<id_tag><![CDATA[4563]]></id_tag>
<id_lang><![CDATA[3]]></id_lang>
</product_tag>
<product_tag><id_product><![CDATA[113]]></id_product>
<id_tag><![CDATA[4563]]></id_tag>
<id_lang><![CDATA[3]]></id_lang>
</product_tag>
<product_tag><id_product><![CDATA[116]]></id_product>
<id_tag><![CDATA[4563]]></id_tag>
<id_lang><![CDATA[3]]></id_lang>
</product_tag>
<product_tag><id_product><![CDATA[262]]></id_product>
<id_tag><![CDATA[4563]]></id_tag>
<id_lang><![CDATA[3]]></id_lang>
</product_tag>
<product_tag><id_product><![CDATA[290]]></id_product>
<id_tag><![CDATA[4563]]></id_tag>
<id_lang><![CDATA[3]]></id_lang>
</product_tag>
<product_tag><id_product><![CDATA[315]]></id_product>
<id_tag><![CDATA[4563]]></id_tag>
<id_lang><![CDATA[3]]></id_lang>
</product_tag>
<product_tag><id_product><![CDATA[341]]></id_product>
<id_tag><![CDATA[4563]]></id_tag>
<id_lang><![CDATA[3]]></id_lang>
</product_tag>
<product_tag><id_product><![CDATA[612]]></id_product>
<id_tag><![CDATA[4563]]></id_tag>
<id_lang><![CDATA[3]]></id_lang>
</product_tag>
<product_tag><id_product><![CDATA[615]]></id_product>
<id_tag><![CDATA[4563]]></id_tag>
<id_lang><![CDATA[3]]></id_lang>
</product_tag>
<product_tag><id_product><![CDATA[626]]></id_product>
<id_tag><![CDATA[4563]]></id_tag>
<id_lang><![CDATA[3]]></id_lang>
</product_tag>
<product_tag><id_product><![CDATA[632]]></id_product>
<id_tag><![CDATA[4563]]></id_tag>
<id_lang><![CDATA[3]]></id_lang>
</product_tag>
<product_tag><id_product><![CDATA[633]]></id_product>
<id_tag><![CDATA[4563]]></id_tag>
<id_lang><![CDATA[3]]></id_lang>
</product_tag>
<product_tag><id_product><![CDATA[636]]></id_product>
<id_tag><![CDATA[4563]]></id_tag>
<id_lang><![CDATA[3]]></id_lang>
</product_tag>
<product_tag><id_product><![CDATA[638]]></id_product>
<id_tag><![CDATA[4563]]></id_tag>
<id_lang><![CDATA[3]]></id_lang>
</product_tag>
<product_tag><id_product><![CDATA[639]]></id_product>
<id_tag><![CDATA[4563]]></id_tag>
<id_lang><![CDATA[3]]></id_lang>
</product_tag>
<product_tag><id_product><![CDATA[642]]></id_product>
<id_tag><![CDATA[4563]]></id_tag>
<id_lang><![CDATA[3]]></id_lang>
</product_tag>
<product_tag><id_product><![CDATA[653]]></id_product>
<id_tag><![CDATA[4563]]></id_tag>
<id_lang><![CDATA[3]]></id_lang>
</product_tag>
<product_tag><id_product><![CDATA[661]]></id_product>
<id_tag><![CDATA[4563]]></id_tag>
<id_lang><![CDATA[3]]></id_lang>
</product_tag>
<product_tag><id_product><![CDATA[684]]></id_product>
<id_tag><![CDATA[4563]]></id_tag>
<id_lang><![CDATA[3]]></id_lang>
</product_tag>
<product_tag><id_product><![CDATA[690]]></id_product>
<id_tag><![CDATA[4563]]></id_tag>
<id_lang><![CDATA[3]]></id_lang>
</product_tag>
<product_tag><id_product><![CDATA[691]]></id_product>
<id_tag><![CDATA[4563]]></id_tag>
<id_lang><![CDATA[3]]></id_lang>
</product_tag>
<product_tag><id_product><![CDATA[694]]></id_product>
<id_tag><![CDATA[4563]]></id_tag>
<id_lang><![CDATA[3]]></id_lang>
</product_tag>
<product_tag><id_product><![CDATA[696]]></id_product>
<id_tag><![CDATA[4563]]></id_tag>
<id_lang><![CDATA[3]]></id_lang>
</product_tag>
<product_tag><id_product><![CDATA[700]]></id_product>
<id_tag><![CDATA[4563]]></id_tag>
<id_lang><![CDATA[3]]></id_lang>
</product_tag>
<product_tag><id_product><![CDATA[705]]></id_product>
<id_tag><![CDATA[4563]]></id_tag>
<id_lang><![CDATA[3]]></id_lang>
</product_tag>
<product_tag><id_product><![CDATA[711]]></id_product>
<id_tag><![CDATA[4563]]></id_tag>
<id_lang><![CDATA[3]]></id_lang>
</product_tag>
<product_tag><id_product><![CDATA[719]]></id_product>
<id_tag><![CDATA[4563]]></id_tag>
<id_lang><![CDATA[3]]></id_lang>
</product_tag>
<product_tag><id_product><![CDATA[728]]></id_product>
<id_tag><![CDATA[4563]]></id_tag>
<id_lang><![CDATA[3]]></id_lang>
</product_tag>
<product_tag><id_product><![CDATA[742]]></id_product>
<id_tag><![CDATA[4563]]></id_tag>
<id_lang><![CDATA[3]]></id_lang>
</product_tag>
<product_tag><id_product><![CDATA[748]]></id_product>
<id_tag><![CDATA[4563]]></id_tag>
<id_lang><![CDATA[3]]></id_lang>
</product_tag>
<product_tag><id_product><![CDATA[758]]></id_product>
<id_tag><![CDATA[4563]]></id_tag>
<id_lang><![CDATA[3]]></id_lang>
</product_tag>
<product_tag><id_product><![CDATA[763]]></id_product>
<id_tag><![CDATA[4563]]></id_tag>
<id_lang><![CDATA[3]]></id_lang>
</product_tag>
<product_tag><id_product><![CDATA[799]]></id_product>
<id_tag><![CDATA[4563]]></id_tag>
<id_lang><![CDATA[3]]></id_lang>
</product_tag>
<product_tag><id_product><![CDATA[800]]></id_product>
<id_tag><![CDATA[4563]]></id_tag>
<id_lang><![CDATA[3]]></id_lang>
</product_tag>
<product_tag><id_product><![CDATA[801]]></id_product>
<id_tag><![CDATA[4563]]></id_tag>
<id_lang><![CDATA[3]]></id_lang>
</product_tag>
<product_tag><id_product><![CDATA[850]]></id_product>
<id_tag><![CDATA[4563]]></id_tag>
<id_lang><![CDATA[3]]></id_lang>
</product_tag>
<product_tag><id_product><![CDATA[868]]></id_product>
<id_tag><![CDATA[4563]]></id_tag>
<id_lang><![CDATA[3]]></id_lang>
</product_tag>
<product_tag><id_product><![CDATA[875]]></id_product>
<id_tag><![CDATA[4563]]></id_tag>
<id_lang><![CDATA[3]]></id_lang>
</product_tag>
<product_tag><id_product><![CDATA[880]]></id_product>
<id_tag><![CDATA[4563]]></id_tag>
<id_lang><![CDATA[3]]></id_lang>
</product_tag>
<product_tag><id_product><![CDATA[897]]></id_product>
<id_tag><![CDATA[4563]]></id_tag>
<id_lang><![CDATA[3]]></id_lang>
</product_tag>
<product_tag><id_product><![CDATA[907]]></id_product>
<id_tag><![CDATA[4563]]></id_tag>
<id_lang><![CDATA[3]]></id_lang>
</product_tag>
<product_tag><id_product><![CDATA[911]]></id_product>
<id_tag><![CDATA[4563]]></id_tag>
<id_lang><![CDATA[3]]></id_lang>
</product_tag>
<product_tag><id_product><![CDATA[915]]></id_product>
<id_tag><![CDATA[4563]]></id_tag>
<id_lang><![CDATA[3]]></id_lang>
</product_tag>
<product_tag><id_product><![CDATA[938]]></id_product>
<id_tag><![CDATA[4563]]></id_tag>
<id_lang><![CDATA[3]]></id_lang>
</product_tag>
<product_tag><id_product><![CDATA[942]]></id_product>
<id_tag><![CDATA[4563]]></id_tag>
<id_lang><![CDATA[3]]></id_lang>
</product_tag>
<product_tag><id_product><![CDATA[945]]></id_product>
<id_tag><![CDATA[4563]]></id_tag>
<id_lang><![CDATA[3]]></id_lang>
</product_tag>
<product_tag><id_product><![CDATA[947]]></id_product>
<id_tag><![CDATA[4563]]></id_tag>
<id_lang><![CDATA[3]]></id_lang>
</product_tag>
<product_tag><id_product><![CDATA[949]]></id_product>
<id_tag><![CDATA[4563]]></id_tag>
<id_lang><![CDATA[3]]></id_lang>
</product_tag>
<product_tag><id_product><![CDATA[952]]></id_product>
<id_tag><![CDATA[4563]]></id_tag>
<id_lang><![CDATA[3]]></id_lang>
</product_tag>
<product_tag><id_product><![CDATA[962]]></id_product>
<id_tag><![CDATA[4563]]></id_tag>
<id_lang><![CDATA[3]]></id_lang>
</product_tag>
<product_tag><id_product><![CDATA[978]]></id_product>
<id_tag><![CDATA[4563]]></id_tag>
<id_lang><![CDATA[3]]></id_lang>
</product_tag>
<product_tag><id_product><![CDATA[983]]></id_product>
<id_tag><![CDATA[4563]]></id_tag>
<id_lang><![CDATA[3]]></id_lang>
</product_tag>
<product_tag><id_product><![CDATA[988]]></id_product>
<id_tag><![CDATA[4563]]></id_tag>
<id_lang><![CDATA[3]]></id_lang>
</product_tag>
<product_tag><id_product><![CDATA[995]]></id_product>
<id_tag><![CDATA[4563]]></id_tag>
<id_lang><![CDATA[3]]></id_lang>
</product_tag>
<product_tag><id_product><![CDATA[1007]]></id_product>
<id_tag><![CDATA[4563]]></id_tag>
<id_lang><![CDATA[3]]></id_lang>
</product_tag>
<product_tag><id_product><![CDATA[1008]]></id_product>
<id_tag><![CDATA[4563]]></id_tag>
<id_lang><![CDATA[3]]></id_lang>
</product_tag>
<product_tag><id_product><![CDATA[1014]]></id_product>
<id_tag><![CDATA[4563]]></id_tag>
<id_lang><![CDATA[3]]></id_lang>
</product_tag>
<product_tag><id_product><![CDATA[1072]]></id_product>
<id_tag><![CDATA[4563]]></id_tag>
<id_lang><![CDATA[3]]></id_lang>
</product_tag>
<product_tag><id_product><![CDATA[4081]]></id_product>
<id_tag><![CDATA[4563]]></id_tag>
<id_lang><![CDATA[3]]></id_lang>
</product_tag>
<product_tag><id_product><![CDATA[4126]]></id_product>
<id_tag><![CDATA[4563]]></id_tag>
<id_lang><![CDATA[3]]></id_lang>
</product_tag>
<product_tag><id_product><![CDATA[4127]]></id_product>
<id_tag><![CDATA[4563]]></id_tag>
<id_lang><![CDATA[3]]></id_lang>
</product_tag>
<product_tag><id_product><![CDATA[4129]]></id_product>
<id_tag><![CDATA[4563]]></id_tag>
<id_lang><![CDATA[3]]></id_lang>
</product_tag>
<product_tag><id_product><![CDATA[4130]]></id_product>
<id_tag><![CDATA[4563]]></id_tag>
<id_lang><![CDATA[3]]></id_lang>
</product_tag>
<product_tag><id_product><![CDATA[4144]]></id_product>
<id_tag><![CDATA[4563]]></id_tag>
<id_lang><![CDATA[3]]></id_lang>
</product_tag>
<product_tag><id_product><![CDATA[4148]]></id_product>
<id_tag><![CDATA[4563]]></id_tag>
<id_lang><![CDATA[3]]></id_lang>
</product_tag>
<product_tag><id_product><![CDATA[4149]]></id_product>
<id_tag><![CDATA[4563]]></id_tag>
<id_lang><![CDATA[3]]></id_lang>
</product_tag>
<product_tag><id_product><![CDATA[4156]]></id_product>
<id_tag><![CDATA[4563]]></id_tag>
<id_lang><![CDATA[3]]></id_lang>
</product_tag>
<product_tag><id_product><![CDATA[4157]]></id_product>
<id_tag><![CDATA[4563]]></id_tag>
<id_lang><![CDATA[3]]></id_lang>
</product_tag>
<product_tag><id_product><![CDATA[4162]]></id_product>
<id_tag><![CDATA[4563]]></id_tag>
<id_lang><![CDATA[3]]></id_lang>
</product_tag>
<product_tag><id_product><![CDATA[4164]]></id_product>
<id_tag><![CDATA[4563]]></id_tag>
<id_lang><![CDATA[3]]></id_lang>
</product_tag>
<product_tag><id_product><![CDATA[4169]]></id_product>
<id_tag><![CDATA[4563]]></id_tag>
<id_lang><![CDATA[3]]></id_lang>
</product_tag>
<product_tag><id_product><![CDATA[4170]]></id_product>
<id_tag><![CDATA[4563]]></id_tag>
<id_lang><![CDATA[3]]></id_lang>
</product_tag>
<product_tag><id_product><![CDATA[4174]]></id_product>
<id_tag><![CDATA[4563]]></id_tag>
<id_lang><![CDATA[3]]></id_lang>
</product_tag>
<product_tag><id_product><![CDATA[358]]></id_product>
<id_tag><![CDATA[4570]]></id_tag>
<id_lang><![CDATA[3]]></id_lang>
</product_tag>
<product_tag><id_product><![CDATA[781]]></id_product>
<id_tag><![CDATA[4570]]></id_tag>
<id_lang><![CDATA[3]]></id_lang>
</product_tag>
<product_tag><id_product><![CDATA[788]]></id_product>
<id_tag><![CDATA[4570]]></id_tag>
<id_lang><![CDATA[3]]></id_lang>
</product_tag>
<product_tag><id_product><![CDATA[789]]></id_product>
<id_tag><![CDATA[4570]]></id_tag>
<id_lang><![CDATA[3]]></id_lang>
</product_tag>
<product_tag><id_product><![CDATA[793]]></id_product>
<id_tag><![CDATA[4570]]></id_tag>
<id_lang><![CDATA[3]]></id_lang>
</product_tag>
<product_tag><id_product><![CDATA[855]]></id_product>
<id_tag><![CDATA[4570]]></id_tag>
<id_lang><![CDATA[3]]></id_lang>
</product_tag>
<product_tag><id_product><![CDATA[870]]></id_product>
<id_tag><![CDATA[4570]]></id_tag>
<id_lang><![CDATA[3]]></id_lang>
</product_tag>
<product_tag><id_product><![CDATA[874]]></id_product>
<id_tag><![CDATA[4570]]></id_tag>
<id_lang><![CDATA[3]]></id_lang>
</product_tag>
<product_tag><id_product><![CDATA[878]]></id_product>
<id_tag><![CDATA[4570]]></id_tag>
<id_lang><![CDATA[3]]></id_lang>
</product_tag>
<product_tag><id_product><![CDATA[912]]></id_product>
<id_tag><![CDATA[4570]]></id_tag>
<id_lang><![CDATA[3]]></id_lang>
</product_tag>
<product_tag><id_product><![CDATA[914]]></id_product>
<id_tag><![CDATA[4570]]></id_tag>
<id_lang><![CDATA[3]]></id_lang>
</product_tag>
<product_tag><id_product><![CDATA[918]]></id_product>
<id_tag><![CDATA[4570]]></id_tag>
<id_lang><![CDATA[3]]></id_lang>
</product_tag>
<product_tag><id_product><![CDATA[968]]></id_product>
<id_tag><![CDATA[4570]]></id_tag>
<id_lang><![CDATA[3]]></id_lang>
</product_tag>
<product_tag><id_product><![CDATA[969]]></id_product>
<id_tag><![CDATA[4570]]></id_tag>
<id_lang><![CDATA[3]]></id_lang>
</product_tag>
<product_tag><id_product><![CDATA[979]]></id_product>
<id_tag><![CDATA[4570]]></id_tag>
<id_lang><![CDATA[3]]></id_lang>
</product_tag>
<product_tag><id_product><![CDATA[1002]]></id_product>
<id_tag><![CDATA[4570]]></id_tag>
<id_lang><![CDATA[3]]></id_lang>
</product_tag>
<product_tag><id_product><![CDATA[1003]]></id_product>
<id_tag><![CDATA[4570]]></id_tag>
<id_lang><![CDATA[3]]></id_lang>
</product_tag>
<product_tag><id_product><![CDATA[1004]]></id_product>
<id_tag><![CDATA[4570]]></id_tag>
<id_lang><![CDATA[3]]></id_lang>
</product_tag>
<product_tag><id_product><![CDATA[1005]]></id_product>
<id_tag><![CDATA[4570]]></id_tag>
<id_lang><![CDATA[3]]></id_lang>
</product_tag>
<product_tag><id_product><![CDATA[1069]]></id_product>
<id_tag><![CDATA[4570]]></id_tag>
<id_lang><![CDATA[3]]></id_lang>
</product_tag>
<product_tag><id_product><![CDATA[1142]]></id_product>
<id_tag><![CDATA[4570]]></id_tag>
<id_lang><![CDATA[3]]></id_lang>
</product_tag>
<product_tag><id_product><![CDATA[1143]]></id_product>
<id_tag><![CDATA[4570]]></id_tag>
<id_lang><![CDATA[3]]></id_lang>
</product_tag>
<product_tag><id_product><![CDATA[1159]]></id_product>
<id_tag><![CDATA[4570]]></id_tag>
<id_lang><![CDATA[3]]></id_lang>
</product_tag>
<product_tag><id_product><![CDATA[1496]]></id_product>
<id_tag><![CDATA[4570]]></id_tag>
<id_lang><![CDATA[3]]></id_lang>
</product_tag>
<product_tag><id_product><![CDATA[4303]]></id_product>
<id_tag><![CDATA[4570]]></id_tag>
<id_lang><![CDATA[3]]></id_lang>
</product_tag>
<product_tag><id_product><![CDATA[4304]]></id_product>
<id_tag><![CDATA[4570]]></id_tag>
<id_lang><![CDATA[3]]></id_lang>
</product_tag>
<product_tag><id_product><![CDATA[616]]></id_product>
<id_tag><![CDATA[4574]]></id_tag>
<id_lang><![CDATA[3]]></id_lang>
</product_tag>
<product_tag><id_product><![CDATA[674]]></id_product>
<id_tag><![CDATA[4574]]></id_tag>
<id_lang><![CDATA[3]]></id_lang>
</product_tag>
<product_tag><id_product><![CDATA[833]]></id_product>
<id_tag><![CDATA[4574]]></id_tag>
<id_lang><![CDATA[3]]></id_lang>
</product_tag>
<product_tag><id_product><![CDATA[871]]></id_product>
<id_tag><![CDATA[4574]]></id_tag>
<id_lang><![CDATA[3]]></id_lang>
</product_tag>
<product_tag><id_product><![CDATA[876]]></id_product>
<id_tag><![CDATA[4574]]></id_tag>
<id_lang><![CDATA[3]]></id_lang>
</product_tag>
<product_tag><id_product><![CDATA[898]]></id_product>
<id_tag><![CDATA[4574]]></id_tag>
<id_lang><![CDATA[3]]></id_lang>
</product_tag>
<product_tag><id_product><![CDATA[917]]></id_product>
<id_tag><![CDATA[4574]]></id_tag>
<id_lang><![CDATA[3]]></id_lang>
</product_tag>
<product_tag><id_product><![CDATA[943]]></id_product>
<id_tag><![CDATA[4574]]></id_tag>
<id_lang><![CDATA[3]]></id_lang>
</product_tag>
<product_tag><id_product><![CDATA[963]]></id_product>
<id_tag><![CDATA[4574]]></id_tag>
<id_lang><![CDATA[3]]></id_lang>
</product_tag>
<product_tag><id_product><![CDATA[971]]></id_product>
<id_tag><![CDATA[4574]]></id_tag>
<id_lang><![CDATA[3]]></id_lang>
</product_tag>
<product_tag><id_product><![CDATA[975]]></id_product>
<id_tag><![CDATA[4574]]></id_tag>
<id_lang><![CDATA[3]]></id_lang>
</product_tag>
<product_tag><id_product><![CDATA[985]]></id_product>
<id_tag><![CDATA[4574]]></id_tag>
<id_lang><![CDATA[3]]></id_lang>
</product_tag>
<product_tag><id_product><![CDATA[1073]]></id_product>
<id_tag><![CDATA[4574]]></id_tag>
<id_lang><![CDATA[3]]></id_lang>
</product_tag>
<product_tag><id_product><![CDATA[92]]></id_product>
<id_tag><![CDATA[4575]]></id_tag>
<id_lang><![CDATA[3]]></id_lang>
</product_tag>
<product_tag><id_product><![CDATA[101]]></id_product>
<id_tag><![CDATA[4575]]></id_tag>
<id_lang><![CDATA[3]]></id_lang>
</product_tag>
<product_tag><id_product><![CDATA[616]]></id_product>
<id_tag><![CDATA[4575]]></id_tag>
<id_lang><![CDATA[3]]></id_lang>
</product_tag>
<product_tag><id_product><![CDATA[631]]></id_product>
<id_tag><![CDATA[4575]]></id_tag>
<id_lang><![CDATA[3]]></id_lang>
</product_tag>
<product_tag><id_product><![CDATA[634]]></id_product>
<id_tag><![CDATA[4575]]></id_tag>
<id_lang><![CDATA[3]]></id_lang>
</product_tag>
<product_tag><id_product><![CDATA[674]]></id_product>
<id_tag><![CDATA[4575]]></id_tag>
<id_lang><![CDATA[3]]></id_lang>
</product_tag>
<product_tag><id_product><![CDATA[689]]></id_product>
<id_tag><![CDATA[4575]]></id_tag>
<id_lang><![CDATA[3]]></id_lang>
</product_tag>
<product_tag><id_product><![CDATA[692]]></id_product>
<id_tag><![CDATA[4575]]></id_tag>
<id_lang><![CDATA[3]]></id_lang>
</product_tag>
<product_tag><id_product><![CDATA[747]]></id_product>
<id_tag><![CDATA[4575]]></id_tag>
<id_lang><![CDATA[3]]></id_lang>
</product_tag>
<product_tag><id_product><![CDATA[833]]></id_product>
<id_tag><![CDATA[4575]]></id_tag>
<id_lang><![CDATA[3]]></id_lang>
</product_tag>
<product_tag><id_product><![CDATA[871]]></id_product>
<id_tag><![CDATA[4575]]></id_tag>
<id_lang><![CDATA[3]]></id_lang>
</product_tag>
<product_tag><id_product><![CDATA[876]]></id_product>
<id_tag><![CDATA[4575]]></id_tag>
<id_lang><![CDATA[3]]></id_lang>
</product_tag>
<product_tag><id_product><![CDATA[898]]></id_product>
<id_tag><![CDATA[4575]]></id_tag>
<id_lang><![CDATA[3]]></id_lang>
</product_tag>
<product_tag><id_product><![CDATA[917]]></id_product>
<id_tag><![CDATA[4575]]></id_tag>
<id_lang><![CDATA[3]]></id_lang>
</product_tag>
<product_tag><id_product><![CDATA[943]]></id_product>
<id_tag><![CDATA[4575]]></id_tag>
<id_lang><![CDATA[3]]></id_lang>
</product_tag>
<product_tag><id_product><![CDATA[963]]></id_product>
<id_tag><![CDATA[4575]]></id_tag>
<id_lang><![CDATA[3]]></id_lang>
</product_tag>
<product_tag><id_product><![CDATA[971]]></id_product>
<id_tag><![CDATA[4575]]></id_tag>
<id_lang><![CDATA[3]]></id_lang>
</product_tag>
<product_tag><id_product><![CDATA[975]]></id_product>
<id_tag><![CDATA[4575]]></id_tag>
<id_lang><![CDATA[3]]></id_lang>
</product_tag>
<product_tag><id_product><![CDATA[981]]></id_product>
<id_tag><![CDATA[4575]]></id_tag>
<id_lang><![CDATA[3]]></id_lang>
</product_tag>
<product_tag><id_product><![CDATA[985]]></id_product>
<id_tag><![CDATA[4575]]></id_tag>
<id_lang><![CDATA[3]]></id_lang>
</product_tag>
<product_tag><id_product><![CDATA[989]]></id_product>
<id_tag><![CDATA[4575]]></id_tag>
<id_lang><![CDATA[3]]></id_lang>
</product_tag>
<product_tag><id_product><![CDATA[998]]></id_product>
<id_tag><![CDATA[4575]]></id_tag>
<id_lang><![CDATA[3]]></id_lang>
</product_tag>
<product_tag><id_product><![CDATA[1073]]></id_product>
<id_tag><![CDATA[4575]]></id_tag>
<id_lang><![CDATA[3]]></id_lang>
</product_tag>
<product_tag><id_product><![CDATA[2542]]></id_product>
<id_tag><![CDATA[4575]]></id_tag>
<id_lang><![CDATA[3]]></id_lang>
</product_tag>
<product_tag><id_product><![CDATA[2910]]></id_product>
<id_tag><![CDATA[4575]]></id_tag>
<id_lang><![CDATA[3]]></id_lang>
</product_tag>
<product_tag><id_product><![CDATA[4145]]></id_product>
<id_tag><![CDATA[4575]]></id_tag>
<id_lang><![CDATA[3]]></id_lang>
</product_tag>
<product_tag><id_product><![CDATA[4149]]></id_product>
<id_tag><![CDATA[4575]]></id_tag>
<id_lang><![CDATA[3]]></id_lang>
</product_tag>
<product_tag><id_product><![CDATA[4170]]></id_product>
<id_tag><![CDATA[4575]]></id_tag>
<id_lang><![CDATA[3]]></id_lang>
</product_tag>
<product_tag><id_product><![CDATA[874]]></id_product>
<id_tag><![CDATA[4593]]></id_tag>
<id_lang><![CDATA[3]]></id_lang>
</product_tag>
<product_tag><id_product><![CDATA[875]]></id_product>
<id_tag><![CDATA[4593]]></id_tag>
<id_lang><![CDATA[3]]></id_lang>
</product_tag>
<product_tag><id_product><![CDATA[876]]></id_product>
<id_tag><![CDATA[4593]]></id_tag>
<id_lang><![CDATA[3]]></id_lang>
</product_tag>
<product_tag><id_product><![CDATA[877]]></id_product>
<id_tag><![CDATA[4593]]></id_tag>
<id_lang><![CDATA[3]]></id_lang>
</product_tag>
<product_tag><id_product><![CDATA[958]]></id_product>
<id_tag><![CDATA[4593]]></id_tag>
<id_lang><![CDATA[3]]></id_lang>
</product_tag>
<product_tag><id_product><![CDATA[1002]]></id_product>
<id_tag><![CDATA[4593]]></id_tag>
<id_lang><![CDATA[3]]></id_lang>
</product_tag>
<product_tag><id_product><![CDATA[1003]]></id_product>
<id_tag><![CDATA[4593]]></id_tag>
<id_lang><![CDATA[3]]></id_lang>
</product_tag>
<product_tag><id_product><![CDATA[1004]]></id_product>
<id_tag><![CDATA[4593]]></id_tag>
<id_lang><![CDATA[3]]></id_lang>
</product_tag>
<product_tag><id_product><![CDATA[1005]]></id_product>
<id_tag><![CDATA[4593]]></id_tag>
<id_lang><![CDATA[3]]></id_lang>
</product_tag>
<product_tag><id_product><![CDATA[4549]]></id_product>
<id_tag><![CDATA[4593]]></id_tag>
<id_lang><![CDATA[3]]></id_lang>
</product_tag>
<product_tag><id_product><![CDATA[358]]></id_product>
<id_tag><![CDATA[4594]]></id_tag>
<id_lang><![CDATA[3]]></id_lang>
</product_tag>
<product_tag><id_product><![CDATA[367]]></id_product>
<id_tag><![CDATA[4594]]></id_tag>
<id_lang><![CDATA[3]]></id_lang>
</product_tag>
<product_tag><id_product><![CDATA[368]]></id_product>
<id_tag><![CDATA[4594]]></id_tag>
<id_lang><![CDATA[3]]></id_lang>
</product_tag>
<product_tag><id_product><![CDATA[489]]></id_product>
<id_tag><![CDATA[4594]]></id_tag>
<id_lang><![CDATA[3]]></id_lang>
</product_tag>
<product_tag><id_product><![CDATA[502]]></id_product>
<id_tag><![CDATA[4594]]></id_tag>
<id_lang><![CDATA[3]]></id_lang>
</product_tag>
<product_tag><id_product><![CDATA[867]]></id_product>
<id_tag><![CDATA[4594]]></id_tag>
<id_lang><![CDATA[3]]></id_lang>
</product_tag>
<product_tag><id_product><![CDATA[874]]></id_product>
<id_tag><![CDATA[4594]]></id_tag>
<id_lang><![CDATA[3]]></id_lang>
</product_tag>
<product_tag><id_product><![CDATA[875]]></id_product>
<id_tag><![CDATA[4594]]></id_tag>
<id_lang><![CDATA[3]]></id_lang>
</product_tag>
<product_tag><id_product><![CDATA[876]]></id_product>
<id_tag><![CDATA[4594]]></id_tag>
<id_lang><![CDATA[3]]></id_lang>
</product_tag>
<product_tag><id_product><![CDATA[877]]></id_product>
<id_tag><![CDATA[4594]]></id_tag>
<id_lang><![CDATA[3]]></id_lang>
</product_tag>
<product_tag><id_product><![CDATA[958]]></id_product>
<id_tag><![CDATA[4594]]></id_tag>
<id_lang><![CDATA[3]]></id_lang>
</product_tag>
<product_tag><id_product><![CDATA[1002]]></id_product>
<id_tag><![CDATA[4594]]></id_tag>
<id_lang><![CDATA[3]]></id_lang>
</product_tag>
<product_tag><id_product><![CDATA[1003]]></id_product>
<id_tag><![CDATA[4594]]></id_tag>
<id_lang><![CDATA[3]]></id_lang>
</product_tag>
<product_tag><id_product><![CDATA[1004]]></id_product>
<id_tag><![CDATA[4594]]></id_tag>
<id_lang><![CDATA[3]]></id_lang>
</product_tag>
<product_tag><id_product><![CDATA[1005]]></id_product>
<id_tag><![CDATA[4594]]></id_tag>
<id_lang><![CDATA[3]]></id_lang>
</product_tag>
<product_tag><id_product><![CDATA[1132]]></id_product>
<id_tag><![CDATA[4594]]></id_tag>
<id_lang><![CDATA[3]]></id_lang>
</product_tag>
<product_tag><id_product><![CDATA[1142]]></id_product>
<id_tag><![CDATA[4594]]></id_tag>
<id_lang><![CDATA[3]]></id_lang>
</product_tag>
<product_tag><id_product><![CDATA[1143]]></id_product>
<id_tag><![CDATA[4594]]></id_tag>
<id_lang><![CDATA[3]]></id_lang>
</product_tag>
<product_tag><id_product><![CDATA[2245]]></id_product>
<id_tag><![CDATA[4594]]></id_tag>
<id_lang><![CDATA[3]]></id_lang>
</product_tag>
<product_tag><id_product><![CDATA[4303]]></id_product>
<id_tag><![CDATA[4594]]></id_tag>
<id_lang><![CDATA[3]]></id_lang>
</product_tag>
<product_tag><id_product><![CDATA[4304]]></id_product>
<id_tag><![CDATA[4594]]></id_tag>
<id_lang><![CDATA[3]]></id_lang>
</product_tag>
<product_tag><id_product><![CDATA[4549]]></id_product>
<id_tag><![CDATA[4594]]></id_tag>
<id_lang><![CDATA[3]]></id_lang>
</product_tag>
<product_tag><id_product><![CDATA[874]]></id_product>
<id_tag><![CDATA[4597]]></id_tag>
<id_lang><![CDATA[3]]></id_lang>
</product_tag>
<product_tag><id_product><![CDATA[875]]></id_product>
<id_tag><![CDATA[4597]]></id_tag>
<id_lang><![CDATA[3]]></id_lang>
</product_tag>
<product_tag><id_product><![CDATA[876]]></id_product>
<id_tag><![CDATA[4597]]></id_tag>
<id_lang><![CDATA[3]]></id_lang>
</product_tag>
<product_tag><id_product><![CDATA[877]]></id_product>
<id_tag><![CDATA[4597]]></id_tag>
<id_lang><![CDATA[3]]></id_lang>
</product_tag>
<product_tag><id_product><![CDATA[958]]></id_product>
<id_tag><![CDATA[4597]]></id_tag>
<id_lang><![CDATA[3]]></id_lang>
</product_tag>
<product_tag><id_product><![CDATA[1002]]></id_product>
<id_tag><![CDATA[4597]]></id_tag>
<id_lang><![CDATA[3]]></id_lang>
</product_tag>
<product_tag><id_product><![CDATA[1003]]></id_product>
<id_tag><![CDATA[4597]]></id_tag>
<id_lang><![CDATA[3]]></id_lang>
</product_tag>
<product_tag><id_product><![CDATA[1004]]></id_product>
<id_tag><![CDATA[4597]]></id_tag>
<id_lang><![CDATA[3]]></id_lang>
</product_tag>
<product_tag><id_product><![CDATA[1005]]></id_product>
<id_tag><![CDATA[4597]]></id_tag>
<id_lang><![CDATA[3]]></id_lang>
</product_tag>
<product_tag><id_product><![CDATA[4549]]></id_product>
<id_tag><![CDATA[4597]]></id_tag>
<id_lang><![CDATA[3]]></id_lang>
</product_tag>
<product_tag><id_product><![CDATA[85]]></id_product>
<id_tag><![CDATA[4605]]></id_tag>
<id_lang><![CDATA[3]]></id_lang>
</product_tag>
<product_tag><id_product><![CDATA[101]]></id_product>
<id_tag><![CDATA[4605]]></id_tag>
<id_lang><![CDATA[3]]></id_lang>
</product_tag>
<product_tag><id_product><![CDATA[107]]></id_product>
<id_tag><![CDATA[4605]]></id_tag>
<id_lang><![CDATA[3]]></id_lang>
</product_tag>
<product_tag><id_product><![CDATA[309]]></id_product>
<id_tag><![CDATA[4605]]></id_tag>
<id_lang><![CDATA[3]]></id_lang>
</product_tag>
<product_tag><id_product><![CDATA[610]]></id_product>
<id_tag><![CDATA[4605]]></id_tag>
<id_lang><![CDATA[3]]></id_lang>
</product_tag>
<product_tag><id_product><![CDATA[615]]></id_product>
<id_tag><![CDATA[4605]]></id_tag>
<id_lang><![CDATA[3]]></id_lang>
</product_tag>
<product_tag><id_product><![CDATA[629]]></id_product>
<id_tag><![CDATA[4605]]></id_tag>
<id_lang><![CDATA[3]]></id_lang>
</product_tag>
<product_tag><id_product><![CDATA[634]]></id_product>
<id_tag><![CDATA[4605]]></id_tag>
<id_lang><![CDATA[3]]></id_lang>
</product_tag>
<product_tag><id_product><![CDATA[635]]></id_product>
<id_tag><![CDATA[4605]]></id_tag>
<id_lang><![CDATA[3]]></id_lang>
</product_tag>
<product_tag><id_product><![CDATA[636]]></id_product>
<id_tag><![CDATA[4605]]></id_tag>
<id_lang><![CDATA[3]]></id_lang>
</product_tag>
<product_tag><id_product><![CDATA[651]]></id_product>
<id_tag><![CDATA[4605]]></id_tag>
<id_lang><![CDATA[3]]></id_lang>
</product_tag>
<product_tag><id_product><![CDATA[655]]></id_product>
<id_tag><![CDATA[4605]]></id_tag>
<id_lang><![CDATA[3]]></id_lang>
</product_tag>
<product_tag><id_product><![CDATA[687]]></id_product>
<id_tag><![CDATA[4605]]></id_tag>
<id_lang><![CDATA[3]]></id_lang>
</product_tag>
<product_tag><id_product><![CDATA[692]]></id_product>
<id_tag><![CDATA[4605]]></id_tag>
<id_lang><![CDATA[3]]></id_lang>
</product_tag>
<product_tag><id_product><![CDATA[693]]></id_product>
<id_tag><![CDATA[4605]]></id_tag>
<id_lang><![CDATA[3]]></id_lang>
</product_tag>
<product_tag><id_product><![CDATA[694]]></id_product>
<id_tag><![CDATA[4605]]></id_tag>
<id_lang><![CDATA[3]]></id_lang>
</product_tag>
<product_tag><id_product><![CDATA[696]]></id_product>
<id_tag><![CDATA[4605]]></id_tag>
<id_lang><![CDATA[3]]></id_lang>
</product_tag>
<product_tag><id_product><![CDATA[709]]></id_product>
<id_tag><![CDATA[4605]]></id_tag>
<id_lang><![CDATA[3]]></id_lang>
</product_tag>
<product_tag><id_product><![CDATA[745]]></id_product>
<id_tag><![CDATA[4605]]></id_tag>
<id_lang><![CDATA[3]]></id_lang>
</product_tag>
<product_tag><id_product><![CDATA[766]]></id_product>
<id_tag><![CDATA[4605]]></id_tag>
<id_lang><![CDATA[3]]></id_lang>
</product_tag>
<product_tag><id_product><![CDATA[767]]></id_product>
<id_tag><![CDATA[4605]]></id_tag>
<id_lang><![CDATA[3]]></id_lang>
</product_tag>
<product_tag><id_product><![CDATA[781]]></id_product>
<id_tag><![CDATA[4605]]></id_tag>
<id_lang><![CDATA[3]]></id_lang>
</product_tag>
<product_tag><id_product><![CDATA[788]]></id_product>
<id_tag><![CDATA[4605]]></id_tag>
<id_lang><![CDATA[3]]></id_lang>
</product_tag>
<product_tag><id_product><![CDATA[789]]></id_product>
<id_tag><![CDATA[4605]]></id_tag>
<id_lang><![CDATA[3]]></id_lang>
</product_tag>
<product_tag><id_product><![CDATA[793]]></id_product>
<id_tag><![CDATA[4605]]></id_tag>
<id_lang><![CDATA[3]]></id_lang>
</product_tag>
<product_tag><id_product><![CDATA[801]]></id_product>
<id_tag><![CDATA[4605]]></id_tag>
<id_lang><![CDATA[3]]></id_lang>
</product_tag>
<product_tag><id_product><![CDATA[855]]></id_product>
<id_tag><![CDATA[4605]]></id_tag>
<id_lang><![CDATA[3]]></id_lang>
</product_tag>
<product_tag><id_product><![CDATA[874]]></id_product>
<id_tag><![CDATA[4605]]></id_tag>
<id_lang><![CDATA[3]]></id_lang>
</product_tag>
<product_tag><id_product><![CDATA[878]]></id_product>
<id_tag><![CDATA[4605]]></id_tag>
<id_lang><![CDATA[3]]></id_lang>
</product_tag>
<product_tag><id_product><![CDATA[912]]></id_product>
<id_tag><![CDATA[4605]]></id_tag>
<id_lang><![CDATA[3]]></id_lang>
</product_tag>
<product_tag><id_product><![CDATA[918]]></id_product>
<id_tag><![CDATA[4605]]></id_tag>
<id_lang><![CDATA[3]]></id_lang>
</product_tag>
<product_tag><id_product><![CDATA[968]]></id_product>
<id_tag><![CDATA[4605]]></id_tag>
<id_lang><![CDATA[3]]></id_lang>
</product_tag>
<product_tag><id_product><![CDATA[969]]></id_product>
<id_tag><![CDATA[4605]]></id_tag>
<id_lang><![CDATA[3]]></id_lang>
</product_tag>
<product_tag><id_product><![CDATA[979]]></id_product>
<id_tag><![CDATA[4605]]></id_tag>
<id_lang><![CDATA[3]]></id_lang>
</product_tag>
<product_tag><id_product><![CDATA[984]]></id_product>
<id_tag><![CDATA[4605]]></id_tag>
<id_lang><![CDATA[3]]></id_lang>
</product_tag>
<product_tag><id_product><![CDATA[1002]]></id_product>
<id_tag><![CDATA[4605]]></id_tag>
<id_lang><![CDATA[3]]></id_lang>
</product_tag>
<product_tag><id_product><![CDATA[1003]]></id_product>
<id_tag><![CDATA[4605]]></id_tag>
<id_lang><![CDATA[3]]></id_lang>
</product_tag>
<product_tag><id_product><![CDATA[1004]]></id_product>
<id_tag><![CDATA[4605]]></id_tag>
<id_lang><![CDATA[3]]></id_lang>
</product_tag>
<product_tag><id_product><![CDATA[1005]]></id_product>
<id_tag><![CDATA[4605]]></id_tag>
<id_lang><![CDATA[3]]></id_lang>
</product_tag>
<product_tag><id_product><![CDATA[1059]]></id_product>
<id_tag><![CDATA[4605]]></id_tag>
<id_lang><![CDATA[3]]></id_lang>
</product_tag>
<product_tag><id_product><![CDATA[1061]]></id_product>
<id_tag><![CDATA[4605]]></id_tag>
<id_lang><![CDATA[3]]></id_lang>
</product_tag>
<product_tag><id_product><![CDATA[1063]]></id_product>
<id_tag><![CDATA[4605]]></id_tag>
<id_lang><![CDATA[3]]></id_lang>
</product_tag>
<product_tag><id_product><![CDATA[1065]]></id_product>
<id_tag><![CDATA[4605]]></id_tag>
<id_lang><![CDATA[3]]></id_lang>
</product_tag>
<product_tag><id_product><![CDATA[1068]]></id_product>
<id_tag><![CDATA[4605]]></id_tag>
<id_lang><![CDATA[3]]></id_lang>
</product_tag>
<product_tag><id_product><![CDATA[1069]]></id_product>
<id_tag><![CDATA[4605]]></id_tag>
<id_lang><![CDATA[3]]></id_lang>
</product_tag>
<product_tag><id_product><![CDATA[3055]]></id_product>
<id_tag><![CDATA[4605]]></id_tag>
<id_lang><![CDATA[3]]></id_lang>
</product_tag>
<product_tag><id_product><![CDATA[4081]]></id_product>
<id_tag><![CDATA[4605]]></id_tag>
<id_lang><![CDATA[3]]></id_lang>
</product_tag>
<product_tag><id_product><![CDATA[781]]></id_product>
<id_tag><![CDATA[4606]]></id_tag>
<id_lang><![CDATA[3]]></id_lang>
</product_tag>
<product_tag><id_product><![CDATA[788]]></id_product>
<id_tag><![CDATA[4606]]></id_tag>
<id_lang><![CDATA[3]]></id_lang>
</product_tag>
<product_tag><id_product><![CDATA[789]]></id_product>
<id_tag><![CDATA[4606]]></id_tag>
<id_lang><![CDATA[3]]></id_lang>
</product_tag>
<product_tag><id_product><![CDATA[793]]></id_product>
<id_tag><![CDATA[4606]]></id_tag>
<id_lang><![CDATA[3]]></id_lang>
</product_tag>
<product_tag><id_product><![CDATA[855]]></id_product>
<id_tag><![CDATA[4606]]></id_tag>
<id_lang><![CDATA[3]]></id_lang>
</product_tag>
<product_tag><id_product><![CDATA[874]]></id_product>
<id_tag><![CDATA[4606]]></id_tag>
<id_lang><![CDATA[3]]></id_lang>
</product_tag>
<product_tag><id_product><![CDATA[878]]></id_product>
<id_tag><![CDATA[4606]]></id_tag>
<id_lang><![CDATA[3]]></id_lang>
</product_tag>
<product_tag><id_product><![CDATA[912]]></id_product>
<id_tag><![CDATA[4606]]></id_tag>
<id_lang><![CDATA[3]]></id_lang>
</product_tag>
<product_tag><id_product><![CDATA[918]]></id_product>
<id_tag><![CDATA[4606]]></id_tag>
<id_lang><![CDATA[3]]></id_lang>
</product_tag>
<product_tag><id_product><![CDATA[968]]></id_product>
<id_tag><![CDATA[4606]]></id_tag>
<id_lang><![CDATA[3]]></id_lang>
</product_tag>
<product_tag><id_product><![CDATA[969]]></id_product>
<id_tag><![CDATA[4606]]></id_tag>
<id_lang><![CDATA[3]]></id_lang>
</product_tag>
<product_tag><id_product><![CDATA[979]]></id_product>
<id_tag><![CDATA[4606]]></id_tag>
<id_lang><![CDATA[3]]></id_lang>
</product_tag>
<product_tag><id_product><![CDATA[1002]]></id_product>
<id_tag><![CDATA[4606]]></id_tag>
<id_lang><![CDATA[3]]></id_lang>
</product_tag>
<product_tag><id_product><![CDATA[1003]]></id_product>
<id_tag><![CDATA[4606]]></id_tag>
<id_lang><![CDATA[3]]></id_lang>
</product_tag>
<product_tag><id_product><![CDATA[1004]]></id_product>
<id_tag><![CDATA[4606]]></id_tag>
<id_lang><![CDATA[3]]></id_lang>
</product_tag>
<product_tag><id_product><![CDATA[1005]]></id_product>
<id_tag><![CDATA[4606]]></id_tag>
<id_lang><![CDATA[3]]></id_lang>
</product_tag>
<product_tag><id_product><![CDATA[1069]]></id_product>
<id_tag><![CDATA[4606]]></id_tag>
<id_lang><![CDATA[3]]></id_lang>
</product_tag>
<product_tag><id_product><![CDATA[278]]></id_product>
<id_tag><![CDATA[4690]]></id_tag>
<id_lang><![CDATA[3]]></id_lang>
</product_tag>
<product_tag><id_product><![CDATA[645]]></id_product>
<id_tag><![CDATA[4690]]></id_tag>
<id_lang><![CDATA[3]]></id_lang>
</product_tag>
<product_tag><id_product><![CDATA[703]]></id_product>
<id_tag><![CDATA[4690]]></id_tag>
<id_lang><![CDATA[3]]></id_lang>
</product_tag>
<product_tag><id_product><![CDATA[869]]></id_product>
<id_tag><![CDATA[4690]]></id_tag>
<id_lang><![CDATA[3]]></id_lang>
</product_tag>
<product_tag><id_product><![CDATA[881]]></id_product>
<id_tag><![CDATA[4690]]></id_tag>
<id_lang><![CDATA[3]]></id_lang>
</product_tag>
<product_tag><id_product><![CDATA[921]]></id_product>
<id_tag><![CDATA[4690]]></id_tag>
<id_lang><![CDATA[3]]></id_lang>
</product_tag>
<product_tag><id_product><![CDATA[946]]></id_product>
<id_tag><![CDATA[4690]]></id_tag>
<id_lang><![CDATA[3]]></id_lang>
</product_tag>
<product_tag><id_product><![CDATA[960]]></id_product>
<id_tag><![CDATA[4690]]></id_tag>
<id_lang><![CDATA[3]]></id_lang>
</product_tag>
<product_tag><id_product><![CDATA[994]]></id_product>
<id_tag><![CDATA[4690]]></id_tag>
<id_lang><![CDATA[3]]></id_lang>
</product_tag>
<product_tag><id_product><![CDATA[1066]]></id_product>
<id_tag><![CDATA[4690]]></id_tag>
<id_lang><![CDATA[3]]></id_lang>
</product_tag>
<product_tag><id_product><![CDATA[1108]]></id_product>
<id_tag><![CDATA[4690]]></id_tag>
<id_lang><![CDATA[3]]></id_lang>
</product_tag>
<product_tag><id_product><![CDATA[1109]]></id_product>
<id_tag><![CDATA[4690]]></id_tag>
<id_lang><![CDATA[3]]></id_lang>
</product_tag>
<product_tag><id_product><![CDATA[1110]]></id_product>
<id_tag><![CDATA[4690]]></id_tag>
<id_lang><![CDATA[3]]></id_lang>
</product_tag>
<product_tag><id_product><![CDATA[1111]]></id_product>
<id_tag><![CDATA[4690]]></id_tag>
<id_lang><![CDATA[3]]></id_lang>
</product_tag>
<product_tag><id_product><![CDATA[1112]]></id_product>
<id_tag><![CDATA[4690]]></id_tag>
<id_lang><![CDATA[3]]></id_lang>
</product_tag>
<product_tag><id_product><![CDATA[1113]]></id_product>
<id_tag><![CDATA[4690]]></id_tag>
<id_lang><![CDATA[3]]></id_lang>
</product_tag>
<product_tag><id_product><![CDATA[1114]]></id_product>
<id_tag><![CDATA[4690]]></id_tag>
<id_lang><![CDATA[3]]></id_lang>
</product_tag>
<product_tag><id_product><![CDATA[1115]]></id_product>
<id_tag><![CDATA[4690]]></id_tag>
<id_lang><![CDATA[3]]></id_lang>
</product_tag>
<product_tag><id_product><![CDATA[1185]]></id_product>
<id_tag><![CDATA[4690]]></id_tag>
<id_lang><![CDATA[3]]></id_lang>
</product_tag>
<product_tag><id_product><![CDATA[1404]]></id_product>
<id_tag><![CDATA[4690]]></id_tag>
<id_lang><![CDATA[3]]></id_lang>
</product_tag>
<product_tag><id_product><![CDATA[1425]]></id_product>
<id_tag><![CDATA[4690]]></id_tag>
<id_lang><![CDATA[3]]></id_lang>
</product_tag>
<product_tag><id_product><![CDATA[1429]]></id_product>
<id_tag><![CDATA[4690]]></id_tag>
<id_lang><![CDATA[3]]></id_lang>
</product_tag>
<product_tag><id_product><![CDATA[1430]]></id_product>
<id_tag><![CDATA[4690]]></id_tag>
<id_lang><![CDATA[3]]></id_lang>
</product_tag>
<product_tag><id_product><![CDATA[1663]]></id_product>
<id_tag><![CDATA[4690]]></id_tag>
<id_lang><![CDATA[3]]></id_lang>
</product_tag>
<product_tag><id_product><![CDATA[3200]]></id_product>
<id_tag><![CDATA[4690]]></id_tag>
<id_lang><![CDATA[3]]></id_lang>
</product_tag>
<product_tag><id_product><![CDATA[3202]]></id_product>
<id_tag><![CDATA[4690]]></id_tag>
<id_lang><![CDATA[3]]></id_lang>
</product_tag>
<product_tag><id_product><![CDATA[278]]></id_product>
<id_tag><![CDATA[4691]]></id_tag>
<id_lang><![CDATA[3]]></id_lang>
</product_tag>
<product_tag><id_product><![CDATA[309]]></id_product>
<id_tag><![CDATA[4691]]></id_tag>
<id_lang><![CDATA[3]]></id_lang>
</product_tag>
<product_tag><id_product><![CDATA[645]]></id_product>
<id_tag><![CDATA[4691]]></id_tag>
<id_lang><![CDATA[3]]></id_lang>
</product_tag>
<product_tag><id_product><![CDATA[651]]></id_product>
<id_tag><![CDATA[4691]]></id_tag>
<id_lang><![CDATA[3]]></id_lang>
</product_tag>
<product_tag><id_product><![CDATA[703]]></id_product>
<id_tag><![CDATA[4691]]></id_tag>
<id_lang><![CDATA[3]]></id_lang>
</product_tag>
<product_tag><id_product><![CDATA[709]]></id_product>
<id_tag><![CDATA[4691]]></id_tag>
<id_lang><![CDATA[3]]></id_lang>
</product_tag>
<product_tag><id_product><![CDATA[767]]></id_product>
<id_tag><![CDATA[4691]]></id_tag>
<id_lang><![CDATA[3]]></id_lang>
</product_tag>
<product_tag><id_product><![CDATA[805]]></id_product>
<id_tag><![CDATA[4691]]></id_tag>
<id_lang><![CDATA[3]]></id_lang>
</product_tag>
<product_tag><id_product><![CDATA[807]]></id_product>
<id_tag><![CDATA[4691]]></id_tag>
<id_lang><![CDATA[3]]></id_lang>
</product_tag>
<product_tag><id_product><![CDATA[814]]></id_product>
<id_tag><![CDATA[4691]]></id_tag>
<id_lang><![CDATA[3]]></id_lang>
</product_tag>
<product_tag><id_product><![CDATA[817]]></id_product>
<id_tag><![CDATA[4691]]></id_tag>
<id_lang><![CDATA[3]]></id_lang>
</product_tag>
<product_tag><id_product><![CDATA[820]]></id_product>
<id_tag><![CDATA[4691]]></id_tag>
<id_lang><![CDATA[3]]></id_lang>
</product_tag>
<product_tag><id_product><![CDATA[823]]></id_product>
<id_tag><![CDATA[4691]]></id_tag>
<id_lang><![CDATA[3]]></id_lang>
</product_tag>
<product_tag><id_product><![CDATA[827]]></id_product>
<id_tag><![CDATA[4691]]></id_tag>
<id_lang><![CDATA[3]]></id_lang>
</product_tag>
<product_tag><id_product><![CDATA[835]]></id_product>
<id_tag><![CDATA[4691]]></id_tag>
<id_lang><![CDATA[3]]></id_lang>
</product_tag>
<product_tag><id_product><![CDATA[840]]></id_product>
<id_tag><![CDATA[4691]]></id_tag>
<id_lang><![CDATA[3]]></id_lang>
</product_tag>
<product_tag><id_product><![CDATA[847]]></id_product>
<id_tag><![CDATA[4691]]></id_tag>
<id_lang><![CDATA[3]]></id_lang>
</product_tag>
<product_tag><id_product><![CDATA[869]]></id_product>
<id_tag><![CDATA[4691]]></id_tag>
<id_lang><![CDATA[3]]></id_lang>
</product_tag>
<product_tag><id_product><![CDATA[881]]></id_product>
<id_tag><![CDATA[4691]]></id_tag>
<id_lang><![CDATA[3]]></id_lang>
</product_tag>
<product_tag><id_product><![CDATA[941]]></id_product>
<id_tag><![CDATA[4691]]></id_tag>
<id_lang><![CDATA[3]]></id_lang>
</product_tag>
<product_tag><id_product><![CDATA[946]]></id_product>
<id_tag><![CDATA[4691]]></id_tag>
<id_lang><![CDATA[3]]></id_lang>
</product_tag>
<product_tag><id_product><![CDATA[956]]></id_product>
<id_tag><![CDATA[4691]]></id_tag>
<id_lang><![CDATA[3]]></id_lang>
</product_tag>
<product_tag><id_product><![CDATA[960]]></id_product>
<id_tag><![CDATA[4691]]></id_tag>
<id_lang><![CDATA[3]]></id_lang>
</product_tag>
<product_tag><id_product><![CDATA[994]]></id_product>
<id_tag><![CDATA[4691]]></id_tag>
<id_lang><![CDATA[3]]></id_lang>
</product_tag>
<product_tag><id_product><![CDATA[1009]]></id_product>
<id_tag><![CDATA[4691]]></id_tag>
<id_lang><![CDATA[3]]></id_lang>
</product_tag>
<product_tag><id_product><![CDATA[1059]]></id_product>
<id_tag><![CDATA[4691]]></id_tag>
<id_lang><![CDATA[3]]></id_lang>
</product_tag>
<product_tag><id_product><![CDATA[1061]]></id_product>
<id_tag><![CDATA[4691]]></id_tag>
<id_lang><![CDATA[3]]></id_lang>
</product_tag>
<product_tag><id_product><![CDATA[1063]]></id_product>
<id_tag><![CDATA[4691]]></id_tag>
<id_lang><![CDATA[3]]></id_lang>
</product_tag>
<product_tag><id_product><![CDATA[1065]]></id_product>
<id_tag><![CDATA[4691]]></id_tag>
<id_lang><![CDATA[3]]></id_lang>
</product_tag>
<product_tag><id_product><![CDATA[1066]]></id_product>
<id_tag><![CDATA[4691]]></id_tag>
<id_lang><![CDATA[3]]></id_lang>
</product_tag>
<product_tag><id_product><![CDATA[1068]]></id_product>
<id_tag><![CDATA[4691]]></id_tag>
<id_lang><![CDATA[3]]></id_lang>
</product_tag>
<product_tag><id_product><![CDATA[101]]></id_product>
<id_tag><![CDATA[4697]]></id_tag>
<id_lang><![CDATA[3]]></id_lang>
</product_tag>
<product_tag><id_product><![CDATA[634]]></id_product>
<id_tag><![CDATA[4697]]></id_tag>
<id_lang><![CDATA[3]]></id_lang>
</product_tag>
<product_tag><id_product><![CDATA[692]]></id_product>
<id_tag><![CDATA[4697]]></id_tag>
<id_lang><![CDATA[3]]></id_lang>
</product_tag>
<product_tag><id_product><![CDATA[781]]></id_product>
<id_tag><![CDATA[4697]]></id_tag>
<id_lang><![CDATA[3]]></id_lang>
</product_tag>
<product_tag><id_product><![CDATA[788]]></id_product>
<id_tag><![CDATA[4697]]></id_tag>
<id_lang><![CDATA[3]]></id_lang>
</product_tag>
<product_tag><id_product><![CDATA[789]]></id_product>
<id_tag><![CDATA[4697]]></id_tag>
<id_lang><![CDATA[3]]></id_lang>
</product_tag>
<product_tag><id_product><![CDATA[793]]></id_product>
<id_tag><![CDATA[4697]]></id_tag>
<id_lang><![CDATA[3]]></id_lang>
</product_tag>
<product_tag><id_product><![CDATA[855]]></id_product>
<id_tag><![CDATA[4697]]></id_tag>
<id_lang><![CDATA[3]]></id_lang>
</product_tag>
<product_tag><id_product><![CDATA[870]]></id_product>
<id_tag><![CDATA[4697]]></id_tag>
<id_lang><![CDATA[3]]></id_lang>
</product_tag>
<product_tag><id_product><![CDATA[914]]></id_product>
<id_tag><![CDATA[4697]]></id_tag>
<id_lang><![CDATA[3]]></id_lang>
</product_tag>
<product_tag><id_product><![CDATA[968]]></id_product>
<id_tag><![CDATA[4697]]></id_tag>
<id_lang><![CDATA[3]]></id_lang>
</product_tag>
<product_tag><id_product><![CDATA[969]]></id_product>
<id_tag><![CDATA[4697]]></id_tag>
<id_lang><![CDATA[3]]></id_lang>
</product_tag>
<product_tag><id_product><![CDATA[970]]></id_product>
<id_tag><![CDATA[4697]]></id_tag>
<id_lang><![CDATA[3]]></id_lang>
</product_tag>
<product_tag><id_product><![CDATA[979]]></id_product>
<id_tag><![CDATA[4697]]></id_tag>
<id_lang><![CDATA[3]]></id_lang>
</product_tag>
<product_tag><id_product><![CDATA[1069]]></id_product>
<id_tag><![CDATA[4697]]></id_tag>
<id_lang><![CDATA[3]]></id_lang>
</product_tag>
<product_tag><id_product><![CDATA[113]]></id_product>
<id_tag><![CDATA[4699]]></id_tag>
<id_lang><![CDATA[3]]></id_lang>
</product_tag>
<product_tag><id_product><![CDATA[638]]></id_product>
<id_tag><![CDATA[4699]]></id_tag>
<id_lang><![CDATA[3]]></id_lang>
</product_tag>
<product_tag><id_product><![CDATA[696]]></id_product>
<id_tag><![CDATA[4699]]></id_tag>
<id_lang><![CDATA[3]]></id_lang>
</product_tag>
<product_tag><id_product><![CDATA[868]]></id_product>
<id_tag><![CDATA[4699]]></id_tag>
<id_lang><![CDATA[3]]></id_lang>
</product_tag>
<product_tag><id_product><![CDATA[875]]></id_product>
<id_tag><![CDATA[4699]]></id_tag>
<id_lang><![CDATA[3]]></id_lang>
</product_tag>
<product_tag><id_product><![CDATA[880]]></id_product>
<id_tag><![CDATA[4699]]></id_tag>
<id_lang><![CDATA[3]]></id_lang>
</product_tag>
<product_tag><id_product><![CDATA[897]]></id_product>
<id_tag><![CDATA[4699]]></id_tag>
<id_lang><![CDATA[3]]></id_lang>
</product_tag>
<product_tag><id_product><![CDATA[907]]></id_product>
<id_tag><![CDATA[4699]]></id_tag>
<id_lang><![CDATA[3]]></id_lang>
</product_tag>
<product_tag><id_product><![CDATA[911]]></id_product>
<id_tag><![CDATA[4699]]></id_tag>
<id_lang><![CDATA[3]]></id_lang>
</product_tag>
<product_tag><id_product><![CDATA[915]]></id_product>
<id_tag><![CDATA[4699]]></id_tag>
<id_lang><![CDATA[3]]></id_lang>
</product_tag>
<product_tag><id_product><![CDATA[938]]></id_product>
<id_tag><![CDATA[4699]]></id_tag>
<id_lang><![CDATA[3]]></id_lang>
</product_tag>
<product_tag><id_product><![CDATA[942]]></id_product>
<id_tag><![CDATA[4699]]></id_tag>
<id_lang><![CDATA[3]]></id_lang>
</product_tag>
<product_tag><id_product><![CDATA[952]]></id_product>
<id_tag><![CDATA[4699]]></id_tag>
<id_lang><![CDATA[3]]></id_lang>
</product_tag>
<product_tag><id_product><![CDATA[962]]></id_product>
<id_tag><![CDATA[4699]]></id_tag>
<id_lang><![CDATA[3]]></id_lang>
</product_tag>
<product_tag><id_product><![CDATA[978]]></id_product>
<id_tag><![CDATA[4699]]></id_tag>
<id_lang><![CDATA[3]]></id_lang>
</product_tag>
<product_tag><id_product><![CDATA[983]]></id_product>
<id_tag><![CDATA[4699]]></id_tag>
<id_lang><![CDATA[3]]></id_lang>
</product_tag>
<product_tag><id_product><![CDATA[988]]></id_product>
<id_tag><![CDATA[4699]]></id_tag>
<id_lang><![CDATA[3]]></id_lang>
</product_tag>
<product_tag><id_product><![CDATA[1007]]></id_product>
<id_tag><![CDATA[4699]]></id_tag>
<id_lang><![CDATA[3]]></id_lang>
</product_tag>
<product_tag><id_product><![CDATA[1008]]></id_product>
<id_tag><![CDATA[4699]]></id_tag>
<id_lang><![CDATA[3]]></id_lang>
</product_tag>
<product_tag><id_product><![CDATA[313]]></id_product>
<id_tag><![CDATA[4701]]></id_tag>
<id_lang><![CDATA[3]]></id_lang>
</product_tag>
<product_tag><id_product><![CDATA[318]]></id_product>
<id_tag><![CDATA[4701]]></id_tag>
<id_lang><![CDATA[3]]></id_lang>
</product_tag>
<product_tag><id_product><![CDATA[652]]></id_product>
<id_tag><![CDATA[4701]]></id_tag>
<id_lang><![CDATA[3]]></id_lang>
</product_tag>
<product_tag><id_product><![CDATA[654]]></id_product>
<id_tag><![CDATA[4701]]></id_tag>
<id_lang><![CDATA[3]]></id_lang>
</product_tag>
<product_tag><id_product><![CDATA[710]]></id_product>
<id_tag><![CDATA[4701]]></id_tag>
<id_lang><![CDATA[3]]></id_lang>
</product_tag>
<product_tag><id_product><![CDATA[712]]></id_product>
<id_tag><![CDATA[4701]]></id_tag>
<id_lang><![CDATA[3]]></id_lang>
</product_tag>
<product_tag><id_product><![CDATA[768]]></id_product>
<id_tag><![CDATA[4701]]></id_tag>
<id_lang><![CDATA[3]]></id_lang>
</product_tag>
<product_tag><id_product><![CDATA[819]]></id_product>
<id_tag><![CDATA[4701]]></id_tag>
<id_lang><![CDATA[3]]></id_lang>
</product_tag>
<product_tag><id_product><![CDATA[877]]></id_product>
<id_tag><![CDATA[4701]]></id_tag>
<id_lang><![CDATA[3]]></id_lang>
</product_tag>
<product_tag><id_product><![CDATA[879]]></id_product>
<id_tag><![CDATA[4701]]></id_tag>
<id_lang><![CDATA[3]]></id_lang>
</product_tag>
<product_tag><id_product><![CDATA[887]]></id_product>
<id_tag><![CDATA[4701]]></id_tag>
<id_lang><![CDATA[3]]></id_lang>
</product_tag>
<product_tag><id_product><![CDATA[894]]></id_product>
<id_tag><![CDATA[4701]]></id_tag>
<id_lang><![CDATA[3]]></id_lang>
</product_tag>
<product_tag><id_product><![CDATA[916]]></id_product>
<id_tag><![CDATA[4701]]></id_tag>
<id_lang><![CDATA[3]]></id_lang>
</product_tag>
<product_tag><id_product><![CDATA[934]]></id_product>
<id_tag><![CDATA[4701]]></id_tag>
<id_lang><![CDATA[3]]></id_lang>
</product_tag>
<product_tag><id_product><![CDATA[951]]></id_product>
<id_tag><![CDATA[4701]]></id_tag>
<id_lang><![CDATA[3]]></id_lang>
</product_tag>
<product_tag><id_product><![CDATA[999]]></id_product>
<id_tag><![CDATA[4701]]></id_tag>
<id_lang><![CDATA[3]]></id_lang>
</product_tag>
<product_tag><id_product><![CDATA[2408]]></id_product>
<id_tag><![CDATA[4701]]></id_tag>
<id_lang><![CDATA[3]]></id_lang>
</product_tag>
<product_tag><id_product><![CDATA[4056]]></id_product>
<id_tag><![CDATA[4701]]></id_tag>
<id_lang><![CDATA[3]]></id_lang>
</product_tag>
<product_tag><id_product><![CDATA[4551]]></id_product>
<id_tag><![CDATA[4701]]></id_tag>
<id_lang><![CDATA[3]]></id_lang>
</product_tag>
<product_tag><id_product><![CDATA[23]]></id_product>
<id_tag><![CDATA[4702]]></id_tag>
<id_lang><![CDATA[3]]></id_lang>
</product_tag>
<product_tag><id_product><![CDATA[313]]></id_product>
<id_tag><![CDATA[4702]]></id_tag>
<id_lang><![CDATA[3]]></id_lang>
</product_tag>
<product_tag><id_product><![CDATA[610]]></id_product>
<id_tag><![CDATA[4702]]></id_tag>
<id_lang><![CDATA[3]]></id_lang>
</product_tag>
<product_tag><id_product><![CDATA[652]]></id_product>
<id_tag><![CDATA[4702]]></id_tag>
<id_lang><![CDATA[3]]></id_lang>
</product_tag>
<product_tag><id_product><![CDATA[668]]></id_product>
<id_tag><![CDATA[4702]]></id_tag>
<id_lang><![CDATA[3]]></id_lang>
</product_tag>
<product_tag><id_product><![CDATA[710]]></id_product>
<id_tag><![CDATA[4702]]></id_tag>
<id_lang><![CDATA[3]]></id_lang>
</product_tag>
<product_tag><id_product><![CDATA[768]]></id_product>
<id_tag><![CDATA[4702]]></id_tag>
<id_lang><![CDATA[3]]></id_lang>
</product_tag>
<product_tag><id_product><![CDATA[819]]></id_product>
<id_tag><![CDATA[4702]]></id_tag>
<id_lang><![CDATA[3]]></id_lang>
</product_tag>
<product_tag><id_product><![CDATA[877]]></id_product>
<id_tag><![CDATA[4702]]></id_tag>
<id_lang><![CDATA[3]]></id_lang>
</product_tag>
<product_tag><id_product><![CDATA[879]]></id_product>
<id_tag><![CDATA[4702]]></id_tag>
<id_lang><![CDATA[3]]></id_lang>
</product_tag>
<product_tag><id_product><![CDATA[887]]></id_product>
<id_tag><![CDATA[4702]]></id_tag>
<id_lang><![CDATA[3]]></id_lang>
</product_tag>
<product_tag><id_product><![CDATA[894]]></id_product>
<id_tag><![CDATA[4702]]></id_tag>
<id_lang><![CDATA[3]]></id_lang>
</product_tag>
<product_tag><id_product><![CDATA[916]]></id_product>
<id_tag><![CDATA[4702]]></id_tag>
<id_lang><![CDATA[3]]></id_lang>
</product_tag>
<product_tag><id_product><![CDATA[934]]></id_product>
<id_tag><![CDATA[4702]]></id_tag>
<id_lang><![CDATA[3]]></id_lang>
</product_tag>
<product_tag><id_product><![CDATA[951]]></id_product>
<id_tag><![CDATA[4702]]></id_tag>
<id_lang><![CDATA[3]]></id_lang>
</product_tag>
<product_tag><id_product><![CDATA[956]]></id_product>
<id_tag><![CDATA[4702]]></id_tag>
<id_lang><![CDATA[3]]></id_lang>
</product_tag>
<product_tag><id_product><![CDATA[999]]></id_product>
<id_tag><![CDATA[4702]]></id_tag>
<id_lang><![CDATA[3]]></id_lang>
</product_tag>
<product_tag><id_product><![CDATA[2408]]></id_product>
<id_tag><![CDATA[4702]]></id_tag>
<id_lang><![CDATA[3]]></id_lang>
</product_tag>
<product_tag><id_product><![CDATA[4056]]></id_product>
<id_tag><![CDATA[4702]]></id_tag>
<id_lang><![CDATA[3]]></id_lang>
</product_tag>
<product_tag><id_product><![CDATA[4551]]></id_product>
<id_tag><![CDATA[4702]]></id_tag>
<id_lang><![CDATA[3]]></id_lang>
</product_tag>
<product_tag><id_product><![CDATA[85]]></id_product>
<id_tag><![CDATA[4703]]></id_tag>
<id_lang><![CDATA[3]]></id_lang>
</product_tag>
<product_tag><id_product><![CDATA[313]]></id_product>
<id_tag><![CDATA[4703]]></id_tag>
<id_lang><![CDATA[3]]></id_lang>
</product_tag>
<product_tag><id_product><![CDATA[629]]></id_product>
<id_tag><![CDATA[4703]]></id_tag>
<id_lang><![CDATA[3]]></id_lang>
</product_tag>
<product_tag><id_product><![CDATA[649]]></id_product>
<id_tag><![CDATA[4703]]></id_tag>
<id_lang><![CDATA[3]]></id_lang>
</product_tag>
<product_tag><id_product><![CDATA[652]]></id_product>
<id_tag><![CDATA[4703]]></id_tag>
<id_lang><![CDATA[3]]></id_lang>
</product_tag>
<product_tag><id_product><![CDATA[707]]></id_product>
<id_tag><![CDATA[4703]]></id_tag>
<id_lang><![CDATA[3]]></id_lang>
</product_tag>
<product_tag><id_product><![CDATA[710]]></id_product>
<id_tag><![CDATA[4703]]></id_tag>
<id_lang><![CDATA[3]]></id_lang>
</product_tag>
<product_tag><id_product><![CDATA[741]]></id_product>
<id_tag><![CDATA[4703]]></id_tag>
<id_lang><![CDATA[3]]></id_lang>
</product_tag>
<product_tag><id_product><![CDATA[745]]></id_product>
<id_tag><![CDATA[4703]]></id_tag>
<id_lang><![CDATA[3]]></id_lang>
</product_tag>
<product_tag><id_product><![CDATA[768]]></id_product>
<id_tag><![CDATA[4703]]></id_tag>
<id_lang><![CDATA[3]]></id_lang>
</product_tag>
<product_tag><id_product><![CDATA[806]]></id_product>
<id_tag><![CDATA[4703]]></id_tag>
<id_lang><![CDATA[3]]></id_lang>
</product_tag>
<product_tag><id_product><![CDATA[808]]></id_product>
<id_tag><![CDATA[4703]]></id_tag>
<id_lang><![CDATA[3]]></id_lang>
</product_tag>
<product_tag><id_product><![CDATA[810]]></id_product>
<id_tag><![CDATA[4703]]></id_tag>
<id_lang><![CDATA[3]]></id_lang>
</product_tag>
<product_tag><id_product><![CDATA[819]]></id_product>
<id_tag><![CDATA[4703]]></id_tag>
<id_lang><![CDATA[3]]></id_lang>
</product_tag>
<product_tag><id_product><![CDATA[836]]></id_product>
<id_tag><![CDATA[4703]]></id_tag>
<id_lang><![CDATA[3]]></id_lang>
</product_tag>
<product_tag><id_product><![CDATA[841]]></id_product>
<id_tag><![CDATA[4703]]></id_tag>
<id_lang><![CDATA[3]]></id_lang>
</product_tag>
<product_tag><id_product><![CDATA[848]]></id_product>
<id_tag><![CDATA[4703]]></id_tag>
<id_lang><![CDATA[3]]></id_lang>
</product_tag>
<product_tag><id_product><![CDATA[877]]></id_product>
<id_tag><![CDATA[4703]]></id_tag>
<id_lang><![CDATA[3]]></id_lang>
</product_tag>
<product_tag><id_product><![CDATA[879]]></id_product>
<id_tag><![CDATA[4703]]></id_tag>
<id_lang><![CDATA[3]]></id_lang>
</product_tag>
<product_tag><id_product><![CDATA[887]]></id_product>
<id_tag><![CDATA[4703]]></id_tag>
<id_lang><![CDATA[3]]></id_lang>
</product_tag>
<product_tag><id_product><![CDATA[916]]></id_product>
<id_tag><![CDATA[4703]]></id_tag>
<id_lang><![CDATA[3]]></id_lang>
</product_tag>
<product_tag><id_product><![CDATA[934]]></id_product>
<id_tag><![CDATA[4703]]></id_tag>
<id_lang><![CDATA[3]]></id_lang>
</product_tag>
<product_tag><id_product><![CDATA[956]]></id_product>
<id_tag><![CDATA[4703]]></id_tag>
<id_lang><![CDATA[3]]></id_lang>
</product_tag>
<product_tag><id_product><![CDATA[999]]></id_product>
<id_tag><![CDATA[4703]]></id_tag>
<id_lang><![CDATA[3]]></id_lang>
</product_tag>
<product_tag><id_product><![CDATA[1012]]></id_product>
<id_tag><![CDATA[4703]]></id_tag>
<id_lang><![CDATA[3]]></id_lang>
</product_tag>
<product_tag><id_product><![CDATA[2408]]></id_product>
<id_tag><![CDATA[4703]]></id_tag>
<id_lang><![CDATA[3]]></id_lang>
</product_tag>
<product_tag><id_product><![CDATA[819]]></id_product>
<id_tag><![CDATA[4708]]></id_tag>
<id_lang><![CDATA[3]]></id_lang>
</product_tag>
<product_tag><id_product><![CDATA[825]]></id_product>
<id_tag><![CDATA[4708]]></id_tag>
<id_lang><![CDATA[3]]></id_lang>
</product_tag>
<product_tag><id_product><![CDATA[826]]></id_product>
<id_tag><![CDATA[4708]]></id_tag>
<id_lang><![CDATA[3]]></id_lang>
</product_tag>
<product_tag><id_product><![CDATA[827]]></id_product>
<id_tag><![CDATA[4708]]></id_tag>
<id_lang><![CDATA[3]]></id_lang>
</product_tag>
<product_tag><id_product><![CDATA[828]]></id_product>
<id_tag><![CDATA[4708]]></id_tag>
<id_lang><![CDATA[3]]></id_lang>
</product_tag>
<product_tag><id_product><![CDATA[829]]></id_product>
<id_tag><![CDATA[4708]]></id_tag>
<id_lang><![CDATA[3]]></id_lang>
</product_tag>
<product_tag><id_product><![CDATA[830]]></id_product>
<id_tag><![CDATA[4708]]></id_tag>
<id_lang><![CDATA[3]]></id_lang>
</product_tag>
<product_tag><id_product><![CDATA[831]]></id_product>
<id_tag><![CDATA[4708]]></id_tag>
<id_lang><![CDATA[3]]></id_lang>
</product_tag>
<product_tag><id_product><![CDATA[832]]></id_product>
<id_tag><![CDATA[4708]]></id_tag>
<id_lang><![CDATA[3]]></id_lang>
</product_tag>
<product_tag><id_product><![CDATA[833]]></id_product>
<id_tag><![CDATA[4708]]></id_tag>
<id_lang><![CDATA[3]]></id_lang>
</product_tag>
<product_tag><id_product><![CDATA[878]]></id_product>
<id_tag><![CDATA[4708]]></id_tag>
<id_lang><![CDATA[3]]></id_lang>
</product_tag>
<product_tag><id_product><![CDATA[879]]></id_product>
<id_tag><![CDATA[4708]]></id_tag>
<id_lang><![CDATA[3]]></id_lang>
</product_tag>
<product_tag><id_product><![CDATA[880]]></id_product>
<id_tag><![CDATA[4708]]></id_tag>
<id_lang><![CDATA[3]]></id_lang>
</product_tag>
<product_tag><id_product><![CDATA[881]]></id_product>
<id_tag><![CDATA[4708]]></id_tag>
<id_lang><![CDATA[3]]></id_lang>
</product_tag>
<product_tag><id_product><![CDATA[907]]></id_product>
<id_tag><![CDATA[4708]]></id_tag>
<id_lang><![CDATA[3]]></id_lang>
</product_tag>
<product_tag><id_product><![CDATA[911]]></id_product>
<id_tag><![CDATA[4708]]></id_tag>
<id_lang><![CDATA[3]]></id_lang>
</product_tag>
<product_tag><id_product><![CDATA[912]]></id_product>
<id_tag><![CDATA[4708]]></id_tag>
<id_lang><![CDATA[3]]></id_lang>
</product_tag>
</entity_profile>
