<?xml version="1.0" encoding="UTF-8"?>
<entity_profile>
<product_supplier><id_product_supplier><![CDATA[1]]></id_product_supplier>
<id_product><![CDATA[535]]></id_product>
<id_product_attribute><![CDATA[0]]></id_product_attribute>
<id_supplier><![CDATA[4]]></id_supplier>
<product_supplier_reference><![CDATA[]]></product_supplier_reference>
<product_supplier_price_te><![CDATA[0.000000]]></product_supplier_price_te>
<id_currency><![CDATA[3]]></id_currency>
</product_supplier>
<product_supplier><id_product_supplier><![CDATA[2]]></id_product_supplier>
<id_product><![CDATA[535]]></id_product>
<id_product_attribute><![CDATA[522]]></id_product_attribute>
<id_supplier><![CDATA[4]]></id_supplier>
<product_supplier_reference><![CDATA[]]></product_supplier_reference>
<product_supplier_price_te><![CDATA[0.000000]]></product_supplier_price_te>
<id_currency><![CDATA[3]]></id_currency>
</product_supplier>
<product_supplier><id_product_supplier><![CDATA[3]]></id_product_supplier>
<id_product><![CDATA[1103]]></id_product>
<id_product_attribute><![CDATA[0]]></id_product_attribute>
<id_supplier><![CDATA[3]]></id_supplier>
<product_supplier_reference><![CDATA[]]></product_supplier_reference>
<product_supplier_price_te><![CDATA[0.000000]]></product_supplier_price_te>
<id_currency><![CDATA[3]]></id_currency>
</product_supplier>
<product_supplier><id_product_supplier><![CDATA[4]]></id_product_supplier>
<id_product><![CDATA[1103]]></id_product>
<id_product_attribute><![CDATA[3702]]></id_product_attribute>
<id_supplier><![CDATA[3]]></id_supplier>
<product_supplier_reference><![CDATA[5000-0008-12BL-1493BL]]></product_supplier_reference>
<product_supplier_price_te><![CDATA[0.000000]]></product_supplier_price_te>
<id_currency><![CDATA[3]]></id_currency>
</product_supplier>
<product_supplier><id_product_supplier><![CDATA[5]]></id_product_supplier>
<id_product><![CDATA[1103]]></id_product>
<id_product_attribute><![CDATA[3707]]></id_product_attribute>
<id_supplier><![CDATA[3]]></id_supplier>
<product_supplier_reference><![CDATA[5000-0008-12BL-1493BL]]></product_supplier_reference>
<product_supplier_price_te><![CDATA[0.000000]]></product_supplier_price_te>
<id_currency><![CDATA[3]]></id_currency>
</product_supplier>
<product_supplier><id_product_supplier><![CDATA[6]]></id_product_supplier>
<id_product><![CDATA[799]]></id_product>
<id_product_attribute><![CDATA[0]]></id_product_attribute>
<id_supplier><![CDATA[2]]></id_supplier>
<product_supplier_reference><![CDATA[]]></product_supplier_reference>
<product_supplier_price_te><![CDATA[0.000000]]></product_supplier_price_te>
<id_currency><![CDATA[3]]></id_currency>
</product_supplier>
<product_supplier><id_product_supplier><![CDATA[7]]></id_product_supplier>
<id_product><![CDATA[982]]></id_product>
<id_product_attribute><![CDATA[0]]></id_product_attribute>
<id_supplier><![CDATA[2]]></id_supplier>
<product_supplier_reference><![CDATA[]]></product_supplier_reference>
<product_supplier_price_te><![CDATA[0.000000]]></product_supplier_price_te>
<id_currency><![CDATA[3]]></id_currency>
</product_supplier>
<product_supplier><id_product_supplier><![CDATA[8]]></id_product_supplier>
<id_product><![CDATA[982]]></id_product>
<id_product_attribute><![CDATA[2377]]></id_product_attribute>
<id_supplier><![CDATA[2]]></id_supplier>
<product_supplier_reference><![CDATA[]]></product_supplier_reference>
<product_supplier_price_te><![CDATA[0.000000]]></product_supplier_price_te>
<id_currency><![CDATA[3]]></id_currency>
</product_supplier>
<product_supplier><id_product_supplier><![CDATA[9]]></id_product_supplier>
<id_product><![CDATA[982]]></id_product>
<id_product_attribute><![CDATA[2378]]></id_product_attribute>
<id_supplier><![CDATA[2]]></id_supplier>
<product_supplier_reference><![CDATA[]]></product_supplier_reference>
<product_supplier_price_te><![CDATA[0.000000]]></product_supplier_price_te>
<id_currency><![CDATA[3]]></id_currency>
</product_supplier>
<product_supplier><id_product_supplier><![CDATA[10]]></id_product_supplier>
<id_product><![CDATA[982]]></id_product>
<id_product_attribute><![CDATA[2379]]></id_product_attribute>
<id_supplier><![CDATA[2]]></id_supplier>
<product_supplier_reference><![CDATA[]]></product_supplier_reference>
<product_supplier_price_te><![CDATA[0.000000]]></product_supplier_price_te>
<id_currency><![CDATA[3]]></id_currency>
</product_supplier>
<product_supplier><id_product_supplier><![CDATA[11]]></id_product_supplier>
<id_product><![CDATA[982]]></id_product>
<id_product_attribute><![CDATA[2380]]></id_product_attribute>
<id_supplier><![CDATA[2]]></id_supplier>
<product_supplier_reference><![CDATA[]]></product_supplier_reference>
<product_supplier_price_te><![CDATA[0.000000]]></product_supplier_price_te>
<id_currency><![CDATA[3]]></id_currency>
</product_supplier>
<product_supplier><id_product_supplier><![CDATA[12]]></id_product_supplier>
<id_product><![CDATA[982]]></id_product>
<id_product_attribute><![CDATA[2381]]></id_product_attribute>
<id_supplier><![CDATA[2]]></id_supplier>
<product_supplier_reference><![CDATA[]]></product_supplier_reference>
<product_supplier_price_te><![CDATA[0.000000]]></product_supplier_price_te>
<id_currency><![CDATA[3]]></id_currency>
</product_supplier>
<product_supplier><id_product_supplier><![CDATA[13]]></id_product_supplier>
<id_product><![CDATA[1416]]></id_product>
<id_product_attribute><![CDATA[0]]></id_product_attribute>
<id_supplier><![CDATA[4]]></id_supplier>
<product_supplier_reference><![CDATA[]]></product_supplier_reference>
<product_supplier_price_te><![CDATA[0.000000]]></product_supplier_price_te>
<id_currency><![CDATA[3]]></id_currency>
</product_supplier>
<product_supplier><id_product_supplier><![CDATA[14]]></id_product_supplier>
<id_product><![CDATA[1416]]></id_product>
<id_product_attribute><![CDATA[6207]]></id_product_attribute>
<id_supplier><![CDATA[4]]></id_supplier>
<product_supplier_reference><![CDATA[]]></product_supplier_reference>
<product_supplier_price_te><![CDATA[0.000000]]></product_supplier_price_te>
<id_currency><![CDATA[3]]></id_currency>
</product_supplier>
<product_supplier><id_product_supplier><![CDATA[15]]></id_product_supplier>
<id_product><![CDATA[1416]]></id_product>
<id_product_attribute><![CDATA[6208]]></id_product_attribute>
<id_supplier><![CDATA[4]]></id_supplier>
<product_supplier_reference><![CDATA[]]></product_supplier_reference>
<product_supplier_price_te><![CDATA[0.000000]]></product_supplier_price_te>
<id_currency><![CDATA[3]]></id_currency>
</product_supplier>
<product_supplier><id_product_supplier><![CDATA[16]]></id_product_supplier>
<id_product><![CDATA[1416]]></id_product>
<id_product_attribute><![CDATA[6209]]></id_product_attribute>
<id_supplier><![CDATA[4]]></id_supplier>
<product_supplier_reference><![CDATA[]]></product_supplier_reference>
<product_supplier_price_te><![CDATA[0.000000]]></product_supplier_price_te>
<id_currency><![CDATA[3]]></id_currency>
</product_supplier>
<product_supplier><id_product_supplier><![CDATA[17]]></id_product_supplier>
<id_product><![CDATA[1416]]></id_product>
<id_product_attribute><![CDATA[6210]]></id_product_attribute>
<id_supplier><![CDATA[4]]></id_supplier>
<product_supplier_reference><![CDATA[]]></product_supplier_reference>
<product_supplier_price_te><![CDATA[0.000000]]></product_supplier_price_te>
<id_currency><![CDATA[3]]></id_currency>
</product_supplier>
<product_supplier><id_product_supplier><![CDATA[18]]></id_product_supplier>
<id_product><![CDATA[1416]]></id_product>
<id_product_attribute><![CDATA[6211]]></id_product_attribute>
<id_supplier><![CDATA[4]]></id_supplier>
<product_supplier_reference><![CDATA[]]></product_supplier_reference>
<product_supplier_price_te><![CDATA[0.000000]]></product_supplier_price_te>
<id_currency><![CDATA[3]]></id_currency>
</product_supplier>
<product_supplier><id_product_supplier><![CDATA[19]]></id_product_supplier>
<id_product><![CDATA[1416]]></id_product>
<id_product_attribute><![CDATA[6212]]></id_product_attribute>
<id_supplier><![CDATA[4]]></id_supplier>
<product_supplier_reference><![CDATA[]]></product_supplier_reference>
<product_supplier_price_te><![CDATA[0.000000]]></product_supplier_price_te>
<id_currency><![CDATA[3]]></id_currency>
</product_supplier>
<product_supplier><id_product_supplier><![CDATA[20]]></id_product_supplier>
<id_product><![CDATA[1416]]></id_product>
<id_product_attribute><![CDATA[6213]]></id_product_attribute>
<id_supplier><![CDATA[4]]></id_supplier>
<product_supplier_reference><![CDATA[]]></product_supplier_reference>
<product_supplier_price_te><![CDATA[0.000000]]></product_supplier_price_te>
<id_currency><![CDATA[3]]></id_currency>
</product_supplier>
<product_supplier><id_product_supplier><![CDATA[21]]></id_product_supplier>
<id_product><![CDATA[1417]]></id_product>
<id_product_attribute><![CDATA[0]]></id_product_attribute>
<id_supplier><![CDATA[4]]></id_supplier>
<product_supplier_reference><![CDATA[]]></product_supplier_reference>
<product_supplier_price_te><![CDATA[0.000000]]></product_supplier_price_te>
<id_currency><![CDATA[3]]></id_currency>
</product_supplier>
<product_supplier><id_product_supplier><![CDATA[22]]></id_product_supplier>
<id_product><![CDATA[1417]]></id_product>
<id_product_attribute><![CDATA[6228]]></id_product_attribute>
<id_supplier><![CDATA[4]]></id_supplier>
<product_supplier_reference><![CDATA[]]></product_supplier_reference>
<product_supplier_price_te><![CDATA[0.000000]]></product_supplier_price_te>
<id_currency><![CDATA[3]]></id_currency>
</product_supplier>
<product_supplier><id_product_supplier><![CDATA[23]]></id_product_supplier>
<id_product><![CDATA[1417]]></id_product>
<id_product_attribute><![CDATA[6229]]></id_product_attribute>
<id_supplier><![CDATA[4]]></id_supplier>
<product_supplier_reference><![CDATA[]]></product_supplier_reference>
<product_supplier_price_te><![CDATA[0.000000]]></product_supplier_price_te>
<id_currency><![CDATA[3]]></id_currency>
</product_supplier>
<product_supplier><id_product_supplier><![CDATA[24]]></id_product_supplier>
<id_product><![CDATA[1417]]></id_product>
<id_product_attribute><![CDATA[6230]]></id_product_attribute>
<id_supplier><![CDATA[4]]></id_supplier>
<product_supplier_reference><![CDATA[]]></product_supplier_reference>
<product_supplier_price_te><![CDATA[0.000000]]></product_supplier_price_te>
<id_currency><![CDATA[3]]></id_currency>
</product_supplier>
<product_supplier><id_product_supplier><![CDATA[25]]></id_product_supplier>
<id_product><![CDATA[1417]]></id_product>
<id_product_attribute><![CDATA[6233]]></id_product_attribute>
<id_supplier><![CDATA[4]]></id_supplier>
<product_supplier_reference><![CDATA[]]></product_supplier_reference>
<product_supplier_price_te><![CDATA[0.000000]]></product_supplier_price_te>
<id_currency><![CDATA[3]]></id_currency>
</product_supplier>
<product_supplier><id_product_supplier><![CDATA[26]]></id_product_supplier>
<id_product><![CDATA[1417]]></id_product>
<id_product_attribute><![CDATA[6236]]></id_product_attribute>
<id_supplier><![CDATA[4]]></id_supplier>
<product_supplier_reference><![CDATA[]]></product_supplier_reference>
<product_supplier_price_te><![CDATA[0.000000]]></product_supplier_price_te>
<id_currency><![CDATA[3]]></id_currency>
</product_supplier>
<product_supplier><id_product_supplier><![CDATA[27]]></id_product_supplier>
<id_product><![CDATA[1418]]></id_product>
<id_product_attribute><![CDATA[0]]></id_product_attribute>
<id_supplier><![CDATA[4]]></id_supplier>
<product_supplier_reference><![CDATA[]]></product_supplier_reference>
<product_supplier_price_te><![CDATA[0.000000]]></product_supplier_price_te>
<id_currency><![CDATA[3]]></id_currency>
</product_supplier>
<product_supplier><id_product_supplier><![CDATA[28]]></id_product_supplier>
<id_product><![CDATA[1418]]></id_product>
<id_product_attribute><![CDATA[6249]]></id_product_attribute>
<id_supplier><![CDATA[4]]></id_supplier>
<product_supplier_reference><![CDATA[]]></product_supplier_reference>
<product_supplier_price_te><![CDATA[0.000000]]></product_supplier_price_te>
<id_currency><![CDATA[3]]></id_currency>
</product_supplier>
<product_supplier><id_product_supplier><![CDATA[29]]></id_product_supplier>
<id_product><![CDATA[1419]]></id_product>
<id_product_attribute><![CDATA[0]]></id_product_attribute>
<id_supplier><![CDATA[4]]></id_supplier>
<product_supplier_reference><![CDATA[]]></product_supplier_reference>
<product_supplier_price_te><![CDATA[0.000000]]></product_supplier_price_te>
<id_currency><![CDATA[3]]></id_currency>
</product_supplier>
<product_supplier><id_product_supplier><![CDATA[30]]></id_product_supplier>
<id_product><![CDATA[1419]]></id_product>
<id_product_attribute><![CDATA[6260]]></id_product_attribute>
<id_supplier><![CDATA[4]]></id_supplier>
<product_supplier_reference><![CDATA[]]></product_supplier_reference>
<product_supplier_price_te><![CDATA[0.000000]]></product_supplier_price_te>
<id_currency><![CDATA[3]]></id_currency>
</product_supplier>
<product_supplier><id_product_supplier><![CDATA[31]]></id_product_supplier>
<id_product><![CDATA[1419]]></id_product>
<id_product_attribute><![CDATA[6261]]></id_product_attribute>
<id_supplier><![CDATA[4]]></id_supplier>
<product_supplier_reference><![CDATA[]]></product_supplier_reference>
<product_supplier_price_te><![CDATA[0.000000]]></product_supplier_price_te>
<id_currency><![CDATA[3]]></id_currency>
</product_supplier>
<product_supplier><id_product_supplier><![CDATA[32]]></id_product_supplier>
<id_product><![CDATA[1419]]></id_product>
<id_product_attribute><![CDATA[6262]]></id_product_attribute>
<id_supplier><![CDATA[4]]></id_supplier>
<product_supplier_reference><![CDATA[]]></product_supplier_reference>
<product_supplier_price_te><![CDATA[0.000000]]></product_supplier_price_te>
<id_currency><![CDATA[3]]></id_currency>
</product_supplier>
<product_supplier><id_product_supplier><![CDATA[33]]></id_product_supplier>
<id_product><![CDATA[1419]]></id_product>
<id_product_attribute><![CDATA[6263]]></id_product_attribute>
<id_supplier><![CDATA[4]]></id_supplier>
<product_supplier_reference><![CDATA[]]></product_supplier_reference>
<product_supplier_price_te><![CDATA[0.000000]]></product_supplier_price_te>
<id_currency><![CDATA[3]]></id_currency>
</product_supplier>
<product_supplier><id_product_supplier><![CDATA[34]]></id_product_supplier>
<id_product><![CDATA[1419]]></id_product>
<id_product_attribute><![CDATA[6264]]></id_product_attribute>
<id_supplier><![CDATA[4]]></id_supplier>
<product_supplier_reference><![CDATA[]]></product_supplier_reference>
<product_supplier_price_te><![CDATA[0.000000]]></product_supplier_price_te>
<id_currency><![CDATA[3]]></id_currency>
</product_supplier>
<product_supplier><id_product_supplier><![CDATA[35]]></id_product_supplier>
<id_product><![CDATA[1419]]></id_product>
<id_product_attribute><![CDATA[6265]]></id_product_attribute>
<id_supplier><![CDATA[4]]></id_supplier>
<product_supplier_reference><![CDATA[]]></product_supplier_reference>
<product_supplier_price_te><![CDATA[0.000000]]></product_supplier_price_te>
<id_currency><![CDATA[3]]></id_currency>
</product_supplier>
<product_supplier><id_product_supplier><![CDATA[36]]></id_product_supplier>
<id_product><![CDATA[1419]]></id_product>
<id_product_attribute><![CDATA[6266]]></id_product_attribute>
<id_supplier><![CDATA[4]]></id_supplier>
<product_supplier_reference><![CDATA[]]></product_supplier_reference>
<product_supplier_price_te><![CDATA[0.000000]]></product_supplier_price_te>
<id_currency><![CDATA[3]]></id_currency>
</product_supplier>
<product_supplier><id_product_supplier><![CDATA[37]]></id_product_supplier>
<id_product><![CDATA[1420]]></id_product>
<id_product_attribute><![CDATA[0]]></id_product_attribute>
<id_supplier><![CDATA[4]]></id_supplier>
<product_supplier_reference><![CDATA[]]></product_supplier_reference>
<product_supplier_price_te><![CDATA[0.000000]]></product_supplier_price_te>
<id_currency><![CDATA[3]]></id_currency>
</product_supplier>
<product_supplier><id_product_supplier><![CDATA[38]]></id_product_supplier>
<id_product><![CDATA[1420]]></id_product>
<id_product_attribute><![CDATA[6279]]></id_product_attribute>
<id_supplier><![CDATA[4]]></id_supplier>
<product_supplier_reference><![CDATA[]]></product_supplier_reference>
<product_supplier_price_te><![CDATA[0.000000]]></product_supplier_price_te>
<id_currency><![CDATA[3]]></id_currency>
</product_supplier>
<product_supplier><id_product_supplier><![CDATA[39]]></id_product_supplier>
<id_product><![CDATA[1421]]></id_product>
<id_product_attribute><![CDATA[0]]></id_product_attribute>
<id_supplier><![CDATA[4]]></id_supplier>
<product_supplier_reference><![CDATA[]]></product_supplier_reference>
<product_supplier_price_te><![CDATA[0.000000]]></product_supplier_price_te>
<id_currency><![CDATA[3]]></id_currency>
</product_supplier>
<product_supplier><id_product_supplier><![CDATA[40]]></id_product_supplier>
<id_product><![CDATA[1421]]></id_product>
<id_product_attribute><![CDATA[6295]]></id_product_attribute>
<id_supplier><![CDATA[4]]></id_supplier>
<product_supplier_reference><![CDATA[]]></product_supplier_reference>
<product_supplier_price_te><![CDATA[0.000000]]></product_supplier_price_te>
<id_currency><![CDATA[3]]></id_currency>
</product_supplier>
<product_supplier><id_product_supplier><![CDATA[41]]></id_product_supplier>
<id_product><![CDATA[1421]]></id_product>
<id_product_attribute><![CDATA[6296]]></id_product_attribute>
<id_supplier><![CDATA[4]]></id_supplier>
<product_supplier_reference><![CDATA[]]></product_supplier_reference>
<product_supplier_price_te><![CDATA[0.000000]]></product_supplier_price_te>
<id_currency><![CDATA[3]]></id_currency>
</product_supplier>
<product_supplier><id_product_supplier><![CDATA[42]]></id_product_supplier>
<id_product><![CDATA[1422]]></id_product>
<id_product_attribute><![CDATA[0]]></id_product_attribute>
<id_supplier><![CDATA[4]]></id_supplier>
<product_supplier_reference><![CDATA[]]></product_supplier_reference>
<product_supplier_price_te><![CDATA[0.000000]]></product_supplier_price_te>
<id_currency><![CDATA[3]]></id_currency>
</product_supplier>
<product_supplier><id_product_supplier><![CDATA[43]]></id_product_supplier>
<id_product><![CDATA[1422]]></id_product>
<id_product_attribute><![CDATA[6304]]></id_product_attribute>
<id_supplier><![CDATA[4]]></id_supplier>
<product_supplier_reference><![CDATA[]]></product_supplier_reference>
<product_supplier_price_te><![CDATA[0.000000]]></product_supplier_price_te>
<id_currency><![CDATA[3]]></id_currency>
</product_supplier>
<product_supplier><id_product_supplier><![CDATA[44]]></id_product_supplier>
<id_product><![CDATA[1422]]></id_product>
<id_product_attribute><![CDATA[6305]]></id_product_attribute>
<id_supplier><![CDATA[4]]></id_supplier>
<product_supplier_reference><![CDATA[]]></product_supplier_reference>
<product_supplier_price_te><![CDATA[0.000000]]></product_supplier_price_te>
<id_currency><![CDATA[3]]></id_currency>
</product_supplier>
<product_supplier><id_product_supplier><![CDATA[45]]></id_product_supplier>
<id_product><![CDATA[1422]]></id_product>
<id_product_attribute><![CDATA[6306]]></id_product_attribute>
<id_supplier><![CDATA[4]]></id_supplier>
<product_supplier_reference><![CDATA[]]></product_supplier_reference>
<product_supplier_price_te><![CDATA[0.000000]]></product_supplier_price_te>
<id_currency><![CDATA[3]]></id_currency>
</product_supplier>
<product_supplier><id_product_supplier><![CDATA[46]]></id_product_supplier>
<id_product><![CDATA[1422]]></id_product>
<id_product_attribute><![CDATA[6307]]></id_product_attribute>
<id_supplier><![CDATA[4]]></id_supplier>
<product_supplier_reference><![CDATA[]]></product_supplier_reference>
<product_supplier_price_te><![CDATA[0.000000]]></product_supplier_price_te>
<id_currency><![CDATA[3]]></id_currency>
</product_supplier>
<product_supplier><id_product_supplier><![CDATA[47]]></id_product_supplier>
<id_product><![CDATA[1422]]></id_product>
<id_product_attribute><![CDATA[6308]]></id_product_attribute>
<id_supplier><![CDATA[4]]></id_supplier>
<product_supplier_reference><![CDATA[]]></product_supplier_reference>
<product_supplier_price_te><![CDATA[0.000000]]></product_supplier_price_te>
<id_currency><![CDATA[3]]></id_currency>
</product_supplier>
<product_supplier><id_product_supplier><![CDATA[48]]></id_product_supplier>
<id_product><![CDATA[1422]]></id_product>
<id_product_attribute><![CDATA[6309]]></id_product_attribute>
<id_supplier><![CDATA[4]]></id_supplier>
<product_supplier_reference><![CDATA[]]></product_supplier_reference>
<product_supplier_price_te><![CDATA[0.000000]]></product_supplier_price_te>
<id_currency><![CDATA[3]]></id_currency>
</product_supplier>
<product_supplier><id_product_supplier><![CDATA[49]]></id_product_supplier>
<id_product><![CDATA[1422]]></id_product>
<id_product_attribute><![CDATA[6310]]></id_product_attribute>
<id_supplier><![CDATA[4]]></id_supplier>
<product_supplier_reference><![CDATA[]]></product_supplier_reference>
<product_supplier_price_te><![CDATA[0.000000]]></product_supplier_price_te>
<id_currency><![CDATA[3]]></id_currency>
</product_supplier>
<product_supplier><id_product_supplier><![CDATA[50]]></id_product_supplier>
<id_product><![CDATA[1418]]></id_product>
<id_product_attribute><![CDATA[6320]]></id_product_attribute>
<id_supplier><![CDATA[4]]></id_supplier>
<product_supplier_reference><![CDATA[]]></product_supplier_reference>
<product_supplier_price_te><![CDATA[0.000000]]></product_supplier_price_te>
<id_currency><![CDATA[3]]></id_currency>
</product_supplier>
<product_supplier><id_product_supplier><![CDATA[51]]></id_product_supplier>
<id_product><![CDATA[2286]]></id_product>
<id_product_attribute><![CDATA[0]]></id_product_attribute>
<id_supplier><![CDATA[4]]></id_supplier>
<product_supplier_reference><![CDATA[]]></product_supplier_reference>
<product_supplier_price_te><![CDATA[0.000000]]></product_supplier_price_te>
<id_currency><![CDATA[3]]></id_currency>
</product_supplier>
<product_supplier><id_product_supplier><![CDATA[52]]></id_product_supplier>
<id_product><![CDATA[2286]]></id_product>
<id_product_attribute><![CDATA[6623]]></id_product_attribute>
<id_supplier><![CDATA[4]]></id_supplier>
<product_supplier_reference><![CDATA[]]></product_supplier_reference>
<product_supplier_price_te><![CDATA[0.000000]]></product_supplier_price_te>
<id_currency><![CDATA[3]]></id_currency>
</product_supplier>
<product_supplier><id_product_supplier><![CDATA[53]]></id_product_supplier>
<id_product><![CDATA[2288]]></id_product>
<id_product_attribute><![CDATA[0]]></id_product_attribute>
<id_supplier><![CDATA[4]]></id_supplier>
<product_supplier_reference><![CDATA[]]></product_supplier_reference>
<product_supplier_price_te><![CDATA[0.000000]]></product_supplier_price_te>
<id_currency><![CDATA[3]]></id_currency>
</product_supplier>
<product_supplier><id_product_supplier><![CDATA[54]]></id_product_supplier>
<id_product><![CDATA[2288]]></id_product>
<id_product_attribute><![CDATA[6631]]></id_product_attribute>
<id_supplier><![CDATA[4]]></id_supplier>
<product_supplier_reference><![CDATA[]]></product_supplier_reference>
<product_supplier_price_te><![CDATA[0.000000]]></product_supplier_price_te>
<id_currency><![CDATA[3]]></id_currency>
</product_supplier>
<product_supplier><id_product_supplier><![CDATA[55]]></id_product_supplier>
<id_product><![CDATA[2290]]></id_product>
<id_product_attribute><![CDATA[0]]></id_product_attribute>
<id_supplier><![CDATA[4]]></id_supplier>
<product_supplier_reference><![CDATA[]]></product_supplier_reference>
<product_supplier_price_te><![CDATA[0.000000]]></product_supplier_price_te>
<id_currency><![CDATA[3]]></id_currency>
</product_supplier>
<product_supplier><id_product_supplier><![CDATA[56]]></id_product_supplier>
<id_product><![CDATA[2290]]></id_product>
<id_product_attribute><![CDATA[6644]]></id_product_attribute>
<id_supplier><![CDATA[4]]></id_supplier>
<product_supplier_reference><![CDATA[]]></product_supplier_reference>
<product_supplier_price_te><![CDATA[0.000000]]></product_supplier_price_te>
<id_currency><![CDATA[3]]></id_currency>
</product_supplier>
<product_supplier><id_product_supplier><![CDATA[57]]></id_product_supplier>
<id_product><![CDATA[2291]]></id_product>
<id_product_attribute><![CDATA[0]]></id_product_attribute>
<id_supplier><![CDATA[4]]></id_supplier>
<product_supplier_reference><![CDATA[]]></product_supplier_reference>
<product_supplier_price_te><![CDATA[0.000000]]></product_supplier_price_te>
<id_currency><![CDATA[3]]></id_currency>
</product_supplier>
<product_supplier><id_product_supplier><![CDATA[58]]></id_product_supplier>
<id_product><![CDATA[2291]]></id_product>
<id_product_attribute><![CDATA[6653]]></id_product_attribute>
<id_supplier><![CDATA[4]]></id_supplier>
<product_supplier_reference><![CDATA[]]></product_supplier_reference>
<product_supplier_price_te><![CDATA[0.000000]]></product_supplier_price_te>
<id_currency><![CDATA[3]]></id_currency>
</product_supplier>
<product_supplier><id_product_supplier><![CDATA[59]]></id_product_supplier>
<id_product><![CDATA[1103]]></id_product>
<id_product_attribute><![CDATA[7295]]></id_product_attribute>
<id_supplier><![CDATA[3]]></id_supplier>
<product_supplier_reference><![CDATA[]]></product_supplier_reference>
<product_supplier_price_te><![CDATA[0.000000]]></product_supplier_price_te>
<id_currency><![CDATA[3]]></id_currency>
</product_supplier>
<product_supplier><id_product_supplier><![CDATA[60]]></id_product_supplier>
<id_product><![CDATA[1103]]></id_product>
<id_product_attribute><![CDATA[7296]]></id_product_attribute>
<id_supplier><![CDATA[3]]></id_supplier>
<product_supplier_reference><![CDATA[]]></product_supplier_reference>
<product_supplier_price_te><![CDATA[0.000000]]></product_supplier_price_te>
<id_currency><![CDATA[3]]></id_currency>
</product_supplier>
<product_supplier><id_product_supplier><![CDATA[61]]></id_product_supplier>
<id_product><![CDATA[1103]]></id_product>
<id_product_attribute><![CDATA[7297]]></id_product_attribute>
<id_supplier><![CDATA[3]]></id_supplier>
<product_supplier_reference><![CDATA[]]></product_supplier_reference>
<product_supplier_price_te><![CDATA[0.000000]]></product_supplier_price_te>
<id_currency><![CDATA[3]]></id_currency>
</product_supplier>
<product_supplier><id_product_supplier><![CDATA[62]]></id_product_supplier>
<id_product><![CDATA[1103]]></id_product>
<id_product_attribute><![CDATA[7298]]></id_product_attribute>
<id_supplier><![CDATA[3]]></id_supplier>
<product_supplier_reference><![CDATA[]]></product_supplier_reference>
<product_supplier_price_te><![CDATA[0.000000]]></product_supplier_price_te>
<id_currency><![CDATA[3]]></id_currency>
</product_supplier>
<product_supplier><id_product_supplier><![CDATA[63]]></id_product_supplier>
<id_product><![CDATA[1103]]></id_product>
<id_product_attribute><![CDATA[7299]]></id_product_attribute>
<id_supplier><![CDATA[3]]></id_supplier>
<product_supplier_reference><![CDATA[]]></product_supplier_reference>
<product_supplier_price_te><![CDATA[0.000000]]></product_supplier_price_te>
<id_currency><![CDATA[3]]></id_currency>
</product_supplier>
<product_supplier><id_product_supplier><![CDATA[64]]></id_product_supplier>
<id_product><![CDATA[1103]]></id_product>
<id_product_attribute><![CDATA[7300]]></id_product_attribute>
<id_supplier><![CDATA[3]]></id_supplier>
<product_supplier_reference><![CDATA[]]></product_supplier_reference>
<product_supplier_price_te><![CDATA[0.000000]]></product_supplier_price_te>
<id_currency><![CDATA[3]]></id_currency>
</product_supplier>
<product_supplier><id_product_supplier><![CDATA[65]]></id_product_supplier>
<id_product><![CDATA[1103]]></id_product>
<id_product_attribute><![CDATA[7301]]></id_product_attribute>
<id_supplier><![CDATA[3]]></id_supplier>
<product_supplier_reference><![CDATA[]]></product_supplier_reference>
<product_supplier_price_te><![CDATA[0.000000]]></product_supplier_price_te>
<id_currency><![CDATA[3]]></id_currency>
</product_supplier>
<product_supplier><id_product_supplier><![CDATA[66]]></id_product_supplier>
<id_product><![CDATA[1417]]></id_product>
<id_product_attribute><![CDATA[7345]]></id_product_attribute>
<id_supplier><![CDATA[4]]></id_supplier>
<product_supplier_reference><![CDATA[]]></product_supplier_reference>
<product_supplier_price_te><![CDATA[0.000000]]></product_supplier_price_te>
<id_currency><![CDATA[3]]></id_currency>
</product_supplier>
<product_supplier><id_product_supplier><![CDATA[67]]></id_product_supplier>
<id_product><![CDATA[1417]]></id_product>
<id_product_attribute><![CDATA[7346]]></id_product_attribute>
<id_supplier><![CDATA[4]]></id_supplier>
<product_supplier_reference><![CDATA[]]></product_supplier_reference>
<product_supplier_price_te><![CDATA[0.000000]]></product_supplier_price_te>
<id_currency><![CDATA[3]]></id_currency>
</product_supplier>
<product_supplier><id_product_supplier><![CDATA[68]]></id_product_supplier>
<id_product><![CDATA[1417]]></id_product>
<id_product_attribute><![CDATA[7347]]></id_product_attribute>
<id_supplier><![CDATA[4]]></id_supplier>
<product_supplier_reference><![CDATA[]]></product_supplier_reference>
<product_supplier_price_te><![CDATA[0.000000]]></product_supplier_price_te>
<id_currency><![CDATA[3]]></id_currency>
</product_supplier>
<product_supplier><id_product_supplier><![CDATA[69]]></id_product_supplier>
<id_product><![CDATA[1417]]></id_product>
<id_product_attribute><![CDATA[7348]]></id_product_attribute>
<id_supplier><![CDATA[4]]></id_supplier>
<product_supplier_reference><![CDATA[]]></product_supplier_reference>
<product_supplier_price_te><![CDATA[0.000000]]></product_supplier_price_te>
<id_currency><![CDATA[3]]></id_currency>
</product_supplier>
<product_supplier><id_product_supplier><![CDATA[70]]></id_product_supplier>
<id_product><![CDATA[1418]]></id_product>
<id_product_attribute><![CDATA[7349]]></id_product_attribute>
<id_supplier><![CDATA[4]]></id_supplier>
<product_supplier_reference><![CDATA[]]></product_supplier_reference>
<product_supplier_price_te><![CDATA[0.000000]]></product_supplier_price_te>
<id_currency><![CDATA[3]]></id_currency>
</product_supplier>
<product_supplier><id_product_supplier><![CDATA[71]]></id_product_supplier>
<id_product><![CDATA[1418]]></id_product>
<id_product_attribute><![CDATA[7350]]></id_product_attribute>
<id_supplier><![CDATA[4]]></id_supplier>
<product_supplier_reference><![CDATA[]]></product_supplier_reference>
<product_supplier_price_te><![CDATA[0.000000]]></product_supplier_price_te>
<id_currency><![CDATA[3]]></id_currency>
</product_supplier>
<product_supplier><id_product_supplier><![CDATA[72]]></id_product_supplier>
<id_product><![CDATA[1418]]></id_product>
<id_product_attribute><![CDATA[7351]]></id_product_attribute>
<id_supplier><![CDATA[4]]></id_supplier>
<product_supplier_reference><![CDATA[]]></product_supplier_reference>
<product_supplier_price_te><![CDATA[0.000000]]></product_supplier_price_te>
<id_currency><![CDATA[3]]></id_currency>
</product_supplier>
<product_supplier><id_product_supplier><![CDATA[73]]></id_product_supplier>
<id_product><![CDATA[1418]]></id_product>
<id_product_attribute><![CDATA[7352]]></id_product_attribute>
<id_supplier><![CDATA[4]]></id_supplier>
<product_supplier_reference><![CDATA[]]></product_supplier_reference>
<product_supplier_price_te><![CDATA[0.000000]]></product_supplier_price_te>
<id_currency><![CDATA[3]]></id_currency>
</product_supplier>
<product_supplier><id_product_supplier><![CDATA[74]]></id_product_supplier>
<id_product><![CDATA[1418]]></id_product>
<id_product_attribute><![CDATA[7353]]></id_product_attribute>
<id_supplier><![CDATA[4]]></id_supplier>
<product_supplier_reference><![CDATA[]]></product_supplier_reference>
<product_supplier_price_te><![CDATA[0.000000]]></product_supplier_price_te>
<id_currency><![CDATA[3]]></id_currency>
</product_supplier>
<product_supplier><id_product_supplier><![CDATA[75]]></id_product_supplier>
<id_product><![CDATA[1418]]></id_product>
<id_product_attribute><![CDATA[7354]]></id_product_attribute>
<id_supplier><![CDATA[4]]></id_supplier>
<product_supplier_reference><![CDATA[]]></product_supplier_reference>
<product_supplier_price_te><![CDATA[0.000000]]></product_supplier_price_te>
<id_currency><![CDATA[3]]></id_currency>
</product_supplier>
<product_supplier><id_product_supplier><![CDATA[76]]></id_product_supplier>
<id_product><![CDATA[1418]]></id_product>
<id_product_attribute><![CDATA[7355]]></id_product_attribute>
<id_supplier><![CDATA[4]]></id_supplier>
<product_supplier_reference><![CDATA[]]></product_supplier_reference>
<product_supplier_price_te><![CDATA[0.000000]]></product_supplier_price_te>
<id_currency><![CDATA[3]]></id_currency>
</product_supplier>
<product_supplier><id_product_supplier><![CDATA[77]]></id_product_supplier>
<id_product><![CDATA[1420]]></id_product>
<id_product_attribute><![CDATA[7356]]></id_product_attribute>
<id_supplier><![CDATA[4]]></id_supplier>
<product_supplier_reference><![CDATA[]]></product_supplier_reference>
<product_supplier_price_te><![CDATA[0.000000]]></product_supplier_price_te>
<id_currency><![CDATA[3]]></id_currency>
</product_supplier>
<product_supplier><id_product_supplier><![CDATA[78]]></id_product_supplier>
<id_product><![CDATA[1420]]></id_product>
<id_product_attribute><![CDATA[7357]]></id_product_attribute>
<id_supplier><![CDATA[4]]></id_supplier>
<product_supplier_reference><![CDATA[]]></product_supplier_reference>
<product_supplier_price_te><![CDATA[0.000000]]></product_supplier_price_te>
<id_currency><![CDATA[3]]></id_currency>
</product_supplier>
<product_supplier><id_product_supplier><![CDATA[79]]></id_product_supplier>
<id_product><![CDATA[1420]]></id_product>
<id_product_attribute><![CDATA[7358]]></id_product_attribute>
<id_supplier><![CDATA[4]]></id_supplier>
<product_supplier_reference><![CDATA[]]></product_supplier_reference>
<product_supplier_price_te><![CDATA[0.000000]]></product_supplier_price_te>
<id_currency><![CDATA[3]]></id_currency>
</product_supplier>
<product_supplier><id_product_supplier><![CDATA[80]]></id_product_supplier>
<id_product><![CDATA[1420]]></id_product>
<id_product_attribute><![CDATA[7359]]></id_product_attribute>
<id_supplier><![CDATA[4]]></id_supplier>
<product_supplier_reference><![CDATA[]]></product_supplier_reference>
<product_supplier_price_te><![CDATA[0.000000]]></product_supplier_price_te>
<id_currency><![CDATA[3]]></id_currency>
</product_supplier>
<product_supplier><id_product_supplier><![CDATA[81]]></id_product_supplier>
<id_product><![CDATA[1420]]></id_product>
<id_product_attribute><![CDATA[7360]]></id_product_attribute>
<id_supplier><![CDATA[4]]></id_supplier>
<product_supplier_reference><![CDATA[]]></product_supplier_reference>
<product_supplier_price_te><![CDATA[0.000000]]></product_supplier_price_te>
<id_currency><![CDATA[3]]></id_currency>
</product_supplier>
<product_supplier><id_product_supplier><![CDATA[82]]></id_product_supplier>
<id_product><![CDATA[1420]]></id_product>
<id_product_attribute><![CDATA[7361]]></id_product_attribute>
<id_supplier><![CDATA[4]]></id_supplier>
<product_supplier_reference><![CDATA[]]></product_supplier_reference>
<product_supplier_price_te><![CDATA[0.000000]]></product_supplier_price_te>
<id_currency><![CDATA[3]]></id_currency>
</product_supplier>
<product_supplier><id_product_supplier><![CDATA[83]]></id_product_supplier>
<id_product><![CDATA[1420]]></id_product>
<id_product_attribute><![CDATA[7362]]></id_product_attribute>
<id_supplier><![CDATA[4]]></id_supplier>
<product_supplier_reference><![CDATA[]]></product_supplier_reference>
<product_supplier_price_te><![CDATA[0.000000]]></product_supplier_price_te>
<id_currency><![CDATA[3]]></id_currency>
</product_supplier>
<product_supplier><id_product_supplier><![CDATA[84]]></id_product_supplier>
<id_product><![CDATA[1420]]></id_product>
<id_product_attribute><![CDATA[7363]]></id_product_attribute>
<id_supplier><![CDATA[4]]></id_supplier>
<product_supplier_reference><![CDATA[]]></product_supplier_reference>
<product_supplier_price_te><![CDATA[0.000000]]></product_supplier_price_te>
<id_currency><![CDATA[3]]></id_currency>
</product_supplier>
<product_supplier><id_product_supplier><![CDATA[85]]></id_product_supplier>
<id_product><![CDATA[1421]]></id_product>
<id_product_attribute><![CDATA[7364]]></id_product_attribute>
<id_supplier><![CDATA[4]]></id_supplier>
<product_supplier_reference><![CDATA[]]></product_supplier_reference>
<product_supplier_price_te><![CDATA[0.000000]]></product_supplier_price_te>
<id_currency><![CDATA[3]]></id_currency>
</product_supplier>
<product_supplier><id_product_supplier><![CDATA[86]]></id_product_supplier>
<id_product><![CDATA[1421]]></id_product>
<id_product_attribute><![CDATA[7365]]></id_product_attribute>
<id_supplier><![CDATA[4]]></id_supplier>
<product_supplier_reference><![CDATA[]]></product_supplier_reference>
<product_supplier_price_te><![CDATA[0.000000]]></product_supplier_price_te>
<id_currency><![CDATA[3]]></id_currency>
</product_supplier>
<product_supplier><id_product_supplier><![CDATA[87]]></id_product_supplier>
<id_product><![CDATA[1421]]></id_product>
<id_product_attribute><![CDATA[7366]]></id_product_attribute>
<id_supplier><![CDATA[4]]></id_supplier>
<product_supplier_reference><![CDATA[]]></product_supplier_reference>
<product_supplier_price_te><![CDATA[0.000000]]></product_supplier_price_te>
<id_currency><![CDATA[3]]></id_currency>
</product_supplier>
<product_supplier><id_product_supplier><![CDATA[88]]></id_product_supplier>
<id_product><![CDATA[1421]]></id_product>
<id_product_attribute><![CDATA[7367]]></id_product_attribute>
<id_supplier><![CDATA[4]]></id_supplier>
<product_supplier_reference><![CDATA[]]></product_supplier_reference>
<product_supplier_price_te><![CDATA[0.000000]]></product_supplier_price_te>
<id_currency><![CDATA[3]]></id_currency>
</product_supplier>
<product_supplier><id_product_supplier><![CDATA[89]]></id_product_supplier>
<id_product><![CDATA[1421]]></id_product>
<id_product_attribute><![CDATA[7368]]></id_product_attribute>
<id_supplier><![CDATA[4]]></id_supplier>
<product_supplier_reference><![CDATA[]]></product_supplier_reference>
<product_supplier_price_te><![CDATA[0.000000]]></product_supplier_price_te>
<id_currency><![CDATA[3]]></id_currency>
</product_supplier>
<product_supplier><id_product_supplier><![CDATA[90]]></id_product_supplier>
<id_product><![CDATA[1421]]></id_product>
<id_product_attribute><![CDATA[7369]]></id_product_attribute>
<id_supplier><![CDATA[4]]></id_supplier>
<product_supplier_reference><![CDATA[]]></product_supplier_reference>
<product_supplier_price_te><![CDATA[0.000000]]></product_supplier_price_te>
<id_currency><![CDATA[3]]></id_currency>
</product_supplier>
<product_supplier><id_product_supplier><![CDATA[91]]></id_product_supplier>
<id_product><![CDATA[1421]]></id_product>
<id_product_attribute><![CDATA[7370]]></id_product_attribute>
<id_supplier><![CDATA[4]]></id_supplier>
<product_supplier_reference><![CDATA[]]></product_supplier_reference>
<product_supplier_price_te><![CDATA[0.000000]]></product_supplier_price_te>
<id_currency><![CDATA[3]]></id_currency>
</product_supplier>
<product_supplier><id_product_supplier><![CDATA[92]]></id_product_supplier>
<id_product><![CDATA[2286]]></id_product>
<id_product_attribute><![CDATA[7389]]></id_product_attribute>
<id_supplier><![CDATA[4]]></id_supplier>
<product_supplier_reference><![CDATA[]]></product_supplier_reference>
<product_supplier_price_te><![CDATA[0.000000]]></product_supplier_price_te>
<id_currency><![CDATA[3]]></id_currency>
</product_supplier>
<product_supplier><id_product_supplier><![CDATA[93]]></id_product_supplier>
<id_product><![CDATA[2286]]></id_product>
<id_product_attribute><![CDATA[7390]]></id_product_attribute>
<id_supplier><![CDATA[4]]></id_supplier>
<product_supplier_reference><![CDATA[]]></product_supplier_reference>
<product_supplier_price_te><![CDATA[0.000000]]></product_supplier_price_te>
<id_currency><![CDATA[3]]></id_currency>
</product_supplier>
<product_supplier><id_product_supplier><![CDATA[94]]></id_product_supplier>
<id_product><![CDATA[2286]]></id_product>
<id_product_attribute><![CDATA[7391]]></id_product_attribute>
<id_supplier><![CDATA[4]]></id_supplier>
<product_supplier_reference><![CDATA[]]></product_supplier_reference>
<product_supplier_price_te><![CDATA[0.000000]]></product_supplier_price_te>
<id_currency><![CDATA[3]]></id_currency>
</product_supplier>
<product_supplier><id_product_supplier><![CDATA[95]]></id_product_supplier>
<id_product><![CDATA[2286]]></id_product>
<id_product_attribute><![CDATA[7392]]></id_product_attribute>
<id_supplier><![CDATA[4]]></id_supplier>
<product_supplier_reference><![CDATA[]]></product_supplier_reference>
<product_supplier_price_te><![CDATA[0.000000]]></product_supplier_price_te>
<id_currency><![CDATA[3]]></id_currency>
</product_supplier>
<product_supplier><id_product_supplier><![CDATA[96]]></id_product_supplier>
<id_product><![CDATA[2286]]></id_product>
<id_product_attribute><![CDATA[7393]]></id_product_attribute>
<id_supplier><![CDATA[4]]></id_supplier>
<product_supplier_reference><![CDATA[]]></product_supplier_reference>
<product_supplier_price_te><![CDATA[0.000000]]></product_supplier_price_te>
<id_currency><![CDATA[3]]></id_currency>
</product_supplier>
<product_supplier><id_product_supplier><![CDATA[97]]></id_product_supplier>
<id_product><![CDATA[2286]]></id_product>
<id_product_attribute><![CDATA[7394]]></id_product_attribute>
<id_supplier><![CDATA[4]]></id_supplier>
<product_supplier_reference><![CDATA[]]></product_supplier_reference>
<product_supplier_price_te><![CDATA[0.000000]]></product_supplier_price_te>
<id_currency><![CDATA[3]]></id_currency>
</product_supplier>
<product_supplier><id_product_supplier><![CDATA[98]]></id_product_supplier>
<id_product><![CDATA[2286]]></id_product>
<id_product_attribute><![CDATA[7395]]></id_product_attribute>
<id_supplier><![CDATA[4]]></id_supplier>
<product_supplier_reference><![CDATA[]]></product_supplier_reference>
<product_supplier_price_te><![CDATA[0.000000]]></product_supplier_price_te>
<id_currency><![CDATA[3]]></id_currency>
</product_supplier>
<product_supplier><id_product_supplier><![CDATA[99]]></id_product_supplier>
<id_product><![CDATA[2286]]></id_product>
<id_product_attribute><![CDATA[7396]]></id_product_attribute>
<id_supplier><![CDATA[4]]></id_supplier>
<product_supplier_reference><![CDATA[]]></product_supplier_reference>
<product_supplier_price_te><![CDATA[0.000000]]></product_supplier_price_te>
<id_currency><![CDATA[3]]></id_currency>
</product_supplier>
<product_supplier><id_product_supplier><![CDATA[100]]></id_product_supplier>
<id_product><![CDATA[2288]]></id_product>
<id_product_attribute><![CDATA[7397]]></id_product_attribute>
<id_supplier><![CDATA[4]]></id_supplier>
<product_supplier_reference><![CDATA[]]></product_supplier_reference>
<product_supplier_price_te><![CDATA[0.000000]]></product_supplier_price_te>
<id_currency><![CDATA[3]]></id_currency>
</product_supplier>
<product_supplier><id_product_supplier><![CDATA[101]]></id_product_supplier>
<id_product><![CDATA[2288]]></id_product>
<id_product_attribute><![CDATA[7398]]></id_product_attribute>
<id_supplier><![CDATA[4]]></id_supplier>
<product_supplier_reference><![CDATA[]]></product_supplier_reference>
<product_supplier_price_te><![CDATA[0.000000]]></product_supplier_price_te>
<id_currency><![CDATA[3]]></id_currency>
</product_supplier>
<product_supplier><id_product_supplier><![CDATA[102]]></id_product_supplier>
<id_product><![CDATA[2288]]></id_product>
<id_product_attribute><![CDATA[7399]]></id_product_attribute>
<id_supplier><![CDATA[4]]></id_supplier>
<product_supplier_reference><![CDATA[]]></product_supplier_reference>
<product_supplier_price_te><![CDATA[0.000000]]></product_supplier_price_te>
<id_currency><![CDATA[3]]></id_currency>
</product_supplier>
<product_supplier><id_product_supplier><![CDATA[103]]></id_product_supplier>
<id_product><![CDATA[2288]]></id_product>
<id_product_attribute><![CDATA[7400]]></id_product_attribute>
<id_supplier><![CDATA[4]]></id_supplier>
<product_supplier_reference><![CDATA[]]></product_supplier_reference>
<product_supplier_price_te><![CDATA[0.000000]]></product_supplier_price_te>
<id_currency><![CDATA[3]]></id_currency>
</product_supplier>
<product_supplier><id_product_supplier><![CDATA[104]]></id_product_supplier>
<id_product><![CDATA[2288]]></id_product>
<id_product_attribute><![CDATA[7401]]></id_product_attribute>
<id_supplier><![CDATA[4]]></id_supplier>
<product_supplier_reference><![CDATA[]]></product_supplier_reference>
<product_supplier_price_te><![CDATA[0.000000]]></product_supplier_price_te>
<id_currency><![CDATA[3]]></id_currency>
</product_supplier>
<product_supplier><id_product_supplier><![CDATA[105]]></id_product_supplier>
<id_product><![CDATA[2288]]></id_product>
<id_product_attribute><![CDATA[7402]]></id_product_attribute>
<id_supplier><![CDATA[4]]></id_supplier>
<product_supplier_reference><![CDATA[]]></product_supplier_reference>
<product_supplier_price_te><![CDATA[0.000000]]></product_supplier_price_te>
<id_currency><![CDATA[3]]></id_currency>
</product_supplier>
<product_supplier><id_product_supplier><![CDATA[106]]></id_product_supplier>
<id_product><![CDATA[2288]]></id_product>
<id_product_attribute><![CDATA[7403]]></id_product_attribute>
<id_supplier><![CDATA[4]]></id_supplier>
<product_supplier_reference><![CDATA[]]></product_supplier_reference>
<product_supplier_price_te><![CDATA[0.000000]]></product_supplier_price_te>
<id_currency><![CDATA[3]]></id_currency>
</product_supplier>
<product_supplier><id_product_supplier><![CDATA[107]]></id_product_supplier>
<id_product><![CDATA[2288]]></id_product>
<id_product_attribute><![CDATA[7404]]></id_product_attribute>
<id_supplier><![CDATA[4]]></id_supplier>
<product_supplier_reference><![CDATA[]]></product_supplier_reference>
<product_supplier_price_te><![CDATA[0.000000]]></product_supplier_price_te>
<id_currency><![CDATA[3]]></id_currency>
</product_supplier>
<product_supplier><id_product_supplier><![CDATA[108]]></id_product_supplier>
<id_product><![CDATA[2290]]></id_product>
<id_product_attribute><![CDATA[7405]]></id_product_attribute>
<id_supplier><![CDATA[4]]></id_supplier>
<product_supplier_reference><![CDATA[]]></product_supplier_reference>
<product_supplier_price_te><![CDATA[0.000000]]></product_supplier_price_te>
<id_currency><![CDATA[3]]></id_currency>
</product_supplier>
<product_supplier><id_product_supplier><![CDATA[109]]></id_product_supplier>
<id_product><![CDATA[2290]]></id_product>
<id_product_attribute><![CDATA[7406]]></id_product_attribute>
<id_supplier><![CDATA[4]]></id_supplier>
<product_supplier_reference><![CDATA[]]></product_supplier_reference>
<product_supplier_price_te><![CDATA[0.000000]]></product_supplier_price_te>
<id_currency><![CDATA[3]]></id_currency>
</product_supplier>
<product_supplier><id_product_supplier><![CDATA[110]]></id_product_supplier>
<id_product><![CDATA[2290]]></id_product>
<id_product_attribute><![CDATA[7407]]></id_product_attribute>
<id_supplier><![CDATA[4]]></id_supplier>
<product_supplier_reference><![CDATA[]]></product_supplier_reference>
<product_supplier_price_te><![CDATA[0.000000]]></product_supplier_price_te>
<id_currency><![CDATA[3]]></id_currency>
</product_supplier>
<product_supplier><id_product_supplier><![CDATA[111]]></id_product_supplier>
<id_product><![CDATA[2290]]></id_product>
<id_product_attribute><![CDATA[7408]]></id_product_attribute>
<id_supplier><![CDATA[4]]></id_supplier>
<product_supplier_reference><![CDATA[]]></product_supplier_reference>
<product_supplier_price_te><![CDATA[0.000000]]></product_supplier_price_te>
<id_currency><![CDATA[3]]></id_currency>
</product_supplier>
<product_supplier><id_product_supplier><![CDATA[112]]></id_product_supplier>
<id_product><![CDATA[2290]]></id_product>
<id_product_attribute><![CDATA[7409]]></id_product_attribute>
<id_supplier><![CDATA[4]]></id_supplier>
<product_supplier_reference><![CDATA[]]></product_supplier_reference>
<product_supplier_price_te><![CDATA[0.000000]]></product_supplier_price_te>
<id_currency><![CDATA[3]]></id_currency>
</product_supplier>
<product_supplier><id_product_supplier><![CDATA[113]]></id_product_supplier>
<id_product><![CDATA[2290]]></id_product>
<id_product_attribute><![CDATA[7410]]></id_product_attribute>
<id_supplier><![CDATA[4]]></id_supplier>
<product_supplier_reference><![CDATA[]]></product_supplier_reference>
<product_supplier_price_te><![CDATA[0.000000]]></product_supplier_price_te>
<id_currency><![CDATA[3]]></id_currency>
</product_supplier>
<product_supplier><id_product_supplier><![CDATA[114]]></id_product_supplier>
<id_product><![CDATA[2290]]></id_product>
<id_product_attribute><![CDATA[7411]]></id_product_attribute>
<id_supplier><![CDATA[4]]></id_supplier>
<product_supplier_reference><![CDATA[]]></product_supplier_reference>
<product_supplier_price_te><![CDATA[0.000000]]></product_supplier_price_te>
<id_currency><![CDATA[3]]></id_currency>
</product_supplier>
<product_supplier><id_product_supplier><![CDATA[115]]></id_product_supplier>
<id_product><![CDATA[2290]]></id_product>
<id_product_attribute><![CDATA[7412]]></id_product_attribute>
<id_supplier><![CDATA[4]]></id_supplier>
<product_supplier_reference><![CDATA[]]></product_supplier_reference>
<product_supplier_price_te><![CDATA[0.000000]]></product_supplier_price_te>
<id_currency><![CDATA[3]]></id_currency>
</product_supplier>
<product_supplier><id_product_supplier><![CDATA[116]]></id_product_supplier>
<id_product><![CDATA[2291]]></id_product>
<id_product_attribute><![CDATA[7413]]></id_product_attribute>
<id_supplier><![CDATA[4]]></id_supplier>
<product_supplier_reference><![CDATA[]]></product_supplier_reference>
<product_supplier_price_te><![CDATA[0.000000]]></product_supplier_price_te>
<id_currency><![CDATA[3]]></id_currency>
</product_supplier>
<product_supplier><id_product_supplier><![CDATA[117]]></id_product_supplier>
<id_product><![CDATA[2291]]></id_product>
<id_product_attribute><![CDATA[7414]]></id_product_attribute>
<id_supplier><![CDATA[4]]></id_supplier>
<product_supplier_reference><![CDATA[]]></product_supplier_reference>
<product_supplier_price_te><![CDATA[0.000000]]></product_supplier_price_te>
<id_currency><![CDATA[3]]></id_currency>
</product_supplier>
<product_supplier><id_product_supplier><![CDATA[118]]></id_product_supplier>
<id_product><![CDATA[2291]]></id_product>
<id_product_attribute><![CDATA[7415]]></id_product_attribute>
<id_supplier><![CDATA[4]]></id_supplier>
<product_supplier_reference><![CDATA[]]></product_supplier_reference>
<product_supplier_price_te><![CDATA[0.000000]]></product_supplier_price_te>
<id_currency><![CDATA[3]]></id_currency>
</product_supplier>
<product_supplier><id_product_supplier><![CDATA[119]]></id_product_supplier>
<id_product><![CDATA[2291]]></id_product>
<id_product_attribute><![CDATA[7416]]></id_product_attribute>
<id_supplier><![CDATA[4]]></id_supplier>
<product_supplier_reference><![CDATA[]]></product_supplier_reference>
<product_supplier_price_te><![CDATA[0.000000]]></product_supplier_price_te>
<id_currency><![CDATA[3]]></id_currency>
</product_supplier>
<product_supplier><id_product_supplier><![CDATA[120]]></id_product_supplier>
<id_product><![CDATA[2291]]></id_product>
<id_product_attribute><![CDATA[7417]]></id_product_attribute>
<id_supplier><![CDATA[4]]></id_supplier>
<product_supplier_reference><![CDATA[]]></product_supplier_reference>
<product_supplier_price_te><![CDATA[0.000000]]></product_supplier_price_te>
<id_currency><![CDATA[3]]></id_currency>
</product_supplier>
<product_supplier><id_product_supplier><![CDATA[121]]></id_product_supplier>
<id_product><![CDATA[2291]]></id_product>
<id_product_attribute><![CDATA[7418]]></id_product_attribute>
<id_supplier><![CDATA[4]]></id_supplier>
<product_supplier_reference><![CDATA[]]></product_supplier_reference>
<product_supplier_price_te><![CDATA[0.000000]]></product_supplier_price_te>
<id_currency><![CDATA[3]]></id_currency>
</product_supplier>
<product_supplier><id_product_supplier><![CDATA[122]]></id_product_supplier>
<id_product><![CDATA[2291]]></id_product>
<id_product_attribute><![CDATA[7420]]></id_product_attribute>
<id_supplier><![CDATA[4]]></id_supplier>
<product_supplier_reference><![CDATA[]]></product_supplier_reference>
<product_supplier_price_te><![CDATA[0.000000]]></product_supplier_price_te>
<id_currency><![CDATA[3]]></id_currency>
</product_supplier>
<product_supplier><id_product_supplier><![CDATA[123]]></id_product_supplier>
<id_product><![CDATA[2291]]></id_product>
<id_product_attribute><![CDATA[7419]]></id_product_attribute>
<id_supplier><![CDATA[4]]></id_supplier>
<product_supplier_reference><![CDATA[]]></product_supplier_reference>
<product_supplier_price_te><![CDATA[0.000000]]></product_supplier_price_te>
<id_currency><![CDATA[3]]></id_currency>
</product_supplier>
</entity_profile>
