<?xml version="1.0" encoding="UTF-8"?>
<entity_profile>
<product_attribute_combination><id_attribute><![CDATA[126]]></id_attribute>
<id_product_attribute><![CDATA[1512]]></id_product_attribute>
</product_attribute_combination>
<product_attribute_combination><id_attribute><![CDATA[126]]></id_attribute>
<id_product_attribute><![CDATA[1513]]></id_product_attribute>
</product_attribute_combination>
<product_attribute_combination><id_attribute><![CDATA[120]]></id_attribute>
<id_product_attribute><![CDATA[1514]]></id_product_attribute>
</product_attribute_combination>
<product_attribute_combination><id_attribute><![CDATA[121]]></id_attribute>
<id_product_attribute><![CDATA[1515]]></id_product_attribute>
</product_attribute_combination>
<product_attribute_combination><id_attribute><![CDATA[122]]></id_attribute>
<id_product_attribute><![CDATA[1516]]></id_product_attribute>
</product_attribute_combination>
<product_attribute_combination><id_attribute><![CDATA[126]]></id_attribute>
<id_product_attribute><![CDATA[1517]]></id_product_attribute>
</product_attribute_combination>
<product_attribute_combination><id_attribute><![CDATA[123]]></id_attribute>
<id_product_attribute><![CDATA[1518]]></id_product_attribute>
</product_attribute_combination>
<product_attribute_combination><id_attribute><![CDATA[124]]></id_attribute>
<id_product_attribute><![CDATA[1519]]></id_product_attribute>
</product_attribute_combination>
<product_attribute_combination><id_attribute><![CDATA[125]]></id_attribute>
<id_product_attribute><![CDATA[1520]]></id_product_attribute>
</product_attribute_combination>
<product_attribute_combination><id_attribute><![CDATA[126]]></id_attribute>
<id_product_attribute><![CDATA[1521]]></id_product_attribute>
</product_attribute_combination>
<product_attribute_combination><id_attribute><![CDATA[120]]></id_attribute>
<id_product_attribute><![CDATA[1522]]></id_product_attribute>
</product_attribute_combination>
<product_attribute_combination><id_attribute><![CDATA[121]]></id_attribute>
<id_product_attribute><![CDATA[1523]]></id_product_attribute>
</product_attribute_combination>
<product_attribute_combination><id_attribute><![CDATA[122]]></id_attribute>
<id_product_attribute><![CDATA[1524]]></id_product_attribute>
</product_attribute_combination>
<product_attribute_combination><id_attribute><![CDATA[126]]></id_attribute>
<id_product_attribute><![CDATA[1525]]></id_product_attribute>
</product_attribute_combination>
<product_attribute_combination><id_attribute><![CDATA[123]]></id_attribute>
<id_product_attribute><![CDATA[1526]]></id_product_attribute>
</product_attribute_combination>
<product_attribute_combination><id_attribute><![CDATA[124]]></id_attribute>
<id_product_attribute><![CDATA[1527]]></id_product_attribute>
</product_attribute_combination>
<product_attribute_combination><id_attribute><![CDATA[125]]></id_attribute>
<id_product_attribute><![CDATA[1528]]></id_product_attribute>
</product_attribute_combination>
<product_attribute_combination><id_attribute><![CDATA[126]]></id_attribute>
<id_product_attribute><![CDATA[1529]]></id_product_attribute>
</product_attribute_combination>
<product_attribute_combination><id_attribute><![CDATA[120]]></id_attribute>
<id_product_attribute><![CDATA[1530]]></id_product_attribute>
</product_attribute_combination>
<product_attribute_combination><id_attribute><![CDATA[121]]></id_attribute>
<id_product_attribute><![CDATA[1531]]></id_product_attribute>
</product_attribute_combination>
<product_attribute_combination><id_attribute><![CDATA[122]]></id_attribute>
<id_product_attribute><![CDATA[1532]]></id_product_attribute>
</product_attribute_combination>
<product_attribute_combination><id_attribute><![CDATA[126]]></id_attribute>
<id_product_attribute><![CDATA[1533]]></id_product_attribute>
</product_attribute_combination>
<product_attribute_combination><id_attribute><![CDATA[123]]></id_attribute>
<id_product_attribute><![CDATA[1534]]></id_product_attribute>
</product_attribute_combination>
<product_attribute_combination><id_attribute><![CDATA[124]]></id_attribute>
<id_product_attribute><![CDATA[1535]]></id_product_attribute>
</product_attribute_combination>
<product_attribute_combination><id_attribute><![CDATA[125]]></id_attribute>
<id_product_attribute><![CDATA[1536]]></id_product_attribute>
</product_attribute_combination>
<product_attribute_combination><id_attribute><![CDATA[126]]></id_attribute>
<id_product_attribute><![CDATA[1537]]></id_product_attribute>
</product_attribute_combination>
<product_attribute_combination><id_attribute><![CDATA[123]]></id_attribute>
<id_product_attribute><![CDATA[1538]]></id_product_attribute>
</product_attribute_combination>
<product_attribute_combination><id_attribute><![CDATA[124]]></id_attribute>
<id_product_attribute><![CDATA[1539]]></id_product_attribute>
</product_attribute_combination>
<product_attribute_combination><id_attribute><![CDATA[125]]></id_attribute>
<id_product_attribute><![CDATA[1540]]></id_product_attribute>
</product_attribute_combination>
<product_attribute_combination><id_attribute><![CDATA[126]]></id_attribute>
<id_product_attribute><![CDATA[1541]]></id_product_attribute>
</product_attribute_combination>
<product_attribute_combination><id_attribute><![CDATA[124]]></id_attribute>
<id_product_attribute><![CDATA[1542]]></id_product_attribute>
</product_attribute_combination>
<product_attribute_combination><id_attribute><![CDATA[123]]></id_attribute>
<id_product_attribute><![CDATA[1543]]></id_product_attribute>
</product_attribute_combination>
<product_attribute_combination><id_attribute><![CDATA[125]]></id_attribute>
<id_product_attribute><![CDATA[1544]]></id_product_attribute>
</product_attribute_combination>
<product_attribute_combination><id_attribute><![CDATA[126]]></id_attribute>
<id_product_attribute><![CDATA[1545]]></id_product_attribute>
</product_attribute_combination>
<product_attribute_combination><id_attribute><![CDATA[123]]></id_attribute>
<id_product_attribute><![CDATA[1546]]></id_product_attribute>
</product_attribute_combination>
<product_attribute_combination><id_attribute><![CDATA[124]]></id_attribute>
<id_product_attribute><![CDATA[1547]]></id_product_attribute>
</product_attribute_combination>
<product_attribute_combination><id_attribute><![CDATA[125]]></id_attribute>
<id_product_attribute><![CDATA[1548]]></id_product_attribute>
</product_attribute_combination>
<product_attribute_combination><id_attribute><![CDATA[126]]></id_attribute>
<id_product_attribute><![CDATA[1549]]></id_product_attribute>
</product_attribute_combination>
<product_attribute_combination><id_attribute><![CDATA[123]]></id_attribute>
<id_product_attribute><![CDATA[1550]]></id_product_attribute>
</product_attribute_combination>
<product_attribute_combination><id_attribute><![CDATA[124]]></id_attribute>
<id_product_attribute><![CDATA[1551]]></id_product_attribute>
</product_attribute_combination>
<product_attribute_combination><id_attribute><![CDATA[125]]></id_attribute>
<id_product_attribute><![CDATA[1552]]></id_product_attribute>
</product_attribute_combination>
<product_attribute_combination><id_attribute><![CDATA[126]]></id_attribute>
<id_product_attribute><![CDATA[1553]]></id_product_attribute>
</product_attribute_combination>
<product_attribute_combination><id_attribute><![CDATA[123]]></id_attribute>
<id_product_attribute><![CDATA[1554]]></id_product_attribute>
</product_attribute_combination>
<product_attribute_combination><id_attribute><![CDATA[124]]></id_attribute>
<id_product_attribute><![CDATA[1555]]></id_product_attribute>
</product_attribute_combination>
<product_attribute_combination><id_attribute><![CDATA[125]]></id_attribute>
<id_product_attribute><![CDATA[1556]]></id_product_attribute>
</product_attribute_combination>
<product_attribute_combination><id_attribute><![CDATA[126]]></id_attribute>
<id_product_attribute><![CDATA[1557]]></id_product_attribute>
</product_attribute_combination>
<product_attribute_combination><id_attribute><![CDATA[123]]></id_attribute>
<id_product_attribute><![CDATA[1558]]></id_product_attribute>
</product_attribute_combination>
<product_attribute_combination><id_attribute><![CDATA[124]]></id_attribute>
<id_product_attribute><![CDATA[1559]]></id_product_attribute>
</product_attribute_combination>
<product_attribute_combination><id_attribute><![CDATA[125]]></id_attribute>
<id_product_attribute><![CDATA[1560]]></id_product_attribute>
</product_attribute_combination>
<product_attribute_combination><id_attribute><![CDATA[126]]></id_attribute>
<id_product_attribute><![CDATA[1561]]></id_product_attribute>
</product_attribute_combination>
<product_attribute_combination><id_attribute><![CDATA[123]]></id_attribute>
<id_product_attribute><![CDATA[1562]]></id_product_attribute>
</product_attribute_combination>
<product_attribute_combination><id_attribute><![CDATA[124]]></id_attribute>
<id_product_attribute><![CDATA[1563]]></id_product_attribute>
</product_attribute_combination>
<product_attribute_combination><id_attribute><![CDATA[125]]></id_attribute>
<id_product_attribute><![CDATA[1564]]></id_product_attribute>
</product_attribute_combination>
<product_attribute_combination><id_attribute><![CDATA[126]]></id_attribute>
<id_product_attribute><![CDATA[1565]]></id_product_attribute>
</product_attribute_combination>
<product_attribute_combination><id_attribute><![CDATA[123]]></id_attribute>
<id_product_attribute><![CDATA[1566]]></id_product_attribute>
</product_attribute_combination>
<product_attribute_combination><id_attribute><![CDATA[124]]></id_attribute>
<id_product_attribute><![CDATA[1567]]></id_product_attribute>
</product_attribute_combination>
<product_attribute_combination><id_attribute><![CDATA[125]]></id_attribute>
<id_product_attribute><![CDATA[1568]]></id_product_attribute>
</product_attribute_combination>
<product_attribute_combination><id_attribute><![CDATA[123]]></id_attribute>
<id_product_attribute><![CDATA[1569]]></id_product_attribute>
</product_attribute_combination>
<product_attribute_combination><id_attribute><![CDATA[126]]></id_attribute>
<id_product_attribute><![CDATA[1570]]></id_product_attribute>
</product_attribute_combination>
<product_attribute_combination><id_attribute><![CDATA[124]]></id_attribute>
<id_product_attribute><![CDATA[1571]]></id_product_attribute>
</product_attribute_combination>
<product_attribute_combination><id_attribute><![CDATA[125]]></id_attribute>
<id_product_attribute><![CDATA[1572]]></id_product_attribute>
</product_attribute_combination>
<product_attribute_combination><id_attribute><![CDATA[126]]></id_attribute>
<id_product_attribute><![CDATA[1573]]></id_product_attribute>
</product_attribute_combination>
<product_attribute_combination><id_attribute><![CDATA[123]]></id_attribute>
<id_product_attribute><![CDATA[1574]]></id_product_attribute>
</product_attribute_combination>
<product_attribute_combination><id_attribute><![CDATA[124]]></id_attribute>
<id_product_attribute><![CDATA[1575]]></id_product_attribute>
</product_attribute_combination>
<product_attribute_combination><id_attribute><![CDATA[125]]></id_attribute>
<id_product_attribute><![CDATA[1576]]></id_product_attribute>
</product_attribute_combination>
<product_attribute_combination><id_attribute><![CDATA[126]]></id_attribute>
<id_product_attribute><![CDATA[1577]]></id_product_attribute>
</product_attribute_combination>
<product_attribute_combination><id_attribute><![CDATA[123]]></id_attribute>
<id_product_attribute><![CDATA[1578]]></id_product_attribute>
</product_attribute_combination>
<product_attribute_combination><id_attribute><![CDATA[124]]></id_attribute>
<id_product_attribute><![CDATA[1579]]></id_product_attribute>
</product_attribute_combination>
<product_attribute_combination><id_attribute><![CDATA[125]]></id_attribute>
<id_product_attribute><![CDATA[1580]]></id_product_attribute>
</product_attribute_combination>
<product_attribute_combination><id_attribute><![CDATA[126]]></id_attribute>
<id_product_attribute><![CDATA[1581]]></id_product_attribute>
</product_attribute_combination>
<product_attribute_combination><id_attribute><![CDATA[123]]></id_attribute>
<id_product_attribute><![CDATA[1582]]></id_product_attribute>
</product_attribute_combination>
<product_attribute_combination><id_attribute><![CDATA[124]]></id_attribute>
<id_product_attribute><![CDATA[1583]]></id_product_attribute>
</product_attribute_combination>
<product_attribute_combination><id_attribute><![CDATA[125]]></id_attribute>
<id_product_attribute><![CDATA[1584]]></id_product_attribute>
</product_attribute_combination>
<product_attribute_combination><id_attribute><![CDATA[126]]></id_attribute>
<id_product_attribute><![CDATA[1585]]></id_product_attribute>
</product_attribute_combination>
<product_attribute_combination><id_attribute><![CDATA[123]]></id_attribute>
<id_product_attribute><![CDATA[1586]]></id_product_attribute>
</product_attribute_combination>
<product_attribute_combination><id_attribute><![CDATA[124]]></id_attribute>
<id_product_attribute><![CDATA[1587]]></id_product_attribute>
</product_attribute_combination>
<product_attribute_combination><id_attribute><![CDATA[125]]></id_attribute>
<id_product_attribute><![CDATA[1588]]></id_product_attribute>
</product_attribute_combination>
<product_attribute_combination><id_attribute><![CDATA[126]]></id_attribute>
<id_product_attribute><![CDATA[1589]]></id_product_attribute>
</product_attribute_combination>
<product_attribute_combination><id_attribute><![CDATA[123]]></id_attribute>
<id_product_attribute><![CDATA[1590]]></id_product_attribute>
</product_attribute_combination>
<product_attribute_combination><id_attribute><![CDATA[124]]></id_attribute>
<id_product_attribute><![CDATA[1591]]></id_product_attribute>
</product_attribute_combination>
<product_attribute_combination><id_attribute><![CDATA[125]]></id_attribute>
<id_product_attribute><![CDATA[1592]]></id_product_attribute>
</product_attribute_combination>
<product_attribute_combination><id_attribute><![CDATA[126]]></id_attribute>
<id_product_attribute><![CDATA[1593]]></id_product_attribute>
</product_attribute_combination>
<product_attribute_combination><id_attribute><![CDATA[120]]></id_attribute>
<id_product_attribute><![CDATA[1594]]></id_product_attribute>
</product_attribute_combination>
<product_attribute_combination><id_attribute><![CDATA[121]]></id_attribute>
<id_product_attribute><![CDATA[1595]]></id_product_attribute>
</product_attribute_combination>
<product_attribute_combination><id_attribute><![CDATA[122]]></id_attribute>
<id_product_attribute><![CDATA[1596]]></id_product_attribute>
</product_attribute_combination>
<product_attribute_combination><id_attribute><![CDATA[126]]></id_attribute>
<id_product_attribute><![CDATA[1597]]></id_product_attribute>
</product_attribute_combination>
<product_attribute_combination><id_attribute><![CDATA[120]]></id_attribute>
<id_product_attribute><![CDATA[1598]]></id_product_attribute>
</product_attribute_combination>
<product_attribute_combination><id_attribute><![CDATA[121]]></id_attribute>
<id_product_attribute><![CDATA[1599]]></id_product_attribute>
</product_attribute_combination>
<product_attribute_combination><id_attribute><![CDATA[122]]></id_attribute>
<id_product_attribute><![CDATA[1600]]></id_product_attribute>
</product_attribute_combination>
<product_attribute_combination><id_attribute><![CDATA[126]]></id_attribute>
<id_product_attribute><![CDATA[1601]]></id_product_attribute>
</product_attribute_combination>
<product_attribute_combination><id_attribute><![CDATA[120]]></id_attribute>
<id_product_attribute><![CDATA[1602]]></id_product_attribute>
</product_attribute_combination>
<product_attribute_combination><id_attribute><![CDATA[121]]></id_attribute>
<id_product_attribute><![CDATA[1603]]></id_product_attribute>
</product_attribute_combination>
<product_attribute_combination><id_attribute><![CDATA[122]]></id_attribute>
<id_product_attribute><![CDATA[1604]]></id_product_attribute>
</product_attribute_combination>
<product_attribute_combination><id_attribute><![CDATA[126]]></id_attribute>
<id_product_attribute><![CDATA[1605]]></id_product_attribute>
</product_attribute_combination>
<product_attribute_combination><id_attribute><![CDATA[121]]></id_attribute>
<id_product_attribute><![CDATA[1606]]></id_product_attribute>
</product_attribute_combination>
<product_attribute_combination><id_attribute><![CDATA[120]]></id_attribute>
<id_product_attribute><![CDATA[1607]]></id_product_attribute>
</product_attribute_combination>
<product_attribute_combination><id_attribute><![CDATA[122]]></id_attribute>
<id_product_attribute><![CDATA[1608]]></id_product_attribute>
</product_attribute_combination>
<product_attribute_combination><id_attribute><![CDATA[126]]></id_attribute>
<id_product_attribute><![CDATA[1609]]></id_product_attribute>
</product_attribute_combination>
<product_attribute_combination><id_attribute><![CDATA[120]]></id_attribute>
<id_product_attribute><![CDATA[1610]]></id_product_attribute>
</product_attribute_combination>
<product_attribute_combination><id_attribute><![CDATA[121]]></id_attribute>
<id_product_attribute><![CDATA[1611]]></id_product_attribute>
</product_attribute_combination>
<product_attribute_combination><id_attribute><![CDATA[122]]></id_attribute>
<id_product_attribute><![CDATA[1612]]></id_product_attribute>
</product_attribute_combination>
<product_attribute_combination><id_attribute><![CDATA[126]]></id_attribute>
<id_product_attribute><![CDATA[1613]]></id_product_attribute>
</product_attribute_combination>
<product_attribute_combination><id_attribute><![CDATA[120]]></id_attribute>
<id_product_attribute><![CDATA[1614]]></id_product_attribute>
</product_attribute_combination>
<product_attribute_combination><id_attribute><![CDATA[121]]></id_attribute>
<id_product_attribute><![CDATA[1615]]></id_product_attribute>
</product_attribute_combination>
<product_attribute_combination><id_attribute><![CDATA[122]]></id_attribute>
<id_product_attribute><![CDATA[1616]]></id_product_attribute>
</product_attribute_combination>
<product_attribute_combination><id_attribute><![CDATA[126]]></id_attribute>
<id_product_attribute><![CDATA[1617]]></id_product_attribute>
</product_attribute_combination>
<product_attribute_combination><id_attribute><![CDATA[120]]></id_attribute>
<id_product_attribute><![CDATA[1618]]></id_product_attribute>
</product_attribute_combination>
<product_attribute_combination><id_attribute><![CDATA[121]]></id_attribute>
<id_product_attribute><![CDATA[1619]]></id_product_attribute>
</product_attribute_combination>
<product_attribute_combination><id_attribute><![CDATA[122]]></id_attribute>
<id_product_attribute><![CDATA[1620]]></id_product_attribute>
</product_attribute_combination>
<product_attribute_combination><id_attribute><![CDATA[126]]></id_attribute>
<id_product_attribute><![CDATA[1621]]></id_product_attribute>
</product_attribute_combination>
<product_attribute_combination><id_attribute><![CDATA[120]]></id_attribute>
<id_product_attribute><![CDATA[1622]]></id_product_attribute>
</product_attribute_combination>
<product_attribute_combination><id_attribute><![CDATA[121]]></id_attribute>
<id_product_attribute><![CDATA[1623]]></id_product_attribute>
</product_attribute_combination>
<product_attribute_combination><id_attribute><![CDATA[122]]></id_attribute>
<id_product_attribute><![CDATA[1624]]></id_product_attribute>
</product_attribute_combination>
<product_attribute_combination><id_attribute><![CDATA[126]]></id_attribute>
<id_product_attribute><![CDATA[1625]]></id_product_attribute>
</product_attribute_combination>
<product_attribute_combination><id_attribute><![CDATA[120]]></id_attribute>
<id_product_attribute><![CDATA[1626]]></id_product_attribute>
</product_attribute_combination>
<product_attribute_combination><id_attribute><![CDATA[121]]></id_attribute>
<id_product_attribute><![CDATA[1627]]></id_product_attribute>
</product_attribute_combination>
<product_attribute_combination><id_attribute><![CDATA[122]]></id_attribute>
<id_product_attribute><![CDATA[1628]]></id_product_attribute>
</product_attribute_combination>
<product_attribute_combination><id_attribute><![CDATA[126]]></id_attribute>
<id_product_attribute><![CDATA[1629]]></id_product_attribute>
</product_attribute_combination>
<product_attribute_combination><id_attribute><![CDATA[120]]></id_attribute>
<id_product_attribute><![CDATA[1630]]></id_product_attribute>
</product_attribute_combination>
<product_attribute_combination><id_attribute><![CDATA[122]]></id_attribute>
<id_product_attribute><![CDATA[1631]]></id_product_attribute>
</product_attribute_combination>
<product_attribute_combination><id_attribute><![CDATA[121]]></id_attribute>
<id_product_attribute><![CDATA[1632]]></id_product_attribute>
</product_attribute_combination>
<product_attribute_combination><id_attribute><![CDATA[126]]></id_attribute>
<id_product_attribute><![CDATA[1633]]></id_product_attribute>
</product_attribute_combination>
<product_attribute_combination><id_attribute><![CDATA[120]]></id_attribute>
<id_product_attribute><![CDATA[1634]]></id_product_attribute>
</product_attribute_combination>
<product_attribute_combination><id_attribute><![CDATA[121]]></id_attribute>
<id_product_attribute><![CDATA[1635]]></id_product_attribute>
</product_attribute_combination>
<product_attribute_combination><id_attribute><![CDATA[122]]></id_attribute>
<id_product_attribute><![CDATA[1636]]></id_product_attribute>
</product_attribute_combination>
<product_attribute_combination><id_attribute><![CDATA[126]]></id_attribute>
<id_product_attribute><![CDATA[1637]]></id_product_attribute>
</product_attribute_combination>
<product_attribute_combination><id_attribute><![CDATA[120]]></id_attribute>
<id_product_attribute><![CDATA[1638]]></id_product_attribute>
</product_attribute_combination>
<product_attribute_combination><id_attribute><![CDATA[121]]></id_attribute>
<id_product_attribute><![CDATA[1639]]></id_product_attribute>
</product_attribute_combination>
<product_attribute_combination><id_attribute><![CDATA[122]]></id_attribute>
<id_product_attribute><![CDATA[1640]]></id_product_attribute>
</product_attribute_combination>
<product_attribute_combination><id_attribute><![CDATA[126]]></id_attribute>
<id_product_attribute><![CDATA[1641]]></id_product_attribute>
</product_attribute_combination>
<product_attribute_combination><id_attribute><![CDATA[120]]></id_attribute>
<id_product_attribute><![CDATA[1642]]></id_product_attribute>
</product_attribute_combination>
<product_attribute_combination><id_attribute><![CDATA[121]]></id_attribute>
<id_product_attribute><![CDATA[1643]]></id_product_attribute>
</product_attribute_combination>
<product_attribute_combination><id_attribute><![CDATA[122]]></id_attribute>
<id_product_attribute><![CDATA[1644]]></id_product_attribute>
</product_attribute_combination>
<product_attribute_combination><id_attribute><![CDATA[126]]></id_attribute>
<id_product_attribute><![CDATA[1645]]></id_product_attribute>
</product_attribute_combination>
<product_attribute_combination><id_attribute><![CDATA[120]]></id_attribute>
<id_product_attribute><![CDATA[1646]]></id_product_attribute>
</product_attribute_combination>
<product_attribute_combination><id_attribute><![CDATA[121]]></id_attribute>
<id_product_attribute><![CDATA[1647]]></id_product_attribute>
</product_attribute_combination>
<product_attribute_combination><id_attribute><![CDATA[122]]></id_attribute>
<id_product_attribute><![CDATA[1648]]></id_product_attribute>
</product_attribute_combination>
<product_attribute_combination><id_attribute><![CDATA[126]]></id_attribute>
<id_product_attribute><![CDATA[1649]]></id_product_attribute>
</product_attribute_combination>
<product_attribute_combination><id_attribute><![CDATA[121]]></id_attribute>
<id_product_attribute><![CDATA[1650]]></id_product_attribute>
</product_attribute_combination>
<product_attribute_combination><id_attribute><![CDATA[120]]></id_attribute>
<id_product_attribute><![CDATA[1651]]></id_product_attribute>
</product_attribute_combination>
<product_attribute_combination><id_attribute><![CDATA[122]]></id_attribute>
<id_product_attribute><![CDATA[1652]]></id_product_attribute>
</product_attribute_combination>
<product_attribute_combination><id_attribute><![CDATA[126]]></id_attribute>
<id_product_attribute><![CDATA[1653]]></id_product_attribute>
</product_attribute_combination>
<product_attribute_combination><id_attribute><![CDATA[120]]></id_attribute>
<id_product_attribute><![CDATA[1654]]></id_product_attribute>
</product_attribute_combination>
<product_attribute_combination><id_attribute><![CDATA[121]]></id_attribute>
<id_product_attribute><![CDATA[1655]]></id_product_attribute>
</product_attribute_combination>
<product_attribute_combination><id_attribute><![CDATA[122]]></id_attribute>
<id_product_attribute><![CDATA[1656]]></id_product_attribute>
</product_attribute_combination>
<product_attribute_combination><id_attribute><![CDATA[126]]></id_attribute>
<id_product_attribute><![CDATA[1657]]></id_product_attribute>
</product_attribute_combination>
<product_attribute_combination><id_attribute><![CDATA[123]]></id_attribute>
<id_product_attribute><![CDATA[1658]]></id_product_attribute>
</product_attribute_combination>
<product_attribute_combination><id_attribute><![CDATA[124]]></id_attribute>
<id_product_attribute><![CDATA[1659]]></id_product_attribute>
</product_attribute_combination>
<product_attribute_combination><id_attribute><![CDATA[125]]></id_attribute>
<id_product_attribute><![CDATA[1660]]></id_product_attribute>
</product_attribute_combination>
<product_attribute_combination><id_attribute><![CDATA[126]]></id_attribute>
<id_product_attribute><![CDATA[1661]]></id_product_attribute>
</product_attribute_combination>
<product_attribute_combination><id_attribute><![CDATA[123]]></id_attribute>
<id_product_attribute><![CDATA[1662]]></id_product_attribute>
</product_attribute_combination>
<product_attribute_combination><id_attribute><![CDATA[124]]></id_attribute>
<id_product_attribute><![CDATA[1663]]></id_product_attribute>
</product_attribute_combination>
<product_attribute_combination><id_attribute><![CDATA[125]]></id_attribute>
<id_product_attribute><![CDATA[1664]]></id_product_attribute>
</product_attribute_combination>
<product_attribute_combination><id_attribute><![CDATA[126]]></id_attribute>
<id_product_attribute><![CDATA[1665]]></id_product_attribute>
</product_attribute_combination>
<product_attribute_combination><id_attribute><![CDATA[123]]></id_attribute>
<id_product_attribute><![CDATA[1666]]></id_product_attribute>
</product_attribute_combination>
<product_attribute_combination><id_attribute><![CDATA[124]]></id_attribute>
<id_product_attribute><![CDATA[1667]]></id_product_attribute>
</product_attribute_combination>
<product_attribute_combination><id_attribute><![CDATA[125]]></id_attribute>
<id_product_attribute><![CDATA[1668]]></id_product_attribute>
</product_attribute_combination>
<product_attribute_combination><id_attribute><![CDATA[126]]></id_attribute>
<id_product_attribute><![CDATA[1669]]></id_product_attribute>
</product_attribute_combination>
<product_attribute_combination><id_attribute><![CDATA[123]]></id_attribute>
<id_product_attribute><![CDATA[1670]]></id_product_attribute>
</product_attribute_combination>
<product_attribute_combination><id_attribute><![CDATA[124]]></id_attribute>
<id_product_attribute><![CDATA[1671]]></id_product_attribute>
</product_attribute_combination>
<product_attribute_combination><id_attribute><![CDATA[125]]></id_attribute>
<id_product_attribute><![CDATA[1672]]></id_product_attribute>
</product_attribute_combination>
<product_attribute_combination><id_attribute><![CDATA[126]]></id_attribute>
<id_product_attribute><![CDATA[1673]]></id_product_attribute>
</product_attribute_combination>
<product_attribute_combination><id_attribute><![CDATA[123]]></id_attribute>
<id_product_attribute><![CDATA[1674]]></id_product_attribute>
</product_attribute_combination>
<product_attribute_combination><id_attribute><![CDATA[124]]></id_attribute>
<id_product_attribute><![CDATA[1675]]></id_product_attribute>
</product_attribute_combination>
<product_attribute_combination><id_attribute><![CDATA[125]]></id_attribute>
<id_product_attribute><![CDATA[1676]]></id_product_attribute>
</product_attribute_combination>
<product_attribute_combination><id_attribute><![CDATA[126]]></id_attribute>
<id_product_attribute><![CDATA[1677]]></id_product_attribute>
</product_attribute_combination>
<product_attribute_combination><id_attribute><![CDATA[123]]></id_attribute>
<id_product_attribute><![CDATA[1678]]></id_product_attribute>
</product_attribute_combination>
<product_attribute_combination><id_attribute><![CDATA[124]]></id_attribute>
<id_product_attribute><![CDATA[1679]]></id_product_attribute>
</product_attribute_combination>
<product_attribute_combination><id_attribute><![CDATA[125]]></id_attribute>
<id_product_attribute><![CDATA[1680]]></id_product_attribute>
</product_attribute_combination>
<product_attribute_combination><id_attribute><![CDATA[126]]></id_attribute>
<id_product_attribute><![CDATA[1681]]></id_product_attribute>
</product_attribute_combination>
<product_attribute_combination><id_attribute><![CDATA[123]]></id_attribute>
<id_product_attribute><![CDATA[1682]]></id_product_attribute>
</product_attribute_combination>
<product_attribute_combination><id_attribute><![CDATA[124]]></id_attribute>
<id_product_attribute><![CDATA[1683]]></id_product_attribute>
</product_attribute_combination>
<product_attribute_combination><id_attribute><![CDATA[125]]></id_attribute>
<id_product_attribute><![CDATA[1684]]></id_product_attribute>
</product_attribute_combination>
<product_attribute_combination><id_attribute><![CDATA[126]]></id_attribute>
<id_product_attribute><![CDATA[1685]]></id_product_attribute>
</product_attribute_combination>
<product_attribute_combination><id_attribute><![CDATA[123]]></id_attribute>
<id_product_attribute><![CDATA[1686]]></id_product_attribute>
</product_attribute_combination>
<product_attribute_combination><id_attribute><![CDATA[124]]></id_attribute>
<id_product_attribute><![CDATA[1687]]></id_product_attribute>
</product_attribute_combination>
<product_attribute_combination><id_attribute><![CDATA[125]]></id_attribute>
<id_product_attribute><![CDATA[1688]]></id_product_attribute>
</product_attribute_combination>
<product_attribute_combination><id_attribute><![CDATA[126]]></id_attribute>
<id_product_attribute><![CDATA[1689]]></id_product_attribute>
</product_attribute_combination>
<product_attribute_combination><id_attribute><![CDATA[123]]></id_attribute>
<id_product_attribute><![CDATA[1690]]></id_product_attribute>
</product_attribute_combination>
<product_attribute_combination><id_attribute><![CDATA[124]]></id_attribute>
<id_product_attribute><![CDATA[1691]]></id_product_attribute>
</product_attribute_combination>
<product_attribute_combination><id_attribute><![CDATA[125]]></id_attribute>
<id_product_attribute><![CDATA[1692]]></id_product_attribute>
</product_attribute_combination>
<product_attribute_combination><id_attribute><![CDATA[126]]></id_attribute>
<id_product_attribute><![CDATA[1693]]></id_product_attribute>
</product_attribute_combination>
<product_attribute_combination><id_attribute><![CDATA[123]]></id_attribute>
<id_product_attribute><![CDATA[1694]]></id_product_attribute>
</product_attribute_combination>
<product_attribute_combination><id_attribute><![CDATA[124]]></id_attribute>
<id_product_attribute><![CDATA[1695]]></id_product_attribute>
</product_attribute_combination>
<product_attribute_combination><id_attribute><![CDATA[125]]></id_attribute>
<id_product_attribute><![CDATA[1696]]></id_product_attribute>
</product_attribute_combination>
<product_attribute_combination><id_attribute><![CDATA[126]]></id_attribute>
<id_product_attribute><![CDATA[1697]]></id_product_attribute>
</product_attribute_combination>
<product_attribute_combination><id_attribute><![CDATA[123]]></id_attribute>
<id_product_attribute><![CDATA[1698]]></id_product_attribute>
</product_attribute_combination>
<product_attribute_combination><id_attribute><![CDATA[124]]></id_attribute>
<id_product_attribute><![CDATA[1699]]></id_product_attribute>
</product_attribute_combination>
<product_attribute_combination><id_attribute><![CDATA[125]]></id_attribute>
<id_product_attribute><![CDATA[1700]]></id_product_attribute>
</product_attribute_combination>
<product_attribute_combination><id_attribute><![CDATA[126]]></id_attribute>
<id_product_attribute><![CDATA[1701]]></id_product_attribute>
</product_attribute_combination>
<product_attribute_combination><id_attribute><![CDATA[123]]></id_attribute>
<id_product_attribute><![CDATA[1702]]></id_product_attribute>
</product_attribute_combination>
<product_attribute_combination><id_attribute><![CDATA[124]]></id_attribute>
<id_product_attribute><![CDATA[1703]]></id_product_attribute>
</product_attribute_combination>
<product_attribute_combination><id_attribute><![CDATA[125]]></id_attribute>
<id_product_attribute><![CDATA[1704]]></id_product_attribute>
</product_attribute_combination>
<product_attribute_combination><id_attribute><![CDATA[126]]></id_attribute>
<id_product_attribute><![CDATA[1705]]></id_product_attribute>
</product_attribute_combination>
<product_attribute_combination><id_attribute><![CDATA[123]]></id_attribute>
<id_product_attribute><![CDATA[1706]]></id_product_attribute>
</product_attribute_combination>
<product_attribute_combination><id_attribute><![CDATA[124]]></id_attribute>
<id_product_attribute><![CDATA[1707]]></id_product_attribute>
</product_attribute_combination>
<product_attribute_combination><id_attribute><![CDATA[125]]></id_attribute>
<id_product_attribute><![CDATA[1708]]></id_product_attribute>
</product_attribute_combination>
<product_attribute_combination><id_attribute><![CDATA[126]]></id_attribute>
<id_product_attribute><![CDATA[1709]]></id_product_attribute>
</product_attribute_combination>
<product_attribute_combination><id_attribute><![CDATA[123]]></id_attribute>
<id_product_attribute><![CDATA[1710]]></id_product_attribute>
</product_attribute_combination>
<product_attribute_combination><id_attribute><![CDATA[124]]></id_attribute>
<id_product_attribute><![CDATA[1711]]></id_product_attribute>
</product_attribute_combination>
<product_attribute_combination><id_attribute><![CDATA[125]]></id_attribute>
<id_product_attribute><![CDATA[1712]]></id_product_attribute>
</product_attribute_combination>
<product_attribute_combination><id_attribute><![CDATA[126]]></id_attribute>
<id_product_attribute><![CDATA[1713]]></id_product_attribute>
</product_attribute_combination>
<product_attribute_combination><id_attribute><![CDATA[123]]></id_attribute>
<id_product_attribute><![CDATA[1714]]></id_product_attribute>
</product_attribute_combination>
<product_attribute_combination><id_attribute><![CDATA[124]]></id_attribute>
<id_product_attribute><![CDATA[1715]]></id_product_attribute>
</product_attribute_combination>
<product_attribute_combination><id_attribute><![CDATA[125]]></id_attribute>
<id_product_attribute><![CDATA[1716]]></id_product_attribute>
</product_attribute_combination>
<product_attribute_combination><id_attribute><![CDATA[126]]></id_attribute>
<id_product_attribute><![CDATA[1717]]></id_product_attribute>
</product_attribute_combination>
<product_attribute_combination><id_attribute><![CDATA[120]]></id_attribute>
<id_product_attribute><![CDATA[1718]]></id_product_attribute>
</product_attribute_combination>
<product_attribute_combination><id_attribute><![CDATA[121]]></id_attribute>
<id_product_attribute><![CDATA[1719]]></id_product_attribute>
</product_attribute_combination>
<product_attribute_combination><id_attribute><![CDATA[122]]></id_attribute>
<id_product_attribute><![CDATA[1720]]></id_product_attribute>
</product_attribute_combination>
<product_attribute_combination><id_attribute><![CDATA[126]]></id_attribute>
<id_product_attribute><![CDATA[1721]]></id_product_attribute>
</product_attribute_combination>
<product_attribute_combination><id_attribute><![CDATA[120]]></id_attribute>
<id_product_attribute><![CDATA[1722]]></id_product_attribute>
</product_attribute_combination>
<product_attribute_combination><id_attribute><![CDATA[121]]></id_attribute>
<id_product_attribute><![CDATA[1723]]></id_product_attribute>
</product_attribute_combination>
<product_attribute_combination><id_attribute><![CDATA[122]]></id_attribute>
<id_product_attribute><![CDATA[1724]]></id_product_attribute>
</product_attribute_combination>
<product_attribute_combination><id_attribute><![CDATA[126]]></id_attribute>
<id_product_attribute><![CDATA[1725]]></id_product_attribute>
</product_attribute_combination>
<product_attribute_combination><id_attribute><![CDATA[120]]></id_attribute>
<id_product_attribute><![CDATA[1726]]></id_product_attribute>
</product_attribute_combination>
<product_attribute_combination><id_attribute><![CDATA[121]]></id_attribute>
<id_product_attribute><![CDATA[1727]]></id_product_attribute>
</product_attribute_combination>
<product_attribute_combination><id_attribute><![CDATA[122]]></id_attribute>
<id_product_attribute><![CDATA[1728]]></id_product_attribute>
</product_attribute_combination>
<product_attribute_combination><id_attribute><![CDATA[126]]></id_attribute>
<id_product_attribute><![CDATA[1729]]></id_product_attribute>
</product_attribute_combination>
<product_attribute_combination><id_attribute><![CDATA[120]]></id_attribute>
<id_product_attribute><![CDATA[1730]]></id_product_attribute>
</product_attribute_combination>
<product_attribute_combination><id_attribute><![CDATA[121]]></id_attribute>
<id_product_attribute><![CDATA[1731]]></id_product_attribute>
</product_attribute_combination>
<product_attribute_combination><id_attribute><![CDATA[122]]></id_attribute>
<id_product_attribute><![CDATA[1732]]></id_product_attribute>
</product_attribute_combination>
<product_attribute_combination><id_attribute><![CDATA[126]]></id_attribute>
<id_product_attribute><![CDATA[1733]]></id_product_attribute>
</product_attribute_combination>
<product_attribute_combination><id_attribute><![CDATA[120]]></id_attribute>
<id_product_attribute><![CDATA[1734]]></id_product_attribute>
</product_attribute_combination>
<product_attribute_combination><id_attribute><![CDATA[121]]></id_attribute>
<id_product_attribute><![CDATA[1735]]></id_product_attribute>
</product_attribute_combination>
<product_attribute_combination><id_attribute><![CDATA[122]]></id_attribute>
<id_product_attribute><![CDATA[1736]]></id_product_attribute>
</product_attribute_combination>
<product_attribute_combination><id_attribute><![CDATA[126]]></id_attribute>
<id_product_attribute><![CDATA[1737]]></id_product_attribute>
</product_attribute_combination>
<product_attribute_combination><id_attribute><![CDATA[120]]></id_attribute>
<id_product_attribute><![CDATA[1738]]></id_product_attribute>
</product_attribute_combination>
<product_attribute_combination><id_attribute><![CDATA[121]]></id_attribute>
<id_product_attribute><![CDATA[1739]]></id_product_attribute>
</product_attribute_combination>
<product_attribute_combination><id_attribute><![CDATA[122]]></id_attribute>
<id_product_attribute><![CDATA[1740]]></id_product_attribute>
</product_attribute_combination>
<product_attribute_combination><id_attribute><![CDATA[126]]></id_attribute>
<id_product_attribute><![CDATA[1741]]></id_product_attribute>
</product_attribute_combination>
<product_attribute_combination><id_attribute><![CDATA[120]]></id_attribute>
<id_product_attribute><![CDATA[1742]]></id_product_attribute>
</product_attribute_combination>
<product_attribute_combination><id_attribute><![CDATA[121]]></id_attribute>
<id_product_attribute><![CDATA[1743]]></id_product_attribute>
</product_attribute_combination>
<product_attribute_combination><id_attribute><![CDATA[122]]></id_attribute>
<id_product_attribute><![CDATA[1744]]></id_product_attribute>
</product_attribute_combination>
<product_attribute_combination><id_attribute><![CDATA[126]]></id_attribute>
<id_product_attribute><![CDATA[1745]]></id_product_attribute>
</product_attribute_combination>
<product_attribute_combination><id_attribute><![CDATA[120]]></id_attribute>
<id_product_attribute><![CDATA[1746]]></id_product_attribute>
</product_attribute_combination>
<product_attribute_combination><id_attribute><![CDATA[121]]></id_attribute>
<id_product_attribute><![CDATA[1747]]></id_product_attribute>
</product_attribute_combination>
<product_attribute_combination><id_attribute><![CDATA[122]]></id_attribute>
<id_product_attribute><![CDATA[1748]]></id_product_attribute>
</product_attribute_combination>
<product_attribute_combination><id_attribute><![CDATA[120]]></id_attribute>
<id_product_attribute><![CDATA[1749]]></id_product_attribute>
</product_attribute_combination>
<product_attribute_combination><id_attribute><![CDATA[126]]></id_attribute>
<id_product_attribute><![CDATA[1750]]></id_product_attribute>
</product_attribute_combination>
<product_attribute_combination><id_attribute><![CDATA[121]]></id_attribute>
<id_product_attribute><![CDATA[1751]]></id_product_attribute>
</product_attribute_combination>
<product_attribute_combination><id_attribute><![CDATA[122]]></id_attribute>
<id_product_attribute><![CDATA[1752]]></id_product_attribute>
</product_attribute_combination>
<product_attribute_combination><id_attribute><![CDATA[126]]></id_attribute>
<id_product_attribute><![CDATA[1753]]></id_product_attribute>
</product_attribute_combination>
<product_attribute_combination><id_attribute><![CDATA[120]]></id_attribute>
<id_product_attribute><![CDATA[1754]]></id_product_attribute>
</product_attribute_combination>
<product_attribute_combination><id_attribute><![CDATA[121]]></id_attribute>
<id_product_attribute><![CDATA[1755]]></id_product_attribute>
</product_attribute_combination>
<product_attribute_combination><id_attribute><![CDATA[122]]></id_attribute>
<id_product_attribute><![CDATA[1756]]></id_product_attribute>
</product_attribute_combination>
<product_attribute_combination><id_attribute><![CDATA[126]]></id_attribute>
<id_product_attribute><![CDATA[1757]]></id_product_attribute>
</product_attribute_combination>
<product_attribute_combination><id_attribute><![CDATA[120]]></id_attribute>
<id_product_attribute><![CDATA[1758]]></id_product_attribute>
</product_attribute_combination>
<product_attribute_combination><id_attribute><![CDATA[121]]></id_attribute>
<id_product_attribute><![CDATA[1759]]></id_product_attribute>
</product_attribute_combination>
<product_attribute_combination><id_attribute><![CDATA[122]]></id_attribute>
<id_product_attribute><![CDATA[1760]]></id_product_attribute>
</product_attribute_combination>
<product_attribute_combination><id_attribute><![CDATA[126]]></id_attribute>
<id_product_attribute><![CDATA[1761]]></id_product_attribute>
</product_attribute_combination>
<product_attribute_combination><id_attribute><![CDATA[120]]></id_attribute>
<id_product_attribute><![CDATA[1762]]></id_product_attribute>
</product_attribute_combination>
<product_attribute_combination><id_attribute><![CDATA[121]]></id_attribute>
<id_product_attribute><![CDATA[1763]]></id_product_attribute>
</product_attribute_combination>
<product_attribute_combination><id_attribute><![CDATA[122]]></id_attribute>
<id_product_attribute><![CDATA[1764]]></id_product_attribute>
</product_attribute_combination>
<product_attribute_combination><id_attribute><![CDATA[126]]></id_attribute>
<id_product_attribute><![CDATA[1765]]></id_product_attribute>
</product_attribute_combination>
<product_attribute_combination><id_attribute><![CDATA[120]]></id_attribute>
<id_product_attribute><![CDATA[1766]]></id_product_attribute>
</product_attribute_combination>
<product_attribute_combination><id_attribute><![CDATA[121]]></id_attribute>
<id_product_attribute><![CDATA[1767]]></id_product_attribute>
</product_attribute_combination>
<product_attribute_combination><id_attribute><![CDATA[122]]></id_attribute>
<id_product_attribute><![CDATA[1768]]></id_product_attribute>
</product_attribute_combination>
<product_attribute_combination><id_attribute><![CDATA[126]]></id_attribute>
<id_product_attribute><![CDATA[1769]]></id_product_attribute>
</product_attribute_combination>
<product_attribute_combination><id_attribute><![CDATA[120]]></id_attribute>
<id_product_attribute><![CDATA[1770]]></id_product_attribute>
</product_attribute_combination>
<product_attribute_combination><id_attribute><![CDATA[121]]></id_attribute>
<id_product_attribute><![CDATA[1771]]></id_product_attribute>
</product_attribute_combination>
<product_attribute_combination><id_attribute><![CDATA[122]]></id_attribute>
<id_product_attribute><![CDATA[1772]]></id_product_attribute>
</product_attribute_combination>
<product_attribute_combination><id_attribute><![CDATA[126]]></id_attribute>
<id_product_attribute><![CDATA[1773]]></id_product_attribute>
</product_attribute_combination>
<product_attribute_combination><id_attribute><![CDATA[120]]></id_attribute>
<id_product_attribute><![CDATA[1774]]></id_product_attribute>
</product_attribute_combination>
<product_attribute_combination><id_attribute><![CDATA[121]]></id_attribute>
<id_product_attribute><![CDATA[1775]]></id_product_attribute>
</product_attribute_combination>
<product_attribute_combination><id_attribute><![CDATA[122]]></id_attribute>
<id_product_attribute><![CDATA[1776]]></id_product_attribute>
</product_attribute_combination>
<product_attribute_combination><id_attribute><![CDATA[126]]></id_attribute>
<id_product_attribute><![CDATA[1777]]></id_product_attribute>
</product_attribute_combination>
<product_attribute_combination><id_attribute><![CDATA[123]]></id_attribute>
<id_product_attribute><![CDATA[1778]]></id_product_attribute>
</product_attribute_combination>
<product_attribute_combination><id_attribute><![CDATA[124]]></id_attribute>
<id_product_attribute><![CDATA[1779]]></id_product_attribute>
</product_attribute_combination>
<product_attribute_combination><id_attribute><![CDATA[125]]></id_attribute>
<id_product_attribute><![CDATA[1780]]></id_product_attribute>
</product_attribute_combination>
<product_attribute_combination><id_attribute><![CDATA[126]]></id_attribute>
<id_product_attribute><![CDATA[1781]]></id_product_attribute>
</product_attribute_combination>
<product_attribute_combination><id_attribute><![CDATA[123]]></id_attribute>
<id_product_attribute><![CDATA[1782]]></id_product_attribute>
</product_attribute_combination>
<product_attribute_combination><id_attribute><![CDATA[124]]></id_attribute>
<id_product_attribute><![CDATA[1783]]></id_product_attribute>
</product_attribute_combination>
<product_attribute_combination><id_attribute><![CDATA[125]]></id_attribute>
<id_product_attribute><![CDATA[1784]]></id_product_attribute>
</product_attribute_combination>
<product_attribute_combination><id_attribute><![CDATA[126]]></id_attribute>
<id_product_attribute><![CDATA[1785]]></id_product_attribute>
</product_attribute_combination>
<product_attribute_combination><id_attribute><![CDATA[123]]></id_attribute>
<id_product_attribute><![CDATA[1786]]></id_product_attribute>
</product_attribute_combination>
<product_attribute_combination><id_attribute><![CDATA[124]]></id_attribute>
<id_product_attribute><![CDATA[1787]]></id_product_attribute>
</product_attribute_combination>
<product_attribute_combination><id_attribute><![CDATA[125]]></id_attribute>
<id_product_attribute><![CDATA[1788]]></id_product_attribute>
</product_attribute_combination>
<product_attribute_combination><id_attribute><![CDATA[126]]></id_attribute>
<id_product_attribute><![CDATA[1789]]></id_product_attribute>
</product_attribute_combination>
<product_attribute_combination><id_attribute><![CDATA[123]]></id_attribute>
<id_product_attribute><![CDATA[1790]]></id_product_attribute>
</product_attribute_combination>
<product_attribute_combination><id_attribute><![CDATA[124]]></id_attribute>
<id_product_attribute><![CDATA[1791]]></id_product_attribute>
</product_attribute_combination>
<product_attribute_combination><id_attribute><![CDATA[125]]></id_attribute>
<id_product_attribute><![CDATA[1792]]></id_product_attribute>
</product_attribute_combination>
<product_attribute_combination><id_attribute><![CDATA[126]]></id_attribute>
<id_product_attribute><![CDATA[1793]]></id_product_attribute>
</product_attribute_combination>
<product_attribute_combination><id_attribute><![CDATA[123]]></id_attribute>
<id_product_attribute><![CDATA[1794]]></id_product_attribute>
</product_attribute_combination>
<product_attribute_combination><id_attribute><![CDATA[124]]></id_attribute>
<id_product_attribute><![CDATA[1795]]></id_product_attribute>
</product_attribute_combination>
<product_attribute_combination><id_attribute><![CDATA[125]]></id_attribute>
<id_product_attribute><![CDATA[1796]]></id_product_attribute>
</product_attribute_combination>
<product_attribute_combination><id_attribute><![CDATA[126]]></id_attribute>
<id_product_attribute><![CDATA[1797]]></id_product_attribute>
</product_attribute_combination>
<product_attribute_combination><id_attribute><![CDATA[123]]></id_attribute>
<id_product_attribute><![CDATA[1798]]></id_product_attribute>
</product_attribute_combination>
<product_attribute_combination><id_attribute><![CDATA[124]]></id_attribute>
<id_product_attribute><![CDATA[1799]]></id_product_attribute>
</product_attribute_combination>
<product_attribute_combination><id_attribute><![CDATA[125]]></id_attribute>
<id_product_attribute><![CDATA[1800]]></id_product_attribute>
</product_attribute_combination>
<product_attribute_combination><id_attribute><![CDATA[126]]></id_attribute>
<id_product_attribute><![CDATA[1801]]></id_product_attribute>
</product_attribute_combination>
<product_attribute_combination><id_attribute><![CDATA[120]]></id_attribute>
<id_product_attribute><![CDATA[1802]]></id_product_attribute>
</product_attribute_combination>
<product_attribute_combination><id_attribute><![CDATA[121]]></id_attribute>
<id_product_attribute><![CDATA[1803]]></id_product_attribute>
</product_attribute_combination>
<product_attribute_combination><id_attribute><![CDATA[122]]></id_attribute>
<id_product_attribute><![CDATA[1804]]></id_product_attribute>
</product_attribute_combination>
<product_attribute_combination><id_attribute><![CDATA[126]]></id_attribute>
<id_product_attribute><![CDATA[1805]]></id_product_attribute>
</product_attribute_combination>
<product_attribute_combination><id_attribute><![CDATA[120]]></id_attribute>
<id_product_attribute><![CDATA[1806]]></id_product_attribute>
</product_attribute_combination>
<product_attribute_combination><id_attribute><![CDATA[121]]></id_attribute>
<id_product_attribute><![CDATA[1807]]></id_product_attribute>
</product_attribute_combination>
<product_attribute_combination><id_attribute><![CDATA[122]]></id_attribute>
<id_product_attribute><![CDATA[1808]]></id_product_attribute>
</product_attribute_combination>
<product_attribute_combination><id_attribute><![CDATA[126]]></id_attribute>
<id_product_attribute><![CDATA[1809]]></id_product_attribute>
</product_attribute_combination>
<product_attribute_combination><id_attribute><![CDATA[120]]></id_attribute>
<id_product_attribute><![CDATA[1810]]></id_product_attribute>
</product_attribute_combination>
<product_attribute_combination><id_attribute><![CDATA[121]]></id_attribute>
<id_product_attribute><![CDATA[1811]]></id_product_attribute>
</product_attribute_combination>
<product_attribute_combination><id_attribute><![CDATA[122]]></id_attribute>
<id_product_attribute><![CDATA[1812]]></id_product_attribute>
</product_attribute_combination>
<product_attribute_combination><id_attribute><![CDATA[126]]></id_attribute>
<id_product_attribute><![CDATA[1813]]></id_product_attribute>
</product_attribute_combination>
<product_attribute_combination><id_attribute><![CDATA[120]]></id_attribute>
<id_product_attribute><![CDATA[1814]]></id_product_attribute>
</product_attribute_combination>
<product_attribute_combination><id_attribute><![CDATA[122]]></id_attribute>
<id_product_attribute><![CDATA[1815]]></id_product_attribute>
</product_attribute_combination>
<product_attribute_combination><id_attribute><![CDATA[121]]></id_attribute>
<id_product_attribute><![CDATA[1816]]></id_product_attribute>
</product_attribute_combination>
<product_attribute_combination><id_attribute><![CDATA[126]]></id_attribute>
<id_product_attribute><![CDATA[1817]]></id_product_attribute>
</product_attribute_combination>
<product_attribute_combination><id_attribute><![CDATA[120]]></id_attribute>
<id_product_attribute><![CDATA[1818]]></id_product_attribute>
</product_attribute_combination>
<product_attribute_combination><id_attribute><![CDATA[121]]></id_attribute>
<id_product_attribute><![CDATA[1819]]></id_product_attribute>
</product_attribute_combination>
<product_attribute_combination><id_attribute><![CDATA[122]]></id_attribute>
<id_product_attribute><![CDATA[1820]]></id_product_attribute>
</product_attribute_combination>
<product_attribute_combination><id_attribute><![CDATA[126]]></id_attribute>
<id_product_attribute><![CDATA[1821]]></id_product_attribute>
</product_attribute_combination>
<product_attribute_combination><id_attribute><![CDATA[120]]></id_attribute>
<id_product_attribute><![CDATA[1822]]></id_product_attribute>
</product_attribute_combination>
<product_attribute_combination><id_attribute><![CDATA[121]]></id_attribute>
<id_product_attribute><![CDATA[1823]]></id_product_attribute>
</product_attribute_combination>
<product_attribute_combination><id_attribute><![CDATA[122]]></id_attribute>
<id_product_attribute><![CDATA[1824]]></id_product_attribute>
</product_attribute_combination>
<product_attribute_combination><id_attribute><![CDATA[126]]></id_attribute>
<id_product_attribute><![CDATA[1825]]></id_product_attribute>
</product_attribute_combination>
<product_attribute_combination><id_attribute><![CDATA[123]]></id_attribute>
<id_product_attribute><![CDATA[1826]]></id_product_attribute>
</product_attribute_combination>
<product_attribute_combination><id_attribute><![CDATA[124]]></id_attribute>
<id_product_attribute><![CDATA[1827]]></id_product_attribute>
</product_attribute_combination>
<product_attribute_combination><id_attribute><![CDATA[125]]></id_attribute>
<id_product_attribute><![CDATA[1828]]></id_product_attribute>
</product_attribute_combination>
<product_attribute_combination><id_attribute><![CDATA[126]]></id_attribute>
<id_product_attribute><![CDATA[1829]]></id_product_attribute>
</product_attribute_combination>
<product_attribute_combination><id_attribute><![CDATA[123]]></id_attribute>
<id_product_attribute><![CDATA[1830]]></id_product_attribute>
</product_attribute_combination>
<product_attribute_combination><id_attribute><![CDATA[124]]></id_attribute>
<id_product_attribute><![CDATA[1831]]></id_product_attribute>
</product_attribute_combination>
<product_attribute_combination><id_attribute><![CDATA[125]]></id_attribute>
<id_product_attribute><![CDATA[1832]]></id_product_attribute>
</product_attribute_combination>
<product_attribute_combination><id_attribute><![CDATA[126]]></id_attribute>
<id_product_attribute><![CDATA[1833]]></id_product_attribute>
</product_attribute_combination>
<product_attribute_combination><id_attribute><![CDATA[123]]></id_attribute>
<id_product_attribute><![CDATA[1834]]></id_product_attribute>
</product_attribute_combination>
<product_attribute_combination><id_attribute><![CDATA[124]]></id_attribute>
<id_product_attribute><![CDATA[1835]]></id_product_attribute>
</product_attribute_combination>
<product_attribute_combination><id_attribute><![CDATA[125]]></id_attribute>
<id_product_attribute><![CDATA[1836]]></id_product_attribute>
</product_attribute_combination>
<product_attribute_combination><id_attribute><![CDATA[126]]></id_attribute>
<id_product_attribute><![CDATA[1837]]></id_product_attribute>
</product_attribute_combination>
<product_attribute_combination><id_attribute><![CDATA[123]]></id_attribute>
<id_product_attribute><![CDATA[1838]]></id_product_attribute>
</product_attribute_combination>
<product_attribute_combination><id_attribute><![CDATA[124]]></id_attribute>
<id_product_attribute><![CDATA[1839]]></id_product_attribute>
</product_attribute_combination>
<product_attribute_combination><id_attribute><![CDATA[125]]></id_attribute>
<id_product_attribute><![CDATA[1840]]></id_product_attribute>
</product_attribute_combination>
<product_attribute_combination><id_attribute><![CDATA[126]]></id_attribute>
<id_product_attribute><![CDATA[1841]]></id_product_attribute>
</product_attribute_combination>
<product_attribute_combination><id_attribute><![CDATA[123]]></id_attribute>
<id_product_attribute><![CDATA[1842]]></id_product_attribute>
</product_attribute_combination>
<product_attribute_combination><id_attribute><![CDATA[124]]></id_attribute>
<id_product_attribute><![CDATA[1843]]></id_product_attribute>
</product_attribute_combination>
<product_attribute_combination><id_attribute><![CDATA[125]]></id_attribute>
<id_product_attribute><![CDATA[1844]]></id_product_attribute>
</product_attribute_combination>
<product_attribute_combination><id_attribute><![CDATA[123]]></id_attribute>
<id_product_attribute><![CDATA[1846]]></id_product_attribute>
</product_attribute_combination>
<product_attribute_combination><id_attribute><![CDATA[124]]></id_attribute>
<id_product_attribute><![CDATA[1847]]></id_product_attribute>
</product_attribute_combination>
<product_attribute_combination><id_attribute><![CDATA[125]]></id_attribute>
<id_product_attribute><![CDATA[1848]]></id_product_attribute>
</product_attribute_combination>
<product_attribute_combination><id_attribute><![CDATA[126]]></id_attribute>
<id_product_attribute><![CDATA[1849]]></id_product_attribute>
</product_attribute_combination>
<product_attribute_combination><id_attribute><![CDATA[123]]></id_attribute>
<id_product_attribute><![CDATA[1850]]></id_product_attribute>
</product_attribute_combination>
<product_attribute_combination><id_attribute><![CDATA[124]]></id_attribute>
<id_product_attribute><![CDATA[1851]]></id_product_attribute>
</product_attribute_combination>
<product_attribute_combination><id_attribute><![CDATA[125]]></id_attribute>
<id_product_attribute><![CDATA[1852]]></id_product_attribute>
</product_attribute_combination>
<product_attribute_combination><id_attribute><![CDATA[126]]></id_attribute>
<id_product_attribute><![CDATA[1853]]></id_product_attribute>
</product_attribute_combination>
<product_attribute_combination><id_attribute><![CDATA[123]]></id_attribute>
<id_product_attribute><![CDATA[1854]]></id_product_attribute>
</product_attribute_combination>
<product_attribute_combination><id_attribute><![CDATA[124]]></id_attribute>
<id_product_attribute><![CDATA[1855]]></id_product_attribute>
</product_attribute_combination>
<product_attribute_combination><id_attribute><![CDATA[125]]></id_attribute>
<id_product_attribute><![CDATA[1856]]></id_product_attribute>
</product_attribute_combination>
<product_attribute_combination><id_attribute><![CDATA[126]]></id_attribute>
<id_product_attribute><![CDATA[1857]]></id_product_attribute>
</product_attribute_combination>
<product_attribute_combination><id_attribute><![CDATA[123]]></id_attribute>
<id_product_attribute><![CDATA[1858]]></id_product_attribute>
</product_attribute_combination>
<product_attribute_combination><id_attribute><![CDATA[124]]></id_attribute>
<id_product_attribute><![CDATA[1859]]></id_product_attribute>
</product_attribute_combination>
<product_attribute_combination><id_attribute><![CDATA[125]]></id_attribute>
<id_product_attribute><![CDATA[1860]]></id_product_attribute>
</product_attribute_combination>
<product_attribute_combination><id_attribute><![CDATA[126]]></id_attribute>
<id_product_attribute><![CDATA[1861]]></id_product_attribute>
</product_attribute_combination>
<product_attribute_combination><id_attribute><![CDATA[123]]></id_attribute>
<id_product_attribute><![CDATA[1862]]></id_product_attribute>
</product_attribute_combination>
<product_attribute_combination><id_attribute><![CDATA[124]]></id_attribute>
<id_product_attribute><![CDATA[1863]]></id_product_attribute>
</product_attribute_combination>
<product_attribute_combination><id_attribute><![CDATA[125]]></id_attribute>
<id_product_attribute><![CDATA[1864]]></id_product_attribute>
</product_attribute_combination>
<product_attribute_combination><id_attribute><![CDATA[126]]></id_attribute>
<id_product_attribute><![CDATA[1865]]></id_product_attribute>
</product_attribute_combination>
<product_attribute_combination><id_attribute><![CDATA[123]]></id_attribute>
<id_product_attribute><![CDATA[1866]]></id_product_attribute>
</product_attribute_combination>
<product_attribute_combination><id_attribute><![CDATA[124]]></id_attribute>
<id_product_attribute><![CDATA[1867]]></id_product_attribute>
</product_attribute_combination>
<product_attribute_combination><id_attribute><![CDATA[125]]></id_attribute>
<id_product_attribute><![CDATA[1868]]></id_product_attribute>
</product_attribute_combination>
<product_attribute_combination><id_attribute><![CDATA[126]]></id_attribute>
<id_product_attribute><![CDATA[1869]]></id_product_attribute>
</product_attribute_combination>
<product_attribute_combination><id_attribute><![CDATA[123]]></id_attribute>
<id_product_attribute><![CDATA[1870]]></id_product_attribute>
</product_attribute_combination>
<product_attribute_combination><id_attribute><![CDATA[124]]></id_attribute>
<id_product_attribute><![CDATA[1871]]></id_product_attribute>
</product_attribute_combination>
<product_attribute_combination><id_attribute><![CDATA[125]]></id_attribute>
<id_product_attribute><![CDATA[1872]]></id_product_attribute>
</product_attribute_combination>
<product_attribute_combination><id_attribute><![CDATA[126]]></id_attribute>
<id_product_attribute><![CDATA[1873]]></id_product_attribute>
</product_attribute_combination>
<product_attribute_combination><id_attribute><![CDATA[120]]></id_attribute>
<id_product_attribute><![CDATA[1874]]></id_product_attribute>
</product_attribute_combination>
<product_attribute_combination><id_attribute><![CDATA[121]]></id_attribute>
<id_product_attribute><![CDATA[1875]]></id_product_attribute>
</product_attribute_combination>
<product_attribute_combination><id_attribute><![CDATA[122]]></id_attribute>
<id_product_attribute><![CDATA[1876]]></id_product_attribute>
</product_attribute_combination>
<product_attribute_combination><id_attribute><![CDATA[126]]></id_attribute>
<id_product_attribute><![CDATA[1877]]></id_product_attribute>
</product_attribute_combination>
<product_attribute_combination><id_attribute><![CDATA[120]]></id_attribute>
<id_product_attribute><![CDATA[1878]]></id_product_attribute>
</product_attribute_combination>
<product_attribute_combination><id_attribute><![CDATA[121]]></id_attribute>
<id_product_attribute><![CDATA[1879]]></id_product_attribute>
</product_attribute_combination>
<product_attribute_combination><id_attribute><![CDATA[122]]></id_attribute>
<id_product_attribute><![CDATA[1880]]></id_product_attribute>
</product_attribute_combination>
<product_attribute_combination><id_attribute><![CDATA[126]]></id_attribute>
<id_product_attribute><![CDATA[1881]]></id_product_attribute>
</product_attribute_combination>
<product_attribute_combination><id_attribute><![CDATA[120]]></id_attribute>
<id_product_attribute><![CDATA[1882]]></id_product_attribute>
</product_attribute_combination>
<product_attribute_combination><id_attribute><![CDATA[121]]></id_attribute>
<id_product_attribute><![CDATA[1883]]></id_product_attribute>
</product_attribute_combination>
<product_attribute_combination><id_attribute><![CDATA[122]]></id_attribute>
<id_product_attribute><![CDATA[1884]]></id_product_attribute>
</product_attribute_combination>
<product_attribute_combination><id_attribute><![CDATA[126]]></id_attribute>
<id_product_attribute><![CDATA[1885]]></id_product_attribute>
</product_attribute_combination>
<product_attribute_combination><id_attribute><![CDATA[120]]></id_attribute>
<id_product_attribute><![CDATA[1886]]></id_product_attribute>
</product_attribute_combination>
<product_attribute_combination><id_attribute><![CDATA[121]]></id_attribute>
<id_product_attribute><![CDATA[1887]]></id_product_attribute>
</product_attribute_combination>
<product_attribute_combination><id_attribute><![CDATA[122]]></id_attribute>
<id_product_attribute><![CDATA[1888]]></id_product_attribute>
</product_attribute_combination>
<product_attribute_combination><id_attribute><![CDATA[126]]></id_attribute>
<id_product_attribute><![CDATA[1889]]></id_product_attribute>
</product_attribute_combination>
<product_attribute_combination><id_attribute><![CDATA[120]]></id_attribute>
<id_product_attribute><![CDATA[1890]]></id_product_attribute>
</product_attribute_combination>
<product_attribute_combination><id_attribute><![CDATA[121]]></id_attribute>
<id_product_attribute><![CDATA[1891]]></id_product_attribute>
</product_attribute_combination>
<product_attribute_combination><id_attribute><![CDATA[122]]></id_attribute>
<id_product_attribute><![CDATA[1892]]></id_product_attribute>
</product_attribute_combination>
<product_attribute_combination><id_attribute><![CDATA[126]]></id_attribute>
<id_product_attribute><![CDATA[1893]]></id_product_attribute>
</product_attribute_combination>
<product_attribute_combination><id_attribute><![CDATA[120]]></id_attribute>
<id_product_attribute><![CDATA[1894]]></id_product_attribute>
</product_attribute_combination>
<product_attribute_combination><id_attribute><![CDATA[121]]></id_attribute>
<id_product_attribute><![CDATA[1895]]></id_product_attribute>
</product_attribute_combination>
<product_attribute_combination><id_attribute><![CDATA[122]]></id_attribute>
<id_product_attribute><![CDATA[1896]]></id_product_attribute>
</product_attribute_combination>
<product_attribute_combination><id_attribute><![CDATA[126]]></id_attribute>
<id_product_attribute><![CDATA[1897]]></id_product_attribute>
</product_attribute_combination>
<product_attribute_combination><id_attribute><![CDATA[120]]></id_attribute>
<id_product_attribute><![CDATA[1898]]></id_product_attribute>
</product_attribute_combination>
<product_attribute_combination><id_attribute><![CDATA[121]]></id_attribute>
<id_product_attribute><![CDATA[1899]]></id_product_attribute>
</product_attribute_combination>
<product_attribute_combination><id_attribute><![CDATA[122]]></id_attribute>
<id_product_attribute><![CDATA[1900]]></id_product_attribute>
</product_attribute_combination>
<product_attribute_combination><id_attribute><![CDATA[126]]></id_attribute>
<id_product_attribute><![CDATA[1901]]></id_product_attribute>
</product_attribute_combination>
<product_attribute_combination><id_attribute><![CDATA[120]]></id_attribute>
<id_product_attribute><![CDATA[1902]]></id_product_attribute>
</product_attribute_combination>
<product_attribute_combination><id_attribute><![CDATA[121]]></id_attribute>
<id_product_attribute><![CDATA[1903]]></id_product_attribute>
</product_attribute_combination>
<product_attribute_combination><id_attribute><![CDATA[122]]></id_attribute>
<id_product_attribute><![CDATA[1904]]></id_product_attribute>
</product_attribute_combination>
<product_attribute_combination><id_attribute><![CDATA[126]]></id_attribute>
<id_product_attribute><![CDATA[1905]]></id_product_attribute>
</product_attribute_combination>
<product_attribute_combination><id_attribute><![CDATA[120]]></id_attribute>
<id_product_attribute><![CDATA[1906]]></id_product_attribute>
</product_attribute_combination>
<product_attribute_combination><id_attribute><![CDATA[121]]></id_attribute>
<id_product_attribute><![CDATA[1907]]></id_product_attribute>
</product_attribute_combination>
<product_attribute_combination><id_attribute><![CDATA[122]]></id_attribute>
<id_product_attribute><![CDATA[1908]]></id_product_attribute>
</product_attribute_combination>
<product_attribute_combination><id_attribute><![CDATA[126]]></id_attribute>
<id_product_attribute><![CDATA[1909]]></id_product_attribute>
</product_attribute_combination>
<product_attribute_combination><id_attribute><![CDATA[120]]></id_attribute>
<id_product_attribute><![CDATA[1910]]></id_product_attribute>
</product_attribute_combination>
<product_attribute_combination><id_attribute><![CDATA[121]]></id_attribute>
<id_product_attribute><![CDATA[1911]]></id_product_attribute>
</product_attribute_combination>
<product_attribute_combination><id_attribute><![CDATA[122]]></id_attribute>
<id_product_attribute><![CDATA[1912]]></id_product_attribute>
</product_attribute_combination>
<product_attribute_combination><id_attribute><![CDATA[126]]></id_attribute>
<id_product_attribute><![CDATA[1913]]></id_product_attribute>
</product_attribute_combination>
<product_attribute_combination><id_attribute><![CDATA[120]]></id_attribute>
<id_product_attribute><![CDATA[1914]]></id_product_attribute>
</product_attribute_combination>
<product_attribute_combination><id_attribute><![CDATA[121]]></id_attribute>
<id_product_attribute><![CDATA[1915]]></id_product_attribute>
</product_attribute_combination>
<product_attribute_combination><id_attribute><![CDATA[122]]></id_attribute>
<id_product_attribute><![CDATA[1916]]></id_product_attribute>
</product_attribute_combination>
<product_attribute_combination><id_attribute><![CDATA[126]]></id_attribute>
<id_product_attribute><![CDATA[1917]]></id_product_attribute>
</product_attribute_combination>
<product_attribute_combination><id_attribute><![CDATA[120]]></id_attribute>
<id_product_attribute><![CDATA[1918]]></id_product_attribute>
</product_attribute_combination>
<product_attribute_combination><id_attribute><![CDATA[121]]></id_attribute>
<id_product_attribute><![CDATA[1919]]></id_product_attribute>
</product_attribute_combination>
<product_attribute_combination><id_attribute><![CDATA[122]]></id_attribute>
<id_product_attribute><![CDATA[1920]]></id_product_attribute>
</product_attribute_combination>
<product_attribute_combination><id_attribute><![CDATA[126]]></id_attribute>
<id_product_attribute><![CDATA[1921]]></id_product_attribute>
</product_attribute_combination>
<product_attribute_combination><id_attribute><![CDATA[120]]></id_attribute>
<id_product_attribute><![CDATA[1922]]></id_product_attribute>
</product_attribute_combination>
<product_attribute_combination><id_attribute><![CDATA[121]]></id_attribute>
<id_product_attribute><![CDATA[1923]]></id_product_attribute>
</product_attribute_combination>
<product_attribute_combination><id_attribute><![CDATA[122]]></id_attribute>
<id_product_attribute><![CDATA[1924]]></id_product_attribute>
</product_attribute_combination>
<product_attribute_combination><id_attribute><![CDATA[126]]></id_attribute>
<id_product_attribute><![CDATA[1925]]></id_product_attribute>
</product_attribute_combination>
<product_attribute_combination><id_attribute><![CDATA[120]]></id_attribute>
<id_product_attribute><![CDATA[1926]]></id_product_attribute>
</product_attribute_combination>
<product_attribute_combination><id_attribute><![CDATA[121]]></id_attribute>
<id_product_attribute><![CDATA[1927]]></id_product_attribute>
</product_attribute_combination>
<product_attribute_combination><id_attribute><![CDATA[122]]></id_attribute>
<id_product_attribute><![CDATA[1928]]></id_product_attribute>
</product_attribute_combination>
<product_attribute_combination><id_attribute><![CDATA[126]]></id_attribute>
<id_product_attribute><![CDATA[1930]]></id_product_attribute>
</product_attribute_combination>
<product_attribute_combination><id_attribute><![CDATA[120]]></id_attribute>
<id_product_attribute><![CDATA[1931]]></id_product_attribute>
</product_attribute_combination>
<product_attribute_combination><id_attribute><![CDATA[121]]></id_attribute>
<id_product_attribute><![CDATA[1932]]></id_product_attribute>
</product_attribute_combination>
<product_attribute_combination><id_attribute><![CDATA[122]]></id_attribute>
<id_product_attribute><![CDATA[1933]]></id_product_attribute>
</product_attribute_combination>
<product_attribute_combination><id_attribute><![CDATA[33]]></id_attribute>
<id_product_attribute><![CDATA[1934]]></id_product_attribute>
</product_attribute_combination>
<product_attribute_combination><id_attribute><![CDATA[1]]></id_attribute>
<id_product_attribute><![CDATA[1935]]></id_product_attribute>
</product_attribute_combination>
<product_attribute_combination><id_attribute><![CDATA[2]]></id_attribute>
<id_product_attribute><![CDATA[1936]]></id_product_attribute>
</product_attribute_combination>
<product_attribute_combination><id_attribute><![CDATA[3]]></id_attribute>
<id_product_attribute><![CDATA[1937]]></id_product_attribute>
</product_attribute_combination>
<product_attribute_combination><id_attribute><![CDATA[32]]></id_attribute>
<id_product_attribute><![CDATA[1938]]></id_product_attribute>
</product_attribute_combination>
<product_attribute_combination><id_attribute><![CDATA[33]]></id_attribute>
<id_product_attribute><![CDATA[2062]]></id_product_attribute>
</product_attribute_combination>
<product_attribute_combination><id_attribute><![CDATA[1]]></id_attribute>
<id_product_attribute><![CDATA[2063]]></id_product_attribute>
</product_attribute_combination>
<product_attribute_combination><id_attribute><![CDATA[2]]></id_attribute>
<id_product_attribute><![CDATA[2064]]></id_product_attribute>
</product_attribute_combination>
<product_attribute_combination><id_attribute><![CDATA[3]]></id_attribute>
<id_product_attribute><![CDATA[2065]]></id_product_attribute>
</product_attribute_combination>
<product_attribute_combination><id_attribute><![CDATA[32]]></id_attribute>
<id_product_attribute><![CDATA[2066]]></id_product_attribute>
</product_attribute_combination>
<product_attribute_combination><id_attribute><![CDATA[83]]></id_attribute>
<id_product_attribute><![CDATA[2069]]></id_product_attribute>
</product_attribute_combination>
<product_attribute_combination><id_attribute><![CDATA[1]]></id_attribute>
<id_product_attribute><![CDATA[2070]]></id_product_attribute>
</product_attribute_combination>
<product_attribute_combination><id_attribute><![CDATA[2]]></id_attribute>
<id_product_attribute><![CDATA[2071]]></id_product_attribute>
</product_attribute_combination>
<product_attribute_combination><id_attribute><![CDATA[3]]></id_attribute>
<id_product_attribute><![CDATA[2072]]></id_product_attribute>
</product_attribute_combination>
<product_attribute_combination><id_attribute><![CDATA[32]]></id_attribute>
<id_product_attribute><![CDATA[2073]]></id_product_attribute>
</product_attribute_combination>
<product_attribute_combination><id_attribute><![CDATA[48]]></id_attribute>
<id_product_attribute><![CDATA[2127]]></id_product_attribute>
</product_attribute_combination>
<product_attribute_combination><id_attribute><![CDATA[47]]></id_attribute>
<id_product_attribute><![CDATA[2128]]></id_product_attribute>
</product_attribute_combination>
<product_attribute_combination><id_attribute><![CDATA[46]]></id_attribute>
<id_product_attribute><![CDATA[2129]]></id_product_attribute>
</product_attribute_combination>
<product_attribute_combination><id_attribute><![CDATA[47]]></id_attribute>
<id_product_attribute><![CDATA[2135]]></id_product_attribute>
</product_attribute_combination>
<product_attribute_combination><id_attribute><![CDATA[46]]></id_attribute>
<id_product_attribute><![CDATA[2136]]></id_product_attribute>
</product_attribute_combination>
<product_attribute_combination><id_attribute><![CDATA[45]]></id_attribute>
<id_product_attribute><![CDATA[2137]]></id_product_attribute>
</product_attribute_combination>
<product_attribute_combination><id_attribute><![CDATA[23]]></id_attribute>
<id_product_attribute><![CDATA[2138]]></id_product_attribute>
</product_attribute_combination>
<product_attribute_combination><id_attribute><![CDATA[42]]></id_attribute>
<id_product_attribute><![CDATA[2139]]></id_product_attribute>
</product_attribute_combination>
<product_attribute_combination><id_attribute><![CDATA[43]]></id_attribute>
<id_product_attribute><![CDATA[2140]]></id_product_attribute>
</product_attribute_combination>
<product_attribute_combination><id_attribute><![CDATA[44]]></id_attribute>
<id_product_attribute><![CDATA[2141]]></id_product_attribute>
</product_attribute_combination>
<product_attribute_combination><id_attribute><![CDATA[48]]></id_attribute>
<id_product_attribute><![CDATA[2142]]></id_product_attribute>
</product_attribute_combination>
<product_attribute_combination><id_attribute><![CDATA[47]]></id_attribute>
<id_product_attribute><![CDATA[2153]]></id_product_attribute>
</product_attribute_combination>
<product_attribute_combination><id_attribute><![CDATA[46]]></id_attribute>
<id_product_attribute><![CDATA[2154]]></id_product_attribute>
</product_attribute_combination>
<product_attribute_combination><id_attribute><![CDATA[45]]></id_attribute>
<id_product_attribute><![CDATA[2155]]></id_product_attribute>
</product_attribute_combination>
<product_attribute_combination><id_attribute><![CDATA[23]]></id_attribute>
<id_product_attribute><![CDATA[2156]]></id_product_attribute>
</product_attribute_combination>
<product_attribute_combination><id_attribute><![CDATA[44]]></id_attribute>
<id_product_attribute><![CDATA[2159]]></id_product_attribute>
</product_attribute_combination>
<product_attribute_combination><id_attribute><![CDATA[48]]></id_attribute>
<id_product_attribute><![CDATA[2160]]></id_product_attribute>
</product_attribute_combination>
<product_attribute_combination><id_attribute><![CDATA[47]]></id_attribute>
<id_product_attribute><![CDATA[2168]]></id_product_attribute>
</product_attribute_combination>
<product_attribute_combination><id_attribute><![CDATA[46]]></id_attribute>
<id_product_attribute><![CDATA[2169]]></id_product_attribute>
</product_attribute_combination>
<product_attribute_combination><id_attribute><![CDATA[45]]></id_attribute>
<id_product_attribute><![CDATA[2170]]></id_product_attribute>
</product_attribute_combination>
<product_attribute_combination><id_attribute><![CDATA[23]]></id_attribute>
<id_product_attribute><![CDATA[2171]]></id_product_attribute>
</product_attribute_combination>
<product_attribute_combination><id_attribute><![CDATA[42]]></id_attribute>
<id_product_attribute><![CDATA[2172]]></id_product_attribute>
</product_attribute_combination>
<product_attribute_combination><id_attribute><![CDATA[43]]></id_attribute>
<id_product_attribute><![CDATA[2173]]></id_product_attribute>
</product_attribute_combination>
<product_attribute_combination><id_attribute><![CDATA[44]]></id_attribute>
<id_product_attribute><![CDATA[2174]]></id_product_attribute>
</product_attribute_combination>
<product_attribute_combination><id_attribute><![CDATA[48]]></id_attribute>
<id_product_attribute><![CDATA[2175]]></id_product_attribute>
</product_attribute_combination>
<product_attribute_combination><id_attribute><![CDATA[33]]></id_attribute>
<id_product_attribute><![CDATA[2194]]></id_product_attribute>
</product_attribute_combination>
<product_attribute_combination><id_attribute><![CDATA[1]]></id_attribute>
<id_product_attribute><![CDATA[2195]]></id_product_attribute>
</product_attribute_combination>
<product_attribute_combination><id_attribute><![CDATA[2]]></id_attribute>
<id_product_attribute><![CDATA[2196]]></id_product_attribute>
</product_attribute_combination>
<product_attribute_combination><id_attribute><![CDATA[3]]></id_attribute>
<id_product_attribute><![CDATA[2197]]></id_product_attribute>
</product_attribute_combination>
<product_attribute_combination><id_attribute><![CDATA[32]]></id_attribute>
<id_product_attribute><![CDATA[2198]]></id_product_attribute>
</product_attribute_combination>
<product_attribute_combination><id_attribute><![CDATA[33]]></id_attribute>
<id_product_attribute><![CDATA[2313]]></id_product_attribute>
</product_attribute_combination>
<product_attribute_combination><id_attribute><![CDATA[1]]></id_attribute>
<id_product_attribute><![CDATA[2314]]></id_product_attribute>
</product_attribute_combination>
<product_attribute_combination><id_attribute><![CDATA[2]]></id_attribute>
<id_product_attribute><![CDATA[2315]]></id_product_attribute>
</product_attribute_combination>
<product_attribute_combination><id_attribute><![CDATA[3]]></id_attribute>
<id_product_attribute><![CDATA[2316]]></id_product_attribute>
</product_attribute_combination>
<product_attribute_combination><id_attribute><![CDATA[32]]></id_attribute>
<id_product_attribute><![CDATA[2317]]></id_product_attribute>
</product_attribute_combination>
<product_attribute_combination><id_attribute><![CDATA[137]]></id_attribute>
<id_product_attribute><![CDATA[2368]]></id_product_attribute>
</product_attribute_combination>
<product_attribute_combination><id_attribute><![CDATA[137]]></id_attribute>
<id_product_attribute><![CDATA[2369]]></id_product_attribute>
</product_attribute_combination>
<product_attribute_combination><id_attribute><![CDATA[137]]></id_attribute>
<id_product_attribute><![CDATA[2370]]></id_product_attribute>
</product_attribute_combination>
<product_attribute_combination><id_attribute><![CDATA[137]]></id_attribute>
<id_product_attribute><![CDATA[2371]]></id_product_attribute>
</product_attribute_combination>
<product_attribute_combination><id_attribute><![CDATA[33]]></id_attribute>
<id_product_attribute><![CDATA[2377]]></id_product_attribute>
</product_attribute_combination>
<product_attribute_combination><id_attribute><![CDATA[1]]></id_attribute>
<id_product_attribute><![CDATA[2378]]></id_product_attribute>
</product_attribute_combination>
<product_attribute_combination><id_attribute><![CDATA[2]]></id_attribute>
<id_product_attribute><![CDATA[2379]]></id_product_attribute>
</product_attribute_combination>
<product_attribute_combination><id_attribute><![CDATA[3]]></id_attribute>
<id_product_attribute><![CDATA[2380]]></id_product_attribute>
</product_attribute_combination>
<product_attribute_combination><id_attribute><![CDATA[32]]></id_attribute>
<id_product_attribute><![CDATA[2381]]></id_product_attribute>
</product_attribute_combination>
<product_attribute_combination><id_attribute><![CDATA[45]]></id_attribute>
<id_product_attribute><![CDATA[2497]]></id_product_attribute>
</product_attribute_combination>
<product_attribute_combination><id_attribute><![CDATA[46]]></id_attribute>
<id_product_attribute><![CDATA[2498]]></id_product_attribute>
</product_attribute_combination>
<product_attribute_combination><id_attribute><![CDATA[47]]></id_attribute>
<id_product_attribute><![CDATA[2499]]></id_product_attribute>
</product_attribute_combination>
<product_attribute_combination><id_attribute><![CDATA[48]]></id_attribute>
<id_product_attribute><![CDATA[2500]]></id_product_attribute>
</product_attribute_combination>
<product_attribute_combination><id_attribute><![CDATA[42]]></id_attribute>
<id_product_attribute><![CDATA[2501]]></id_product_attribute>
</product_attribute_combination>
<product_attribute_combination><id_attribute><![CDATA[23]]></id_attribute>
<id_product_attribute><![CDATA[2502]]></id_product_attribute>
</product_attribute_combination>
<product_attribute_combination><id_attribute><![CDATA[43]]></id_attribute>
<id_product_attribute><![CDATA[2503]]></id_product_attribute>
</product_attribute_combination>
<product_attribute_combination><id_attribute><![CDATA[44]]></id_attribute>
<id_product_attribute><![CDATA[2504]]></id_product_attribute>
</product_attribute_combination>
<product_attribute_combination><id_attribute><![CDATA[47]]></id_attribute>
<id_product_attribute><![CDATA[2508]]></id_product_attribute>
</product_attribute_combination>
<product_attribute_combination><id_attribute><![CDATA[43]]></id_attribute>
<id_product_attribute><![CDATA[2512]]></id_product_attribute>
</product_attribute_combination>
<product_attribute_combination><id_attribute><![CDATA[45]]></id_attribute>
<id_product_attribute><![CDATA[2520]]></id_product_attribute>
</product_attribute_combination>
<product_attribute_combination><id_attribute><![CDATA[44]]></id_attribute>
<id_product_attribute><![CDATA[2521]]></id_product_attribute>
</product_attribute_combination>
<product_attribute_combination><id_attribute><![CDATA[43]]></id_attribute>
<id_product_attribute><![CDATA[2522]]></id_product_attribute>
</product_attribute_combination>
<product_attribute_combination><id_attribute><![CDATA[42]]></id_attribute>
<id_product_attribute><![CDATA[2523]]></id_product_attribute>
</product_attribute_combination>
<product_attribute_combination><id_attribute><![CDATA[23]]></id_attribute>
<id_product_attribute><![CDATA[2524]]></id_product_attribute>
</product_attribute_combination>
<product_attribute_combination><id_attribute><![CDATA[48]]></id_attribute>
<id_product_attribute><![CDATA[2526]]></id_product_attribute>
</product_attribute_combination>
<product_attribute_combination><id_attribute><![CDATA[47]]></id_attribute>
<id_product_attribute><![CDATA[2527]]></id_product_attribute>
</product_attribute_combination>
<product_attribute_combination><id_attribute><![CDATA[46]]></id_attribute>
<id_product_attribute><![CDATA[2528]]></id_product_attribute>
</product_attribute_combination>
<product_attribute_combination><id_attribute><![CDATA[18]]></id_attribute>
<id_product_attribute><![CDATA[2535]]></id_product_attribute>
</product_attribute_combination>
<product_attribute_combination><id_attribute><![CDATA[19]]></id_attribute>
<id_product_attribute><![CDATA[2536]]></id_product_attribute>
</product_attribute_combination>
<product_attribute_combination><id_attribute><![CDATA[20]]></id_attribute>
<id_product_attribute><![CDATA[2537]]></id_product_attribute>
</product_attribute_combination>
</entity_profile>
