<?xml version="1.0" encoding="UTF-8"?>
<entity_profile>
<product_tag><id_product><![CDATA[1283]]></id_product>
<id_tag><![CDATA[6976]]></id_tag>
<id_lang><![CDATA[1]]></id_lang>
</product_tag>
<product_tag><id_product><![CDATA[1284]]></id_product>
<id_tag><![CDATA[6976]]></id_tag>
<id_lang><![CDATA[1]]></id_lang>
</product_tag>
<product_tag><id_product><![CDATA[1285]]></id_product>
<id_tag><![CDATA[6976]]></id_tag>
<id_lang><![CDATA[1]]></id_lang>
</product_tag>
<product_tag><id_product><![CDATA[1286]]></id_product>
<id_tag><![CDATA[6976]]></id_tag>
<id_lang><![CDATA[1]]></id_lang>
</product_tag>
<product_tag><id_product><![CDATA[1287]]></id_product>
<id_tag><![CDATA[6976]]></id_tag>
<id_lang><![CDATA[1]]></id_lang>
</product_tag>
<product_tag><id_product><![CDATA[1288]]></id_product>
<id_tag><![CDATA[6976]]></id_tag>
<id_lang><![CDATA[1]]></id_lang>
</product_tag>
<product_tag><id_product><![CDATA[1289]]></id_product>
<id_tag><![CDATA[6976]]></id_tag>
<id_lang><![CDATA[1]]></id_lang>
</product_tag>
<product_tag><id_product><![CDATA[1290]]></id_product>
<id_tag><![CDATA[6976]]></id_tag>
<id_lang><![CDATA[1]]></id_lang>
</product_tag>
<product_tag><id_product><![CDATA[1291]]></id_product>
<id_tag><![CDATA[6976]]></id_tag>
<id_lang><![CDATA[1]]></id_lang>
</product_tag>
<product_tag><id_product><![CDATA[1292]]></id_product>
<id_tag><![CDATA[6976]]></id_tag>
<id_lang><![CDATA[1]]></id_lang>
</product_tag>
<product_tag><id_product><![CDATA[1293]]></id_product>
<id_tag><![CDATA[6976]]></id_tag>
<id_lang><![CDATA[1]]></id_lang>
</product_tag>
<product_tag><id_product><![CDATA[1294]]></id_product>
<id_tag><![CDATA[6976]]></id_tag>
<id_lang><![CDATA[1]]></id_lang>
</product_tag>
<product_tag><id_product><![CDATA[1296]]></id_product>
<id_tag><![CDATA[6976]]></id_tag>
<id_lang><![CDATA[1]]></id_lang>
</product_tag>
<product_tag><id_product><![CDATA[1297]]></id_product>
<id_tag><![CDATA[6976]]></id_tag>
<id_lang><![CDATA[1]]></id_lang>
</product_tag>
<product_tag><id_product><![CDATA[1298]]></id_product>
<id_tag><![CDATA[6976]]></id_tag>
<id_lang><![CDATA[1]]></id_lang>
</product_tag>
<product_tag><id_product><![CDATA[1299]]></id_product>
<id_tag><![CDATA[6976]]></id_tag>
<id_lang><![CDATA[1]]></id_lang>
</product_tag>
<product_tag><id_product><![CDATA[1301]]></id_product>
<id_tag><![CDATA[6976]]></id_tag>
<id_lang><![CDATA[1]]></id_lang>
</product_tag>
<product_tag><id_product><![CDATA[1302]]></id_product>
<id_tag><![CDATA[6976]]></id_tag>
<id_lang><![CDATA[1]]></id_lang>
</product_tag>
<product_tag><id_product><![CDATA[1303]]></id_product>
<id_tag><![CDATA[6976]]></id_tag>
<id_lang><![CDATA[1]]></id_lang>
</product_tag>
<product_tag><id_product><![CDATA[1304]]></id_product>
<id_tag><![CDATA[6976]]></id_tag>
<id_lang><![CDATA[1]]></id_lang>
</product_tag>
<product_tag><id_product><![CDATA[1305]]></id_product>
<id_tag><![CDATA[6976]]></id_tag>
<id_lang><![CDATA[1]]></id_lang>
</product_tag>
<product_tag><id_product><![CDATA[1306]]></id_product>
<id_tag><![CDATA[6976]]></id_tag>
<id_lang><![CDATA[1]]></id_lang>
</product_tag>
<product_tag><id_product><![CDATA[1307]]></id_product>
<id_tag><![CDATA[6976]]></id_tag>
<id_lang><![CDATA[1]]></id_lang>
</product_tag>
<product_tag><id_product><![CDATA[1308]]></id_product>
<id_tag><![CDATA[6976]]></id_tag>
<id_lang><![CDATA[1]]></id_lang>
</product_tag>
<product_tag><id_product><![CDATA[1309]]></id_product>
<id_tag><![CDATA[6976]]></id_tag>
<id_lang><![CDATA[1]]></id_lang>
</product_tag>
<product_tag><id_product><![CDATA[1310]]></id_product>
<id_tag><![CDATA[6976]]></id_tag>
<id_lang><![CDATA[1]]></id_lang>
</product_tag>
<product_tag><id_product><![CDATA[1311]]></id_product>
<id_tag><![CDATA[6976]]></id_tag>
<id_lang><![CDATA[1]]></id_lang>
</product_tag>
<product_tag><id_product><![CDATA[1312]]></id_product>
<id_tag><![CDATA[6976]]></id_tag>
<id_lang><![CDATA[1]]></id_lang>
</product_tag>
<product_tag><id_product><![CDATA[1313]]></id_product>
<id_tag><![CDATA[6976]]></id_tag>
<id_lang><![CDATA[1]]></id_lang>
</product_tag>
<product_tag><id_product><![CDATA[1314]]></id_product>
<id_tag><![CDATA[6976]]></id_tag>
<id_lang><![CDATA[1]]></id_lang>
</product_tag>
<product_tag><id_product><![CDATA[1315]]></id_product>
<id_tag><![CDATA[6976]]></id_tag>
<id_lang><![CDATA[1]]></id_lang>
</product_tag>
<product_tag><id_product><![CDATA[1316]]></id_product>
<id_tag><![CDATA[6976]]></id_tag>
<id_lang><![CDATA[1]]></id_lang>
</product_tag>
<product_tag><id_product><![CDATA[1317]]></id_product>
<id_tag><![CDATA[6976]]></id_tag>
<id_lang><![CDATA[1]]></id_lang>
</product_tag>
<product_tag><id_product><![CDATA[1318]]></id_product>
<id_tag><![CDATA[6976]]></id_tag>
<id_lang><![CDATA[1]]></id_lang>
</product_tag>
<product_tag><id_product><![CDATA[1319]]></id_product>
<id_tag><![CDATA[6976]]></id_tag>
<id_lang><![CDATA[1]]></id_lang>
</product_tag>
<product_tag><id_product><![CDATA[1320]]></id_product>
<id_tag><![CDATA[6976]]></id_tag>
<id_lang><![CDATA[1]]></id_lang>
</product_tag>
<product_tag><id_product><![CDATA[1321]]></id_product>
<id_tag><![CDATA[6976]]></id_tag>
<id_lang><![CDATA[1]]></id_lang>
</product_tag>
<product_tag><id_product><![CDATA[1322]]></id_product>
<id_tag><![CDATA[6976]]></id_tag>
<id_lang><![CDATA[1]]></id_lang>
</product_tag>
<product_tag><id_product><![CDATA[1323]]></id_product>
<id_tag><![CDATA[6976]]></id_tag>
<id_lang><![CDATA[1]]></id_lang>
</product_tag>
<product_tag><id_product><![CDATA[1324]]></id_product>
<id_tag><![CDATA[6976]]></id_tag>
<id_lang><![CDATA[1]]></id_lang>
</product_tag>
<product_tag><id_product><![CDATA[1325]]></id_product>
<id_tag><![CDATA[6976]]></id_tag>
<id_lang><![CDATA[1]]></id_lang>
</product_tag>
<product_tag><id_product><![CDATA[1326]]></id_product>
<id_tag><![CDATA[6976]]></id_tag>
<id_lang><![CDATA[1]]></id_lang>
</product_tag>
<product_tag><id_product><![CDATA[1327]]></id_product>
<id_tag><![CDATA[6976]]></id_tag>
<id_lang><![CDATA[1]]></id_lang>
</product_tag>
<product_tag><id_product><![CDATA[1328]]></id_product>
<id_tag><![CDATA[6976]]></id_tag>
<id_lang><![CDATA[1]]></id_lang>
</product_tag>
<product_tag><id_product><![CDATA[1329]]></id_product>
<id_tag><![CDATA[6976]]></id_tag>
<id_lang><![CDATA[1]]></id_lang>
</product_tag>
<product_tag><id_product><![CDATA[1330]]></id_product>
<id_tag><![CDATA[6976]]></id_tag>
<id_lang><![CDATA[1]]></id_lang>
</product_tag>
<product_tag><id_product><![CDATA[1331]]></id_product>
<id_tag><![CDATA[6976]]></id_tag>
<id_lang><![CDATA[1]]></id_lang>
</product_tag>
<product_tag><id_product><![CDATA[1332]]></id_product>
<id_tag><![CDATA[6976]]></id_tag>
<id_lang><![CDATA[1]]></id_lang>
</product_tag>
<product_tag><id_product><![CDATA[1333]]></id_product>
<id_tag><![CDATA[6976]]></id_tag>
<id_lang><![CDATA[1]]></id_lang>
</product_tag>
<product_tag><id_product><![CDATA[1334]]></id_product>
<id_tag><![CDATA[6976]]></id_tag>
<id_lang><![CDATA[1]]></id_lang>
</product_tag>
<product_tag><id_product><![CDATA[1335]]></id_product>
<id_tag><![CDATA[6976]]></id_tag>
<id_lang><![CDATA[1]]></id_lang>
</product_tag>
<product_tag><id_product><![CDATA[1336]]></id_product>
<id_tag><![CDATA[6976]]></id_tag>
<id_lang><![CDATA[1]]></id_lang>
</product_tag>
<product_tag><id_product><![CDATA[1337]]></id_product>
<id_tag><![CDATA[6976]]></id_tag>
<id_lang><![CDATA[1]]></id_lang>
</product_tag>
<product_tag><id_product><![CDATA[1338]]></id_product>
<id_tag><![CDATA[6976]]></id_tag>
<id_lang><![CDATA[1]]></id_lang>
</product_tag>
<product_tag><id_product><![CDATA[1339]]></id_product>
<id_tag><![CDATA[6976]]></id_tag>
<id_lang><![CDATA[1]]></id_lang>
</product_tag>
<product_tag><id_product><![CDATA[1340]]></id_product>
<id_tag><![CDATA[6976]]></id_tag>
<id_lang><![CDATA[1]]></id_lang>
</product_tag>
<product_tag><id_product><![CDATA[1341]]></id_product>
<id_tag><![CDATA[6976]]></id_tag>
<id_lang><![CDATA[1]]></id_lang>
</product_tag>
<product_tag><id_product><![CDATA[1342]]></id_product>
<id_tag><![CDATA[6976]]></id_tag>
<id_lang><![CDATA[1]]></id_lang>
</product_tag>
<product_tag><id_product><![CDATA[1343]]></id_product>
<id_tag><![CDATA[6976]]></id_tag>
<id_lang><![CDATA[1]]></id_lang>
</product_tag>
<product_tag><id_product><![CDATA[1344]]></id_product>
<id_tag><![CDATA[6976]]></id_tag>
<id_lang><![CDATA[1]]></id_lang>
</product_tag>
<product_tag><id_product><![CDATA[1345]]></id_product>
<id_tag><![CDATA[6976]]></id_tag>
<id_lang><![CDATA[1]]></id_lang>
</product_tag>
<product_tag><id_product><![CDATA[1346]]></id_product>
<id_tag><![CDATA[6976]]></id_tag>
<id_lang><![CDATA[1]]></id_lang>
</product_tag>
<product_tag><id_product><![CDATA[1347]]></id_product>
<id_tag><![CDATA[6976]]></id_tag>
<id_lang><![CDATA[1]]></id_lang>
</product_tag>
<product_tag><id_product><![CDATA[1348]]></id_product>
<id_tag><![CDATA[6976]]></id_tag>
<id_lang><![CDATA[1]]></id_lang>
</product_tag>
<product_tag><id_product><![CDATA[1349]]></id_product>
<id_tag><![CDATA[6976]]></id_tag>
<id_lang><![CDATA[1]]></id_lang>
</product_tag>
<product_tag><id_product><![CDATA[1350]]></id_product>
<id_tag><![CDATA[6976]]></id_tag>
<id_lang><![CDATA[1]]></id_lang>
</product_tag>
<product_tag><id_product><![CDATA[1351]]></id_product>
<id_tag><![CDATA[6976]]></id_tag>
<id_lang><![CDATA[1]]></id_lang>
</product_tag>
<product_tag><id_product><![CDATA[1352]]></id_product>
<id_tag><![CDATA[6976]]></id_tag>
<id_lang><![CDATA[1]]></id_lang>
</product_tag>
<product_tag><id_product><![CDATA[1353]]></id_product>
<id_tag><![CDATA[6976]]></id_tag>
<id_lang><![CDATA[1]]></id_lang>
</product_tag>
<product_tag><id_product><![CDATA[1354]]></id_product>
<id_tag><![CDATA[6976]]></id_tag>
<id_lang><![CDATA[1]]></id_lang>
</product_tag>
<product_tag><id_product><![CDATA[1355]]></id_product>
<id_tag><![CDATA[6976]]></id_tag>
<id_lang><![CDATA[1]]></id_lang>
</product_tag>
<product_tag><id_product><![CDATA[1356]]></id_product>
<id_tag><![CDATA[6976]]></id_tag>
<id_lang><![CDATA[1]]></id_lang>
</product_tag>
<product_tag><id_product><![CDATA[1357]]></id_product>
<id_tag><![CDATA[6976]]></id_tag>
<id_lang><![CDATA[1]]></id_lang>
</product_tag>
<product_tag><id_product><![CDATA[1358]]></id_product>
<id_tag><![CDATA[6976]]></id_tag>
<id_lang><![CDATA[1]]></id_lang>
</product_tag>
<product_tag><id_product><![CDATA[1359]]></id_product>
<id_tag><![CDATA[6976]]></id_tag>
<id_lang><![CDATA[1]]></id_lang>
</product_tag>
<product_tag><id_product><![CDATA[1361]]></id_product>
<id_tag><![CDATA[6976]]></id_tag>
<id_lang><![CDATA[1]]></id_lang>
</product_tag>
<product_tag><id_product><![CDATA[1362]]></id_product>
<id_tag><![CDATA[6976]]></id_tag>
<id_lang><![CDATA[1]]></id_lang>
</product_tag>
<product_tag><id_product><![CDATA[1363]]></id_product>
<id_tag><![CDATA[6976]]></id_tag>
<id_lang><![CDATA[1]]></id_lang>
</product_tag>
<product_tag><id_product><![CDATA[1364]]></id_product>
<id_tag><![CDATA[6976]]></id_tag>
<id_lang><![CDATA[1]]></id_lang>
</product_tag>
<product_tag><id_product><![CDATA[1415]]></id_product>
<id_tag><![CDATA[6976]]></id_tag>
<id_lang><![CDATA[1]]></id_lang>
</product_tag>
<product_tag><id_product><![CDATA[1436]]></id_product>
<id_tag><![CDATA[6976]]></id_tag>
<id_lang><![CDATA[1]]></id_lang>
</product_tag>
<product_tag><id_product><![CDATA[1437]]></id_product>
<id_tag><![CDATA[6976]]></id_tag>
<id_lang><![CDATA[1]]></id_lang>
</product_tag>
<product_tag><id_product><![CDATA[1438]]></id_product>
<id_tag><![CDATA[6976]]></id_tag>
<id_lang><![CDATA[1]]></id_lang>
</product_tag>
<product_tag><id_product><![CDATA[1439]]></id_product>
<id_tag><![CDATA[6976]]></id_tag>
<id_lang><![CDATA[1]]></id_lang>
</product_tag>
<product_tag><id_product><![CDATA[1440]]></id_product>
<id_tag><![CDATA[6976]]></id_tag>
<id_lang><![CDATA[1]]></id_lang>
</product_tag>
<product_tag><id_product><![CDATA[1441]]></id_product>
<id_tag><![CDATA[6976]]></id_tag>
<id_lang><![CDATA[1]]></id_lang>
</product_tag>
<product_tag><id_product><![CDATA[1442]]></id_product>
<id_tag><![CDATA[6976]]></id_tag>
<id_lang><![CDATA[1]]></id_lang>
</product_tag>
<product_tag><id_product><![CDATA[1443]]></id_product>
<id_tag><![CDATA[6976]]></id_tag>
<id_lang><![CDATA[1]]></id_lang>
</product_tag>
<product_tag><id_product><![CDATA[1444]]></id_product>
<id_tag><![CDATA[6976]]></id_tag>
<id_lang><![CDATA[1]]></id_lang>
</product_tag>
<product_tag><id_product><![CDATA[1445]]></id_product>
<id_tag><![CDATA[6976]]></id_tag>
<id_lang><![CDATA[1]]></id_lang>
</product_tag>
<product_tag><id_product><![CDATA[1447]]></id_product>
<id_tag><![CDATA[6976]]></id_tag>
<id_lang><![CDATA[1]]></id_lang>
</product_tag>
<product_tag><id_product><![CDATA[1448]]></id_product>
<id_tag><![CDATA[6976]]></id_tag>
<id_lang><![CDATA[1]]></id_lang>
</product_tag>
<product_tag><id_product><![CDATA[1449]]></id_product>
<id_tag><![CDATA[6976]]></id_tag>
<id_lang><![CDATA[1]]></id_lang>
</product_tag>
<product_tag><id_product><![CDATA[1450]]></id_product>
<id_tag><![CDATA[6976]]></id_tag>
<id_lang><![CDATA[1]]></id_lang>
</product_tag>
<product_tag><id_product><![CDATA[1451]]></id_product>
<id_tag><![CDATA[6976]]></id_tag>
<id_lang><![CDATA[1]]></id_lang>
</product_tag>
<product_tag><id_product><![CDATA[1452]]></id_product>
<id_tag><![CDATA[6976]]></id_tag>
<id_lang><![CDATA[1]]></id_lang>
</product_tag>
<product_tag><id_product><![CDATA[1453]]></id_product>
<id_tag><![CDATA[6976]]></id_tag>
<id_lang><![CDATA[1]]></id_lang>
</product_tag>
<product_tag><id_product><![CDATA[1454]]></id_product>
<id_tag><![CDATA[6976]]></id_tag>
<id_lang><![CDATA[1]]></id_lang>
</product_tag>
<product_tag><id_product><![CDATA[1455]]></id_product>
<id_tag><![CDATA[6976]]></id_tag>
<id_lang><![CDATA[1]]></id_lang>
</product_tag>
<product_tag><id_product><![CDATA[1456]]></id_product>
<id_tag><![CDATA[6976]]></id_tag>
<id_lang><![CDATA[1]]></id_lang>
</product_tag>
<product_tag><id_product><![CDATA[1457]]></id_product>
<id_tag><![CDATA[6976]]></id_tag>
<id_lang><![CDATA[1]]></id_lang>
</product_tag>
<product_tag><id_product><![CDATA[1497]]></id_product>
<id_tag><![CDATA[6976]]></id_tag>
<id_lang><![CDATA[1]]></id_lang>
</product_tag>
<product_tag><id_product><![CDATA[1498]]></id_product>
<id_tag><![CDATA[6976]]></id_tag>
<id_lang><![CDATA[1]]></id_lang>
</product_tag>
<product_tag><id_product><![CDATA[1499]]></id_product>
<id_tag><![CDATA[6976]]></id_tag>
<id_lang><![CDATA[1]]></id_lang>
</product_tag>
<product_tag><id_product><![CDATA[1512]]></id_product>
<id_tag><![CDATA[6976]]></id_tag>
<id_lang><![CDATA[1]]></id_lang>
</product_tag>
<product_tag><id_product><![CDATA[1513]]></id_product>
<id_tag><![CDATA[6976]]></id_tag>
<id_lang><![CDATA[1]]></id_lang>
</product_tag>
<product_tag><id_product><![CDATA[1514]]></id_product>
<id_tag><![CDATA[6976]]></id_tag>
<id_lang><![CDATA[1]]></id_lang>
</product_tag>
<product_tag><id_product><![CDATA[1515]]></id_product>
<id_tag><![CDATA[6976]]></id_tag>
<id_lang><![CDATA[1]]></id_lang>
</product_tag>
<product_tag><id_product><![CDATA[1516]]></id_product>
<id_tag><![CDATA[6976]]></id_tag>
<id_lang><![CDATA[1]]></id_lang>
</product_tag>
<product_tag><id_product><![CDATA[1518]]></id_product>
<id_tag><![CDATA[6976]]></id_tag>
<id_lang><![CDATA[1]]></id_lang>
</product_tag>
<product_tag><id_product><![CDATA[1519]]></id_product>
<id_tag><![CDATA[6976]]></id_tag>
<id_lang><![CDATA[1]]></id_lang>
</product_tag>
<product_tag><id_product><![CDATA[1520]]></id_product>
<id_tag><![CDATA[6976]]></id_tag>
<id_lang><![CDATA[1]]></id_lang>
</product_tag>
<product_tag><id_product><![CDATA[1521]]></id_product>
<id_tag><![CDATA[6976]]></id_tag>
<id_lang><![CDATA[1]]></id_lang>
</product_tag>
<product_tag><id_product><![CDATA[1522]]></id_product>
<id_tag><![CDATA[6976]]></id_tag>
<id_lang><![CDATA[1]]></id_lang>
</product_tag>
<product_tag><id_product><![CDATA[1523]]></id_product>
<id_tag><![CDATA[6976]]></id_tag>
<id_lang><![CDATA[1]]></id_lang>
</product_tag>
<product_tag><id_product><![CDATA[1525]]></id_product>
<id_tag><![CDATA[6976]]></id_tag>
<id_lang><![CDATA[1]]></id_lang>
</product_tag>
<product_tag><id_product><![CDATA[1526]]></id_product>
<id_tag><![CDATA[6976]]></id_tag>
<id_lang><![CDATA[1]]></id_lang>
</product_tag>
<product_tag><id_product><![CDATA[1527]]></id_product>
<id_tag><![CDATA[6976]]></id_tag>
<id_lang><![CDATA[1]]></id_lang>
</product_tag>
<product_tag><id_product><![CDATA[1528]]></id_product>
<id_tag><![CDATA[6976]]></id_tag>
<id_lang><![CDATA[1]]></id_lang>
</product_tag>
<product_tag><id_product><![CDATA[1530]]></id_product>
<id_tag><![CDATA[6976]]></id_tag>
<id_lang><![CDATA[1]]></id_lang>
</product_tag>
<product_tag><id_product><![CDATA[1531]]></id_product>
<id_tag><![CDATA[6976]]></id_tag>
<id_lang><![CDATA[1]]></id_lang>
</product_tag>
<product_tag><id_product><![CDATA[1147]]></id_product>
<id_tag><![CDATA[6977]]></id_tag>
<id_lang><![CDATA[1]]></id_lang>
</product_tag>
<product_tag><id_product><![CDATA[1148]]></id_product>
<id_tag><![CDATA[6977]]></id_tag>
<id_lang><![CDATA[1]]></id_lang>
</product_tag>
<product_tag><id_product><![CDATA[1193]]></id_product>
<id_tag><![CDATA[6977]]></id_tag>
<id_lang><![CDATA[1]]></id_lang>
</product_tag>
<product_tag><id_product><![CDATA[1194]]></id_product>
<id_tag><![CDATA[6977]]></id_tag>
<id_lang><![CDATA[1]]></id_lang>
</product_tag>
<product_tag><id_product><![CDATA[1195]]></id_product>
<id_tag><![CDATA[6977]]></id_tag>
<id_lang><![CDATA[1]]></id_lang>
</product_tag>
<product_tag><id_product><![CDATA[1196]]></id_product>
<id_tag><![CDATA[6977]]></id_tag>
<id_lang><![CDATA[1]]></id_lang>
</product_tag>
<product_tag><id_product><![CDATA[1197]]></id_product>
<id_tag><![CDATA[6977]]></id_tag>
<id_lang><![CDATA[1]]></id_lang>
</product_tag>
<product_tag><id_product><![CDATA[1198]]></id_product>
<id_tag><![CDATA[6977]]></id_tag>
<id_lang><![CDATA[1]]></id_lang>
</product_tag>
<product_tag><id_product><![CDATA[1199]]></id_product>
<id_tag><![CDATA[6977]]></id_tag>
<id_lang><![CDATA[1]]></id_lang>
</product_tag>
<product_tag><id_product><![CDATA[1200]]></id_product>
<id_tag><![CDATA[6977]]></id_tag>
<id_lang><![CDATA[1]]></id_lang>
</product_tag>
<product_tag><id_product><![CDATA[1201]]></id_product>
<id_tag><![CDATA[6977]]></id_tag>
<id_lang><![CDATA[1]]></id_lang>
</product_tag>
<product_tag><id_product><![CDATA[1202]]></id_product>
<id_tag><![CDATA[6977]]></id_tag>
<id_lang><![CDATA[1]]></id_lang>
</product_tag>
<product_tag><id_product><![CDATA[1203]]></id_product>
<id_tag><![CDATA[6977]]></id_tag>
<id_lang><![CDATA[1]]></id_lang>
</product_tag>
<product_tag><id_product><![CDATA[1205]]></id_product>
<id_tag><![CDATA[6977]]></id_tag>
<id_lang><![CDATA[1]]></id_lang>
</product_tag>
<product_tag><id_product><![CDATA[1206]]></id_product>
<id_tag><![CDATA[6977]]></id_tag>
<id_lang><![CDATA[1]]></id_lang>
</product_tag>
<product_tag><id_product><![CDATA[1207]]></id_product>
<id_tag><![CDATA[6977]]></id_tag>
<id_lang><![CDATA[1]]></id_lang>
</product_tag>
<product_tag><id_product><![CDATA[1208]]></id_product>
<id_tag><![CDATA[6977]]></id_tag>
<id_lang><![CDATA[1]]></id_lang>
</product_tag>
<product_tag><id_product><![CDATA[1209]]></id_product>
<id_tag><![CDATA[6977]]></id_tag>
<id_lang><![CDATA[1]]></id_lang>
</product_tag>
<product_tag><id_product><![CDATA[1210]]></id_product>
<id_tag><![CDATA[6977]]></id_tag>
<id_lang><![CDATA[1]]></id_lang>
</product_tag>
<product_tag><id_product><![CDATA[1211]]></id_product>
<id_tag><![CDATA[6977]]></id_tag>
<id_lang><![CDATA[1]]></id_lang>
</product_tag>
<product_tag><id_product><![CDATA[1212]]></id_product>
<id_tag><![CDATA[6977]]></id_tag>
<id_lang><![CDATA[1]]></id_lang>
</product_tag>
<product_tag><id_product><![CDATA[1213]]></id_product>
<id_tag><![CDATA[6977]]></id_tag>
<id_lang><![CDATA[1]]></id_lang>
</product_tag>
<product_tag><id_product><![CDATA[1214]]></id_product>
<id_tag><![CDATA[6977]]></id_tag>
<id_lang><![CDATA[1]]></id_lang>
</product_tag>
<product_tag><id_product><![CDATA[1215]]></id_product>
<id_tag><![CDATA[6977]]></id_tag>
<id_lang><![CDATA[1]]></id_lang>
</product_tag>
<product_tag><id_product><![CDATA[1216]]></id_product>
<id_tag><![CDATA[6977]]></id_tag>
<id_lang><![CDATA[1]]></id_lang>
</product_tag>
<product_tag><id_product><![CDATA[1217]]></id_product>
<id_tag><![CDATA[6977]]></id_tag>
<id_lang><![CDATA[1]]></id_lang>
</product_tag>
<product_tag><id_product><![CDATA[1218]]></id_product>
<id_tag><![CDATA[6977]]></id_tag>
<id_lang><![CDATA[1]]></id_lang>
</product_tag>
<product_tag><id_product><![CDATA[1219]]></id_product>
<id_tag><![CDATA[6977]]></id_tag>
<id_lang><![CDATA[1]]></id_lang>
</product_tag>
<product_tag><id_product><![CDATA[1220]]></id_product>
<id_tag><![CDATA[6977]]></id_tag>
<id_lang><![CDATA[1]]></id_lang>
</product_tag>
<product_tag><id_product><![CDATA[1221]]></id_product>
<id_tag><![CDATA[6977]]></id_tag>
<id_lang><![CDATA[1]]></id_lang>
</product_tag>
<product_tag><id_product><![CDATA[1222]]></id_product>
<id_tag><![CDATA[6977]]></id_tag>
<id_lang><![CDATA[1]]></id_lang>
</product_tag>
<product_tag><id_product><![CDATA[1223]]></id_product>
<id_tag><![CDATA[6977]]></id_tag>
<id_lang><![CDATA[1]]></id_lang>
</product_tag>
<product_tag><id_product><![CDATA[1224]]></id_product>
<id_tag><![CDATA[6977]]></id_tag>
<id_lang><![CDATA[1]]></id_lang>
</product_tag>
<product_tag><id_product><![CDATA[1225]]></id_product>
<id_tag><![CDATA[6977]]></id_tag>
<id_lang><![CDATA[1]]></id_lang>
</product_tag>
<product_tag><id_product><![CDATA[1226]]></id_product>
<id_tag><![CDATA[6977]]></id_tag>
<id_lang><![CDATA[1]]></id_lang>
</product_tag>
<product_tag><id_product><![CDATA[1227]]></id_product>
<id_tag><![CDATA[6977]]></id_tag>
<id_lang><![CDATA[1]]></id_lang>
</product_tag>
<product_tag><id_product><![CDATA[1228]]></id_product>
<id_tag><![CDATA[6977]]></id_tag>
<id_lang><![CDATA[1]]></id_lang>
</product_tag>
<product_tag><id_product><![CDATA[1229]]></id_product>
<id_tag><![CDATA[6977]]></id_tag>
<id_lang><![CDATA[1]]></id_lang>
</product_tag>
<product_tag><id_product><![CDATA[1230]]></id_product>
<id_tag><![CDATA[6977]]></id_tag>
<id_lang><![CDATA[1]]></id_lang>
</product_tag>
<product_tag><id_product><![CDATA[1231]]></id_product>
<id_tag><![CDATA[6977]]></id_tag>
<id_lang><![CDATA[1]]></id_lang>
</product_tag>
<product_tag><id_product><![CDATA[1232]]></id_product>
<id_tag><![CDATA[6977]]></id_tag>
<id_lang><![CDATA[1]]></id_lang>
</product_tag>
<product_tag><id_product><![CDATA[1237]]></id_product>
<id_tag><![CDATA[6977]]></id_tag>
<id_lang><![CDATA[1]]></id_lang>
</product_tag>
<product_tag><id_product><![CDATA[1238]]></id_product>
<id_tag><![CDATA[6977]]></id_tag>
<id_lang><![CDATA[1]]></id_lang>
</product_tag>
<product_tag><id_product><![CDATA[1239]]></id_product>
<id_tag><![CDATA[6977]]></id_tag>
<id_lang><![CDATA[1]]></id_lang>
</product_tag>
<product_tag><id_product><![CDATA[1240]]></id_product>
<id_tag><![CDATA[6977]]></id_tag>
<id_lang><![CDATA[1]]></id_lang>
</product_tag>
<product_tag><id_product><![CDATA[1241]]></id_product>
<id_tag><![CDATA[6977]]></id_tag>
<id_lang><![CDATA[1]]></id_lang>
</product_tag>
<product_tag><id_product><![CDATA[1242]]></id_product>
<id_tag><![CDATA[6977]]></id_tag>
<id_lang><![CDATA[1]]></id_lang>
</product_tag>
<product_tag><id_product><![CDATA[1243]]></id_product>
<id_tag><![CDATA[6977]]></id_tag>
<id_lang><![CDATA[1]]></id_lang>
</product_tag>
<product_tag><id_product><![CDATA[1244]]></id_product>
<id_tag><![CDATA[6977]]></id_tag>
<id_lang><![CDATA[1]]></id_lang>
</product_tag>
<product_tag><id_product><![CDATA[1245]]></id_product>
<id_tag><![CDATA[6977]]></id_tag>
<id_lang><![CDATA[1]]></id_lang>
</product_tag>
<product_tag><id_product><![CDATA[1246]]></id_product>
<id_tag><![CDATA[6977]]></id_tag>
<id_lang><![CDATA[1]]></id_lang>
</product_tag>
<product_tag><id_product><![CDATA[1247]]></id_product>
<id_tag><![CDATA[6977]]></id_tag>
<id_lang><![CDATA[1]]></id_lang>
</product_tag>
<product_tag><id_product><![CDATA[1248]]></id_product>
<id_tag><![CDATA[6977]]></id_tag>
<id_lang><![CDATA[1]]></id_lang>
</product_tag>
<product_tag><id_product><![CDATA[1249]]></id_product>
<id_tag><![CDATA[6977]]></id_tag>
<id_lang><![CDATA[1]]></id_lang>
</product_tag>
<product_tag><id_product><![CDATA[1250]]></id_product>
<id_tag><![CDATA[6977]]></id_tag>
<id_lang><![CDATA[1]]></id_lang>
</product_tag>
<product_tag><id_product><![CDATA[1251]]></id_product>
<id_tag><![CDATA[6977]]></id_tag>
<id_lang><![CDATA[1]]></id_lang>
</product_tag>
<product_tag><id_product><![CDATA[1252]]></id_product>
<id_tag><![CDATA[6977]]></id_tag>
<id_lang><![CDATA[1]]></id_lang>
</product_tag>
<product_tag><id_product><![CDATA[1253]]></id_product>
<id_tag><![CDATA[6977]]></id_tag>
<id_lang><![CDATA[1]]></id_lang>
</product_tag>
<product_tag><id_product><![CDATA[1254]]></id_product>
<id_tag><![CDATA[6977]]></id_tag>
<id_lang><![CDATA[1]]></id_lang>
</product_tag>
<product_tag><id_product><![CDATA[1255]]></id_product>
<id_tag><![CDATA[6977]]></id_tag>
<id_lang><![CDATA[1]]></id_lang>
</product_tag>
<product_tag><id_product><![CDATA[1256]]></id_product>
<id_tag><![CDATA[6977]]></id_tag>
<id_lang><![CDATA[1]]></id_lang>
</product_tag>
<product_tag><id_product><![CDATA[1257]]></id_product>
<id_tag><![CDATA[6977]]></id_tag>
<id_lang><![CDATA[1]]></id_lang>
</product_tag>
<product_tag><id_product><![CDATA[1258]]></id_product>
<id_tag><![CDATA[6977]]></id_tag>
<id_lang><![CDATA[1]]></id_lang>
</product_tag>
<product_tag><id_product><![CDATA[1259]]></id_product>
<id_tag><![CDATA[6977]]></id_tag>
<id_lang><![CDATA[1]]></id_lang>
</product_tag>
<product_tag><id_product><![CDATA[1260]]></id_product>
<id_tag><![CDATA[6977]]></id_tag>
<id_lang><![CDATA[1]]></id_lang>
</product_tag>
<product_tag><id_product><![CDATA[1261]]></id_product>
<id_tag><![CDATA[6977]]></id_tag>
<id_lang><![CDATA[1]]></id_lang>
</product_tag>
<product_tag><id_product><![CDATA[1262]]></id_product>
<id_tag><![CDATA[6977]]></id_tag>
<id_lang><![CDATA[1]]></id_lang>
</product_tag>
<product_tag><id_product><![CDATA[1263]]></id_product>
<id_tag><![CDATA[6977]]></id_tag>
<id_lang><![CDATA[1]]></id_lang>
</product_tag>
<product_tag><id_product><![CDATA[1264]]></id_product>
<id_tag><![CDATA[6977]]></id_tag>
<id_lang><![CDATA[1]]></id_lang>
</product_tag>
<product_tag><id_product><![CDATA[1265]]></id_product>
<id_tag><![CDATA[6977]]></id_tag>
<id_lang><![CDATA[1]]></id_lang>
</product_tag>
<product_tag><id_product><![CDATA[1266]]></id_product>
<id_tag><![CDATA[6977]]></id_tag>
<id_lang><![CDATA[1]]></id_lang>
</product_tag>
<product_tag><id_product><![CDATA[1267]]></id_product>
<id_tag><![CDATA[6977]]></id_tag>
<id_lang><![CDATA[1]]></id_lang>
</product_tag>
<product_tag><id_product><![CDATA[1268]]></id_product>
<id_tag><![CDATA[6977]]></id_tag>
<id_lang><![CDATA[1]]></id_lang>
</product_tag>
<product_tag><id_product><![CDATA[1269]]></id_product>
<id_tag><![CDATA[6977]]></id_tag>
<id_lang><![CDATA[1]]></id_lang>
</product_tag>
<product_tag><id_product><![CDATA[1270]]></id_product>
<id_tag><![CDATA[6977]]></id_tag>
<id_lang><![CDATA[1]]></id_lang>
</product_tag>
<product_tag><id_product><![CDATA[1271]]></id_product>
<id_tag><![CDATA[6977]]></id_tag>
<id_lang><![CDATA[1]]></id_lang>
</product_tag>
<product_tag><id_product><![CDATA[1272]]></id_product>
<id_tag><![CDATA[6977]]></id_tag>
<id_lang><![CDATA[1]]></id_lang>
</product_tag>
<product_tag><id_product><![CDATA[1273]]></id_product>
<id_tag><![CDATA[6977]]></id_tag>
<id_lang><![CDATA[1]]></id_lang>
</product_tag>
<product_tag><id_product><![CDATA[1274]]></id_product>
<id_tag><![CDATA[6977]]></id_tag>
<id_lang><![CDATA[1]]></id_lang>
</product_tag>
<product_tag><id_product><![CDATA[1275]]></id_product>
<id_tag><![CDATA[6977]]></id_tag>
<id_lang><![CDATA[1]]></id_lang>
</product_tag>
<product_tag><id_product><![CDATA[1276]]></id_product>
<id_tag><![CDATA[6977]]></id_tag>
<id_lang><![CDATA[1]]></id_lang>
</product_tag>
<product_tag><id_product><![CDATA[1277]]></id_product>
<id_tag><![CDATA[6977]]></id_tag>
<id_lang><![CDATA[1]]></id_lang>
</product_tag>
<product_tag><id_product><![CDATA[1279]]></id_product>
<id_tag><![CDATA[6977]]></id_tag>
<id_lang><![CDATA[1]]></id_lang>
</product_tag>
<product_tag><id_product><![CDATA[1283]]></id_product>
<id_tag><![CDATA[6977]]></id_tag>
<id_lang><![CDATA[1]]></id_lang>
</product_tag>
<product_tag><id_product><![CDATA[1284]]></id_product>
<id_tag><![CDATA[6977]]></id_tag>
<id_lang><![CDATA[1]]></id_lang>
</product_tag>
<product_tag><id_product><![CDATA[1285]]></id_product>
<id_tag><![CDATA[6977]]></id_tag>
<id_lang><![CDATA[1]]></id_lang>
</product_tag>
<product_tag><id_product><![CDATA[1286]]></id_product>
<id_tag><![CDATA[6977]]></id_tag>
<id_lang><![CDATA[1]]></id_lang>
</product_tag>
<product_tag><id_product><![CDATA[1287]]></id_product>
<id_tag><![CDATA[6977]]></id_tag>
<id_lang><![CDATA[1]]></id_lang>
</product_tag>
<product_tag><id_product><![CDATA[1288]]></id_product>
<id_tag><![CDATA[6977]]></id_tag>
<id_lang><![CDATA[1]]></id_lang>
</product_tag>
<product_tag><id_product><![CDATA[1289]]></id_product>
<id_tag><![CDATA[6977]]></id_tag>
<id_lang><![CDATA[1]]></id_lang>
</product_tag>
<product_tag><id_product><![CDATA[1290]]></id_product>
<id_tag><![CDATA[6977]]></id_tag>
<id_lang><![CDATA[1]]></id_lang>
</product_tag>
<product_tag><id_product><![CDATA[1291]]></id_product>
<id_tag><![CDATA[6977]]></id_tag>
<id_lang><![CDATA[1]]></id_lang>
</product_tag>
<product_tag><id_product><![CDATA[1292]]></id_product>
<id_tag><![CDATA[6977]]></id_tag>
<id_lang><![CDATA[1]]></id_lang>
</product_tag>
<product_tag><id_product><![CDATA[1293]]></id_product>
<id_tag><![CDATA[6977]]></id_tag>
<id_lang><![CDATA[1]]></id_lang>
</product_tag>
<product_tag><id_product><![CDATA[1294]]></id_product>
<id_tag><![CDATA[6977]]></id_tag>
<id_lang><![CDATA[1]]></id_lang>
</product_tag>
<product_tag><id_product><![CDATA[1296]]></id_product>
<id_tag><![CDATA[6977]]></id_tag>
<id_lang><![CDATA[1]]></id_lang>
</product_tag>
<product_tag><id_product><![CDATA[1297]]></id_product>
<id_tag><![CDATA[6977]]></id_tag>
<id_lang><![CDATA[1]]></id_lang>
</product_tag>
<product_tag><id_product><![CDATA[1298]]></id_product>
<id_tag><![CDATA[6977]]></id_tag>
<id_lang><![CDATA[1]]></id_lang>
</product_tag>
<product_tag><id_product><![CDATA[1299]]></id_product>
<id_tag><![CDATA[6977]]></id_tag>
<id_lang><![CDATA[1]]></id_lang>
</product_tag>
<product_tag><id_product><![CDATA[1301]]></id_product>
<id_tag><![CDATA[6977]]></id_tag>
<id_lang><![CDATA[1]]></id_lang>
</product_tag>
<product_tag><id_product><![CDATA[1302]]></id_product>
<id_tag><![CDATA[6977]]></id_tag>
<id_lang><![CDATA[1]]></id_lang>
</product_tag>
<product_tag><id_product><![CDATA[1303]]></id_product>
<id_tag><![CDATA[6977]]></id_tag>
<id_lang><![CDATA[1]]></id_lang>
</product_tag>
<product_tag><id_product><![CDATA[1304]]></id_product>
<id_tag><![CDATA[6977]]></id_tag>
<id_lang><![CDATA[1]]></id_lang>
</product_tag>
<product_tag><id_product><![CDATA[1305]]></id_product>
<id_tag><![CDATA[6977]]></id_tag>
<id_lang><![CDATA[1]]></id_lang>
</product_tag>
<product_tag><id_product><![CDATA[1306]]></id_product>
<id_tag><![CDATA[6977]]></id_tag>
<id_lang><![CDATA[1]]></id_lang>
</product_tag>
<product_tag><id_product><![CDATA[1307]]></id_product>
<id_tag><![CDATA[6977]]></id_tag>
<id_lang><![CDATA[1]]></id_lang>
</product_tag>
<product_tag><id_product><![CDATA[1308]]></id_product>
<id_tag><![CDATA[6977]]></id_tag>
<id_lang><![CDATA[1]]></id_lang>
</product_tag>
<product_tag><id_product><![CDATA[1309]]></id_product>
<id_tag><![CDATA[6977]]></id_tag>
<id_lang><![CDATA[1]]></id_lang>
</product_tag>
<product_tag><id_product><![CDATA[1310]]></id_product>
<id_tag><![CDATA[6977]]></id_tag>
<id_lang><![CDATA[1]]></id_lang>
</product_tag>
<product_tag><id_product><![CDATA[1311]]></id_product>
<id_tag><![CDATA[6977]]></id_tag>
<id_lang><![CDATA[1]]></id_lang>
</product_tag>
<product_tag><id_product><![CDATA[1312]]></id_product>
<id_tag><![CDATA[6977]]></id_tag>
<id_lang><![CDATA[1]]></id_lang>
</product_tag>
<product_tag><id_product><![CDATA[1313]]></id_product>
<id_tag><![CDATA[6977]]></id_tag>
<id_lang><![CDATA[1]]></id_lang>
</product_tag>
<product_tag><id_product><![CDATA[1314]]></id_product>
<id_tag><![CDATA[6977]]></id_tag>
<id_lang><![CDATA[1]]></id_lang>
</product_tag>
<product_tag><id_product><![CDATA[1315]]></id_product>
<id_tag><![CDATA[6977]]></id_tag>
<id_lang><![CDATA[1]]></id_lang>
</product_tag>
<product_tag><id_product><![CDATA[1316]]></id_product>
<id_tag><![CDATA[6977]]></id_tag>
<id_lang><![CDATA[1]]></id_lang>
</product_tag>
<product_tag><id_product><![CDATA[1317]]></id_product>
<id_tag><![CDATA[6977]]></id_tag>
<id_lang><![CDATA[1]]></id_lang>
</product_tag>
<product_tag><id_product><![CDATA[1318]]></id_product>
<id_tag><![CDATA[6977]]></id_tag>
<id_lang><![CDATA[1]]></id_lang>
</product_tag>
<product_tag><id_product><![CDATA[1319]]></id_product>
<id_tag><![CDATA[6977]]></id_tag>
<id_lang><![CDATA[1]]></id_lang>
</product_tag>
<product_tag><id_product><![CDATA[1320]]></id_product>
<id_tag><![CDATA[6977]]></id_tag>
<id_lang><![CDATA[1]]></id_lang>
</product_tag>
<product_tag><id_product><![CDATA[1321]]></id_product>
<id_tag><![CDATA[6977]]></id_tag>
<id_lang><![CDATA[1]]></id_lang>
</product_tag>
<product_tag><id_product><![CDATA[1322]]></id_product>
<id_tag><![CDATA[6977]]></id_tag>
<id_lang><![CDATA[1]]></id_lang>
</product_tag>
<product_tag><id_product><![CDATA[1323]]></id_product>
<id_tag><![CDATA[6977]]></id_tag>
<id_lang><![CDATA[1]]></id_lang>
</product_tag>
<product_tag><id_product><![CDATA[1324]]></id_product>
<id_tag><![CDATA[6977]]></id_tag>
<id_lang><![CDATA[1]]></id_lang>
</product_tag>
<product_tag><id_product><![CDATA[1325]]></id_product>
<id_tag><![CDATA[6977]]></id_tag>
<id_lang><![CDATA[1]]></id_lang>
</product_tag>
<product_tag><id_product><![CDATA[1326]]></id_product>
<id_tag><![CDATA[6977]]></id_tag>
<id_lang><![CDATA[1]]></id_lang>
</product_tag>
<product_tag><id_product><![CDATA[1327]]></id_product>
<id_tag><![CDATA[6977]]></id_tag>
<id_lang><![CDATA[1]]></id_lang>
</product_tag>
<product_tag><id_product><![CDATA[1328]]></id_product>
<id_tag><![CDATA[6977]]></id_tag>
<id_lang><![CDATA[1]]></id_lang>
</product_tag>
<product_tag><id_product><![CDATA[1329]]></id_product>
<id_tag><![CDATA[6977]]></id_tag>
<id_lang><![CDATA[1]]></id_lang>
</product_tag>
<product_tag><id_product><![CDATA[1330]]></id_product>
<id_tag><![CDATA[6977]]></id_tag>
<id_lang><![CDATA[1]]></id_lang>
</product_tag>
<product_tag><id_product><![CDATA[1331]]></id_product>
<id_tag><![CDATA[6977]]></id_tag>
<id_lang><![CDATA[1]]></id_lang>
</product_tag>
<product_tag><id_product><![CDATA[1332]]></id_product>
<id_tag><![CDATA[6977]]></id_tag>
<id_lang><![CDATA[1]]></id_lang>
</product_tag>
<product_tag><id_product><![CDATA[1333]]></id_product>
<id_tag><![CDATA[6977]]></id_tag>
<id_lang><![CDATA[1]]></id_lang>
</product_tag>
<product_tag><id_product><![CDATA[1334]]></id_product>
<id_tag><![CDATA[6977]]></id_tag>
<id_lang><![CDATA[1]]></id_lang>
</product_tag>
<product_tag><id_product><![CDATA[1335]]></id_product>
<id_tag><![CDATA[6977]]></id_tag>
<id_lang><![CDATA[1]]></id_lang>
</product_tag>
<product_tag><id_product><![CDATA[1336]]></id_product>
<id_tag><![CDATA[6977]]></id_tag>
<id_lang><![CDATA[1]]></id_lang>
</product_tag>
<product_tag><id_product><![CDATA[1337]]></id_product>
<id_tag><![CDATA[6977]]></id_tag>
<id_lang><![CDATA[1]]></id_lang>
</product_tag>
<product_tag><id_product><![CDATA[1338]]></id_product>
<id_tag><![CDATA[6977]]></id_tag>
<id_lang><![CDATA[1]]></id_lang>
</product_tag>
<product_tag><id_product><![CDATA[1339]]></id_product>
<id_tag><![CDATA[6977]]></id_tag>
<id_lang><![CDATA[1]]></id_lang>
</product_tag>
<product_tag><id_product><![CDATA[1340]]></id_product>
<id_tag><![CDATA[6977]]></id_tag>
<id_lang><![CDATA[1]]></id_lang>
</product_tag>
<product_tag><id_product><![CDATA[1341]]></id_product>
<id_tag><![CDATA[6977]]></id_tag>
<id_lang><![CDATA[1]]></id_lang>
</product_tag>
<product_tag><id_product><![CDATA[1342]]></id_product>
<id_tag><![CDATA[6977]]></id_tag>
<id_lang><![CDATA[1]]></id_lang>
</product_tag>
<product_tag><id_product><![CDATA[1343]]></id_product>
<id_tag><![CDATA[6977]]></id_tag>
<id_lang><![CDATA[1]]></id_lang>
</product_tag>
<product_tag><id_product><![CDATA[1344]]></id_product>
<id_tag><![CDATA[6977]]></id_tag>
<id_lang><![CDATA[1]]></id_lang>
</product_tag>
<product_tag><id_product><![CDATA[1345]]></id_product>
<id_tag><![CDATA[6977]]></id_tag>
<id_lang><![CDATA[1]]></id_lang>
</product_tag>
<product_tag><id_product><![CDATA[1346]]></id_product>
<id_tag><![CDATA[6977]]></id_tag>
<id_lang><![CDATA[1]]></id_lang>
</product_tag>
<product_tag><id_product><![CDATA[1347]]></id_product>
<id_tag><![CDATA[6977]]></id_tag>
<id_lang><![CDATA[1]]></id_lang>
</product_tag>
<product_tag><id_product><![CDATA[1348]]></id_product>
<id_tag><![CDATA[6977]]></id_tag>
<id_lang><![CDATA[1]]></id_lang>
</product_tag>
<product_tag><id_product><![CDATA[1349]]></id_product>
<id_tag><![CDATA[6977]]></id_tag>
<id_lang><![CDATA[1]]></id_lang>
</product_tag>
<product_tag><id_product><![CDATA[1350]]></id_product>
<id_tag><![CDATA[6977]]></id_tag>
<id_lang><![CDATA[1]]></id_lang>
</product_tag>
<product_tag><id_product><![CDATA[1351]]></id_product>
<id_tag><![CDATA[6977]]></id_tag>
<id_lang><![CDATA[1]]></id_lang>
</product_tag>
<product_tag><id_product><![CDATA[1352]]></id_product>
<id_tag><![CDATA[6977]]></id_tag>
<id_lang><![CDATA[1]]></id_lang>
</product_tag>
<product_tag><id_product><![CDATA[1353]]></id_product>
<id_tag><![CDATA[6977]]></id_tag>
<id_lang><![CDATA[1]]></id_lang>
</product_tag>
<product_tag><id_product><![CDATA[1354]]></id_product>
<id_tag><![CDATA[6977]]></id_tag>
<id_lang><![CDATA[1]]></id_lang>
</product_tag>
<product_tag><id_product><![CDATA[1355]]></id_product>
<id_tag><![CDATA[6977]]></id_tag>
<id_lang><![CDATA[1]]></id_lang>
</product_tag>
<product_tag><id_product><![CDATA[1356]]></id_product>
<id_tag><![CDATA[6977]]></id_tag>
<id_lang><![CDATA[1]]></id_lang>
</product_tag>
<product_tag><id_product><![CDATA[1357]]></id_product>
<id_tag><![CDATA[6977]]></id_tag>
<id_lang><![CDATA[1]]></id_lang>
</product_tag>
<product_tag><id_product><![CDATA[1358]]></id_product>
<id_tag><![CDATA[6977]]></id_tag>
<id_lang><![CDATA[1]]></id_lang>
</product_tag>
<product_tag><id_product><![CDATA[1359]]></id_product>
<id_tag><![CDATA[6977]]></id_tag>
<id_lang><![CDATA[1]]></id_lang>
</product_tag>
<product_tag><id_product><![CDATA[1361]]></id_product>
<id_tag><![CDATA[6977]]></id_tag>
<id_lang><![CDATA[1]]></id_lang>
</product_tag>
<product_tag><id_product><![CDATA[1362]]></id_product>
<id_tag><![CDATA[6977]]></id_tag>
<id_lang><![CDATA[1]]></id_lang>
</product_tag>
<product_tag><id_product><![CDATA[1363]]></id_product>
<id_tag><![CDATA[6977]]></id_tag>
<id_lang><![CDATA[1]]></id_lang>
</product_tag>
<product_tag><id_product><![CDATA[1364]]></id_product>
<id_tag><![CDATA[6977]]></id_tag>
<id_lang><![CDATA[1]]></id_lang>
</product_tag>
<product_tag><id_product><![CDATA[1415]]></id_product>
<id_tag><![CDATA[6977]]></id_tag>
<id_lang><![CDATA[1]]></id_lang>
</product_tag>
<product_tag><id_product><![CDATA[1436]]></id_product>
<id_tag><![CDATA[6977]]></id_tag>
<id_lang><![CDATA[1]]></id_lang>
</product_tag>
<product_tag><id_product><![CDATA[1437]]></id_product>
<id_tag><![CDATA[6977]]></id_tag>
<id_lang><![CDATA[1]]></id_lang>
</product_tag>
<product_tag><id_product><![CDATA[1438]]></id_product>
<id_tag><![CDATA[6977]]></id_tag>
<id_lang><![CDATA[1]]></id_lang>
</product_tag>
<product_tag><id_product><![CDATA[1439]]></id_product>
<id_tag><![CDATA[6977]]></id_tag>
<id_lang><![CDATA[1]]></id_lang>
</product_tag>
<product_tag><id_product><![CDATA[1440]]></id_product>
<id_tag><![CDATA[6977]]></id_tag>
<id_lang><![CDATA[1]]></id_lang>
</product_tag>
<product_tag><id_product><![CDATA[1441]]></id_product>
<id_tag><![CDATA[6977]]></id_tag>
<id_lang><![CDATA[1]]></id_lang>
</product_tag>
<product_tag><id_product><![CDATA[1442]]></id_product>
<id_tag><![CDATA[6977]]></id_tag>
<id_lang><![CDATA[1]]></id_lang>
</product_tag>
<product_tag><id_product><![CDATA[1443]]></id_product>
<id_tag><![CDATA[6977]]></id_tag>
<id_lang><![CDATA[1]]></id_lang>
</product_tag>
<product_tag><id_product><![CDATA[1444]]></id_product>
<id_tag><![CDATA[6977]]></id_tag>
<id_lang><![CDATA[1]]></id_lang>
</product_tag>
<product_tag><id_product><![CDATA[1445]]></id_product>
<id_tag><![CDATA[6977]]></id_tag>
<id_lang><![CDATA[1]]></id_lang>
</product_tag>
<product_tag><id_product><![CDATA[1447]]></id_product>
<id_tag><![CDATA[6977]]></id_tag>
<id_lang><![CDATA[1]]></id_lang>
</product_tag>
<product_tag><id_product><![CDATA[1448]]></id_product>
<id_tag><![CDATA[6977]]></id_tag>
<id_lang><![CDATA[1]]></id_lang>
</product_tag>
<product_tag><id_product><![CDATA[1449]]></id_product>
<id_tag><![CDATA[6977]]></id_tag>
<id_lang><![CDATA[1]]></id_lang>
</product_tag>
<product_tag><id_product><![CDATA[1450]]></id_product>
<id_tag><![CDATA[6977]]></id_tag>
<id_lang><![CDATA[1]]></id_lang>
</product_tag>
<product_tag><id_product><![CDATA[1451]]></id_product>
<id_tag><![CDATA[6977]]></id_tag>
<id_lang><![CDATA[1]]></id_lang>
</product_tag>
<product_tag><id_product><![CDATA[1452]]></id_product>
<id_tag><![CDATA[6977]]></id_tag>
<id_lang><![CDATA[1]]></id_lang>
</product_tag>
<product_tag><id_product><![CDATA[1453]]></id_product>
<id_tag><![CDATA[6977]]></id_tag>
<id_lang><![CDATA[1]]></id_lang>
</product_tag>
<product_tag><id_product><![CDATA[1454]]></id_product>
<id_tag><![CDATA[6977]]></id_tag>
<id_lang><![CDATA[1]]></id_lang>
</product_tag>
<product_tag><id_product><![CDATA[1455]]></id_product>
<id_tag><![CDATA[6977]]></id_tag>
<id_lang><![CDATA[1]]></id_lang>
</product_tag>
<product_tag><id_product><![CDATA[1456]]></id_product>
<id_tag><![CDATA[6977]]></id_tag>
<id_lang><![CDATA[1]]></id_lang>
</product_tag>
<product_tag><id_product><![CDATA[1457]]></id_product>
<id_tag><![CDATA[6977]]></id_tag>
<id_lang><![CDATA[1]]></id_lang>
</product_tag>
<product_tag><id_product><![CDATA[1497]]></id_product>
<id_tag><![CDATA[6977]]></id_tag>
<id_lang><![CDATA[1]]></id_lang>
</product_tag>
<product_tag><id_product><![CDATA[1498]]></id_product>
<id_tag><![CDATA[6977]]></id_tag>
<id_lang><![CDATA[1]]></id_lang>
</product_tag>
<product_tag><id_product><![CDATA[1499]]></id_product>
<id_tag><![CDATA[6977]]></id_tag>
<id_lang><![CDATA[1]]></id_lang>
</product_tag>
<product_tag><id_product><![CDATA[1512]]></id_product>
<id_tag><![CDATA[6977]]></id_tag>
<id_lang><![CDATA[1]]></id_lang>
</product_tag>
<product_tag><id_product><![CDATA[1513]]></id_product>
<id_tag><![CDATA[6977]]></id_tag>
<id_lang><![CDATA[1]]></id_lang>
</product_tag>
<product_tag><id_product><![CDATA[1514]]></id_product>
<id_tag><![CDATA[6977]]></id_tag>
<id_lang><![CDATA[1]]></id_lang>
</product_tag>
<product_tag><id_product><![CDATA[1515]]></id_product>
<id_tag><![CDATA[6977]]></id_tag>
<id_lang><![CDATA[1]]></id_lang>
</product_tag>
<product_tag><id_product><![CDATA[1516]]></id_product>
<id_tag><![CDATA[6977]]></id_tag>
<id_lang><![CDATA[1]]></id_lang>
</product_tag>
<product_tag><id_product><![CDATA[1518]]></id_product>
<id_tag><![CDATA[6977]]></id_tag>
<id_lang><![CDATA[1]]></id_lang>
</product_tag>
<product_tag><id_product><![CDATA[1519]]></id_product>
<id_tag><![CDATA[6977]]></id_tag>
<id_lang><![CDATA[1]]></id_lang>
</product_tag>
<product_tag><id_product><![CDATA[1520]]></id_product>
<id_tag><![CDATA[6977]]></id_tag>
<id_lang><![CDATA[1]]></id_lang>
</product_tag>
<product_tag><id_product><![CDATA[1521]]></id_product>
<id_tag><![CDATA[6977]]></id_tag>
<id_lang><![CDATA[1]]></id_lang>
</product_tag>
<product_tag><id_product><![CDATA[1522]]></id_product>
<id_tag><![CDATA[6977]]></id_tag>
<id_lang><![CDATA[1]]></id_lang>
</product_tag>
<product_tag><id_product><![CDATA[1523]]></id_product>
<id_tag><![CDATA[6977]]></id_tag>
<id_lang><![CDATA[1]]></id_lang>
</product_tag>
<product_tag><id_product><![CDATA[1525]]></id_product>
<id_tag><![CDATA[6977]]></id_tag>
<id_lang><![CDATA[1]]></id_lang>
</product_tag>
<product_tag><id_product><![CDATA[1526]]></id_product>
<id_tag><![CDATA[6977]]></id_tag>
<id_lang><![CDATA[1]]></id_lang>
</product_tag>
<product_tag><id_product><![CDATA[1527]]></id_product>
<id_tag><![CDATA[6977]]></id_tag>
<id_lang><![CDATA[1]]></id_lang>
</product_tag>
<product_tag><id_product><![CDATA[1528]]></id_product>
<id_tag><![CDATA[6977]]></id_tag>
<id_lang><![CDATA[1]]></id_lang>
</product_tag>
<product_tag><id_product><![CDATA[1530]]></id_product>
<id_tag><![CDATA[6977]]></id_tag>
<id_lang><![CDATA[1]]></id_lang>
</product_tag>
<product_tag><id_product><![CDATA[1531]]></id_product>
<id_tag><![CDATA[6977]]></id_tag>
<id_lang><![CDATA[1]]></id_lang>
</product_tag>
<product_tag><id_product><![CDATA[1151]]></id_product>
<id_tag><![CDATA[6993]]></id_tag>
<id_lang><![CDATA[1]]></id_lang>
</product_tag>
<product_tag><id_product><![CDATA[1170]]></id_product>
<id_tag><![CDATA[6993]]></id_tag>
<id_lang><![CDATA[1]]></id_lang>
</product_tag>
<product_tag><id_product><![CDATA[1171]]></id_product>
<id_tag><![CDATA[6993]]></id_tag>
<id_lang><![CDATA[1]]></id_lang>
</product_tag>
<product_tag><id_product><![CDATA[1172]]></id_product>
<id_tag><![CDATA[6993]]></id_tag>
<id_lang><![CDATA[1]]></id_lang>
</product_tag>
<product_tag><id_product><![CDATA[1173]]></id_product>
<id_tag><![CDATA[6993]]></id_tag>
<id_lang><![CDATA[1]]></id_lang>
</product_tag>
<product_tag><id_product><![CDATA[4639]]></id_product>
<id_tag><![CDATA[6993]]></id_tag>
<id_lang><![CDATA[1]]></id_lang>
</product_tag>
<product_tag><id_product><![CDATA[451]]></id_product>
<id_tag><![CDATA[7126]]></id_tag>
<id_lang><![CDATA[1]]></id_lang>
</product_tag>
<product_tag><id_product><![CDATA[1167]]></id_product>
<id_tag><![CDATA[7126]]></id_tag>
<id_lang><![CDATA[1]]></id_lang>
</product_tag>
<product_tag><id_product><![CDATA[175]]></id_product>
<id_tag><![CDATA[7134]]></id_tag>
<id_lang><![CDATA[1]]></id_lang>
</product_tag>
<product_tag><id_product><![CDATA[1187]]></id_product>
<id_tag><![CDATA[7134]]></id_tag>
<id_lang><![CDATA[1]]></id_lang>
</product_tag>
<product_tag><id_product><![CDATA[1188]]></id_product>
<id_tag><![CDATA[7134]]></id_tag>
<id_lang><![CDATA[1]]></id_lang>
</product_tag>
<product_tag><id_product><![CDATA[1187]]></id_product>
<id_tag><![CDATA[7213]]></id_tag>
<id_lang><![CDATA[1]]></id_lang>
</product_tag>
<product_tag><id_product><![CDATA[1188]]></id_product>
<id_tag><![CDATA[7213]]></id_tag>
<id_lang><![CDATA[1]]></id_lang>
</product_tag>
<product_tag><id_product><![CDATA[1187]]></id_product>
<id_tag><![CDATA[7214]]></id_tag>
<id_lang><![CDATA[1]]></id_lang>
</product_tag>
<product_tag><id_product><![CDATA[1188]]></id_product>
<id_tag><![CDATA[7214]]></id_tag>
<id_lang><![CDATA[1]]></id_lang>
</product_tag>
<product_tag><id_product><![CDATA[1187]]></id_product>
<id_tag><![CDATA[7215]]></id_tag>
<id_lang><![CDATA[1]]></id_lang>
</product_tag>
<product_tag><id_product><![CDATA[1188]]></id_product>
<id_tag><![CDATA[7215]]></id_tag>
<id_lang><![CDATA[1]]></id_lang>
</product_tag>
<product_tag><id_product><![CDATA[1187]]></id_product>
<id_tag><![CDATA[7216]]></id_tag>
<id_lang><![CDATA[1]]></id_lang>
</product_tag>
<product_tag><id_product><![CDATA[1188]]></id_product>
<id_tag><![CDATA[7216]]></id_tag>
<id_lang><![CDATA[1]]></id_lang>
</product_tag>
<product_tag><id_product><![CDATA[1187]]></id_product>
<id_tag><![CDATA[7217]]></id_tag>
<id_lang><![CDATA[1]]></id_lang>
</product_tag>
<product_tag><id_product><![CDATA[1188]]></id_product>
<id_tag><![CDATA[7217]]></id_tag>
<id_lang><![CDATA[1]]></id_lang>
</product_tag>
<product_tag><id_product><![CDATA[1187]]></id_product>
<id_tag><![CDATA[7218]]></id_tag>
<id_lang><![CDATA[1]]></id_lang>
</product_tag>
<product_tag><id_product><![CDATA[1188]]></id_product>
<id_tag><![CDATA[7218]]></id_tag>
<id_lang><![CDATA[1]]></id_lang>
</product_tag>
<product_tag><id_product><![CDATA[1213]]></id_product>
<id_tag><![CDATA[7238]]></id_tag>
<id_lang><![CDATA[1]]></id_lang>
</product_tag>
<product_tag><id_product><![CDATA[1214]]></id_product>
<id_tag><![CDATA[7238]]></id_tag>
<id_lang><![CDATA[1]]></id_lang>
</product_tag>
<product_tag><id_product><![CDATA[922]]></id_product>
<id_tag><![CDATA[7267]]></id_tag>
<id_lang><![CDATA[1]]></id_lang>
</product_tag>
<product_tag><id_product><![CDATA[949]]></id_product>
<id_tag><![CDATA[7277]]></id_tag>
<id_lang><![CDATA[1]]></id_lang>
</product_tag>
<product_tag><id_product><![CDATA[1164]]></id_product>
<id_tag><![CDATA[7304]]></id_tag>
<id_lang><![CDATA[1]]></id_lang>
</product_tag>
<product_tag><id_product><![CDATA[1164]]></id_product>
<id_tag><![CDATA[7305]]></id_tag>
<id_lang><![CDATA[1]]></id_lang>
</product_tag>
<product_tag><id_product><![CDATA[1164]]></id_product>
<id_tag><![CDATA[7306]]></id_tag>
<id_lang><![CDATA[1]]></id_lang>
</product_tag>
<product_tag><id_product><![CDATA[463]]></id_product>
<id_tag><![CDATA[7315]]></id_tag>
<id_lang><![CDATA[1]]></id_lang>
</product_tag>
<product_tag><id_product><![CDATA[463]]></id_product>
<id_tag><![CDATA[7316]]></id_tag>
<id_lang><![CDATA[1]]></id_lang>
</product_tag>
<product_tag><id_product><![CDATA[464]]></id_product>
<id_tag><![CDATA[7317]]></id_tag>
<id_lang><![CDATA[1]]></id_lang>
</product_tag>
<product_tag><id_product><![CDATA[1063]]></id_product>
<id_tag><![CDATA[7335]]></id_tag>
<id_lang><![CDATA[1]]></id_lang>
</product_tag>
<product_tag><id_product><![CDATA[4550]]></id_product>
<id_tag><![CDATA[7335]]></id_tag>
<id_lang><![CDATA[1]]></id_lang>
</product_tag>
<product_tag><id_product><![CDATA[4551]]></id_product>
<id_tag><![CDATA[7335]]></id_tag>
<id_lang><![CDATA[1]]></id_lang>
</product_tag>
<product_tag><id_product><![CDATA[4552]]></id_product>
<id_tag><![CDATA[7335]]></id_tag>
<id_lang><![CDATA[1]]></id_lang>
</product_tag>
<product_tag><id_product><![CDATA[4553]]></id_product>
<id_tag><![CDATA[7335]]></id_tag>
<id_lang><![CDATA[1]]></id_lang>
</product_tag>
<product_tag><id_product><![CDATA[801]]></id_product>
<id_tag><![CDATA[7336]]></id_tag>
<id_lang><![CDATA[1]]></id_lang>
</product_tag>
<product_tag><id_product><![CDATA[1063]]></id_product>
<id_tag><![CDATA[7336]]></id_tag>
<id_lang><![CDATA[1]]></id_lang>
</product_tag>
<product_tag><id_product><![CDATA[913]]></id_product>
<id_tag><![CDATA[7339]]></id_tag>
<id_lang><![CDATA[1]]></id_lang>
</product_tag>
<product_tag><id_product><![CDATA[850]]></id_product>
<id_tag><![CDATA[7364]]></id_tag>
<id_lang><![CDATA[1]]></id_lang>
</product_tag>
<product_tag><id_product><![CDATA[854]]></id_product>
<id_tag><![CDATA[7369]]></id_tag>
<id_lang><![CDATA[1]]></id_lang>
</product_tag>
<product_tag><id_product><![CDATA[1065]]></id_product>
<id_tag><![CDATA[7377]]></id_tag>
<id_lang><![CDATA[1]]></id_lang>
</product_tag>
<product_tag><id_product><![CDATA[1068]]></id_product>
<id_tag><![CDATA[7380]]></id_tag>
<id_lang><![CDATA[1]]></id_lang>
</product_tag>
<product_tag><id_product><![CDATA[954]]></id_product>
<id_tag><![CDATA[7381]]></id_tag>
<id_lang><![CDATA[1]]></id_lang>
</product_tag>
<product_tag><id_product><![CDATA[921]]></id_product>
<id_tag><![CDATA[7397]]></id_tag>
<id_lang><![CDATA[1]]></id_lang>
</product_tag>
<product_tag><id_product><![CDATA[848]]></id_product>
<id_tag><![CDATA[7405]]></id_tag>
<id_lang><![CDATA[1]]></id_lang>
</product_tag>
<product_tag><id_product><![CDATA[2773]]></id_product>
<id_tag><![CDATA[7407]]></id_tag>
<id_lang><![CDATA[1]]></id_lang>
</product_tag>
<product_tag><id_product><![CDATA[2791]]></id_product>
<id_tag><![CDATA[7407]]></id_tag>
<id_lang><![CDATA[1]]></id_lang>
</product_tag>
<product_tag><id_product><![CDATA[2792]]></id_product>
<id_tag><![CDATA[7407]]></id_tag>
<id_lang><![CDATA[1]]></id_lang>
</product_tag>
<product_tag><id_product><![CDATA[2793]]></id_product>
<id_tag><![CDATA[7407]]></id_tag>
<id_lang><![CDATA[1]]></id_lang>
</product_tag>
<product_tag><id_product><![CDATA[2794]]></id_product>
<id_tag><![CDATA[7407]]></id_tag>
<id_lang><![CDATA[1]]></id_lang>
</product_tag>
<product_tag><id_product><![CDATA[2795]]></id_product>
<id_tag><![CDATA[7407]]></id_tag>
<id_lang><![CDATA[1]]></id_lang>
</product_tag>
<product_tag><id_product><![CDATA[2796]]></id_product>
<id_tag><![CDATA[7407]]></id_tag>
<id_lang><![CDATA[1]]></id_lang>
</product_tag>
<product_tag><id_product><![CDATA[2798]]></id_product>
<id_tag><![CDATA[7407]]></id_tag>
<id_lang><![CDATA[1]]></id_lang>
</product_tag>
<product_tag><id_product><![CDATA[2799]]></id_product>
<id_tag><![CDATA[7407]]></id_tag>
<id_lang><![CDATA[1]]></id_lang>
</product_tag>
<product_tag><id_product><![CDATA[2800]]></id_product>
<id_tag><![CDATA[7407]]></id_tag>
<id_lang><![CDATA[1]]></id_lang>
</product_tag>
<product_tag><id_product><![CDATA[2801]]></id_product>
<id_tag><![CDATA[7407]]></id_tag>
<id_lang><![CDATA[1]]></id_lang>
</product_tag>
<product_tag><id_product><![CDATA[2802]]></id_product>
<id_tag><![CDATA[7407]]></id_tag>
<id_lang><![CDATA[1]]></id_lang>
</product_tag>
<product_tag><id_product><![CDATA[2904]]></id_product>
<id_tag><![CDATA[7407]]></id_tag>
<id_lang><![CDATA[1]]></id_lang>
</product_tag>
<product_tag><id_product><![CDATA[2905]]></id_product>
<id_tag><![CDATA[7407]]></id_tag>
<id_lang><![CDATA[1]]></id_lang>
</product_tag>
<product_tag><id_product><![CDATA[2907]]></id_product>
<id_tag><![CDATA[7407]]></id_tag>
<id_lang><![CDATA[1]]></id_lang>
</product_tag>
<product_tag><id_product><![CDATA[2908]]></id_product>
<id_tag><![CDATA[7407]]></id_tag>
<id_lang><![CDATA[1]]></id_lang>
</product_tag>
<product_tag><id_product><![CDATA[4554]]></id_product>
<id_tag><![CDATA[7407]]></id_tag>
<id_lang><![CDATA[1]]></id_lang>
</product_tag>
<product_tag><id_product><![CDATA[485]]></id_product>
<id_tag><![CDATA[7410]]></id_tag>
<id_lang><![CDATA[1]]></id_lang>
</product_tag>
<product_tag><id_product><![CDATA[2986]]></id_product>
<id_tag><![CDATA[7410]]></id_tag>
<id_lang><![CDATA[1]]></id_lang>
</product_tag>
<product_tag><id_product><![CDATA[430]]></id_product>
<id_tag><![CDATA[7413]]></id_tag>
<id_lang><![CDATA[1]]></id_lang>
</product_tag>
<product_tag><id_product><![CDATA[972]]></id_product>
<id_tag><![CDATA[7415]]></id_tag>
<id_lang><![CDATA[1]]></id_lang>
</product_tag>
<product_tag><id_product><![CDATA[4142]]></id_product>
<id_tag><![CDATA[7415]]></id_tag>
<id_lang><![CDATA[1]]></id_lang>
</product_tag>
<product_tag><id_product><![CDATA[4145]]></id_product>
<id_tag><![CDATA[7415]]></id_tag>
<id_lang><![CDATA[1]]></id_lang>
</product_tag>
<product_tag><id_product><![CDATA[4146]]></id_product>
<id_tag><![CDATA[7415]]></id_tag>
<id_lang><![CDATA[1]]></id_lang>
</product_tag>
<product_tag><id_product><![CDATA[4161]]></id_product>
<id_tag><![CDATA[7415]]></id_tag>
<id_lang><![CDATA[1]]></id_lang>
</product_tag>
<product_tag><id_product><![CDATA[1012]]></id_product>
<id_tag><![CDATA[7436]]></id_tag>
<id_lang><![CDATA[1]]></id_lang>
</product_tag>
<product_tag><id_product><![CDATA[975]]></id_product>
<id_tag><![CDATA[7443]]></id_tag>
<id_lang><![CDATA[1]]></id_lang>
</product_tag>
<product_tag><id_product><![CDATA[930]]></id_product>
<id_tag><![CDATA[7452]]></id_tag>
<id_lang><![CDATA[1]]></id_lang>
</product_tag>
<product_tag><id_product><![CDATA[3162]]></id_product>
<id_tag><![CDATA[7452]]></id_tag>
<id_lang><![CDATA[1]]></id_lang>
</product_tag>
<product_tag><id_product><![CDATA[476]]></id_product>
<id_tag><![CDATA[7458]]></id_tag>
<id_lang><![CDATA[1]]></id_lang>
</product_tag>
<product_tag><id_product><![CDATA[502]]></id_product>
<id_tag><![CDATA[7469]]></id_tag>
<id_lang><![CDATA[1]]></id_lang>
</product_tag>
<product_tag><id_product><![CDATA[1074]]></id_product>
<id_tag><![CDATA[7483]]></id_tag>
<id_lang><![CDATA[1]]></id_lang>
</product_tag>
<product_tag><id_product><![CDATA[377]]></id_product>
<id_tag><![CDATA[7486]]></id_tag>
<id_lang><![CDATA[1]]></id_lang>
</product_tag>
<product_tag><id_product><![CDATA[405]]></id_product>
<id_tag><![CDATA[7487]]></id_tag>
<id_lang><![CDATA[1]]></id_lang>
</product_tag>
<product_tag><id_product><![CDATA[389]]></id_product>
<id_tag><![CDATA[7488]]></id_tag>
<id_lang><![CDATA[1]]></id_lang>
</product_tag>
<product_tag><id_product><![CDATA[431]]></id_product>
<id_tag><![CDATA[7493]]></id_tag>
<id_lang><![CDATA[1]]></id_lang>
</product_tag>
<product_tag><id_product><![CDATA[550]]></id_product>
<id_tag><![CDATA[7502]]></id_tag>
<id_lang><![CDATA[1]]></id_lang>
</product_tag>
<product_tag><id_product><![CDATA[956]]></id_product>
<id_tag><![CDATA[7504]]></id_tag>
<id_lang><![CDATA[1]]></id_lang>
</product_tag>
<product_tag><id_product><![CDATA[948]]></id_product>
<id_tag><![CDATA[7505]]></id_tag>
<id_lang><![CDATA[1]]></id_lang>
</product_tag>
<product_tag><id_product><![CDATA[617]]></id_product>
<id_tag><![CDATA[7509]]></id_tag>
<id_lang><![CDATA[1]]></id_lang>
</product_tag>
<product_tag><id_product><![CDATA[1116]]></id_product>
<id_tag><![CDATA[7509]]></id_tag>
<id_lang><![CDATA[1]]></id_lang>
</product_tag>
<product_tag><id_product><![CDATA[4082]]></id_product>
<id_tag><![CDATA[7586]]></id_tag>
<id_lang><![CDATA[1]]></id_lang>
</product_tag>
<product_tag><id_product><![CDATA[4083]]></id_product>
<id_tag><![CDATA[7586]]></id_tag>
<id_lang><![CDATA[1]]></id_lang>
</product_tag>
<product_tag><id_product><![CDATA[4087]]></id_product>
<id_tag><![CDATA[7586]]></id_tag>
<id_lang><![CDATA[1]]></id_lang>
</product_tag>
<product_tag><id_product><![CDATA[4088]]></id_product>
<id_tag><![CDATA[7586]]></id_tag>
<id_lang><![CDATA[1]]></id_lang>
</product_tag>
<product_tag><id_product><![CDATA[4082]]></id_product>
<id_tag><![CDATA[7587]]></id_tag>
<id_lang><![CDATA[1]]></id_lang>
</product_tag>
<product_tag><id_product><![CDATA[4083]]></id_product>
<id_tag><![CDATA[7587]]></id_tag>
<id_lang><![CDATA[1]]></id_lang>
</product_tag>
<product_tag><id_product><![CDATA[4087]]></id_product>
<id_tag><![CDATA[7587]]></id_tag>
<id_lang><![CDATA[1]]></id_lang>
</product_tag>
<product_tag><id_product><![CDATA[4088]]></id_product>
<id_tag><![CDATA[7587]]></id_tag>
<id_lang><![CDATA[1]]></id_lang>
</product_tag>
<product_tag><id_product><![CDATA[820]]></id_product>
<id_tag><![CDATA[7614]]></id_tag>
<id_lang><![CDATA[1]]></id_lang>
</product_tag>
<product_tag><id_product><![CDATA[4080]]></id_product>
<id_tag><![CDATA[7630]]></id_tag>
<id_lang><![CDATA[1]]></id_lang>
</product_tag>
<product_tag><id_product><![CDATA[4081]]></id_product>
<id_tag><![CDATA[7630]]></id_tag>
<id_lang><![CDATA[1]]></id_lang>
</product_tag>
<product_tag><id_product><![CDATA[347]]></id_product>
<id_tag><![CDATA[7635]]></id_tag>
<id_lang><![CDATA[1]]></id_lang>
</product_tag>
<product_tag><id_product><![CDATA[663]]></id_product>
<id_tag><![CDATA[7635]]></id_tag>
<id_lang><![CDATA[1]]></id_lang>
</product_tag>
<product_tag><id_product><![CDATA[347]]></id_product>
<id_tag><![CDATA[7636]]></id_tag>
<id_lang><![CDATA[1]]></id_lang>
</product_tag>
<product_tag><id_product><![CDATA[663]]></id_product>
<id_tag><![CDATA[7636]]></id_tag>
<id_lang><![CDATA[1]]></id_lang>
</product_tag>
<product_tag><id_product><![CDATA[4552]]></id_product>
<id_tag><![CDATA[7636]]></id_tag>
<id_lang><![CDATA[1]]></id_lang>
</product_tag>
<product_tag><id_product><![CDATA[347]]></id_product>
<id_tag><![CDATA[7637]]></id_tag>
<id_lang><![CDATA[1]]></id_lang>
</product_tag>
<product_tag><id_product><![CDATA[663]]></id_product>
<id_tag><![CDATA[7637]]></id_tag>
<id_lang><![CDATA[1]]></id_lang>
</product_tag>
<product_tag><id_product><![CDATA[347]]></id_product>
<id_tag><![CDATA[7638]]></id_tag>
<id_lang><![CDATA[1]]></id_lang>
</product_tag>
<product_tag><id_product><![CDATA[617]]></id_product>
<id_tag><![CDATA[7638]]></id_tag>
<id_lang><![CDATA[1]]></id_lang>
</product_tag>
<product_tag><id_product><![CDATA[630]]></id_product>
<id_tag><![CDATA[7638]]></id_tag>
<id_lang><![CDATA[1]]></id_lang>
</product_tag>
<product_tag><id_product><![CDATA[633]]></id_product>
<id_tag><![CDATA[7638]]></id_tag>
<id_lang><![CDATA[1]]></id_lang>
</product_tag>
<product_tag><id_product><![CDATA[663]]></id_product>
<id_tag><![CDATA[7638]]></id_tag>
<id_lang><![CDATA[1]]></id_lang>
</product_tag>
<product_tag><id_product><![CDATA[4166]]></id_product>
<id_tag><![CDATA[7638]]></id_tag>
<id_lang><![CDATA[1]]></id_lang>
</product_tag>
<product_tag><id_product><![CDATA[347]]></id_product>
<id_tag><![CDATA[7639]]></id_tag>
<id_lang><![CDATA[1]]></id_lang>
</product_tag>
<product_tag><id_product><![CDATA[630]]></id_product>
<id_tag><![CDATA[7639]]></id_tag>
<id_lang><![CDATA[1]]></id_lang>
</product_tag>
<product_tag><id_product><![CDATA[663]]></id_product>
<id_tag><![CDATA[7639]]></id_tag>
<id_lang><![CDATA[1]]></id_lang>
</product_tag>
<product_tag><id_product><![CDATA[4150]]></id_product>
<id_tag><![CDATA[7639]]></id_tag>
<id_lang><![CDATA[1]]></id_lang>
</product_tag>
<product_tag><id_product><![CDATA[4552]]></id_product>
<id_tag><![CDATA[7639]]></id_tag>
<id_lang><![CDATA[1]]></id_lang>
</product_tag>
<product_tag><id_product><![CDATA[14]]></id_product>
<id_tag><![CDATA[7641]]></id_tag>
<id_lang><![CDATA[1]]></id_lang>
</product_tag>
<product_tag><id_product><![CDATA[331]]></id_product>
<id_tag><![CDATA[7641]]></id_tag>
<id_lang><![CDATA[1]]></id_lang>
</product_tag>
<product_tag><id_product><![CDATA[630]]></id_product>
<id_tag><![CDATA[7641]]></id_tag>
<id_lang><![CDATA[1]]></id_lang>
</product_tag>
<product_tag><id_product><![CDATA[331]]></id_product>
<id_tag><![CDATA[7642]]></id_tag>
<id_lang><![CDATA[1]]></id_lang>
</product_tag>
<product_tag><id_product><![CDATA[633]]></id_product>
<id_tag><![CDATA[7642]]></id_tag>
<id_lang><![CDATA[1]]></id_lang>
</product_tag>
<product_tag><id_product><![CDATA[4156]]></id_product>
<id_tag><![CDATA[7642]]></id_tag>
<id_lang><![CDATA[1]]></id_lang>
</product_tag>
<product_tag><id_product><![CDATA[4166]]></id_product>
<id_tag><![CDATA[7642]]></id_tag>
<id_lang><![CDATA[1]]></id_lang>
</product_tag>
<product_tag><id_product><![CDATA[783]]></id_product>
<id_tag><![CDATA[7796]]></id_tag>
<id_lang><![CDATA[1]]></id_lang>
</product_tag>
<product_tag><id_product><![CDATA[786]]></id_product>
<id_tag><![CDATA[7796]]></id_tag>
<id_lang><![CDATA[1]]></id_lang>
</product_tag>
<product_tag><id_product><![CDATA[14]]></id_product>
<id_tag><![CDATA[7826]]></id_tag>
<id_lang><![CDATA[1]]></id_lang>
</product_tag>
<product_tag><id_product><![CDATA[4150]]></id_product>
<id_tag><![CDATA[7826]]></id_tag>
<id_lang><![CDATA[1]]></id_lang>
</product_tag>
<product_tag><id_product><![CDATA[4126]]></id_product>
<id_tag><![CDATA[7830]]></id_tag>
<id_lang><![CDATA[1]]></id_lang>
</product_tag>
<product_tag><id_product><![CDATA[4127]]></id_product>
<id_tag><![CDATA[7830]]></id_tag>
<id_lang><![CDATA[1]]></id_lang>
</product_tag>
<product_tag><id_product><![CDATA[4129]]></id_product>
<id_tag><![CDATA[7830]]></id_tag>
<id_lang><![CDATA[1]]></id_lang>
</product_tag>
<product_tag><id_product><![CDATA[4130]]></id_product>
<id_tag><![CDATA[7830]]></id_tag>
<id_lang><![CDATA[1]]></id_lang>
</product_tag>
<product_tag><id_product><![CDATA[802]]></id_product>
<id_tag><![CDATA[7938]]></id_tag>
<id_lang><![CDATA[1]]></id_lang>
</product_tag>
<product_tag><id_product><![CDATA[4149]]></id_product>
<id_tag><![CDATA[7938]]></id_tag>
<id_lang><![CDATA[1]]></id_lang>
</product_tag>
<product_tag><id_product><![CDATA[802]]></id_product>
<id_tag><![CDATA[7939]]></id_tag>
<id_lang><![CDATA[1]]></id_lang>
</product_tag>
<product_tag><id_product><![CDATA[4149]]></id_product>
<id_tag><![CDATA[7939]]></id_tag>
<id_lang><![CDATA[1]]></id_lang>
</product_tag>
<product_tag><id_product><![CDATA[3200]]></id_product>
<id_tag><![CDATA[7947]]></id_tag>
<id_lang><![CDATA[1]]></id_lang>
</product_tag>
<product_tag><id_product><![CDATA[3202]]></id_product>
<id_tag><![CDATA[7947]]></id_tag>
<id_lang><![CDATA[1]]></id_lang>
</product_tag>
<product_tag><id_product><![CDATA[738]]></id_product>
<id_tag><![CDATA[7948]]></id_tag>
<id_lang><![CDATA[1]]></id_lang>
</product_tag>
<product_tag><id_product><![CDATA[4145]]></id_product>
<id_tag><![CDATA[7984]]></id_tag>
<id_lang><![CDATA[1]]></id_lang>
</product_tag>
<product_tag><id_product><![CDATA[4144]]></id_product>
<id_tag><![CDATA[8013]]></id_tag>
<id_lang><![CDATA[1]]></id_lang>
</product_tag>
<product_tag><id_product><![CDATA[792]]></id_product>
<id_tag><![CDATA[8021]]></id_tag>
<id_lang><![CDATA[1]]></id_lang>
</product_tag>
<product_tag><id_product><![CDATA[800]]></id_product>
<id_tag><![CDATA[8021]]></id_tag>
<id_lang><![CDATA[1]]></id_lang>
</product_tag>
<product_tag><id_product><![CDATA[801]]></id_product>
<id_tag><![CDATA[8021]]></id_tag>
<id_lang><![CDATA[1]]></id_lang>
</product_tag>
<product_tag><id_product><![CDATA[4079]]></id_product>
<id_tag><![CDATA[8021]]></id_tag>
<id_lang><![CDATA[1]]></id_lang>
</product_tag>
<product_tag><id_product><![CDATA[4081]]></id_product>
<id_tag><![CDATA[8021]]></id_tag>
<id_lang><![CDATA[1]]></id_lang>
</product_tag>
<product_tag><id_product><![CDATA[4148]]></id_product>
<id_tag><![CDATA[8130]]></id_tag>
<id_lang><![CDATA[1]]></id_lang>
</product_tag>
<product_tag><id_product><![CDATA[4156]]></id_product>
<id_tag><![CDATA[8130]]></id_tag>
<id_lang><![CDATA[1]]></id_lang>
</product_tag>
<product_tag><id_product><![CDATA[799]]></id_product>
<id_tag><![CDATA[8138]]></id_tag>
<id_lang><![CDATA[1]]></id_lang>
</product_tag>
<product_tag><id_product><![CDATA[800]]></id_product>
<id_tag><![CDATA[8138]]></id_tag>
<id_lang><![CDATA[1]]></id_lang>
</product_tag>
<product_tag><id_product><![CDATA[4174]]></id_product>
<id_tag><![CDATA[8138]]></id_tag>
<id_lang><![CDATA[1]]></id_lang>
</product_tag>
<product_tag><id_product><![CDATA[344]]></id_product>
<id_tag><![CDATA[8146]]></id_tag>
<id_lang><![CDATA[1]]></id_lang>
</product_tag>
<product_tag><id_product><![CDATA[344]]></id_product>
<id_tag><![CDATA[8147]]></id_tag>
<id_lang><![CDATA[1]]></id_lang>
</product_tag>
<product_tag><id_product><![CDATA[4162]]></id_product>
<id_tag><![CDATA[8160]]></id_tag>
<id_lang><![CDATA[1]]></id_lang>
</product_tag>
<product_tag><id_product><![CDATA[4164]]></id_product>
<id_tag><![CDATA[8160]]></id_tag>
<id_lang><![CDATA[1]]></id_lang>
</product_tag>
<product_tag><id_product><![CDATA[4166]]></id_product>
<id_tag><![CDATA[8160]]></id_tag>
<id_lang><![CDATA[1]]></id_lang>
</product_tag>
<product_tag><id_product><![CDATA[4174]]></id_product>
<id_tag><![CDATA[8160]]></id_tag>
<id_lang><![CDATA[1]]></id_lang>
</product_tag>
<product_tag><id_product><![CDATA[1091]]></id_product>
<id_tag><![CDATA[8164]]></id_tag>
<id_lang><![CDATA[1]]></id_lang>
</product_tag>
<product_tag><id_product><![CDATA[617]]></id_product>
<id_tag><![CDATA[8170]]></id_tag>
<id_lang><![CDATA[1]]></id_lang>
</product_tag>
<product_tag><id_product><![CDATA[617]]></id_product>
<id_tag><![CDATA[8171]]></id_tag>
<id_lang><![CDATA[1]]></id_lang>
</product_tag>
<product_tag><id_product><![CDATA[644]]></id_product>
<id_tag><![CDATA[8172]]></id_tag>
<id_lang><![CDATA[1]]></id_lang>
</product_tag>
<product_tag><id_product><![CDATA[644]]></id_product>
<id_tag><![CDATA[8173]]></id_tag>
<id_lang><![CDATA[1]]></id_lang>
</product_tag>
<product_tag><id_product><![CDATA[644]]></id_product>
<id_tag><![CDATA[8174]]></id_tag>
<id_lang><![CDATA[1]]></id_lang>
</product_tag>
<product_tag><id_product><![CDATA[630]]></id_product>
<id_tag><![CDATA[8175]]></id_tag>
<id_lang><![CDATA[1]]></id_lang>
</product_tag>
<product_tag><id_product><![CDATA[630]]></id_product>
<id_tag><![CDATA[8176]]></id_tag>
<id_lang><![CDATA[1]]></id_lang>
</product_tag>
<product_tag><id_product><![CDATA[663]]></id_product>
<id_tag><![CDATA[8177]]></id_tag>
<id_lang><![CDATA[1]]></id_lang>
</product_tag>
<product_tag><id_product><![CDATA[633]]></id_product>
<id_tag><![CDATA[8182]]></id_tag>
<id_lang><![CDATA[1]]></id_lang>
</product_tag>
<product_tag><id_product><![CDATA[633]]></id_product>
<id_tag><![CDATA[8183]]></id_tag>
<id_lang><![CDATA[1]]></id_lang>
</product_tag>
<product_tag><id_product><![CDATA[633]]></id_product>
<id_tag><![CDATA[8184]]></id_tag>
<id_lang><![CDATA[1]]></id_lang>
</product_tag>
<product_tag><id_product><![CDATA[633]]></id_product>
<id_tag><![CDATA[8185]]></id_tag>
<id_lang><![CDATA[1]]></id_lang>
</product_tag>
<product_tag><id_product><![CDATA[4148]]></id_product>
<id_tag><![CDATA[8196]]></id_tag>
<id_lang><![CDATA[1]]></id_lang>
</product_tag>
<product_tag><id_product><![CDATA[4150]]></id_product>
<id_tag><![CDATA[8197]]></id_tag>
<id_lang><![CDATA[1]]></id_lang>
</product_tag>
<product_tag><id_product><![CDATA[4150]]></id_product>
<id_tag><![CDATA[8198]]></id_tag>
<id_lang><![CDATA[1]]></id_lang>
</product_tag>
<product_tag><id_product><![CDATA[4552]]></id_product>
<id_tag><![CDATA[8198]]></id_tag>
<id_lang><![CDATA[1]]></id_lang>
</product_tag>
</entity_profile>
