<?xml version="1.0" encoding="UTF-8"?>
<entity_profile>
<product_tag><id_product><![CDATA[1637]]></id_product>
<id_tag><![CDATA[7031]]></id_tag>
<id_lang><![CDATA[3]]></id_lang>
</product_tag>
<product_tag><id_product><![CDATA[1638]]></id_product>
<id_tag><![CDATA[7031]]></id_tag>
<id_lang><![CDATA[3]]></id_lang>
</product_tag>
<product_tag><id_product><![CDATA[1639]]></id_product>
<id_tag><![CDATA[7031]]></id_tag>
<id_lang><![CDATA[3]]></id_lang>
</product_tag>
<product_tag><id_product><![CDATA[1640]]></id_product>
<id_tag><![CDATA[7031]]></id_tag>
<id_lang><![CDATA[3]]></id_lang>
</product_tag>
<product_tag><id_product><![CDATA[1641]]></id_product>
<id_tag><![CDATA[7031]]></id_tag>
<id_lang><![CDATA[3]]></id_lang>
</product_tag>
<product_tag><id_product><![CDATA[1642]]></id_product>
<id_tag><![CDATA[7031]]></id_tag>
<id_lang><![CDATA[3]]></id_lang>
</product_tag>
<product_tag><id_product><![CDATA[1643]]></id_product>
<id_tag><![CDATA[7031]]></id_tag>
<id_lang><![CDATA[3]]></id_lang>
</product_tag>
<product_tag><id_product><![CDATA[1644]]></id_product>
<id_tag><![CDATA[7031]]></id_tag>
<id_lang><![CDATA[3]]></id_lang>
</product_tag>
<product_tag><id_product><![CDATA[1645]]></id_product>
<id_tag><![CDATA[7031]]></id_tag>
<id_lang><![CDATA[3]]></id_lang>
</product_tag>
<product_tag><id_product><![CDATA[1646]]></id_product>
<id_tag><![CDATA[7031]]></id_tag>
<id_lang><![CDATA[3]]></id_lang>
</product_tag>
<product_tag><id_product><![CDATA[1647]]></id_product>
<id_tag><![CDATA[7031]]></id_tag>
<id_lang><![CDATA[3]]></id_lang>
</product_tag>
<product_tag><id_product><![CDATA[1648]]></id_product>
<id_tag><![CDATA[7031]]></id_tag>
<id_lang><![CDATA[3]]></id_lang>
</product_tag>
<product_tag><id_product><![CDATA[1649]]></id_product>
<id_tag><![CDATA[7031]]></id_tag>
<id_lang><![CDATA[3]]></id_lang>
</product_tag>
<product_tag><id_product><![CDATA[1689]]></id_product>
<id_tag><![CDATA[7031]]></id_tag>
<id_lang><![CDATA[3]]></id_lang>
</product_tag>
<product_tag><id_product><![CDATA[1690]]></id_product>
<id_tag><![CDATA[7031]]></id_tag>
<id_lang><![CDATA[3]]></id_lang>
</product_tag>
<product_tag><id_product><![CDATA[1734]]></id_product>
<id_tag><![CDATA[7031]]></id_tag>
<id_lang><![CDATA[3]]></id_lang>
</product_tag>
<product_tag><id_product><![CDATA[1735]]></id_product>
<id_tag><![CDATA[7031]]></id_tag>
<id_lang><![CDATA[3]]></id_lang>
</product_tag>
<product_tag><id_product><![CDATA[1737]]></id_product>
<id_tag><![CDATA[7031]]></id_tag>
<id_lang><![CDATA[3]]></id_lang>
</product_tag>
<product_tag><id_product><![CDATA[1739]]></id_product>
<id_tag><![CDATA[7031]]></id_tag>
<id_lang><![CDATA[3]]></id_lang>
</product_tag>
<product_tag><id_product><![CDATA[1744]]></id_product>
<id_tag><![CDATA[7031]]></id_tag>
<id_lang><![CDATA[3]]></id_lang>
</product_tag>
<product_tag><id_product><![CDATA[1745]]></id_product>
<id_tag><![CDATA[7031]]></id_tag>
<id_lang><![CDATA[3]]></id_lang>
</product_tag>
<product_tag><id_product><![CDATA[1746]]></id_product>
<id_tag><![CDATA[7031]]></id_tag>
<id_lang><![CDATA[3]]></id_lang>
</product_tag>
<product_tag><id_product><![CDATA[1747]]></id_product>
<id_tag><![CDATA[7031]]></id_tag>
<id_lang><![CDATA[3]]></id_lang>
</product_tag>
<product_tag><id_product><![CDATA[1748]]></id_product>
<id_tag><![CDATA[7031]]></id_tag>
<id_lang><![CDATA[3]]></id_lang>
</product_tag>
<product_tag><id_product><![CDATA[1749]]></id_product>
<id_tag><![CDATA[7031]]></id_tag>
<id_lang><![CDATA[3]]></id_lang>
</product_tag>
<product_tag><id_product><![CDATA[1750]]></id_product>
<id_tag><![CDATA[7031]]></id_tag>
<id_lang><![CDATA[3]]></id_lang>
</product_tag>
<product_tag><id_product><![CDATA[1751]]></id_product>
<id_tag><![CDATA[7031]]></id_tag>
<id_lang><![CDATA[3]]></id_lang>
</product_tag>
<product_tag><id_product><![CDATA[1752]]></id_product>
<id_tag><![CDATA[7031]]></id_tag>
<id_lang><![CDATA[3]]></id_lang>
</product_tag>
<product_tag><id_product><![CDATA[1753]]></id_product>
<id_tag><![CDATA[7031]]></id_tag>
<id_lang><![CDATA[3]]></id_lang>
</product_tag>
<product_tag><id_product><![CDATA[1754]]></id_product>
<id_tag><![CDATA[7031]]></id_tag>
<id_lang><![CDATA[3]]></id_lang>
</product_tag>
<product_tag><id_product><![CDATA[1755]]></id_product>
<id_tag><![CDATA[7031]]></id_tag>
<id_lang><![CDATA[3]]></id_lang>
</product_tag>
<product_tag><id_product><![CDATA[1756]]></id_product>
<id_tag><![CDATA[7031]]></id_tag>
<id_lang><![CDATA[3]]></id_lang>
</product_tag>
<product_tag><id_product><![CDATA[1757]]></id_product>
<id_tag><![CDATA[7031]]></id_tag>
<id_lang><![CDATA[3]]></id_lang>
</product_tag>
<product_tag><id_product><![CDATA[1758]]></id_product>
<id_tag><![CDATA[7031]]></id_tag>
<id_lang><![CDATA[3]]></id_lang>
</product_tag>
<product_tag><id_product><![CDATA[1759]]></id_product>
<id_tag><![CDATA[7031]]></id_tag>
<id_lang><![CDATA[3]]></id_lang>
</product_tag>
<product_tag><id_product><![CDATA[1760]]></id_product>
<id_tag><![CDATA[7031]]></id_tag>
<id_lang><![CDATA[3]]></id_lang>
</product_tag>
<product_tag><id_product><![CDATA[1761]]></id_product>
<id_tag><![CDATA[7031]]></id_tag>
<id_lang><![CDATA[3]]></id_lang>
</product_tag>
<product_tag><id_product><![CDATA[1762]]></id_product>
<id_tag><![CDATA[7031]]></id_tag>
<id_lang><![CDATA[3]]></id_lang>
</product_tag>
<product_tag><id_product><![CDATA[1763]]></id_product>
<id_tag><![CDATA[7031]]></id_tag>
<id_lang><![CDATA[3]]></id_lang>
</product_tag>
<product_tag><id_product><![CDATA[1764]]></id_product>
<id_tag><![CDATA[7031]]></id_tag>
<id_lang><![CDATA[3]]></id_lang>
</product_tag>
<product_tag><id_product><![CDATA[1765]]></id_product>
<id_tag><![CDATA[7031]]></id_tag>
<id_lang><![CDATA[3]]></id_lang>
</product_tag>
<product_tag><id_product><![CDATA[1771]]></id_product>
<id_tag><![CDATA[7031]]></id_tag>
<id_lang><![CDATA[3]]></id_lang>
</product_tag>
<product_tag><id_product><![CDATA[1772]]></id_product>
<id_tag><![CDATA[7031]]></id_tag>
<id_lang><![CDATA[3]]></id_lang>
</product_tag>
<product_tag><id_product><![CDATA[1773]]></id_product>
<id_tag><![CDATA[7031]]></id_tag>
<id_lang><![CDATA[3]]></id_lang>
</product_tag>
<product_tag><id_product><![CDATA[1774]]></id_product>
<id_tag><![CDATA[7031]]></id_tag>
<id_lang><![CDATA[3]]></id_lang>
</product_tag>
<product_tag><id_product><![CDATA[1775]]></id_product>
<id_tag><![CDATA[7031]]></id_tag>
<id_lang><![CDATA[3]]></id_lang>
</product_tag>
<product_tag><id_product><![CDATA[1776]]></id_product>
<id_tag><![CDATA[7031]]></id_tag>
<id_lang><![CDATA[3]]></id_lang>
</product_tag>
<product_tag><id_product><![CDATA[1777]]></id_product>
<id_tag><![CDATA[7031]]></id_tag>
<id_lang><![CDATA[3]]></id_lang>
</product_tag>
<product_tag><id_product><![CDATA[1778]]></id_product>
<id_tag><![CDATA[7031]]></id_tag>
<id_lang><![CDATA[3]]></id_lang>
</product_tag>
<product_tag><id_product><![CDATA[1779]]></id_product>
<id_tag><![CDATA[7031]]></id_tag>
<id_lang><![CDATA[3]]></id_lang>
</product_tag>
<product_tag><id_product><![CDATA[1780]]></id_product>
<id_tag><![CDATA[7031]]></id_tag>
<id_lang><![CDATA[3]]></id_lang>
</product_tag>
<product_tag><id_product><![CDATA[1781]]></id_product>
<id_tag><![CDATA[7031]]></id_tag>
<id_lang><![CDATA[3]]></id_lang>
</product_tag>
<product_tag><id_product><![CDATA[1782]]></id_product>
<id_tag><![CDATA[7031]]></id_tag>
<id_lang><![CDATA[3]]></id_lang>
</product_tag>
<product_tag><id_product><![CDATA[1783]]></id_product>
<id_tag><![CDATA[7031]]></id_tag>
<id_lang><![CDATA[3]]></id_lang>
</product_tag>
<product_tag><id_product><![CDATA[1784]]></id_product>
<id_tag><![CDATA[7031]]></id_tag>
<id_lang><![CDATA[3]]></id_lang>
</product_tag>
<product_tag><id_product><![CDATA[1785]]></id_product>
<id_tag><![CDATA[7031]]></id_tag>
<id_lang><![CDATA[3]]></id_lang>
</product_tag>
<product_tag><id_product><![CDATA[1786]]></id_product>
<id_tag><![CDATA[7031]]></id_tag>
<id_lang><![CDATA[3]]></id_lang>
</product_tag>
<product_tag><id_product><![CDATA[1787]]></id_product>
<id_tag><![CDATA[7031]]></id_tag>
<id_lang><![CDATA[3]]></id_lang>
</product_tag>
<product_tag><id_product><![CDATA[1788]]></id_product>
<id_tag><![CDATA[7031]]></id_tag>
<id_lang><![CDATA[3]]></id_lang>
</product_tag>
<product_tag><id_product><![CDATA[1789]]></id_product>
<id_tag><![CDATA[7031]]></id_tag>
<id_lang><![CDATA[3]]></id_lang>
</product_tag>
<product_tag><id_product><![CDATA[1791]]></id_product>
<id_tag><![CDATA[7031]]></id_tag>
<id_lang><![CDATA[3]]></id_lang>
</product_tag>
<product_tag><id_product><![CDATA[1792]]></id_product>
<id_tag><![CDATA[7031]]></id_tag>
<id_lang><![CDATA[3]]></id_lang>
</product_tag>
<product_tag><id_product><![CDATA[1794]]></id_product>
<id_tag><![CDATA[7031]]></id_tag>
<id_lang><![CDATA[3]]></id_lang>
</product_tag>
<product_tag><id_product><![CDATA[2244]]></id_product>
<id_tag><![CDATA[7031]]></id_tag>
<id_lang><![CDATA[3]]></id_lang>
</product_tag>
<product_tag><id_product><![CDATA[2988]]></id_product>
<id_tag><![CDATA[7031]]></id_tag>
<id_lang><![CDATA[3]]></id_lang>
</product_tag>
<product_tag><id_product><![CDATA[3061]]></id_product>
<id_tag><![CDATA[7031]]></id_tag>
<id_lang><![CDATA[3]]></id_lang>
</product_tag>
<product_tag><id_product><![CDATA[3080]]></id_product>
<id_tag><![CDATA[7031]]></id_tag>
<id_lang><![CDATA[3]]></id_lang>
</product_tag>
<product_tag><id_product><![CDATA[3081]]></id_product>
<id_tag><![CDATA[7031]]></id_tag>
<id_lang><![CDATA[3]]></id_lang>
</product_tag>
<product_tag><id_product><![CDATA[3084]]></id_product>
<id_tag><![CDATA[7031]]></id_tag>
<id_lang><![CDATA[3]]></id_lang>
</product_tag>
<product_tag><id_product><![CDATA[3085]]></id_product>
<id_tag><![CDATA[7031]]></id_tag>
<id_lang><![CDATA[3]]></id_lang>
</product_tag>
<product_tag><id_product><![CDATA[3086]]></id_product>
<id_tag><![CDATA[7031]]></id_tag>
<id_lang><![CDATA[3]]></id_lang>
</product_tag>
<product_tag><id_product><![CDATA[3087]]></id_product>
<id_tag><![CDATA[7031]]></id_tag>
<id_lang><![CDATA[3]]></id_lang>
</product_tag>
<product_tag><id_product><![CDATA[3088]]></id_product>
<id_tag><![CDATA[7031]]></id_tag>
<id_lang><![CDATA[3]]></id_lang>
</product_tag>
<product_tag><id_product><![CDATA[3089]]></id_product>
<id_tag><![CDATA[7031]]></id_tag>
<id_lang><![CDATA[3]]></id_lang>
</product_tag>
<product_tag><id_product><![CDATA[3090]]></id_product>
<id_tag><![CDATA[7031]]></id_tag>
<id_lang><![CDATA[3]]></id_lang>
</product_tag>
<product_tag><id_product><![CDATA[3091]]></id_product>
<id_tag><![CDATA[7031]]></id_tag>
<id_lang><![CDATA[3]]></id_lang>
</product_tag>
<product_tag><id_product><![CDATA[3092]]></id_product>
<id_tag><![CDATA[7031]]></id_tag>
<id_lang><![CDATA[3]]></id_lang>
</product_tag>
<product_tag><id_product><![CDATA[3093]]></id_product>
<id_tag><![CDATA[7031]]></id_tag>
<id_lang><![CDATA[3]]></id_lang>
</product_tag>
<product_tag><id_product><![CDATA[3094]]></id_product>
<id_tag><![CDATA[7031]]></id_tag>
<id_lang><![CDATA[3]]></id_lang>
</product_tag>
<product_tag><id_product><![CDATA[3096]]></id_product>
<id_tag><![CDATA[7031]]></id_tag>
<id_lang><![CDATA[3]]></id_lang>
</product_tag>
<product_tag><id_product><![CDATA[3101]]></id_product>
<id_tag><![CDATA[7031]]></id_tag>
<id_lang><![CDATA[3]]></id_lang>
</product_tag>
<product_tag><id_product><![CDATA[3102]]></id_product>
<id_tag><![CDATA[7031]]></id_tag>
<id_lang><![CDATA[3]]></id_lang>
</product_tag>
<product_tag><id_product><![CDATA[3103]]></id_product>
<id_tag><![CDATA[7031]]></id_tag>
<id_lang><![CDATA[3]]></id_lang>
</product_tag>
<product_tag><id_product><![CDATA[3104]]></id_product>
<id_tag><![CDATA[7031]]></id_tag>
<id_lang><![CDATA[3]]></id_lang>
</product_tag>
<product_tag><id_product><![CDATA[3106]]></id_product>
<id_tag><![CDATA[7031]]></id_tag>
<id_lang><![CDATA[3]]></id_lang>
</product_tag>
<product_tag><id_product><![CDATA[3112]]></id_product>
<id_tag><![CDATA[7031]]></id_tag>
<id_lang><![CDATA[3]]></id_lang>
</product_tag>
<product_tag><id_product><![CDATA[3113]]></id_product>
<id_tag><![CDATA[7031]]></id_tag>
<id_lang><![CDATA[3]]></id_lang>
</product_tag>
<product_tag><id_product><![CDATA[3114]]></id_product>
<id_tag><![CDATA[7031]]></id_tag>
<id_lang><![CDATA[3]]></id_lang>
</product_tag>
<product_tag><id_product><![CDATA[3115]]></id_product>
<id_tag><![CDATA[7031]]></id_tag>
<id_lang><![CDATA[3]]></id_lang>
</product_tag>
<product_tag><id_product><![CDATA[3116]]></id_product>
<id_tag><![CDATA[7031]]></id_tag>
<id_lang><![CDATA[3]]></id_lang>
</product_tag>
<product_tag><id_product><![CDATA[3117]]></id_product>
<id_tag><![CDATA[7031]]></id_tag>
<id_lang><![CDATA[3]]></id_lang>
</product_tag>
<product_tag><id_product><![CDATA[3118]]></id_product>
<id_tag><![CDATA[7031]]></id_tag>
<id_lang><![CDATA[3]]></id_lang>
</product_tag>
<product_tag><id_product><![CDATA[3119]]></id_product>
<id_tag><![CDATA[7031]]></id_tag>
<id_lang><![CDATA[3]]></id_lang>
</product_tag>
<product_tag><id_product><![CDATA[3121]]></id_product>
<id_tag><![CDATA[7031]]></id_tag>
<id_lang><![CDATA[3]]></id_lang>
</product_tag>
<product_tag><id_product><![CDATA[3122]]></id_product>
<id_tag><![CDATA[7031]]></id_tag>
<id_lang><![CDATA[3]]></id_lang>
</product_tag>
<product_tag><id_product><![CDATA[3125]]></id_product>
<id_tag><![CDATA[7031]]></id_tag>
<id_lang><![CDATA[3]]></id_lang>
</product_tag>
<product_tag><id_product><![CDATA[3126]]></id_product>
<id_tag><![CDATA[7031]]></id_tag>
<id_lang><![CDATA[3]]></id_lang>
</product_tag>
<product_tag><id_product><![CDATA[3127]]></id_product>
<id_tag><![CDATA[7031]]></id_tag>
<id_lang><![CDATA[3]]></id_lang>
</product_tag>
<product_tag><id_product><![CDATA[3128]]></id_product>
<id_tag><![CDATA[7031]]></id_tag>
<id_lang><![CDATA[3]]></id_lang>
</product_tag>
<product_tag><id_product><![CDATA[3129]]></id_product>
<id_tag><![CDATA[7031]]></id_tag>
<id_lang><![CDATA[3]]></id_lang>
</product_tag>
<product_tag><id_product><![CDATA[3130]]></id_product>
<id_tag><![CDATA[7031]]></id_tag>
<id_lang><![CDATA[3]]></id_lang>
</product_tag>
<product_tag><id_product><![CDATA[3133]]></id_product>
<id_tag><![CDATA[7031]]></id_tag>
<id_lang><![CDATA[3]]></id_lang>
</product_tag>
<product_tag><id_product><![CDATA[4049]]></id_product>
<id_tag><![CDATA[7031]]></id_tag>
<id_lang><![CDATA[3]]></id_lang>
</product_tag>
<product_tag><id_product><![CDATA[1162]]></id_product>
<id_tag><![CDATA[7032]]></id_tag>
<id_lang><![CDATA[3]]></id_lang>
</product_tag>
<product_tag><id_product><![CDATA[1163]]></id_product>
<id_tag><![CDATA[7032]]></id_tag>
<id_lang><![CDATA[3]]></id_lang>
</product_tag>
<product_tag><id_product><![CDATA[1366]]></id_product>
<id_tag><![CDATA[7032]]></id_tag>
<id_lang><![CDATA[3]]></id_lang>
</product_tag>
<product_tag><id_product><![CDATA[1367]]></id_product>
<id_tag><![CDATA[7032]]></id_tag>
<id_lang><![CDATA[3]]></id_lang>
</product_tag>
<product_tag><id_product><![CDATA[1368]]></id_product>
<id_tag><![CDATA[7032]]></id_tag>
<id_lang><![CDATA[3]]></id_lang>
</product_tag>
<product_tag><id_product><![CDATA[1369]]></id_product>
<id_tag><![CDATA[7032]]></id_tag>
<id_lang><![CDATA[3]]></id_lang>
</product_tag>
<product_tag><id_product><![CDATA[1370]]></id_product>
<id_tag><![CDATA[7032]]></id_tag>
<id_lang><![CDATA[3]]></id_lang>
</product_tag>
<product_tag><id_product><![CDATA[1371]]></id_product>
<id_tag><![CDATA[7032]]></id_tag>
<id_lang><![CDATA[3]]></id_lang>
</product_tag>
<product_tag><id_product><![CDATA[1372]]></id_product>
<id_tag><![CDATA[7032]]></id_tag>
<id_lang><![CDATA[3]]></id_lang>
</product_tag>
<product_tag><id_product><![CDATA[1373]]></id_product>
<id_tag><![CDATA[7032]]></id_tag>
<id_lang><![CDATA[3]]></id_lang>
</product_tag>
<product_tag><id_product><![CDATA[1374]]></id_product>
<id_tag><![CDATA[7032]]></id_tag>
<id_lang><![CDATA[3]]></id_lang>
</product_tag>
<product_tag><id_product><![CDATA[1375]]></id_product>
<id_tag><![CDATA[7032]]></id_tag>
<id_lang><![CDATA[3]]></id_lang>
</product_tag>
<product_tag><id_product><![CDATA[1376]]></id_product>
<id_tag><![CDATA[7032]]></id_tag>
<id_lang><![CDATA[3]]></id_lang>
</product_tag>
<product_tag><id_product><![CDATA[1377]]></id_product>
<id_tag><![CDATA[7032]]></id_tag>
<id_lang><![CDATA[3]]></id_lang>
</product_tag>
<product_tag><id_product><![CDATA[1378]]></id_product>
<id_tag><![CDATA[7032]]></id_tag>
<id_lang><![CDATA[3]]></id_lang>
</product_tag>
<product_tag><id_product><![CDATA[1379]]></id_product>
<id_tag><![CDATA[7032]]></id_tag>
<id_lang><![CDATA[3]]></id_lang>
</product_tag>
<product_tag><id_product><![CDATA[1380]]></id_product>
<id_tag><![CDATA[7032]]></id_tag>
<id_lang><![CDATA[3]]></id_lang>
</product_tag>
<product_tag><id_product><![CDATA[1381]]></id_product>
<id_tag><![CDATA[7032]]></id_tag>
<id_lang><![CDATA[3]]></id_lang>
</product_tag>
<product_tag><id_product><![CDATA[1382]]></id_product>
<id_tag><![CDATA[7032]]></id_tag>
<id_lang><![CDATA[3]]></id_lang>
</product_tag>
<product_tag><id_product><![CDATA[1383]]></id_product>
<id_tag><![CDATA[7032]]></id_tag>
<id_lang><![CDATA[3]]></id_lang>
</product_tag>
<product_tag><id_product><![CDATA[1384]]></id_product>
<id_tag><![CDATA[7032]]></id_tag>
<id_lang><![CDATA[3]]></id_lang>
</product_tag>
<product_tag><id_product><![CDATA[1385]]></id_product>
<id_tag><![CDATA[7032]]></id_tag>
<id_lang><![CDATA[3]]></id_lang>
</product_tag>
<product_tag><id_product><![CDATA[1386]]></id_product>
<id_tag><![CDATA[7032]]></id_tag>
<id_lang><![CDATA[3]]></id_lang>
</product_tag>
<product_tag><id_product><![CDATA[1387]]></id_product>
<id_tag><![CDATA[7032]]></id_tag>
<id_lang><![CDATA[3]]></id_lang>
</product_tag>
<product_tag><id_product><![CDATA[1388]]></id_product>
<id_tag><![CDATA[7032]]></id_tag>
<id_lang><![CDATA[3]]></id_lang>
</product_tag>
<product_tag><id_product><![CDATA[1389]]></id_product>
<id_tag><![CDATA[7032]]></id_tag>
<id_lang><![CDATA[3]]></id_lang>
</product_tag>
<product_tag><id_product><![CDATA[1390]]></id_product>
<id_tag><![CDATA[7032]]></id_tag>
<id_lang><![CDATA[3]]></id_lang>
</product_tag>
<product_tag><id_product><![CDATA[1391]]></id_product>
<id_tag><![CDATA[7032]]></id_tag>
<id_lang><![CDATA[3]]></id_lang>
</product_tag>
<product_tag><id_product><![CDATA[1392]]></id_product>
<id_tag><![CDATA[7032]]></id_tag>
<id_lang><![CDATA[3]]></id_lang>
</product_tag>
<product_tag><id_product><![CDATA[1393]]></id_product>
<id_tag><![CDATA[7032]]></id_tag>
<id_lang><![CDATA[3]]></id_lang>
</product_tag>
<product_tag><id_product><![CDATA[1394]]></id_product>
<id_tag><![CDATA[7032]]></id_tag>
<id_lang><![CDATA[3]]></id_lang>
</product_tag>
<product_tag><id_product><![CDATA[1395]]></id_product>
<id_tag><![CDATA[7032]]></id_tag>
<id_lang><![CDATA[3]]></id_lang>
</product_tag>
<product_tag><id_product><![CDATA[1396]]></id_product>
<id_tag><![CDATA[7032]]></id_tag>
<id_lang><![CDATA[3]]></id_lang>
</product_tag>
<product_tag><id_product><![CDATA[1397]]></id_product>
<id_tag><![CDATA[7032]]></id_tag>
<id_lang><![CDATA[3]]></id_lang>
</product_tag>
<product_tag><id_product><![CDATA[1398]]></id_product>
<id_tag><![CDATA[7032]]></id_tag>
<id_lang><![CDATA[3]]></id_lang>
</product_tag>
<product_tag><id_product><![CDATA[1399]]></id_product>
<id_tag><![CDATA[7032]]></id_tag>
<id_lang><![CDATA[3]]></id_lang>
</product_tag>
<product_tag><id_product><![CDATA[1400]]></id_product>
<id_tag><![CDATA[7032]]></id_tag>
<id_lang><![CDATA[3]]></id_lang>
</product_tag>
<product_tag><id_product><![CDATA[1401]]></id_product>
<id_tag><![CDATA[7032]]></id_tag>
<id_lang><![CDATA[3]]></id_lang>
</product_tag>
<product_tag><id_product><![CDATA[1402]]></id_product>
<id_tag><![CDATA[7032]]></id_tag>
<id_lang><![CDATA[3]]></id_lang>
</product_tag>
<product_tag><id_product><![CDATA[1562]]></id_product>
<id_tag><![CDATA[7032]]></id_tag>
<id_lang><![CDATA[3]]></id_lang>
</product_tag>
<product_tag><id_product><![CDATA[1563]]></id_product>
<id_tag><![CDATA[7032]]></id_tag>
<id_lang><![CDATA[3]]></id_lang>
</product_tag>
<product_tag><id_product><![CDATA[1564]]></id_product>
<id_tag><![CDATA[7032]]></id_tag>
<id_lang><![CDATA[3]]></id_lang>
</product_tag>
<product_tag><id_product><![CDATA[1565]]></id_product>
<id_tag><![CDATA[7032]]></id_tag>
<id_lang><![CDATA[3]]></id_lang>
</product_tag>
<product_tag><id_product><![CDATA[1566]]></id_product>
<id_tag><![CDATA[7032]]></id_tag>
<id_lang><![CDATA[3]]></id_lang>
</product_tag>
<product_tag><id_product><![CDATA[1567]]></id_product>
<id_tag><![CDATA[7032]]></id_tag>
<id_lang><![CDATA[3]]></id_lang>
</product_tag>
<product_tag><id_product><![CDATA[1568]]></id_product>
<id_tag><![CDATA[7032]]></id_tag>
<id_lang><![CDATA[3]]></id_lang>
</product_tag>
<product_tag><id_product><![CDATA[1569]]></id_product>
<id_tag><![CDATA[7032]]></id_tag>
<id_lang><![CDATA[3]]></id_lang>
</product_tag>
<product_tag><id_product><![CDATA[1570]]></id_product>
<id_tag><![CDATA[7032]]></id_tag>
<id_lang><![CDATA[3]]></id_lang>
</product_tag>
<product_tag><id_product><![CDATA[1571]]></id_product>
<id_tag><![CDATA[7032]]></id_tag>
<id_lang><![CDATA[3]]></id_lang>
</product_tag>
<product_tag><id_product><![CDATA[1572]]></id_product>
<id_tag><![CDATA[7032]]></id_tag>
<id_lang><![CDATA[3]]></id_lang>
</product_tag>
<product_tag><id_product><![CDATA[1573]]></id_product>
<id_tag><![CDATA[7032]]></id_tag>
<id_lang><![CDATA[3]]></id_lang>
</product_tag>
<product_tag><id_product><![CDATA[1574]]></id_product>
<id_tag><![CDATA[7032]]></id_tag>
<id_lang><![CDATA[3]]></id_lang>
</product_tag>
<product_tag><id_product><![CDATA[1575]]></id_product>
<id_tag><![CDATA[7032]]></id_tag>
<id_lang><![CDATA[3]]></id_lang>
</product_tag>
<product_tag><id_product><![CDATA[1576]]></id_product>
<id_tag><![CDATA[7032]]></id_tag>
<id_lang><![CDATA[3]]></id_lang>
</product_tag>
<product_tag><id_product><![CDATA[1577]]></id_product>
<id_tag><![CDATA[7032]]></id_tag>
<id_lang><![CDATA[3]]></id_lang>
</product_tag>
<product_tag><id_product><![CDATA[1578]]></id_product>
<id_tag><![CDATA[7032]]></id_tag>
<id_lang><![CDATA[3]]></id_lang>
</product_tag>
<product_tag><id_product><![CDATA[1579]]></id_product>
<id_tag><![CDATA[7032]]></id_tag>
<id_lang><![CDATA[3]]></id_lang>
</product_tag>
<product_tag><id_product><![CDATA[1580]]></id_product>
<id_tag><![CDATA[7032]]></id_tag>
<id_lang><![CDATA[3]]></id_lang>
</product_tag>
<product_tag><id_product><![CDATA[1611]]></id_product>
<id_tag><![CDATA[7032]]></id_tag>
<id_lang><![CDATA[3]]></id_lang>
</product_tag>
<product_tag><id_product><![CDATA[1612]]></id_product>
<id_tag><![CDATA[7032]]></id_tag>
<id_lang><![CDATA[3]]></id_lang>
</product_tag>
<product_tag><id_product><![CDATA[1613]]></id_product>
<id_tag><![CDATA[7032]]></id_tag>
<id_lang><![CDATA[3]]></id_lang>
</product_tag>
<product_tag><id_product><![CDATA[1614]]></id_product>
<id_tag><![CDATA[7032]]></id_tag>
<id_lang><![CDATA[3]]></id_lang>
</product_tag>
<product_tag><id_product><![CDATA[1615]]></id_product>
<id_tag><![CDATA[7032]]></id_tag>
<id_lang><![CDATA[3]]></id_lang>
</product_tag>
<product_tag><id_product><![CDATA[1616]]></id_product>
<id_tag><![CDATA[7032]]></id_tag>
<id_lang><![CDATA[3]]></id_lang>
</product_tag>
<product_tag><id_product><![CDATA[1617]]></id_product>
<id_tag><![CDATA[7032]]></id_tag>
<id_lang><![CDATA[3]]></id_lang>
</product_tag>
<product_tag><id_product><![CDATA[1618]]></id_product>
<id_tag><![CDATA[7032]]></id_tag>
<id_lang><![CDATA[3]]></id_lang>
</product_tag>
<product_tag><id_product><![CDATA[1619]]></id_product>
<id_tag><![CDATA[7032]]></id_tag>
<id_lang><![CDATA[3]]></id_lang>
</product_tag>
<product_tag><id_product><![CDATA[1620]]></id_product>
<id_tag><![CDATA[7032]]></id_tag>
<id_lang><![CDATA[3]]></id_lang>
</product_tag>
<product_tag><id_product><![CDATA[1621]]></id_product>
<id_tag><![CDATA[7032]]></id_tag>
<id_lang><![CDATA[3]]></id_lang>
</product_tag>
<product_tag><id_product><![CDATA[1622]]></id_product>
<id_tag><![CDATA[7032]]></id_tag>
<id_lang><![CDATA[3]]></id_lang>
</product_tag>
<product_tag><id_product><![CDATA[1623]]></id_product>
<id_tag><![CDATA[7032]]></id_tag>
<id_lang><![CDATA[3]]></id_lang>
</product_tag>
<product_tag><id_product><![CDATA[1624]]></id_product>
<id_tag><![CDATA[7032]]></id_tag>
<id_lang><![CDATA[3]]></id_lang>
</product_tag>
<product_tag><id_product><![CDATA[1625]]></id_product>
<id_tag><![CDATA[7032]]></id_tag>
<id_lang><![CDATA[3]]></id_lang>
</product_tag>
<product_tag><id_product><![CDATA[1626]]></id_product>
<id_tag><![CDATA[7032]]></id_tag>
<id_lang><![CDATA[3]]></id_lang>
</product_tag>
<product_tag><id_product><![CDATA[1627]]></id_product>
<id_tag><![CDATA[7032]]></id_tag>
<id_lang><![CDATA[3]]></id_lang>
</product_tag>
<product_tag><id_product><![CDATA[1628]]></id_product>
<id_tag><![CDATA[7032]]></id_tag>
<id_lang><![CDATA[3]]></id_lang>
</product_tag>
<product_tag><id_product><![CDATA[1629]]></id_product>
<id_tag><![CDATA[7032]]></id_tag>
<id_lang><![CDATA[3]]></id_lang>
</product_tag>
<product_tag><id_product><![CDATA[1630]]></id_product>
<id_tag><![CDATA[7032]]></id_tag>
<id_lang><![CDATA[3]]></id_lang>
</product_tag>
<product_tag><id_product><![CDATA[1631]]></id_product>
<id_tag><![CDATA[7032]]></id_tag>
<id_lang><![CDATA[3]]></id_lang>
</product_tag>
<product_tag><id_product><![CDATA[1632]]></id_product>
<id_tag><![CDATA[7032]]></id_tag>
<id_lang><![CDATA[3]]></id_lang>
</product_tag>
<product_tag><id_product><![CDATA[1633]]></id_product>
<id_tag><![CDATA[7032]]></id_tag>
<id_lang><![CDATA[3]]></id_lang>
</product_tag>
<product_tag><id_product><![CDATA[1634]]></id_product>
<id_tag><![CDATA[7032]]></id_tag>
<id_lang><![CDATA[3]]></id_lang>
</product_tag>
<product_tag><id_product><![CDATA[1635]]></id_product>
<id_tag><![CDATA[7032]]></id_tag>
<id_lang><![CDATA[3]]></id_lang>
</product_tag>
<product_tag><id_product><![CDATA[1636]]></id_product>
<id_tag><![CDATA[7032]]></id_tag>
<id_lang><![CDATA[3]]></id_lang>
</product_tag>
<product_tag><id_product><![CDATA[1637]]></id_product>
<id_tag><![CDATA[7032]]></id_tag>
<id_lang><![CDATA[3]]></id_lang>
</product_tag>
<product_tag><id_product><![CDATA[1638]]></id_product>
<id_tag><![CDATA[7032]]></id_tag>
<id_lang><![CDATA[3]]></id_lang>
</product_tag>
<product_tag><id_product><![CDATA[1639]]></id_product>
<id_tag><![CDATA[7032]]></id_tag>
<id_lang><![CDATA[3]]></id_lang>
</product_tag>
<product_tag><id_product><![CDATA[1640]]></id_product>
<id_tag><![CDATA[7032]]></id_tag>
<id_lang><![CDATA[3]]></id_lang>
</product_tag>
<product_tag><id_product><![CDATA[1641]]></id_product>
<id_tag><![CDATA[7032]]></id_tag>
<id_lang><![CDATA[3]]></id_lang>
</product_tag>
<product_tag><id_product><![CDATA[1642]]></id_product>
<id_tag><![CDATA[7032]]></id_tag>
<id_lang><![CDATA[3]]></id_lang>
</product_tag>
<product_tag><id_product><![CDATA[1643]]></id_product>
<id_tag><![CDATA[7032]]></id_tag>
<id_lang><![CDATA[3]]></id_lang>
</product_tag>
<product_tag><id_product><![CDATA[1644]]></id_product>
<id_tag><![CDATA[7032]]></id_tag>
<id_lang><![CDATA[3]]></id_lang>
</product_tag>
<product_tag><id_product><![CDATA[1645]]></id_product>
<id_tag><![CDATA[7032]]></id_tag>
<id_lang><![CDATA[3]]></id_lang>
</product_tag>
<product_tag><id_product><![CDATA[1646]]></id_product>
<id_tag><![CDATA[7032]]></id_tag>
<id_lang><![CDATA[3]]></id_lang>
</product_tag>
<product_tag><id_product><![CDATA[1647]]></id_product>
<id_tag><![CDATA[7032]]></id_tag>
<id_lang><![CDATA[3]]></id_lang>
</product_tag>
<product_tag><id_product><![CDATA[1648]]></id_product>
<id_tag><![CDATA[7032]]></id_tag>
<id_lang><![CDATA[3]]></id_lang>
</product_tag>
<product_tag><id_product><![CDATA[1649]]></id_product>
<id_tag><![CDATA[7032]]></id_tag>
<id_lang><![CDATA[3]]></id_lang>
</product_tag>
<product_tag><id_product><![CDATA[1689]]></id_product>
<id_tag><![CDATA[7032]]></id_tag>
<id_lang><![CDATA[3]]></id_lang>
</product_tag>
<product_tag><id_product><![CDATA[1690]]></id_product>
<id_tag><![CDATA[7032]]></id_tag>
<id_lang><![CDATA[3]]></id_lang>
</product_tag>
<product_tag><id_product><![CDATA[1734]]></id_product>
<id_tag><![CDATA[7032]]></id_tag>
<id_lang><![CDATA[3]]></id_lang>
</product_tag>
<product_tag><id_product><![CDATA[1735]]></id_product>
<id_tag><![CDATA[7032]]></id_tag>
<id_lang><![CDATA[3]]></id_lang>
</product_tag>
<product_tag><id_product><![CDATA[1737]]></id_product>
<id_tag><![CDATA[7032]]></id_tag>
<id_lang><![CDATA[3]]></id_lang>
</product_tag>
<product_tag><id_product><![CDATA[1739]]></id_product>
<id_tag><![CDATA[7032]]></id_tag>
<id_lang><![CDATA[3]]></id_lang>
</product_tag>
<product_tag><id_product><![CDATA[1744]]></id_product>
<id_tag><![CDATA[7032]]></id_tag>
<id_lang><![CDATA[3]]></id_lang>
</product_tag>
<product_tag><id_product><![CDATA[1745]]></id_product>
<id_tag><![CDATA[7032]]></id_tag>
<id_lang><![CDATA[3]]></id_lang>
</product_tag>
<product_tag><id_product><![CDATA[1746]]></id_product>
<id_tag><![CDATA[7032]]></id_tag>
<id_lang><![CDATA[3]]></id_lang>
</product_tag>
<product_tag><id_product><![CDATA[1747]]></id_product>
<id_tag><![CDATA[7032]]></id_tag>
<id_lang><![CDATA[3]]></id_lang>
</product_tag>
<product_tag><id_product><![CDATA[1748]]></id_product>
<id_tag><![CDATA[7032]]></id_tag>
<id_lang><![CDATA[3]]></id_lang>
</product_tag>
<product_tag><id_product><![CDATA[1749]]></id_product>
<id_tag><![CDATA[7032]]></id_tag>
<id_lang><![CDATA[3]]></id_lang>
</product_tag>
<product_tag><id_product><![CDATA[1750]]></id_product>
<id_tag><![CDATA[7032]]></id_tag>
<id_lang><![CDATA[3]]></id_lang>
</product_tag>
<product_tag><id_product><![CDATA[1751]]></id_product>
<id_tag><![CDATA[7032]]></id_tag>
<id_lang><![CDATA[3]]></id_lang>
</product_tag>
<product_tag><id_product><![CDATA[1752]]></id_product>
<id_tag><![CDATA[7032]]></id_tag>
<id_lang><![CDATA[3]]></id_lang>
</product_tag>
<product_tag><id_product><![CDATA[1753]]></id_product>
<id_tag><![CDATA[7032]]></id_tag>
<id_lang><![CDATA[3]]></id_lang>
</product_tag>
<product_tag><id_product><![CDATA[1754]]></id_product>
<id_tag><![CDATA[7032]]></id_tag>
<id_lang><![CDATA[3]]></id_lang>
</product_tag>
<product_tag><id_product><![CDATA[1755]]></id_product>
<id_tag><![CDATA[7032]]></id_tag>
<id_lang><![CDATA[3]]></id_lang>
</product_tag>
<product_tag><id_product><![CDATA[1756]]></id_product>
<id_tag><![CDATA[7032]]></id_tag>
<id_lang><![CDATA[3]]></id_lang>
</product_tag>
<product_tag><id_product><![CDATA[1757]]></id_product>
<id_tag><![CDATA[7032]]></id_tag>
<id_lang><![CDATA[3]]></id_lang>
</product_tag>
<product_tag><id_product><![CDATA[1758]]></id_product>
<id_tag><![CDATA[7032]]></id_tag>
<id_lang><![CDATA[3]]></id_lang>
</product_tag>
<product_tag><id_product><![CDATA[1759]]></id_product>
<id_tag><![CDATA[7032]]></id_tag>
<id_lang><![CDATA[3]]></id_lang>
</product_tag>
<product_tag><id_product><![CDATA[1760]]></id_product>
<id_tag><![CDATA[7032]]></id_tag>
<id_lang><![CDATA[3]]></id_lang>
</product_tag>
<product_tag><id_product><![CDATA[1761]]></id_product>
<id_tag><![CDATA[7032]]></id_tag>
<id_lang><![CDATA[3]]></id_lang>
</product_tag>
<product_tag><id_product><![CDATA[1762]]></id_product>
<id_tag><![CDATA[7032]]></id_tag>
<id_lang><![CDATA[3]]></id_lang>
</product_tag>
<product_tag><id_product><![CDATA[1763]]></id_product>
<id_tag><![CDATA[7032]]></id_tag>
<id_lang><![CDATA[3]]></id_lang>
</product_tag>
<product_tag><id_product><![CDATA[1764]]></id_product>
<id_tag><![CDATA[7032]]></id_tag>
<id_lang><![CDATA[3]]></id_lang>
</product_tag>
<product_tag><id_product><![CDATA[1765]]></id_product>
<id_tag><![CDATA[7032]]></id_tag>
<id_lang><![CDATA[3]]></id_lang>
</product_tag>
<product_tag><id_product><![CDATA[1771]]></id_product>
<id_tag><![CDATA[7032]]></id_tag>
<id_lang><![CDATA[3]]></id_lang>
</product_tag>
<product_tag><id_product><![CDATA[1772]]></id_product>
<id_tag><![CDATA[7032]]></id_tag>
<id_lang><![CDATA[3]]></id_lang>
</product_tag>
<product_tag><id_product><![CDATA[1773]]></id_product>
<id_tag><![CDATA[7032]]></id_tag>
<id_lang><![CDATA[3]]></id_lang>
</product_tag>
<product_tag><id_product><![CDATA[1774]]></id_product>
<id_tag><![CDATA[7032]]></id_tag>
<id_lang><![CDATA[3]]></id_lang>
</product_tag>
<product_tag><id_product><![CDATA[1775]]></id_product>
<id_tag><![CDATA[7032]]></id_tag>
<id_lang><![CDATA[3]]></id_lang>
</product_tag>
<product_tag><id_product><![CDATA[1776]]></id_product>
<id_tag><![CDATA[7032]]></id_tag>
<id_lang><![CDATA[3]]></id_lang>
</product_tag>
<product_tag><id_product><![CDATA[1777]]></id_product>
<id_tag><![CDATA[7032]]></id_tag>
<id_lang><![CDATA[3]]></id_lang>
</product_tag>
<product_tag><id_product><![CDATA[1778]]></id_product>
<id_tag><![CDATA[7032]]></id_tag>
<id_lang><![CDATA[3]]></id_lang>
</product_tag>
<product_tag><id_product><![CDATA[1779]]></id_product>
<id_tag><![CDATA[7032]]></id_tag>
<id_lang><![CDATA[3]]></id_lang>
</product_tag>
<product_tag><id_product><![CDATA[1780]]></id_product>
<id_tag><![CDATA[7032]]></id_tag>
<id_lang><![CDATA[3]]></id_lang>
</product_tag>
<product_tag><id_product><![CDATA[1781]]></id_product>
<id_tag><![CDATA[7032]]></id_tag>
<id_lang><![CDATA[3]]></id_lang>
</product_tag>
<product_tag><id_product><![CDATA[1782]]></id_product>
<id_tag><![CDATA[7032]]></id_tag>
<id_lang><![CDATA[3]]></id_lang>
</product_tag>
<product_tag><id_product><![CDATA[1783]]></id_product>
<id_tag><![CDATA[7032]]></id_tag>
<id_lang><![CDATA[3]]></id_lang>
</product_tag>
<product_tag><id_product><![CDATA[1784]]></id_product>
<id_tag><![CDATA[7032]]></id_tag>
<id_lang><![CDATA[3]]></id_lang>
</product_tag>
<product_tag><id_product><![CDATA[1785]]></id_product>
<id_tag><![CDATA[7032]]></id_tag>
<id_lang><![CDATA[3]]></id_lang>
</product_tag>
<product_tag><id_product><![CDATA[1786]]></id_product>
<id_tag><![CDATA[7032]]></id_tag>
<id_lang><![CDATA[3]]></id_lang>
</product_tag>
<product_tag><id_product><![CDATA[1787]]></id_product>
<id_tag><![CDATA[7032]]></id_tag>
<id_lang><![CDATA[3]]></id_lang>
</product_tag>
<product_tag><id_product><![CDATA[1788]]></id_product>
<id_tag><![CDATA[7032]]></id_tag>
<id_lang><![CDATA[3]]></id_lang>
</product_tag>
<product_tag><id_product><![CDATA[1789]]></id_product>
<id_tag><![CDATA[7032]]></id_tag>
<id_lang><![CDATA[3]]></id_lang>
</product_tag>
<product_tag><id_product><![CDATA[1791]]></id_product>
<id_tag><![CDATA[7032]]></id_tag>
<id_lang><![CDATA[3]]></id_lang>
</product_tag>
<product_tag><id_product><![CDATA[1792]]></id_product>
<id_tag><![CDATA[7032]]></id_tag>
<id_lang><![CDATA[3]]></id_lang>
</product_tag>
<product_tag><id_product><![CDATA[1794]]></id_product>
<id_tag><![CDATA[7032]]></id_tag>
<id_lang><![CDATA[3]]></id_lang>
</product_tag>
<product_tag><id_product><![CDATA[2244]]></id_product>
<id_tag><![CDATA[7032]]></id_tag>
<id_lang><![CDATA[3]]></id_lang>
</product_tag>
<product_tag><id_product><![CDATA[2988]]></id_product>
<id_tag><![CDATA[7032]]></id_tag>
<id_lang><![CDATA[3]]></id_lang>
</product_tag>
<product_tag><id_product><![CDATA[3061]]></id_product>
<id_tag><![CDATA[7032]]></id_tag>
<id_lang><![CDATA[3]]></id_lang>
</product_tag>
<product_tag><id_product><![CDATA[3080]]></id_product>
<id_tag><![CDATA[7032]]></id_tag>
<id_lang><![CDATA[3]]></id_lang>
</product_tag>
<product_tag><id_product><![CDATA[3081]]></id_product>
<id_tag><![CDATA[7032]]></id_tag>
<id_lang><![CDATA[3]]></id_lang>
</product_tag>
<product_tag><id_product><![CDATA[3084]]></id_product>
<id_tag><![CDATA[7032]]></id_tag>
<id_lang><![CDATA[3]]></id_lang>
</product_tag>
<product_tag><id_product><![CDATA[3085]]></id_product>
<id_tag><![CDATA[7032]]></id_tag>
<id_lang><![CDATA[3]]></id_lang>
</product_tag>
<product_tag><id_product><![CDATA[3086]]></id_product>
<id_tag><![CDATA[7032]]></id_tag>
<id_lang><![CDATA[3]]></id_lang>
</product_tag>
<product_tag><id_product><![CDATA[3087]]></id_product>
<id_tag><![CDATA[7032]]></id_tag>
<id_lang><![CDATA[3]]></id_lang>
</product_tag>
<product_tag><id_product><![CDATA[3088]]></id_product>
<id_tag><![CDATA[7032]]></id_tag>
<id_lang><![CDATA[3]]></id_lang>
</product_tag>
<product_tag><id_product><![CDATA[3089]]></id_product>
<id_tag><![CDATA[7032]]></id_tag>
<id_lang><![CDATA[3]]></id_lang>
</product_tag>
<product_tag><id_product><![CDATA[3090]]></id_product>
<id_tag><![CDATA[7032]]></id_tag>
<id_lang><![CDATA[3]]></id_lang>
</product_tag>
<product_tag><id_product><![CDATA[3091]]></id_product>
<id_tag><![CDATA[7032]]></id_tag>
<id_lang><![CDATA[3]]></id_lang>
</product_tag>
<product_tag><id_product><![CDATA[3092]]></id_product>
<id_tag><![CDATA[7032]]></id_tag>
<id_lang><![CDATA[3]]></id_lang>
</product_tag>
<product_tag><id_product><![CDATA[3093]]></id_product>
<id_tag><![CDATA[7032]]></id_tag>
<id_lang><![CDATA[3]]></id_lang>
</product_tag>
<product_tag><id_product><![CDATA[3094]]></id_product>
<id_tag><![CDATA[7032]]></id_tag>
<id_lang><![CDATA[3]]></id_lang>
</product_tag>
<product_tag><id_product><![CDATA[3096]]></id_product>
<id_tag><![CDATA[7032]]></id_tag>
<id_lang><![CDATA[3]]></id_lang>
</product_tag>
<product_tag><id_product><![CDATA[3101]]></id_product>
<id_tag><![CDATA[7032]]></id_tag>
<id_lang><![CDATA[3]]></id_lang>
</product_tag>
<product_tag><id_product><![CDATA[3102]]></id_product>
<id_tag><![CDATA[7032]]></id_tag>
<id_lang><![CDATA[3]]></id_lang>
</product_tag>
<product_tag><id_product><![CDATA[3103]]></id_product>
<id_tag><![CDATA[7032]]></id_tag>
<id_lang><![CDATA[3]]></id_lang>
</product_tag>
<product_tag><id_product><![CDATA[3104]]></id_product>
<id_tag><![CDATA[7032]]></id_tag>
<id_lang><![CDATA[3]]></id_lang>
</product_tag>
<product_tag><id_product><![CDATA[3106]]></id_product>
<id_tag><![CDATA[7032]]></id_tag>
<id_lang><![CDATA[3]]></id_lang>
</product_tag>
<product_tag><id_product><![CDATA[3112]]></id_product>
<id_tag><![CDATA[7032]]></id_tag>
<id_lang><![CDATA[3]]></id_lang>
</product_tag>
<product_tag><id_product><![CDATA[3113]]></id_product>
<id_tag><![CDATA[7032]]></id_tag>
<id_lang><![CDATA[3]]></id_lang>
</product_tag>
<product_tag><id_product><![CDATA[3114]]></id_product>
<id_tag><![CDATA[7032]]></id_tag>
<id_lang><![CDATA[3]]></id_lang>
</product_tag>
<product_tag><id_product><![CDATA[3115]]></id_product>
<id_tag><![CDATA[7032]]></id_tag>
<id_lang><![CDATA[3]]></id_lang>
</product_tag>
<product_tag><id_product><![CDATA[3116]]></id_product>
<id_tag><![CDATA[7032]]></id_tag>
<id_lang><![CDATA[3]]></id_lang>
</product_tag>
<product_tag><id_product><![CDATA[3117]]></id_product>
<id_tag><![CDATA[7032]]></id_tag>
<id_lang><![CDATA[3]]></id_lang>
</product_tag>
<product_tag><id_product><![CDATA[3118]]></id_product>
<id_tag><![CDATA[7032]]></id_tag>
<id_lang><![CDATA[3]]></id_lang>
</product_tag>
<product_tag><id_product><![CDATA[3119]]></id_product>
<id_tag><![CDATA[7032]]></id_tag>
<id_lang><![CDATA[3]]></id_lang>
</product_tag>
<product_tag><id_product><![CDATA[3121]]></id_product>
<id_tag><![CDATA[7032]]></id_tag>
<id_lang><![CDATA[3]]></id_lang>
</product_tag>
<product_tag><id_product><![CDATA[3122]]></id_product>
<id_tag><![CDATA[7032]]></id_tag>
<id_lang><![CDATA[3]]></id_lang>
</product_tag>
<product_tag><id_product><![CDATA[3125]]></id_product>
<id_tag><![CDATA[7032]]></id_tag>
<id_lang><![CDATA[3]]></id_lang>
</product_tag>
<product_tag><id_product><![CDATA[3126]]></id_product>
<id_tag><![CDATA[7032]]></id_tag>
<id_lang><![CDATA[3]]></id_lang>
</product_tag>
<product_tag><id_product><![CDATA[3127]]></id_product>
<id_tag><![CDATA[7032]]></id_tag>
<id_lang><![CDATA[3]]></id_lang>
</product_tag>
<product_tag><id_product><![CDATA[3128]]></id_product>
<id_tag><![CDATA[7032]]></id_tag>
<id_lang><![CDATA[3]]></id_lang>
</product_tag>
<product_tag><id_product><![CDATA[3129]]></id_product>
<id_tag><![CDATA[7032]]></id_tag>
<id_lang><![CDATA[3]]></id_lang>
</product_tag>
<product_tag><id_product><![CDATA[3130]]></id_product>
<id_tag><![CDATA[7032]]></id_tag>
<id_lang><![CDATA[3]]></id_lang>
</product_tag>
<product_tag><id_product><![CDATA[3133]]></id_product>
<id_tag><![CDATA[7032]]></id_tag>
<id_lang><![CDATA[3]]></id_lang>
</product_tag>
<product_tag><id_product><![CDATA[4049]]></id_product>
<id_tag><![CDATA[7032]]></id_tag>
<id_lang><![CDATA[3]]></id_lang>
</product_tag>
<product_tag><id_product><![CDATA[1187]]></id_product>
<id_tag><![CDATA[7219]]></id_tag>
<id_lang><![CDATA[3]]></id_lang>
</product_tag>
<product_tag><id_product><![CDATA[1188]]></id_product>
<id_tag><![CDATA[7219]]></id_tag>
<id_lang><![CDATA[3]]></id_lang>
</product_tag>
<product_tag><id_product><![CDATA[1187]]></id_product>
<id_tag><![CDATA[7220]]></id_tag>
<id_lang><![CDATA[3]]></id_lang>
</product_tag>
<product_tag><id_product><![CDATA[1188]]></id_product>
<id_tag><![CDATA[7220]]></id_tag>
<id_lang><![CDATA[3]]></id_lang>
</product_tag>
<product_tag><id_product><![CDATA[1187]]></id_product>
<id_tag><![CDATA[7221]]></id_tag>
<id_lang><![CDATA[3]]></id_lang>
</product_tag>
<product_tag><id_product><![CDATA[1188]]></id_product>
<id_tag><![CDATA[7221]]></id_tag>
<id_lang><![CDATA[3]]></id_lang>
</product_tag>
<product_tag><id_product><![CDATA[1187]]></id_product>
<id_tag><![CDATA[7222]]></id_tag>
<id_lang><![CDATA[3]]></id_lang>
</product_tag>
<product_tag><id_product><![CDATA[1188]]></id_product>
<id_tag><![CDATA[7222]]></id_tag>
<id_lang><![CDATA[3]]></id_lang>
</product_tag>
<product_tag><id_product><![CDATA[1187]]></id_product>
<id_tag><![CDATA[7223]]></id_tag>
<id_lang><![CDATA[3]]></id_lang>
</product_tag>
<product_tag><id_product><![CDATA[1188]]></id_product>
<id_tag><![CDATA[7223]]></id_tag>
<id_lang><![CDATA[3]]></id_lang>
</product_tag>
<product_tag><id_product><![CDATA[1187]]></id_product>
<id_tag><![CDATA[7224]]></id_tag>
<id_lang><![CDATA[3]]></id_lang>
</product_tag>
<product_tag><id_product><![CDATA[1188]]></id_product>
<id_tag><![CDATA[7224]]></id_tag>
<id_lang><![CDATA[3]]></id_lang>
</product_tag>
<product_tag><id_product><![CDATA[1187]]></id_product>
<id_tag><![CDATA[7225]]></id_tag>
<id_lang><![CDATA[3]]></id_lang>
</product_tag>
<product_tag><id_product><![CDATA[1188]]></id_product>
<id_tag><![CDATA[7225]]></id_tag>
<id_lang><![CDATA[3]]></id_lang>
</product_tag>
<product_tag><id_product><![CDATA[1213]]></id_product>
<id_tag><![CDATA[7239]]></id_tag>
<id_lang><![CDATA[3]]></id_lang>
</product_tag>
<product_tag><id_product><![CDATA[1214]]></id_product>
<id_tag><![CDATA[7239]]></id_tag>
<id_lang><![CDATA[3]]></id_lang>
</product_tag>
<product_tag><id_product><![CDATA[922]]></id_product>
<id_tag><![CDATA[7268]]></id_tag>
<id_lang><![CDATA[3]]></id_lang>
</product_tag>
<product_tag><id_product><![CDATA[949]]></id_product>
<id_tag><![CDATA[7278]]></id_tag>
<id_lang><![CDATA[3]]></id_lang>
</product_tag>
<product_tag><id_product><![CDATA[178]]></id_product>
<id_tag><![CDATA[7283]]></id_tag>
<id_lang><![CDATA[3]]></id_lang>
</product_tag>
<product_tag><id_product><![CDATA[1435]]></id_product>
<id_tag><![CDATA[7283]]></id_tag>
<id_lang><![CDATA[3]]></id_lang>
</product_tag>
<product_tag><id_product><![CDATA[2773]]></id_product>
<id_tag><![CDATA[7294]]></id_tag>
<id_lang><![CDATA[3]]></id_lang>
</product_tag>
<product_tag><id_product><![CDATA[2791]]></id_product>
<id_tag><![CDATA[7294]]></id_tag>
<id_lang><![CDATA[3]]></id_lang>
</product_tag>
<product_tag><id_product><![CDATA[2792]]></id_product>
<id_tag><![CDATA[7294]]></id_tag>
<id_lang><![CDATA[3]]></id_lang>
</product_tag>
<product_tag><id_product><![CDATA[2793]]></id_product>
<id_tag><![CDATA[7294]]></id_tag>
<id_lang><![CDATA[3]]></id_lang>
</product_tag>
<product_tag><id_product><![CDATA[2794]]></id_product>
<id_tag><![CDATA[7294]]></id_tag>
<id_lang><![CDATA[3]]></id_lang>
</product_tag>
<product_tag><id_product><![CDATA[2795]]></id_product>
<id_tag><![CDATA[7294]]></id_tag>
<id_lang><![CDATA[3]]></id_lang>
</product_tag>
<product_tag><id_product><![CDATA[2796]]></id_product>
<id_tag><![CDATA[7294]]></id_tag>
<id_lang><![CDATA[3]]></id_lang>
</product_tag>
<product_tag><id_product><![CDATA[2798]]></id_product>
<id_tag><![CDATA[7294]]></id_tag>
<id_lang><![CDATA[3]]></id_lang>
</product_tag>
<product_tag><id_product><![CDATA[2799]]></id_product>
<id_tag><![CDATA[7294]]></id_tag>
<id_lang><![CDATA[3]]></id_lang>
</product_tag>
<product_tag><id_product><![CDATA[2800]]></id_product>
<id_tag><![CDATA[7294]]></id_tag>
<id_lang><![CDATA[3]]></id_lang>
</product_tag>
<product_tag><id_product><![CDATA[2801]]></id_product>
<id_tag><![CDATA[7294]]></id_tag>
<id_lang><![CDATA[3]]></id_lang>
</product_tag>
<product_tag><id_product><![CDATA[2802]]></id_product>
<id_tag><![CDATA[7294]]></id_tag>
<id_lang><![CDATA[3]]></id_lang>
</product_tag>
<product_tag><id_product><![CDATA[2904]]></id_product>
<id_tag><![CDATA[7294]]></id_tag>
<id_lang><![CDATA[3]]></id_lang>
</product_tag>
<product_tag><id_product><![CDATA[2905]]></id_product>
<id_tag><![CDATA[7294]]></id_tag>
<id_lang><![CDATA[3]]></id_lang>
</product_tag>
<product_tag><id_product><![CDATA[2907]]></id_product>
<id_tag><![CDATA[7294]]></id_tag>
<id_lang><![CDATA[3]]></id_lang>
</product_tag>
<product_tag><id_product><![CDATA[2908]]></id_product>
<id_tag><![CDATA[7294]]></id_tag>
<id_lang><![CDATA[3]]></id_lang>
</product_tag>
<product_tag><id_product><![CDATA[4554]]></id_product>
<id_tag><![CDATA[7294]]></id_tag>
<id_lang><![CDATA[3]]></id_lang>
</product_tag>
<product_tag><id_product><![CDATA[1164]]></id_product>
<id_tag><![CDATA[7307]]></id_tag>
<id_lang><![CDATA[3]]></id_lang>
</product_tag>
<product_tag><id_product><![CDATA[1164]]></id_product>
<id_tag><![CDATA[7308]]></id_tag>
<id_lang><![CDATA[3]]></id_lang>
</product_tag>
<product_tag><id_product><![CDATA[853]]></id_product>
<id_tag><![CDATA[7337]]></id_tag>
<id_lang><![CDATA[3]]></id_lang>
</product_tag>
<product_tag><id_product><![CDATA[995]]></id_product>
<id_tag><![CDATA[7344]]></id_tag>
<id_lang><![CDATA[3]]></id_lang>
</product_tag>
<product_tag><id_product><![CDATA[828]]></id_product>
<id_tag><![CDATA[7352]]></id_tag>
<id_lang><![CDATA[3]]></id_lang>
</product_tag>
<product_tag><id_product><![CDATA[4551]]></id_product>
<id_tag><![CDATA[7352]]></id_tag>
<id_lang><![CDATA[3]]></id_lang>
</product_tag>
<product_tag><id_product><![CDATA[850]]></id_product>
<id_tag><![CDATA[7365]]></id_tag>
<id_lang><![CDATA[3]]></id_lang>
</product_tag>
<product_tag><id_product><![CDATA[95]]></id_product>
<id_tag><![CDATA[7366]]></id_tag>
<id_lang><![CDATA[3]]></id_lang>
</product_tag>
<product_tag><id_product><![CDATA[107]]></id_product>
<id_tag><![CDATA[7366]]></id_tag>
<id_lang><![CDATA[3]]></id_lang>
</product_tag>
<product_tag><id_product><![CDATA[632]]></id_product>
<id_tag><![CDATA[7366]]></id_tag>
<id_lang><![CDATA[3]]></id_lang>
</product_tag>
<product_tag><id_product><![CDATA[633]]></id_product>
<id_tag><![CDATA[7366]]></id_tag>
<id_lang><![CDATA[3]]></id_lang>
</product_tag>
<product_tag><id_product><![CDATA[636]]></id_product>
<id_tag><![CDATA[7366]]></id_tag>
<id_lang><![CDATA[3]]></id_lang>
</product_tag>
<product_tag><id_product><![CDATA[690]]></id_product>
<id_tag><![CDATA[7366]]></id_tag>
<id_lang><![CDATA[3]]></id_lang>
</product_tag>
<product_tag><id_product><![CDATA[691]]></id_product>
<id_tag><![CDATA[7366]]></id_tag>
<id_lang><![CDATA[3]]></id_lang>
</product_tag>
<product_tag><id_product><![CDATA[748]]></id_product>
<id_tag><![CDATA[7366]]></id_tag>
<id_lang><![CDATA[3]]></id_lang>
</product_tag>
<product_tag><id_product><![CDATA[850]]></id_product>
<id_tag><![CDATA[7366]]></id_tag>
<id_lang><![CDATA[3]]></id_lang>
</product_tag>
<product_tag><id_product><![CDATA[95]]></id_product>
<id_tag><![CDATA[7367]]></id_tag>
<id_lang><![CDATA[3]]></id_lang>
</product_tag>
<product_tag><id_product><![CDATA[107]]></id_product>
<id_tag><![CDATA[7367]]></id_tag>
<id_lang><![CDATA[3]]></id_lang>
</product_tag>
<product_tag><id_product><![CDATA[632]]></id_product>
<id_tag><![CDATA[7367]]></id_tag>
<id_lang><![CDATA[3]]></id_lang>
</product_tag>
<product_tag><id_product><![CDATA[633]]></id_product>
<id_tag><![CDATA[7367]]></id_tag>
<id_lang><![CDATA[3]]></id_lang>
</product_tag>
<product_tag><id_product><![CDATA[636]]></id_product>
<id_tag><![CDATA[7367]]></id_tag>
<id_lang><![CDATA[3]]></id_lang>
</product_tag>
<product_tag><id_product><![CDATA[690]]></id_product>
<id_tag><![CDATA[7367]]></id_tag>
<id_lang><![CDATA[3]]></id_lang>
</product_tag>
<product_tag><id_product><![CDATA[691]]></id_product>
<id_tag><![CDATA[7367]]></id_tag>
<id_lang><![CDATA[3]]></id_lang>
</product_tag>
<product_tag><id_product><![CDATA[748]]></id_product>
<id_tag><![CDATA[7367]]></id_tag>
<id_lang><![CDATA[3]]></id_lang>
</product_tag>
<product_tag><id_product><![CDATA[850]]></id_product>
<id_tag><![CDATA[7367]]></id_tag>
<id_lang><![CDATA[3]]></id_lang>
</product_tag>
<product_tag><id_product><![CDATA[612]]></id_product>
<id_tag><![CDATA[7368]]></id_tag>
<id_lang><![CDATA[3]]></id_lang>
</product_tag>
<product_tag><id_product><![CDATA[850]]></id_product>
<id_tag><![CDATA[7368]]></id_tag>
<id_lang><![CDATA[3]]></id_lang>
</product_tag>
<product_tag><id_product><![CDATA[854]]></id_product>
<id_tag><![CDATA[7370]]></id_tag>
<id_lang><![CDATA[3]]></id_lang>
</product_tag>
<product_tag><id_product><![CDATA[341]]></id_product>
<id_tag><![CDATA[7371]]></id_tag>
<id_lang><![CDATA[3]]></id_lang>
</product_tag>
<product_tag><id_product><![CDATA[661]]></id_product>
<id_tag><![CDATA[7371]]></id_tag>
<id_lang><![CDATA[3]]></id_lang>
</product_tag>
<product_tag><id_product><![CDATA[719]]></id_product>
<id_tag><![CDATA[7371]]></id_tag>
<id_lang><![CDATA[3]]></id_lang>
</product_tag>
<product_tag><id_product><![CDATA[1066]]></id_product>
<id_tag><![CDATA[7371]]></id_tag>
<id_lang><![CDATA[3]]></id_lang>
</product_tag>
<product_tag><id_product><![CDATA[894]]></id_product>
<id_tag><![CDATA[7376]]></id_tag>
<id_lang><![CDATA[3]]></id_lang>
</product_tag>
<product_tag><id_product><![CDATA[919]]></id_product>
<id_tag><![CDATA[7392]]></id_tag>
<id_lang><![CDATA[3]]></id_lang>
</product_tag>
<product_tag><id_product><![CDATA[921]]></id_product>
<id_tag><![CDATA[7398]]></id_tag>
<id_lang><![CDATA[3]]></id_lang>
</product_tag>
<product_tag><id_product><![CDATA[304]]></id_product>
<id_tag><![CDATA[7404]]></id_tag>
<id_lang><![CDATA[3]]></id_lang>
</product_tag>
<product_tag><id_product><![CDATA[313]]></id_product>
<id_tag><![CDATA[7404]]></id_tag>
<id_lang><![CDATA[3]]></id_lang>
</product_tag>
<product_tag><id_product><![CDATA[652]]></id_product>
<id_tag><![CDATA[7404]]></id_tag>
<id_lang><![CDATA[3]]></id_lang>
</product_tag>
<product_tag><id_product><![CDATA[710]]></id_product>
<id_tag><![CDATA[7404]]></id_tag>
<id_lang><![CDATA[3]]></id_lang>
</product_tag>
<product_tag><id_product><![CDATA[768]]></id_product>
<id_tag><![CDATA[7404]]></id_tag>
<id_lang><![CDATA[3]]></id_lang>
</product_tag>
<product_tag><id_product><![CDATA[916]]></id_product>
<id_tag><![CDATA[7404]]></id_tag>
<id_lang><![CDATA[3]]></id_lang>
</product_tag>
<product_tag><id_product><![CDATA[972]]></id_product>
<id_tag><![CDATA[7416]]></id_tag>
<id_lang><![CDATA[3]]></id_lang>
</product_tag>
<product_tag><id_product><![CDATA[972]]></id_product>
<id_tag><![CDATA[7417]]></id_tag>
<id_lang><![CDATA[3]]></id_lang>
</product_tag>
<product_tag><id_product><![CDATA[2752]]></id_product>
<id_tag><![CDATA[7423]]></id_tag>
<id_lang><![CDATA[3]]></id_lang>
</product_tag>
<product_tag><id_product><![CDATA[2753]]></id_product>
<id_tag><![CDATA[7423]]></id_tag>
<id_lang><![CDATA[3]]></id_lang>
</product_tag>
<product_tag><id_product><![CDATA[332]]></id_product>
<id_tag><![CDATA[7431]]></id_tag>
<id_lang><![CDATA[3]]></id_lang>
</product_tag>
<product_tag><id_product><![CDATA[628]]></id_product>
<id_tag><![CDATA[7431]]></id_tag>
<id_lang><![CDATA[3]]></id_lang>
</product_tag>
<product_tag><id_product><![CDATA[658]]></id_product>
<id_tag><![CDATA[7431]]></id_tag>
<id_lang><![CDATA[3]]></id_lang>
</product_tag>
<product_tag><id_product><![CDATA[686]]></id_product>
<id_tag><![CDATA[7431]]></id_tag>
<id_lang><![CDATA[3]]></id_lang>
</product_tag>
<product_tag><id_product><![CDATA[716]]></id_product>
<id_tag><![CDATA[7431]]></id_tag>
<id_lang><![CDATA[3]]></id_lang>
</product_tag>
<product_tag><id_product><![CDATA[920]]></id_product>
<id_tag><![CDATA[7431]]></id_tag>
<id_lang><![CDATA[3]]></id_lang>
</product_tag>
<product_tag><id_product><![CDATA[920]]></id_product>
<id_tag><![CDATA[7432]]></id_tag>
<id_lang><![CDATA[3]]></id_lang>
</product_tag>
<product_tag><id_product><![CDATA[23]]></id_product>
<id_tag><![CDATA[7433]]></id_tag>
<id_lang><![CDATA[3]]></id_lang>
</product_tag>
<product_tag><id_product><![CDATA[278]]></id_product>
<id_tag><![CDATA[7433]]></id_tag>
<id_lang><![CDATA[3]]></id_lang>
</product_tag>
<product_tag><id_product><![CDATA[611]]></id_product>
<id_tag><![CDATA[7433]]></id_tag>
<id_lang><![CDATA[3]]></id_lang>
</product_tag>
<product_tag><id_product><![CDATA[645]]></id_product>
<id_tag><![CDATA[7433]]></id_tag>
<id_lang><![CDATA[3]]></id_lang>
</product_tag>
<product_tag><id_product><![CDATA[668]]></id_product>
<id_tag><![CDATA[7433]]></id_tag>
<id_lang><![CDATA[3]]></id_lang>
</product_tag>
<product_tag><id_product><![CDATA[669]]></id_product>
<id_tag><![CDATA[7433]]></id_tag>
<id_lang><![CDATA[3]]></id_lang>
</product_tag>
<product_tag><id_product><![CDATA[703]]></id_product>
<id_tag><![CDATA[7433]]></id_tag>
<id_lang><![CDATA[3]]></id_lang>
</product_tag>
<product_tag><id_product><![CDATA[920]]></id_product>
<id_tag><![CDATA[7433]]></id_tag>
<id_lang><![CDATA[3]]></id_lang>
</product_tag>
<product_tag><id_product><![CDATA[341]]></id_product>
<id_tag><![CDATA[7434]]></id_tag>
<id_lang><![CDATA[3]]></id_lang>
</product_tag>
<product_tag><id_product><![CDATA[661]]></id_product>
<id_tag><![CDATA[7434]]></id_tag>
<id_lang><![CDATA[3]]></id_lang>
</product_tag>
<product_tag><id_product><![CDATA[719]]></id_product>
<id_tag><![CDATA[7434]]></id_tag>
<id_lang><![CDATA[3]]></id_lang>
</product_tag>
<product_tag><id_product><![CDATA[920]]></id_product>
<id_tag><![CDATA[7434]]></id_tag>
<id_lang><![CDATA[3]]></id_lang>
</product_tag>
<product_tag><id_product><![CDATA[917]]></id_product>
<id_tag><![CDATA[7435]]></id_tag>
<id_lang><![CDATA[3]]></id_lang>
</product_tag>
<product_tag><id_product><![CDATA[4079]]></id_product>
<id_tag><![CDATA[7435]]></id_tag>
<id_lang><![CDATA[3]]></id_lang>
</product_tag>
<product_tag><id_product><![CDATA[299]]></id_product>
<id_tag><![CDATA[7437]]></id_tag>
<id_lang><![CDATA[3]]></id_lang>
</product_tag>
<product_tag><id_product><![CDATA[1012]]></id_product>
<id_tag><![CDATA[7437]]></id_tag>
<id_lang><![CDATA[3]]></id_lang>
</product_tag>
<product_tag><id_product><![CDATA[20]]></id_product>
<id_tag><![CDATA[7438]]></id_tag>
<id_lang><![CDATA[3]]></id_lang>
</product_tag>
<product_tag><id_product><![CDATA[30]]></id_product>
<id_tag><![CDATA[7438]]></id_tag>
<id_lang><![CDATA[3]]></id_lang>
</product_tag>
<product_tag><id_product><![CDATA[40]]></id_product>
<id_tag><![CDATA[7438]]></id_tag>
<id_lang><![CDATA[3]]></id_lang>
</product_tag>
<product_tag><id_product><![CDATA[299]]></id_product>
<id_tag><![CDATA[7438]]></id_tag>
<id_lang><![CDATA[3]]></id_lang>
</product_tag>
<product_tag><id_product><![CDATA[609]]></id_product>
<id_tag><![CDATA[7438]]></id_tag>
<id_lang><![CDATA[3]]></id_lang>
</product_tag>
<product_tag><id_product><![CDATA[612]]></id_product>
<id_tag><![CDATA[7438]]></id_tag>
<id_lang><![CDATA[3]]></id_lang>
</product_tag>
<product_tag><id_product><![CDATA[649]]></id_product>
<id_tag><![CDATA[7438]]></id_tag>
<id_lang><![CDATA[3]]></id_lang>
</product_tag>
<product_tag><id_product><![CDATA[667]]></id_product>
<id_tag><![CDATA[7438]]></id_tag>
<id_lang><![CDATA[3]]></id_lang>
</product_tag>
<product_tag><id_product><![CDATA[670]]></id_product>
<id_tag><![CDATA[7438]]></id_tag>
<id_lang><![CDATA[3]]></id_lang>
</product_tag>
<product_tag><id_product><![CDATA[707]]></id_product>
<id_tag><![CDATA[7438]]></id_tag>
<id_lang><![CDATA[3]]></id_lang>
</product_tag>
<product_tag><id_product><![CDATA[728]]></id_product>
<id_tag><![CDATA[7438]]></id_tag>
<id_lang><![CDATA[3]]></id_lang>
</product_tag>
<product_tag><id_product><![CDATA[1012]]></id_product>
<id_tag><![CDATA[7438]]></id_tag>
<id_lang><![CDATA[3]]></id_lang>
</product_tag>
<product_tag><id_product><![CDATA[4126]]></id_product>
<id_tag><![CDATA[7438]]></id_tag>
<id_lang><![CDATA[3]]></id_lang>
</product_tag>
<product_tag><id_product><![CDATA[4127]]></id_product>
<id_tag><![CDATA[7438]]></id_tag>
<id_lang><![CDATA[3]]></id_lang>
</product_tag>
<product_tag><id_product><![CDATA[4129]]></id_product>
<id_tag><![CDATA[7438]]></id_tag>
<id_lang><![CDATA[3]]></id_lang>
</product_tag>
<product_tag><id_product><![CDATA[4130]]></id_product>
<id_tag><![CDATA[7438]]></id_tag>
<id_lang><![CDATA[3]]></id_lang>
</product_tag>
<product_tag><id_product><![CDATA[4157]]></id_product>
<id_tag><![CDATA[7438]]></id_tag>
<id_lang><![CDATA[3]]></id_lang>
</product_tag>
<product_tag><id_product><![CDATA[975]]></id_product>
<id_tag><![CDATA[7444]]></id_tag>
<id_lang><![CDATA[3]]></id_lang>
</product_tag>
<product_tag><id_product><![CDATA[1143]]></id_product>
<id_tag><![CDATA[7465]]></id_tag>
<id_lang><![CDATA[3]]></id_lang>
</product_tag>
<product_tag><id_product><![CDATA[1143]]></id_product>
<id_tag><![CDATA[7466]]></id_tag>
<id_lang><![CDATA[3]]></id_lang>
</product_tag>
<product_tag><id_product><![CDATA[502]]></id_product>
<id_tag><![CDATA[7470]]></id_tag>
<id_lang><![CDATA[3]]></id_lang>
</product_tag>
<product_tag><id_product><![CDATA[1074]]></id_product>
<id_tag><![CDATA[7484]]></id_tag>
<id_lang><![CDATA[3]]></id_lang>
</product_tag>
<product_tag><id_product><![CDATA[1074]]></id_product>
<id_tag><![CDATA[7485]]></id_tag>
<id_lang><![CDATA[3]]></id_lang>
</product_tag>
<product_tag><id_product><![CDATA[4082]]></id_product>
<id_tag><![CDATA[7588]]></id_tag>
<id_lang><![CDATA[3]]></id_lang>
</product_tag>
<product_tag><id_product><![CDATA[4083]]></id_product>
<id_tag><![CDATA[7588]]></id_tag>
<id_lang><![CDATA[3]]></id_lang>
</product_tag>
<product_tag><id_product><![CDATA[4087]]></id_product>
<id_tag><![CDATA[7588]]></id_tag>
<id_lang><![CDATA[3]]></id_lang>
</product_tag>
<product_tag><id_product><![CDATA[4088]]></id_product>
<id_tag><![CDATA[7588]]></id_tag>
<id_lang><![CDATA[3]]></id_lang>
</product_tag>
<product_tag><id_product><![CDATA[76]]></id_product>
<id_tag><![CDATA[7590]]></id_tag>
<id_lang><![CDATA[3]]></id_lang>
</product_tag>
<product_tag><id_product><![CDATA[626]]></id_product>
<id_tag><![CDATA[7590]]></id_tag>
<id_lang><![CDATA[3]]></id_lang>
</product_tag>
<product_tag><id_product><![CDATA[684]]></id_product>
<id_tag><![CDATA[7590]]></id_tag>
<id_lang><![CDATA[3]]></id_lang>
</product_tag>
<product_tag><id_product><![CDATA[742]]></id_product>
<id_tag><![CDATA[7590]]></id_tag>
<id_lang><![CDATA[3]]></id_lang>
</product_tag>
<product_tag><id_product><![CDATA[4083]]></id_product>
<id_tag><![CDATA[7590]]></id_tag>
<id_lang><![CDATA[3]]></id_lang>
</product_tag>
<product_tag><id_product><![CDATA[4087]]></id_product>
<id_tag><![CDATA[7590]]></id_tag>
<id_lang><![CDATA[3]]></id_lang>
</product_tag>
<product_tag><id_product><![CDATA[4088]]></id_product>
<id_tag><![CDATA[7590]]></id_tag>
<id_lang><![CDATA[3]]></id_lang>
</product_tag>
<product_tag><id_product><![CDATA[820]]></id_product>
<id_tag><![CDATA[7615]]></id_tag>
<id_lang><![CDATA[3]]></id_lang>
</product_tag>
<product_tag><id_product><![CDATA[20]]></id_product>
<id_tag><![CDATA[7687]]></id_tag>
<id_lang><![CDATA[3]]></id_lang>
</product_tag>
<product_tag><id_product><![CDATA[88]]></id_product>
<id_tag><![CDATA[7687]]></id_tag>
<id_lang><![CDATA[3]]></id_lang>
</product_tag>
<product_tag><id_product><![CDATA[609]]></id_product>
<id_tag><![CDATA[7687]]></id_tag>
<id_lang><![CDATA[3]]></id_lang>
</product_tag>
<product_tag><id_product><![CDATA[630]]></id_product>
<id_tag><![CDATA[7687]]></id_tag>
<id_lang><![CDATA[3]]></id_lang>
</product_tag>
<product_tag><id_product><![CDATA[667]]></id_product>
<id_tag><![CDATA[7687]]></id_tag>
<id_lang><![CDATA[3]]></id_lang>
</product_tag>
<product_tag><id_product><![CDATA[688]]></id_product>
<id_tag><![CDATA[7687]]></id_tag>
<id_lang><![CDATA[3]]></id_lang>
</product_tag>
<product_tag><id_product><![CDATA[4145]]></id_product>
<id_tag><![CDATA[7687]]></id_tag>
<id_lang><![CDATA[3]]></id_lang>
</product_tag>
<product_tag><id_product><![CDATA[4170]]></id_product>
<id_tag><![CDATA[7687]]></id_tag>
<id_lang><![CDATA[3]]></id_lang>
</product_tag>
<product_tag><id_product><![CDATA[51]]></id_product>
<id_tag><![CDATA[7716]]></id_tag>
<id_lang><![CDATA[3]]></id_lang>
</product_tag>
<product_tag><id_product><![CDATA[54]]></id_product>
<id_tag><![CDATA[7716]]></id_tag>
<id_lang><![CDATA[3]]></id_lang>
</product_tag>
<product_tag><id_product><![CDATA[285]]></id_product>
<id_tag><![CDATA[7716]]></id_tag>
<id_lang><![CDATA[3]]></id_lang>
</product_tag>
<product_tag><id_product><![CDATA[607]]></id_product>
<id_tag><![CDATA[7716]]></id_tag>
<id_lang><![CDATA[3]]></id_lang>
</product_tag>
<product_tag><id_product><![CDATA[618]]></id_product>
<id_tag><![CDATA[7716]]></id_tag>
<id_lang><![CDATA[3]]></id_lang>
</product_tag>
<product_tag><id_product><![CDATA[676]]></id_product>
<id_tag><![CDATA[7716]]></id_tag>
<id_lang><![CDATA[3]]></id_lang>
</product_tag>
<product_tag><id_product><![CDATA[734]]></id_product>
<id_tag><![CDATA[7716]]></id_tag>
<id_lang><![CDATA[3]]></id_lang>
</product_tag>
<product_tag><id_product><![CDATA[4146]]></id_product>
<id_tag><![CDATA[7716]]></id_tag>
<id_lang><![CDATA[3]]></id_lang>
</product_tag>
<product_tag><id_product><![CDATA[4150]]></id_product>
<id_tag><![CDATA[7716]]></id_tag>
<id_lang><![CDATA[3]]></id_lang>
</product_tag>
<product_tag><id_product><![CDATA[4161]]></id_product>
<id_tag><![CDATA[7716]]></id_tag>
<id_lang><![CDATA[3]]></id_lang>
</product_tag>
<product_tag><id_product><![CDATA[4171]]></id_product>
<id_tag><![CDATA[7716]]></id_tag>
<id_lang><![CDATA[3]]></id_lang>
</product_tag>
<product_tag><id_product><![CDATA[4549]]></id_product>
<id_tag><![CDATA[7716]]></id_tag>
<id_lang><![CDATA[3]]></id_lang>
</product_tag>
<product_tag><id_product><![CDATA[4552]]></id_product>
<id_tag><![CDATA[7716]]></id_tag>
<id_lang><![CDATA[3]]></id_lang>
</product_tag>
<product_tag><id_product><![CDATA[30]]></id_product>
<id_tag><![CDATA[7717]]></id_tag>
<id_lang><![CDATA[3]]></id_lang>
</product_tag>
<product_tag><id_product><![CDATA[40]]></id_product>
<id_tag><![CDATA[7717]]></id_tag>
<id_lang><![CDATA[3]]></id_lang>
</product_tag>
<product_tag><id_product><![CDATA[61]]></id_product>
<id_tag><![CDATA[7717]]></id_tag>
<id_lang><![CDATA[3]]></id_lang>
</product_tag>
<product_tag><id_product><![CDATA[70]]></id_product>
<id_tag><![CDATA[7717]]></id_tag>
<id_lang><![CDATA[3]]></id_lang>
</product_tag>
<product_tag><id_product><![CDATA[73]]></id_product>
<id_tag><![CDATA[7717]]></id_tag>
<id_lang><![CDATA[3]]></id_lang>
</product_tag>
<product_tag><id_product><![CDATA[79]]></id_product>
<id_tag><![CDATA[7717]]></id_tag>
<id_lang><![CDATA[3]]></id_lang>
</product_tag>
<product_tag><id_product><![CDATA[82]]></id_product>
<id_tag><![CDATA[7717]]></id_tag>
<id_lang><![CDATA[3]]></id_lang>
</product_tag>
<product_tag><id_product><![CDATA[92]]></id_product>
<id_tag><![CDATA[7717]]></id_tag>
<id_lang><![CDATA[3]]></id_lang>
</product_tag>
<product_tag><id_product><![CDATA[95]]></id_product>
<id_tag><![CDATA[7717]]></id_tag>
<id_lang><![CDATA[3]]></id_lang>
</product_tag>
<product_tag><id_product><![CDATA[113]]></id_product>
<id_tag><![CDATA[7717]]></id_tag>
<id_lang><![CDATA[3]]></id_lang>
</product_tag>
<product_tag><id_product><![CDATA[257]]></id_product>
<id_tag><![CDATA[7717]]></id_tag>
<id_lang><![CDATA[3]]></id_lang>
</product_tag>
<product_tag><id_product><![CDATA[285]]></id_product>
<id_tag><![CDATA[7717]]></id_tag>
<id_lang><![CDATA[3]]></id_lang>
</product_tag>
<product_tag><id_product><![CDATA[321]]></id_product>
<id_tag><![CDATA[7717]]></id_tag>
<id_lang><![CDATA[3]]></id_lang>
</product_tag>
<product_tag><id_product><![CDATA[324]]></id_product>
<id_tag><![CDATA[7717]]></id_tag>
<id_lang><![CDATA[3]]></id_lang>
</product_tag>
<product_tag><id_product><![CDATA[341]]></id_product>
<id_tag><![CDATA[7717]]></id_tag>
<id_lang><![CDATA[3]]></id_lang>
</product_tag>
<product_tag><id_product><![CDATA[611]]></id_product>
<id_tag><![CDATA[7717]]></id_tag>
<id_lang><![CDATA[3]]></id_lang>
</product_tag>
<product_tag><id_product><![CDATA[612]]></id_product>
<id_tag><![CDATA[7717]]></id_tag>
<id_lang><![CDATA[3]]></id_lang>
</product_tag>
<product_tag><id_product><![CDATA[615]]></id_product>
<id_tag><![CDATA[7717]]></id_tag>
<id_lang><![CDATA[3]]></id_lang>
</product_tag>
<product_tag><id_product><![CDATA[616]]></id_product>
<id_tag><![CDATA[7717]]></id_tag>
<id_lang><![CDATA[3]]></id_lang>
</product_tag>
<product_tag><id_product><![CDATA[617]]></id_product>
<id_tag><![CDATA[7717]]></id_tag>
<id_lang><![CDATA[3]]></id_lang>
</product_tag>
<product_tag><id_product><![CDATA[621]]></id_product>
<id_tag><![CDATA[7717]]></id_tag>
<id_lang><![CDATA[3]]></id_lang>
</product_tag>
<product_tag><id_product><![CDATA[624]]></id_product>
<id_tag><![CDATA[7717]]></id_tag>
<id_lang><![CDATA[3]]></id_lang>
</product_tag>
<product_tag><id_product><![CDATA[625]]></id_product>
<id_tag><![CDATA[7717]]></id_tag>
<id_lang><![CDATA[3]]></id_lang>
</product_tag>
<product_tag><id_product><![CDATA[627]]></id_product>
<id_tag><![CDATA[7717]]></id_tag>
<id_lang><![CDATA[3]]></id_lang>
</product_tag>
<product_tag><id_product><![CDATA[630]]></id_product>
<id_tag><![CDATA[7717]]></id_tag>
<id_lang><![CDATA[3]]></id_lang>
</product_tag>
<product_tag><id_product><![CDATA[631]]></id_product>
<id_tag><![CDATA[7717]]></id_tag>
<id_lang><![CDATA[3]]></id_lang>
</product_tag>
<product_tag><id_product><![CDATA[632]]></id_product>
<id_tag><![CDATA[7717]]></id_tag>
<id_lang><![CDATA[3]]></id_lang>
</product_tag>
<product_tag><id_product><![CDATA[633]]></id_product>
<id_tag><![CDATA[7717]]></id_tag>
<id_lang><![CDATA[3]]></id_lang>
</product_tag>
<product_tag><id_product><![CDATA[634]]></id_product>
<id_tag><![CDATA[7717]]></id_tag>
<id_lang><![CDATA[3]]></id_lang>
</product_tag>
<product_tag><id_product><![CDATA[638]]></id_product>
<id_tag><![CDATA[7717]]></id_tag>
<id_lang><![CDATA[3]]></id_lang>
</product_tag>
<product_tag><id_product><![CDATA[641]]></id_product>
<id_tag><![CDATA[7717]]></id_tag>
<id_lang><![CDATA[3]]></id_lang>
</product_tag>
<product_tag><id_product><![CDATA[645]]></id_product>
<id_tag><![CDATA[7717]]></id_tag>
<id_lang><![CDATA[3]]></id_lang>
</product_tag>
<product_tag><id_product><![CDATA[661]]></id_product>
<id_tag><![CDATA[7717]]></id_tag>
<id_lang><![CDATA[3]]></id_lang>
</product_tag>
<product_tag><id_product><![CDATA[663]]></id_product>
<id_tag><![CDATA[7717]]></id_tag>
<id_lang><![CDATA[3]]></id_lang>
</product_tag>
<product_tag><id_product><![CDATA[675]]></id_product>
<id_tag><![CDATA[7717]]></id_tag>
<id_lang><![CDATA[3]]></id_lang>
</product_tag>
<product_tag><id_product><![CDATA[679]]></id_product>
<id_tag><![CDATA[7717]]></id_tag>
<id_lang><![CDATA[3]]></id_lang>
</product_tag>
<product_tag><id_product><![CDATA[682]]></id_product>
<id_tag><![CDATA[7717]]></id_tag>
<id_lang><![CDATA[3]]></id_lang>
</product_tag>
<product_tag><id_product><![CDATA[683]]></id_product>
<id_tag><![CDATA[7717]]></id_tag>
<id_lang><![CDATA[3]]></id_lang>
</product_tag>
<product_tag><id_product><![CDATA[685]]></id_product>
<id_tag><![CDATA[7717]]></id_tag>
<id_lang><![CDATA[3]]></id_lang>
</product_tag>
<product_tag><id_product><![CDATA[688]]></id_product>
<id_tag><![CDATA[7717]]></id_tag>
<id_lang><![CDATA[3]]></id_lang>
</product_tag>
<product_tag><id_product><![CDATA[689]]></id_product>
<id_tag><![CDATA[7717]]></id_tag>
<id_lang><![CDATA[3]]></id_lang>
</product_tag>
<product_tag><id_product><![CDATA[690]]></id_product>
<id_tag><![CDATA[7717]]></id_tag>
<id_lang><![CDATA[3]]></id_lang>
</product_tag>
<product_tag><id_product><![CDATA[691]]></id_product>
<id_tag><![CDATA[7717]]></id_tag>
<id_lang><![CDATA[3]]></id_lang>
</product_tag>
<product_tag><id_product><![CDATA[692]]></id_product>
<id_tag><![CDATA[7717]]></id_tag>
<id_lang><![CDATA[3]]></id_lang>
</product_tag>
<product_tag><id_product><![CDATA[696]]></id_product>
<id_tag><![CDATA[7717]]></id_tag>
<id_lang><![CDATA[3]]></id_lang>
</product_tag>
<product_tag><id_product><![CDATA[699]]></id_product>
<id_tag><![CDATA[7717]]></id_tag>
<id_lang><![CDATA[3]]></id_lang>
</product_tag>
<product_tag><id_product><![CDATA[703]]></id_product>
<id_tag><![CDATA[7717]]></id_tag>
<id_lang><![CDATA[3]]></id_lang>
</product_tag>
<product_tag><id_product><![CDATA[705]]></id_product>
<id_tag><![CDATA[7717]]></id_tag>
<id_lang><![CDATA[3]]></id_lang>
</product_tag>
<product_tag><id_product><![CDATA[706]]></id_product>
<id_tag><![CDATA[7717]]></id_tag>
<id_lang><![CDATA[3]]></id_lang>
</product_tag>
</entity_profile>
