<?xml version="1.0" encoding="UTF-8"?>
<entity_profile>
<product_tag><id_product><![CDATA[786]]></id_product>
<id_tag><![CDATA[5602]]></id_tag>
<id_lang><![CDATA[3]]></id_lang>
</product_tag>
<product_tag><id_product><![CDATA[792]]></id_product>
<id_tag><![CDATA[5602]]></id_tag>
<id_lang><![CDATA[3]]></id_lang>
</product_tag>
<product_tag><id_product><![CDATA[922]]></id_product>
<id_tag><![CDATA[5602]]></id_tag>
<id_lang><![CDATA[3]]></id_lang>
</product_tag>
<product_tag><id_product><![CDATA[970]]></id_product>
<id_tag><![CDATA[5602]]></id_tag>
<id_lang><![CDATA[3]]></id_lang>
</product_tag>
<product_tag><id_product><![CDATA[996]]></id_product>
<id_tag><![CDATA[5602]]></id_tag>
<id_lang><![CDATA[3]]></id_lang>
</product_tag>
<product_tag><id_product><![CDATA[1018]]></id_product>
<id_tag><![CDATA[5602]]></id_tag>
<id_lang><![CDATA[3]]></id_lang>
</product_tag>
<product_tag><id_product><![CDATA[1074]]></id_product>
<id_tag><![CDATA[5602]]></id_tag>
<id_lang><![CDATA[3]]></id_lang>
</product_tag>
<product_tag><id_product><![CDATA[262]]></id_product>
<id_tag><![CDATA[5643]]></id_tag>
<id_lang><![CDATA[3]]></id_lang>
</product_tag>
<product_tag><id_product><![CDATA[278]]></id_product>
<id_tag><![CDATA[5643]]></id_tag>
<id_lang><![CDATA[3]]></id_lang>
</product_tag>
<product_tag><id_product><![CDATA[642]]></id_product>
<id_tag><![CDATA[5643]]></id_tag>
<id_lang><![CDATA[3]]></id_lang>
</product_tag>
<product_tag><id_product><![CDATA[645]]></id_product>
<id_tag><![CDATA[5643]]></id_tag>
<id_lang><![CDATA[3]]></id_lang>
</product_tag>
<product_tag><id_product><![CDATA[700]]></id_product>
<id_tag><![CDATA[5643]]></id_tag>
<id_lang><![CDATA[3]]></id_lang>
</product_tag>
<product_tag><id_product><![CDATA[703]]></id_product>
<id_tag><![CDATA[5643]]></id_tag>
<id_lang><![CDATA[3]]></id_lang>
</product_tag>
<product_tag><id_product><![CDATA[758]]></id_product>
<id_tag><![CDATA[5643]]></id_tag>
<id_lang><![CDATA[3]]></id_lang>
</product_tag>
<product_tag><id_product><![CDATA[869]]></id_product>
<id_tag><![CDATA[5643]]></id_tag>
<id_lang><![CDATA[3]]></id_lang>
</product_tag>
<product_tag><id_product><![CDATA[946]]></id_product>
<id_tag><![CDATA[5643]]></id_tag>
<id_lang><![CDATA[3]]></id_lang>
</product_tag>
<product_tag><id_product><![CDATA[960]]></id_product>
<id_tag><![CDATA[5643]]></id_tag>
<id_lang><![CDATA[3]]></id_lang>
</product_tag>
<product_tag><id_product><![CDATA[994]]></id_product>
<id_tag><![CDATA[5643]]></id_tag>
<id_lang><![CDATA[3]]></id_lang>
</product_tag>
<product_tag><id_product><![CDATA[1066]]></id_product>
<id_tag><![CDATA[5643]]></id_tag>
<id_lang><![CDATA[3]]></id_lang>
</product_tag>
<product_tag><id_product><![CDATA[262]]></id_product>
<id_tag><![CDATA[5644]]></id_tag>
<id_lang><![CDATA[3]]></id_lang>
</product_tag>
<product_tag><id_product><![CDATA[278]]></id_product>
<id_tag><![CDATA[5644]]></id_tag>
<id_lang><![CDATA[3]]></id_lang>
</product_tag>
<product_tag><id_product><![CDATA[642]]></id_product>
<id_tag><![CDATA[5644]]></id_tag>
<id_lang><![CDATA[3]]></id_lang>
</product_tag>
<product_tag><id_product><![CDATA[645]]></id_product>
<id_tag><![CDATA[5644]]></id_tag>
<id_lang><![CDATA[3]]></id_lang>
</product_tag>
<product_tag><id_product><![CDATA[700]]></id_product>
<id_tag><![CDATA[5644]]></id_tag>
<id_lang><![CDATA[3]]></id_lang>
</product_tag>
<product_tag><id_product><![CDATA[703]]></id_product>
<id_tag><![CDATA[5644]]></id_tag>
<id_lang><![CDATA[3]]></id_lang>
</product_tag>
<product_tag><id_product><![CDATA[758]]></id_product>
<id_tag><![CDATA[5644]]></id_tag>
<id_lang><![CDATA[3]]></id_lang>
</product_tag>
<product_tag><id_product><![CDATA[869]]></id_product>
<id_tag><![CDATA[5644]]></id_tag>
<id_lang><![CDATA[3]]></id_lang>
</product_tag>
<product_tag><id_product><![CDATA[946]]></id_product>
<id_tag><![CDATA[5644]]></id_tag>
<id_lang><![CDATA[3]]></id_lang>
</product_tag>
<product_tag><id_product><![CDATA[960]]></id_product>
<id_tag><![CDATA[5644]]></id_tag>
<id_lang><![CDATA[3]]></id_lang>
</product_tag>
<product_tag><id_product><![CDATA[994]]></id_product>
<id_tag><![CDATA[5644]]></id_tag>
<id_lang><![CDATA[3]]></id_lang>
</product_tag>
<product_tag><id_product><![CDATA[1066]]></id_product>
<id_tag><![CDATA[5644]]></id_tag>
<id_lang><![CDATA[3]]></id_lang>
</product_tag>
<product_tag><id_product><![CDATA[887]]></id_product>
<id_tag><![CDATA[5656]]></id_tag>
<id_lang><![CDATA[3]]></id_lang>
</product_tag>
<product_tag><id_product><![CDATA[934]]></id_product>
<id_tag><![CDATA[5656]]></id_tag>
<id_lang><![CDATA[3]]></id_lang>
</product_tag>
<product_tag><id_product><![CDATA[95]]></id_product>
<id_tag><![CDATA[5660]]></id_tag>
<id_lang><![CDATA[3]]></id_lang>
</product_tag>
<product_tag><id_product><![CDATA[262]]></id_product>
<id_tag><![CDATA[5660]]></id_tag>
<id_lang><![CDATA[3]]></id_lang>
</product_tag>
<product_tag><id_product><![CDATA[315]]></id_product>
<id_tag><![CDATA[5660]]></id_tag>
<id_lang><![CDATA[3]]></id_lang>
</product_tag>
<product_tag><id_product><![CDATA[632]]></id_product>
<id_tag><![CDATA[5660]]></id_tag>
<id_lang><![CDATA[3]]></id_lang>
</product_tag>
<product_tag><id_product><![CDATA[633]]></id_product>
<id_tag><![CDATA[5660]]></id_tag>
<id_lang><![CDATA[3]]></id_lang>
</product_tag>
<product_tag><id_product><![CDATA[653]]></id_product>
<id_tag><![CDATA[5660]]></id_tag>
<id_lang><![CDATA[3]]></id_lang>
</product_tag>
<product_tag><id_product><![CDATA[690]]></id_product>
<id_tag><![CDATA[5660]]></id_tag>
<id_lang><![CDATA[3]]></id_lang>
</product_tag>
<product_tag><id_product><![CDATA[700]]></id_product>
<id_tag><![CDATA[5660]]></id_tag>
<id_lang><![CDATA[3]]></id_lang>
</product_tag>
<product_tag><id_product><![CDATA[707]]></id_product>
<id_tag><![CDATA[5660]]></id_tag>
<id_lang><![CDATA[3]]></id_lang>
</product_tag>
<product_tag><id_product><![CDATA[711]]></id_product>
<id_tag><![CDATA[5660]]></id_tag>
<id_lang><![CDATA[3]]></id_lang>
</product_tag>
<product_tag><id_product><![CDATA[758]]></id_product>
<id_tag><![CDATA[5660]]></id_tag>
<id_lang><![CDATA[3]]></id_lang>
</product_tag>
<product_tag><id_product><![CDATA[850]]></id_product>
<id_tag><![CDATA[5660]]></id_tag>
<id_lang><![CDATA[3]]></id_lang>
</product_tag>
<product_tag><id_product><![CDATA[947]]></id_product>
<id_tag><![CDATA[5660]]></id_tag>
<id_lang><![CDATA[3]]></id_lang>
</product_tag>
<product_tag><id_product><![CDATA[1072]]></id_product>
<id_tag><![CDATA[5660]]></id_tag>
<id_lang><![CDATA[3]]></id_lang>
</product_tag>
<product_tag><id_product><![CDATA[61]]></id_product>
<id_tag><![CDATA[5673]]></id_tag>
<id_lang><![CDATA[3]]></id_lang>
</product_tag>
<product_tag><id_product><![CDATA[64]]></id_product>
<id_tag><![CDATA[5673]]></id_tag>
<id_lang><![CDATA[3]]></id_lang>
</product_tag>
<product_tag><id_product><![CDATA[621]]></id_product>
<id_tag><![CDATA[5673]]></id_tag>
<id_lang><![CDATA[3]]></id_lang>
</product_tag>
<product_tag><id_product><![CDATA[622]]></id_product>
<id_tag><![CDATA[5673]]></id_tag>
<id_lang><![CDATA[3]]></id_lang>
</product_tag>
<product_tag><id_product><![CDATA[679]]></id_product>
<id_tag><![CDATA[5673]]></id_tag>
<id_lang><![CDATA[3]]></id_lang>
</product_tag>
<product_tag><id_product><![CDATA[680]]></id_product>
<id_tag><![CDATA[5673]]></id_tag>
<id_lang><![CDATA[3]]></id_lang>
</product_tag>
<product_tag><id_product><![CDATA[738]]></id_product>
<id_tag><![CDATA[5673]]></id_tag>
<id_lang><![CDATA[3]]></id_lang>
</product_tag>
<product_tag><id_product><![CDATA[936]]></id_product>
<id_tag><![CDATA[5673]]></id_tag>
<id_lang><![CDATA[3]]></id_lang>
</product_tag>
<product_tag><id_product><![CDATA[940]]></id_product>
<id_tag><![CDATA[5673]]></id_tag>
<id_lang><![CDATA[3]]></id_lang>
</product_tag>
<product_tag><id_product><![CDATA[944]]></id_product>
<id_tag><![CDATA[5673]]></id_tag>
<id_lang><![CDATA[3]]></id_lang>
</product_tag>
<product_tag><id_product><![CDATA[950]]></id_product>
<id_tag><![CDATA[5673]]></id_tag>
<id_lang><![CDATA[3]]></id_lang>
</product_tag>
<product_tag><id_product><![CDATA[953]]></id_product>
<id_tag><![CDATA[5673]]></id_tag>
<id_lang><![CDATA[3]]></id_lang>
</product_tag>
<product_tag><id_product><![CDATA[965]]></id_product>
<id_tag><![CDATA[5673]]></id_tag>
<id_lang><![CDATA[3]]></id_lang>
</product_tag>
<product_tag><id_product><![CDATA[967]]></id_product>
<id_tag><![CDATA[5673]]></id_tag>
<id_lang><![CDATA[3]]></id_lang>
</product_tag>
<product_tag><id_product><![CDATA[973]]></id_product>
<id_tag><![CDATA[5673]]></id_tag>
<id_lang><![CDATA[3]]></id_lang>
</product_tag>
<product_tag><id_product><![CDATA[974]]></id_product>
<id_tag><![CDATA[5673]]></id_tag>
<id_lang><![CDATA[3]]></id_lang>
</product_tag>
<product_tag><id_product><![CDATA[976]]></id_product>
<id_tag><![CDATA[5673]]></id_tag>
<id_lang><![CDATA[3]]></id_lang>
</product_tag>
<product_tag><id_product><![CDATA[982]]></id_product>
<id_tag><![CDATA[5673]]></id_tag>
<id_lang><![CDATA[3]]></id_lang>
</product_tag>
<product_tag><id_product><![CDATA[986]]></id_product>
<id_tag><![CDATA[5673]]></id_tag>
<id_lang><![CDATA[3]]></id_lang>
</product_tag>
<product_tag><id_product><![CDATA[990]]></id_product>
<id_tag><![CDATA[5673]]></id_tag>
<id_lang><![CDATA[3]]></id_lang>
</product_tag>
<product_tag><id_product><![CDATA[991]]></id_product>
<id_tag><![CDATA[5673]]></id_tag>
<id_lang><![CDATA[3]]></id_lang>
</product_tag>
<product_tag><id_product><![CDATA[997]]></id_product>
<id_tag><![CDATA[5673]]></id_tag>
<id_lang><![CDATA[3]]></id_lang>
</product_tag>
<product_tag><id_product><![CDATA[4550]]></id_product>
<id_tag><![CDATA[5673]]></id_tag>
<id_lang><![CDATA[3]]></id_lang>
</product_tag>
<product_tag><id_product><![CDATA[61]]></id_product>
<id_tag><![CDATA[5674]]></id_tag>
<id_lang><![CDATA[3]]></id_lang>
</product_tag>
<product_tag><id_product><![CDATA[64]]></id_product>
<id_tag><![CDATA[5674]]></id_tag>
<id_lang><![CDATA[3]]></id_lang>
</product_tag>
<product_tag><id_product><![CDATA[621]]></id_product>
<id_tag><![CDATA[5674]]></id_tag>
<id_lang><![CDATA[3]]></id_lang>
</product_tag>
<product_tag><id_product><![CDATA[680]]></id_product>
<id_tag><![CDATA[5674]]></id_tag>
<id_lang><![CDATA[3]]></id_lang>
</product_tag>
<product_tag><id_product><![CDATA[738]]></id_product>
<id_tag><![CDATA[5674]]></id_tag>
<id_lang><![CDATA[3]]></id_lang>
</product_tag>
<product_tag><id_product><![CDATA[936]]></id_product>
<id_tag><![CDATA[5674]]></id_tag>
<id_lang><![CDATA[3]]></id_lang>
</product_tag>
<product_tag><id_product><![CDATA[940]]></id_product>
<id_tag><![CDATA[5674]]></id_tag>
<id_lang><![CDATA[3]]></id_lang>
</product_tag>
<product_tag><id_product><![CDATA[944]]></id_product>
<id_tag><![CDATA[5674]]></id_tag>
<id_lang><![CDATA[3]]></id_lang>
</product_tag>
<product_tag><id_product><![CDATA[950]]></id_product>
<id_tag><![CDATA[5674]]></id_tag>
<id_lang><![CDATA[3]]></id_lang>
</product_tag>
<product_tag><id_product><![CDATA[953]]></id_product>
<id_tag><![CDATA[5674]]></id_tag>
<id_lang><![CDATA[3]]></id_lang>
</product_tag>
<product_tag><id_product><![CDATA[965]]></id_product>
<id_tag><![CDATA[5674]]></id_tag>
<id_lang><![CDATA[3]]></id_lang>
</product_tag>
<product_tag><id_product><![CDATA[967]]></id_product>
<id_tag><![CDATA[5674]]></id_tag>
<id_lang><![CDATA[3]]></id_lang>
</product_tag>
<product_tag><id_product><![CDATA[973]]></id_product>
<id_tag><![CDATA[5674]]></id_tag>
<id_lang><![CDATA[3]]></id_lang>
</product_tag>
<product_tag><id_product><![CDATA[974]]></id_product>
<id_tag><![CDATA[5674]]></id_tag>
<id_lang><![CDATA[3]]></id_lang>
</product_tag>
<product_tag><id_product><![CDATA[976]]></id_product>
<id_tag><![CDATA[5674]]></id_tag>
<id_lang><![CDATA[3]]></id_lang>
</product_tag>
<product_tag><id_product><![CDATA[982]]></id_product>
<id_tag><![CDATA[5674]]></id_tag>
<id_lang><![CDATA[3]]></id_lang>
</product_tag>
<product_tag><id_product><![CDATA[986]]></id_product>
<id_tag><![CDATA[5674]]></id_tag>
<id_lang><![CDATA[3]]></id_lang>
</product_tag>
<product_tag><id_product><![CDATA[990]]></id_product>
<id_tag><![CDATA[5674]]></id_tag>
<id_lang><![CDATA[3]]></id_lang>
</product_tag>
<product_tag><id_product><![CDATA[991]]></id_product>
<id_tag><![CDATA[5674]]></id_tag>
<id_lang><![CDATA[3]]></id_lang>
</product_tag>
<product_tag><id_product><![CDATA[997]]></id_product>
<id_tag><![CDATA[5674]]></id_tag>
<id_lang><![CDATA[3]]></id_lang>
</product_tag>
<product_tag><id_product><![CDATA[4550]]></id_product>
<id_tag><![CDATA[5674]]></id_tag>
<id_lang><![CDATA[3]]></id_lang>
</product_tag>
<product_tag><id_product><![CDATA[621]]></id_product>
<id_tag><![CDATA[5675]]></id_tag>
<id_lang><![CDATA[3]]></id_lang>
</product_tag>
<product_tag><id_product><![CDATA[669]]></id_product>
<id_tag><![CDATA[5675]]></id_tag>
<id_lang><![CDATA[3]]></id_lang>
</product_tag>
<product_tag><id_product><![CDATA[936]]></id_product>
<id_tag><![CDATA[5675]]></id_tag>
<id_lang><![CDATA[3]]></id_lang>
</product_tag>
<product_tag><id_product><![CDATA[953]]></id_product>
<id_tag><![CDATA[5675]]></id_tag>
<id_lang><![CDATA[3]]></id_lang>
</product_tag>
<product_tag><id_product><![CDATA[973]]></id_product>
<id_tag><![CDATA[5675]]></id_tag>
<id_lang><![CDATA[3]]></id_lang>
</product_tag>
<product_tag><id_product><![CDATA[976]]></id_product>
<id_tag><![CDATA[5675]]></id_tag>
<id_lang><![CDATA[3]]></id_lang>
</product_tag>
<product_tag><id_product><![CDATA[982]]></id_product>
<id_tag><![CDATA[5675]]></id_tag>
<id_lang><![CDATA[3]]></id_lang>
</product_tag>
<product_tag><id_product><![CDATA[986]]></id_product>
<id_tag><![CDATA[5675]]></id_tag>
<id_lang><![CDATA[3]]></id_lang>
</product_tag>
<product_tag><id_product><![CDATA[991]]></id_product>
<id_tag><![CDATA[5675]]></id_tag>
<id_lang><![CDATA[3]]></id_lang>
</product_tag>
<product_tag><id_product><![CDATA[997]]></id_product>
<id_tag><![CDATA[5675]]></id_tag>
<id_lang><![CDATA[3]]></id_lang>
</product_tag>
<product_tag><id_product><![CDATA[1013]]></id_product>
<id_tag><![CDATA[5675]]></id_tag>
<id_lang><![CDATA[3]]></id_lang>
</product_tag>
<product_tag><id_product><![CDATA[61]]></id_product>
<id_tag><![CDATA[5676]]></id_tag>
<id_lang><![CDATA[3]]></id_lang>
</product_tag>
<product_tag><id_product><![CDATA[621]]></id_product>
<id_tag><![CDATA[5676]]></id_tag>
<id_lang><![CDATA[3]]></id_lang>
</product_tag>
<product_tag><id_product><![CDATA[679]]></id_product>
<id_tag><![CDATA[5676]]></id_tag>
<id_lang><![CDATA[3]]></id_lang>
</product_tag>
<product_tag><id_product><![CDATA[936]]></id_product>
<id_tag><![CDATA[5676]]></id_tag>
<id_lang><![CDATA[3]]></id_lang>
</product_tag>
<product_tag><id_product><![CDATA[953]]></id_product>
<id_tag><![CDATA[5676]]></id_tag>
<id_lang><![CDATA[3]]></id_lang>
</product_tag>
<product_tag><id_product><![CDATA[965]]></id_product>
<id_tag><![CDATA[5676]]></id_tag>
<id_lang><![CDATA[3]]></id_lang>
</product_tag>
<product_tag><id_product><![CDATA[967]]></id_product>
<id_tag><![CDATA[5676]]></id_tag>
<id_lang><![CDATA[3]]></id_lang>
</product_tag>
<product_tag><id_product><![CDATA[973]]></id_product>
<id_tag><![CDATA[5676]]></id_tag>
<id_lang><![CDATA[3]]></id_lang>
</product_tag>
<product_tag><id_product><![CDATA[976]]></id_product>
<id_tag><![CDATA[5676]]></id_tag>
<id_lang><![CDATA[3]]></id_lang>
</product_tag>
<product_tag><id_product><![CDATA[982]]></id_product>
<id_tag><![CDATA[5676]]></id_tag>
<id_lang><![CDATA[3]]></id_lang>
</product_tag>
<product_tag><id_product><![CDATA[986]]></id_product>
<id_tag><![CDATA[5676]]></id_tag>
<id_lang><![CDATA[3]]></id_lang>
</product_tag>
<product_tag><id_product><![CDATA[991]]></id_product>
<id_tag><![CDATA[5676]]></id_tag>
<id_lang><![CDATA[3]]></id_lang>
</product_tag>
<product_tag><id_product><![CDATA[997]]></id_product>
<id_tag><![CDATA[5676]]></id_tag>
<id_lang><![CDATA[3]]></id_lang>
</product_tag>
<product_tag><id_product><![CDATA[1013]]></id_product>
<id_tag><![CDATA[5676]]></id_tag>
<id_lang><![CDATA[3]]></id_lang>
</product_tag>
<product_tag><id_product><![CDATA[4550]]></id_product>
<id_tag><![CDATA[5676]]></id_tag>
<id_lang><![CDATA[3]]></id_lang>
</product_tag>
<product_tag><id_product><![CDATA[940]]></id_product>
<id_tag><![CDATA[5679]]></id_tag>
<id_lang><![CDATA[3]]></id_lang>
</product_tag>
<product_tag><id_product><![CDATA[944]]></id_product>
<id_tag><![CDATA[5679]]></id_tag>
<id_lang><![CDATA[3]]></id_lang>
</product_tag>
<product_tag><id_product><![CDATA[950]]></id_product>
<id_tag><![CDATA[5679]]></id_tag>
<id_lang><![CDATA[3]]></id_lang>
</product_tag>
<product_tag><id_product><![CDATA[953]]></id_product>
<id_tag><![CDATA[5679]]></id_tag>
<id_lang><![CDATA[3]]></id_lang>
</product_tag>
<product_tag><id_product><![CDATA[799]]></id_product>
<id_tag><![CDATA[5690]]></id_tag>
<id_lang><![CDATA[3]]></id_lang>
</product_tag>
<product_tag><id_product><![CDATA[800]]></id_product>
<id_tag><![CDATA[5690]]></id_tag>
<id_lang><![CDATA[3]]></id_lang>
</product_tag>
<product_tag><id_product><![CDATA[801]]></id_product>
<id_tag><![CDATA[5690]]></id_tag>
<id_lang><![CDATA[3]]></id_lang>
</product_tag>
<product_tag><id_product><![CDATA[802]]></id_product>
<id_tag><![CDATA[5690]]></id_tag>
<id_lang><![CDATA[3]]></id_lang>
</product_tag>
<product_tag><id_product><![CDATA[945]]></id_product>
<id_tag><![CDATA[5690]]></id_tag>
<id_lang><![CDATA[3]]></id_lang>
</product_tag>
<product_tag><id_product><![CDATA[995]]></id_product>
<id_tag><![CDATA[5690]]></id_tag>
<id_lang><![CDATA[3]]></id_lang>
</product_tag>
<product_tag><id_product><![CDATA[1014]]></id_product>
<id_tag><![CDATA[5690]]></id_tag>
<id_lang><![CDATA[3]]></id_lang>
</product_tag>
<product_tag><id_product><![CDATA[799]]></id_product>
<id_tag><![CDATA[5691]]></id_tag>
<id_lang><![CDATA[3]]></id_lang>
</product_tag>
<product_tag><id_product><![CDATA[801]]></id_product>
<id_tag><![CDATA[5691]]></id_tag>
<id_lang><![CDATA[3]]></id_lang>
</product_tag>
<product_tag><id_product><![CDATA[802]]></id_product>
<id_tag><![CDATA[5691]]></id_tag>
<id_lang><![CDATA[3]]></id_lang>
</product_tag>
<product_tag><id_product><![CDATA[945]]></id_product>
<id_tag><![CDATA[5691]]></id_tag>
<id_lang><![CDATA[3]]></id_lang>
</product_tag>
<product_tag><id_product><![CDATA[949]]></id_product>
<id_tag><![CDATA[5691]]></id_tag>
<id_lang><![CDATA[3]]></id_lang>
</product_tag>
<product_tag><id_product><![CDATA[995]]></id_product>
<id_tag><![CDATA[5691]]></id_tag>
<id_lang><![CDATA[3]]></id_lang>
</product_tag>
<product_tag><id_product><![CDATA[1014]]></id_product>
<id_tag><![CDATA[5691]]></id_tag>
<id_lang><![CDATA[3]]></id_lang>
</product_tag>
<product_tag><id_product><![CDATA[4162]]></id_product>
<id_tag><![CDATA[5691]]></id_tag>
<id_lang><![CDATA[3]]></id_lang>
</product_tag>
<product_tag><id_product><![CDATA[4164]]></id_product>
<id_tag><![CDATA[5691]]></id_tag>
<id_lang><![CDATA[3]]></id_lang>
</product_tag>
<product_tag><id_product><![CDATA[4166]]></id_product>
<id_tag><![CDATA[5691]]></id_tag>
<id_lang><![CDATA[3]]></id_lang>
</product_tag>
<product_tag><id_product><![CDATA[4174]]></id_product>
<id_tag><![CDATA[5691]]></id_tag>
<id_lang><![CDATA[3]]></id_lang>
</product_tag>
<product_tag><id_product><![CDATA[946]]></id_product>
<id_tag><![CDATA[5694]]></id_tag>
<id_lang><![CDATA[3]]></id_lang>
</product_tag>
<product_tag><id_product><![CDATA[960]]></id_product>
<id_tag><![CDATA[5694]]></id_tag>
<id_lang><![CDATA[3]]></id_lang>
</product_tag>
<product_tag><id_product><![CDATA[1066]]></id_product>
<id_tag><![CDATA[5694]]></id_tag>
<id_lang><![CDATA[3]]></id_lang>
</product_tag>
<product_tag><id_product><![CDATA[898]]></id_product>
<id_tag><![CDATA[5708]]></id_tag>
<id_lang><![CDATA[3]]></id_lang>
</product_tag>
<product_tag><id_product><![CDATA[951]]></id_product>
<id_tag><![CDATA[5708]]></id_tag>
<id_lang><![CDATA[3]]></id_lang>
</product_tag>
<product_tag><id_product><![CDATA[952]]></id_product>
<id_tag><![CDATA[5708]]></id_tag>
<id_lang><![CDATA[3]]></id_lang>
</product_tag>
<product_tag><id_product><![CDATA[957]]></id_product>
<id_tag><![CDATA[5708]]></id_tag>
<id_lang><![CDATA[3]]></id_lang>
</product_tag>
<product_tag><id_product><![CDATA[4056]]></id_product>
<id_tag><![CDATA[5708]]></id_tag>
<id_lang><![CDATA[3]]></id_lang>
</product_tag>
<product_tag><id_product><![CDATA[47]]></id_product>
<id_tag><![CDATA[5731]]></id_tag>
<id_lang><![CDATA[3]]></id_lang>
</product_tag>
<product_tag><id_product><![CDATA[51]]></id_product>
<id_tag><![CDATA[5731]]></id_tag>
<id_lang><![CDATA[3]]></id_lang>
</product_tag>
<product_tag><id_product><![CDATA[54]]></id_product>
<id_tag><![CDATA[5731]]></id_tag>
<id_lang><![CDATA[3]]></id_lang>
</product_tag>
<product_tag><id_product><![CDATA[58]]></id_product>
<id_tag><![CDATA[5731]]></id_tag>
<id_lang><![CDATA[3]]></id_lang>
</product_tag>
<product_tag><id_product><![CDATA[285]]></id_product>
<id_tag><![CDATA[5731]]></id_tag>
<id_lang><![CDATA[3]]></id_lang>
</product_tag>
<product_tag><id_product><![CDATA[617]]></id_product>
<id_tag><![CDATA[5731]]></id_tag>
<id_lang><![CDATA[3]]></id_lang>
</product_tag>
<product_tag><id_product><![CDATA[618]]></id_product>
<id_tag><![CDATA[5731]]></id_tag>
<id_lang><![CDATA[3]]></id_lang>
</product_tag>
<product_tag><id_product><![CDATA[619]]></id_product>
<id_tag><![CDATA[5731]]></id_tag>
<id_lang><![CDATA[3]]></id_lang>
</product_tag>
<product_tag><id_product><![CDATA[620]]></id_product>
<id_tag><![CDATA[5731]]></id_tag>
<id_lang><![CDATA[3]]></id_lang>
</product_tag>
<product_tag><id_product><![CDATA[646]]></id_product>
<id_tag><![CDATA[5731]]></id_tag>
<id_lang><![CDATA[3]]></id_lang>
</product_tag>
<product_tag><id_product><![CDATA[675]]></id_product>
<id_tag><![CDATA[5731]]></id_tag>
<id_lang><![CDATA[3]]></id_lang>
</product_tag>
<product_tag><id_product><![CDATA[676]]></id_product>
<id_tag><![CDATA[5731]]></id_tag>
<id_lang><![CDATA[3]]></id_lang>
</product_tag>
<product_tag><id_product><![CDATA[677]]></id_product>
<id_tag><![CDATA[5731]]></id_tag>
<id_lang><![CDATA[3]]></id_lang>
</product_tag>
<product_tag><id_product><![CDATA[678]]></id_product>
<id_tag><![CDATA[5731]]></id_tag>
<id_lang><![CDATA[3]]></id_lang>
</product_tag>
<product_tag><id_product><![CDATA[704]]></id_product>
<id_tag><![CDATA[5731]]></id_tag>
<id_lang><![CDATA[3]]></id_lang>
</product_tag>
<product_tag><id_product><![CDATA[734]]></id_product>
<id_tag><![CDATA[5731]]></id_tag>
<id_lang><![CDATA[3]]></id_lang>
</product_tag>
<product_tag><id_product><![CDATA[762]]></id_product>
<id_tag><![CDATA[5731]]></id_tag>
<id_lang><![CDATA[3]]></id_lang>
</product_tag>
<product_tag><id_product><![CDATA[954]]></id_product>
<id_tag><![CDATA[5731]]></id_tag>
<id_lang><![CDATA[3]]></id_lang>
</product_tag>
<product_tag><id_product><![CDATA[957]]></id_product>
<id_tag><![CDATA[5731]]></id_tag>
<id_lang><![CDATA[3]]></id_lang>
</product_tag>
<product_tag><id_product><![CDATA[958]]></id_product>
<id_tag><![CDATA[5731]]></id_tag>
<id_lang><![CDATA[3]]></id_lang>
</product_tag>
<product_tag><id_product><![CDATA[961]]></id_product>
<id_tag><![CDATA[5731]]></id_tag>
<id_lang><![CDATA[3]]></id_lang>
</product_tag>
<product_tag><id_product><![CDATA[1091]]></id_product>
<id_tag><![CDATA[5731]]></id_tag>
<id_lang><![CDATA[3]]></id_lang>
</product_tag>
<product_tag><id_product><![CDATA[51]]></id_product>
<id_tag><![CDATA[5734]]></id_tag>
<id_lang><![CDATA[3]]></id_lang>
</product_tag>
<product_tag><id_product><![CDATA[54]]></id_product>
<id_tag><![CDATA[5734]]></id_tag>
<id_lang><![CDATA[3]]></id_lang>
</product_tag>
<product_tag><id_product><![CDATA[58]]></id_product>
<id_tag><![CDATA[5734]]></id_tag>
<id_lang><![CDATA[3]]></id_lang>
</product_tag>
<product_tag><id_product><![CDATA[285]]></id_product>
<id_tag><![CDATA[5734]]></id_tag>
<id_lang><![CDATA[3]]></id_lang>
</product_tag>
<product_tag><id_product><![CDATA[618]]></id_product>
<id_tag><![CDATA[5734]]></id_tag>
<id_lang><![CDATA[3]]></id_lang>
</product_tag>
<product_tag><id_product><![CDATA[619]]></id_product>
<id_tag><![CDATA[5734]]></id_tag>
<id_lang><![CDATA[3]]></id_lang>
</product_tag>
<product_tag><id_product><![CDATA[620]]></id_product>
<id_tag><![CDATA[5734]]></id_tag>
<id_lang><![CDATA[3]]></id_lang>
</product_tag>
<product_tag><id_product><![CDATA[646]]></id_product>
<id_tag><![CDATA[5734]]></id_tag>
<id_lang><![CDATA[3]]></id_lang>
</product_tag>
<product_tag><id_product><![CDATA[676]]></id_product>
<id_tag><![CDATA[5734]]></id_tag>
<id_lang><![CDATA[3]]></id_lang>
</product_tag>
<product_tag><id_product><![CDATA[677]]></id_product>
<id_tag><![CDATA[5734]]></id_tag>
<id_lang><![CDATA[3]]></id_lang>
</product_tag>
<product_tag><id_product><![CDATA[678]]></id_product>
<id_tag><![CDATA[5734]]></id_tag>
<id_lang><![CDATA[3]]></id_lang>
</product_tag>
<product_tag><id_product><![CDATA[704]]></id_product>
<id_tag><![CDATA[5734]]></id_tag>
<id_lang><![CDATA[3]]></id_lang>
</product_tag>
<product_tag><id_product><![CDATA[734]]></id_product>
<id_tag><![CDATA[5734]]></id_tag>
<id_lang><![CDATA[3]]></id_lang>
</product_tag>
<product_tag><id_product><![CDATA[762]]></id_product>
<id_tag><![CDATA[5734]]></id_tag>
<id_lang><![CDATA[3]]></id_lang>
</product_tag>
<product_tag><id_product><![CDATA[954]]></id_product>
<id_tag><![CDATA[5734]]></id_tag>
<id_lang><![CDATA[3]]></id_lang>
</product_tag>
<product_tag><id_product><![CDATA[957]]></id_product>
<id_tag><![CDATA[5734]]></id_tag>
<id_lang><![CDATA[3]]></id_lang>
</product_tag>
<product_tag><id_product><![CDATA[958]]></id_product>
<id_tag><![CDATA[5734]]></id_tag>
<id_lang><![CDATA[3]]></id_lang>
</product_tag>
<product_tag><id_product><![CDATA[961]]></id_product>
<id_tag><![CDATA[5734]]></id_tag>
<id_lang><![CDATA[3]]></id_lang>
</product_tag>
<product_tag><id_product><![CDATA[677]]></id_product>
<id_tag><![CDATA[5735]]></id_tag>
<id_lang><![CDATA[3]]></id_lang>
</product_tag>
<product_tag><id_product><![CDATA[954]]></id_product>
<id_tag><![CDATA[5735]]></id_tag>
<id_lang><![CDATA[3]]></id_lang>
</product_tag>
<product_tag><id_product><![CDATA[957]]></id_product>
<id_tag><![CDATA[5735]]></id_tag>
<id_lang><![CDATA[3]]></id_lang>
</product_tag>
<product_tag><id_product><![CDATA[958]]></id_product>
<id_tag><![CDATA[5735]]></id_tag>
<id_lang><![CDATA[3]]></id_lang>
</product_tag>
<product_tag><id_product><![CDATA[961]]></id_product>
<id_tag><![CDATA[5735]]></id_tag>
<id_lang><![CDATA[3]]></id_lang>
</product_tag>
<product_tag><id_product><![CDATA[870]]></id_product>
<id_tag><![CDATA[5777]]></id_tag>
<id_lang><![CDATA[3]]></id_lang>
</product_tag>
<product_tag><id_product><![CDATA[979]]></id_product>
<id_tag><![CDATA[5777]]></id_tag>
<id_lang><![CDATA[3]]></id_lang>
</product_tag>
<product_tag><id_product><![CDATA[54]]></id_product>
<id_tag><![CDATA[5794]]></id_tag>
<id_lang><![CDATA[3]]></id_lang>
</product_tag>
<product_tag><id_product><![CDATA[619]]></id_product>
<id_tag><![CDATA[5794]]></id_tag>
<id_lang><![CDATA[3]]></id_lang>
</product_tag>
<product_tag><id_product><![CDATA[677]]></id_product>
<id_tag><![CDATA[5794]]></id_tag>
<id_lang><![CDATA[3]]></id_lang>
</product_tag>
<product_tag><id_product><![CDATA[954]]></id_product>
<id_tag><![CDATA[5794]]></id_tag>
<id_lang><![CDATA[3]]></id_lang>
</product_tag>
<product_tag><id_product><![CDATA[972]]></id_product>
<id_tag><![CDATA[5794]]></id_tag>
<id_lang><![CDATA[3]]></id_lang>
</product_tag>
<product_tag><id_product><![CDATA[1091]]></id_product>
<id_tag><![CDATA[5794]]></id_tag>
<id_lang><![CDATA[3]]></id_lang>
</product_tag>
<product_tag><id_product><![CDATA[51]]></id_product>
<id_tag><![CDATA[5795]]></id_tag>
<id_lang><![CDATA[3]]></id_lang>
</product_tag>
<product_tag><id_product><![CDATA[54]]></id_product>
<id_tag><![CDATA[5795]]></id_tag>
<id_lang><![CDATA[3]]></id_lang>
</product_tag>
<product_tag><id_product><![CDATA[58]]></id_product>
<id_tag><![CDATA[5795]]></id_tag>
<id_lang><![CDATA[3]]></id_lang>
</product_tag>
<product_tag><id_product><![CDATA[257]]></id_product>
<id_tag><![CDATA[5795]]></id_tag>
<id_lang><![CDATA[3]]></id_lang>
</product_tag>
<product_tag><id_product><![CDATA[285]]></id_product>
<id_tag><![CDATA[5795]]></id_tag>
<id_lang><![CDATA[3]]></id_lang>
</product_tag>
<product_tag><id_product><![CDATA[304]]></id_product>
<id_tag><![CDATA[5795]]></id_tag>
<id_lang><![CDATA[3]]></id_lang>
</product_tag>
<product_tag><id_product><![CDATA[618]]></id_product>
<id_tag><![CDATA[5795]]></id_tag>
<id_lang><![CDATA[3]]></id_lang>
</product_tag>
<product_tag><id_product><![CDATA[619]]></id_product>
<id_tag><![CDATA[5795]]></id_tag>
<id_lang><![CDATA[3]]></id_lang>
</product_tag>
<product_tag><id_product><![CDATA[620]]></id_product>
<id_tag><![CDATA[5795]]></id_tag>
<id_lang><![CDATA[3]]></id_lang>
</product_tag>
<product_tag><id_product><![CDATA[641]]></id_product>
<id_tag><![CDATA[5795]]></id_tag>
<id_lang><![CDATA[3]]></id_lang>
</product_tag>
<product_tag><id_product><![CDATA[646]]></id_product>
<id_tag><![CDATA[5795]]></id_tag>
<id_lang><![CDATA[3]]></id_lang>
</product_tag>
<product_tag><id_product><![CDATA[650]]></id_product>
<id_tag><![CDATA[5795]]></id_tag>
<id_lang><![CDATA[3]]></id_lang>
</product_tag>
<product_tag><id_product><![CDATA[676]]></id_product>
<id_tag><![CDATA[5795]]></id_tag>
<id_lang><![CDATA[3]]></id_lang>
</product_tag>
<product_tag><id_product><![CDATA[677]]></id_product>
<id_tag><![CDATA[5795]]></id_tag>
<id_lang><![CDATA[3]]></id_lang>
</product_tag>
<product_tag><id_product><![CDATA[699]]></id_product>
<id_tag><![CDATA[5795]]></id_tag>
<id_lang><![CDATA[3]]></id_lang>
</product_tag>
<product_tag><id_product><![CDATA[704]]></id_product>
<id_tag><![CDATA[5795]]></id_tag>
<id_lang><![CDATA[3]]></id_lang>
</product_tag>
<product_tag><id_product><![CDATA[757]]></id_product>
<id_tag><![CDATA[5795]]></id_tag>
<id_lang><![CDATA[3]]></id_lang>
</product_tag>
<product_tag><id_product><![CDATA[762]]></id_product>
<id_tag><![CDATA[5795]]></id_tag>
<id_lang><![CDATA[3]]></id_lang>
</product_tag>
<product_tag><id_product><![CDATA[954]]></id_product>
<id_tag><![CDATA[5795]]></id_tag>
<id_lang><![CDATA[3]]></id_lang>
</product_tag>
<product_tag><id_product><![CDATA[972]]></id_product>
<id_tag><![CDATA[5795]]></id_tag>
<id_lang><![CDATA[3]]></id_lang>
</product_tag>
<product_tag><id_product><![CDATA[1091]]></id_product>
<id_tag><![CDATA[5795]]></id_tag>
<id_lang><![CDATA[3]]></id_lang>
</product_tag>
<product_tag><id_product><![CDATA[4146]]></id_product>
<id_tag><![CDATA[5795]]></id_tag>
<id_lang><![CDATA[3]]></id_lang>
</product_tag>
<product_tag><id_product><![CDATA[4549]]></id_product>
<id_tag><![CDATA[5795]]></id_tag>
<id_lang><![CDATA[3]]></id_lang>
</product_tag>
<product_tag><id_product><![CDATA[785]]></id_product>
<id_tag><![CDATA[5804]]></id_tag>
<id_lang><![CDATA[3]]></id_lang>
</product_tag>
<product_tag><id_product><![CDATA[791]]></id_product>
<id_tag><![CDATA[5804]]></id_tag>
<id_lang><![CDATA[3]]></id_lang>
</product_tag>
<product_tag><id_product><![CDATA[821]]></id_product>
<id_tag><![CDATA[5804]]></id_tag>
<id_lang><![CDATA[3]]></id_lang>
</product_tag>
<product_tag><id_product><![CDATA[964]]></id_product>
<id_tag><![CDATA[5804]]></id_tag>
<id_lang><![CDATA[3]]></id_lang>
</product_tag>
<product_tag><id_product><![CDATA[980]]></id_product>
<id_tag><![CDATA[5804]]></id_tag>
<id_lang><![CDATA[3]]></id_lang>
</product_tag>
<product_tag><id_product><![CDATA[987]]></id_product>
<id_tag><![CDATA[5804]]></id_tag>
<id_lang><![CDATA[3]]></id_lang>
</product_tag>
<product_tag><id_product><![CDATA[992]]></id_product>
<id_tag><![CDATA[5804]]></id_tag>
<id_lang><![CDATA[3]]></id_lang>
</product_tag>
<product_tag><id_product><![CDATA[1016]]></id_product>
<id_tag><![CDATA[5804]]></id_tag>
<id_lang><![CDATA[3]]></id_lang>
</product_tag>
<product_tag><id_product><![CDATA[1060]]></id_product>
<id_tag><![CDATA[5804]]></id_tag>
<id_lang><![CDATA[3]]></id_lang>
</product_tag>
<product_tag><id_product><![CDATA[1062]]></id_product>
<id_tag><![CDATA[5804]]></id_tag>
<id_lang><![CDATA[3]]></id_lang>
</product_tag>
<product_tag><id_product><![CDATA[1064]]></id_product>
<id_tag><![CDATA[5804]]></id_tag>
<id_lang><![CDATA[3]]></id_lang>
</product_tag>
<product_tag><id_product><![CDATA[1067]]></id_product>
<id_tag><![CDATA[5804]]></id_tag>
<id_lang><![CDATA[3]]></id_lang>
</product_tag>
<product_tag><id_product><![CDATA[922]]></id_product>
<id_tag><![CDATA[5820]]></id_tag>
<id_lang><![CDATA[3]]></id_lang>
</product_tag>
<product_tag><id_product><![CDATA[974]]></id_product>
<id_tag><![CDATA[5820]]></id_tag>
<id_lang><![CDATA[3]]></id_lang>
</product_tag>
<product_tag><id_product><![CDATA[268]]></id_product>
<id_tag><![CDATA[5826]]></id_tag>
<id_lang><![CDATA[3]]></id_lang>
</product_tag>
<product_tag><id_product><![CDATA[313]]></id_product>
<id_tag><![CDATA[5826]]></id_tag>
<id_lang><![CDATA[3]]></id_lang>
</product_tag>
<product_tag><id_product><![CDATA[652]]></id_product>
<id_tag><![CDATA[5826]]></id_tag>
<id_lang><![CDATA[3]]></id_lang>
</product_tag>
<product_tag><id_product><![CDATA[688]]></id_product>
<id_tag><![CDATA[5826]]></id_tag>
<id_lang><![CDATA[3]]></id_lang>
</product_tag>
<product_tag><id_product><![CDATA[702]]></id_product>
<id_tag><![CDATA[5826]]></id_tag>
<id_lang><![CDATA[3]]></id_lang>
</product_tag>
<product_tag><id_product><![CDATA[707]]></id_product>
<id_tag><![CDATA[5826]]></id_tag>
<id_lang><![CDATA[3]]></id_lang>
</product_tag>
<product_tag><id_product><![CDATA[710]]></id_product>
<id_tag><![CDATA[5826]]></id_tag>
<id_lang><![CDATA[3]]></id_lang>
</product_tag>
<product_tag><id_product><![CDATA[759]]></id_product>
<id_tag><![CDATA[5826]]></id_tag>
<id_lang><![CDATA[3]]></id_lang>
</product_tag>
<product_tag><id_product><![CDATA[780]]></id_product>
<id_tag><![CDATA[5826]]></id_tag>
<id_lang><![CDATA[3]]></id_lang>
</product_tag>
<product_tag><id_product><![CDATA[785]]></id_product>
<id_tag><![CDATA[5826]]></id_tag>
<id_lang><![CDATA[3]]></id_lang>
</product_tag>
<product_tag><id_product><![CDATA[797]]></id_product>
<id_tag><![CDATA[5826]]></id_tag>
<id_lang><![CDATA[3]]></id_lang>
</product_tag>
<product_tag><id_product><![CDATA[848]]></id_product>
<id_tag><![CDATA[5826]]></id_tag>
<id_lang><![CDATA[3]]></id_lang>
</product_tag>
<product_tag><id_product><![CDATA[987]]></id_product>
<id_tag><![CDATA[5826]]></id_tag>
<id_lang><![CDATA[3]]></id_lang>
</product_tag>
<product_tag><id_product><![CDATA[4173]]></id_product>
<id_tag><![CDATA[5826]]></id_tag>
<id_lang><![CDATA[3]]></id_lang>
</product_tag>
<product_tag><id_product><![CDATA[4551]]></id_product>
<id_tag><![CDATA[5826]]></id_tag>
<id_lang><![CDATA[3]]></id_lang>
</product_tag>
<product_tag><id_product><![CDATA[977]]></id_product>
<id_tag><![CDATA[5839]]></id_tag>
<id_lang><![CDATA[3]]></id_lang>
</product_tag>
<product_tag><id_product><![CDATA[978]]></id_product>
<id_tag><![CDATA[5839]]></id_tag>
<id_lang><![CDATA[3]]></id_lang>
</product_tag>
<product_tag><id_product><![CDATA[979]]></id_product>
<id_tag><![CDATA[5839]]></id_tag>
<id_lang><![CDATA[3]]></id_lang>
</product_tag>
<product_tag><id_product><![CDATA[980]]></id_product>
<id_tag><![CDATA[5839]]></id_tag>
<id_lang><![CDATA[3]]></id_lang>
</product_tag>
<product_tag><id_product><![CDATA[1059]]></id_product>
<id_tag><![CDATA[5839]]></id_tag>
<id_lang><![CDATA[3]]></id_lang>
</product_tag>
<product_tag><id_product><![CDATA[921]]></id_product>
<id_tag><![CDATA[5846]]></id_tag>
<id_lang><![CDATA[3]]></id_lang>
</product_tag>
<product_tag><id_product><![CDATA[981]]></id_product>
<id_tag><![CDATA[5846]]></id_tag>
<id_lang><![CDATA[3]]></id_lang>
</product_tag>
<product_tag><id_product><![CDATA[1007]]></id_product>
<id_tag><![CDATA[5846]]></id_tag>
<id_lang><![CDATA[3]]></id_lang>
</product_tag>
<product_tag><id_product><![CDATA[2542]]></id_product>
<id_tag><![CDATA[5846]]></id_tag>
<id_lang><![CDATA[3]]></id_lang>
</product_tag>
<product_tag><id_product><![CDATA[2910]]></id_product>
<id_tag><![CDATA[5846]]></id_tag>
<id_lang><![CDATA[3]]></id_lang>
</product_tag>
<product_tag><id_product><![CDATA[921]]></id_product>
<id_tag><![CDATA[5848]]></id_tag>
<id_lang><![CDATA[3]]></id_lang>
</product_tag>
<product_tag><id_product><![CDATA[984]]></id_product>
<id_tag><![CDATA[5848]]></id_tag>
<id_lang><![CDATA[3]]></id_lang>
</product_tag>
<product_tag><id_product><![CDATA[3055]]></id_product>
<id_tag><![CDATA[5848]]></id_tag>
<id_lang><![CDATA[3]]></id_lang>
</product_tag>
<product_tag><id_product><![CDATA[982]]></id_product>
<id_tag><![CDATA[5862]]></id_tag>
<id_lang><![CDATA[3]]></id_lang>
</product_tag>
<product_tag><id_product><![CDATA[983]]></id_product>
<id_tag><![CDATA[5862]]></id_tag>
<id_lang><![CDATA[3]]></id_lang>
</product_tag>
<product_tag><id_product><![CDATA[984]]></id_product>
<id_tag><![CDATA[5862]]></id_tag>
<id_lang><![CDATA[3]]></id_lang>
</product_tag>
<product_tag><id_product><![CDATA[985]]></id_product>
<id_tag><![CDATA[5862]]></id_tag>
<id_lang><![CDATA[3]]></id_lang>
</product_tag>
<product_tag><id_product><![CDATA[1016]]></id_product>
<id_tag><![CDATA[5862]]></id_tag>
<id_lang><![CDATA[3]]></id_lang>
</product_tag>
<product_tag><id_product><![CDATA[3055]]></id_product>
<id_tag><![CDATA[5862]]></id_tag>
<id_lang><![CDATA[3]]></id_lang>
</product_tag>
<product_tag><id_product><![CDATA[982]]></id_product>
<id_tag><![CDATA[5863]]></id_tag>
<id_lang><![CDATA[3]]></id_lang>
</product_tag>
<product_tag><id_product><![CDATA[983]]></id_product>
<id_tag><![CDATA[5863]]></id_tag>
<id_lang><![CDATA[3]]></id_lang>
</product_tag>
<product_tag><id_product><![CDATA[984]]></id_product>
<id_tag><![CDATA[5863]]></id_tag>
<id_lang><![CDATA[3]]></id_lang>
</product_tag>
<product_tag><id_product><![CDATA[985]]></id_product>
<id_tag><![CDATA[5863]]></id_tag>
<id_lang><![CDATA[3]]></id_lang>
</product_tag>
<product_tag><id_product><![CDATA[1016]]></id_product>
<id_tag><![CDATA[5863]]></id_tag>
<id_lang><![CDATA[3]]></id_lang>
</product_tag>
<product_tag><id_product><![CDATA[3055]]></id_product>
<id_tag><![CDATA[5863]]></id_tag>
<id_lang><![CDATA[3]]></id_lang>
</product_tag>
<product_tag><id_product><![CDATA[836]]></id_product>
<id_tag><![CDATA[5898]]></id_tag>
<id_lang><![CDATA[3]]></id_lang>
</product_tag>
<product_tag><id_product><![CDATA[1012]]></id_product>
<id_tag><![CDATA[5898]]></id_tag>
<id_lang><![CDATA[3]]></id_lang>
</product_tag>
<product_tag><id_product><![CDATA[79]]></id_product>
<id_tag><![CDATA[5933]]></id_tag>
<id_lang><![CDATA[3]]></id_lang>
</product_tag>
<product_tag><id_product><![CDATA[335]]></id_product>
<id_tag><![CDATA[5933]]></id_tag>
<id_lang><![CDATA[3]]></id_lang>
</product_tag>
<product_tag><id_product><![CDATA[611]]></id_product>
<id_tag><![CDATA[5933]]></id_tag>
<id_lang><![CDATA[3]]></id_lang>
</product_tag>
<product_tag><id_product><![CDATA[613]]></id_product>
<id_tag><![CDATA[5933]]></id_tag>
<id_lang><![CDATA[3]]></id_lang>
</product_tag>
<product_tag><id_product><![CDATA[627]]></id_product>
<id_tag><![CDATA[5933]]></id_tag>
<id_lang><![CDATA[3]]></id_lang>
</product_tag>
<product_tag><id_product><![CDATA[659]]></id_product>
<id_tag><![CDATA[5933]]></id_tag>
<id_lang><![CDATA[3]]></id_lang>
</product_tag>
<product_tag><id_product><![CDATA[685]]></id_product>
<id_tag><![CDATA[5933]]></id_tag>
<id_lang><![CDATA[3]]></id_lang>
</product_tag>
<product_tag><id_product><![CDATA[712]]></id_product>
<id_tag><![CDATA[5933]]></id_tag>
<id_lang><![CDATA[3]]></id_lang>
</product_tag>
<product_tag><id_product><![CDATA[717]]></id_product>
<id_tag><![CDATA[5933]]></id_tag>
<id_lang><![CDATA[3]]></id_lang>
</product_tag>
<product_tag><id_product><![CDATA[743]]></id_product>
<id_tag><![CDATA[5933]]></id_tag>
<id_lang><![CDATA[3]]></id_lang>
</product_tag>
<product_tag><id_product><![CDATA[775]]></id_product>
<id_tag><![CDATA[5933]]></id_tag>
<id_lang><![CDATA[3]]></id_lang>
</product_tag>
<product_tag><id_product><![CDATA[786]]></id_product>
<id_tag><![CDATA[5933]]></id_tag>
<id_lang><![CDATA[3]]></id_lang>
</product_tag>
<product_tag><id_product><![CDATA[792]]></id_product>
<id_tag><![CDATA[5933]]></id_tag>
<id_lang><![CDATA[3]]></id_lang>
</product_tag>
<product_tag><id_product><![CDATA[799]]></id_product>
<id_tag><![CDATA[5933]]></id_tag>
<id_lang><![CDATA[3]]></id_lang>
</product_tag>
<product_tag><id_product><![CDATA[800]]></id_product>
<id_tag><![CDATA[5933]]></id_tag>
<id_lang><![CDATA[3]]></id_lang>
</product_tag>
<product_tag><id_product><![CDATA[801]]></id_product>
<id_tag><![CDATA[5933]]></id_tag>
<id_lang><![CDATA[3]]></id_lang>
</product_tag>
<product_tag><id_product><![CDATA[802]]></id_product>
<id_tag><![CDATA[5933]]></id_tag>
<id_lang><![CDATA[3]]></id_lang>
</product_tag>
<product_tag><id_product><![CDATA[996]]></id_product>
<id_tag><![CDATA[5933]]></id_tag>
<id_lang><![CDATA[3]]></id_lang>
</product_tag>
<product_tag><id_product><![CDATA[1014]]></id_product>
<id_tag><![CDATA[5933]]></id_tag>
<id_lang><![CDATA[3]]></id_lang>
</product_tag>
<product_tag><id_product><![CDATA[4079]]></id_product>
<id_tag><![CDATA[5933]]></id_tag>
<id_lang><![CDATA[3]]></id_lang>
</product_tag>
<product_tag><id_product><![CDATA[4081]]></id_product>
<id_tag><![CDATA[5933]]></id_tag>
<id_lang><![CDATA[3]]></id_lang>
</product_tag>
<product_tag><id_product><![CDATA[4144]]></id_product>
<id_tag><![CDATA[5933]]></id_tag>
<id_lang><![CDATA[3]]></id_lang>
</product_tag>
<product_tag><id_product><![CDATA[1008]]></id_product>
<id_tag><![CDATA[5973]]></id_tag>
<id_lang><![CDATA[3]]></id_lang>
</product_tag>
<product_tag><id_product><![CDATA[1009]]></id_product>
<id_tag><![CDATA[5973]]></id_tag>
<id_lang><![CDATA[3]]></id_lang>
</product_tag>
<product_tag><id_product><![CDATA[1073]]></id_product>
<id_tag><![CDATA[5973]]></id_tag>
<id_lang><![CDATA[3]]></id_lang>
</product_tag>
<product_tag><id_product><![CDATA[1074]]></id_product>
<id_tag><![CDATA[5973]]></id_tag>
<id_lang><![CDATA[3]]></id_lang>
</product_tag>
<product_tag><id_product><![CDATA[1010]]></id_product>
<id_tag><![CDATA[5993]]></id_tag>
<id_lang><![CDATA[3]]></id_lang>
</product_tag>
<product_tag><id_product><![CDATA[1012]]></id_product>
<id_tag><![CDATA[5993]]></id_tag>
<id_lang><![CDATA[3]]></id_lang>
</product_tag>
<product_tag><id_product><![CDATA[1020]]></id_product>
<id_tag><![CDATA[6066]]></id_tag>
<id_lang><![CDATA[3]]></id_lang>
</product_tag>
<product_tag><id_product><![CDATA[1021]]></id_product>
<id_tag><![CDATA[6066]]></id_tag>
<id_lang><![CDATA[3]]></id_lang>
</product_tag>
<product_tag><id_product><![CDATA[1022]]></id_product>
<id_tag><![CDATA[6066]]></id_tag>
<id_lang><![CDATA[3]]></id_lang>
</product_tag>
<product_tag><id_product><![CDATA[1023]]></id_product>
<id_tag><![CDATA[6066]]></id_tag>
<id_lang><![CDATA[3]]></id_lang>
</product_tag>
<product_tag><id_product><![CDATA[1075]]></id_product>
<id_tag><![CDATA[6066]]></id_tag>
<id_lang><![CDATA[3]]></id_lang>
</product_tag>
<product_tag><id_product><![CDATA[1020]]></id_product>
<id_tag><![CDATA[6067]]></id_tag>
<id_lang><![CDATA[3]]></id_lang>
</product_tag>
<product_tag><id_product><![CDATA[1021]]></id_product>
<id_tag><![CDATA[6067]]></id_tag>
<id_lang><![CDATA[3]]></id_lang>
</product_tag>
<product_tag><id_product><![CDATA[1022]]></id_product>
<id_tag><![CDATA[6067]]></id_tag>
<id_lang><![CDATA[3]]></id_lang>
</product_tag>
<product_tag><id_product><![CDATA[1023]]></id_product>
<id_tag><![CDATA[6067]]></id_tag>
<id_lang><![CDATA[3]]></id_lang>
</product_tag>
<product_tag><id_product><![CDATA[1075]]></id_product>
<id_tag><![CDATA[6067]]></id_tag>
<id_lang><![CDATA[3]]></id_lang>
</product_tag>
<product_tag><id_product><![CDATA[1029]]></id_product>
<id_tag><![CDATA[6080]]></id_tag>
<id_lang><![CDATA[3]]></id_lang>
</product_tag>
<product_tag><id_product><![CDATA[1030]]></id_product>
<id_tag><![CDATA[6080]]></id_tag>
<id_lang><![CDATA[3]]></id_lang>
</product_tag>
<product_tag><id_product><![CDATA[1060]]></id_product>
<id_tag><![CDATA[6128]]></id_tag>
<id_lang><![CDATA[3]]></id_lang>
</product_tag>
<product_tag><id_product><![CDATA[1061]]></id_product>
<id_tag><![CDATA[6128]]></id_tag>
<id_lang><![CDATA[3]]></id_lang>
</product_tag>
<product_tag><id_product><![CDATA[1060]]></id_product>
<id_tag><![CDATA[6129]]></id_tag>
<id_lang><![CDATA[3]]></id_lang>
</product_tag>
<product_tag><id_product><![CDATA[1061]]></id_product>
<id_tag><![CDATA[6129]]></id_tag>
<id_lang><![CDATA[3]]></id_lang>
</product_tag>
<product_tag><id_product><![CDATA[1062]]></id_product>
<id_tag><![CDATA[6141]]></id_tag>
<id_lang><![CDATA[3]]></id_lang>
</product_tag>
<product_tag><id_product><![CDATA[1063]]></id_product>
<id_tag><![CDATA[6141]]></id_tag>
<id_lang><![CDATA[3]]></id_lang>
</product_tag>
<product_tag><id_product><![CDATA[4550]]></id_product>
<id_tag><![CDATA[6141]]></id_tag>
<id_lang><![CDATA[3]]></id_lang>
</product_tag>
<product_tag><id_product><![CDATA[4551]]></id_product>
<id_tag><![CDATA[6141]]></id_tag>
<id_lang><![CDATA[3]]></id_lang>
</product_tag>
<product_tag><id_product><![CDATA[4552]]></id_product>
<id_tag><![CDATA[6141]]></id_tag>
<id_lang><![CDATA[3]]></id_lang>
</product_tag>
<product_tag><id_product><![CDATA[4553]]></id_product>
<id_tag><![CDATA[6141]]></id_tag>
<id_lang><![CDATA[3]]></id_lang>
</product_tag>
<product_tag><id_product><![CDATA[1062]]></id_product>
<id_tag><![CDATA[6142]]></id_tag>
<id_lang><![CDATA[3]]></id_lang>
</product_tag>
<product_tag><id_product><![CDATA[1063]]></id_product>
<id_tag><![CDATA[6142]]></id_tag>
<id_lang><![CDATA[3]]></id_lang>
</product_tag>
<product_tag><id_product><![CDATA[1435]]></id_product>
<id_tag><![CDATA[6142]]></id_tag>
<id_lang><![CDATA[3]]></id_lang>
</product_tag>
<product_tag><id_product><![CDATA[4550]]></id_product>
<id_tag><![CDATA[6142]]></id_tag>
<id_lang><![CDATA[3]]></id_lang>
</product_tag>
<product_tag><id_product><![CDATA[4551]]></id_product>
<id_tag><![CDATA[6142]]></id_tag>
<id_lang><![CDATA[3]]></id_lang>
</product_tag>
<product_tag><id_product><![CDATA[4552]]></id_product>
<id_tag><![CDATA[6142]]></id_tag>
<id_lang><![CDATA[3]]></id_lang>
</product_tag>
<product_tag><id_product><![CDATA[4553]]></id_product>
<id_tag><![CDATA[6142]]></id_tag>
<id_lang><![CDATA[3]]></id_lang>
</product_tag>
<product_tag><id_product><![CDATA[1062]]></id_product>
<id_tag><![CDATA[6143]]></id_tag>
<id_lang><![CDATA[3]]></id_lang>
</product_tag>
<product_tag><id_product><![CDATA[1063]]></id_product>
<id_tag><![CDATA[6143]]></id_tag>
<id_lang><![CDATA[3]]></id_lang>
</product_tag>
<product_tag><id_product><![CDATA[4550]]></id_product>
<id_tag><![CDATA[6143]]></id_tag>
<id_lang><![CDATA[3]]></id_lang>
</product_tag>
<product_tag><id_product><![CDATA[4551]]></id_product>
<id_tag><![CDATA[6143]]></id_tag>
<id_lang><![CDATA[3]]></id_lang>
</product_tag>
<product_tag><id_product><![CDATA[4552]]></id_product>
<id_tag><![CDATA[6143]]></id_tag>
<id_lang><![CDATA[3]]></id_lang>
</product_tag>
<product_tag><id_product><![CDATA[4553]]></id_product>
<id_tag><![CDATA[6143]]></id_tag>
<id_lang><![CDATA[3]]></id_lang>
</product_tag>
<product_tag><id_product><![CDATA[1062]]></id_product>
<id_tag><![CDATA[6144]]></id_tag>
<id_lang><![CDATA[3]]></id_lang>
</product_tag>
<product_tag><id_product><![CDATA[1063]]></id_product>
<id_tag><![CDATA[6144]]></id_tag>
<id_lang><![CDATA[3]]></id_lang>
</product_tag>
<product_tag><id_product><![CDATA[4550]]></id_product>
<id_tag><![CDATA[6144]]></id_tag>
<id_lang><![CDATA[3]]></id_lang>
</product_tag>
<product_tag><id_product><![CDATA[4551]]></id_product>
<id_tag><![CDATA[6144]]></id_tag>
<id_lang><![CDATA[3]]></id_lang>
</product_tag>
<product_tag><id_product><![CDATA[4552]]></id_product>
<id_tag><![CDATA[6144]]></id_tag>
<id_lang><![CDATA[3]]></id_lang>
</product_tag>
<product_tag><id_product><![CDATA[4553]]></id_product>
<id_tag><![CDATA[6144]]></id_tag>
<id_lang><![CDATA[3]]></id_lang>
</product_tag>
<product_tag><id_product><![CDATA[1064]]></id_product>
<id_tag><![CDATA[6170]]></id_tag>
<id_lang><![CDATA[3]]></id_lang>
</product_tag>
<product_tag><id_product><![CDATA[1065]]></id_product>
<id_tag><![CDATA[6170]]></id_tag>
<id_lang><![CDATA[3]]></id_lang>
</product_tag>
<product_tag><id_product><![CDATA[1064]]></id_product>
<id_tag><![CDATA[6171]]></id_tag>
<id_lang><![CDATA[3]]></id_lang>
</product_tag>
<product_tag><id_product><![CDATA[1065]]></id_product>
<id_tag><![CDATA[6171]]></id_tag>
<id_lang><![CDATA[3]]></id_lang>
</product_tag>
<product_tag><id_product><![CDATA[1064]]></id_product>
<id_tag><![CDATA[6172]]></id_tag>
<id_lang><![CDATA[3]]></id_lang>
</product_tag>
<product_tag><id_product><![CDATA[1065]]></id_product>
<id_tag><![CDATA[6172]]></id_tag>
<id_lang><![CDATA[3]]></id_lang>
</product_tag>
<product_tag><id_product><![CDATA[1064]]></id_product>
<id_tag><![CDATA[6173]]></id_tag>
<id_lang><![CDATA[3]]></id_lang>
</product_tag>
<product_tag><id_product><![CDATA[1065]]></id_product>
<id_tag><![CDATA[6173]]></id_tag>
<id_lang><![CDATA[3]]></id_lang>
</product_tag>
<product_tag><id_product><![CDATA[1064]]></id_product>
<id_tag><![CDATA[6174]]></id_tag>
<id_lang><![CDATA[3]]></id_lang>
</product_tag>
<product_tag><id_product><![CDATA[1065]]></id_product>
<id_tag><![CDATA[6174]]></id_tag>
<id_lang><![CDATA[3]]></id_lang>
</product_tag>
<product_tag><id_product><![CDATA[953]]></id_product>
<id_tag><![CDATA[6177]]></id_tag>
<id_lang><![CDATA[3]]></id_lang>
</product_tag>
<product_tag><id_product><![CDATA[1066]]></id_product>
<id_tag><![CDATA[6177]]></id_tag>
<id_lang><![CDATA[3]]></id_lang>
</product_tag>
<product_tag><id_product><![CDATA[1067]]></id_product>
<id_tag><![CDATA[6202]]></id_tag>
<id_lang><![CDATA[3]]></id_lang>
</product_tag>
<product_tag><id_product><![CDATA[1068]]></id_product>
<id_tag><![CDATA[6202]]></id_tag>
<id_lang><![CDATA[3]]></id_lang>
</product_tag>
<product_tag><id_product><![CDATA[1067]]></id_product>
<id_tag><![CDATA[6203]]></id_tag>
<id_lang><![CDATA[3]]></id_lang>
</product_tag>
<product_tag><id_product><![CDATA[1068]]></id_product>
<id_tag><![CDATA[6203]]></id_tag>
<id_lang><![CDATA[3]]></id_lang>
</product_tag>
<product_tag><id_product><![CDATA[815]]></id_product>
<id_tag><![CDATA[6267]]></id_tag>
<id_lang><![CDATA[3]]></id_lang>
</product_tag>
<product_tag><id_product><![CDATA[338]]></id_product>
<id_tag><![CDATA[6302]]></id_tag>
<id_lang><![CDATA[3]]></id_lang>
</product_tag>
<product_tag><id_product><![CDATA[660]]></id_product>
<id_tag><![CDATA[6302]]></id_tag>
<id_lang><![CDATA[3]]></id_lang>
</product_tag>
<product_tag><id_product><![CDATA[718]]></id_product>
<id_tag><![CDATA[6302]]></id_tag>
<id_lang><![CDATA[3]]></id_lang>
</product_tag>
<product_tag><id_product><![CDATA[776]]></id_product>
<id_tag><![CDATA[6302]]></id_tag>
<id_lang><![CDATA[3]]></id_lang>
</product_tag>
<product_tag><id_product><![CDATA[1052]]></id_product>
<id_tag><![CDATA[6302]]></id_tag>
<id_lang><![CDATA[3]]></id_lang>
</product_tag>
<product_tag><id_product><![CDATA[3333]]></id_product>
<id_tag><![CDATA[6302]]></id_tag>
<id_lang><![CDATA[3]]></id_lang>
</product_tag>
<product_tag><id_product><![CDATA[4169]]></id_product>
<id_tag><![CDATA[6302]]></id_tag>
<id_lang><![CDATA[3]]></id_lang>
</product_tag>
<product_tag><id_product><![CDATA[338]]></id_product>
<id_tag><![CDATA[6303]]></id_tag>
<id_lang><![CDATA[3]]></id_lang>
</product_tag>
<product_tag><id_product><![CDATA[660]]></id_product>
<id_tag><![CDATA[6303]]></id_tag>
<id_lang><![CDATA[3]]></id_lang>
</product_tag>
<product_tag><id_product><![CDATA[718]]></id_product>
<id_tag><![CDATA[6303]]></id_tag>
<id_lang><![CDATA[3]]></id_lang>
</product_tag>
<product_tag><id_product><![CDATA[776]]></id_product>
<id_tag><![CDATA[6303]]></id_tag>
<id_lang><![CDATA[3]]></id_lang>
</product_tag>
<product_tag><id_product><![CDATA[1052]]></id_product>
<id_tag><![CDATA[6303]]></id_tag>
<id_lang><![CDATA[3]]></id_lang>
</product_tag>
<product_tag><id_product><![CDATA[3333]]></id_product>
<id_tag><![CDATA[6303]]></id_tag>
<id_lang><![CDATA[3]]></id_lang>
</product_tag>
<product_tag><id_product><![CDATA[23]]></id_product>
<id_tag><![CDATA[6304]]></id_tag>
<id_lang><![CDATA[3]]></id_lang>
</product_tag>
<product_tag><id_product><![CDATA[294]]></id_product>
<id_tag><![CDATA[6304]]></id_tag>
<id_lang><![CDATA[3]]></id_lang>
</product_tag>
<product_tag><id_product><![CDATA[338]]></id_product>
<id_tag><![CDATA[6304]]></id_tag>
<id_lang><![CDATA[3]]></id_lang>
</product_tag>
<product_tag><id_product><![CDATA[610]]></id_product>
<id_tag><![CDATA[6304]]></id_tag>
<id_lang><![CDATA[3]]></id_lang>
</product_tag>
<product_tag><id_product><![CDATA[648]]></id_product>
<id_tag><![CDATA[6304]]></id_tag>
<id_lang><![CDATA[3]]></id_lang>
</product_tag>
<product_tag><id_product><![CDATA[660]]></id_product>
<id_tag><![CDATA[6304]]></id_tag>
<id_lang><![CDATA[3]]></id_lang>
</product_tag>
<product_tag><id_product><![CDATA[663]]></id_product>
<id_tag><![CDATA[6304]]></id_tag>
<id_lang><![CDATA[3]]></id_lang>
</product_tag>
<product_tag><id_product><![CDATA[668]]></id_product>
<id_tag><![CDATA[6304]]></id_tag>
<id_lang><![CDATA[3]]></id_lang>
</product_tag>
<product_tag><id_product><![CDATA[706]]></id_product>
<id_tag><![CDATA[6304]]></id_tag>
<id_lang><![CDATA[3]]></id_lang>
</product_tag>
<product_tag><id_product><![CDATA[718]]></id_product>
<id_tag><![CDATA[6304]]></id_tag>
<id_lang><![CDATA[3]]></id_lang>
</product_tag>
<product_tag><id_product><![CDATA[721]]></id_product>
<id_tag><![CDATA[6304]]></id_tag>
<id_lang><![CDATA[3]]></id_lang>
</product_tag>
<product_tag><id_product><![CDATA[764]]></id_product>
<id_tag><![CDATA[6304]]></id_tag>
<id_lang><![CDATA[3]]></id_lang>
</product_tag>
<product_tag><id_product><![CDATA[776]]></id_product>
<id_tag><![CDATA[6304]]></id_tag>
<id_lang><![CDATA[3]]></id_lang>
</product_tag>
<product_tag><id_product><![CDATA[1052]]></id_product>
<id_tag><![CDATA[6304]]></id_tag>
<id_lang><![CDATA[3]]></id_lang>
</product_tag>
<product_tag><id_product><![CDATA[3333]]></id_product>
<id_tag><![CDATA[6304]]></id_tag>
<id_lang><![CDATA[3]]></id_lang>
</product_tag>
<product_tag><id_product><![CDATA[4081]]></id_product>
<id_tag><![CDATA[6304]]></id_tag>
<id_lang><![CDATA[3]]></id_lang>
</product_tag>
<product_tag><id_product><![CDATA[4145]]></id_product>
<id_tag><![CDATA[6304]]></id_tag>
<id_lang><![CDATA[3]]></id_lang>
</product_tag>
<product_tag><id_product><![CDATA[4146]]></id_product>
<id_tag><![CDATA[6304]]></id_tag>
<id_lang><![CDATA[3]]></id_lang>
</product_tag>
<product_tag><id_product><![CDATA[4149]]></id_product>
<id_tag><![CDATA[6304]]></id_tag>
<id_lang><![CDATA[3]]></id_lang>
</product_tag>
<product_tag><id_product><![CDATA[4157]]></id_product>
<id_tag><![CDATA[6304]]></id_tag>
<id_lang><![CDATA[3]]></id_lang>
</product_tag>
<product_tag><id_product><![CDATA[4549]]></id_product>
<id_tag><![CDATA[6304]]></id_tag>
<id_lang><![CDATA[3]]></id_lang>
</product_tag>
<product_tag><id_product><![CDATA[4552]]></id_product>
<id_tag><![CDATA[6304]]></id_tag>
<id_lang><![CDATA[3]]></id_lang>
</product_tag>
<product_tag><id_product><![CDATA[1013]]></id_product>
<id_tag><![CDATA[6392]]></id_tag>
<id_lang><![CDATA[3]]></id_lang>
</product_tag>
<product_tag><id_product><![CDATA[941]]></id_product>
<id_tag><![CDATA[6410]]></id_tag>
<id_lang><![CDATA[3]]></id_lang>
</product_tag>
<product_tag><id_product><![CDATA[262]]></id_product>
<id_tag><![CDATA[6418]]></id_tag>
<id_lang><![CDATA[3]]></id_lang>
</product_tag>
<product_tag><id_product><![CDATA[315]]></id_product>
<id_tag><![CDATA[6418]]></id_tag>
<id_lang><![CDATA[3]]></id_lang>
</product_tag>
<product_tag><id_product><![CDATA[633]]></id_product>
<id_tag><![CDATA[6418]]></id_tag>
<id_lang><![CDATA[3]]></id_lang>
</product_tag>
<product_tag><id_product><![CDATA[653]]></id_product>
<id_tag><![CDATA[6418]]></id_tag>
<id_lang><![CDATA[3]]></id_lang>
</product_tag>
<product_tag><id_product><![CDATA[690]]></id_product>
<id_tag><![CDATA[6418]]></id_tag>
<id_lang><![CDATA[3]]></id_lang>
</product_tag>
<product_tag><id_product><![CDATA[707]]></id_product>
<id_tag><![CDATA[6418]]></id_tag>
<id_lang><![CDATA[3]]></id_lang>
</product_tag>
<product_tag><id_product><![CDATA[711]]></id_product>
<id_tag><![CDATA[6418]]></id_tag>
<id_lang><![CDATA[3]]></id_lang>
</product_tag>
<product_tag><id_product><![CDATA[748]]></id_product>
<id_tag><![CDATA[6418]]></id_tag>
<id_lang><![CDATA[3]]></id_lang>
</product_tag>
<product_tag><id_product><![CDATA[758]]></id_product>
<id_tag><![CDATA[6418]]></id_tag>
<id_lang><![CDATA[3]]></id_lang>
</product_tag>
<product_tag><id_product><![CDATA[947]]></id_product>
<id_tag><![CDATA[6418]]></id_tag>
<id_lang><![CDATA[3]]></id_lang>
</product_tag>
<product_tag><id_product><![CDATA[1076]]></id_product>
<id_tag><![CDATA[6531]]></id_tag>
<id_lang><![CDATA[3]]></id_lang>
</product_tag>
<product_tag><id_product><![CDATA[1078]]></id_product>
<id_tag><![CDATA[6531]]></id_tag>
<id_lang><![CDATA[3]]></id_lang>
</product_tag>
<product_tag><id_product><![CDATA[1079]]></id_product>
<id_tag><![CDATA[6531]]></id_tag>
<id_lang><![CDATA[3]]></id_lang>
</product_tag>
<product_tag><id_product><![CDATA[1080]]></id_product>
<id_tag><![CDATA[6531]]></id_tag>
<id_lang><![CDATA[3]]></id_lang>
</product_tag>
<product_tag><id_product><![CDATA[1081]]></id_product>
<id_tag><![CDATA[6531]]></id_tag>
<id_lang><![CDATA[3]]></id_lang>
</product_tag>
<product_tag><id_product><![CDATA[1082]]></id_product>
<id_tag><![CDATA[6531]]></id_tag>
<id_lang><![CDATA[3]]></id_lang>
</product_tag>
<product_tag><id_product><![CDATA[1083]]></id_product>
<id_tag><![CDATA[6531]]></id_tag>
<id_lang><![CDATA[3]]></id_lang>
</product_tag>
<product_tag><id_product><![CDATA[1084]]></id_product>
<id_tag><![CDATA[6531]]></id_tag>
<id_lang><![CDATA[3]]></id_lang>
</product_tag>
<product_tag><id_product><![CDATA[3840]]></id_product>
<id_tag><![CDATA[6531]]></id_tag>
<id_lang><![CDATA[3]]></id_lang>
</product_tag>
<product_tag><id_product><![CDATA[1076]]></id_product>
<id_tag><![CDATA[6532]]></id_tag>
<id_lang><![CDATA[3]]></id_lang>
</product_tag>
<product_tag><id_product><![CDATA[1078]]></id_product>
<id_tag><![CDATA[6532]]></id_tag>
<id_lang><![CDATA[3]]></id_lang>
</product_tag>
<product_tag><id_product><![CDATA[1079]]></id_product>
<id_tag><![CDATA[6532]]></id_tag>
<id_lang><![CDATA[3]]></id_lang>
</product_tag>
<product_tag><id_product><![CDATA[1080]]></id_product>
<id_tag><![CDATA[6532]]></id_tag>
<id_lang><![CDATA[3]]></id_lang>
</product_tag>
<product_tag><id_product><![CDATA[1081]]></id_product>
<id_tag><![CDATA[6532]]></id_tag>
<id_lang><![CDATA[3]]></id_lang>
</product_tag>
<product_tag><id_product><![CDATA[1082]]></id_product>
<id_tag><![CDATA[6532]]></id_tag>
<id_lang><![CDATA[3]]></id_lang>
</product_tag>
<product_tag><id_product><![CDATA[1083]]></id_product>
<id_tag><![CDATA[6532]]></id_tag>
<id_lang><![CDATA[3]]></id_lang>
</product_tag>
<product_tag><id_product><![CDATA[1084]]></id_product>
<id_tag><![CDATA[6532]]></id_tag>
<id_lang><![CDATA[3]]></id_lang>
</product_tag>
<product_tag><id_product><![CDATA[3840]]></id_product>
<id_tag><![CDATA[6532]]></id_tag>
<id_lang><![CDATA[3]]></id_lang>
</product_tag>
<product_tag><id_product><![CDATA[1089]]></id_product>
<id_tag><![CDATA[6565]]></id_tag>
<id_lang><![CDATA[3]]></id_lang>
</product_tag>
<product_tag><id_product><![CDATA[1090]]></id_product>
<id_tag><![CDATA[6565]]></id_tag>
<id_lang><![CDATA[3]]></id_lang>
</product_tag>
<product_tag><id_product><![CDATA[1089]]></id_product>
<id_tag><![CDATA[6566]]></id_tag>
<id_lang><![CDATA[3]]></id_lang>
</product_tag>
<product_tag><id_product><![CDATA[1090]]></id_product>
<id_tag><![CDATA[6566]]></id_tag>
<id_lang><![CDATA[3]]></id_lang>
</product_tag>
<product_tag><id_product><![CDATA[4128]]></id_product>
<id_tag><![CDATA[6566]]></id_tag>
<id_lang><![CDATA[3]]></id_lang>
</product_tag>
<product_tag><id_product><![CDATA[1089]]></id_product>
<id_tag><![CDATA[6567]]></id_tag>
<id_lang><![CDATA[3]]></id_lang>
</product_tag>
<product_tag><id_product><![CDATA[1090]]></id_product>
<id_tag><![CDATA[6567]]></id_tag>
<id_lang><![CDATA[3]]></id_lang>
</product_tag>
<product_tag><id_product><![CDATA[4128]]></id_product>
<id_tag><![CDATA[6567]]></id_tag>
<id_lang><![CDATA[3]]></id_lang>
</product_tag>
<product_tag><id_product><![CDATA[1089]]></id_product>
<id_tag><![CDATA[6568]]></id_tag>
<id_lang><![CDATA[3]]></id_lang>
</product_tag>
<product_tag><id_product><![CDATA[1090]]></id_product>
<id_tag><![CDATA[6568]]></id_tag>
<id_lang><![CDATA[3]]></id_lang>
</product_tag>
<product_tag><id_product><![CDATA[4128]]></id_product>
<id_tag><![CDATA[6568]]></id_tag>
<id_lang><![CDATA[3]]></id_lang>
</product_tag>
<product_tag><id_product><![CDATA[1092]]></id_product>
<id_tag><![CDATA[6620]]></id_tag>
<id_lang><![CDATA[3]]></id_lang>
</product_tag>
<product_tag><id_product><![CDATA[1093]]></id_product>
<id_tag><![CDATA[6620]]></id_tag>
<id_lang><![CDATA[3]]></id_lang>
</product_tag>
<product_tag><id_product><![CDATA[1094]]></id_product>
<id_tag><![CDATA[6620]]></id_tag>
<id_lang><![CDATA[3]]></id_lang>
</product_tag>
<product_tag><id_product><![CDATA[1095]]></id_product>
<id_tag><![CDATA[6620]]></id_tag>
<id_lang><![CDATA[3]]></id_lang>
</product_tag>
<product_tag><id_product><![CDATA[1096]]></id_product>
<id_tag><![CDATA[6620]]></id_tag>
<id_lang><![CDATA[3]]></id_lang>
</product_tag>
<product_tag><id_product><![CDATA[1097]]></id_product>
<id_tag><![CDATA[6620]]></id_tag>
<id_lang><![CDATA[3]]></id_lang>
</product_tag>
<product_tag><id_product><![CDATA[1116]]></id_product>
<id_tag><![CDATA[6620]]></id_tag>
<id_lang><![CDATA[3]]></id_lang>
</product_tag>
<product_tag><id_product><![CDATA[3276]]></id_product>
<id_tag><![CDATA[6620]]></id_tag>
<id_lang><![CDATA[3]]></id_lang>
</product_tag>
<product_tag><id_product><![CDATA[3277]]></id_product>
<id_tag><![CDATA[6620]]></id_tag>
<id_lang><![CDATA[3]]></id_lang>
</product_tag>
<product_tag><id_product><![CDATA[1092]]></id_product>
<id_tag><![CDATA[6621]]></id_tag>
<id_lang><![CDATA[3]]></id_lang>
</product_tag>
<product_tag><id_product><![CDATA[1093]]></id_product>
<id_tag><![CDATA[6621]]></id_tag>
<id_lang><![CDATA[3]]></id_lang>
</product_tag>
<product_tag><id_product><![CDATA[1094]]></id_product>
<id_tag><![CDATA[6621]]></id_tag>
<id_lang><![CDATA[3]]></id_lang>
</product_tag>
<product_tag><id_product><![CDATA[1095]]></id_product>
<id_tag><![CDATA[6621]]></id_tag>
<id_lang><![CDATA[3]]></id_lang>
</product_tag>
<product_tag><id_product><![CDATA[1096]]></id_product>
<id_tag><![CDATA[6621]]></id_tag>
<id_lang><![CDATA[3]]></id_lang>
</product_tag>
<product_tag><id_product><![CDATA[1097]]></id_product>
<id_tag><![CDATA[6621]]></id_tag>
<id_lang><![CDATA[3]]></id_lang>
</product_tag>
<product_tag><id_product><![CDATA[1099]]></id_product>
<id_tag><![CDATA[6621]]></id_tag>
<id_lang><![CDATA[3]]></id_lang>
</product_tag>
<product_tag><id_product><![CDATA[1100]]></id_product>
<id_tag><![CDATA[6621]]></id_tag>
<id_lang><![CDATA[3]]></id_lang>
</product_tag>
<product_tag><id_product><![CDATA[1103]]></id_product>
<id_tag><![CDATA[6621]]></id_tag>
<id_lang><![CDATA[3]]></id_lang>
</product_tag>
<product_tag><id_product><![CDATA[1106]]></id_product>
<id_tag><![CDATA[6621]]></id_tag>
<id_lang><![CDATA[3]]></id_lang>
</product_tag>
<product_tag><id_product><![CDATA[1107]]></id_product>
<id_tag><![CDATA[6621]]></id_tag>
<id_lang><![CDATA[3]]></id_lang>
</product_tag>
<product_tag><id_product><![CDATA[1108]]></id_product>
<id_tag><![CDATA[6621]]></id_tag>
<id_lang><![CDATA[3]]></id_lang>
</product_tag>
<product_tag><id_product><![CDATA[1109]]></id_product>
<id_tag><![CDATA[6621]]></id_tag>
<id_lang><![CDATA[3]]></id_lang>
</product_tag>
<product_tag><id_product><![CDATA[1110]]></id_product>
<id_tag><![CDATA[6621]]></id_tag>
<id_lang><![CDATA[3]]></id_lang>
</product_tag>
<product_tag><id_product><![CDATA[1111]]></id_product>
<id_tag><![CDATA[6621]]></id_tag>
<id_lang><![CDATA[3]]></id_lang>
</product_tag>
<product_tag><id_product><![CDATA[1112]]></id_product>
<id_tag><![CDATA[6621]]></id_tag>
<id_lang><![CDATA[3]]></id_lang>
</product_tag>
<product_tag><id_product><![CDATA[1113]]></id_product>
<id_tag><![CDATA[6621]]></id_tag>
<id_lang><![CDATA[3]]></id_lang>
</product_tag>
<product_tag><id_product><![CDATA[1114]]></id_product>
<id_tag><![CDATA[6621]]></id_tag>
<id_lang><![CDATA[3]]></id_lang>
</product_tag>
<product_tag><id_product><![CDATA[1115]]></id_product>
<id_tag><![CDATA[6621]]></id_tag>
<id_lang><![CDATA[3]]></id_lang>
</product_tag>
<product_tag><id_product><![CDATA[1116]]></id_product>
<id_tag><![CDATA[6621]]></id_tag>
<id_lang><![CDATA[3]]></id_lang>
</product_tag>
<product_tag><id_product><![CDATA[1117]]></id_product>
<id_tag><![CDATA[6621]]></id_tag>
<id_lang><![CDATA[3]]></id_lang>
</product_tag>
<product_tag><id_product><![CDATA[1118]]></id_product>
<id_tag><![CDATA[6621]]></id_tag>
<id_lang><![CDATA[3]]></id_lang>
</product_tag>
<product_tag><id_product><![CDATA[1131]]></id_product>
<id_tag><![CDATA[6621]]></id_tag>
<id_lang><![CDATA[3]]></id_lang>
</product_tag>
<product_tag><id_product><![CDATA[1185]]></id_product>
<id_tag><![CDATA[6621]]></id_tag>
<id_lang><![CDATA[3]]></id_lang>
</product_tag>
<product_tag><id_product><![CDATA[1403]]></id_product>
<id_tag><![CDATA[6621]]></id_tag>
<id_lang><![CDATA[3]]></id_lang>
</product_tag>
<product_tag><id_product><![CDATA[1404]]></id_product>
<id_tag><![CDATA[6621]]></id_tag>
<id_lang><![CDATA[3]]></id_lang>
</product_tag>
<product_tag><id_product><![CDATA[1405]]></id_product>
<id_tag><![CDATA[6621]]></id_tag>
<id_lang><![CDATA[3]]></id_lang>
</product_tag>
<product_tag><id_product><![CDATA[1406]]></id_product>
<id_tag><![CDATA[6621]]></id_tag>
<id_lang><![CDATA[3]]></id_lang>
</product_tag>
<product_tag><id_product><![CDATA[1407]]></id_product>
<id_tag><![CDATA[6621]]></id_tag>
<id_lang><![CDATA[3]]></id_lang>
</product_tag>
<product_tag><id_product><![CDATA[1408]]></id_product>
<id_tag><![CDATA[6621]]></id_tag>
<id_lang><![CDATA[3]]></id_lang>
</product_tag>
<product_tag><id_product><![CDATA[1409]]></id_product>
<id_tag><![CDATA[6621]]></id_tag>
<id_lang><![CDATA[3]]></id_lang>
</product_tag>
<product_tag><id_product><![CDATA[1410]]></id_product>
<id_tag><![CDATA[6621]]></id_tag>
<id_lang><![CDATA[3]]></id_lang>
</product_tag>
<product_tag><id_product><![CDATA[1411]]></id_product>
<id_tag><![CDATA[6621]]></id_tag>
<id_lang><![CDATA[3]]></id_lang>
</product_tag>
<product_tag><id_product><![CDATA[1412]]></id_product>
<id_tag><![CDATA[6621]]></id_tag>
<id_lang><![CDATA[3]]></id_lang>
</product_tag>
<product_tag><id_product><![CDATA[1413]]></id_product>
<id_tag><![CDATA[6621]]></id_tag>
<id_lang><![CDATA[3]]></id_lang>
</product_tag>
<product_tag><id_product><![CDATA[1416]]></id_product>
<id_tag><![CDATA[6621]]></id_tag>
<id_lang><![CDATA[3]]></id_lang>
</product_tag>
<product_tag><id_product><![CDATA[1417]]></id_product>
<id_tag><![CDATA[6621]]></id_tag>
<id_lang><![CDATA[3]]></id_lang>
</product_tag>
<product_tag><id_product><![CDATA[1418]]></id_product>
<id_tag><![CDATA[6621]]></id_tag>
<id_lang><![CDATA[3]]></id_lang>
</product_tag>
<product_tag><id_product><![CDATA[1419]]></id_product>
<id_tag><![CDATA[6621]]></id_tag>
<id_lang><![CDATA[3]]></id_lang>
</product_tag>
<product_tag><id_product><![CDATA[1420]]></id_product>
<id_tag><![CDATA[6621]]></id_tag>
<id_lang><![CDATA[3]]></id_lang>
</product_tag>
<product_tag><id_product><![CDATA[1421]]></id_product>
<id_tag><![CDATA[6621]]></id_tag>
<id_lang><![CDATA[3]]></id_lang>
</product_tag>
<product_tag><id_product><![CDATA[1422]]></id_product>
<id_tag><![CDATA[6621]]></id_tag>
<id_lang><![CDATA[3]]></id_lang>
</product_tag>
<product_tag><id_product><![CDATA[1425]]></id_product>
<id_tag><![CDATA[6621]]></id_tag>
<id_lang><![CDATA[3]]></id_lang>
</product_tag>
<product_tag><id_product><![CDATA[1428]]></id_product>
<id_tag><![CDATA[6621]]></id_tag>
<id_lang><![CDATA[3]]></id_lang>
</product_tag>
<product_tag><id_product><![CDATA[1429]]></id_product>
<id_tag><![CDATA[6621]]></id_tag>
<id_lang><![CDATA[3]]></id_lang>
</product_tag>
<product_tag><id_product><![CDATA[1430]]></id_product>
<id_tag><![CDATA[6621]]></id_tag>
<id_lang><![CDATA[3]]></id_lang>
</product_tag>
<product_tag><id_product><![CDATA[1663]]></id_product>
<id_tag><![CDATA[6621]]></id_tag>
<id_lang><![CDATA[3]]></id_lang>
</product_tag>
<product_tag><id_product><![CDATA[2284]]></id_product>
<id_tag><![CDATA[6621]]></id_tag>
<id_lang><![CDATA[3]]></id_lang>
</product_tag>
<product_tag><id_product><![CDATA[2286]]></id_product>
<id_tag><![CDATA[6621]]></id_tag>
<id_lang><![CDATA[3]]></id_lang>
</product_tag>
<product_tag><id_product><![CDATA[2288]]></id_product>
<id_tag><![CDATA[6621]]></id_tag>
<id_lang><![CDATA[3]]></id_lang>
</product_tag>
</entity_profile>
