<?xml version="1.0" encoding="UTF-8"?>
<entity_profile>
<product_attribute_combination><id_attribute><![CDATA[45]]></id_attribute>
<id_product_attribute><![CDATA[7287]]></id_product_attribute>
</product_attribute_combination>
<product_attribute_combination><id_attribute><![CDATA[47]]></id_attribute>
<id_product_attribute><![CDATA[7288]]></id_product_attribute>
</product_attribute_combination>
<product_attribute_combination><id_attribute><![CDATA[50]]></id_attribute>
<id_product_attribute><![CDATA[7289]]></id_product_attribute>
</product_attribute_combination>
<product_attribute_combination><id_attribute><![CDATA[42]]></id_attribute>
<id_product_attribute><![CDATA[7290]]></id_product_attribute>
</product_attribute_combination>
<product_attribute_combination><id_attribute><![CDATA[45]]></id_attribute>
<id_product_attribute><![CDATA[7291]]></id_product_attribute>
</product_attribute_combination>
<product_attribute_combination><id_attribute><![CDATA[46]]></id_attribute>
<id_product_attribute><![CDATA[7292]]></id_product_attribute>
</product_attribute_combination>
<product_attribute_combination><id_attribute><![CDATA[49]]></id_attribute>
<id_product_attribute><![CDATA[7293]]></id_product_attribute>
</product_attribute_combination>
<product_attribute_combination><id_attribute><![CDATA[50]]></id_attribute>
<id_product_attribute><![CDATA[7294]]></id_product_attribute>
</product_attribute_combination>
<product_attribute_combination><id_attribute><![CDATA[21]]></id_attribute>
<id_product_attribute><![CDATA[7295]]></id_product_attribute>
</product_attribute_combination>
<product_attribute_combination><id_attribute><![CDATA[22]]></id_attribute>
<id_product_attribute><![CDATA[7296]]></id_product_attribute>
</product_attribute_combination>
<product_attribute_combination><id_attribute><![CDATA[42]]></id_attribute>
<id_product_attribute><![CDATA[7297]]></id_product_attribute>
</product_attribute_combination>
<product_attribute_combination><id_attribute><![CDATA[43]]></id_attribute>
<id_product_attribute><![CDATA[7298]]></id_product_attribute>
</product_attribute_combination>
<product_attribute_combination><id_attribute><![CDATA[44]]></id_attribute>
<id_product_attribute><![CDATA[7299]]></id_product_attribute>
</product_attribute_combination>
<product_attribute_combination><id_attribute><![CDATA[45]]></id_attribute>
<id_product_attribute><![CDATA[7300]]></id_product_attribute>
</product_attribute_combination>
<product_attribute_combination><id_attribute><![CDATA[47]]></id_attribute>
<id_product_attribute><![CDATA[7301]]></id_product_attribute>
</product_attribute_combination>
<product_attribute_combination><id_attribute><![CDATA[48]]></id_attribute>
<id_product_attribute><![CDATA[7302]]></id_product_attribute>
</product_attribute_combination>
<product_attribute_combination><id_attribute><![CDATA[49]]></id_attribute>
<id_product_attribute><![CDATA[7303]]></id_product_attribute>
</product_attribute_combination>
<product_attribute_combination><id_attribute><![CDATA[49]]></id_attribute>
<id_product_attribute><![CDATA[7304]]></id_product_attribute>
</product_attribute_combination>
<product_attribute_combination><id_attribute><![CDATA[50]]></id_attribute>
<id_product_attribute><![CDATA[7305]]></id_product_attribute>
</product_attribute_combination>
<product_attribute_combination><id_attribute><![CDATA[47]]></id_attribute>
<id_product_attribute><![CDATA[7306]]></id_product_attribute>
</product_attribute_combination>
<product_attribute_combination><id_attribute><![CDATA[48]]></id_attribute>
<id_product_attribute><![CDATA[7307]]></id_product_attribute>
</product_attribute_combination>
<product_attribute_combination><id_attribute><![CDATA[49]]></id_attribute>
<id_product_attribute><![CDATA[7308]]></id_product_attribute>
</product_attribute_combination>
<product_attribute_combination><id_attribute><![CDATA[50]]></id_attribute>
<id_product_attribute><![CDATA[7309]]></id_product_attribute>
</product_attribute_combination>
<product_attribute_combination><id_attribute><![CDATA[23]]></id_attribute>
<id_product_attribute><![CDATA[7310]]></id_product_attribute>
</product_attribute_combination>
<product_attribute_combination><id_attribute><![CDATA[42]]></id_attribute>
<id_product_attribute><![CDATA[7311]]></id_product_attribute>
</product_attribute_combination>
<product_attribute_combination><id_attribute><![CDATA[43]]></id_attribute>
<id_product_attribute><![CDATA[7312]]></id_product_attribute>
</product_attribute_combination>
<product_attribute_combination><id_attribute><![CDATA[44]]></id_attribute>
<id_product_attribute><![CDATA[7313]]></id_product_attribute>
</product_attribute_combination>
<product_attribute_combination><id_attribute><![CDATA[45]]></id_attribute>
<id_product_attribute><![CDATA[7314]]></id_product_attribute>
</product_attribute_combination>
<product_attribute_combination><id_attribute><![CDATA[23]]></id_attribute>
<id_product_attribute><![CDATA[7315]]></id_product_attribute>
</product_attribute_combination>
<product_attribute_combination><id_attribute><![CDATA[42]]></id_attribute>
<id_product_attribute><![CDATA[7316]]></id_product_attribute>
</product_attribute_combination>
<product_attribute_combination><id_attribute><![CDATA[43]]></id_attribute>
<id_product_attribute><![CDATA[7317]]></id_product_attribute>
</product_attribute_combination>
<product_attribute_combination><id_attribute><![CDATA[46]]></id_attribute>
<id_product_attribute><![CDATA[7318]]></id_product_attribute>
</product_attribute_combination>
<product_attribute_combination><id_attribute><![CDATA[48]]></id_attribute>
<id_product_attribute><![CDATA[7319]]></id_product_attribute>
</product_attribute_combination>
<product_attribute_combination><id_attribute><![CDATA[49]]></id_attribute>
<id_product_attribute><![CDATA[7320]]></id_product_attribute>
</product_attribute_combination>
<product_attribute_combination><id_attribute><![CDATA[50]]></id_attribute>
<id_product_attribute><![CDATA[7321]]></id_product_attribute>
</product_attribute_combination>
<product_attribute_combination><id_attribute><![CDATA[49]]></id_attribute>
<id_product_attribute><![CDATA[7322]]></id_product_attribute>
</product_attribute_combination>
<product_attribute_combination><id_attribute><![CDATA[50]]></id_attribute>
<id_product_attribute><![CDATA[7323]]></id_product_attribute>
</product_attribute_combination>
<product_attribute_combination><id_attribute><![CDATA[23]]></id_attribute>
<id_product_attribute><![CDATA[7324]]></id_product_attribute>
</product_attribute_combination>
<product_attribute_combination><id_attribute><![CDATA[42]]></id_attribute>
<id_product_attribute><![CDATA[7325]]></id_product_attribute>
</product_attribute_combination>
<product_attribute_combination><id_attribute><![CDATA[43]]></id_attribute>
<id_product_attribute><![CDATA[7326]]></id_product_attribute>
</product_attribute_combination>
<product_attribute_combination><id_attribute><![CDATA[44]]></id_attribute>
<id_product_attribute><![CDATA[7327]]></id_product_attribute>
</product_attribute_combination>
<product_attribute_combination><id_attribute><![CDATA[45]]></id_attribute>
<id_product_attribute><![CDATA[7328]]></id_product_attribute>
</product_attribute_combination>
<product_attribute_combination><id_attribute><![CDATA[50]]></id_attribute>
<id_product_attribute><![CDATA[7329]]></id_product_attribute>
</product_attribute_combination>
<product_attribute_combination><id_attribute><![CDATA[47]]></id_attribute>
<id_product_attribute><![CDATA[7330]]></id_product_attribute>
</product_attribute_combination>
<product_attribute_combination><id_attribute><![CDATA[48]]></id_attribute>
<id_product_attribute><![CDATA[7331]]></id_product_attribute>
</product_attribute_combination>
<product_attribute_combination><id_attribute><![CDATA[50]]></id_attribute>
<id_product_attribute><![CDATA[7332]]></id_product_attribute>
</product_attribute_combination>
<product_attribute_combination><id_attribute><![CDATA[23]]></id_attribute>
<id_product_attribute><![CDATA[7333]]></id_product_attribute>
</product_attribute_combination>
<product_attribute_combination><id_attribute><![CDATA[42]]></id_attribute>
<id_product_attribute><![CDATA[7334]]></id_product_attribute>
</product_attribute_combination>
<product_attribute_combination><id_attribute><![CDATA[43]]></id_attribute>
<id_product_attribute><![CDATA[7335]]></id_product_attribute>
</product_attribute_combination>
<product_attribute_combination><id_attribute><![CDATA[44]]></id_attribute>
<id_product_attribute><![CDATA[7336]]></id_product_attribute>
</product_attribute_combination>
<product_attribute_combination><id_attribute><![CDATA[45]]></id_attribute>
<id_product_attribute><![CDATA[7337]]></id_product_attribute>
</product_attribute_combination>
<product_attribute_combination><id_attribute><![CDATA[46]]></id_attribute>
<id_product_attribute><![CDATA[7338]]></id_product_attribute>
</product_attribute_combination>
<product_attribute_combination><id_attribute><![CDATA[23]]></id_attribute>
<id_product_attribute><![CDATA[7339]]></id_product_attribute>
</product_attribute_combination>
<product_attribute_combination><id_attribute><![CDATA[44]]></id_attribute>
<id_product_attribute><![CDATA[7340]]></id_product_attribute>
</product_attribute_combination>
<product_attribute_combination><id_attribute><![CDATA[46]]></id_attribute>
<id_product_attribute><![CDATA[7341]]></id_product_attribute>
</product_attribute_combination>
<product_attribute_combination><id_attribute><![CDATA[47]]></id_attribute>
<id_product_attribute><![CDATA[7342]]></id_product_attribute>
</product_attribute_combination>
<product_attribute_combination><id_attribute><![CDATA[49]]></id_attribute>
<id_product_attribute><![CDATA[7343]]></id_product_attribute>
</product_attribute_combination>
<product_attribute_combination><id_attribute><![CDATA[50]]></id_attribute>
<id_product_attribute><![CDATA[7344]]></id_product_attribute>
</product_attribute_combination>
<product_attribute_combination><id_attribute><![CDATA[42]]></id_attribute>
<id_product_attribute><![CDATA[7345]]></id_product_attribute>
</product_attribute_combination>
<product_attribute_combination><id_attribute><![CDATA[43]]></id_attribute>
<id_product_attribute><![CDATA[7346]]></id_product_attribute>
</product_attribute_combination>
<product_attribute_combination><id_attribute><![CDATA[45]]></id_attribute>
<id_product_attribute><![CDATA[7347]]></id_product_attribute>
</product_attribute_combination>
<product_attribute_combination><id_attribute><![CDATA[46]]></id_attribute>
<id_product_attribute><![CDATA[7348]]></id_product_attribute>
</product_attribute_combination>
<product_attribute_combination><id_attribute><![CDATA[21]]></id_attribute>
<id_product_attribute><![CDATA[7349]]></id_product_attribute>
</product_attribute_combination>
<product_attribute_combination><id_attribute><![CDATA[22]]></id_attribute>
<id_product_attribute><![CDATA[7350]]></id_product_attribute>
</product_attribute_combination>
<product_attribute_combination><id_attribute><![CDATA[23]]></id_attribute>
<id_product_attribute><![CDATA[7351]]></id_product_attribute>
</product_attribute_combination>
<product_attribute_combination><id_attribute><![CDATA[43]]></id_attribute>
<id_product_attribute><![CDATA[7352]]></id_product_attribute>
</product_attribute_combination>
<product_attribute_combination><id_attribute><![CDATA[44]]></id_attribute>
<id_product_attribute><![CDATA[7353]]></id_product_attribute>
</product_attribute_combination>
<product_attribute_combination><id_attribute><![CDATA[45]]></id_attribute>
<id_product_attribute><![CDATA[7354]]></id_product_attribute>
</product_attribute_combination>
<product_attribute_combination><id_attribute><![CDATA[47]]></id_attribute>
<id_product_attribute><![CDATA[7355]]></id_product_attribute>
</product_attribute_combination>
<product_attribute_combination><id_attribute><![CDATA[21]]></id_attribute>
<id_product_attribute><![CDATA[7356]]></id_product_attribute>
</product_attribute_combination>
<product_attribute_combination><id_attribute><![CDATA[22]]></id_attribute>
<id_product_attribute><![CDATA[7357]]></id_product_attribute>
</product_attribute_combination>
<product_attribute_combination><id_attribute><![CDATA[23]]></id_attribute>
<id_product_attribute><![CDATA[7358]]></id_product_attribute>
</product_attribute_combination>
<product_attribute_combination><id_attribute><![CDATA[42]]></id_attribute>
<id_product_attribute><![CDATA[7359]]></id_product_attribute>
</product_attribute_combination>
<product_attribute_combination><id_attribute><![CDATA[43]]></id_attribute>
<id_product_attribute><![CDATA[7360]]></id_product_attribute>
</product_attribute_combination>
<product_attribute_combination><id_attribute><![CDATA[45]]></id_attribute>
<id_product_attribute><![CDATA[7361]]></id_product_attribute>
</product_attribute_combination>
<product_attribute_combination><id_attribute><![CDATA[46]]></id_attribute>
<id_product_attribute><![CDATA[7362]]></id_product_attribute>
</product_attribute_combination>
<product_attribute_combination><id_attribute><![CDATA[47]]></id_attribute>
<id_product_attribute><![CDATA[7363]]></id_product_attribute>
</product_attribute_combination>
<product_attribute_combination><id_attribute><![CDATA[21]]></id_attribute>
<id_product_attribute><![CDATA[7364]]></id_product_attribute>
</product_attribute_combination>
<product_attribute_combination><id_attribute><![CDATA[22]]></id_attribute>
<id_product_attribute><![CDATA[7365]]></id_product_attribute>
</product_attribute_combination>
<product_attribute_combination><id_attribute><![CDATA[23]]></id_attribute>
<id_product_attribute><![CDATA[7366]]></id_product_attribute>
</product_attribute_combination>
<product_attribute_combination><id_attribute><![CDATA[42]]></id_attribute>
<id_product_attribute><![CDATA[7367]]></id_product_attribute>
</product_attribute_combination>
<product_attribute_combination><id_attribute><![CDATA[43]]></id_attribute>
<id_product_attribute><![CDATA[7368]]></id_product_attribute>
</product_attribute_combination>
<product_attribute_combination><id_attribute><![CDATA[44]]></id_attribute>
<id_product_attribute><![CDATA[7369]]></id_product_attribute>
</product_attribute_combination>
<product_attribute_combination><id_attribute><![CDATA[45]]></id_attribute>
<id_product_attribute><![CDATA[7370]]></id_product_attribute>
</product_attribute_combination>
<product_attribute_combination><id_attribute><![CDATA[21]]></id_attribute>
<id_product_attribute><![CDATA[7371]]></id_product_attribute>
</product_attribute_combination>
<product_attribute_combination><id_attribute><![CDATA[22]]></id_attribute>
<id_product_attribute><![CDATA[7372]]></id_product_attribute>
</product_attribute_combination>
<product_attribute_combination><id_attribute><![CDATA[23]]></id_attribute>
<id_product_attribute><![CDATA[7373]]></id_product_attribute>
</product_attribute_combination>
<product_attribute_combination><id_attribute><![CDATA[42]]></id_attribute>
<id_product_attribute><![CDATA[7374]]></id_product_attribute>
</product_attribute_combination>
<product_attribute_combination><id_attribute><![CDATA[45]]></id_attribute>
<id_product_attribute><![CDATA[7375]]></id_product_attribute>
</product_attribute_combination>
<product_attribute_combination><id_attribute><![CDATA[23]]></id_attribute>
<id_product_attribute><![CDATA[7376]]></id_product_attribute>
</product_attribute_combination>
<product_attribute_combination><id_attribute><![CDATA[43]]></id_attribute>
<id_product_attribute><![CDATA[7377]]></id_product_attribute>
</product_attribute_combination>
<product_attribute_combination><id_attribute><![CDATA[44]]></id_attribute>
<id_product_attribute><![CDATA[7378]]></id_product_attribute>
</product_attribute_combination>
<product_attribute_combination><id_attribute><![CDATA[45]]></id_attribute>
<id_product_attribute><![CDATA[7379]]></id_product_attribute>
</product_attribute_combination>
<product_attribute_combination><id_attribute><![CDATA[46]]></id_attribute>
<id_product_attribute><![CDATA[7380]]></id_product_attribute>
</product_attribute_combination>
<product_attribute_combination><id_attribute><![CDATA[47]]></id_attribute>
<id_product_attribute><![CDATA[7381]]></id_product_attribute>
</product_attribute_combination>
<product_attribute_combination><id_attribute><![CDATA[48]]></id_attribute>
<id_product_attribute><![CDATA[7382]]></id_product_attribute>
</product_attribute_combination>
<product_attribute_combination><id_attribute><![CDATA[49]]></id_attribute>
<id_product_attribute><![CDATA[7383]]></id_product_attribute>
</product_attribute_combination>
<product_attribute_combination><id_attribute><![CDATA[50]]></id_attribute>
<id_product_attribute><![CDATA[7384]]></id_product_attribute>
</product_attribute_combination>
<product_attribute_combination><id_attribute><![CDATA[21]]></id_attribute>
<id_product_attribute><![CDATA[7385]]></id_product_attribute>
</product_attribute_combination>
<product_attribute_combination><id_attribute><![CDATA[22]]></id_attribute>
<id_product_attribute><![CDATA[7386]]></id_product_attribute>
</product_attribute_combination>
<product_attribute_combination><id_attribute><![CDATA[23]]></id_attribute>
<id_product_attribute><![CDATA[7387]]></id_product_attribute>
</product_attribute_combination>
<product_attribute_combination><id_attribute><![CDATA[47]]></id_attribute>
<id_product_attribute><![CDATA[7388]]></id_product_attribute>
</product_attribute_combination>
<product_attribute_combination><id_attribute><![CDATA[21]]></id_attribute>
<id_product_attribute><![CDATA[7389]]></id_product_attribute>
</product_attribute_combination>
<product_attribute_combination><id_attribute><![CDATA[22]]></id_attribute>
<id_product_attribute><![CDATA[7390]]></id_product_attribute>
</product_attribute_combination>
<product_attribute_combination><id_attribute><![CDATA[23]]></id_attribute>
<id_product_attribute><![CDATA[7391]]></id_product_attribute>
</product_attribute_combination>
<product_attribute_combination><id_attribute><![CDATA[42]]></id_attribute>
<id_product_attribute><![CDATA[7392]]></id_product_attribute>
</product_attribute_combination>
<product_attribute_combination><id_attribute><![CDATA[44]]></id_attribute>
<id_product_attribute><![CDATA[7393]]></id_product_attribute>
</product_attribute_combination>
<product_attribute_combination><id_attribute><![CDATA[45]]></id_attribute>
<id_product_attribute><![CDATA[7394]]></id_product_attribute>
</product_attribute_combination>
<product_attribute_combination><id_attribute><![CDATA[46]]></id_attribute>
<id_product_attribute><![CDATA[7395]]></id_product_attribute>
</product_attribute_combination>
<product_attribute_combination><id_attribute><![CDATA[47]]></id_attribute>
<id_product_attribute><![CDATA[7396]]></id_product_attribute>
</product_attribute_combination>
<product_attribute_combination><id_attribute><![CDATA[21]]></id_attribute>
<id_product_attribute><![CDATA[7397]]></id_product_attribute>
</product_attribute_combination>
<product_attribute_combination><id_attribute><![CDATA[22]]></id_attribute>
<id_product_attribute><![CDATA[7398]]></id_product_attribute>
</product_attribute_combination>
<product_attribute_combination><id_attribute><![CDATA[23]]></id_attribute>
<id_product_attribute><![CDATA[7399]]></id_product_attribute>
</product_attribute_combination>
<product_attribute_combination><id_attribute><![CDATA[43]]></id_attribute>
<id_product_attribute><![CDATA[7400]]></id_product_attribute>
</product_attribute_combination>
<product_attribute_combination><id_attribute><![CDATA[44]]></id_attribute>
<id_product_attribute><![CDATA[7401]]></id_product_attribute>
</product_attribute_combination>
<product_attribute_combination><id_attribute><![CDATA[45]]></id_attribute>
<id_product_attribute><![CDATA[7402]]></id_product_attribute>
</product_attribute_combination>
<product_attribute_combination><id_attribute><![CDATA[46]]></id_attribute>
<id_product_attribute><![CDATA[7403]]></id_product_attribute>
</product_attribute_combination>
<product_attribute_combination><id_attribute><![CDATA[47]]></id_attribute>
<id_product_attribute><![CDATA[7404]]></id_product_attribute>
</product_attribute_combination>
<product_attribute_combination><id_attribute><![CDATA[21]]></id_attribute>
<id_product_attribute><![CDATA[7405]]></id_product_attribute>
</product_attribute_combination>
<product_attribute_combination><id_attribute><![CDATA[22]]></id_attribute>
<id_product_attribute><![CDATA[7406]]></id_product_attribute>
</product_attribute_combination>
<product_attribute_combination><id_attribute><![CDATA[23]]></id_attribute>
<id_product_attribute><![CDATA[7407]]></id_product_attribute>
</product_attribute_combination>
<product_attribute_combination><id_attribute><![CDATA[42]]></id_attribute>
<id_product_attribute><![CDATA[7408]]></id_product_attribute>
</product_attribute_combination>
<product_attribute_combination><id_attribute><![CDATA[43]]></id_attribute>
<id_product_attribute><![CDATA[7409]]></id_product_attribute>
</product_attribute_combination>
<product_attribute_combination><id_attribute><![CDATA[44]]></id_attribute>
<id_product_attribute><![CDATA[7410]]></id_product_attribute>
</product_attribute_combination>
<product_attribute_combination><id_attribute><![CDATA[45]]></id_attribute>
<id_product_attribute><![CDATA[7411]]></id_product_attribute>
</product_attribute_combination>
<product_attribute_combination><id_attribute><![CDATA[47]]></id_attribute>
<id_product_attribute><![CDATA[7412]]></id_product_attribute>
</product_attribute_combination>
<product_attribute_combination><id_attribute><![CDATA[21]]></id_attribute>
<id_product_attribute><![CDATA[7413]]></id_product_attribute>
</product_attribute_combination>
<product_attribute_combination><id_attribute><![CDATA[22]]></id_attribute>
<id_product_attribute><![CDATA[7414]]></id_product_attribute>
</product_attribute_combination>
<product_attribute_combination><id_attribute><![CDATA[23]]></id_attribute>
<id_product_attribute><![CDATA[7415]]></id_product_attribute>
</product_attribute_combination>
<product_attribute_combination><id_attribute><![CDATA[42]]></id_attribute>
<id_product_attribute><![CDATA[7416]]></id_product_attribute>
</product_attribute_combination>
<product_attribute_combination><id_attribute><![CDATA[43]]></id_attribute>
<id_product_attribute><![CDATA[7417]]></id_product_attribute>
</product_attribute_combination>
<product_attribute_combination><id_attribute><![CDATA[44]]></id_attribute>
<id_product_attribute><![CDATA[7418]]></id_product_attribute>
</product_attribute_combination>
<product_attribute_combination><id_attribute><![CDATA[47]]></id_attribute>
<id_product_attribute><![CDATA[7419]]></id_product_attribute>
</product_attribute_combination>
<product_attribute_combination><id_attribute><![CDATA[45]]></id_attribute>
<id_product_attribute><![CDATA[7420]]></id_product_attribute>
</product_attribute_combination>
<product_attribute_combination><id_attribute><![CDATA[21]]></id_attribute>
<id_product_attribute><![CDATA[7421]]></id_product_attribute>
</product_attribute_combination>
<product_attribute_combination><id_attribute><![CDATA[22]]></id_attribute>
<id_product_attribute><![CDATA[7422]]></id_product_attribute>
</product_attribute_combination>
<product_attribute_combination><id_attribute><![CDATA[42]]></id_attribute>
<id_product_attribute><![CDATA[7423]]></id_product_attribute>
</product_attribute_combination>
<product_attribute_combination><id_attribute><![CDATA[43]]></id_attribute>
<id_product_attribute><![CDATA[7424]]></id_product_attribute>
</product_attribute_combination>
<product_attribute_combination><id_attribute><![CDATA[46]]></id_attribute>
<id_product_attribute><![CDATA[7425]]></id_product_attribute>
</product_attribute_combination>
<product_attribute_combination><id_attribute><![CDATA[47]]></id_attribute>
<id_product_attribute><![CDATA[7426]]></id_product_attribute>
</product_attribute_combination>
<product_attribute_combination><id_attribute><![CDATA[21]]></id_attribute>
<id_product_attribute><![CDATA[7427]]></id_product_attribute>
</product_attribute_combination>
<product_attribute_combination><id_attribute><![CDATA[22]]></id_attribute>
<id_product_attribute><![CDATA[7428]]></id_product_attribute>
</product_attribute_combination>
<product_attribute_combination><id_attribute><![CDATA[42]]></id_attribute>
<id_product_attribute><![CDATA[7429]]></id_product_attribute>
</product_attribute_combination>
<product_attribute_combination><id_attribute><![CDATA[43]]></id_attribute>
<id_product_attribute><![CDATA[7430]]></id_product_attribute>
</product_attribute_combination>
<product_attribute_combination><id_attribute><![CDATA[45]]></id_attribute>
<id_product_attribute><![CDATA[7431]]></id_product_attribute>
</product_attribute_combination>
<product_attribute_combination><id_attribute><![CDATA[47]]></id_attribute>
<id_product_attribute><![CDATA[7432]]></id_product_attribute>
</product_attribute_combination>
<product_attribute_combination><id_attribute><![CDATA[18]]></id_attribute>
<id_product_attribute><![CDATA[7433]]></id_product_attribute>
</product_attribute_combination>
<product_attribute_combination><id_attribute><![CDATA[19]]></id_attribute>
<id_product_attribute><![CDATA[7434]]></id_product_attribute>
</product_attribute_combination>
<product_attribute_combination><id_attribute><![CDATA[23]]></id_attribute>
<id_product_attribute><![CDATA[7435]]></id_product_attribute>
</product_attribute_combination>
<product_attribute_combination><id_attribute><![CDATA[1260]]></id_attribute>
<id_product_attribute><![CDATA[7436]]></id_product_attribute>
</product_attribute_combination>
<product_attribute_combination><id_attribute><![CDATA[21]]></id_attribute>
<id_product_attribute><![CDATA[7437]]></id_product_attribute>
</product_attribute_combination>
<product_attribute_combination><id_attribute><![CDATA[22]]></id_attribute>
<id_product_attribute><![CDATA[7438]]></id_product_attribute>
</product_attribute_combination>
<product_attribute_combination><id_attribute><![CDATA[47]]></id_attribute>
<id_product_attribute><![CDATA[7439]]></id_product_attribute>
</product_attribute_combination>
<product_attribute_combination><id_attribute><![CDATA[23]]></id_attribute>
<id_product_attribute><![CDATA[7440]]></id_product_attribute>
</product_attribute_combination>
<product_attribute_combination><id_attribute><![CDATA[42]]></id_attribute>
<id_product_attribute><![CDATA[7441]]></id_product_attribute>
</product_attribute_combination>
<product_attribute_combination><id_attribute><![CDATA[43]]></id_attribute>
<id_product_attribute><![CDATA[7442]]></id_product_attribute>
</product_attribute_combination>
<product_attribute_combination><id_attribute><![CDATA[44]]></id_attribute>
<id_product_attribute><![CDATA[7443]]></id_product_attribute>
</product_attribute_combination>
<product_attribute_combination><id_attribute><![CDATA[46]]></id_attribute>
<id_product_attribute><![CDATA[7444]]></id_product_attribute>
</product_attribute_combination>
<product_attribute_combination><id_attribute><![CDATA[23]]></id_attribute>
<id_product_attribute><![CDATA[7445]]></id_product_attribute>
</product_attribute_combination>
<product_attribute_combination><id_attribute><![CDATA[42]]></id_attribute>
<id_product_attribute><![CDATA[7446]]></id_product_attribute>
</product_attribute_combination>
<product_attribute_combination><id_attribute><![CDATA[43]]></id_attribute>
<id_product_attribute><![CDATA[7447]]></id_product_attribute>
</product_attribute_combination>
<product_attribute_combination><id_attribute><![CDATA[44]]></id_attribute>
<id_product_attribute><![CDATA[7448]]></id_product_attribute>
</product_attribute_combination>
<product_attribute_combination><id_attribute><![CDATA[46]]></id_attribute>
<id_product_attribute><![CDATA[7449]]></id_product_attribute>
</product_attribute_combination>
<product_attribute_combination><id_attribute><![CDATA[48]]></id_attribute>
<id_product_attribute><![CDATA[7450]]></id_product_attribute>
</product_attribute_combination>
<product_attribute_combination><id_attribute><![CDATA[49]]></id_attribute>
<id_product_attribute><![CDATA[7451]]></id_product_attribute>
</product_attribute_combination>
<product_attribute_combination><id_attribute><![CDATA[50]]></id_attribute>
<id_product_attribute><![CDATA[7452]]></id_product_attribute>
</product_attribute_combination>
<product_attribute_combination><id_attribute><![CDATA[21]]></id_attribute>
<id_product_attribute><![CDATA[7453]]></id_product_attribute>
</product_attribute_combination>
<product_attribute_combination><id_attribute><![CDATA[23]]></id_attribute>
<id_product_attribute><![CDATA[7454]]></id_product_attribute>
</product_attribute_combination>
<product_attribute_combination><id_attribute><![CDATA[42]]></id_attribute>
<id_product_attribute><![CDATA[7455]]></id_product_attribute>
</product_attribute_combination>
<product_attribute_combination><id_attribute><![CDATA[47]]></id_attribute>
<id_product_attribute><![CDATA[7456]]></id_product_attribute>
</product_attribute_combination>
<product_attribute_combination><id_attribute><![CDATA[43]]></id_attribute>
<id_product_attribute><![CDATA[7457]]></id_product_attribute>
</product_attribute_combination>
<product_attribute_combination><id_attribute><![CDATA[45]]></id_attribute>
<id_product_attribute><![CDATA[7458]]></id_product_attribute>
</product_attribute_combination>
<product_attribute_combination><id_attribute><![CDATA[44]]></id_attribute>
<id_product_attribute><![CDATA[7459]]></id_product_attribute>
</product_attribute_combination>
<product_attribute_combination><id_attribute><![CDATA[46]]></id_attribute>
<id_product_attribute><![CDATA[7460]]></id_product_attribute>
</product_attribute_combination>
<product_attribute_combination><id_attribute><![CDATA[21]]></id_attribute>
<id_product_attribute><![CDATA[7461]]></id_product_attribute>
</product_attribute_combination>
<product_attribute_combination><id_attribute><![CDATA[22]]></id_attribute>
<id_product_attribute><![CDATA[7462]]></id_product_attribute>
</product_attribute_combination>
<product_attribute_combination><id_attribute><![CDATA[42]]></id_attribute>
<id_product_attribute><![CDATA[7463]]></id_product_attribute>
</product_attribute_combination>
<product_attribute_combination><id_attribute><![CDATA[43]]></id_attribute>
<id_product_attribute><![CDATA[7464]]></id_product_attribute>
</product_attribute_combination>
<product_attribute_combination><id_attribute><![CDATA[45]]></id_attribute>
<id_product_attribute><![CDATA[7465]]></id_product_attribute>
</product_attribute_combination>
<product_attribute_combination><id_attribute><![CDATA[46]]></id_attribute>
<id_product_attribute><![CDATA[7466]]></id_product_attribute>
</product_attribute_combination>
<product_attribute_combination><id_attribute><![CDATA[47]]></id_attribute>
<id_product_attribute><![CDATA[7467]]></id_product_attribute>
</product_attribute_combination>
<product_attribute_combination><id_attribute><![CDATA[42]]></id_attribute>
<id_product_attribute><![CDATA[7468]]></id_product_attribute>
</product_attribute_combination>
<product_attribute_combination><id_attribute><![CDATA[43]]></id_attribute>
<id_product_attribute><![CDATA[7469]]></id_product_attribute>
</product_attribute_combination>
<product_attribute_combination><id_attribute><![CDATA[21]]></id_attribute>
<id_product_attribute><![CDATA[7470]]></id_product_attribute>
</product_attribute_combination>
<product_attribute_combination><id_attribute><![CDATA[22]]></id_attribute>
<id_product_attribute><![CDATA[7471]]></id_product_attribute>
</product_attribute_combination>
<product_attribute_combination><id_attribute><![CDATA[23]]></id_attribute>
<id_product_attribute><![CDATA[7472]]></id_product_attribute>
</product_attribute_combination>
<product_attribute_combination><id_attribute><![CDATA[43]]></id_attribute>
<id_product_attribute><![CDATA[7473]]></id_product_attribute>
</product_attribute_combination>
<product_attribute_combination><id_attribute><![CDATA[44]]></id_attribute>
<id_product_attribute><![CDATA[7474]]></id_product_attribute>
</product_attribute_combination>
<product_attribute_combination><id_attribute><![CDATA[45]]></id_attribute>
<id_product_attribute><![CDATA[7475]]></id_product_attribute>
</product_attribute_combination>
<product_attribute_combination><id_attribute><![CDATA[46]]></id_attribute>
<id_product_attribute><![CDATA[7476]]></id_product_attribute>
</product_attribute_combination>
<product_attribute_combination><id_attribute><![CDATA[47]]></id_attribute>
<id_product_attribute><![CDATA[7477]]></id_product_attribute>
</product_attribute_combination>
<product_attribute_combination><id_attribute><![CDATA[21]]></id_attribute>
<id_product_attribute><![CDATA[7478]]></id_product_attribute>
</product_attribute_combination>
<product_attribute_combination><id_attribute><![CDATA[22]]></id_attribute>
<id_product_attribute><![CDATA[7479]]></id_product_attribute>
</product_attribute_combination>
<product_attribute_combination><id_attribute><![CDATA[23]]></id_attribute>
<id_product_attribute><![CDATA[7480]]></id_product_attribute>
</product_attribute_combination>
<product_attribute_combination><id_attribute><![CDATA[42]]></id_attribute>
<id_product_attribute><![CDATA[7481]]></id_product_attribute>
</product_attribute_combination>
<product_attribute_combination><id_attribute><![CDATA[43]]></id_attribute>
<id_product_attribute><![CDATA[7482]]></id_product_attribute>
</product_attribute_combination>
<product_attribute_combination><id_attribute><![CDATA[45]]></id_attribute>
<id_product_attribute><![CDATA[7483]]></id_product_attribute>
</product_attribute_combination>
<product_attribute_combination><id_attribute><![CDATA[46]]></id_attribute>
<id_product_attribute><![CDATA[7484]]></id_product_attribute>
</product_attribute_combination>
<product_attribute_combination><id_attribute><![CDATA[47]]></id_attribute>
<id_product_attribute><![CDATA[7485]]></id_product_attribute>
</product_attribute_combination>
<product_attribute_combination><id_attribute><![CDATA[23]]></id_attribute>
<id_product_attribute><![CDATA[7486]]></id_product_attribute>
</product_attribute_combination>
<product_attribute_combination><id_attribute><![CDATA[42]]></id_attribute>
<id_product_attribute><![CDATA[7487]]></id_product_attribute>
</product_attribute_combination>
<product_attribute_combination><id_attribute><![CDATA[43]]></id_attribute>
<id_product_attribute><![CDATA[7488]]></id_product_attribute>
</product_attribute_combination>
<product_attribute_combination><id_attribute><![CDATA[49]]></id_attribute>
<id_product_attribute><![CDATA[7489]]></id_product_attribute>
</product_attribute_combination>
<product_attribute_combination><id_attribute><![CDATA[50]]></id_attribute>
<id_product_attribute><![CDATA[7490]]></id_product_attribute>
</product_attribute_combination>
<product_attribute_combination><id_attribute><![CDATA[21]]></id_attribute>
<id_product_attribute><![CDATA[7491]]></id_product_attribute>
</product_attribute_combination>
<product_attribute_combination><id_attribute><![CDATA[22]]></id_attribute>
<id_product_attribute><![CDATA[7492]]></id_product_attribute>
</product_attribute_combination>
<product_attribute_combination><id_attribute><![CDATA[45]]></id_attribute>
<id_product_attribute><![CDATA[7493]]></id_product_attribute>
</product_attribute_combination>
<product_attribute_combination><id_attribute><![CDATA[43]]></id_attribute>
<id_product_attribute><![CDATA[7494]]></id_product_attribute>
</product_attribute_combination>
<product_attribute_combination><id_attribute><![CDATA[44]]></id_attribute>
<id_product_attribute><![CDATA[7495]]></id_product_attribute>
</product_attribute_combination>
<product_attribute_combination><id_attribute><![CDATA[42]]></id_attribute>
<id_product_attribute><![CDATA[7496]]></id_product_attribute>
</product_attribute_combination>
<product_attribute_combination><id_attribute><![CDATA[20]]></id_attribute>
<id_product_attribute><![CDATA[7497]]></id_product_attribute>
</product_attribute_combination>
<product_attribute_combination><id_attribute><![CDATA[21]]></id_attribute>
<id_product_attribute><![CDATA[7498]]></id_product_attribute>
</product_attribute_combination>
<product_attribute_combination><id_attribute><![CDATA[22]]></id_attribute>
<id_product_attribute><![CDATA[7499]]></id_product_attribute>
</product_attribute_combination>
<product_attribute_combination><id_attribute><![CDATA[23]]></id_attribute>
<id_product_attribute><![CDATA[7500]]></id_product_attribute>
</product_attribute_combination>
<product_attribute_combination><id_attribute><![CDATA[45]]></id_attribute>
<id_product_attribute><![CDATA[7501]]></id_product_attribute>
</product_attribute_combination>
<product_attribute_combination><id_attribute><![CDATA[23]]></id_attribute>
<id_product_attribute><![CDATA[7502]]></id_product_attribute>
</product_attribute_combination>
<product_attribute_combination><id_attribute><![CDATA[42]]></id_attribute>
<id_product_attribute><![CDATA[7503]]></id_product_attribute>
</product_attribute_combination>
<product_attribute_combination><id_attribute><![CDATA[43]]></id_attribute>
<id_product_attribute><![CDATA[7504]]></id_product_attribute>
</product_attribute_combination>
<product_attribute_combination><id_attribute><![CDATA[44]]></id_attribute>
<id_product_attribute><![CDATA[7505]]></id_product_attribute>
</product_attribute_combination>
<product_attribute_combination><id_attribute><![CDATA[22]]></id_attribute>
<id_product_attribute><![CDATA[7506]]></id_product_attribute>
</product_attribute_combination>
<product_attribute_combination><id_attribute><![CDATA[799]]></id_attribute>
<id_product_attribute><![CDATA[7507]]></id_product_attribute>
</product_attribute_combination>
<product_attribute_combination><id_attribute><![CDATA[809]]></id_attribute>
<id_product_attribute><![CDATA[7507]]></id_product_attribute>
</product_attribute_combination>
<product_attribute_combination><id_attribute><![CDATA[788]]></id_attribute>
<id_product_attribute><![CDATA[7508]]></id_product_attribute>
</product_attribute_combination>
<product_attribute_combination><id_attribute><![CDATA[799]]></id_attribute>
<id_product_attribute><![CDATA[7508]]></id_product_attribute>
</product_attribute_combination>
<product_attribute_combination><id_attribute><![CDATA[22]]></id_attribute>
<id_product_attribute><![CDATA[7509]]></id_product_attribute>
</product_attribute_combination>
<product_attribute_combination><id_attribute><![CDATA[23]]></id_attribute>
<id_product_attribute><![CDATA[7510]]></id_product_attribute>
</product_attribute_combination>
<product_attribute_combination><id_attribute><![CDATA[45]]></id_attribute>
<id_product_attribute><![CDATA[7511]]></id_product_attribute>
</product_attribute_combination>
<product_attribute_combination><id_attribute><![CDATA[46]]></id_attribute>
<id_product_attribute><![CDATA[7512]]></id_product_attribute>
</product_attribute_combination>
<product_attribute_combination><id_attribute><![CDATA[47]]></id_attribute>
<id_product_attribute><![CDATA[7513]]></id_product_attribute>
</product_attribute_combination>
<product_attribute_combination><id_attribute><![CDATA[22]]></id_attribute>
<id_product_attribute><![CDATA[7514]]></id_product_attribute>
</product_attribute_combination>
<product_attribute_combination><id_attribute><![CDATA[23]]></id_attribute>
<id_product_attribute><![CDATA[7515]]></id_product_attribute>
</product_attribute_combination>
<product_attribute_combination><id_attribute><![CDATA[21]]></id_attribute>
<id_product_attribute><![CDATA[7516]]></id_product_attribute>
</product_attribute_combination>
<product_attribute_combination><id_attribute><![CDATA[42]]></id_attribute>
<id_product_attribute><![CDATA[7517]]></id_product_attribute>
</product_attribute_combination>
<product_attribute_combination><id_attribute><![CDATA[43]]></id_attribute>
<id_product_attribute><![CDATA[7518]]></id_product_attribute>
</product_attribute_combination>
<product_attribute_combination><id_attribute><![CDATA[44]]></id_attribute>
<id_product_attribute><![CDATA[7519]]></id_product_attribute>
</product_attribute_combination>
<product_attribute_combination><id_attribute><![CDATA[46]]></id_attribute>
<id_product_attribute><![CDATA[7520]]></id_product_attribute>
</product_attribute_combination>
<product_attribute_combination><id_attribute><![CDATA[45]]></id_attribute>
<id_product_attribute><![CDATA[7521]]></id_product_attribute>
</product_attribute_combination>
<product_attribute_combination><id_attribute><![CDATA[47]]></id_attribute>
<id_product_attribute><![CDATA[7522]]></id_product_attribute>
</product_attribute_combination>
<product_attribute_combination><id_attribute><![CDATA[1252]]></id_attribute>
<id_product_attribute><![CDATA[7523]]></id_product_attribute>
</product_attribute_combination>
<product_attribute_combination><id_attribute><![CDATA[1253]]></id_attribute>
<id_product_attribute><![CDATA[7524]]></id_product_attribute>
</product_attribute_combination>
<product_attribute_combination><id_attribute><![CDATA[1252]]></id_attribute>
<id_product_attribute><![CDATA[7525]]></id_product_attribute>
</product_attribute_combination>
<product_attribute_combination><id_attribute><![CDATA[1253]]></id_attribute>
<id_product_attribute><![CDATA[7526]]></id_product_attribute>
</product_attribute_combination>
<product_attribute_combination><id_attribute><![CDATA[1]]></id_attribute>
<id_product_attribute><![CDATA[7528]]></id_product_attribute>
</product_attribute_combination>
<product_attribute_combination><id_attribute><![CDATA[2]]></id_attribute>
<id_product_attribute><![CDATA[7529]]></id_product_attribute>
</product_attribute_combination>
<product_attribute_combination><id_attribute><![CDATA[3]]></id_attribute>
<id_product_attribute><![CDATA[7530]]></id_product_attribute>
</product_attribute_combination>
<product_attribute_combination><id_attribute><![CDATA[32]]></id_attribute>
<id_product_attribute><![CDATA[7531]]></id_product_attribute>
</product_attribute_combination>
<product_attribute_combination><id_attribute><![CDATA[46]]></id_attribute>
<id_product_attribute><![CDATA[7532]]></id_product_attribute>
</product_attribute_combination>
<product_attribute_combination><id_attribute><![CDATA[47]]></id_attribute>
<id_product_attribute><![CDATA[7533]]></id_product_attribute>
</product_attribute_combination>
<product_attribute_combination><id_attribute><![CDATA[48]]></id_attribute>
<id_product_attribute><![CDATA[7534]]></id_product_attribute>
</product_attribute_combination>
<product_attribute_combination><id_attribute><![CDATA[1]]></id_attribute>
<id_product_attribute><![CDATA[7535]]></id_product_attribute>
</product_attribute_combination>
<product_attribute_combination><id_attribute><![CDATA[2]]></id_attribute>
<id_product_attribute><![CDATA[7536]]></id_product_attribute>
</product_attribute_combination>
<product_attribute_combination><id_attribute><![CDATA[3]]></id_attribute>
<id_product_attribute><![CDATA[7537]]></id_product_attribute>
</product_attribute_combination>
<product_attribute_combination><id_attribute><![CDATA[32]]></id_attribute>
<id_product_attribute><![CDATA[7538]]></id_product_attribute>
</product_attribute_combination>
<product_attribute_combination><id_attribute><![CDATA[33]]></id_attribute>
<id_product_attribute><![CDATA[7539]]></id_product_attribute>
</product_attribute_combination>
<product_attribute_combination><id_attribute><![CDATA[42]]></id_attribute>
<id_product_attribute><![CDATA[7540]]></id_product_attribute>
</product_attribute_combination>
<product_attribute_combination><id_attribute><![CDATA[44]]></id_attribute>
<id_product_attribute><![CDATA[7541]]></id_product_attribute>
</product_attribute_combination>
<product_attribute_combination><id_attribute><![CDATA[45]]></id_attribute>
<id_product_attribute><![CDATA[7542]]></id_product_attribute>
</product_attribute_combination>
<product_attribute_combination><id_attribute><![CDATA[46]]></id_attribute>
<id_product_attribute><![CDATA[7543]]></id_product_attribute>
</product_attribute_combination>
<product_attribute_combination><id_attribute><![CDATA[47]]></id_attribute>
<id_product_attribute><![CDATA[7544]]></id_product_attribute>
</product_attribute_combination>
<product_attribute_combination><id_attribute><![CDATA[48]]></id_attribute>
<id_product_attribute><![CDATA[7545]]></id_product_attribute>
</product_attribute_combination>
<product_attribute_combination><id_attribute><![CDATA[49]]></id_attribute>
<id_product_attribute><![CDATA[7546]]></id_product_attribute>
</product_attribute_combination>
<product_attribute_combination><id_attribute><![CDATA[50]]></id_attribute>
<id_product_attribute><![CDATA[7547]]></id_product_attribute>
</product_attribute_combination>
<product_attribute_combination><id_attribute><![CDATA[42]]></id_attribute>
<id_product_attribute><![CDATA[7548]]></id_product_attribute>
</product_attribute_combination>
<product_attribute_combination><id_attribute><![CDATA[43]]></id_attribute>
<id_product_attribute><![CDATA[7549]]></id_product_attribute>
</product_attribute_combination>
<product_attribute_combination><id_attribute><![CDATA[44]]></id_attribute>
<id_product_attribute><![CDATA[7550]]></id_product_attribute>
</product_attribute_combination>
<product_attribute_combination><id_attribute><![CDATA[48]]></id_attribute>
<id_product_attribute><![CDATA[7551]]></id_product_attribute>
</product_attribute_combination>
<product_attribute_combination><id_attribute><![CDATA[49]]></id_attribute>
<id_product_attribute><![CDATA[7552]]></id_product_attribute>
</product_attribute_combination>
<product_attribute_combination><id_attribute><![CDATA[50]]></id_attribute>
<id_product_attribute><![CDATA[7553]]></id_product_attribute>
</product_attribute_combination>
<product_attribute_combination><id_attribute><![CDATA[42]]></id_attribute>
<id_product_attribute><![CDATA[7554]]></id_product_attribute>
</product_attribute_combination>
<product_attribute_combination><id_attribute><![CDATA[43]]></id_attribute>
<id_product_attribute><![CDATA[7555]]></id_product_attribute>
</product_attribute_combination>
<product_attribute_combination><id_attribute><![CDATA[46]]></id_attribute>
<id_product_attribute><![CDATA[7556]]></id_product_attribute>
</product_attribute_combination>
<product_attribute_combination><id_attribute><![CDATA[47]]></id_attribute>
<id_product_attribute><![CDATA[7557]]></id_product_attribute>
</product_attribute_combination>
<product_attribute_combination><id_attribute><![CDATA[48]]></id_attribute>
<id_product_attribute><![CDATA[7558]]></id_product_attribute>
</product_attribute_combination>
<product_attribute_combination><id_attribute><![CDATA[49]]></id_attribute>
<id_product_attribute><![CDATA[7559]]></id_product_attribute>
</product_attribute_combination>
<product_attribute_combination><id_attribute><![CDATA[50]]></id_attribute>
<id_product_attribute><![CDATA[7560]]></id_product_attribute>
</product_attribute_combination>
<product_attribute_combination><id_attribute><![CDATA[21]]></id_attribute>
<id_product_attribute><![CDATA[7561]]></id_product_attribute>
</product_attribute_combination>
<product_attribute_combination><id_attribute><![CDATA[22]]></id_attribute>
<id_product_attribute><![CDATA[7562]]></id_product_attribute>
</product_attribute_combination>
<product_attribute_combination><id_attribute><![CDATA[23]]></id_attribute>
<id_product_attribute><![CDATA[7563]]></id_product_attribute>
</product_attribute_combination>
<product_attribute_combination><id_attribute><![CDATA[42]]></id_attribute>
<id_product_attribute><![CDATA[7564]]></id_product_attribute>
</product_attribute_combination>
<product_attribute_combination><id_attribute><![CDATA[43]]></id_attribute>
<id_product_attribute><![CDATA[7565]]></id_product_attribute>
</product_attribute_combination>
<product_attribute_combination><id_attribute><![CDATA[45]]></id_attribute>
<id_product_attribute><![CDATA[7566]]></id_product_attribute>
</product_attribute_combination>
<product_attribute_combination><id_attribute><![CDATA[46]]></id_attribute>
<id_product_attribute><![CDATA[7567]]></id_product_attribute>
</product_attribute_combination>
<product_attribute_combination><id_attribute><![CDATA[47]]></id_attribute>
<id_product_attribute><![CDATA[7568]]></id_product_attribute>
</product_attribute_combination>
<product_attribute_combination><id_attribute><![CDATA[21]]></id_attribute>
<id_product_attribute><![CDATA[7569]]></id_product_attribute>
</product_attribute_combination>
<product_attribute_combination><id_attribute><![CDATA[22]]></id_attribute>
<id_product_attribute><![CDATA[7570]]></id_product_attribute>
</product_attribute_combination>
<product_attribute_combination><id_attribute><![CDATA[42]]></id_attribute>
<id_product_attribute><![CDATA[7571]]></id_product_attribute>
</product_attribute_combination>
<product_attribute_combination><id_attribute><![CDATA[43]]></id_attribute>
<id_product_attribute><![CDATA[7572]]></id_product_attribute>
</product_attribute_combination>
<product_attribute_combination><id_attribute><![CDATA[44]]></id_attribute>
<id_product_attribute><![CDATA[7573]]></id_product_attribute>
</product_attribute_combination>
<product_attribute_combination><id_attribute><![CDATA[45]]></id_attribute>
<id_product_attribute><![CDATA[7574]]></id_product_attribute>
</product_attribute_combination>
<product_attribute_combination><id_attribute><![CDATA[46]]></id_attribute>
<id_product_attribute><![CDATA[7575]]></id_product_attribute>
</product_attribute_combination>
<product_attribute_combination><id_attribute><![CDATA[47]]></id_attribute>
<id_product_attribute><![CDATA[7576]]></id_product_attribute>
</product_attribute_combination>
<product_attribute_combination><id_attribute><![CDATA[21]]></id_attribute>
<id_product_attribute><![CDATA[7577]]></id_product_attribute>
</product_attribute_combination>
<product_attribute_combination><id_attribute><![CDATA[22]]></id_attribute>
<id_product_attribute><![CDATA[7578]]></id_product_attribute>
</product_attribute_combination>
<product_attribute_combination><id_attribute><![CDATA[23]]></id_attribute>
<id_product_attribute><![CDATA[7579]]></id_product_attribute>
</product_attribute_combination>
<product_attribute_combination><id_attribute><![CDATA[42]]></id_attribute>
<id_product_attribute><![CDATA[7580]]></id_product_attribute>
</product_attribute_combination>
<product_attribute_combination><id_attribute><![CDATA[44]]></id_attribute>
<id_product_attribute><![CDATA[7581]]></id_product_attribute>
</product_attribute_combination>
<product_attribute_combination><id_attribute><![CDATA[45]]></id_attribute>
<id_product_attribute><![CDATA[7582]]></id_product_attribute>
</product_attribute_combination>
<product_attribute_combination><id_attribute><![CDATA[46]]></id_attribute>
<id_product_attribute><![CDATA[7583]]></id_product_attribute>
</product_attribute_combination>
<product_attribute_combination><id_attribute><![CDATA[47]]></id_attribute>
<id_product_attribute><![CDATA[7584]]></id_product_attribute>
</product_attribute_combination>
<product_attribute_combination><id_attribute><![CDATA[21]]></id_attribute>
<id_product_attribute><![CDATA[7585]]></id_product_attribute>
</product_attribute_combination>
<product_attribute_combination><id_attribute><![CDATA[22]]></id_attribute>
<id_product_attribute><![CDATA[7586]]></id_product_attribute>
</product_attribute_combination>
<product_attribute_combination><id_attribute><![CDATA[42]]></id_attribute>
<id_product_attribute><![CDATA[7587]]></id_product_attribute>
</product_attribute_combination>
<product_attribute_combination><id_attribute><![CDATA[43]]></id_attribute>
<id_product_attribute><![CDATA[7588]]></id_product_attribute>
</product_attribute_combination>
<product_attribute_combination><id_attribute><![CDATA[44]]></id_attribute>
<id_product_attribute><![CDATA[7589]]></id_product_attribute>
</product_attribute_combination>
<product_attribute_combination><id_attribute><![CDATA[45]]></id_attribute>
<id_product_attribute><![CDATA[7590]]></id_product_attribute>
</product_attribute_combination>
<product_attribute_combination><id_attribute><![CDATA[46]]></id_attribute>
<id_product_attribute><![CDATA[7591]]></id_product_attribute>
</product_attribute_combination>
<product_attribute_combination><id_attribute><![CDATA[47]]></id_attribute>
<id_product_attribute><![CDATA[7592]]></id_product_attribute>
</product_attribute_combination>
<product_attribute_combination><id_attribute><![CDATA[21]]></id_attribute>
<id_product_attribute><![CDATA[7593]]></id_product_attribute>
</product_attribute_combination>
<product_attribute_combination><id_attribute><![CDATA[22]]></id_attribute>
<id_product_attribute><![CDATA[7594]]></id_product_attribute>
</product_attribute_combination>
<product_attribute_combination><id_attribute><![CDATA[23]]></id_attribute>
<id_product_attribute><![CDATA[7595]]></id_product_attribute>
</product_attribute_combination>
<product_attribute_combination><id_attribute><![CDATA[42]]></id_attribute>
<id_product_attribute><![CDATA[7596]]></id_product_attribute>
</product_attribute_combination>
<product_attribute_combination><id_attribute><![CDATA[43]]></id_attribute>
<id_product_attribute><![CDATA[7597]]></id_product_attribute>
</product_attribute_combination>
<product_attribute_combination><id_attribute><![CDATA[44]]></id_attribute>
<id_product_attribute><![CDATA[7598]]></id_product_attribute>
</product_attribute_combination>
<product_attribute_combination><id_attribute><![CDATA[46]]></id_attribute>
<id_product_attribute><![CDATA[7599]]></id_product_attribute>
</product_attribute_combination>
<product_attribute_combination><id_attribute><![CDATA[47]]></id_attribute>
<id_product_attribute><![CDATA[7600]]></id_product_attribute>
</product_attribute_combination>
<product_attribute_combination><id_attribute><![CDATA[21]]></id_attribute>
<id_product_attribute><![CDATA[7601]]></id_product_attribute>
</product_attribute_combination>
<product_attribute_combination><id_attribute><![CDATA[22]]></id_attribute>
<id_product_attribute><![CDATA[7602]]></id_product_attribute>
</product_attribute_combination>
<product_attribute_combination><id_attribute><![CDATA[45]]></id_attribute>
<id_product_attribute><![CDATA[7603]]></id_product_attribute>
</product_attribute_combination>
<product_attribute_combination><id_attribute><![CDATA[46]]></id_attribute>
<id_product_attribute><![CDATA[7604]]></id_product_attribute>
</product_attribute_combination>
<product_attribute_combination><id_attribute><![CDATA[47]]></id_attribute>
<id_product_attribute><![CDATA[7605]]></id_product_attribute>
</product_attribute_combination>
<product_attribute_combination><id_attribute><![CDATA[21]]></id_attribute>
<id_product_attribute><![CDATA[7606]]></id_product_attribute>
</product_attribute_combination>
<product_attribute_combination><id_attribute><![CDATA[22]]></id_attribute>
<id_product_attribute><![CDATA[7607]]></id_product_attribute>
</product_attribute_combination>
<product_attribute_combination><id_attribute><![CDATA[23]]></id_attribute>
<id_product_attribute><![CDATA[7608]]></id_product_attribute>
</product_attribute_combination>
<product_attribute_combination><id_attribute><![CDATA[42]]></id_attribute>
<id_product_attribute><![CDATA[7609]]></id_product_attribute>
</product_attribute_combination>
<product_attribute_combination><id_attribute><![CDATA[44]]></id_attribute>
<id_product_attribute><![CDATA[7610]]></id_product_attribute>
</product_attribute_combination>
<product_attribute_combination><id_attribute><![CDATA[45]]></id_attribute>
<id_product_attribute><![CDATA[7611]]></id_product_attribute>
</product_attribute_combination>
<product_attribute_combination><id_attribute><![CDATA[46]]></id_attribute>
<id_product_attribute><![CDATA[7612]]></id_product_attribute>
</product_attribute_combination>
<product_attribute_combination><id_attribute><![CDATA[47]]></id_attribute>
<id_product_attribute><![CDATA[7613]]></id_product_attribute>
</product_attribute_combination>
<product_attribute_combination><id_attribute><![CDATA[21]]></id_attribute>
<id_product_attribute><![CDATA[7614]]></id_product_attribute>
</product_attribute_combination>
<product_attribute_combination><id_attribute><![CDATA[22]]></id_attribute>
<id_product_attribute><![CDATA[7615]]></id_product_attribute>
</product_attribute_combination>
<product_attribute_combination><id_attribute><![CDATA[23]]></id_attribute>
<id_product_attribute><![CDATA[7616]]></id_product_attribute>
</product_attribute_combination>
<product_attribute_combination><id_attribute><![CDATA[42]]></id_attribute>
<id_product_attribute><![CDATA[7617]]></id_product_attribute>
</product_attribute_combination>
<product_attribute_combination><id_attribute><![CDATA[44]]></id_attribute>
<id_product_attribute><![CDATA[7618]]></id_product_attribute>
</product_attribute_combination>
<product_attribute_combination><id_attribute><![CDATA[45]]></id_attribute>
<id_product_attribute><![CDATA[7619]]></id_product_attribute>
</product_attribute_combination>
<product_attribute_combination><id_attribute><![CDATA[46]]></id_attribute>
<id_product_attribute><![CDATA[7620]]></id_product_attribute>
</product_attribute_combination>
<product_attribute_combination><id_attribute><![CDATA[47]]></id_attribute>
<id_product_attribute><![CDATA[7621]]></id_product_attribute>
</product_attribute_combination>
<product_attribute_combination><id_attribute><![CDATA[21]]></id_attribute>
<id_product_attribute><![CDATA[7622]]></id_product_attribute>
</product_attribute_combination>
<product_attribute_combination><id_attribute><![CDATA[22]]></id_attribute>
<id_product_attribute><![CDATA[7623]]></id_product_attribute>
</product_attribute_combination>
<product_attribute_combination><id_attribute><![CDATA[23]]></id_attribute>
<id_product_attribute><![CDATA[7624]]></id_product_attribute>
</product_attribute_combination>
<product_attribute_combination><id_attribute><![CDATA[44]]></id_attribute>
<id_product_attribute><![CDATA[7625]]></id_product_attribute>
</product_attribute_combination>
<product_attribute_combination><id_attribute><![CDATA[45]]></id_attribute>
<id_product_attribute><![CDATA[7626]]></id_product_attribute>
</product_attribute_combination>
<product_attribute_combination><id_attribute><![CDATA[46]]></id_attribute>
<id_product_attribute><![CDATA[7627]]></id_product_attribute>
</product_attribute_combination>
<product_attribute_combination><id_attribute><![CDATA[47]]></id_attribute>
<id_product_attribute><![CDATA[7628]]></id_product_attribute>
</product_attribute_combination>
<product_attribute_combination><id_attribute><![CDATA[21]]></id_attribute>
<id_product_attribute><![CDATA[7629]]></id_product_attribute>
</product_attribute_combination>
<product_attribute_combination><id_attribute><![CDATA[22]]></id_attribute>
<id_product_attribute><![CDATA[7630]]></id_product_attribute>
</product_attribute_combination>
<product_attribute_combination><id_attribute><![CDATA[23]]></id_attribute>
<id_product_attribute><![CDATA[7631]]></id_product_attribute>
</product_attribute_combination>
<product_attribute_combination><id_attribute><![CDATA[42]]></id_attribute>
<id_product_attribute><![CDATA[7632]]></id_product_attribute>
</product_attribute_combination>
<product_attribute_combination><id_attribute><![CDATA[43]]></id_attribute>
<id_product_attribute><![CDATA[7633]]></id_product_attribute>
</product_attribute_combination>
<product_attribute_combination><id_attribute><![CDATA[45]]></id_attribute>
<id_product_attribute><![CDATA[7634]]></id_product_attribute>
</product_attribute_combination>
<product_attribute_combination><id_attribute><![CDATA[46]]></id_attribute>
<id_product_attribute><![CDATA[7635]]></id_product_attribute>
</product_attribute_combination>
<product_attribute_combination><id_attribute><![CDATA[47]]></id_attribute>
<id_product_attribute><![CDATA[7636]]></id_product_attribute>
</product_attribute_combination>
<product_attribute_combination><id_attribute><![CDATA[21]]></id_attribute>
<id_product_attribute><![CDATA[7637]]></id_product_attribute>
</product_attribute_combination>
<product_attribute_combination><id_attribute><![CDATA[22]]></id_attribute>
<id_product_attribute><![CDATA[7638]]></id_product_attribute>
</product_attribute_combination>
<product_attribute_combination><id_attribute><![CDATA[23]]></id_attribute>
<id_product_attribute><![CDATA[7639]]></id_product_attribute>
</product_attribute_combination>
<product_attribute_combination><id_attribute><![CDATA[43]]></id_attribute>
<id_product_attribute><![CDATA[7640]]></id_product_attribute>
</product_attribute_combination>
<product_attribute_combination><id_attribute><![CDATA[46]]></id_attribute>
<id_product_attribute><![CDATA[7641]]></id_product_attribute>
</product_attribute_combination>
<product_attribute_combination><id_attribute><![CDATA[47]]></id_attribute>
<id_product_attribute><![CDATA[7642]]></id_product_attribute>
</product_attribute_combination>
<product_attribute_combination><id_attribute><![CDATA[21]]></id_attribute>
<id_product_attribute><![CDATA[7643]]></id_product_attribute>
</product_attribute_combination>
<product_attribute_combination><id_attribute><![CDATA[22]]></id_attribute>
<id_product_attribute><![CDATA[7644]]></id_product_attribute>
</product_attribute_combination>
<product_attribute_combination><id_attribute><![CDATA[23]]></id_attribute>
<id_product_attribute><![CDATA[7645]]></id_product_attribute>
</product_attribute_combination>
<product_attribute_combination><id_attribute><![CDATA[46]]></id_attribute>
<id_product_attribute><![CDATA[7646]]></id_product_attribute>
</product_attribute_combination>
<product_attribute_combination><id_attribute><![CDATA[47]]></id_attribute>
<id_product_attribute><![CDATA[7647]]></id_product_attribute>
</product_attribute_combination>
<product_attribute_combination><id_attribute><![CDATA[33]]></id_attribute>
<id_product_attribute><![CDATA[7648]]></id_product_attribute>
</product_attribute_combination>
<product_attribute_combination><id_attribute><![CDATA[1]]></id_attribute>
<id_product_attribute><![CDATA[7649]]></id_product_attribute>
</product_attribute_combination>
<product_attribute_combination><id_attribute><![CDATA[2]]></id_attribute>
<id_product_attribute><![CDATA[7650]]></id_product_attribute>
</product_attribute_combination>
<product_attribute_combination><id_attribute><![CDATA[3]]></id_attribute>
<id_product_attribute><![CDATA[7651]]></id_product_attribute>
</product_attribute_combination>
<product_attribute_combination><id_attribute><![CDATA[32]]></id_attribute>
<id_product_attribute><![CDATA[7652]]></id_product_attribute>
</product_attribute_combination>
<product_attribute_combination><id_attribute><![CDATA[1277]]></id_attribute>
<id_product_attribute><![CDATA[7653]]></id_product_attribute>
</product_attribute_combination>
<product_attribute_combination><id_attribute><![CDATA[33]]></id_attribute>
<id_product_attribute><![CDATA[7654]]></id_product_attribute>
</product_attribute_combination>
<product_attribute_combination><id_attribute><![CDATA[1]]></id_attribute>
<id_product_attribute><![CDATA[7655]]></id_product_attribute>
</product_attribute_combination>
<product_attribute_combination><id_attribute><![CDATA[2]]></id_attribute>
<id_product_attribute><![CDATA[7656]]></id_product_attribute>
</product_attribute_combination>
<product_attribute_combination><id_attribute><![CDATA[3]]></id_attribute>
<id_product_attribute><![CDATA[7657]]></id_product_attribute>
</product_attribute_combination>
<product_attribute_combination><id_attribute><![CDATA[32]]></id_attribute>
<id_product_attribute><![CDATA[7658]]></id_product_attribute>
</product_attribute_combination>
<product_attribute_combination><id_attribute><![CDATA[1278]]></id_attribute>
<id_product_attribute><![CDATA[7659]]></id_product_attribute>
</product_attribute_combination>
<product_attribute_combination><id_attribute><![CDATA[1]]></id_attribute>
<id_product_attribute><![CDATA[7672]]></id_product_attribute>
</product_attribute_combination>
<product_attribute_combination><id_attribute><![CDATA[2]]></id_attribute>
<id_product_attribute><![CDATA[7673]]></id_product_attribute>
</product_attribute_combination>
<product_attribute_combination><id_attribute><![CDATA[3]]></id_attribute>
<id_product_attribute><![CDATA[7674]]></id_product_attribute>
</product_attribute_combination>
<product_attribute_combination><id_attribute><![CDATA[32]]></id_attribute>
<id_product_attribute><![CDATA[7675]]></id_product_attribute>
</product_attribute_combination>
<product_attribute_combination><id_attribute><![CDATA[1278]]></id_attribute>
<id_product_attribute><![CDATA[7676]]></id_product_attribute>
</product_attribute_combination>
<product_attribute_combination><id_attribute><![CDATA[33]]></id_attribute>
<id_product_attribute><![CDATA[7677]]></id_product_attribute>
</product_attribute_combination>
<product_attribute_combination><id_attribute><![CDATA[1]]></id_attribute>
<id_product_attribute><![CDATA[7678]]></id_product_attribute>
</product_attribute_combination>
<product_attribute_combination><id_attribute><![CDATA[2]]></id_attribute>
<id_product_attribute><![CDATA[7679]]></id_product_attribute>
</product_attribute_combination>
<product_attribute_combination><id_attribute><![CDATA[3]]></id_attribute>
<id_product_attribute><![CDATA[7680]]></id_product_attribute>
</product_attribute_combination>
<product_attribute_combination><id_attribute><![CDATA[32]]></id_attribute>
<id_product_attribute><![CDATA[7681]]></id_product_attribute>
</product_attribute_combination>
<product_attribute_combination><id_attribute><![CDATA[1278]]></id_attribute>
<id_product_attribute><![CDATA[7682]]></id_product_attribute>
</product_attribute_combination>
<product_attribute_combination><id_attribute><![CDATA[33]]></id_attribute>
<id_product_attribute><![CDATA[7683]]></id_product_attribute>
</product_attribute_combination>
<product_attribute_combination><id_attribute><![CDATA[1]]></id_attribute>
<id_product_attribute><![CDATA[7684]]></id_product_attribute>
</product_attribute_combination>
<product_attribute_combination><id_attribute><![CDATA[2]]></id_attribute>
<id_product_attribute><![CDATA[7685]]></id_product_attribute>
</product_attribute_combination>
<product_attribute_combination><id_attribute><![CDATA[3]]></id_attribute>
<id_product_attribute><![CDATA[7686]]></id_product_attribute>
</product_attribute_combination>
<product_attribute_combination><id_attribute><![CDATA[32]]></id_attribute>
<id_product_attribute><![CDATA[7687]]></id_product_attribute>
</product_attribute_combination>
<product_attribute_combination><id_attribute><![CDATA[1278]]></id_attribute>
<id_product_attribute><![CDATA[7688]]></id_product_attribute>
</product_attribute_combination>
<product_attribute_combination><id_attribute><![CDATA[33]]></id_attribute>
<id_product_attribute><![CDATA[7689]]></id_product_attribute>
</product_attribute_combination>
<product_attribute_combination><id_attribute><![CDATA[33]]></id_attribute>
<id_product_attribute><![CDATA[7690]]></id_product_attribute>
</product_attribute_combination>
<product_attribute_combination><id_attribute><![CDATA[1]]></id_attribute>
<id_product_attribute><![CDATA[7691]]></id_product_attribute>
</product_attribute_combination>
<product_attribute_combination><id_attribute><![CDATA[2]]></id_attribute>
<id_product_attribute><![CDATA[7692]]></id_product_attribute>
</product_attribute_combination>
<product_attribute_combination><id_attribute><![CDATA[3]]></id_attribute>
<id_product_attribute><![CDATA[7693]]></id_product_attribute>
</product_attribute_combination>
<product_attribute_combination><id_attribute><![CDATA[32]]></id_attribute>
<id_product_attribute><![CDATA[7694]]></id_product_attribute>
</product_attribute_combination>
<product_attribute_combination><id_attribute><![CDATA[126]]></id_attribute>
<id_product_attribute><![CDATA[7699]]></id_product_attribute>
</product_attribute_combination>
<product_attribute_combination><id_attribute><![CDATA[120]]></id_attribute>
<id_product_attribute><![CDATA[7700]]></id_product_attribute>
</product_attribute_combination>
<product_attribute_combination><id_attribute><![CDATA[121]]></id_attribute>
<id_product_attribute><![CDATA[7701]]></id_product_attribute>
</product_attribute_combination>
<product_attribute_combination><id_attribute><![CDATA[122]]></id_attribute>
<id_product_attribute><![CDATA[7702]]></id_product_attribute>
</product_attribute_combination>
<product_attribute_combination><id_attribute><![CDATA[120]]></id_attribute>
<id_product_attribute><![CDATA[7703]]></id_product_attribute>
</product_attribute_combination>
<product_attribute_combination><id_attribute><![CDATA[121]]></id_attribute>
<id_product_attribute><![CDATA[7704]]></id_product_attribute>
</product_attribute_combination>
<product_attribute_combination><id_attribute><![CDATA[122]]></id_attribute>
<id_product_attribute><![CDATA[7705]]></id_product_attribute>
</product_attribute_combination>
<product_attribute_combination><id_attribute><![CDATA[126]]></id_attribute>
<id_product_attribute><![CDATA[7706]]></id_product_attribute>
</product_attribute_combination>
<product_attribute_combination><id_attribute><![CDATA[126]]></id_attribute>
<id_product_attribute><![CDATA[7718]]></id_product_attribute>
</product_attribute_combination>
<product_attribute_combination><id_attribute><![CDATA[123]]></id_attribute>
<id_product_attribute><![CDATA[7720]]></id_product_attribute>
</product_attribute_combination>
<product_attribute_combination><id_attribute><![CDATA[124]]></id_attribute>
<id_product_attribute><![CDATA[7721]]></id_product_attribute>
</product_attribute_combination>
<product_attribute_combination><id_attribute><![CDATA[125]]></id_attribute>
<id_product_attribute><![CDATA[7722]]></id_product_attribute>
</product_attribute_combination>
<product_attribute_combination><id_attribute><![CDATA[123]]></id_attribute>
<id_product_attribute><![CDATA[7724]]></id_product_attribute>
</product_attribute_combination>
<product_attribute_combination><id_attribute><![CDATA[124]]></id_attribute>
<id_product_attribute><![CDATA[7725]]></id_product_attribute>
</product_attribute_combination>
<product_attribute_combination><id_attribute><![CDATA[125]]></id_attribute>
<id_product_attribute><![CDATA[7726]]></id_product_attribute>
</product_attribute_combination>
<product_attribute_combination><id_attribute><![CDATA[126]]></id_attribute>
<id_product_attribute><![CDATA[7727]]></id_product_attribute>
</product_attribute_combination>
<product_attribute_combination><id_attribute><![CDATA[126]]></id_attribute>
<id_product_attribute><![CDATA[7728]]></id_product_attribute>
</product_attribute_combination>
<product_attribute_combination><id_attribute><![CDATA[120]]></id_attribute>
<id_product_attribute><![CDATA[7729]]></id_product_attribute>
</product_attribute_combination>
<product_attribute_combination><id_attribute><![CDATA[121]]></id_attribute>
<id_product_attribute><![CDATA[7730]]></id_product_attribute>
</product_attribute_combination>
<product_attribute_combination><id_attribute><![CDATA[122]]></id_attribute>
<id_product_attribute><![CDATA[7731]]></id_product_attribute>
</product_attribute_combination>
<product_attribute_combination><id_attribute><![CDATA[126]]></id_attribute>
<id_product_attribute><![CDATA[7732]]></id_product_attribute>
</product_attribute_combination>
<product_attribute_combination><id_attribute><![CDATA[123]]></id_attribute>
<id_product_attribute><![CDATA[7733]]></id_product_attribute>
</product_attribute_combination>
<product_attribute_combination><id_attribute><![CDATA[124]]></id_attribute>
<id_product_attribute><![CDATA[7734]]></id_product_attribute>
</product_attribute_combination>
<product_attribute_combination><id_attribute><![CDATA[125]]></id_attribute>
<id_product_attribute><![CDATA[7735]]></id_product_attribute>
</product_attribute_combination>
<product_attribute_combination><id_attribute><![CDATA[126]]></id_attribute>
<id_product_attribute><![CDATA[7736]]></id_product_attribute>
</product_attribute_combination>
<product_attribute_combination><id_attribute><![CDATA[47]]></id_attribute>
<id_product_attribute><![CDATA[7737]]></id_product_attribute>
</product_attribute_combination>
<product_attribute_combination><id_attribute><![CDATA[46]]></id_attribute>
<id_product_attribute><![CDATA[7738]]></id_product_attribute>
</product_attribute_combination>
<product_attribute_combination><id_attribute><![CDATA[50]]></id_attribute>
<id_product_attribute><![CDATA[7739]]></id_product_attribute>
</product_attribute_combination>
<product_attribute_combination><id_attribute><![CDATA[49]]></id_attribute>
<id_product_attribute><![CDATA[7740]]></id_product_attribute>
</product_attribute_combination>
<product_attribute_combination><id_attribute><![CDATA[23]]></id_attribute>
<id_product_attribute><![CDATA[7741]]></id_product_attribute>
</product_attribute_combination>
<product_attribute_combination><id_attribute><![CDATA[42]]></id_attribute>
<id_product_attribute><![CDATA[7742]]></id_product_attribute>
</product_attribute_combination>
<product_attribute_combination><id_attribute><![CDATA[43]]></id_attribute>
<id_product_attribute><![CDATA[7743]]></id_product_attribute>
</product_attribute_combination>
<product_attribute_combination><id_attribute><![CDATA[44]]></id_attribute>
<id_product_attribute><![CDATA[7744]]></id_product_attribute>
</product_attribute_combination>
<product_attribute_combination><id_attribute><![CDATA[45]]></id_attribute>
<id_product_attribute><![CDATA[7745]]></id_product_attribute>
</product_attribute_combination>
<product_attribute_combination><id_attribute><![CDATA[48]]></id_attribute>
<id_product_attribute><![CDATA[7746]]></id_product_attribute>
</product_attribute_combination>
<product_attribute_combination><id_attribute><![CDATA[47]]></id_attribute>
<id_product_attribute><![CDATA[7754]]></id_product_attribute>
</product_attribute_combination>
<product_attribute_combination><id_attribute><![CDATA[46]]></id_attribute>
<id_product_attribute><![CDATA[7755]]></id_product_attribute>
</product_attribute_combination>
<product_attribute_combination><id_attribute><![CDATA[50]]></id_attribute>
<id_product_attribute><![CDATA[7756]]></id_product_attribute>
</product_attribute_combination>
<product_attribute_combination><id_attribute><![CDATA[49]]></id_attribute>
<id_product_attribute><![CDATA[7757]]></id_product_attribute>
</product_attribute_combination>
<product_attribute_combination><id_attribute><![CDATA[42]]></id_attribute>
<id_product_attribute><![CDATA[7759]]></id_product_attribute>
</product_attribute_combination>
<product_attribute_combination><id_attribute><![CDATA[43]]></id_attribute>
<id_product_attribute><![CDATA[7760]]></id_product_attribute>
</product_attribute_combination>
<product_attribute_combination><id_attribute><![CDATA[44]]></id_attribute>
<id_product_attribute><![CDATA[7761]]></id_product_attribute>
</product_attribute_combination>
<product_attribute_combination><id_attribute><![CDATA[45]]></id_attribute>
<id_product_attribute><![CDATA[7762]]></id_product_attribute>
</product_attribute_combination>
<product_attribute_combination><id_attribute><![CDATA[48]]></id_attribute>
<id_product_attribute><![CDATA[7763]]></id_product_attribute>
</product_attribute_combination>
<product_attribute_combination><id_attribute><![CDATA[47]]></id_attribute>
<id_product_attribute><![CDATA[7764]]></id_product_attribute>
</product_attribute_combination>
<product_attribute_combination><id_attribute><![CDATA[46]]></id_attribute>
<id_product_attribute><![CDATA[7765]]></id_product_attribute>
</product_attribute_combination>
<product_attribute_combination><id_attribute><![CDATA[23]]></id_attribute>
<id_product_attribute><![CDATA[7768]]></id_product_attribute>
</product_attribute_combination>
<product_attribute_combination><id_attribute><![CDATA[42]]></id_attribute>
<id_product_attribute><![CDATA[7769]]></id_product_attribute>
</product_attribute_combination>
<product_attribute_combination><id_attribute><![CDATA[43]]></id_attribute>
<id_product_attribute><![CDATA[7770]]></id_product_attribute>
</product_attribute_combination>
<product_attribute_combination><id_attribute><![CDATA[44]]></id_attribute>
<id_product_attribute><![CDATA[7771]]></id_product_attribute>
</product_attribute_combination>
<product_attribute_combination><id_attribute><![CDATA[45]]></id_attribute>
<id_product_attribute><![CDATA[7772]]></id_product_attribute>
</product_attribute_combination>
<product_attribute_combination><id_attribute><![CDATA[21]]></id_attribute>
<id_product_attribute><![CDATA[7774]]></id_product_attribute>
</product_attribute_combination>
<product_attribute_combination><id_attribute><![CDATA[22]]></id_attribute>
<id_product_attribute><![CDATA[7775]]></id_product_attribute>
</product_attribute_combination>
<product_attribute_combination><id_attribute><![CDATA[47]]></id_attribute>
<id_product_attribute><![CDATA[7776]]></id_product_attribute>
</product_attribute_combination>
<product_attribute_combination><id_attribute><![CDATA[46]]></id_attribute>
<id_product_attribute><![CDATA[7777]]></id_product_attribute>
</product_attribute_combination>
<product_attribute_combination><id_attribute><![CDATA[23]]></id_attribute>
<id_product_attribute><![CDATA[7780]]></id_product_attribute>
</product_attribute_combination>
<product_attribute_combination><id_attribute><![CDATA[42]]></id_attribute>
<id_product_attribute><![CDATA[7781]]></id_product_attribute>
</product_attribute_combination>
<product_attribute_combination><id_attribute><![CDATA[43]]></id_attribute>
<id_product_attribute><![CDATA[7782]]></id_product_attribute>
</product_attribute_combination>
<product_attribute_combination><id_attribute><![CDATA[44]]></id_attribute>
<id_product_attribute><![CDATA[7783]]></id_product_attribute>
</product_attribute_combination>
<product_attribute_combination><id_attribute><![CDATA[45]]></id_attribute>
<id_product_attribute><![CDATA[7784]]></id_product_attribute>
</product_attribute_combination>
<product_attribute_combination><id_attribute><![CDATA[21]]></id_attribute>
<id_product_attribute><![CDATA[7786]]></id_product_attribute>
</product_attribute_combination>
<product_attribute_combination><id_attribute><![CDATA[22]]></id_attribute>
<id_product_attribute><![CDATA[7787]]></id_product_attribute>
</product_attribute_combination>
<product_attribute_combination><id_attribute><![CDATA[23]]></id_attribute>
<id_product_attribute><![CDATA[7788]]></id_product_attribute>
</product_attribute_combination>
<product_attribute_combination><id_attribute><![CDATA[123]]></id_attribute>
<id_product_attribute><![CDATA[7789]]></id_product_attribute>
</product_attribute_combination>
<product_attribute_combination><id_attribute><![CDATA[124]]></id_attribute>
<id_product_attribute><![CDATA[7790]]></id_product_attribute>
</product_attribute_combination>
<product_attribute_combination><id_attribute><![CDATA[125]]></id_attribute>
<id_product_attribute><![CDATA[7791]]></id_product_attribute>
</product_attribute_combination>
<product_attribute_combination><id_attribute><![CDATA[126]]></id_attribute>
<id_product_attribute><![CDATA[7792]]></id_product_attribute>
</product_attribute_combination>
<product_attribute_combination><id_attribute><![CDATA[1279]]></id_attribute>
<id_product_attribute><![CDATA[7793]]></id_product_attribute>
</product_attribute_combination>
<product_attribute_combination><id_attribute><![CDATA[123]]></id_attribute>
<id_product_attribute><![CDATA[7794]]></id_product_attribute>
</product_attribute_combination>
<product_attribute_combination><id_attribute><![CDATA[124]]></id_attribute>
<id_product_attribute><![CDATA[7795]]></id_product_attribute>
</product_attribute_combination>
<product_attribute_combination><id_attribute><![CDATA[125]]></id_attribute>
<id_product_attribute><![CDATA[7796]]></id_product_attribute>
</product_attribute_combination>
<product_attribute_combination><id_attribute><![CDATA[126]]></id_attribute>
<id_product_attribute><![CDATA[7797]]></id_product_attribute>
</product_attribute_combination>
<product_attribute_combination><id_attribute><![CDATA[123]]></id_attribute>
<id_product_attribute><![CDATA[7798]]></id_product_attribute>
</product_attribute_combination>
<product_attribute_combination><id_attribute><![CDATA[124]]></id_attribute>
<id_product_attribute><![CDATA[7799]]></id_product_attribute>
</product_attribute_combination>
<product_attribute_combination><id_attribute><![CDATA[125]]></id_attribute>
<id_product_attribute><![CDATA[7800]]></id_product_attribute>
</product_attribute_combination>
<product_attribute_combination><id_attribute><![CDATA[126]]></id_attribute>
<id_product_attribute><![CDATA[7801]]></id_product_attribute>
</product_attribute_combination>
<product_attribute_combination><id_attribute><![CDATA[1281]]></id_attribute>
<id_product_attribute><![CDATA[7802]]></id_product_attribute>
</product_attribute_combination>
<product_attribute_combination><id_attribute><![CDATA[1282]]></id_attribute>
<id_product_attribute><![CDATA[7803]]></id_product_attribute>
</product_attribute_combination>
<product_attribute_combination><id_attribute><![CDATA[1283]]></id_attribute>
<id_product_attribute><![CDATA[7804]]></id_product_attribute>
</product_attribute_combination>
<product_attribute_combination><id_attribute><![CDATA[1284]]></id_attribute>
<id_product_attribute><![CDATA[7805]]></id_product_attribute>
</product_attribute_combination>
<product_attribute_combination><id_attribute><![CDATA[1282]]></id_attribute>
<id_product_attribute><![CDATA[7806]]></id_product_attribute>
</product_attribute_combination>
<product_attribute_combination><id_attribute><![CDATA[1283]]></id_attribute>
<id_product_attribute><![CDATA[7807]]></id_product_attribute>
</product_attribute_combination>
<product_attribute_combination><id_attribute><![CDATA[1284]]></id_attribute>
<id_product_attribute><![CDATA[7808]]></id_product_attribute>
</product_attribute_combination>
<product_attribute_combination><id_attribute><![CDATA[120]]></id_attribute>
<id_product_attribute><![CDATA[7809]]></id_product_attribute>
</product_attribute_combination>
<product_attribute_combination><id_attribute><![CDATA[121]]></id_attribute>
<id_product_attribute><![CDATA[7810]]></id_product_attribute>
</product_attribute_combination>
<product_attribute_combination><id_attribute><![CDATA[122]]></id_attribute>
<id_product_attribute><![CDATA[7811]]></id_product_attribute>
</product_attribute_combination>
<product_attribute_combination><id_attribute><![CDATA[126]]></id_attribute>
<id_product_attribute><![CDATA[7812]]></id_product_attribute>
</product_attribute_combination>
<product_attribute_combination><id_attribute><![CDATA[120]]></id_attribute>
<id_product_attribute><![CDATA[7813]]></id_product_attribute>
</product_attribute_combination>
<product_attribute_combination><id_attribute><![CDATA[121]]></id_attribute>
<id_product_attribute><![CDATA[7814]]></id_product_attribute>
</product_attribute_combination>
<product_attribute_combination><id_attribute><![CDATA[122]]></id_attribute>
<id_product_attribute><![CDATA[7815]]></id_product_attribute>
</product_attribute_combination>
<product_attribute_combination><id_attribute><![CDATA[126]]></id_attribute>
<id_product_attribute><![CDATA[7816]]></id_product_attribute>
</product_attribute_combination>
<product_attribute_combination><id_attribute><![CDATA[120]]></id_attribute>
<id_product_attribute><![CDATA[7817]]></id_product_attribute>
</product_attribute_combination>
<product_attribute_combination><id_attribute><![CDATA[121]]></id_attribute>
<id_product_attribute><![CDATA[7818]]></id_product_attribute>
</product_attribute_combination>
<product_attribute_combination><id_attribute><![CDATA[122]]></id_attribute>
<id_product_attribute><![CDATA[7819]]></id_product_attribute>
</product_attribute_combination>
<product_attribute_combination><id_attribute><![CDATA[126]]></id_attribute>
<id_product_attribute><![CDATA[7820]]></id_product_attribute>
</product_attribute_combination>
<product_attribute_combination><id_attribute><![CDATA[120]]></id_attribute>
<id_product_attribute><![CDATA[7821]]></id_product_attribute>
</product_attribute_combination>
<product_attribute_combination><id_attribute><![CDATA[121]]></id_attribute>
<id_product_attribute><![CDATA[7822]]></id_product_attribute>
</product_attribute_combination>
<product_attribute_combination><id_attribute><![CDATA[122]]></id_attribute>
<id_product_attribute><![CDATA[7823]]></id_product_attribute>
</product_attribute_combination>
<product_attribute_combination><id_attribute><![CDATA[126]]></id_attribute>
<id_product_attribute><![CDATA[7824]]></id_product_attribute>
</product_attribute_combination>
<product_attribute_combination><id_attribute><![CDATA[126]]></id_attribute>
<id_product_attribute><![CDATA[7825]]></id_product_attribute>
</product_attribute_combination>
<product_attribute_combination><id_attribute><![CDATA[123]]></id_attribute>
<id_product_attribute><![CDATA[7826]]></id_product_attribute>
</product_attribute_combination>
<product_attribute_combination><id_attribute><![CDATA[124]]></id_attribute>
<id_product_attribute><![CDATA[7827]]></id_product_attribute>
</product_attribute_combination>
<product_attribute_combination><id_attribute><![CDATA[125]]></id_attribute>
<id_product_attribute><![CDATA[7828]]></id_product_attribute>
</product_attribute_combination>
</entity_profile>
