<?xml version="1.0" encoding="UTF-8"?>
<entity_profile>
<state><id_state><![CDATA[1]]></id_state>
<id_country><![CDATA[21]]></id_country>
<id_zone><![CDATA[9]]></id_zone>
<iso_code><![CDATA[AA]]></iso_code>
<name><![CDATA[AA]]></name>
<active><![CDATA[1]]></active>
</state>
<state><id_state><![CDATA[2]]></id_state>
<id_country><![CDATA[21]]></id_country>
<id_zone><![CDATA[9]]></id_zone>
<iso_code><![CDATA[AE]]></iso_code>
<name><![CDATA[AE]]></name>
<active><![CDATA[1]]></active>
</state>
<state><id_state><![CDATA[3]]></id_state>
<id_country><![CDATA[21]]></id_country>
<id_zone><![CDATA[9]]></id_zone>
<iso_code><![CDATA[AP]]></iso_code>
<name><![CDATA[AP]]></name>
<active><![CDATA[1]]></active>
</state>
<state><id_state><![CDATA[4]]></id_state>
<id_country><![CDATA[21]]></id_country>
<id_zone><![CDATA[9]]></id_zone>
<iso_code><![CDATA[AL]]></iso_code>
<name><![CDATA[Alabama]]></name>
<active><![CDATA[1]]></active>
</state>
<state><id_state><![CDATA[5]]></id_state>
<id_country><![CDATA[21]]></id_country>
<id_zone><![CDATA[9]]></id_zone>
<iso_code><![CDATA[AK]]></iso_code>
<name><![CDATA[Alaska]]></name>
<active><![CDATA[1]]></active>
</state>
<state><id_state><![CDATA[6]]></id_state>
<id_country><![CDATA[21]]></id_country>
<id_zone><![CDATA[9]]></id_zone>
<iso_code><![CDATA[AZ]]></iso_code>
<name><![CDATA[Arizona]]></name>
<active><![CDATA[1]]></active>
</state>
<state><id_state><![CDATA[7]]></id_state>
<id_country><![CDATA[21]]></id_country>
<id_zone><![CDATA[9]]></id_zone>
<iso_code><![CDATA[AR]]></iso_code>
<name><![CDATA[Arkansas]]></name>
<active><![CDATA[1]]></active>
</state>
<state><id_state><![CDATA[8]]></id_state>
<id_country><![CDATA[21]]></id_country>
<id_zone><![CDATA[9]]></id_zone>
<iso_code><![CDATA[CA]]></iso_code>
<name><![CDATA[California]]></name>
<active><![CDATA[1]]></active>
</state>
<state><id_state><![CDATA[9]]></id_state>
<id_country><![CDATA[21]]></id_country>
<id_zone><![CDATA[9]]></id_zone>
<iso_code><![CDATA[CO]]></iso_code>
<name><![CDATA[Colorado]]></name>
<active><![CDATA[1]]></active>
</state>
<state><id_state><![CDATA[10]]></id_state>
<id_country><![CDATA[21]]></id_country>
<id_zone><![CDATA[9]]></id_zone>
<iso_code><![CDATA[CT]]></iso_code>
<name><![CDATA[Connecticut]]></name>
<active><![CDATA[1]]></active>
</state>
<state><id_state><![CDATA[11]]></id_state>
<id_country><![CDATA[21]]></id_country>
<id_zone><![CDATA[9]]></id_zone>
<iso_code><![CDATA[DE]]></iso_code>
<name><![CDATA[Delaware]]></name>
<active><![CDATA[1]]></active>
</state>
<state><id_state><![CDATA[12]]></id_state>
<id_country><![CDATA[21]]></id_country>
<id_zone><![CDATA[9]]></id_zone>
<iso_code><![CDATA[FL]]></iso_code>
<name><![CDATA[Florida]]></name>
<active><![CDATA[1]]></active>
</state>
<state><id_state><![CDATA[13]]></id_state>
<id_country><![CDATA[21]]></id_country>
<id_zone><![CDATA[9]]></id_zone>
<iso_code><![CDATA[GA]]></iso_code>
<name><![CDATA[Georgia]]></name>
<active><![CDATA[1]]></active>
</state>
<state><id_state><![CDATA[14]]></id_state>
<id_country><![CDATA[21]]></id_country>
<id_zone><![CDATA[9]]></id_zone>
<iso_code><![CDATA[HI]]></iso_code>
<name><![CDATA[Hawaii]]></name>
<active><![CDATA[1]]></active>
</state>
<state><id_state><![CDATA[15]]></id_state>
<id_country><![CDATA[21]]></id_country>
<id_zone><![CDATA[9]]></id_zone>
<iso_code><![CDATA[ID]]></iso_code>
<name><![CDATA[Idaho]]></name>
<active><![CDATA[1]]></active>
</state>
<state><id_state><![CDATA[16]]></id_state>
<id_country><![CDATA[21]]></id_country>
<id_zone><![CDATA[9]]></id_zone>
<iso_code><![CDATA[IL]]></iso_code>
<name><![CDATA[Illinois]]></name>
<active><![CDATA[1]]></active>
</state>
<state><id_state><![CDATA[17]]></id_state>
<id_country><![CDATA[21]]></id_country>
<id_zone><![CDATA[9]]></id_zone>
<iso_code><![CDATA[IN]]></iso_code>
<name><![CDATA[Indiana]]></name>
<active><![CDATA[1]]></active>
</state>
<state><id_state><![CDATA[18]]></id_state>
<id_country><![CDATA[21]]></id_country>
<id_zone><![CDATA[9]]></id_zone>
<iso_code><![CDATA[IA]]></iso_code>
<name><![CDATA[Iowa]]></name>
<active><![CDATA[1]]></active>
</state>
<state><id_state><![CDATA[19]]></id_state>
<id_country><![CDATA[21]]></id_country>
<id_zone><![CDATA[9]]></id_zone>
<iso_code><![CDATA[KS]]></iso_code>
<name><![CDATA[Kansas]]></name>
<active><![CDATA[1]]></active>
</state>
<state><id_state><![CDATA[20]]></id_state>
<id_country><![CDATA[21]]></id_country>
<id_zone><![CDATA[9]]></id_zone>
<iso_code><![CDATA[KY]]></iso_code>
<name><![CDATA[Kentucky]]></name>
<active><![CDATA[1]]></active>
</state>
<state><id_state><![CDATA[21]]></id_state>
<id_country><![CDATA[21]]></id_country>
<id_zone><![CDATA[9]]></id_zone>
<iso_code><![CDATA[LA]]></iso_code>
<name><![CDATA[Louisiana]]></name>
<active><![CDATA[1]]></active>
</state>
<state><id_state><![CDATA[22]]></id_state>
<id_country><![CDATA[21]]></id_country>
<id_zone><![CDATA[9]]></id_zone>
<iso_code><![CDATA[ME]]></iso_code>
<name><![CDATA[Maine]]></name>
<active><![CDATA[1]]></active>
</state>
<state><id_state><![CDATA[23]]></id_state>
<id_country><![CDATA[21]]></id_country>
<id_zone><![CDATA[9]]></id_zone>
<iso_code><![CDATA[MD]]></iso_code>
<name><![CDATA[Maryland]]></name>
<active><![CDATA[1]]></active>
</state>
<state><id_state><![CDATA[24]]></id_state>
<id_country><![CDATA[21]]></id_country>
<id_zone><![CDATA[9]]></id_zone>
<iso_code><![CDATA[MA]]></iso_code>
<name><![CDATA[Massachusetts]]></name>
<active><![CDATA[1]]></active>
</state>
<state><id_state><![CDATA[25]]></id_state>
<id_country><![CDATA[21]]></id_country>
<id_zone><![CDATA[9]]></id_zone>
<iso_code><![CDATA[MI]]></iso_code>
<name><![CDATA[Michigan]]></name>
<active><![CDATA[1]]></active>
</state>
<state><id_state><![CDATA[26]]></id_state>
<id_country><![CDATA[21]]></id_country>
<id_zone><![CDATA[9]]></id_zone>
<iso_code><![CDATA[MN]]></iso_code>
<name><![CDATA[Minnesota]]></name>
<active><![CDATA[1]]></active>
</state>
<state><id_state><![CDATA[27]]></id_state>
<id_country><![CDATA[21]]></id_country>
<id_zone><![CDATA[9]]></id_zone>
<iso_code><![CDATA[MS]]></iso_code>
<name><![CDATA[Mississippi]]></name>
<active><![CDATA[1]]></active>
</state>
<state><id_state><![CDATA[28]]></id_state>
<id_country><![CDATA[21]]></id_country>
<id_zone><![CDATA[9]]></id_zone>
<iso_code><![CDATA[MO]]></iso_code>
<name><![CDATA[Missouri]]></name>
<active><![CDATA[1]]></active>
</state>
<state><id_state><![CDATA[29]]></id_state>
<id_country><![CDATA[21]]></id_country>
<id_zone><![CDATA[9]]></id_zone>
<iso_code><![CDATA[MT]]></iso_code>
<name><![CDATA[Montana]]></name>
<active><![CDATA[1]]></active>
</state>
<state><id_state><![CDATA[30]]></id_state>
<id_country><![CDATA[21]]></id_country>
<id_zone><![CDATA[9]]></id_zone>
<iso_code><![CDATA[NE]]></iso_code>
<name><![CDATA[Nebraska]]></name>
<active><![CDATA[1]]></active>
</state>
<state><id_state><![CDATA[31]]></id_state>
<id_country><![CDATA[21]]></id_country>
<id_zone><![CDATA[9]]></id_zone>
<iso_code><![CDATA[NV]]></iso_code>
<name><![CDATA[Nevada]]></name>
<active><![CDATA[1]]></active>
</state>
<state><id_state><![CDATA[32]]></id_state>
<id_country><![CDATA[21]]></id_country>
<id_zone><![CDATA[9]]></id_zone>
<iso_code><![CDATA[NH]]></iso_code>
<name><![CDATA[New Hampshire]]></name>
<active><![CDATA[1]]></active>
</state>
<state><id_state><![CDATA[33]]></id_state>
<id_country><![CDATA[21]]></id_country>
<id_zone><![CDATA[9]]></id_zone>
<iso_code><![CDATA[NJ]]></iso_code>
<name><![CDATA[New Jersey]]></name>
<active><![CDATA[1]]></active>
</state>
<state><id_state><![CDATA[34]]></id_state>
<id_country><![CDATA[21]]></id_country>
<id_zone><![CDATA[9]]></id_zone>
<iso_code><![CDATA[NM]]></iso_code>
<name><![CDATA[New Mexico]]></name>
<active><![CDATA[1]]></active>
</state>
<state><id_state><![CDATA[35]]></id_state>
<id_country><![CDATA[21]]></id_country>
<id_zone><![CDATA[9]]></id_zone>
<iso_code><![CDATA[NY]]></iso_code>
<name><![CDATA[New York]]></name>
<active><![CDATA[1]]></active>
</state>
<state><id_state><![CDATA[36]]></id_state>
<id_country><![CDATA[21]]></id_country>
<id_zone><![CDATA[9]]></id_zone>
<iso_code><![CDATA[NC]]></iso_code>
<name><![CDATA[North Carolina]]></name>
<active><![CDATA[1]]></active>
</state>
<state><id_state><![CDATA[37]]></id_state>
<id_country><![CDATA[21]]></id_country>
<id_zone><![CDATA[9]]></id_zone>
<iso_code><![CDATA[ND]]></iso_code>
<name><![CDATA[North Dakota]]></name>
<active><![CDATA[1]]></active>
</state>
<state><id_state><![CDATA[38]]></id_state>
<id_country><![CDATA[21]]></id_country>
<id_zone><![CDATA[9]]></id_zone>
<iso_code><![CDATA[OH]]></iso_code>
<name><![CDATA[Ohio]]></name>
<active><![CDATA[1]]></active>
</state>
<state><id_state><![CDATA[39]]></id_state>
<id_country><![CDATA[21]]></id_country>
<id_zone><![CDATA[9]]></id_zone>
<iso_code><![CDATA[OK]]></iso_code>
<name><![CDATA[Oklahoma]]></name>
<active><![CDATA[1]]></active>
</state>
<state><id_state><![CDATA[40]]></id_state>
<id_country><![CDATA[21]]></id_country>
<id_zone><![CDATA[9]]></id_zone>
<iso_code><![CDATA[OR]]></iso_code>
<name><![CDATA[Oregon]]></name>
<active><![CDATA[1]]></active>
</state>
<state><id_state><![CDATA[41]]></id_state>
<id_country><![CDATA[21]]></id_country>
<id_zone><![CDATA[9]]></id_zone>
<iso_code><![CDATA[PA]]></iso_code>
<name><![CDATA[Pennsylvania]]></name>
<active><![CDATA[1]]></active>
</state>
<state><id_state><![CDATA[42]]></id_state>
<id_country><![CDATA[21]]></id_country>
<id_zone><![CDATA[9]]></id_zone>
<iso_code><![CDATA[RI]]></iso_code>
<name><![CDATA[Rhode Island]]></name>
<active><![CDATA[1]]></active>
</state>
<state><id_state><![CDATA[43]]></id_state>
<id_country><![CDATA[21]]></id_country>
<id_zone><![CDATA[9]]></id_zone>
<iso_code><![CDATA[SC]]></iso_code>
<name><![CDATA[South Carolina]]></name>
<active><![CDATA[1]]></active>
</state>
<state><id_state><![CDATA[44]]></id_state>
<id_country><![CDATA[21]]></id_country>
<id_zone><![CDATA[9]]></id_zone>
<iso_code><![CDATA[SD]]></iso_code>
<name><![CDATA[South Dakota]]></name>
<active><![CDATA[1]]></active>
</state>
<state><id_state><![CDATA[45]]></id_state>
<id_country><![CDATA[21]]></id_country>
<id_zone><![CDATA[9]]></id_zone>
<iso_code><![CDATA[TN]]></iso_code>
<name><![CDATA[Tennessee]]></name>
<active><![CDATA[1]]></active>
</state>
<state><id_state><![CDATA[46]]></id_state>
<id_country><![CDATA[21]]></id_country>
<id_zone><![CDATA[9]]></id_zone>
<iso_code><![CDATA[TX]]></iso_code>
<name><![CDATA[Texas]]></name>
<active><![CDATA[1]]></active>
</state>
<state><id_state><![CDATA[47]]></id_state>
<id_country><![CDATA[21]]></id_country>
<id_zone><![CDATA[9]]></id_zone>
<iso_code><![CDATA[UT]]></iso_code>
<name><![CDATA[Utah]]></name>
<active><![CDATA[1]]></active>
</state>
<state><id_state><![CDATA[48]]></id_state>
<id_country><![CDATA[21]]></id_country>
<id_zone><![CDATA[9]]></id_zone>
<iso_code><![CDATA[VT]]></iso_code>
<name><![CDATA[Vermont]]></name>
<active><![CDATA[1]]></active>
</state>
<state><id_state><![CDATA[49]]></id_state>
<id_country><![CDATA[21]]></id_country>
<id_zone><![CDATA[9]]></id_zone>
<iso_code><![CDATA[VA]]></iso_code>
<name><![CDATA[Virginia]]></name>
<active><![CDATA[1]]></active>
</state>
<state><id_state><![CDATA[50]]></id_state>
<id_country><![CDATA[21]]></id_country>
<id_zone><![CDATA[9]]></id_zone>
<iso_code><![CDATA[WA]]></iso_code>
<name><![CDATA[Washington]]></name>
<active><![CDATA[1]]></active>
</state>
<state><id_state><![CDATA[51]]></id_state>
<id_country><![CDATA[21]]></id_country>
<id_zone><![CDATA[9]]></id_zone>
<iso_code><![CDATA[WV]]></iso_code>
<name><![CDATA[West Virginia]]></name>
<active><![CDATA[1]]></active>
</state>
<state><id_state><![CDATA[52]]></id_state>
<id_country><![CDATA[21]]></id_country>
<id_zone><![CDATA[9]]></id_zone>
<iso_code><![CDATA[WI]]></iso_code>
<name><![CDATA[Wisconsin]]></name>
<active><![CDATA[1]]></active>
</state>
<state><id_state><![CDATA[53]]></id_state>
<id_country><![CDATA[21]]></id_country>
<id_zone><![CDATA[9]]></id_zone>
<iso_code><![CDATA[WY]]></iso_code>
<name><![CDATA[Wyoming]]></name>
<active><![CDATA[1]]></active>
</state>
<state><id_state><![CDATA[54]]></id_state>
<id_country><![CDATA[21]]></id_country>
<id_zone><![CDATA[9]]></id_zone>
<iso_code><![CDATA[PR]]></iso_code>
<name><![CDATA[Puerto Rico]]></name>
<active><![CDATA[1]]></active>
</state>
<state><id_state><![CDATA[55]]></id_state>
<id_country><![CDATA[21]]></id_country>
<id_zone><![CDATA[9]]></id_zone>
<iso_code><![CDATA[VI]]></iso_code>
<name><![CDATA[US Virgin Islands]]></name>
<active><![CDATA[1]]></active>
</state>
<state><id_state><![CDATA[56]]></id_state>
<id_country><![CDATA[21]]></id_country>
<id_zone><![CDATA[9]]></id_zone>
<iso_code><![CDATA[DC]]></iso_code>
<name><![CDATA[District of Columbia]]></name>
<active><![CDATA[1]]></active>
</state>
<state><id_state><![CDATA[57]]></id_state>
<id_country><![CDATA[145]]></id_country>
<id_zone><![CDATA[11]]></id_zone>
<iso_code><![CDATA[AGS]]></iso_code>
<name><![CDATA[Aguascalientes]]></name>
<active><![CDATA[1]]></active>
</state>
<state><id_state><![CDATA[58]]></id_state>
<id_country><![CDATA[145]]></id_country>
<id_zone><![CDATA[11]]></id_zone>
<iso_code><![CDATA[BCN]]></iso_code>
<name><![CDATA[Baja California]]></name>
<active><![CDATA[1]]></active>
</state>
<state><id_state><![CDATA[59]]></id_state>
<id_country><![CDATA[145]]></id_country>
<id_zone><![CDATA[11]]></id_zone>
<iso_code><![CDATA[BCS]]></iso_code>
<name><![CDATA[Baja California Sur]]></name>
<active><![CDATA[1]]></active>
</state>
<state><id_state><![CDATA[60]]></id_state>
<id_country><![CDATA[145]]></id_country>
<id_zone><![CDATA[11]]></id_zone>
<iso_code><![CDATA[CAM]]></iso_code>
<name><![CDATA[Campeche]]></name>
<active><![CDATA[1]]></active>
</state>
<state><id_state><![CDATA[61]]></id_state>
<id_country><![CDATA[145]]></id_country>
<id_zone><![CDATA[11]]></id_zone>
<iso_code><![CDATA[CHP]]></iso_code>
<name><![CDATA[Chiapas]]></name>
<active><![CDATA[1]]></active>
</state>
<state><id_state><![CDATA[62]]></id_state>
<id_country><![CDATA[145]]></id_country>
<id_zone><![CDATA[11]]></id_zone>
<iso_code><![CDATA[CHH]]></iso_code>
<name><![CDATA[Chihuahua]]></name>
<active><![CDATA[1]]></active>
</state>
<state><id_state><![CDATA[63]]></id_state>
<id_country><![CDATA[145]]></id_country>
<id_zone><![CDATA[11]]></id_zone>
<iso_code><![CDATA[COA]]></iso_code>
<name><![CDATA[Coahuila]]></name>
<active><![CDATA[1]]></active>
</state>
<state><id_state><![CDATA[64]]></id_state>
<id_country><![CDATA[145]]></id_country>
<id_zone><![CDATA[11]]></id_zone>
<iso_code><![CDATA[COL]]></iso_code>
<name><![CDATA[Colima]]></name>
<active><![CDATA[1]]></active>
</state>
<state><id_state><![CDATA[65]]></id_state>
<id_country><![CDATA[145]]></id_country>
<id_zone><![CDATA[11]]></id_zone>
<iso_code><![CDATA[DIF]]></iso_code>
<name><![CDATA[Distrito Federal]]></name>
<active><![CDATA[1]]></active>
</state>
<state><id_state><![CDATA[66]]></id_state>
<id_country><![CDATA[145]]></id_country>
<id_zone><![CDATA[11]]></id_zone>
<iso_code><![CDATA[DUR]]></iso_code>
<name><![CDATA[Durango]]></name>
<active><![CDATA[1]]></active>
</state>
<state><id_state><![CDATA[67]]></id_state>
<id_country><![CDATA[145]]></id_country>
<id_zone><![CDATA[11]]></id_zone>
<iso_code><![CDATA[GUA]]></iso_code>
<name><![CDATA[Guanajuato]]></name>
<active><![CDATA[1]]></active>
</state>
<state><id_state><![CDATA[68]]></id_state>
<id_country><![CDATA[145]]></id_country>
<id_zone><![CDATA[11]]></id_zone>
<iso_code><![CDATA[GRO]]></iso_code>
<name><![CDATA[Guerrero]]></name>
<active><![CDATA[1]]></active>
</state>
<state><id_state><![CDATA[69]]></id_state>
<id_country><![CDATA[145]]></id_country>
<id_zone><![CDATA[11]]></id_zone>
<iso_code><![CDATA[HID]]></iso_code>
<name><![CDATA[Hidalgo]]></name>
<active><![CDATA[1]]></active>
</state>
<state><id_state><![CDATA[70]]></id_state>
<id_country><![CDATA[145]]></id_country>
<id_zone><![CDATA[11]]></id_zone>
<iso_code><![CDATA[JAL]]></iso_code>
<name><![CDATA[Jalisco]]></name>
<active><![CDATA[1]]></active>
</state>
<state><id_state><![CDATA[71]]></id_state>
<id_country><![CDATA[145]]></id_country>
<id_zone><![CDATA[11]]></id_zone>
<iso_code><![CDATA[MEX]]></iso_code>
<name><![CDATA[Estado de México]]></name>
<active><![CDATA[1]]></active>
</state>
<state><id_state><![CDATA[72]]></id_state>
<id_country><![CDATA[145]]></id_country>
<id_zone><![CDATA[11]]></id_zone>
<iso_code><![CDATA[MIC]]></iso_code>
<name><![CDATA[Michoacán]]></name>
<active><![CDATA[1]]></active>
</state>
<state><id_state><![CDATA[73]]></id_state>
<id_country><![CDATA[145]]></id_country>
<id_zone><![CDATA[11]]></id_zone>
<iso_code><![CDATA[MOR]]></iso_code>
<name><![CDATA[Morelos]]></name>
<active><![CDATA[1]]></active>
</state>
<state><id_state><![CDATA[74]]></id_state>
<id_country><![CDATA[145]]></id_country>
<id_zone><![CDATA[11]]></id_zone>
<iso_code><![CDATA[NAY]]></iso_code>
<name><![CDATA[Nayarit]]></name>
<active><![CDATA[1]]></active>
</state>
<state><id_state><![CDATA[75]]></id_state>
<id_country><![CDATA[145]]></id_country>
<id_zone><![CDATA[11]]></id_zone>
<iso_code><![CDATA[NLE]]></iso_code>
<name><![CDATA[Nuevo León]]></name>
<active><![CDATA[1]]></active>
</state>
<state><id_state><![CDATA[76]]></id_state>
<id_country><![CDATA[145]]></id_country>
<id_zone><![CDATA[11]]></id_zone>
<iso_code><![CDATA[OAX]]></iso_code>
<name><![CDATA[Oaxaca]]></name>
<active><![CDATA[1]]></active>
</state>
<state><id_state><![CDATA[77]]></id_state>
<id_country><![CDATA[145]]></id_country>
<id_zone><![CDATA[11]]></id_zone>
<iso_code><![CDATA[PUE]]></iso_code>
<name><![CDATA[Puebla]]></name>
<active><![CDATA[1]]></active>
</state>
<state><id_state><![CDATA[78]]></id_state>
<id_country><![CDATA[145]]></id_country>
<id_zone><![CDATA[11]]></id_zone>
<iso_code><![CDATA[QUE]]></iso_code>
<name><![CDATA[Querétaro]]></name>
<active><![CDATA[1]]></active>
</state>
<state><id_state><![CDATA[79]]></id_state>
<id_country><![CDATA[145]]></id_country>
<id_zone><![CDATA[11]]></id_zone>
<iso_code><![CDATA[ROO]]></iso_code>
<name><![CDATA[Quintana Roo]]></name>
<active><![CDATA[1]]></active>
</state>
<state><id_state><![CDATA[80]]></id_state>
<id_country><![CDATA[145]]></id_country>
<id_zone><![CDATA[11]]></id_zone>
<iso_code><![CDATA[SLP]]></iso_code>
<name><![CDATA[San Luis Potosí]]></name>
<active><![CDATA[1]]></active>
</state>
<state><id_state><![CDATA[81]]></id_state>
<id_country><![CDATA[145]]></id_country>
<id_zone><![CDATA[11]]></id_zone>
<iso_code><![CDATA[SIN]]></iso_code>
<name><![CDATA[Sinaloa]]></name>
<active><![CDATA[1]]></active>
</state>
<state><id_state><![CDATA[82]]></id_state>
<id_country><![CDATA[145]]></id_country>
<id_zone><![CDATA[11]]></id_zone>
<iso_code><![CDATA[SON]]></iso_code>
<name><![CDATA[Sonora]]></name>
<active><![CDATA[1]]></active>
</state>
<state><id_state><![CDATA[83]]></id_state>
<id_country><![CDATA[145]]></id_country>
<id_zone><![CDATA[11]]></id_zone>
<iso_code><![CDATA[TAB]]></iso_code>
<name><![CDATA[Tabasco]]></name>
<active><![CDATA[1]]></active>
</state>
<state><id_state><![CDATA[84]]></id_state>
<id_country><![CDATA[145]]></id_country>
<id_zone><![CDATA[11]]></id_zone>
<iso_code><![CDATA[TAM]]></iso_code>
<name><![CDATA[Tamaulipas]]></name>
<active><![CDATA[1]]></active>
</state>
<state><id_state><![CDATA[85]]></id_state>
<id_country><![CDATA[145]]></id_country>
<id_zone><![CDATA[11]]></id_zone>
<iso_code><![CDATA[TLA]]></iso_code>
<name><![CDATA[Tlaxcala]]></name>
<active><![CDATA[1]]></active>
</state>
<state><id_state><![CDATA[86]]></id_state>
<id_country><![CDATA[145]]></id_country>
<id_zone><![CDATA[11]]></id_zone>
<iso_code><![CDATA[VER]]></iso_code>
<name><![CDATA[Veracruz]]></name>
<active><![CDATA[1]]></active>
</state>
<state><id_state><![CDATA[87]]></id_state>
<id_country><![CDATA[145]]></id_country>
<id_zone><![CDATA[11]]></id_zone>
<iso_code><![CDATA[YUC]]></iso_code>
<name><![CDATA[Yucatán]]></name>
<active><![CDATA[1]]></active>
</state>
<state><id_state><![CDATA[88]]></id_state>
<id_country><![CDATA[145]]></id_country>
<id_zone><![CDATA[11]]></id_zone>
<iso_code><![CDATA[ZAC]]></iso_code>
<name><![CDATA[Zacatecas]]></name>
<active><![CDATA[1]]></active>
</state>
<state><id_state><![CDATA[89]]></id_state>
<id_country><![CDATA[4]]></id_country>
<id_zone><![CDATA[10]]></id_zone>
<iso_code><![CDATA[ON]]></iso_code>
<name><![CDATA[Ontario]]></name>
<active><![CDATA[1]]></active>
</state>
<state><id_state><![CDATA[90]]></id_state>
<id_country><![CDATA[4]]></id_country>
<id_zone><![CDATA[10]]></id_zone>
<iso_code><![CDATA[QC]]></iso_code>
<name><![CDATA[Quebec]]></name>
<active><![CDATA[1]]></active>
</state>
<state><id_state><![CDATA[91]]></id_state>
<id_country><![CDATA[4]]></id_country>
<id_zone><![CDATA[10]]></id_zone>
<iso_code><![CDATA[BC]]></iso_code>
<name><![CDATA[British Columbia]]></name>
<active><![CDATA[1]]></active>
</state>
<state><id_state><![CDATA[92]]></id_state>
<id_country><![CDATA[4]]></id_country>
<id_zone><![CDATA[10]]></id_zone>
<iso_code><![CDATA[AB]]></iso_code>
<name><![CDATA[Alberta]]></name>
<active><![CDATA[1]]></active>
</state>
<state><id_state><![CDATA[93]]></id_state>
<id_country><![CDATA[4]]></id_country>
<id_zone><![CDATA[10]]></id_zone>
<iso_code><![CDATA[MB]]></iso_code>
<name><![CDATA[Manitoba]]></name>
<active><![CDATA[1]]></active>
</state>
<state><id_state><![CDATA[94]]></id_state>
<id_country><![CDATA[4]]></id_country>
<id_zone><![CDATA[10]]></id_zone>
<iso_code><![CDATA[SK]]></iso_code>
<name><![CDATA[Saskatchewan]]></name>
<active><![CDATA[1]]></active>
</state>
<state><id_state><![CDATA[95]]></id_state>
<id_country><![CDATA[4]]></id_country>
<id_zone><![CDATA[10]]></id_zone>
<iso_code><![CDATA[NS]]></iso_code>
<name><![CDATA[Nova Scotia]]></name>
<active><![CDATA[1]]></active>
</state>
<state><id_state><![CDATA[96]]></id_state>
<id_country><![CDATA[4]]></id_country>
<id_zone><![CDATA[10]]></id_zone>
<iso_code><![CDATA[NB]]></iso_code>
<name><![CDATA[New Brunswick]]></name>
<active><![CDATA[1]]></active>
</state>
<state><id_state><![CDATA[97]]></id_state>
<id_country><![CDATA[4]]></id_country>
<id_zone><![CDATA[10]]></id_zone>
<iso_code><![CDATA[NL]]></iso_code>
<name><![CDATA[Newfoundland and Labrador]]></name>
<active><![CDATA[1]]></active>
</state>
<state><id_state><![CDATA[98]]></id_state>
<id_country><![CDATA[4]]></id_country>
<id_zone><![CDATA[10]]></id_zone>
<iso_code><![CDATA[PE]]></iso_code>
<name><![CDATA[Prince Edward Island]]></name>
<active><![CDATA[1]]></active>
</state>
<state><id_state><![CDATA[99]]></id_state>
<id_country><![CDATA[4]]></id_country>
<id_zone><![CDATA[10]]></id_zone>
<iso_code><![CDATA[NT]]></iso_code>
<name><![CDATA[Northwest Territories]]></name>
<active><![CDATA[1]]></active>
</state>
<state><id_state><![CDATA[100]]></id_state>
<id_country><![CDATA[4]]></id_country>
<id_zone><![CDATA[10]]></id_zone>
<iso_code><![CDATA[YT]]></iso_code>
<name><![CDATA[Yukon]]></name>
<active><![CDATA[1]]></active>
</state>
<state><id_state><![CDATA[101]]></id_state>
<id_country><![CDATA[4]]></id_country>
<id_zone><![CDATA[10]]></id_zone>
<iso_code><![CDATA[NU]]></iso_code>
<name><![CDATA[Nunavut]]></name>
<active><![CDATA[1]]></active>
</state>
<state><id_state><![CDATA[102]]></id_state>
<id_country><![CDATA[44]]></id_country>
<id_zone><![CDATA[6]]></id_zone>
<iso_code><![CDATA[B]]></iso_code>
<name><![CDATA[Buenos Aires]]></name>
<active><![CDATA[1]]></active>
</state>
<state><id_state><![CDATA[103]]></id_state>
<id_country><![CDATA[44]]></id_country>
<id_zone><![CDATA[6]]></id_zone>
<iso_code><![CDATA[K]]></iso_code>
<name><![CDATA[Catamarca]]></name>
<active><![CDATA[1]]></active>
</state>
<state><id_state><![CDATA[104]]></id_state>
<id_country><![CDATA[44]]></id_country>
<id_zone><![CDATA[6]]></id_zone>
<iso_code><![CDATA[H]]></iso_code>
<name><![CDATA[Chaco]]></name>
<active><![CDATA[1]]></active>
</state>
<state><id_state><![CDATA[105]]></id_state>
<id_country><![CDATA[44]]></id_country>
<id_zone><![CDATA[6]]></id_zone>
<iso_code><![CDATA[U]]></iso_code>
<name><![CDATA[Chubut]]></name>
<active><![CDATA[1]]></active>
</state>
<state><id_state><![CDATA[106]]></id_state>
<id_country><![CDATA[44]]></id_country>
<id_zone><![CDATA[6]]></id_zone>
<iso_code><![CDATA[C]]></iso_code>
<name><![CDATA[Ciudad de Buenos Aires]]></name>
<active><![CDATA[1]]></active>
</state>
<state><id_state><![CDATA[107]]></id_state>
<id_country><![CDATA[44]]></id_country>
<id_zone><![CDATA[6]]></id_zone>
<iso_code><![CDATA[X]]></iso_code>
<name><![CDATA[Córdoba]]></name>
<active><![CDATA[1]]></active>
</state>
<state><id_state><![CDATA[108]]></id_state>
<id_country><![CDATA[44]]></id_country>
<id_zone><![CDATA[6]]></id_zone>
<iso_code><![CDATA[W]]></iso_code>
<name><![CDATA[Corrientes]]></name>
<active><![CDATA[1]]></active>
</state>
<state><id_state><![CDATA[109]]></id_state>
<id_country><![CDATA[44]]></id_country>
<id_zone><![CDATA[6]]></id_zone>
<iso_code><![CDATA[E]]></iso_code>
<name><![CDATA[Entre Ríos]]></name>
<active><![CDATA[1]]></active>
</state>
<state><id_state><![CDATA[110]]></id_state>
<id_country><![CDATA[44]]></id_country>
<id_zone><![CDATA[6]]></id_zone>
<iso_code><![CDATA[P]]></iso_code>
<name><![CDATA[Formosa]]></name>
<active><![CDATA[1]]></active>
</state>
<state><id_state><![CDATA[111]]></id_state>
<id_country><![CDATA[44]]></id_country>
<id_zone><![CDATA[6]]></id_zone>
<iso_code><![CDATA[Y]]></iso_code>
<name><![CDATA[Jujuy]]></name>
<active><![CDATA[1]]></active>
</state>
<state><id_state><![CDATA[112]]></id_state>
<id_country><![CDATA[44]]></id_country>
<id_zone><![CDATA[6]]></id_zone>
<iso_code><![CDATA[L]]></iso_code>
<name><![CDATA[La Pampa]]></name>
<active><![CDATA[1]]></active>
</state>
<state><id_state><![CDATA[113]]></id_state>
<id_country><![CDATA[44]]></id_country>
<id_zone><![CDATA[6]]></id_zone>
<iso_code><![CDATA[F]]></iso_code>
<name><![CDATA[La Rioja]]></name>
<active><![CDATA[1]]></active>
</state>
<state><id_state><![CDATA[114]]></id_state>
<id_country><![CDATA[44]]></id_country>
<id_zone><![CDATA[6]]></id_zone>
<iso_code><![CDATA[M]]></iso_code>
<name><![CDATA[Mendoza]]></name>
<active><![CDATA[1]]></active>
</state>
<state><id_state><![CDATA[115]]></id_state>
<id_country><![CDATA[44]]></id_country>
<id_zone><![CDATA[6]]></id_zone>
<iso_code><![CDATA[N]]></iso_code>
<name><![CDATA[Misiones]]></name>
<active><![CDATA[1]]></active>
</state>
<state><id_state><![CDATA[116]]></id_state>
<id_country><![CDATA[44]]></id_country>
<id_zone><![CDATA[6]]></id_zone>
<iso_code><![CDATA[Q]]></iso_code>
<name><![CDATA[Neuquén]]></name>
<active><![CDATA[1]]></active>
</state>
<state><id_state><![CDATA[117]]></id_state>
<id_country><![CDATA[44]]></id_country>
<id_zone><![CDATA[6]]></id_zone>
<iso_code><![CDATA[R]]></iso_code>
<name><![CDATA[Río Negro]]></name>
<active><![CDATA[1]]></active>
</state>
<state><id_state><![CDATA[118]]></id_state>
<id_country><![CDATA[44]]></id_country>
<id_zone><![CDATA[6]]></id_zone>
<iso_code><![CDATA[A]]></iso_code>
<name><![CDATA[Salta]]></name>
<active><![CDATA[1]]></active>
</state>
<state><id_state><![CDATA[119]]></id_state>
<id_country><![CDATA[44]]></id_country>
<id_zone><![CDATA[6]]></id_zone>
<iso_code><![CDATA[J]]></iso_code>
<name><![CDATA[San Juan]]></name>
<active><![CDATA[1]]></active>
</state>
<state><id_state><![CDATA[120]]></id_state>
<id_country><![CDATA[44]]></id_country>
<id_zone><![CDATA[6]]></id_zone>
<iso_code><![CDATA[D]]></iso_code>
<name><![CDATA[San Luis]]></name>
<active><![CDATA[1]]></active>
</state>
<state><id_state><![CDATA[121]]></id_state>
<id_country><![CDATA[44]]></id_country>
<id_zone><![CDATA[6]]></id_zone>
<iso_code><![CDATA[Z]]></iso_code>
<name><![CDATA[Santa Cruz]]></name>
<active><![CDATA[1]]></active>
</state>
<state><id_state><![CDATA[122]]></id_state>
<id_country><![CDATA[44]]></id_country>
<id_zone><![CDATA[6]]></id_zone>
<iso_code><![CDATA[S]]></iso_code>
<name><![CDATA[Santa Fe]]></name>
<active><![CDATA[1]]></active>
</state>
<state><id_state><![CDATA[123]]></id_state>
<id_country><![CDATA[44]]></id_country>
<id_zone><![CDATA[6]]></id_zone>
<iso_code><![CDATA[G]]></iso_code>
<name><![CDATA[Santiago del Estero]]></name>
<active><![CDATA[1]]></active>
</state>
<state><id_state><![CDATA[124]]></id_state>
<id_country><![CDATA[44]]></id_country>
<id_zone><![CDATA[6]]></id_zone>
<iso_code><![CDATA[V]]></iso_code>
<name><![CDATA[Tierra del Fuego]]></name>
<active><![CDATA[1]]></active>
</state>
<state><id_state><![CDATA[125]]></id_state>
<id_country><![CDATA[44]]></id_country>
<id_zone><![CDATA[6]]></id_zone>
<iso_code><![CDATA[T]]></iso_code>
<name><![CDATA[Tucumán]]></name>
<active><![CDATA[1]]></active>
</state>
<state><id_state><![CDATA[126]]></id_state>
<id_country><![CDATA[10]]></id_country>
<id_zone><![CDATA[1]]></id_zone>
<iso_code><![CDATA[AG]]></iso_code>
<name><![CDATA[Agrigento]]></name>
<active><![CDATA[1]]></active>
</state>
<state><id_state><![CDATA[127]]></id_state>
<id_country><![CDATA[10]]></id_country>
<id_zone><![CDATA[1]]></id_zone>
<iso_code><![CDATA[AL]]></iso_code>
<name><![CDATA[Alessandria]]></name>
<active><![CDATA[1]]></active>
</state>
<state><id_state><![CDATA[128]]></id_state>
<id_country><![CDATA[10]]></id_country>
<id_zone><![CDATA[1]]></id_zone>
<iso_code><![CDATA[AN]]></iso_code>
<name><![CDATA[Ancona]]></name>
<active><![CDATA[1]]></active>
</state>
<state><id_state><![CDATA[129]]></id_state>
<id_country><![CDATA[10]]></id_country>
<id_zone><![CDATA[1]]></id_zone>
<iso_code><![CDATA[AO]]></iso_code>
<name><![CDATA[Aosta]]></name>
<active><![CDATA[1]]></active>
</state>
<state><id_state><![CDATA[130]]></id_state>
<id_country><![CDATA[10]]></id_country>
<id_zone><![CDATA[1]]></id_zone>
<iso_code><![CDATA[AR]]></iso_code>
<name><![CDATA[Arezzo]]></name>
<active><![CDATA[1]]></active>
</state>
<state><id_state><![CDATA[131]]></id_state>
<id_country><![CDATA[10]]></id_country>
<id_zone><![CDATA[1]]></id_zone>
<iso_code><![CDATA[AP]]></iso_code>
<name><![CDATA[Ascoli Piceno]]></name>
<active><![CDATA[1]]></active>
</state>
<state><id_state><![CDATA[132]]></id_state>
<id_country><![CDATA[10]]></id_country>
<id_zone><![CDATA[1]]></id_zone>
<iso_code><![CDATA[AT]]></iso_code>
<name><![CDATA[Asti]]></name>
<active><![CDATA[1]]></active>
</state>
<state><id_state><![CDATA[133]]></id_state>
<id_country><![CDATA[10]]></id_country>
<id_zone><![CDATA[1]]></id_zone>
<iso_code><![CDATA[AV]]></iso_code>
<name><![CDATA[Avellino]]></name>
<active><![CDATA[1]]></active>
</state>
<state><id_state><![CDATA[134]]></id_state>
<id_country><![CDATA[10]]></id_country>
<id_zone><![CDATA[1]]></id_zone>
<iso_code><![CDATA[BA]]></iso_code>
<name><![CDATA[Bari]]></name>
<active><![CDATA[1]]></active>
</state>
<state><id_state><![CDATA[135]]></id_state>
<id_country><![CDATA[10]]></id_country>
<id_zone><![CDATA[1]]></id_zone>
<iso_code><![CDATA[BT]]></iso_code>
<name><![CDATA[Barletta-Andria-Trani]]></name>
<active><![CDATA[1]]></active>
</state>
<state><id_state><![CDATA[136]]></id_state>
<id_country><![CDATA[10]]></id_country>
<id_zone><![CDATA[1]]></id_zone>
<iso_code><![CDATA[BL]]></iso_code>
<name><![CDATA[Belluno]]></name>
<active><![CDATA[1]]></active>
</state>
<state><id_state><![CDATA[137]]></id_state>
<id_country><![CDATA[10]]></id_country>
<id_zone><![CDATA[1]]></id_zone>
<iso_code><![CDATA[BN]]></iso_code>
<name><![CDATA[Benevento]]></name>
<active><![CDATA[1]]></active>
</state>
<state><id_state><![CDATA[138]]></id_state>
<id_country><![CDATA[10]]></id_country>
<id_zone><![CDATA[1]]></id_zone>
<iso_code><![CDATA[BG]]></iso_code>
<name><![CDATA[Bergamo]]></name>
<active><![CDATA[1]]></active>
</state>
<state><id_state><![CDATA[139]]></id_state>
<id_country><![CDATA[10]]></id_country>
<id_zone><![CDATA[1]]></id_zone>
<iso_code><![CDATA[BI]]></iso_code>
<name><![CDATA[Biella]]></name>
<active><![CDATA[1]]></active>
</state>
<state><id_state><![CDATA[140]]></id_state>
<id_country><![CDATA[10]]></id_country>
<id_zone><![CDATA[1]]></id_zone>
<iso_code><![CDATA[BO]]></iso_code>
<name><![CDATA[Bologna]]></name>
<active><![CDATA[1]]></active>
</state>
<state><id_state><![CDATA[141]]></id_state>
<id_country><![CDATA[10]]></id_country>
<id_zone><![CDATA[1]]></id_zone>
<iso_code><![CDATA[BZ]]></iso_code>
<name><![CDATA[Bolzano]]></name>
<active><![CDATA[1]]></active>
</state>
<state><id_state><![CDATA[142]]></id_state>
<id_country><![CDATA[10]]></id_country>
<id_zone><![CDATA[1]]></id_zone>
<iso_code><![CDATA[BS]]></iso_code>
<name><![CDATA[Brescia]]></name>
<active><![CDATA[1]]></active>
</state>
<state><id_state><![CDATA[143]]></id_state>
<id_country><![CDATA[10]]></id_country>
<id_zone><![CDATA[1]]></id_zone>
<iso_code><![CDATA[BR]]></iso_code>
<name><![CDATA[Brindisi]]></name>
<active><![CDATA[1]]></active>
</state>
<state><id_state><![CDATA[144]]></id_state>
<id_country><![CDATA[10]]></id_country>
<id_zone><![CDATA[1]]></id_zone>
<iso_code><![CDATA[CA]]></iso_code>
<name><![CDATA[Cagliari]]></name>
<active><![CDATA[1]]></active>
</state>
<state><id_state><![CDATA[145]]></id_state>
<id_country><![CDATA[10]]></id_country>
<id_zone><![CDATA[1]]></id_zone>
<iso_code><![CDATA[CL]]></iso_code>
<name><![CDATA[Caltanissetta]]></name>
<active><![CDATA[1]]></active>
</state>
<state><id_state><![CDATA[146]]></id_state>
<id_country><![CDATA[10]]></id_country>
<id_zone><![CDATA[1]]></id_zone>
<iso_code><![CDATA[CB]]></iso_code>
<name><![CDATA[Campobasso]]></name>
<active><![CDATA[1]]></active>
</state>
<state><id_state><![CDATA[147]]></id_state>
<id_country><![CDATA[10]]></id_country>
<id_zone><![CDATA[1]]></id_zone>
<iso_code><![CDATA[CI]]></iso_code>
<name><![CDATA[Carbonia-Iglesias]]></name>
<active><![CDATA[1]]></active>
</state>
<state><id_state><![CDATA[148]]></id_state>
<id_country><![CDATA[10]]></id_country>
<id_zone><![CDATA[1]]></id_zone>
<iso_code><![CDATA[CE]]></iso_code>
<name><![CDATA[Caserta]]></name>
<active><![CDATA[1]]></active>
</state>
<state><id_state><![CDATA[149]]></id_state>
<id_country><![CDATA[10]]></id_country>
<id_zone><![CDATA[1]]></id_zone>
<iso_code><![CDATA[CT]]></iso_code>
<name><![CDATA[Catania]]></name>
<active><![CDATA[1]]></active>
</state>
<state><id_state><![CDATA[150]]></id_state>
<id_country><![CDATA[10]]></id_country>
<id_zone><![CDATA[1]]></id_zone>
<iso_code><![CDATA[CZ]]></iso_code>
<name><![CDATA[Catanzaro]]></name>
<active><![CDATA[1]]></active>
</state>
<state><id_state><![CDATA[151]]></id_state>
<id_country><![CDATA[10]]></id_country>
<id_zone><![CDATA[1]]></id_zone>
<iso_code><![CDATA[CH]]></iso_code>
<name><![CDATA[Chieti]]></name>
<active><![CDATA[1]]></active>
</state>
<state><id_state><![CDATA[152]]></id_state>
<id_country><![CDATA[10]]></id_country>
<id_zone><![CDATA[1]]></id_zone>
<iso_code><![CDATA[CO]]></iso_code>
<name><![CDATA[Como]]></name>
<active><![CDATA[1]]></active>
</state>
<state><id_state><![CDATA[153]]></id_state>
<id_country><![CDATA[10]]></id_country>
<id_zone><![CDATA[1]]></id_zone>
<iso_code><![CDATA[CS]]></iso_code>
<name><![CDATA[Cosenza]]></name>
<active><![CDATA[1]]></active>
</state>
<state><id_state><![CDATA[154]]></id_state>
<id_country><![CDATA[10]]></id_country>
<id_zone><![CDATA[1]]></id_zone>
<iso_code><![CDATA[CR]]></iso_code>
<name><![CDATA[Cremona]]></name>
<active><![CDATA[1]]></active>
</state>
<state><id_state><![CDATA[155]]></id_state>
<id_country><![CDATA[10]]></id_country>
<id_zone><![CDATA[1]]></id_zone>
<iso_code><![CDATA[KR]]></iso_code>
<name><![CDATA[Crotone]]></name>
<active><![CDATA[1]]></active>
</state>
<state><id_state><![CDATA[156]]></id_state>
<id_country><![CDATA[10]]></id_country>
<id_zone><![CDATA[1]]></id_zone>
<iso_code><![CDATA[CN]]></iso_code>
<name><![CDATA[Cuneo]]></name>
<active><![CDATA[1]]></active>
</state>
<state><id_state><![CDATA[157]]></id_state>
<id_country><![CDATA[10]]></id_country>
<id_zone><![CDATA[1]]></id_zone>
<iso_code><![CDATA[EN]]></iso_code>
<name><![CDATA[Enna]]></name>
<active><![CDATA[1]]></active>
</state>
<state><id_state><![CDATA[158]]></id_state>
<id_country><![CDATA[10]]></id_country>
<id_zone><![CDATA[1]]></id_zone>
<iso_code><![CDATA[FM]]></iso_code>
<name><![CDATA[Fermo]]></name>
<active><![CDATA[1]]></active>
</state>
<state><id_state><![CDATA[159]]></id_state>
<id_country><![CDATA[10]]></id_country>
<id_zone><![CDATA[1]]></id_zone>
<iso_code><![CDATA[FE]]></iso_code>
<name><![CDATA[Ferrara]]></name>
<active><![CDATA[1]]></active>
</state>
<state><id_state><![CDATA[160]]></id_state>
<id_country><![CDATA[10]]></id_country>
<id_zone><![CDATA[1]]></id_zone>
<iso_code><![CDATA[FI]]></iso_code>
<name><![CDATA[Firenze]]></name>
<active><![CDATA[1]]></active>
</state>
<state><id_state><![CDATA[161]]></id_state>
<id_country><![CDATA[10]]></id_country>
<id_zone><![CDATA[1]]></id_zone>
<iso_code><![CDATA[FG]]></iso_code>
<name><![CDATA[Foggia]]></name>
<active><![CDATA[1]]></active>
</state>
<state><id_state><![CDATA[162]]></id_state>
<id_country><![CDATA[10]]></id_country>
<id_zone><![CDATA[1]]></id_zone>
<iso_code><![CDATA[FC]]></iso_code>
<name><![CDATA[Forlì-Cesena]]></name>
<active><![CDATA[1]]></active>
</state>
<state><id_state><![CDATA[163]]></id_state>
<id_country><![CDATA[10]]></id_country>
<id_zone><![CDATA[1]]></id_zone>
<iso_code><![CDATA[FR]]></iso_code>
<name><![CDATA[Frosinone]]></name>
<active><![CDATA[1]]></active>
</state>
<state><id_state><![CDATA[164]]></id_state>
<id_country><![CDATA[10]]></id_country>
<id_zone><![CDATA[1]]></id_zone>
<iso_code><![CDATA[GE]]></iso_code>
<name><![CDATA[Genova]]></name>
<active><![CDATA[1]]></active>
</state>
<state><id_state><![CDATA[165]]></id_state>
<id_country><![CDATA[10]]></id_country>
<id_zone><![CDATA[1]]></id_zone>
<iso_code><![CDATA[GO]]></iso_code>
<name><![CDATA[Gorizia]]></name>
<active><![CDATA[1]]></active>
</state>
<state><id_state><![CDATA[166]]></id_state>
<id_country><![CDATA[10]]></id_country>
<id_zone><![CDATA[1]]></id_zone>
<iso_code><![CDATA[GR]]></iso_code>
<name><![CDATA[Grosseto]]></name>
<active><![CDATA[1]]></active>
</state>
<state><id_state><![CDATA[167]]></id_state>
<id_country><![CDATA[10]]></id_country>
<id_zone><![CDATA[1]]></id_zone>
<iso_code><![CDATA[IM]]></iso_code>
<name><![CDATA[Imperia]]></name>
<active><![CDATA[1]]></active>
</state>
<state><id_state><![CDATA[168]]></id_state>
<id_country><![CDATA[10]]></id_country>
<id_zone><![CDATA[1]]></id_zone>
<iso_code><![CDATA[IS]]></iso_code>
<name><![CDATA[Isernia]]></name>
<active><![CDATA[1]]></active>
</state>
<state><id_state><![CDATA[169]]></id_state>
<id_country><![CDATA[10]]></id_country>
<id_zone><![CDATA[1]]></id_zone>
<iso_code><![CDATA[AQ]]></iso_code>
<name><![CDATA[L'Aquila]]></name>
<active><![CDATA[1]]></active>
</state>
<state><id_state><![CDATA[170]]></id_state>
<id_country><![CDATA[10]]></id_country>
<id_zone><![CDATA[1]]></id_zone>
<iso_code><![CDATA[SP]]></iso_code>
<name><![CDATA[La Spezia]]></name>
<active><![CDATA[1]]></active>
</state>
<state><id_state><![CDATA[171]]></id_state>
<id_country><![CDATA[10]]></id_country>
<id_zone><![CDATA[1]]></id_zone>
<iso_code><![CDATA[LT]]></iso_code>
<name><![CDATA[Latina]]></name>
<active><![CDATA[1]]></active>
</state>
<state><id_state><![CDATA[172]]></id_state>
<id_country><![CDATA[10]]></id_country>
<id_zone><![CDATA[1]]></id_zone>
<iso_code><![CDATA[LE]]></iso_code>
<name><![CDATA[Lecce]]></name>
<active><![CDATA[1]]></active>
</state>
<state><id_state><![CDATA[173]]></id_state>
<id_country><![CDATA[10]]></id_country>
<id_zone><![CDATA[1]]></id_zone>
<iso_code><![CDATA[LC]]></iso_code>
<name><![CDATA[Lecco]]></name>
<active><![CDATA[1]]></active>
</state>
<state><id_state><![CDATA[174]]></id_state>
<id_country><![CDATA[10]]></id_country>
<id_zone><![CDATA[1]]></id_zone>
<iso_code><![CDATA[LI]]></iso_code>
<name><![CDATA[Livorno]]></name>
<active><![CDATA[1]]></active>
</state>
<state><id_state><![CDATA[175]]></id_state>
<id_country><![CDATA[10]]></id_country>
<id_zone><![CDATA[1]]></id_zone>
<iso_code><![CDATA[LO]]></iso_code>
<name><![CDATA[Lodi]]></name>
<active><![CDATA[1]]></active>
</state>
<state><id_state><![CDATA[176]]></id_state>
<id_country><![CDATA[10]]></id_country>
<id_zone><![CDATA[1]]></id_zone>
<iso_code><![CDATA[LU]]></iso_code>
<name><![CDATA[Lucca]]></name>
<active><![CDATA[1]]></active>
</state>
<state><id_state><![CDATA[177]]></id_state>
<id_country><![CDATA[10]]></id_country>
<id_zone><![CDATA[1]]></id_zone>
<iso_code><![CDATA[MC]]></iso_code>
<name><![CDATA[Macerata]]></name>
<active><![CDATA[1]]></active>
</state>
<state><id_state><![CDATA[178]]></id_state>
<id_country><![CDATA[10]]></id_country>
<id_zone><![CDATA[1]]></id_zone>
<iso_code><![CDATA[MN]]></iso_code>
<name><![CDATA[Mantova]]></name>
<active><![CDATA[1]]></active>
</state>
<state><id_state><![CDATA[179]]></id_state>
<id_country><![CDATA[10]]></id_country>
<id_zone><![CDATA[1]]></id_zone>
<iso_code><![CDATA[MS]]></iso_code>
<name><![CDATA[Massa]]></name>
<active><![CDATA[1]]></active>
</state>
<state><id_state><![CDATA[180]]></id_state>
<id_country><![CDATA[10]]></id_country>
<id_zone><![CDATA[1]]></id_zone>
<iso_code><![CDATA[MT]]></iso_code>
<name><![CDATA[Matera]]></name>
<active><![CDATA[1]]></active>
</state>
<state><id_state><![CDATA[181]]></id_state>
<id_country><![CDATA[10]]></id_country>
<id_zone><![CDATA[1]]></id_zone>
<iso_code><![CDATA[VS]]></iso_code>
<name><![CDATA[Medio Campidano]]></name>
<active><![CDATA[1]]></active>
</state>
<state><id_state><![CDATA[182]]></id_state>
<id_country><![CDATA[10]]></id_country>
<id_zone><![CDATA[1]]></id_zone>
<iso_code><![CDATA[ME]]></iso_code>
<name><![CDATA[Messina]]></name>
<active><![CDATA[1]]></active>
</state>
<state><id_state><![CDATA[183]]></id_state>
<id_country><![CDATA[10]]></id_country>
<id_zone><![CDATA[1]]></id_zone>
<iso_code><![CDATA[MI]]></iso_code>
<name><![CDATA[Milano]]></name>
<active><![CDATA[1]]></active>
</state>
<state><id_state><![CDATA[184]]></id_state>
<id_country><![CDATA[10]]></id_country>
<id_zone><![CDATA[1]]></id_zone>
<iso_code><![CDATA[MO]]></iso_code>
<name><![CDATA[Modena]]></name>
<active><![CDATA[1]]></active>
</state>
<state><id_state><![CDATA[185]]></id_state>
<id_country><![CDATA[10]]></id_country>
<id_zone><![CDATA[1]]></id_zone>
<iso_code><![CDATA[MB]]></iso_code>
<name><![CDATA[Monza e della Brianza]]></name>
<active><![CDATA[1]]></active>
</state>
<state><id_state><![CDATA[186]]></id_state>
<id_country><![CDATA[10]]></id_country>
<id_zone><![CDATA[1]]></id_zone>
<iso_code><![CDATA[NA]]></iso_code>
<name><![CDATA[Napoli]]></name>
<active><![CDATA[1]]></active>
</state>
<state><id_state><![CDATA[187]]></id_state>
<id_country><![CDATA[10]]></id_country>
<id_zone><![CDATA[1]]></id_zone>
<iso_code><![CDATA[NO]]></iso_code>
<name><![CDATA[Novara]]></name>
<active><![CDATA[1]]></active>
</state>
<state><id_state><![CDATA[188]]></id_state>
<id_country><![CDATA[10]]></id_country>
<id_zone><![CDATA[1]]></id_zone>
<iso_code><![CDATA[NU]]></iso_code>
<name><![CDATA[Nuoro]]></name>
<active><![CDATA[1]]></active>
</state>
<state><id_state><![CDATA[189]]></id_state>
<id_country><![CDATA[10]]></id_country>
<id_zone><![CDATA[1]]></id_zone>
<iso_code><![CDATA[OG]]></iso_code>
<name><![CDATA[Ogliastra]]></name>
<active><![CDATA[1]]></active>
</state>
<state><id_state><![CDATA[190]]></id_state>
<id_country><![CDATA[10]]></id_country>
<id_zone><![CDATA[1]]></id_zone>
<iso_code><![CDATA[OT]]></iso_code>
<name><![CDATA[Olbia-Tempio]]></name>
<active><![CDATA[1]]></active>
</state>
<state><id_state><![CDATA[191]]></id_state>
<id_country><![CDATA[10]]></id_country>
<id_zone><![CDATA[1]]></id_zone>
<iso_code><![CDATA[OR]]></iso_code>
<name><![CDATA[Oristano]]></name>
<active><![CDATA[1]]></active>
</state>
<state><id_state><![CDATA[192]]></id_state>
<id_country><![CDATA[10]]></id_country>
<id_zone><![CDATA[1]]></id_zone>
<iso_code><![CDATA[PD]]></iso_code>
<name><![CDATA[Padova]]></name>
<active><![CDATA[1]]></active>
</state>
<state><id_state><![CDATA[193]]></id_state>
<id_country><![CDATA[10]]></id_country>
<id_zone><![CDATA[1]]></id_zone>
<iso_code><![CDATA[PA]]></iso_code>
<name><![CDATA[Palermo]]></name>
<active><![CDATA[1]]></active>
</state>
<state><id_state><![CDATA[194]]></id_state>
<id_country><![CDATA[10]]></id_country>
<id_zone><![CDATA[1]]></id_zone>
<iso_code><![CDATA[PR]]></iso_code>
<name><![CDATA[Parma]]></name>
<active><![CDATA[1]]></active>
</state>
<state><id_state><![CDATA[195]]></id_state>
<id_country><![CDATA[10]]></id_country>
<id_zone><![CDATA[1]]></id_zone>
<iso_code><![CDATA[PV]]></iso_code>
<name><![CDATA[Pavia]]></name>
<active><![CDATA[1]]></active>
</state>
<state><id_state><![CDATA[196]]></id_state>
<id_country><![CDATA[10]]></id_country>
<id_zone><![CDATA[1]]></id_zone>
<iso_code><![CDATA[PG]]></iso_code>
<name><![CDATA[Perugia]]></name>
<active><![CDATA[1]]></active>
</state>
<state><id_state><![CDATA[197]]></id_state>
<id_country><![CDATA[10]]></id_country>
<id_zone><![CDATA[1]]></id_zone>
<iso_code><![CDATA[PU]]></iso_code>
<name><![CDATA[Pesaro-Urbino]]></name>
<active><![CDATA[1]]></active>
</state>
<state><id_state><![CDATA[198]]></id_state>
<id_country><![CDATA[10]]></id_country>
<id_zone><![CDATA[1]]></id_zone>
<iso_code><![CDATA[PE]]></iso_code>
<name><![CDATA[Pescara]]></name>
<active><![CDATA[1]]></active>
</state>
<state><id_state><![CDATA[199]]></id_state>
<id_country><![CDATA[10]]></id_country>
<id_zone><![CDATA[1]]></id_zone>
<iso_code><![CDATA[PC]]></iso_code>
<name><![CDATA[Piacenza]]></name>
<active><![CDATA[1]]></active>
</state>
<state><id_state><![CDATA[200]]></id_state>
<id_country><![CDATA[10]]></id_country>
<id_zone><![CDATA[1]]></id_zone>
<iso_code><![CDATA[PI]]></iso_code>
<name><![CDATA[Pisa]]></name>
<active><![CDATA[1]]></active>
</state>
<state><id_state><![CDATA[201]]></id_state>
<id_country><![CDATA[10]]></id_country>
<id_zone><![CDATA[1]]></id_zone>
<iso_code><![CDATA[PT]]></iso_code>
<name><![CDATA[Pistoia]]></name>
<active><![CDATA[1]]></active>
</state>
<state><id_state><![CDATA[202]]></id_state>
<id_country><![CDATA[10]]></id_country>
<id_zone><![CDATA[1]]></id_zone>
<iso_code><![CDATA[PN]]></iso_code>
<name><![CDATA[Pordenone]]></name>
<active><![CDATA[1]]></active>
</state>
<state><id_state><![CDATA[203]]></id_state>
<id_country><![CDATA[10]]></id_country>
<id_zone><![CDATA[1]]></id_zone>
<iso_code><![CDATA[PZ]]></iso_code>
<name><![CDATA[Potenza]]></name>
<active><![CDATA[1]]></active>
</state>
<state><id_state><![CDATA[204]]></id_state>
<id_country><![CDATA[10]]></id_country>
<id_zone><![CDATA[1]]></id_zone>
<iso_code><![CDATA[PO]]></iso_code>
<name><![CDATA[Prato]]></name>
<active><![CDATA[1]]></active>
</state>
<state><id_state><![CDATA[205]]></id_state>
<id_country><![CDATA[10]]></id_country>
<id_zone><![CDATA[1]]></id_zone>
<iso_code><![CDATA[RG]]></iso_code>
<name><![CDATA[Ragusa]]></name>
<active><![CDATA[1]]></active>
</state>
<state><id_state><![CDATA[206]]></id_state>
<id_country><![CDATA[10]]></id_country>
<id_zone><![CDATA[1]]></id_zone>
<iso_code><![CDATA[RA]]></iso_code>
<name><![CDATA[Ravenna]]></name>
<active><![CDATA[1]]></active>
</state>
<state><id_state><![CDATA[207]]></id_state>
<id_country><![CDATA[10]]></id_country>
<id_zone><![CDATA[1]]></id_zone>
<iso_code><![CDATA[RC]]></iso_code>
<name><![CDATA[Reggio Calabria]]></name>
<active><![CDATA[1]]></active>
</state>
<state><id_state><![CDATA[208]]></id_state>
<id_country><![CDATA[10]]></id_country>
<id_zone><![CDATA[1]]></id_zone>
<iso_code><![CDATA[RE]]></iso_code>
<name><![CDATA[Reggio Emilia]]></name>
<active><![CDATA[1]]></active>
</state>
<state><id_state><![CDATA[209]]></id_state>
<id_country><![CDATA[10]]></id_country>
<id_zone><![CDATA[1]]></id_zone>
<iso_code><![CDATA[RI]]></iso_code>
<name><![CDATA[Rieti]]></name>
<active><![CDATA[1]]></active>
</state>
<state><id_state><![CDATA[210]]></id_state>
<id_country><![CDATA[10]]></id_country>
<id_zone><![CDATA[1]]></id_zone>
<iso_code><![CDATA[RN]]></iso_code>
<name><![CDATA[Rimini]]></name>
<active><![CDATA[1]]></active>
</state>
<state><id_state><![CDATA[211]]></id_state>
<id_country><![CDATA[10]]></id_country>
<id_zone><![CDATA[1]]></id_zone>
<iso_code><![CDATA[RM]]></iso_code>
<name><![CDATA[Roma]]></name>
<active><![CDATA[1]]></active>
</state>
<state><id_state><![CDATA[212]]></id_state>
<id_country><![CDATA[10]]></id_country>
<id_zone><![CDATA[1]]></id_zone>
<iso_code><![CDATA[RO]]></iso_code>
<name><![CDATA[Rovigo]]></name>
<active><![CDATA[1]]></active>
</state>
<state><id_state><![CDATA[213]]></id_state>
<id_country><![CDATA[10]]></id_country>
<id_zone><![CDATA[1]]></id_zone>
<iso_code><![CDATA[SA]]></iso_code>
<name><![CDATA[Salerno]]></name>
<active><![CDATA[1]]></active>
</state>
<state><id_state><![CDATA[214]]></id_state>
<id_country><![CDATA[10]]></id_country>
<id_zone><![CDATA[1]]></id_zone>
<iso_code><![CDATA[SS]]></iso_code>
<name><![CDATA[Sassari]]></name>
<active><![CDATA[1]]></active>
</state>
<state><id_state><![CDATA[215]]></id_state>
<id_country><![CDATA[10]]></id_country>
<id_zone><![CDATA[1]]></id_zone>
<iso_code><![CDATA[SV]]></iso_code>
<name><![CDATA[Savona]]></name>
<active><![CDATA[1]]></active>
</state>
<state><id_state><![CDATA[216]]></id_state>
<id_country><![CDATA[10]]></id_country>
<id_zone><![CDATA[1]]></id_zone>
<iso_code><![CDATA[SI]]></iso_code>
<name><![CDATA[Siena]]></name>
<active><![CDATA[1]]></active>
</state>
<state><id_state><![CDATA[217]]></id_state>
<id_country><![CDATA[10]]></id_country>
<id_zone><![CDATA[1]]></id_zone>
<iso_code><![CDATA[SR]]></iso_code>
<name><![CDATA[Siracusa]]></name>
<active><![CDATA[1]]></active>
</state>
<state><id_state><![CDATA[218]]></id_state>
<id_country><![CDATA[10]]></id_country>
<id_zone><![CDATA[1]]></id_zone>
<iso_code><![CDATA[SO]]></iso_code>
<name><![CDATA[Sondrio]]></name>
<active><![CDATA[1]]></active>
</state>
<state><id_state><![CDATA[219]]></id_state>
<id_country><![CDATA[10]]></id_country>
<id_zone><![CDATA[1]]></id_zone>
<iso_code><![CDATA[TA]]></iso_code>
<name><![CDATA[Taranto]]></name>
<active><![CDATA[1]]></active>
</state>
<state><id_state><![CDATA[220]]></id_state>
<id_country><![CDATA[10]]></id_country>
<id_zone><![CDATA[1]]></id_zone>
<iso_code><![CDATA[TE]]></iso_code>
<name><![CDATA[Teramo]]></name>
<active><![CDATA[1]]></active>
</state>
<state><id_state><![CDATA[221]]></id_state>
<id_country><![CDATA[10]]></id_country>
<id_zone><![CDATA[1]]></id_zone>
<iso_code><![CDATA[TR]]></iso_code>
<name><![CDATA[Terni]]></name>
<active><![CDATA[1]]></active>
</state>
<state><id_state><![CDATA[222]]></id_state>
<id_country><![CDATA[10]]></id_country>
<id_zone><![CDATA[1]]></id_zone>
<iso_code><![CDATA[TO]]></iso_code>
<name><![CDATA[Torino]]></name>
<active><![CDATA[1]]></active>
</state>
<state><id_state><![CDATA[223]]></id_state>
<id_country><![CDATA[10]]></id_country>
<id_zone><![CDATA[1]]></id_zone>
<iso_code><![CDATA[TP]]></iso_code>
<name><![CDATA[Trapani]]></name>
<active><![CDATA[1]]></active>
</state>
<state><id_state><![CDATA[224]]></id_state>
<id_country><![CDATA[10]]></id_country>
<id_zone><![CDATA[1]]></id_zone>
<iso_code><![CDATA[TN]]></iso_code>
<name><![CDATA[Trento]]></name>
<active><![CDATA[1]]></active>
</state>
<state><id_state><![CDATA[225]]></id_state>
<id_country><![CDATA[10]]></id_country>
<id_zone><![CDATA[1]]></id_zone>
<iso_code><![CDATA[TV]]></iso_code>
<name><![CDATA[Treviso]]></name>
<active><![CDATA[1]]></active>
</state>
<state><id_state><![CDATA[226]]></id_state>
<id_country><![CDATA[10]]></id_country>
<id_zone><![CDATA[1]]></id_zone>
<iso_code><![CDATA[TS]]></iso_code>
<name><![CDATA[Trieste]]></name>
<active><![CDATA[1]]></active>
</state>
<state><id_state><![CDATA[227]]></id_state>
<id_country><![CDATA[10]]></id_country>
<id_zone><![CDATA[1]]></id_zone>
<iso_code><![CDATA[UD]]></iso_code>
<name><![CDATA[Udine]]></name>
<active><![CDATA[1]]></active>
</state>
<state><id_state><![CDATA[228]]></id_state>
<id_country><![CDATA[10]]></id_country>
<id_zone><![CDATA[1]]></id_zone>
<iso_code><![CDATA[VA]]></iso_code>
<name><![CDATA[Varese]]></name>
<active><![CDATA[1]]></active>
</state>
<state><id_state><![CDATA[229]]></id_state>
<id_country><![CDATA[10]]></id_country>
<id_zone><![CDATA[1]]></id_zone>
<iso_code><![CDATA[VE]]></iso_code>
<name><![CDATA[Venezia]]></name>
<active><![CDATA[1]]></active>
</state>
<state><id_state><![CDATA[230]]></id_state>
<id_country><![CDATA[10]]></id_country>
<id_zone><![CDATA[1]]></id_zone>
<iso_code><![CDATA[VB]]></iso_code>
<name><![CDATA[Verbano-Cusio-Ossola]]></name>
<active><![CDATA[1]]></active>
</state>
<state><id_state><![CDATA[231]]></id_state>
<id_country><![CDATA[10]]></id_country>
<id_zone><![CDATA[1]]></id_zone>
<iso_code><![CDATA[VC]]></iso_code>
<name><![CDATA[Vercelli]]></name>
<active><![CDATA[1]]></active>
</state>
<state><id_state><![CDATA[232]]></id_state>
<id_country><![CDATA[10]]></id_country>
<id_zone><![CDATA[1]]></id_zone>
<iso_code><![CDATA[VR]]></iso_code>
<name><![CDATA[Verona]]></name>
<active><![CDATA[1]]></active>
</state>
<state><id_state><![CDATA[233]]></id_state>
<id_country><![CDATA[10]]></id_country>
<id_zone><![CDATA[1]]></id_zone>
<iso_code><![CDATA[VV]]></iso_code>
<name><![CDATA[Vibo Valentia]]></name>
<active><![CDATA[1]]></active>
</state>
<state><id_state><![CDATA[234]]></id_state>
<id_country><![CDATA[10]]></id_country>
<id_zone><![CDATA[1]]></id_zone>
<iso_code><![CDATA[VI]]></iso_code>
<name><![CDATA[Vicenza]]></name>
<active><![CDATA[1]]></active>
</state>
<state><id_state><![CDATA[235]]></id_state>
<id_country><![CDATA[10]]></id_country>
<id_zone><![CDATA[1]]></id_zone>
<iso_code><![CDATA[VT]]></iso_code>
<name><![CDATA[Viterbo]]></name>
<active><![CDATA[1]]></active>
</state>
<state><id_state><![CDATA[236]]></id_state>
<id_country><![CDATA[111]]></id_country>
<id_zone><![CDATA[3]]></id_zone>
<iso_code><![CDATA[ID-AC]]></iso_code>
<name><![CDATA[Aceh]]></name>
<active><![CDATA[1]]></active>
</state>
<state><id_state><![CDATA[237]]></id_state>
<id_country><![CDATA[111]]></id_country>
<id_zone><![CDATA[3]]></id_zone>
<iso_code><![CDATA[ID-BA]]></iso_code>
<name><![CDATA[Bali]]></name>
<active><![CDATA[1]]></active>
</state>
<state><id_state><![CDATA[238]]></id_state>
<id_country><![CDATA[111]]></id_country>
<id_zone><![CDATA[3]]></id_zone>
<iso_code><![CDATA[ID-BT]]></iso_code>
<name><![CDATA[Banten]]></name>
<active><![CDATA[1]]></active>
</state>
<state><id_state><![CDATA[239]]></id_state>
<id_country><![CDATA[111]]></id_country>
<id_zone><![CDATA[3]]></id_zone>
<iso_code><![CDATA[ID-BE]]></iso_code>
<name><![CDATA[Bengkulu]]></name>
<active><![CDATA[1]]></active>
</state>
<state><id_state><![CDATA[240]]></id_state>
<id_country><![CDATA[111]]></id_country>
<id_zone><![CDATA[3]]></id_zone>
<iso_code><![CDATA[ID-GO]]></iso_code>
<name><![CDATA[Gorontalo]]></name>
<active><![CDATA[1]]></active>
</state>
<state><id_state><![CDATA[241]]></id_state>
<id_country><![CDATA[111]]></id_country>
<id_zone><![CDATA[3]]></id_zone>
<iso_code><![CDATA[ID-JK]]></iso_code>
<name><![CDATA[Jakarta]]></name>
<active><![CDATA[1]]></active>
</state>
<state><id_state><![CDATA[242]]></id_state>
<id_country><![CDATA[111]]></id_country>
<id_zone><![CDATA[3]]></id_zone>
<iso_code><![CDATA[ID-JA]]></iso_code>
<name><![CDATA[Jambi]]></name>
<active><![CDATA[1]]></active>
</state>
<state><id_state><![CDATA[243]]></id_state>
<id_country><![CDATA[111]]></id_country>
<id_zone><![CDATA[3]]></id_zone>
<iso_code><![CDATA[ID-JB]]></iso_code>
<name><![CDATA[Jawa Barat]]></name>
<active><![CDATA[1]]></active>
</state>
<state><id_state><![CDATA[244]]></id_state>
<id_country><![CDATA[111]]></id_country>
<id_zone><![CDATA[3]]></id_zone>
<iso_code><![CDATA[ID-JT]]></iso_code>
<name><![CDATA[Jawa Tengah]]></name>
<active><![CDATA[1]]></active>
</state>
<state><id_state><![CDATA[245]]></id_state>
<id_country><![CDATA[111]]></id_country>
<id_zone><![CDATA[3]]></id_zone>
<iso_code><![CDATA[ID-JI]]></iso_code>
<name><![CDATA[Jawa Timur]]></name>
<active><![CDATA[1]]></active>
</state>
<state><id_state><![CDATA[246]]></id_state>
<id_country><![CDATA[111]]></id_country>
<id_zone><![CDATA[3]]></id_zone>
<iso_code><![CDATA[ID-KB]]></iso_code>
<name><![CDATA[Kalimantan Barat]]></name>
<active><![CDATA[1]]></active>
</state>
<state><id_state><![CDATA[247]]></id_state>
<id_country><![CDATA[111]]></id_country>
<id_zone><![CDATA[3]]></id_zone>
<iso_code><![CDATA[ID-KS]]></iso_code>
<name><![CDATA[Kalimantan Selatan]]></name>
<active><![CDATA[1]]></active>
</state>
<state><id_state><![CDATA[248]]></id_state>
<id_country><![CDATA[111]]></id_country>
<id_zone><![CDATA[3]]></id_zone>
<iso_code><![CDATA[ID-KT]]></iso_code>
<name><![CDATA[Kalimantan Tengah]]></name>
<active><![CDATA[1]]></active>
</state>
<state><id_state><![CDATA[249]]></id_state>
<id_country><![CDATA[111]]></id_country>
<id_zone><![CDATA[3]]></id_zone>
<iso_code><![CDATA[ID-KI]]></iso_code>
<name><![CDATA[Kalimantan Timur]]></name>
<active><![CDATA[1]]></active>
</state>
<state><id_state><![CDATA[250]]></id_state>
<id_country><![CDATA[111]]></id_country>
<id_zone><![CDATA[3]]></id_zone>
<iso_code><![CDATA[ID-KU]]></iso_code>
<name><![CDATA[Kalimantan Utara]]></name>
<active><![CDATA[1]]></active>
</state>
<state><id_state><![CDATA[251]]></id_state>
<id_country><![CDATA[111]]></id_country>
<id_zone><![CDATA[3]]></id_zone>
<iso_code><![CDATA[ID-BB]]></iso_code>
<name><![CDATA[Kepulauan Bangka Belitug]]></name>
<active><![CDATA[1]]></active>
</state>
<state><id_state><![CDATA[252]]></id_state>
<id_country><![CDATA[111]]></id_country>
<id_zone><![CDATA[3]]></id_zone>
<iso_code><![CDATA[ID-KR]]></iso_code>
<name><![CDATA[Kepulauan Riau]]></name>
<active><![CDATA[1]]></active>
</state>
<state><id_state><![CDATA[253]]></id_state>
<id_country><![CDATA[111]]></id_country>
<id_zone><![CDATA[3]]></id_zone>
<iso_code><![CDATA[ID-LA]]></iso_code>
<name><![CDATA[Lampung]]></name>
<active><![CDATA[1]]></active>
</state>
<state><id_state><![CDATA[254]]></id_state>
<id_country><![CDATA[111]]></id_country>
<id_zone><![CDATA[3]]></id_zone>
<iso_code><![CDATA[ID-MA]]></iso_code>
<name><![CDATA[Maluku]]></name>
<active><![CDATA[1]]></active>
</state>
<state><id_state><![CDATA[255]]></id_state>
<id_country><![CDATA[111]]></id_country>
<id_zone><![CDATA[3]]></id_zone>
<iso_code><![CDATA[ID-MU]]></iso_code>
<name><![CDATA[Maluku Utara]]></name>
<active><![CDATA[1]]></active>
</state>
<state><id_state><![CDATA[256]]></id_state>
<id_country><![CDATA[111]]></id_country>
<id_zone><![CDATA[3]]></id_zone>
<iso_code><![CDATA[ID-NB]]></iso_code>
<name><![CDATA[Nusa Tengara Barat]]></name>
<active><![CDATA[1]]></active>
</state>
<state><id_state><![CDATA[257]]></id_state>
<id_country><![CDATA[111]]></id_country>
<id_zone><![CDATA[3]]></id_zone>
<iso_code><![CDATA[ID-NT]]></iso_code>
<name><![CDATA[Nusa Tenggara Timur]]></name>
<active><![CDATA[1]]></active>
</state>
<state><id_state><![CDATA[258]]></id_state>
<id_country><![CDATA[111]]></id_country>
<id_zone><![CDATA[3]]></id_zone>
<iso_code><![CDATA[ID-PA]]></iso_code>
<name><![CDATA[Papua]]></name>
<active><![CDATA[1]]></active>
</state>
<state><id_state><![CDATA[259]]></id_state>
<id_country><![CDATA[111]]></id_country>
<id_zone><![CDATA[3]]></id_zone>
<iso_code><![CDATA[ID-PB]]></iso_code>
<name><![CDATA[Papua Barat]]></name>
<active><![CDATA[1]]></active>
</state>
<state><id_state><![CDATA[260]]></id_state>
<id_country><![CDATA[111]]></id_country>
<id_zone><![CDATA[3]]></id_zone>
<iso_code><![CDATA[ID-RI]]></iso_code>
<name><![CDATA[Riau]]></name>
<active><![CDATA[1]]></active>
</state>
<state><id_state><![CDATA[261]]></id_state>
<id_country><![CDATA[111]]></id_country>
<id_zone><![CDATA[3]]></id_zone>
<iso_code><![CDATA[ID-SR]]></iso_code>
<name><![CDATA[Sulawesi Barat]]></name>
<active><![CDATA[1]]></active>
</state>
<state><id_state><![CDATA[262]]></id_state>
<id_country><![CDATA[111]]></id_country>
<id_zone><![CDATA[3]]></id_zone>
<iso_code><![CDATA[ID-SN]]></iso_code>
<name><![CDATA[Sulawesi Selatan]]></name>
<active><![CDATA[1]]></active>
</state>
<state><id_state><![CDATA[263]]></id_state>
<id_country><![CDATA[111]]></id_country>
<id_zone><![CDATA[3]]></id_zone>
<iso_code><![CDATA[ID-ST]]></iso_code>
<name><![CDATA[Sulawesi Tengah]]></name>
<active><![CDATA[1]]></active>
</state>
<state><id_state><![CDATA[264]]></id_state>
<id_country><![CDATA[111]]></id_country>
<id_zone><![CDATA[3]]></id_zone>
<iso_code><![CDATA[ID-SG]]></iso_code>
<name><![CDATA[Sulawesi Tenggara]]></name>
<active><![CDATA[1]]></active>
</state>
<state><id_state><![CDATA[265]]></id_state>
<id_country><![CDATA[111]]></id_country>
<id_zone><![CDATA[3]]></id_zone>
<iso_code><![CDATA[ID-SA]]></iso_code>
<name><![CDATA[Sulawesi Utara]]></name>
<active><![CDATA[1]]></active>
</state>
<state><id_state><![CDATA[266]]></id_state>
<id_country><![CDATA[111]]></id_country>
<id_zone><![CDATA[3]]></id_zone>
<iso_code><![CDATA[ID-SB]]></iso_code>
<name><![CDATA[Sumatera Barat]]></name>
<active><![CDATA[1]]></active>
</state>
<state><id_state><![CDATA[267]]></id_state>
<id_country><![CDATA[111]]></id_country>
<id_zone><![CDATA[3]]></id_zone>
<iso_code><![CDATA[ID-SS]]></iso_code>
<name><![CDATA[Sumatera Selatan]]></name>
<active><![CDATA[1]]></active>
</state>
<state><id_state><![CDATA[268]]></id_state>
<id_country><![CDATA[111]]></id_country>
<id_zone><![CDATA[3]]></id_zone>
<iso_code><![CDATA[ID-SU]]></iso_code>
<name><![CDATA[Sumatera Utara]]></name>
<active><![CDATA[1]]></active>
</state>
<state><id_state><![CDATA[269]]></id_state>
<id_country><![CDATA[111]]></id_country>
<id_zone><![CDATA[3]]></id_zone>
<iso_code><![CDATA[ID-YO]]></iso_code>
<name><![CDATA[Yogyakarta]]></name>
<active><![CDATA[1]]></active>
</state>
<state><id_state><![CDATA[270]]></id_state>
<id_country><![CDATA[11]]></id_country>
<id_zone><![CDATA[3]]></id_zone>
<iso_code><![CDATA[23]]></iso_code>
<name><![CDATA[Aichi]]></name>
<active><![CDATA[1]]></active>
</state>
<state><id_state><![CDATA[271]]></id_state>
<id_country><![CDATA[11]]></id_country>
<id_zone><![CDATA[3]]></id_zone>
<iso_code><![CDATA[05]]></iso_code>
<name><![CDATA[Akita]]></name>
<active><![CDATA[1]]></active>
</state>
<state><id_state><![CDATA[272]]></id_state>
<id_country><![CDATA[11]]></id_country>
<id_zone><![CDATA[3]]></id_zone>
<iso_code><![CDATA[02]]></iso_code>
<name><![CDATA[Aomori]]></name>
<active><![CDATA[1]]></active>
</state>
<state><id_state><![CDATA[273]]></id_state>
<id_country><![CDATA[11]]></id_country>
<id_zone><![CDATA[3]]></id_zone>
<iso_code><![CDATA[12]]></iso_code>
<name><![CDATA[Chiba]]></name>
<active><![CDATA[1]]></active>
</state>
<state><id_state><![CDATA[274]]></id_state>
<id_country><![CDATA[11]]></id_country>
<id_zone><![CDATA[3]]></id_zone>
<iso_code><![CDATA[38]]></iso_code>
<name><![CDATA[Ehime]]></name>
<active><![CDATA[1]]></active>
</state>
<state><id_state><![CDATA[275]]></id_state>
<id_country><![CDATA[11]]></id_country>
<id_zone><![CDATA[3]]></id_zone>
<iso_code><![CDATA[18]]></iso_code>
<name><![CDATA[Fukui]]></name>
<active><![CDATA[1]]></active>
</state>
<state><id_state><![CDATA[276]]></id_state>
<id_country><![CDATA[11]]></id_country>
<id_zone><![CDATA[3]]></id_zone>
<iso_code><![CDATA[40]]></iso_code>
<name><![CDATA[Fukuoka]]></name>
<active><![CDATA[1]]></active>
</state>
<state><id_state><![CDATA[277]]></id_state>
<id_country><![CDATA[11]]></id_country>
<id_zone><![CDATA[3]]></id_zone>
<iso_code><![CDATA[07]]></iso_code>
<name><![CDATA[Fukushima]]></name>
<active><![CDATA[1]]></active>
</state>
<state><id_state><![CDATA[278]]></id_state>
<id_country><![CDATA[11]]></id_country>
<id_zone><![CDATA[3]]></id_zone>
<iso_code><![CDATA[21]]></iso_code>
<name><![CDATA[Gifu]]></name>
<active><![CDATA[1]]></active>
</state>
<state><id_state><![CDATA[279]]></id_state>
<id_country><![CDATA[11]]></id_country>
<id_zone><![CDATA[3]]></id_zone>
<iso_code><![CDATA[10]]></iso_code>
<name><![CDATA[Gunma]]></name>
<active><![CDATA[1]]></active>
</state>
<state><id_state><![CDATA[280]]></id_state>
<id_country><![CDATA[11]]></id_country>
<id_zone><![CDATA[3]]></id_zone>
<iso_code><![CDATA[34]]></iso_code>
<name><![CDATA[Hiroshima]]></name>
<active><![CDATA[1]]></active>
</state>
<state><id_state><![CDATA[281]]></id_state>
<id_country><![CDATA[11]]></id_country>
<id_zone><![CDATA[3]]></id_zone>
<iso_code><![CDATA[01]]></iso_code>
<name><![CDATA[Hokkaido]]></name>
<active><![CDATA[1]]></active>
</state>
<state><id_state><![CDATA[282]]></id_state>
<id_country><![CDATA[11]]></id_country>
<id_zone><![CDATA[3]]></id_zone>
<iso_code><![CDATA[28]]></iso_code>
<name><![CDATA[Hyogo]]></name>
<active><![CDATA[1]]></active>
</state>
<state><id_state><![CDATA[283]]></id_state>
<id_country><![CDATA[11]]></id_country>
<id_zone><![CDATA[3]]></id_zone>
<iso_code><![CDATA[08]]></iso_code>
<name><![CDATA[Ibaraki]]></name>
<active><![CDATA[1]]></active>
</state>
<state><id_state><![CDATA[284]]></id_state>
<id_country><![CDATA[11]]></id_country>
<id_zone><![CDATA[3]]></id_zone>
<iso_code><![CDATA[17]]></iso_code>
<name><![CDATA[Ishikawa]]></name>
<active><![CDATA[1]]></active>
</state>
<state><id_state><![CDATA[285]]></id_state>
<id_country><![CDATA[11]]></id_country>
<id_zone><![CDATA[3]]></id_zone>
<iso_code><![CDATA[03]]></iso_code>
<name><![CDATA[Iwate]]></name>
<active><![CDATA[1]]></active>
</state>
<state><id_state><![CDATA[286]]></id_state>
<id_country><![CDATA[11]]></id_country>
<id_zone><![CDATA[3]]></id_zone>
<iso_code><![CDATA[37]]></iso_code>
<name><![CDATA[Kagawa]]></name>
<active><![CDATA[1]]></active>
</state>
<state><id_state><![CDATA[287]]></id_state>
<id_country><![CDATA[11]]></id_country>
<id_zone><![CDATA[3]]></id_zone>
<iso_code><![CDATA[46]]></iso_code>
<name><![CDATA[Kagoshima]]></name>
<active><![CDATA[1]]></active>
</state>
<state><id_state><![CDATA[288]]></id_state>
<id_country><![CDATA[11]]></id_country>
<id_zone><![CDATA[3]]></id_zone>
<iso_code><![CDATA[14]]></iso_code>
<name><![CDATA[Kanagawa]]></name>
<active><![CDATA[1]]></active>
</state>
<state><id_state><![CDATA[289]]></id_state>
<id_country><![CDATA[11]]></id_country>
<id_zone><![CDATA[3]]></id_zone>
<iso_code><![CDATA[39]]></iso_code>
<name><![CDATA[Kochi]]></name>
<active><![CDATA[1]]></active>
</state>
<state><id_state><![CDATA[290]]></id_state>
<id_country><![CDATA[11]]></id_country>
<id_zone><![CDATA[3]]></id_zone>
<iso_code><![CDATA[43]]></iso_code>
<name><![CDATA[Kumamoto]]></name>
<active><![CDATA[1]]></active>
</state>
<state><id_state><![CDATA[291]]></id_state>
<id_country><![CDATA[11]]></id_country>
<id_zone><![CDATA[3]]></id_zone>
<iso_code><![CDATA[26]]></iso_code>
<name><![CDATA[Kyoto]]></name>
<active><![CDATA[1]]></active>
</state>
<state><id_state><![CDATA[292]]></id_state>
<id_country><![CDATA[11]]></id_country>
<id_zone><![CDATA[3]]></id_zone>
<iso_code><![CDATA[24]]></iso_code>
<name><![CDATA[Mie]]></name>
<active><![CDATA[1]]></active>
</state>
<state><id_state><![CDATA[293]]></id_state>
<id_country><![CDATA[11]]></id_country>
<id_zone><![CDATA[3]]></id_zone>
<iso_code><![CDATA[04]]></iso_code>
<name><![CDATA[Miyagi]]></name>
<active><![CDATA[1]]></active>
</state>
<state><id_state><![CDATA[294]]></id_state>
<id_country><![CDATA[11]]></id_country>
<id_zone><![CDATA[3]]></id_zone>
<iso_code><![CDATA[45]]></iso_code>
<name><![CDATA[Miyazaki]]></name>
<active><![CDATA[1]]></active>
</state>
<state><id_state><![CDATA[295]]></id_state>
<id_country><![CDATA[11]]></id_country>
<id_zone><![CDATA[3]]></id_zone>
<iso_code><![CDATA[20]]></iso_code>
<name><![CDATA[Nagano]]></name>
<active><![CDATA[1]]></active>
</state>
<state><id_state><![CDATA[296]]></id_state>
<id_country><![CDATA[11]]></id_country>
<id_zone><![CDATA[3]]></id_zone>
<iso_code><![CDATA[42]]></iso_code>
<name><![CDATA[Nagasaki]]></name>
<active><![CDATA[1]]></active>
</state>
<state><id_state><![CDATA[297]]></id_state>
<id_country><![CDATA[11]]></id_country>
<id_zone><![CDATA[3]]></id_zone>
<iso_code><![CDATA[29]]></iso_code>
<name><![CDATA[Nara]]></name>
<active><![CDATA[1]]></active>
</state>
<state><id_state><![CDATA[298]]></id_state>
<id_country><![CDATA[11]]></id_country>
<id_zone><![CDATA[3]]></id_zone>
<iso_code><![CDATA[15]]></iso_code>
<name><![CDATA[Niigata]]></name>
<active><![CDATA[1]]></active>
</state>
<state><id_state><![CDATA[299]]></id_state>
<id_country><![CDATA[11]]></id_country>
<id_zone><![CDATA[3]]></id_zone>
<iso_code><![CDATA[44]]></iso_code>
<name><![CDATA[Oita]]></name>
<active><![CDATA[1]]></active>
</state>
<state><id_state><![CDATA[300]]></id_state>
<id_country><![CDATA[11]]></id_country>
<id_zone><![CDATA[3]]></id_zone>
<iso_code><![CDATA[33]]></iso_code>
<name><![CDATA[Okayama]]></name>
<active><![CDATA[1]]></active>
</state>
<state><id_state><![CDATA[301]]></id_state>
<id_country><![CDATA[11]]></id_country>
<id_zone><![CDATA[3]]></id_zone>
<iso_code><![CDATA[47]]></iso_code>
<name><![CDATA[Okinawa]]></name>
<active><![CDATA[1]]></active>
</state>
<state><id_state><![CDATA[302]]></id_state>
<id_country><![CDATA[11]]></id_country>
<id_zone><![CDATA[3]]></id_zone>
<iso_code><![CDATA[27]]></iso_code>
<name><![CDATA[Osaka]]></name>
<active><![CDATA[1]]></active>
</state>
<state><id_state><![CDATA[303]]></id_state>
<id_country><![CDATA[11]]></id_country>
<id_zone><![CDATA[3]]></id_zone>
<iso_code><![CDATA[41]]></iso_code>
<name><![CDATA[Saga]]></name>
<active><![CDATA[1]]></active>
</state>
<state><id_state><![CDATA[304]]></id_state>
<id_country><![CDATA[11]]></id_country>
<id_zone><![CDATA[3]]></id_zone>
<iso_code><![CDATA[11]]></iso_code>
<name><![CDATA[Saitama]]></name>
<active><![CDATA[1]]></active>
</state>
<state><id_state><![CDATA[305]]></id_state>
<id_country><![CDATA[11]]></id_country>
<id_zone><![CDATA[3]]></id_zone>
<iso_code><![CDATA[25]]></iso_code>
<name><![CDATA[Shiga]]></name>
<active><![CDATA[1]]></active>
</state>
<state><id_state><![CDATA[306]]></id_state>
<id_country><![CDATA[11]]></id_country>
<id_zone><![CDATA[3]]></id_zone>
<iso_code><![CDATA[32]]></iso_code>
<name><![CDATA[Shimane]]></name>
<active><![CDATA[1]]></active>
</state>
<state><id_state><![CDATA[307]]></id_state>
<id_country><![CDATA[11]]></id_country>
<id_zone><![CDATA[3]]></id_zone>
<iso_code><![CDATA[22]]></iso_code>
<name><![CDATA[Shizuoka]]></name>
<active><![CDATA[1]]></active>
</state>
<state><id_state><![CDATA[308]]></id_state>
<id_country><![CDATA[11]]></id_country>
<id_zone><![CDATA[3]]></id_zone>
<iso_code><![CDATA[09]]></iso_code>
<name><![CDATA[Tochigi]]></name>
<active><![CDATA[1]]></active>
</state>
<state><id_state><![CDATA[309]]></id_state>
<id_country><![CDATA[11]]></id_country>
<id_zone><![CDATA[3]]></id_zone>
<iso_code><![CDATA[36]]></iso_code>
<name><![CDATA[Tokushima]]></name>
<active><![CDATA[1]]></active>
</state>
<state><id_state><![CDATA[310]]></id_state>
<id_country><![CDATA[11]]></id_country>
<id_zone><![CDATA[3]]></id_zone>
<iso_code><![CDATA[13]]></iso_code>
<name><![CDATA[Tokyo]]></name>
<active><![CDATA[1]]></active>
</state>
<state><id_state><![CDATA[311]]></id_state>
<id_country><![CDATA[11]]></id_country>
<id_zone><![CDATA[3]]></id_zone>
<iso_code><![CDATA[31]]></iso_code>
<name><![CDATA[Tottori]]></name>
<active><![CDATA[1]]></active>
</state>
<state><id_state><![CDATA[312]]></id_state>
<id_country><![CDATA[11]]></id_country>
<id_zone><![CDATA[3]]></id_zone>
<iso_code><![CDATA[16]]></iso_code>
<name><![CDATA[Toyama]]></name>
<active><![CDATA[1]]></active>
</state>
<state><id_state><![CDATA[313]]></id_state>
<id_country><![CDATA[11]]></id_country>
<id_zone><![CDATA[3]]></id_zone>
<iso_code><![CDATA[30]]></iso_code>
<name><![CDATA[Wakayama]]></name>
<active><![CDATA[1]]></active>
</state>
<state><id_state><![CDATA[314]]></id_state>
<id_country><![CDATA[11]]></id_country>
<id_zone><![CDATA[3]]></id_zone>
<iso_code><![CDATA[06]]></iso_code>
<name><![CDATA[Yamagata]]></name>
<active><![CDATA[1]]></active>
</state>
<state><id_state><![CDATA[315]]></id_state>
<id_country><![CDATA[11]]></id_country>
<id_zone><![CDATA[3]]></id_zone>
<iso_code><![CDATA[35]]></iso_code>
<name><![CDATA[Yamaguchi]]></name>
<active><![CDATA[1]]></active>
</state>
<state><id_state><![CDATA[316]]></id_state>
<id_country><![CDATA[11]]></id_country>
<id_zone><![CDATA[3]]></id_zone>
<iso_code><![CDATA[19]]></iso_code>
<name><![CDATA[Yamanashi]]></name>
<active><![CDATA[1]]></active>
</state>
<state><id_state><![CDATA[317]]></id_state>
<id_country><![CDATA[24]]></id_country>
<id_zone><![CDATA[5]]></id_zone>
<iso_code><![CDATA[ACT]]></iso_code>
<name><![CDATA[Australian Capital Territory]]></name>
<active><![CDATA[1]]></active>
</state>
<state><id_state><![CDATA[318]]></id_state>
<id_country><![CDATA[24]]></id_country>
<id_zone><![CDATA[5]]></id_zone>
<iso_code><![CDATA[NSW]]></iso_code>
<name><![CDATA[New South Wales]]></name>
<active><![CDATA[1]]></active>
</state>
<state><id_state><![CDATA[319]]></id_state>
<id_country><![CDATA[24]]></id_country>
<id_zone><![CDATA[5]]></id_zone>
<iso_code><![CDATA[NT]]></iso_code>
<name><![CDATA[Northern Territory]]></name>
<active><![CDATA[1]]></active>
</state>
<state><id_state><![CDATA[320]]></id_state>
<id_country><![CDATA[24]]></id_country>
<id_zone><![CDATA[5]]></id_zone>
<iso_code><![CDATA[QLD]]></iso_code>
<name><![CDATA[Queensland]]></name>
<active><![CDATA[1]]></active>
</state>
<state><id_state><![CDATA[321]]></id_state>
<id_country><![CDATA[24]]></id_country>
<id_zone><![CDATA[5]]></id_zone>
<iso_code><![CDATA[SA]]></iso_code>
<name><![CDATA[South Australia]]></name>
<active><![CDATA[1]]></active>
</state>
<state><id_state><![CDATA[322]]></id_state>
<id_country><![CDATA[24]]></id_country>
<id_zone><![CDATA[5]]></id_zone>
<iso_code><![CDATA[TAS]]></iso_code>
<name><![CDATA[Tasmania]]></name>
<active><![CDATA[1]]></active>
</state>
<state><id_state><![CDATA[323]]></id_state>
<id_country><![CDATA[24]]></id_country>
<id_zone><![CDATA[5]]></id_zone>
<iso_code><![CDATA[VIC]]></iso_code>
<name><![CDATA[Victoria]]></name>
<active><![CDATA[1]]></active>
</state>
<state><id_state><![CDATA[324]]></id_state>
<id_country><![CDATA[24]]></id_country>
<id_zone><![CDATA[5]]></id_zone>
<iso_code><![CDATA[WA]]></iso_code>
<name><![CDATA[Western Australia]]></name>
<active><![CDATA[1]]></active>
</state>
</entity_profile>
