<?xml version="1.0" encoding="UTF-8"?>
<entity_profile>
<accessory><id_product_1><![CDATA[357]]></id_product_1>
<id_product_2><![CDATA[369]]></id_product_2>
</accessory>
<accessory><id_product_1><![CDATA[357]]></id_product_1>
<id_product_2><![CDATA[370]]></id_product_2>
</accessory>
<accessory><id_product_1><![CDATA[358]]></id_product_1>
<id_product_2><![CDATA[367]]></id_product_2>
</accessory>
<accessory><id_product_1><![CDATA[358]]></id_product_1>
<id_product_2><![CDATA[368]]></id_product_2>
</accessory>
<accessory><id_product_1><![CDATA[360]]></id_product_1>
<id_product_2><![CDATA[365]]></id_product_2>
</accessory>
<accessory><id_product_1><![CDATA[360]]></id_product_1>
<id_product_2><![CDATA[366]]></id_product_2>
</accessory>
<accessory><id_product_1><![CDATA[365]]></id_product_1>
<id_product_2><![CDATA[360]]></id_product_2>
</accessory>
<accessory><id_product_1><![CDATA[365]]></id_product_1>
<id_product_2><![CDATA[366]]></id_product_2>
</accessory>
<accessory><id_product_1><![CDATA[366]]></id_product_1>
<id_product_2><![CDATA[360]]></id_product_2>
</accessory>
<accessory><id_product_1><![CDATA[366]]></id_product_1>
<id_product_2><![CDATA[365]]></id_product_2>
</accessory>
<accessory><id_product_1><![CDATA[367]]></id_product_1>
<id_product_2><![CDATA[358]]></id_product_2>
</accessory>
<accessory><id_product_1><![CDATA[367]]></id_product_1>
<id_product_2><![CDATA[368]]></id_product_2>
</accessory>
<accessory><id_product_1><![CDATA[368]]></id_product_1>
<id_product_2><![CDATA[358]]></id_product_2>
</accessory>
<accessory><id_product_1><![CDATA[368]]></id_product_1>
<id_product_2><![CDATA[367]]></id_product_2>
</accessory>
<accessory><id_product_1><![CDATA[369]]></id_product_1>
<id_product_2><![CDATA[358]]></id_product_2>
</accessory>
<accessory><id_product_1><![CDATA[369]]></id_product_1>
<id_product_2><![CDATA[370]]></id_product_2>
</accessory>
<accessory><id_product_1><![CDATA[370]]></id_product_1>
<id_product_2><![CDATA[358]]></id_product_2>
</accessory>
<accessory><id_product_1><![CDATA[370]]></id_product_1>
<id_product_2><![CDATA[369]]></id_product_2>
</accessory>
<accessory><id_product_1><![CDATA[373]]></id_product_1>
<id_product_2><![CDATA[374]]></id_product_2>
</accessory>
<accessory><id_product_1><![CDATA[373]]></id_product_1>
<id_product_2><![CDATA[395]]></id_product_2>
</accessory>
<accessory><id_product_1><![CDATA[373]]></id_product_1>
<id_product_2><![CDATA[396]]></id_product_2>
</accessory>
<accessory><id_product_1><![CDATA[374]]></id_product_1>
<id_product_2><![CDATA[373]]></id_product_2>
</accessory>
<accessory><id_product_1><![CDATA[374]]></id_product_1>
<id_product_2><![CDATA[395]]></id_product_2>
</accessory>
<accessory><id_product_1><![CDATA[374]]></id_product_1>
<id_product_2><![CDATA[396]]></id_product_2>
</accessory>
<accessory><id_product_1><![CDATA[375]]></id_product_1>
<id_product_2><![CDATA[376]]></id_product_2>
</accessory>
<accessory><id_product_1><![CDATA[375]]></id_product_1>
<id_product_2><![CDATA[397]]></id_product_2>
</accessory>
<accessory><id_product_1><![CDATA[375]]></id_product_1>
<id_product_2><![CDATA[398]]></id_product_2>
</accessory>
<accessory><id_product_1><![CDATA[376]]></id_product_1>
<id_product_2><![CDATA[375]]></id_product_2>
</accessory>
<accessory><id_product_1><![CDATA[376]]></id_product_1>
<id_product_2><![CDATA[397]]></id_product_2>
</accessory>
<accessory><id_product_1><![CDATA[376]]></id_product_1>
<id_product_2><![CDATA[398]]></id_product_2>
</accessory>
<accessory><id_product_1><![CDATA[377]]></id_product_1>
<id_product_2><![CDATA[378]]></id_product_2>
</accessory>
<accessory><id_product_1><![CDATA[377]]></id_product_1>
<id_product_2><![CDATA[380]]></id_product_2>
</accessory>
<accessory><id_product_1><![CDATA[377]]></id_product_1>
<id_product_2><![CDATA[399]]></id_product_2>
</accessory>
<accessory><id_product_1><![CDATA[377]]></id_product_1>
<id_product_2><![CDATA[400]]></id_product_2>
</accessory>
<accessory><id_product_1><![CDATA[378]]></id_product_1>
<id_product_2><![CDATA[377]]></id_product_2>
</accessory>
<accessory><id_product_1><![CDATA[378]]></id_product_1>
<id_product_2><![CDATA[380]]></id_product_2>
</accessory>
<accessory><id_product_1><![CDATA[378]]></id_product_1>
<id_product_2><![CDATA[399]]></id_product_2>
</accessory>
<accessory><id_product_1><![CDATA[378]]></id_product_1>
<id_product_2><![CDATA[400]]></id_product_2>
</accessory>
<accessory><id_product_1><![CDATA[379]]></id_product_1>
<id_product_2><![CDATA[381]]></id_product_2>
</accessory>
<accessory><id_product_1><![CDATA[379]]></id_product_1>
<id_product_2><![CDATA[382]]></id_product_2>
</accessory>
<accessory><id_product_1><![CDATA[379]]></id_product_1>
<id_product_2><![CDATA[401]]></id_product_2>
</accessory>
<accessory><id_product_1><![CDATA[379]]></id_product_1>
<id_product_2><![CDATA[402]]></id_product_2>
</accessory>
<accessory><id_product_1><![CDATA[380]]></id_product_1>
<id_product_2><![CDATA[377]]></id_product_2>
</accessory>
<accessory><id_product_1><![CDATA[380]]></id_product_1>
<id_product_2><![CDATA[378]]></id_product_2>
</accessory>
<accessory><id_product_1><![CDATA[380]]></id_product_1>
<id_product_2><![CDATA[399]]></id_product_2>
</accessory>
<accessory><id_product_1><![CDATA[380]]></id_product_1>
<id_product_2><![CDATA[400]]></id_product_2>
</accessory>
<accessory><id_product_1><![CDATA[381]]></id_product_1>
<id_product_2><![CDATA[379]]></id_product_2>
</accessory>
<accessory><id_product_1><![CDATA[381]]></id_product_1>
<id_product_2><![CDATA[382]]></id_product_2>
</accessory>
<accessory><id_product_1><![CDATA[381]]></id_product_1>
<id_product_2><![CDATA[401]]></id_product_2>
</accessory>
<accessory><id_product_1><![CDATA[381]]></id_product_1>
<id_product_2><![CDATA[402]]></id_product_2>
</accessory>
<accessory><id_product_1><![CDATA[382]]></id_product_1>
<id_product_2><![CDATA[379]]></id_product_2>
</accessory>
<accessory><id_product_1><![CDATA[382]]></id_product_1>
<id_product_2><![CDATA[381]]></id_product_2>
</accessory>
<accessory><id_product_1><![CDATA[382]]></id_product_1>
<id_product_2><![CDATA[401]]></id_product_2>
</accessory>
<accessory><id_product_1><![CDATA[382]]></id_product_1>
<id_product_2><![CDATA[402]]></id_product_2>
</accessory>
<accessory><id_product_1><![CDATA[383]]></id_product_1>
<id_product_2><![CDATA[384]]></id_product_2>
</accessory>
<accessory><id_product_1><![CDATA[383]]></id_product_1>
<id_product_2><![CDATA[385]]></id_product_2>
</accessory>
<accessory><id_product_1><![CDATA[383]]></id_product_1>
<id_product_2><![CDATA[403]]></id_product_2>
</accessory>
<accessory><id_product_1><![CDATA[383]]></id_product_1>
<id_product_2><![CDATA[404]]></id_product_2>
</accessory>
<accessory><id_product_1><![CDATA[384]]></id_product_1>
<id_product_2><![CDATA[383]]></id_product_2>
</accessory>
<accessory><id_product_1><![CDATA[384]]></id_product_1>
<id_product_2><![CDATA[385]]></id_product_2>
</accessory>
<accessory><id_product_1><![CDATA[384]]></id_product_1>
<id_product_2><![CDATA[403]]></id_product_2>
</accessory>
<accessory><id_product_1><![CDATA[384]]></id_product_1>
<id_product_2><![CDATA[404]]></id_product_2>
</accessory>
<accessory><id_product_1><![CDATA[385]]></id_product_1>
<id_product_2><![CDATA[383]]></id_product_2>
</accessory>
<accessory><id_product_1><![CDATA[385]]></id_product_1>
<id_product_2><![CDATA[384]]></id_product_2>
</accessory>
<accessory><id_product_1><![CDATA[385]]></id_product_1>
<id_product_2><![CDATA[403]]></id_product_2>
</accessory>
<accessory><id_product_1><![CDATA[385]]></id_product_1>
<id_product_2><![CDATA[404]]></id_product_2>
</accessory>
<accessory><id_product_1><![CDATA[386]]></id_product_1>
<id_product_2><![CDATA[387]]></id_product_2>
</accessory>
<accessory><id_product_1><![CDATA[386]]></id_product_1>
<id_product_2><![CDATA[388]]></id_product_2>
</accessory>
<accessory><id_product_1><![CDATA[386]]></id_product_1>
<id_product_2><![CDATA[405]]></id_product_2>
</accessory>
<accessory><id_product_1><![CDATA[386]]></id_product_1>
<id_product_2><![CDATA[406]]></id_product_2>
</accessory>
<accessory><id_product_1><![CDATA[387]]></id_product_1>
<id_product_2><![CDATA[386]]></id_product_2>
</accessory>
<accessory><id_product_1><![CDATA[387]]></id_product_1>
<id_product_2><![CDATA[388]]></id_product_2>
</accessory>
<accessory><id_product_1><![CDATA[387]]></id_product_1>
<id_product_2><![CDATA[405]]></id_product_2>
</accessory>
<accessory><id_product_1><![CDATA[387]]></id_product_1>
<id_product_2><![CDATA[406]]></id_product_2>
</accessory>
<accessory><id_product_1><![CDATA[388]]></id_product_1>
<id_product_2><![CDATA[386]]></id_product_2>
</accessory>
<accessory><id_product_1><![CDATA[388]]></id_product_1>
<id_product_2><![CDATA[387]]></id_product_2>
</accessory>
<accessory><id_product_1><![CDATA[388]]></id_product_1>
<id_product_2><![CDATA[405]]></id_product_2>
</accessory>
<accessory><id_product_1><![CDATA[388]]></id_product_1>
<id_product_2><![CDATA[406]]></id_product_2>
</accessory>
<accessory><id_product_1><![CDATA[389]]></id_product_1>
<id_product_2><![CDATA[390]]></id_product_2>
</accessory>
<accessory><id_product_1><![CDATA[389]]></id_product_1>
<id_product_2><![CDATA[391]]></id_product_2>
</accessory>
<accessory><id_product_1><![CDATA[389]]></id_product_1>
<id_product_2><![CDATA[392]]></id_product_2>
</accessory>
<accessory><id_product_1><![CDATA[389]]></id_product_1>
<id_product_2><![CDATA[393]]></id_product_2>
</accessory>
<accessory><id_product_1><![CDATA[389]]></id_product_1>
<id_product_2><![CDATA[394]]></id_product_2>
</accessory>
<accessory><id_product_1><![CDATA[389]]></id_product_1>
<id_product_2><![CDATA[407]]></id_product_2>
</accessory>
<accessory><id_product_1><![CDATA[389]]></id_product_1>
<id_product_2><![CDATA[408]]></id_product_2>
</accessory>
<accessory><id_product_1><![CDATA[389]]></id_product_1>
<id_product_2><![CDATA[409]]></id_product_2>
</accessory>
<accessory><id_product_1><![CDATA[389]]></id_product_1>
<id_product_2><![CDATA[410]]></id_product_2>
</accessory>
<accessory><id_product_1><![CDATA[390]]></id_product_1>
<id_product_2><![CDATA[389]]></id_product_2>
</accessory>
<accessory><id_product_1><![CDATA[390]]></id_product_1>
<id_product_2><![CDATA[391]]></id_product_2>
</accessory>
<accessory><id_product_1><![CDATA[390]]></id_product_1>
<id_product_2><![CDATA[392]]></id_product_2>
</accessory>
<accessory><id_product_1><![CDATA[390]]></id_product_1>
<id_product_2><![CDATA[393]]></id_product_2>
</accessory>
<accessory><id_product_1><![CDATA[390]]></id_product_1>
<id_product_2><![CDATA[394]]></id_product_2>
</accessory>
<accessory><id_product_1><![CDATA[390]]></id_product_1>
<id_product_2><![CDATA[407]]></id_product_2>
</accessory>
<accessory><id_product_1><![CDATA[390]]></id_product_1>
<id_product_2><![CDATA[408]]></id_product_2>
</accessory>
<accessory><id_product_1><![CDATA[390]]></id_product_1>
<id_product_2><![CDATA[409]]></id_product_2>
</accessory>
<accessory><id_product_1><![CDATA[390]]></id_product_1>
<id_product_2><![CDATA[410]]></id_product_2>
</accessory>
<accessory><id_product_1><![CDATA[391]]></id_product_1>
<id_product_2><![CDATA[389]]></id_product_2>
</accessory>
<accessory><id_product_1><![CDATA[391]]></id_product_1>
<id_product_2><![CDATA[390]]></id_product_2>
</accessory>
<accessory><id_product_1><![CDATA[391]]></id_product_1>
<id_product_2><![CDATA[392]]></id_product_2>
</accessory>
<accessory><id_product_1><![CDATA[391]]></id_product_1>
<id_product_2><![CDATA[393]]></id_product_2>
</accessory>
<accessory><id_product_1><![CDATA[391]]></id_product_1>
<id_product_2><![CDATA[394]]></id_product_2>
</accessory>
<accessory><id_product_1><![CDATA[391]]></id_product_1>
<id_product_2><![CDATA[407]]></id_product_2>
</accessory>
<accessory><id_product_1><![CDATA[391]]></id_product_1>
<id_product_2><![CDATA[408]]></id_product_2>
</accessory>
<accessory><id_product_1><![CDATA[391]]></id_product_1>
<id_product_2><![CDATA[409]]></id_product_2>
</accessory>
<accessory><id_product_1><![CDATA[391]]></id_product_1>
<id_product_2><![CDATA[410]]></id_product_2>
</accessory>
<accessory><id_product_1><![CDATA[392]]></id_product_1>
<id_product_2><![CDATA[389]]></id_product_2>
</accessory>
<accessory><id_product_1><![CDATA[392]]></id_product_1>
<id_product_2><![CDATA[390]]></id_product_2>
</accessory>
<accessory><id_product_1><![CDATA[392]]></id_product_1>
<id_product_2><![CDATA[391]]></id_product_2>
</accessory>
<accessory><id_product_1><![CDATA[392]]></id_product_1>
<id_product_2><![CDATA[393]]></id_product_2>
</accessory>
<accessory><id_product_1><![CDATA[392]]></id_product_1>
<id_product_2><![CDATA[394]]></id_product_2>
</accessory>
<accessory><id_product_1><![CDATA[392]]></id_product_1>
<id_product_2><![CDATA[407]]></id_product_2>
</accessory>
<accessory><id_product_1><![CDATA[392]]></id_product_1>
<id_product_2><![CDATA[408]]></id_product_2>
</accessory>
<accessory><id_product_1><![CDATA[392]]></id_product_1>
<id_product_2><![CDATA[409]]></id_product_2>
</accessory>
<accessory><id_product_1><![CDATA[392]]></id_product_1>
<id_product_2><![CDATA[410]]></id_product_2>
</accessory>
<accessory><id_product_1><![CDATA[393]]></id_product_1>
<id_product_2><![CDATA[389]]></id_product_2>
</accessory>
<accessory><id_product_1><![CDATA[393]]></id_product_1>
<id_product_2><![CDATA[390]]></id_product_2>
</accessory>
<accessory><id_product_1><![CDATA[393]]></id_product_1>
<id_product_2><![CDATA[391]]></id_product_2>
</accessory>
<accessory><id_product_1><![CDATA[393]]></id_product_1>
<id_product_2><![CDATA[392]]></id_product_2>
</accessory>
<accessory><id_product_1><![CDATA[393]]></id_product_1>
<id_product_2><![CDATA[394]]></id_product_2>
</accessory>
<accessory><id_product_1><![CDATA[393]]></id_product_1>
<id_product_2><![CDATA[407]]></id_product_2>
</accessory>
<accessory><id_product_1><![CDATA[393]]></id_product_1>
<id_product_2><![CDATA[408]]></id_product_2>
</accessory>
<accessory><id_product_1><![CDATA[393]]></id_product_1>
<id_product_2><![CDATA[409]]></id_product_2>
</accessory>
<accessory><id_product_1><![CDATA[393]]></id_product_1>
<id_product_2><![CDATA[410]]></id_product_2>
</accessory>
<accessory><id_product_1><![CDATA[394]]></id_product_1>
<id_product_2><![CDATA[389]]></id_product_2>
</accessory>
<accessory><id_product_1><![CDATA[394]]></id_product_1>
<id_product_2><![CDATA[390]]></id_product_2>
</accessory>
<accessory><id_product_1><![CDATA[394]]></id_product_1>
<id_product_2><![CDATA[391]]></id_product_2>
</accessory>
<accessory><id_product_1><![CDATA[394]]></id_product_1>
<id_product_2><![CDATA[392]]></id_product_2>
</accessory>
<accessory><id_product_1><![CDATA[394]]></id_product_1>
<id_product_2><![CDATA[393]]></id_product_2>
</accessory>
<accessory><id_product_1><![CDATA[394]]></id_product_1>
<id_product_2><![CDATA[407]]></id_product_2>
</accessory>
<accessory><id_product_1><![CDATA[394]]></id_product_1>
<id_product_2><![CDATA[408]]></id_product_2>
</accessory>
<accessory><id_product_1><![CDATA[394]]></id_product_1>
<id_product_2><![CDATA[409]]></id_product_2>
</accessory>
<accessory><id_product_1><![CDATA[394]]></id_product_1>
<id_product_2><![CDATA[410]]></id_product_2>
</accessory>
<accessory><id_product_1><![CDATA[395]]></id_product_1>
<id_product_2><![CDATA[373]]></id_product_2>
</accessory>
<accessory><id_product_1><![CDATA[395]]></id_product_1>
<id_product_2><![CDATA[374]]></id_product_2>
</accessory>
<accessory><id_product_1><![CDATA[395]]></id_product_1>
<id_product_2><![CDATA[396]]></id_product_2>
</accessory>
<accessory><id_product_1><![CDATA[396]]></id_product_1>
<id_product_2><![CDATA[373]]></id_product_2>
</accessory>
<accessory><id_product_1><![CDATA[396]]></id_product_1>
<id_product_2><![CDATA[374]]></id_product_2>
</accessory>
<accessory><id_product_1><![CDATA[396]]></id_product_1>
<id_product_2><![CDATA[395]]></id_product_2>
</accessory>
<accessory><id_product_1><![CDATA[397]]></id_product_1>
<id_product_2><![CDATA[375]]></id_product_2>
</accessory>
<accessory><id_product_1><![CDATA[397]]></id_product_1>
<id_product_2><![CDATA[376]]></id_product_2>
</accessory>
<accessory><id_product_1><![CDATA[397]]></id_product_1>
<id_product_2><![CDATA[398]]></id_product_2>
</accessory>
<accessory><id_product_1><![CDATA[398]]></id_product_1>
<id_product_2><![CDATA[375]]></id_product_2>
</accessory>
<accessory><id_product_1><![CDATA[398]]></id_product_1>
<id_product_2><![CDATA[376]]></id_product_2>
</accessory>
<accessory><id_product_1><![CDATA[398]]></id_product_1>
<id_product_2><![CDATA[397]]></id_product_2>
</accessory>
<accessory><id_product_1><![CDATA[399]]></id_product_1>
<id_product_2><![CDATA[377]]></id_product_2>
</accessory>
<accessory><id_product_1><![CDATA[399]]></id_product_1>
<id_product_2><![CDATA[378]]></id_product_2>
</accessory>
<accessory><id_product_1><![CDATA[399]]></id_product_1>
<id_product_2><![CDATA[380]]></id_product_2>
</accessory>
<accessory><id_product_1><![CDATA[399]]></id_product_1>
<id_product_2><![CDATA[400]]></id_product_2>
</accessory>
<accessory><id_product_1><![CDATA[400]]></id_product_1>
<id_product_2><![CDATA[377]]></id_product_2>
</accessory>
<accessory><id_product_1><![CDATA[400]]></id_product_1>
<id_product_2><![CDATA[378]]></id_product_2>
</accessory>
<accessory><id_product_1><![CDATA[400]]></id_product_1>
<id_product_2><![CDATA[380]]></id_product_2>
</accessory>
<accessory><id_product_1><![CDATA[400]]></id_product_1>
<id_product_2><![CDATA[399]]></id_product_2>
</accessory>
<accessory><id_product_1><![CDATA[401]]></id_product_1>
<id_product_2><![CDATA[379]]></id_product_2>
</accessory>
<accessory><id_product_1><![CDATA[401]]></id_product_1>
<id_product_2><![CDATA[381]]></id_product_2>
</accessory>
<accessory><id_product_1><![CDATA[401]]></id_product_1>
<id_product_2><![CDATA[382]]></id_product_2>
</accessory>
<accessory><id_product_1><![CDATA[401]]></id_product_1>
<id_product_2><![CDATA[402]]></id_product_2>
</accessory>
<accessory><id_product_1><![CDATA[402]]></id_product_1>
<id_product_2><![CDATA[379]]></id_product_2>
</accessory>
<accessory><id_product_1><![CDATA[402]]></id_product_1>
<id_product_2><![CDATA[381]]></id_product_2>
</accessory>
<accessory><id_product_1><![CDATA[402]]></id_product_1>
<id_product_2><![CDATA[382]]></id_product_2>
</accessory>
<accessory><id_product_1><![CDATA[402]]></id_product_1>
<id_product_2><![CDATA[401]]></id_product_2>
</accessory>
<accessory><id_product_1><![CDATA[403]]></id_product_1>
<id_product_2><![CDATA[383]]></id_product_2>
</accessory>
<accessory><id_product_1><![CDATA[403]]></id_product_1>
<id_product_2><![CDATA[384]]></id_product_2>
</accessory>
<accessory><id_product_1><![CDATA[403]]></id_product_1>
<id_product_2><![CDATA[385]]></id_product_2>
</accessory>
<accessory><id_product_1><![CDATA[403]]></id_product_1>
<id_product_2><![CDATA[404]]></id_product_2>
</accessory>
<accessory><id_product_1><![CDATA[404]]></id_product_1>
<id_product_2><![CDATA[383]]></id_product_2>
</accessory>
<accessory><id_product_1><![CDATA[404]]></id_product_1>
<id_product_2><![CDATA[384]]></id_product_2>
</accessory>
<accessory><id_product_1><![CDATA[404]]></id_product_1>
<id_product_2><![CDATA[385]]></id_product_2>
</accessory>
<accessory><id_product_1><![CDATA[404]]></id_product_1>
<id_product_2><![CDATA[403]]></id_product_2>
</accessory>
<accessory><id_product_1><![CDATA[405]]></id_product_1>
<id_product_2><![CDATA[386]]></id_product_2>
</accessory>
<accessory><id_product_1><![CDATA[405]]></id_product_1>
<id_product_2><![CDATA[387]]></id_product_2>
</accessory>
<accessory><id_product_1><![CDATA[405]]></id_product_1>
<id_product_2><![CDATA[388]]></id_product_2>
</accessory>
<accessory><id_product_1><![CDATA[405]]></id_product_1>
<id_product_2><![CDATA[406]]></id_product_2>
</accessory>
<accessory><id_product_1><![CDATA[406]]></id_product_1>
<id_product_2><![CDATA[386]]></id_product_2>
</accessory>
<accessory><id_product_1><![CDATA[406]]></id_product_1>
<id_product_2><![CDATA[387]]></id_product_2>
</accessory>
<accessory><id_product_1><![CDATA[406]]></id_product_1>
<id_product_2><![CDATA[388]]></id_product_2>
</accessory>
<accessory><id_product_1><![CDATA[406]]></id_product_1>
<id_product_2><![CDATA[405]]></id_product_2>
</accessory>
<accessory><id_product_1><![CDATA[407]]></id_product_1>
<id_product_2><![CDATA[389]]></id_product_2>
</accessory>
<accessory><id_product_1><![CDATA[407]]></id_product_1>
<id_product_2><![CDATA[390]]></id_product_2>
</accessory>
<accessory><id_product_1><![CDATA[407]]></id_product_1>
<id_product_2><![CDATA[391]]></id_product_2>
</accessory>
<accessory><id_product_1><![CDATA[407]]></id_product_1>
<id_product_2><![CDATA[392]]></id_product_2>
</accessory>
<accessory><id_product_1><![CDATA[407]]></id_product_1>
<id_product_2><![CDATA[393]]></id_product_2>
</accessory>
<accessory><id_product_1><![CDATA[407]]></id_product_1>
<id_product_2><![CDATA[394]]></id_product_2>
</accessory>
<accessory><id_product_1><![CDATA[407]]></id_product_1>
<id_product_2><![CDATA[408]]></id_product_2>
</accessory>
<accessory><id_product_1><![CDATA[407]]></id_product_1>
<id_product_2><![CDATA[409]]></id_product_2>
</accessory>
<accessory><id_product_1><![CDATA[407]]></id_product_1>
<id_product_2><![CDATA[410]]></id_product_2>
</accessory>
<accessory><id_product_1><![CDATA[408]]></id_product_1>
<id_product_2><![CDATA[389]]></id_product_2>
</accessory>
<accessory><id_product_1><![CDATA[408]]></id_product_1>
<id_product_2><![CDATA[390]]></id_product_2>
</accessory>
<accessory><id_product_1><![CDATA[408]]></id_product_1>
<id_product_2><![CDATA[391]]></id_product_2>
</accessory>
<accessory><id_product_1><![CDATA[408]]></id_product_1>
<id_product_2><![CDATA[392]]></id_product_2>
</accessory>
<accessory><id_product_1><![CDATA[408]]></id_product_1>
<id_product_2><![CDATA[393]]></id_product_2>
</accessory>
<accessory><id_product_1><![CDATA[408]]></id_product_1>
<id_product_2><![CDATA[394]]></id_product_2>
</accessory>
<accessory><id_product_1><![CDATA[408]]></id_product_1>
<id_product_2><![CDATA[407]]></id_product_2>
</accessory>
<accessory><id_product_1><![CDATA[408]]></id_product_1>
<id_product_2><![CDATA[409]]></id_product_2>
</accessory>
<accessory><id_product_1><![CDATA[408]]></id_product_1>
<id_product_2><![CDATA[410]]></id_product_2>
</accessory>
<accessory><id_product_1><![CDATA[409]]></id_product_1>
<id_product_2><![CDATA[389]]></id_product_2>
</accessory>
<accessory><id_product_1><![CDATA[409]]></id_product_1>
<id_product_2><![CDATA[390]]></id_product_2>
</accessory>
<accessory><id_product_1><![CDATA[409]]></id_product_1>
<id_product_2><![CDATA[391]]></id_product_2>
</accessory>
<accessory><id_product_1><![CDATA[409]]></id_product_1>
<id_product_2><![CDATA[392]]></id_product_2>
</accessory>
<accessory><id_product_1><![CDATA[409]]></id_product_1>
<id_product_2><![CDATA[393]]></id_product_2>
</accessory>
<accessory><id_product_1><![CDATA[409]]></id_product_1>
<id_product_2><![CDATA[394]]></id_product_2>
</accessory>
<accessory><id_product_1><![CDATA[409]]></id_product_1>
<id_product_2><![CDATA[407]]></id_product_2>
</accessory>
<accessory><id_product_1><![CDATA[409]]></id_product_1>
<id_product_2><![CDATA[408]]></id_product_2>
</accessory>
<accessory><id_product_1><![CDATA[409]]></id_product_1>
<id_product_2><![CDATA[410]]></id_product_2>
</accessory>
<accessory><id_product_1><![CDATA[410]]></id_product_1>
<id_product_2><![CDATA[389]]></id_product_2>
</accessory>
<accessory><id_product_1><![CDATA[410]]></id_product_1>
<id_product_2><![CDATA[390]]></id_product_2>
</accessory>
<accessory><id_product_1><![CDATA[410]]></id_product_1>
<id_product_2><![CDATA[391]]></id_product_2>
</accessory>
<accessory><id_product_1><![CDATA[410]]></id_product_1>
<id_product_2><![CDATA[392]]></id_product_2>
</accessory>
<accessory><id_product_1><![CDATA[410]]></id_product_1>
<id_product_2><![CDATA[393]]></id_product_2>
</accessory>
<accessory><id_product_1><![CDATA[410]]></id_product_1>
<id_product_2><![CDATA[394]]></id_product_2>
</accessory>
<accessory><id_product_1><![CDATA[410]]></id_product_1>
<id_product_2><![CDATA[407]]></id_product_2>
</accessory>
<accessory><id_product_1><![CDATA[410]]></id_product_1>
<id_product_2><![CDATA[408]]></id_product_2>
</accessory>
<accessory><id_product_1><![CDATA[410]]></id_product_1>
<id_product_2><![CDATA[409]]></id_product_2>
</accessory>
<accessory><id_product_1><![CDATA[426]]></id_product_1>
<id_product_2><![CDATA[436]]></id_product_2>
</accessory>
<accessory><id_product_1><![CDATA[427]]></id_product_1>
<id_product_2><![CDATA[436]]></id_product_2>
</accessory>
<accessory><id_product_1><![CDATA[431]]></id_product_1>
<id_product_2><![CDATA[424]]></id_product_2>
</accessory>
<accessory><id_product_1><![CDATA[436]]></id_product_1>
<id_product_2><![CDATA[426]]></id_product_2>
</accessory>
<accessory><id_product_1><![CDATA[779]]></id_product_1>
<id_product_2><![CDATA[347]]></id_product_2>
</accessory>
<accessory><id_product_1><![CDATA[779]]></id_product_1>
<id_product_2><![CDATA[663]]></id_product_2>
</accessory>
<accessory><id_product_1><![CDATA[779]]></id_product_1>
<id_product_2><![CDATA[721]]></id_product_2>
</accessory>
<accessory><id_product_1><![CDATA[983]]></id_product_1>
<id_product_2><![CDATA[113]]></id_product_2>
</accessory>
<accessory><id_product_1><![CDATA[983]]></id_product_1>
<id_product_2><![CDATA[638]]></id_product_2>
</accessory>
<accessory><id_product_1><![CDATA[983]]></id_product_1>
<id_product_2><![CDATA[696]]></id_product_2>
</accessory>
<accessory><id_product_1><![CDATA[983]]></id_product_1>
<id_product_2><![CDATA[754]]></id_product_2>
</accessory>
<accessory><id_product_1><![CDATA[983]]></id_product_1>
<id_product_2><![CDATA[868]]></id_product_2>
</accessory>
<accessory><id_product_1><![CDATA[983]]></id_product_1>
<id_product_2><![CDATA[875]]></id_product_2>
</accessory>
<accessory><id_product_1><![CDATA[983]]></id_product_1>
<id_product_2><![CDATA[895]]></id_product_2>
</accessory>
<accessory><id_product_1><![CDATA[983]]></id_product_1>
<id_product_2><![CDATA[897]]></id_product_2>
</accessory>
<accessory><id_product_1><![CDATA[1012]]></id_product_1>
<id_product_2><![CDATA[299]]></id_product_2>
</accessory>
<accessory><id_product_1><![CDATA[1012]]></id_product_1>
<id_product_2><![CDATA[649]]></id_product_2>
</accessory>
<accessory><id_product_1><![CDATA[1012]]></id_product_1>
<id_product_2><![CDATA[707]]></id_product_2>
</accessory>
<accessory><id_product_1><![CDATA[1012]]></id_product_1>
<id_product_2><![CDATA[765]]></id_product_2>
</accessory>
<accessory><id_product_1><![CDATA[1108]]></id_product_1>
<id_product_2><![CDATA[1109]]></id_product_2>
</accessory>
<accessory><id_product_1><![CDATA[1108]]></id_product_1>
<id_product_2><![CDATA[1110]]></id_product_2>
</accessory>
<accessory><id_product_1><![CDATA[1109]]></id_product_1>
<id_product_2><![CDATA[1108]]></id_product_2>
</accessory>
<accessory><id_product_1><![CDATA[1109]]></id_product_1>
<id_product_2><![CDATA[1110]]></id_product_2>
</accessory>
<accessory><id_product_1><![CDATA[1110]]></id_product_1>
<id_product_2><![CDATA[1108]]></id_product_2>
</accessory>
<accessory><id_product_1><![CDATA[1110]]></id_product_1>
<id_product_2><![CDATA[1109]]></id_product_2>
</accessory>
<accessory><id_product_1><![CDATA[1112]]></id_product_1>
<id_product_2><![CDATA[1425]]></id_product_2>
</accessory>
<accessory><id_product_1><![CDATA[1112]]></id_product_1>
<id_product_2><![CDATA[1429]]></id_product_2>
</accessory>
<accessory><id_product_1><![CDATA[1113]]></id_product_1>
<id_product_2><![CDATA[1108]]></id_product_2>
</accessory>
<accessory><id_product_1><![CDATA[1113]]></id_product_1>
<id_product_2><![CDATA[1109]]></id_product_2>
</accessory>
<accessory><id_product_1><![CDATA[1115]]></id_product_1>
<id_product_2><![CDATA[1404]]></id_product_2>
</accessory>
<accessory><id_product_1><![CDATA[1162]]></id_product_1>
<id_product_2><![CDATA[1496]]></id_product_2>
</accessory>
<accessory><id_product_1><![CDATA[1167]]></id_product_1>
<id_product_2><![CDATA[451]]></id_product_2>
</accessory>
<accessory><id_product_1><![CDATA[1185]]></id_product_1>
<id_product_2><![CDATA[1430]]></id_product_2>
</accessory>
<accessory><id_product_1><![CDATA[1187]]></id_product_1>
<id_product_2><![CDATA[1188]]></id_product_2>
</accessory>
<accessory><id_product_1><![CDATA[1188]]></id_product_1>
<id_product_2><![CDATA[1187]]></id_product_2>
</accessory>
<accessory><id_product_1><![CDATA[1303]]></id_product_1>
<id_product_2><![CDATA[1317]]></id_product_2>
</accessory>
<accessory><id_product_1><![CDATA[1317]]></id_product_1>
<id_product_2><![CDATA[1303]]></id_product_2>
</accessory>
<accessory><id_product_1><![CDATA[1318]]></id_product_1>
<id_product_2><![CDATA[1319]]></id_product_2>
</accessory>
<accessory><id_product_1><![CDATA[1319]]></id_product_1>
<id_product_2><![CDATA[1318]]></id_product_2>
</accessory>
<accessory><id_product_1><![CDATA[1366]]></id_product_1>
<id_product_2><![CDATA[1148]]></id_product_2>
</accessory>
<accessory><id_product_1><![CDATA[1366]]></id_product_1>
<id_product_2><![CDATA[1193]]></id_product_2>
</accessory>
<accessory><id_product_1><![CDATA[1404]]></id_product_1>
<id_product_2><![CDATA[1115]]></id_product_2>
</accessory>
<accessory><id_product_1><![CDATA[1425]]></id_product_1>
<id_product_2><![CDATA[1429]]></id_product_2>
</accessory>
<accessory><id_product_1><![CDATA[1429]]></id_product_1>
<id_product_2><![CDATA[1425]]></id_product_2>
</accessory>
<accessory><id_product_1><![CDATA[1496]]></id_product_1>
<id_product_2><![CDATA[1162]]></id_product_2>
</accessory>
<accessory><id_product_1><![CDATA[1522]]></id_product_1>
<id_product_2><![CDATA[1735]]></id_product_2>
</accessory>
<accessory><id_product_1><![CDATA[1663]]></id_product_1>
<id_product_2><![CDATA[1109]]></id_product_2>
</accessory>
<accessory><id_product_1><![CDATA[1663]]></id_product_1>
<id_product_2><![CDATA[1110]]></id_product_2>
</accessory>
<accessory><id_product_1><![CDATA[1735]]></id_product_1>
<id_product_2><![CDATA[1522]]></id_product_2>
</accessory>
<accessory><id_product_1><![CDATA[2241]]></id_product_1>
<id_product_2><![CDATA[2244]]></id_product_2>
</accessory>
<accessory><id_product_1><![CDATA[2244]]></id_product_1>
<id_product_2><![CDATA[2241]]></id_product_2>
</accessory>
<accessory><id_product_1><![CDATA[3202]]></id_product_1>
<id_product_2><![CDATA[1109]]></id_product_2>
</accessory>
<accessory><id_product_1><![CDATA[3202]]></id_product_1>
<id_product_2><![CDATA[1110]]></id_product_2>
</accessory>
</entity_profile>
