<?xml version="1.0" encoding="UTF-8"?>
<entity_profile>
<carrier_zone><id_carrier><![CDATA[147]]></id_carrier>
<id_zone><![CDATA[10]]></id_zone>
</carrier_zone>
<carrier_zone><id_carrier><![CDATA[148]]></id_carrier>
<id_zone><![CDATA[10]]></id_zone>
</carrier_zone>
<carrier_zone><id_carrier><![CDATA[149]]></id_carrier>
<id_zone><![CDATA[10]]></id_zone>
</carrier_zone>
<carrier_zone><id_carrier><![CDATA[150]]></id_carrier>
<id_zone><![CDATA[10]]></id_zone>
</carrier_zone>
<carrier_zone><id_carrier><![CDATA[151]]></id_carrier>
<id_zone><![CDATA[10]]></id_zone>
</carrier_zone>
<carrier_zone><id_carrier><![CDATA[152]]></id_carrier>
<id_zone><![CDATA[10]]></id_zone>
</carrier_zone>
<carrier_zone><id_carrier><![CDATA[153]]></id_carrier>
<id_zone><![CDATA[10]]></id_zone>
</carrier_zone>
<carrier_zone><id_carrier><![CDATA[154]]></id_carrier>
<id_zone><![CDATA[10]]></id_zone>
</carrier_zone>
<carrier_zone><id_carrier><![CDATA[155]]></id_carrier>
<id_zone><![CDATA[10]]></id_zone>
</carrier_zone>
<carrier_zone><id_carrier><![CDATA[156]]></id_carrier>
<id_zone><![CDATA[10]]></id_zone>
</carrier_zone>
<carrier_zone><id_carrier><![CDATA[157]]></id_carrier>
<id_zone><![CDATA[10]]></id_zone>
</carrier_zone>
<carrier_zone><id_carrier><![CDATA[158]]></id_carrier>
<id_zone><![CDATA[10]]></id_zone>
</carrier_zone>
<carrier_zone><id_carrier><![CDATA[159]]></id_carrier>
<id_zone><![CDATA[10]]></id_zone>
</carrier_zone>
<carrier_zone><id_carrier><![CDATA[160]]></id_carrier>
<id_zone><![CDATA[10]]></id_zone>
</carrier_zone>
<carrier_zone><id_carrier><![CDATA[161]]></id_carrier>
<id_zone><![CDATA[10]]></id_zone>
</carrier_zone>
<carrier_zone><id_carrier><![CDATA[162]]></id_carrier>
<id_zone><![CDATA[10]]></id_zone>
</carrier_zone>
<carrier_zone><id_carrier><![CDATA[163]]></id_carrier>
<id_zone><![CDATA[10]]></id_zone>
</carrier_zone>
<carrier_zone><id_carrier><![CDATA[164]]></id_carrier>
<id_zone><![CDATA[1]]></id_zone>
</carrier_zone>
<carrier_zone><id_carrier><![CDATA[164]]></id_carrier>
<id_zone><![CDATA[2]]></id_zone>
</carrier_zone>
<carrier_zone><id_carrier><![CDATA[164]]></id_carrier>
<id_zone><![CDATA[3]]></id_zone>
</carrier_zone>
<carrier_zone><id_carrier><![CDATA[164]]></id_carrier>
<id_zone><![CDATA[4]]></id_zone>
</carrier_zone>
<carrier_zone><id_carrier><![CDATA[164]]></id_carrier>
<id_zone><![CDATA[5]]></id_zone>
</carrier_zone>
<carrier_zone><id_carrier><![CDATA[164]]></id_carrier>
<id_zone><![CDATA[6]]></id_zone>
</carrier_zone>
<carrier_zone><id_carrier><![CDATA[164]]></id_carrier>
<id_zone><![CDATA[7]]></id_zone>
</carrier_zone>
<carrier_zone><id_carrier><![CDATA[164]]></id_carrier>
<id_zone><![CDATA[8]]></id_zone>
</carrier_zone>
<carrier_zone><id_carrier><![CDATA[164]]></id_carrier>
<id_zone><![CDATA[9]]></id_zone>
</carrier_zone>
<carrier_zone><id_carrier><![CDATA[164]]></id_carrier>
<id_zone><![CDATA[10]]></id_zone>
</carrier_zone>
<carrier_zone><id_carrier><![CDATA[164]]></id_carrier>
<id_zone><![CDATA[11]]></id_zone>
</carrier_zone>
<carrier_zone><id_carrier><![CDATA[165]]></id_carrier>
<id_zone><![CDATA[1]]></id_zone>
</carrier_zone>
<carrier_zone><id_carrier><![CDATA[165]]></id_carrier>
<id_zone><![CDATA[2]]></id_zone>
</carrier_zone>
<carrier_zone><id_carrier><![CDATA[165]]></id_carrier>
<id_zone><![CDATA[3]]></id_zone>
</carrier_zone>
<carrier_zone><id_carrier><![CDATA[165]]></id_carrier>
<id_zone><![CDATA[4]]></id_zone>
</carrier_zone>
<carrier_zone><id_carrier><![CDATA[165]]></id_carrier>
<id_zone><![CDATA[5]]></id_zone>
</carrier_zone>
<carrier_zone><id_carrier><![CDATA[165]]></id_carrier>
<id_zone><![CDATA[6]]></id_zone>
</carrier_zone>
<carrier_zone><id_carrier><![CDATA[165]]></id_carrier>
<id_zone><![CDATA[7]]></id_zone>
</carrier_zone>
<carrier_zone><id_carrier><![CDATA[165]]></id_carrier>
<id_zone><![CDATA[8]]></id_zone>
</carrier_zone>
<carrier_zone><id_carrier><![CDATA[165]]></id_carrier>
<id_zone><![CDATA[9]]></id_zone>
</carrier_zone>
<carrier_zone><id_carrier><![CDATA[165]]></id_carrier>
<id_zone><![CDATA[10]]></id_zone>
</carrier_zone>
<carrier_zone><id_carrier><![CDATA[165]]></id_carrier>
<id_zone><![CDATA[11]]></id_zone>
</carrier_zone>
<carrier_zone><id_carrier><![CDATA[166]]></id_carrier>
<id_zone><![CDATA[10]]></id_zone>
</carrier_zone>
<carrier_zone><id_carrier><![CDATA[167]]></id_carrier>
<id_zone><![CDATA[1]]></id_zone>
</carrier_zone>
<carrier_zone><id_carrier><![CDATA[167]]></id_carrier>
<id_zone><![CDATA[2]]></id_zone>
</carrier_zone>
<carrier_zone><id_carrier><![CDATA[167]]></id_carrier>
<id_zone><![CDATA[3]]></id_zone>
</carrier_zone>
<carrier_zone><id_carrier><![CDATA[167]]></id_carrier>
<id_zone><![CDATA[4]]></id_zone>
</carrier_zone>
<carrier_zone><id_carrier><![CDATA[167]]></id_carrier>
<id_zone><![CDATA[5]]></id_zone>
</carrier_zone>
<carrier_zone><id_carrier><![CDATA[167]]></id_carrier>
<id_zone><![CDATA[6]]></id_zone>
</carrier_zone>
<carrier_zone><id_carrier><![CDATA[167]]></id_carrier>
<id_zone><![CDATA[7]]></id_zone>
</carrier_zone>
<carrier_zone><id_carrier><![CDATA[167]]></id_carrier>
<id_zone><![CDATA[8]]></id_zone>
</carrier_zone>
<carrier_zone><id_carrier><![CDATA[167]]></id_carrier>
<id_zone><![CDATA[9]]></id_zone>
</carrier_zone>
<carrier_zone><id_carrier><![CDATA[167]]></id_carrier>
<id_zone><![CDATA[10]]></id_zone>
</carrier_zone>
<carrier_zone><id_carrier><![CDATA[167]]></id_carrier>
<id_zone><![CDATA[11]]></id_zone>
</carrier_zone>
<carrier_zone><id_carrier><![CDATA[168]]></id_carrier>
<id_zone><![CDATA[1]]></id_zone>
</carrier_zone>
<carrier_zone><id_carrier><![CDATA[168]]></id_carrier>
<id_zone><![CDATA[2]]></id_zone>
</carrier_zone>
<carrier_zone><id_carrier><![CDATA[168]]></id_carrier>
<id_zone><![CDATA[3]]></id_zone>
</carrier_zone>
<carrier_zone><id_carrier><![CDATA[168]]></id_carrier>
<id_zone><![CDATA[4]]></id_zone>
</carrier_zone>
<carrier_zone><id_carrier><![CDATA[168]]></id_carrier>
<id_zone><![CDATA[5]]></id_zone>
</carrier_zone>
<carrier_zone><id_carrier><![CDATA[168]]></id_carrier>
<id_zone><![CDATA[6]]></id_zone>
</carrier_zone>
<carrier_zone><id_carrier><![CDATA[168]]></id_carrier>
<id_zone><![CDATA[7]]></id_zone>
</carrier_zone>
<carrier_zone><id_carrier><![CDATA[168]]></id_carrier>
<id_zone><![CDATA[8]]></id_zone>
</carrier_zone>
<carrier_zone><id_carrier><![CDATA[168]]></id_carrier>
<id_zone><![CDATA[9]]></id_zone>
</carrier_zone>
<carrier_zone><id_carrier><![CDATA[168]]></id_carrier>
<id_zone><![CDATA[10]]></id_zone>
</carrier_zone>
<carrier_zone><id_carrier><![CDATA[168]]></id_carrier>
<id_zone><![CDATA[11]]></id_zone>
</carrier_zone>
<carrier_zone><id_carrier><![CDATA[169]]></id_carrier>
<id_zone><![CDATA[1]]></id_zone>
</carrier_zone>
<carrier_zone><id_carrier><![CDATA[169]]></id_carrier>
<id_zone><![CDATA[2]]></id_zone>
</carrier_zone>
<carrier_zone><id_carrier><![CDATA[169]]></id_carrier>
<id_zone><![CDATA[3]]></id_zone>
</carrier_zone>
<carrier_zone><id_carrier><![CDATA[169]]></id_carrier>
<id_zone><![CDATA[4]]></id_zone>
</carrier_zone>
<carrier_zone><id_carrier><![CDATA[169]]></id_carrier>
<id_zone><![CDATA[5]]></id_zone>
</carrier_zone>
<carrier_zone><id_carrier><![CDATA[169]]></id_carrier>
<id_zone><![CDATA[6]]></id_zone>
</carrier_zone>
<carrier_zone><id_carrier><![CDATA[169]]></id_carrier>
<id_zone><![CDATA[7]]></id_zone>
</carrier_zone>
<carrier_zone><id_carrier><![CDATA[169]]></id_carrier>
<id_zone><![CDATA[8]]></id_zone>
</carrier_zone>
<carrier_zone><id_carrier><![CDATA[169]]></id_carrier>
<id_zone><![CDATA[9]]></id_zone>
</carrier_zone>
<carrier_zone><id_carrier><![CDATA[169]]></id_carrier>
<id_zone><![CDATA[10]]></id_zone>
</carrier_zone>
<carrier_zone><id_carrier><![CDATA[169]]></id_carrier>
<id_zone><![CDATA[11]]></id_zone>
</carrier_zone>
<carrier_zone><id_carrier><![CDATA[170]]></id_carrier>
<id_zone><![CDATA[1]]></id_zone>
</carrier_zone>
<carrier_zone><id_carrier><![CDATA[170]]></id_carrier>
<id_zone><![CDATA[2]]></id_zone>
</carrier_zone>
<carrier_zone><id_carrier><![CDATA[170]]></id_carrier>
<id_zone><![CDATA[3]]></id_zone>
</carrier_zone>
<carrier_zone><id_carrier><![CDATA[170]]></id_carrier>
<id_zone><![CDATA[4]]></id_zone>
</carrier_zone>
<carrier_zone><id_carrier><![CDATA[170]]></id_carrier>
<id_zone><![CDATA[5]]></id_zone>
</carrier_zone>
<carrier_zone><id_carrier><![CDATA[170]]></id_carrier>
<id_zone><![CDATA[6]]></id_zone>
</carrier_zone>
<carrier_zone><id_carrier><![CDATA[170]]></id_carrier>
<id_zone><![CDATA[7]]></id_zone>
</carrier_zone>
<carrier_zone><id_carrier><![CDATA[170]]></id_carrier>
<id_zone><![CDATA[8]]></id_zone>
</carrier_zone>
<carrier_zone><id_carrier><![CDATA[170]]></id_carrier>
<id_zone><![CDATA[9]]></id_zone>
</carrier_zone>
<carrier_zone><id_carrier><![CDATA[170]]></id_carrier>
<id_zone><![CDATA[10]]></id_zone>
</carrier_zone>
<carrier_zone><id_carrier><![CDATA[170]]></id_carrier>
<id_zone><![CDATA[11]]></id_zone>
</carrier_zone>
<carrier_zone><id_carrier><![CDATA[171]]></id_carrier>
<id_zone><![CDATA[10]]></id_zone>
</carrier_zone>
<carrier_zone><id_carrier><![CDATA[172]]></id_carrier>
<id_zone><![CDATA[1]]></id_zone>
</carrier_zone>
<carrier_zone><id_carrier><![CDATA[172]]></id_carrier>
<id_zone><![CDATA[2]]></id_zone>
</carrier_zone>
<carrier_zone><id_carrier><![CDATA[172]]></id_carrier>
<id_zone><![CDATA[3]]></id_zone>
</carrier_zone>
<carrier_zone><id_carrier><![CDATA[172]]></id_carrier>
<id_zone><![CDATA[4]]></id_zone>
</carrier_zone>
<carrier_zone><id_carrier><![CDATA[172]]></id_carrier>
<id_zone><![CDATA[5]]></id_zone>
</carrier_zone>
<carrier_zone><id_carrier><![CDATA[172]]></id_carrier>
<id_zone><![CDATA[6]]></id_zone>
</carrier_zone>
<carrier_zone><id_carrier><![CDATA[172]]></id_carrier>
<id_zone><![CDATA[7]]></id_zone>
</carrier_zone>
<carrier_zone><id_carrier><![CDATA[172]]></id_carrier>
<id_zone><![CDATA[8]]></id_zone>
</carrier_zone>
<carrier_zone><id_carrier><![CDATA[172]]></id_carrier>
<id_zone><![CDATA[9]]></id_zone>
</carrier_zone>
<carrier_zone><id_carrier><![CDATA[172]]></id_carrier>
<id_zone><![CDATA[10]]></id_zone>
</carrier_zone>
<carrier_zone><id_carrier><![CDATA[172]]></id_carrier>
<id_zone><![CDATA[11]]></id_zone>
</carrier_zone>
<carrier_zone><id_carrier><![CDATA[173]]></id_carrier>
<id_zone><![CDATA[1]]></id_zone>
</carrier_zone>
<carrier_zone><id_carrier><![CDATA[173]]></id_carrier>
<id_zone><![CDATA[2]]></id_zone>
</carrier_zone>
<carrier_zone><id_carrier><![CDATA[173]]></id_carrier>
<id_zone><![CDATA[3]]></id_zone>
</carrier_zone>
<carrier_zone><id_carrier><![CDATA[173]]></id_carrier>
<id_zone><![CDATA[4]]></id_zone>
</carrier_zone>
<carrier_zone><id_carrier><![CDATA[173]]></id_carrier>
<id_zone><![CDATA[5]]></id_zone>
</carrier_zone>
<carrier_zone><id_carrier><![CDATA[173]]></id_carrier>
<id_zone><![CDATA[6]]></id_zone>
</carrier_zone>
<carrier_zone><id_carrier><![CDATA[173]]></id_carrier>
<id_zone><![CDATA[7]]></id_zone>
</carrier_zone>
<carrier_zone><id_carrier><![CDATA[173]]></id_carrier>
<id_zone><![CDATA[8]]></id_zone>
</carrier_zone>
<carrier_zone><id_carrier><![CDATA[173]]></id_carrier>
<id_zone><![CDATA[9]]></id_zone>
</carrier_zone>
<carrier_zone><id_carrier><![CDATA[173]]></id_carrier>
<id_zone><![CDATA[10]]></id_zone>
</carrier_zone>
<carrier_zone><id_carrier><![CDATA[173]]></id_carrier>
<id_zone><![CDATA[11]]></id_zone>
</carrier_zone>
<carrier_zone><id_carrier><![CDATA[174]]></id_carrier>
<id_zone><![CDATA[10]]></id_zone>
</carrier_zone>
<carrier_zone><id_carrier><![CDATA[175]]></id_carrier>
<id_zone><![CDATA[10]]></id_zone>
</carrier_zone>
<carrier_zone><id_carrier><![CDATA[176]]></id_carrier>
<id_zone><![CDATA[10]]></id_zone>
</carrier_zone>
<carrier_zone><id_carrier><![CDATA[177]]></id_carrier>
<id_zone><![CDATA[10]]></id_zone>
</carrier_zone>
<carrier_zone><id_carrier><![CDATA[178]]></id_carrier>
<id_zone><![CDATA[10]]></id_zone>
</carrier_zone>
<carrier_zone><id_carrier><![CDATA[179]]></id_carrier>
<id_zone><![CDATA[10]]></id_zone>
</carrier_zone>
<carrier_zone><id_carrier><![CDATA[180]]></id_carrier>
<id_zone><![CDATA[10]]></id_zone>
</carrier_zone>
<carrier_zone><id_carrier><![CDATA[181]]></id_carrier>
<id_zone><![CDATA[10]]></id_zone>
</carrier_zone>
<carrier_zone><id_carrier><![CDATA[182]]></id_carrier>
<id_zone><![CDATA[10]]></id_zone>
</carrier_zone>
<carrier_zone><id_carrier><![CDATA[183]]></id_carrier>
<id_zone><![CDATA[10]]></id_zone>
</carrier_zone>
<carrier_zone><id_carrier><![CDATA[184]]></id_carrier>
<id_zone><![CDATA[10]]></id_zone>
</carrier_zone>
<carrier_zone><id_carrier><![CDATA[185]]></id_carrier>
<id_zone><![CDATA[10]]></id_zone>
</carrier_zone>
<carrier_zone><id_carrier><![CDATA[186]]></id_carrier>
<id_zone><![CDATA[10]]></id_zone>
</carrier_zone>
<carrier_zone><id_carrier><![CDATA[187]]></id_carrier>
<id_zone><![CDATA[10]]></id_zone>
</carrier_zone>
<carrier_zone><id_carrier><![CDATA[188]]></id_carrier>
<id_zone><![CDATA[10]]></id_zone>
</carrier_zone>
<carrier_zone><id_carrier><![CDATA[189]]></id_carrier>
<id_zone><![CDATA[10]]></id_zone>
</carrier_zone>
<carrier_zone><id_carrier><![CDATA[190]]></id_carrier>
<id_zone><![CDATA[10]]></id_zone>
</carrier_zone>
<carrier_zone><id_carrier><![CDATA[191]]></id_carrier>
<id_zone><![CDATA[10]]></id_zone>
</carrier_zone>
<carrier_zone><id_carrier><![CDATA[192]]></id_carrier>
<id_zone><![CDATA[10]]></id_zone>
</carrier_zone>
<carrier_zone><id_carrier><![CDATA[193]]></id_carrier>
<id_zone><![CDATA[10]]></id_zone>
</carrier_zone>
<carrier_zone><id_carrier><![CDATA[194]]></id_carrier>
<id_zone><![CDATA[10]]></id_zone>
</carrier_zone>
<carrier_zone><id_carrier><![CDATA[195]]></id_carrier>
<id_zone><![CDATA[10]]></id_zone>
</carrier_zone>
<carrier_zone><id_carrier><![CDATA[196]]></id_carrier>
<id_zone><![CDATA[10]]></id_zone>
</carrier_zone>
<carrier_zone><id_carrier><![CDATA[197]]></id_carrier>
<id_zone><![CDATA[10]]></id_zone>
</carrier_zone>
<carrier_zone><id_carrier><![CDATA[198]]></id_carrier>
<id_zone><![CDATA[10]]></id_zone>
</carrier_zone>
<carrier_zone><id_carrier><![CDATA[199]]></id_carrier>
<id_zone><![CDATA[10]]></id_zone>
</carrier_zone>
<carrier_zone><id_carrier><![CDATA[200]]></id_carrier>
<id_zone><![CDATA[10]]></id_zone>
</carrier_zone>
<carrier_zone><id_carrier><![CDATA[201]]></id_carrier>
<id_zone><![CDATA[10]]></id_zone>
</carrier_zone>
<carrier_zone><id_carrier><![CDATA[202]]></id_carrier>
<id_zone><![CDATA[10]]></id_zone>
</carrier_zone>
<carrier_zone><id_carrier><![CDATA[203]]></id_carrier>
<id_zone><![CDATA[10]]></id_zone>
</carrier_zone>
<carrier_zone><id_carrier><![CDATA[204]]></id_carrier>
<id_zone><![CDATA[10]]></id_zone>
</carrier_zone>
<carrier_zone><id_carrier><![CDATA[205]]></id_carrier>
<id_zone><![CDATA[10]]></id_zone>
</carrier_zone>
<carrier_zone><id_carrier><![CDATA[206]]></id_carrier>
<id_zone><![CDATA[10]]></id_zone>
</carrier_zone>
<carrier_zone><id_carrier><![CDATA[207]]></id_carrier>
<id_zone><![CDATA[10]]></id_zone>
</carrier_zone>
<carrier_zone><id_carrier><![CDATA[208]]></id_carrier>
<id_zone><![CDATA[10]]></id_zone>
</carrier_zone>
<carrier_zone><id_carrier><![CDATA[209]]></id_carrier>
<id_zone><![CDATA[10]]></id_zone>
</carrier_zone>
<carrier_zone><id_carrier><![CDATA[210]]></id_carrier>
<id_zone><![CDATA[10]]></id_zone>
</carrier_zone>
<carrier_zone><id_carrier><![CDATA[211]]></id_carrier>
<id_zone><![CDATA[10]]></id_zone>
</carrier_zone>
<carrier_zone><id_carrier><![CDATA[212]]></id_carrier>
<id_zone><![CDATA[10]]></id_zone>
</carrier_zone>
<carrier_zone><id_carrier><![CDATA[213]]></id_carrier>
<id_zone><![CDATA[10]]></id_zone>
</carrier_zone>
<carrier_zone><id_carrier><![CDATA[214]]></id_carrier>
<id_zone><![CDATA[10]]></id_zone>
</carrier_zone>
<carrier_zone><id_carrier><![CDATA[215]]></id_carrier>
<id_zone><![CDATA[10]]></id_zone>
</carrier_zone>
<carrier_zone><id_carrier><![CDATA[216]]></id_carrier>
<id_zone><![CDATA[10]]></id_zone>
</carrier_zone>
<carrier_zone><id_carrier><![CDATA[217]]></id_carrier>
<id_zone><![CDATA[10]]></id_zone>
</carrier_zone>
<carrier_zone><id_carrier><![CDATA[218]]></id_carrier>
<id_zone><![CDATA[10]]></id_zone>
</carrier_zone>
<carrier_zone><id_carrier><![CDATA[219]]></id_carrier>
<id_zone><![CDATA[10]]></id_zone>
</carrier_zone>
<carrier_zone><id_carrier><![CDATA[220]]></id_carrier>
<id_zone><![CDATA[10]]></id_zone>
</carrier_zone>
<carrier_zone><id_carrier><![CDATA[221]]></id_carrier>
<id_zone><![CDATA[10]]></id_zone>
</carrier_zone>
<carrier_zone><id_carrier><![CDATA[222]]></id_carrier>
<id_zone><![CDATA[10]]></id_zone>
</carrier_zone>
<carrier_zone><id_carrier><![CDATA[223]]></id_carrier>
<id_zone><![CDATA[10]]></id_zone>
</carrier_zone>
<carrier_zone><id_carrier><![CDATA[224]]></id_carrier>
<id_zone><![CDATA[10]]></id_zone>
</carrier_zone>
<carrier_zone><id_carrier><![CDATA[225]]></id_carrier>
<id_zone><![CDATA[10]]></id_zone>
</carrier_zone>
</entity_profile>
