<?xml version="1.0" encoding="UTF-8"?>
<entity_profile>
<category_product><id_category><![CDATA[16]]></id_category>
<id_product><![CDATA[1439]]></id_product>
<position><![CDATA[271]]></position>
</category_product>
<category_product><id_category><![CDATA[16]]></id_category>
<id_product><![CDATA[1440]]></id_product>
<position><![CDATA[272]]></position>
</category_product>
<category_product><id_category><![CDATA[16]]></id_category>
<id_product><![CDATA[1441]]></id_product>
<position><![CDATA[273]]></position>
</category_product>
<category_product><id_category><![CDATA[16]]></id_category>
<id_product><![CDATA[1442]]></id_product>
<position><![CDATA[274]]></position>
</category_product>
<category_product><id_category><![CDATA[16]]></id_category>
<id_product><![CDATA[1443]]></id_product>
<position><![CDATA[275]]></position>
</category_product>
<category_product><id_category><![CDATA[16]]></id_category>
<id_product><![CDATA[1444]]></id_product>
<position><![CDATA[276]]></position>
</category_product>
<category_product><id_category><![CDATA[16]]></id_category>
<id_product><![CDATA[1445]]></id_product>
<position><![CDATA[277]]></position>
</category_product>
<category_product><id_category><![CDATA[16]]></id_category>
<id_product><![CDATA[1447]]></id_product>
<position><![CDATA[278]]></position>
</category_product>
<category_product><id_category><![CDATA[16]]></id_category>
<id_product><![CDATA[1448]]></id_product>
<position><![CDATA[279]]></position>
</category_product>
<category_product><id_category><![CDATA[16]]></id_category>
<id_product><![CDATA[1449]]></id_product>
<position><![CDATA[280]]></position>
</category_product>
<category_product><id_category><![CDATA[16]]></id_category>
<id_product><![CDATA[1450]]></id_product>
<position><![CDATA[281]]></position>
</category_product>
<category_product><id_category><![CDATA[16]]></id_category>
<id_product><![CDATA[1451]]></id_product>
<position><![CDATA[282]]></position>
</category_product>
<category_product><id_category><![CDATA[16]]></id_category>
<id_product><![CDATA[1452]]></id_product>
<position><![CDATA[283]]></position>
</category_product>
<category_product><id_category><![CDATA[16]]></id_category>
<id_product><![CDATA[1453]]></id_product>
<position><![CDATA[284]]></position>
</category_product>
<category_product><id_category><![CDATA[16]]></id_category>
<id_product><![CDATA[1454]]></id_product>
<position><![CDATA[285]]></position>
</category_product>
<category_product><id_category><![CDATA[16]]></id_category>
<id_product><![CDATA[1455]]></id_product>
<position><![CDATA[286]]></position>
</category_product>
<category_product><id_category><![CDATA[16]]></id_category>
<id_product><![CDATA[1456]]></id_product>
<position><![CDATA[287]]></position>
</category_product>
<category_product><id_category><![CDATA[16]]></id_category>
<id_product><![CDATA[1457]]></id_product>
<position><![CDATA[288]]></position>
</category_product>
<category_product><id_category><![CDATA[16]]></id_category>
<id_product><![CDATA[1496]]></id_product>
<position><![CDATA[289]]></position>
</category_product>
<category_product><id_category><![CDATA[16]]></id_category>
<id_product><![CDATA[1497]]></id_product>
<position><![CDATA[290]]></position>
</category_product>
<category_product><id_category><![CDATA[16]]></id_category>
<id_product><![CDATA[1498]]></id_product>
<position><![CDATA[291]]></position>
</category_product>
<category_product><id_category><![CDATA[16]]></id_category>
<id_product><![CDATA[1499]]></id_product>
<position><![CDATA[292]]></position>
</category_product>
<category_product><id_category><![CDATA[16]]></id_category>
<id_product><![CDATA[1512]]></id_product>
<position><![CDATA[293]]></position>
</category_product>
<category_product><id_category><![CDATA[16]]></id_category>
<id_product><![CDATA[1513]]></id_product>
<position><![CDATA[294]]></position>
</category_product>
<category_product><id_category><![CDATA[16]]></id_category>
<id_product><![CDATA[1514]]></id_product>
<position><![CDATA[295]]></position>
</category_product>
<category_product><id_category><![CDATA[16]]></id_category>
<id_product><![CDATA[1515]]></id_product>
<position><![CDATA[296]]></position>
</category_product>
<category_product><id_category><![CDATA[16]]></id_category>
<id_product><![CDATA[1516]]></id_product>
<position><![CDATA[297]]></position>
</category_product>
<category_product><id_category><![CDATA[16]]></id_category>
<id_product><![CDATA[1518]]></id_product>
<position><![CDATA[298]]></position>
</category_product>
<category_product><id_category><![CDATA[16]]></id_category>
<id_product><![CDATA[1519]]></id_product>
<position><![CDATA[299]]></position>
</category_product>
<category_product><id_category><![CDATA[16]]></id_category>
<id_product><![CDATA[1520]]></id_product>
<position><![CDATA[300]]></position>
</category_product>
<category_product><id_category><![CDATA[16]]></id_category>
<id_product><![CDATA[1521]]></id_product>
<position><![CDATA[301]]></position>
</category_product>
<category_product><id_category><![CDATA[16]]></id_category>
<id_product><![CDATA[1522]]></id_product>
<position><![CDATA[302]]></position>
</category_product>
<category_product><id_category><![CDATA[16]]></id_category>
<id_product><![CDATA[1523]]></id_product>
<position><![CDATA[303]]></position>
</category_product>
<category_product><id_category><![CDATA[16]]></id_category>
<id_product><![CDATA[1525]]></id_product>
<position><![CDATA[304]]></position>
</category_product>
<category_product><id_category><![CDATA[16]]></id_category>
<id_product><![CDATA[1526]]></id_product>
<position><![CDATA[305]]></position>
</category_product>
<category_product><id_category><![CDATA[16]]></id_category>
<id_product><![CDATA[1527]]></id_product>
<position><![CDATA[306]]></position>
</category_product>
<category_product><id_category><![CDATA[16]]></id_category>
<id_product><![CDATA[1528]]></id_product>
<position><![CDATA[307]]></position>
</category_product>
<category_product><id_category><![CDATA[16]]></id_category>
<id_product><![CDATA[1530]]></id_product>
<position><![CDATA[308]]></position>
</category_product>
<category_product><id_category><![CDATA[16]]></id_category>
<id_product><![CDATA[1531]]></id_product>
<position><![CDATA[309]]></position>
</category_product>
<category_product><id_category><![CDATA[16]]></id_category>
<id_product><![CDATA[1562]]></id_product>
<position><![CDATA[310]]></position>
</category_product>
<category_product><id_category><![CDATA[16]]></id_category>
<id_product><![CDATA[1563]]></id_product>
<position><![CDATA[311]]></position>
</category_product>
<category_product><id_category><![CDATA[16]]></id_category>
<id_product><![CDATA[1564]]></id_product>
<position><![CDATA[312]]></position>
</category_product>
<category_product><id_category><![CDATA[16]]></id_category>
<id_product><![CDATA[1565]]></id_product>
<position><![CDATA[313]]></position>
</category_product>
<category_product><id_category><![CDATA[16]]></id_category>
<id_product><![CDATA[1566]]></id_product>
<position><![CDATA[314]]></position>
</category_product>
<category_product><id_category><![CDATA[16]]></id_category>
<id_product><![CDATA[1567]]></id_product>
<position><![CDATA[315]]></position>
</category_product>
<category_product><id_category><![CDATA[16]]></id_category>
<id_product><![CDATA[1568]]></id_product>
<position><![CDATA[316]]></position>
</category_product>
<category_product><id_category><![CDATA[16]]></id_category>
<id_product><![CDATA[1569]]></id_product>
<position><![CDATA[317]]></position>
</category_product>
<category_product><id_category><![CDATA[16]]></id_category>
<id_product><![CDATA[1570]]></id_product>
<position><![CDATA[318]]></position>
</category_product>
<category_product><id_category><![CDATA[16]]></id_category>
<id_product><![CDATA[1571]]></id_product>
<position><![CDATA[319]]></position>
</category_product>
<category_product><id_category><![CDATA[16]]></id_category>
<id_product><![CDATA[1572]]></id_product>
<position><![CDATA[320]]></position>
</category_product>
<category_product><id_category><![CDATA[16]]></id_category>
<id_product><![CDATA[1573]]></id_product>
<position><![CDATA[321]]></position>
</category_product>
<category_product><id_category><![CDATA[16]]></id_category>
<id_product><![CDATA[1574]]></id_product>
<position><![CDATA[322]]></position>
</category_product>
<category_product><id_category><![CDATA[16]]></id_category>
<id_product><![CDATA[1575]]></id_product>
<position><![CDATA[323]]></position>
</category_product>
<category_product><id_category><![CDATA[16]]></id_category>
<id_product><![CDATA[1576]]></id_product>
<position><![CDATA[324]]></position>
</category_product>
<category_product><id_category><![CDATA[16]]></id_category>
<id_product><![CDATA[1577]]></id_product>
<position><![CDATA[325]]></position>
</category_product>
<category_product><id_category><![CDATA[16]]></id_category>
<id_product><![CDATA[1578]]></id_product>
<position><![CDATA[326]]></position>
</category_product>
<category_product><id_category><![CDATA[16]]></id_category>
<id_product><![CDATA[1579]]></id_product>
<position><![CDATA[327]]></position>
</category_product>
<category_product><id_category><![CDATA[16]]></id_category>
<id_product><![CDATA[1580]]></id_product>
<position><![CDATA[328]]></position>
</category_product>
<category_product><id_category><![CDATA[16]]></id_category>
<id_product><![CDATA[1611]]></id_product>
<position><![CDATA[329]]></position>
</category_product>
<category_product><id_category><![CDATA[16]]></id_category>
<id_product><![CDATA[1612]]></id_product>
<position><![CDATA[330]]></position>
</category_product>
<category_product><id_category><![CDATA[16]]></id_category>
<id_product><![CDATA[1613]]></id_product>
<position><![CDATA[331]]></position>
</category_product>
<category_product><id_category><![CDATA[16]]></id_category>
<id_product><![CDATA[1614]]></id_product>
<position><![CDATA[332]]></position>
</category_product>
<category_product><id_category><![CDATA[16]]></id_category>
<id_product><![CDATA[1615]]></id_product>
<position><![CDATA[333]]></position>
</category_product>
<category_product><id_category><![CDATA[16]]></id_category>
<id_product><![CDATA[1616]]></id_product>
<position><![CDATA[334]]></position>
</category_product>
<category_product><id_category><![CDATA[16]]></id_category>
<id_product><![CDATA[1617]]></id_product>
<position><![CDATA[335]]></position>
</category_product>
<category_product><id_category><![CDATA[16]]></id_category>
<id_product><![CDATA[1618]]></id_product>
<position><![CDATA[336]]></position>
</category_product>
<category_product><id_category><![CDATA[16]]></id_category>
<id_product><![CDATA[1619]]></id_product>
<position><![CDATA[337]]></position>
</category_product>
<category_product><id_category><![CDATA[16]]></id_category>
<id_product><![CDATA[1620]]></id_product>
<position><![CDATA[338]]></position>
</category_product>
<category_product><id_category><![CDATA[16]]></id_category>
<id_product><![CDATA[1621]]></id_product>
<position><![CDATA[339]]></position>
</category_product>
<category_product><id_category><![CDATA[16]]></id_category>
<id_product><![CDATA[1622]]></id_product>
<position><![CDATA[340]]></position>
</category_product>
<category_product><id_category><![CDATA[16]]></id_category>
<id_product><![CDATA[1623]]></id_product>
<position><![CDATA[341]]></position>
</category_product>
<category_product><id_category><![CDATA[16]]></id_category>
<id_product><![CDATA[1624]]></id_product>
<position><![CDATA[342]]></position>
</category_product>
<category_product><id_category><![CDATA[16]]></id_category>
<id_product><![CDATA[1625]]></id_product>
<position><![CDATA[343]]></position>
</category_product>
<category_product><id_category><![CDATA[16]]></id_category>
<id_product><![CDATA[1626]]></id_product>
<position><![CDATA[344]]></position>
</category_product>
<category_product><id_category><![CDATA[16]]></id_category>
<id_product><![CDATA[1627]]></id_product>
<position><![CDATA[345]]></position>
</category_product>
<category_product><id_category><![CDATA[16]]></id_category>
<id_product><![CDATA[1628]]></id_product>
<position><![CDATA[346]]></position>
</category_product>
<category_product><id_category><![CDATA[16]]></id_category>
<id_product><![CDATA[1629]]></id_product>
<position><![CDATA[347]]></position>
</category_product>
<category_product><id_category><![CDATA[16]]></id_category>
<id_product><![CDATA[1630]]></id_product>
<position><![CDATA[348]]></position>
</category_product>
<category_product><id_category><![CDATA[16]]></id_category>
<id_product><![CDATA[1631]]></id_product>
<position><![CDATA[349]]></position>
</category_product>
<category_product><id_category><![CDATA[16]]></id_category>
<id_product><![CDATA[1632]]></id_product>
<position><![CDATA[350]]></position>
</category_product>
<category_product><id_category><![CDATA[16]]></id_category>
<id_product><![CDATA[1633]]></id_product>
<position><![CDATA[351]]></position>
</category_product>
<category_product><id_category><![CDATA[16]]></id_category>
<id_product><![CDATA[1634]]></id_product>
<position><![CDATA[352]]></position>
</category_product>
<category_product><id_category><![CDATA[16]]></id_category>
<id_product><![CDATA[1635]]></id_product>
<position><![CDATA[353]]></position>
</category_product>
<category_product><id_category><![CDATA[16]]></id_category>
<id_product><![CDATA[1636]]></id_product>
<position><![CDATA[354]]></position>
</category_product>
<category_product><id_category><![CDATA[16]]></id_category>
<id_product><![CDATA[1637]]></id_product>
<position><![CDATA[355]]></position>
</category_product>
<category_product><id_category><![CDATA[16]]></id_category>
<id_product><![CDATA[1638]]></id_product>
<position><![CDATA[356]]></position>
</category_product>
<category_product><id_category><![CDATA[16]]></id_category>
<id_product><![CDATA[1639]]></id_product>
<position><![CDATA[357]]></position>
</category_product>
<category_product><id_category><![CDATA[16]]></id_category>
<id_product><![CDATA[1640]]></id_product>
<position><![CDATA[358]]></position>
</category_product>
<category_product><id_category><![CDATA[16]]></id_category>
<id_product><![CDATA[1641]]></id_product>
<position><![CDATA[359]]></position>
</category_product>
<category_product><id_category><![CDATA[16]]></id_category>
<id_product><![CDATA[1642]]></id_product>
<position><![CDATA[360]]></position>
</category_product>
<category_product><id_category><![CDATA[16]]></id_category>
<id_product><![CDATA[1643]]></id_product>
<position><![CDATA[361]]></position>
</category_product>
<category_product><id_category><![CDATA[16]]></id_category>
<id_product><![CDATA[1644]]></id_product>
<position><![CDATA[362]]></position>
</category_product>
<category_product><id_category><![CDATA[16]]></id_category>
<id_product><![CDATA[1645]]></id_product>
<position><![CDATA[363]]></position>
</category_product>
<category_product><id_category><![CDATA[16]]></id_category>
<id_product><![CDATA[1646]]></id_product>
<position><![CDATA[364]]></position>
</category_product>
<category_product><id_category><![CDATA[16]]></id_category>
<id_product><![CDATA[1647]]></id_product>
<position><![CDATA[365]]></position>
</category_product>
<category_product><id_category><![CDATA[16]]></id_category>
<id_product><![CDATA[1648]]></id_product>
<position><![CDATA[366]]></position>
</category_product>
<category_product><id_category><![CDATA[16]]></id_category>
<id_product><![CDATA[1649]]></id_product>
<position><![CDATA[367]]></position>
</category_product>
<category_product><id_category><![CDATA[16]]></id_category>
<id_product><![CDATA[1689]]></id_product>
<position><![CDATA[368]]></position>
</category_product>
<category_product><id_category><![CDATA[16]]></id_category>
<id_product><![CDATA[1690]]></id_product>
<position><![CDATA[369]]></position>
</category_product>
<category_product><id_category><![CDATA[16]]></id_category>
<id_product><![CDATA[1734]]></id_product>
<position><![CDATA[370]]></position>
</category_product>
<category_product><id_category><![CDATA[16]]></id_category>
<id_product><![CDATA[1735]]></id_product>
<position><![CDATA[371]]></position>
</category_product>
<category_product><id_category><![CDATA[16]]></id_category>
<id_product><![CDATA[1737]]></id_product>
<position><![CDATA[372]]></position>
</category_product>
<category_product><id_category><![CDATA[16]]></id_category>
<id_product><![CDATA[1739]]></id_product>
<position><![CDATA[373]]></position>
</category_product>
<category_product><id_category><![CDATA[16]]></id_category>
<id_product><![CDATA[1744]]></id_product>
<position><![CDATA[374]]></position>
</category_product>
<category_product><id_category><![CDATA[16]]></id_category>
<id_product><![CDATA[1745]]></id_product>
<position><![CDATA[375]]></position>
</category_product>
<category_product><id_category><![CDATA[16]]></id_category>
<id_product><![CDATA[1746]]></id_product>
<position><![CDATA[376]]></position>
</category_product>
<category_product><id_category><![CDATA[16]]></id_category>
<id_product><![CDATA[1747]]></id_product>
<position><![CDATA[377]]></position>
</category_product>
<category_product><id_category><![CDATA[16]]></id_category>
<id_product><![CDATA[1748]]></id_product>
<position><![CDATA[378]]></position>
</category_product>
<category_product><id_category><![CDATA[16]]></id_category>
<id_product><![CDATA[1749]]></id_product>
<position><![CDATA[379]]></position>
</category_product>
<category_product><id_category><![CDATA[16]]></id_category>
<id_product><![CDATA[1750]]></id_product>
<position><![CDATA[380]]></position>
</category_product>
<category_product><id_category><![CDATA[16]]></id_category>
<id_product><![CDATA[1751]]></id_product>
<position><![CDATA[381]]></position>
</category_product>
<category_product><id_category><![CDATA[16]]></id_category>
<id_product><![CDATA[1752]]></id_product>
<position><![CDATA[382]]></position>
</category_product>
<category_product><id_category><![CDATA[16]]></id_category>
<id_product><![CDATA[1753]]></id_product>
<position><![CDATA[383]]></position>
</category_product>
<category_product><id_category><![CDATA[16]]></id_category>
<id_product><![CDATA[1754]]></id_product>
<position><![CDATA[384]]></position>
</category_product>
<category_product><id_category><![CDATA[16]]></id_category>
<id_product><![CDATA[1755]]></id_product>
<position><![CDATA[385]]></position>
</category_product>
<category_product><id_category><![CDATA[16]]></id_category>
<id_product><![CDATA[1756]]></id_product>
<position><![CDATA[386]]></position>
</category_product>
<category_product><id_category><![CDATA[16]]></id_category>
<id_product><![CDATA[1757]]></id_product>
<position><![CDATA[387]]></position>
</category_product>
<category_product><id_category><![CDATA[16]]></id_category>
<id_product><![CDATA[1758]]></id_product>
<position><![CDATA[388]]></position>
</category_product>
<category_product><id_category><![CDATA[16]]></id_category>
<id_product><![CDATA[1759]]></id_product>
<position><![CDATA[389]]></position>
</category_product>
<category_product><id_category><![CDATA[16]]></id_category>
<id_product><![CDATA[1760]]></id_product>
<position><![CDATA[390]]></position>
</category_product>
<category_product><id_category><![CDATA[16]]></id_category>
<id_product><![CDATA[1761]]></id_product>
<position><![CDATA[391]]></position>
</category_product>
<category_product><id_category><![CDATA[16]]></id_category>
<id_product><![CDATA[1762]]></id_product>
<position><![CDATA[392]]></position>
</category_product>
<category_product><id_category><![CDATA[16]]></id_category>
<id_product><![CDATA[1763]]></id_product>
<position><![CDATA[393]]></position>
</category_product>
<category_product><id_category><![CDATA[16]]></id_category>
<id_product><![CDATA[1764]]></id_product>
<position><![CDATA[394]]></position>
</category_product>
<category_product><id_category><![CDATA[16]]></id_category>
<id_product><![CDATA[1765]]></id_product>
<position><![CDATA[395]]></position>
</category_product>
<category_product><id_category><![CDATA[16]]></id_category>
<id_product><![CDATA[1771]]></id_product>
<position><![CDATA[396]]></position>
</category_product>
<category_product><id_category><![CDATA[16]]></id_category>
<id_product><![CDATA[1772]]></id_product>
<position><![CDATA[397]]></position>
</category_product>
<category_product><id_category><![CDATA[16]]></id_category>
<id_product><![CDATA[1773]]></id_product>
<position><![CDATA[398]]></position>
</category_product>
<category_product><id_category><![CDATA[16]]></id_category>
<id_product><![CDATA[1774]]></id_product>
<position><![CDATA[399]]></position>
</category_product>
<category_product><id_category><![CDATA[16]]></id_category>
<id_product><![CDATA[1775]]></id_product>
<position><![CDATA[400]]></position>
</category_product>
<category_product><id_category><![CDATA[16]]></id_category>
<id_product><![CDATA[1776]]></id_product>
<position><![CDATA[401]]></position>
</category_product>
<category_product><id_category><![CDATA[16]]></id_category>
<id_product><![CDATA[1777]]></id_product>
<position><![CDATA[402]]></position>
</category_product>
<category_product><id_category><![CDATA[16]]></id_category>
<id_product><![CDATA[1778]]></id_product>
<position><![CDATA[403]]></position>
</category_product>
<category_product><id_category><![CDATA[16]]></id_category>
<id_product><![CDATA[1779]]></id_product>
<position><![CDATA[404]]></position>
</category_product>
<category_product><id_category><![CDATA[16]]></id_category>
<id_product><![CDATA[1780]]></id_product>
<position><![CDATA[405]]></position>
</category_product>
<category_product><id_category><![CDATA[16]]></id_category>
<id_product><![CDATA[1781]]></id_product>
<position><![CDATA[406]]></position>
</category_product>
<category_product><id_category><![CDATA[16]]></id_category>
<id_product><![CDATA[1782]]></id_product>
<position><![CDATA[407]]></position>
</category_product>
<category_product><id_category><![CDATA[16]]></id_category>
<id_product><![CDATA[1783]]></id_product>
<position><![CDATA[408]]></position>
</category_product>
<category_product><id_category><![CDATA[16]]></id_category>
<id_product><![CDATA[1784]]></id_product>
<position><![CDATA[409]]></position>
</category_product>
<category_product><id_category><![CDATA[16]]></id_category>
<id_product><![CDATA[1785]]></id_product>
<position><![CDATA[410]]></position>
</category_product>
<category_product><id_category><![CDATA[16]]></id_category>
<id_product><![CDATA[1786]]></id_product>
<position><![CDATA[411]]></position>
</category_product>
<category_product><id_category><![CDATA[16]]></id_category>
<id_product><![CDATA[1787]]></id_product>
<position><![CDATA[412]]></position>
</category_product>
<category_product><id_category><![CDATA[16]]></id_category>
<id_product><![CDATA[1788]]></id_product>
<position><![CDATA[413]]></position>
</category_product>
<category_product><id_category><![CDATA[16]]></id_category>
<id_product><![CDATA[1789]]></id_product>
<position><![CDATA[414]]></position>
</category_product>
<category_product><id_category><![CDATA[16]]></id_category>
<id_product><![CDATA[1791]]></id_product>
<position><![CDATA[415]]></position>
</category_product>
<category_product><id_category><![CDATA[16]]></id_category>
<id_product><![CDATA[1792]]></id_product>
<position><![CDATA[416]]></position>
</category_product>
<category_product><id_category><![CDATA[16]]></id_category>
<id_product><![CDATA[1794]]></id_product>
<position><![CDATA[417]]></position>
</category_product>
<category_product><id_category><![CDATA[16]]></id_category>
<id_product><![CDATA[2241]]></id_product>
<position><![CDATA[418]]></position>
</category_product>
<category_product><id_category><![CDATA[16]]></id_category>
<id_product><![CDATA[2242]]></id_product>
<position><![CDATA[419]]></position>
</category_product>
<category_product><id_category><![CDATA[16]]></id_category>
<id_product><![CDATA[2243]]></id_product>
<position><![CDATA[420]]></position>
</category_product>
<category_product><id_category><![CDATA[16]]></id_category>
<id_product><![CDATA[2244]]></id_product>
<position><![CDATA[421]]></position>
</category_product>
<category_product><id_category><![CDATA[16]]></id_category>
<id_product><![CDATA[2987]]></id_product>
<position><![CDATA[422]]></position>
</category_product>
<category_product><id_category><![CDATA[16]]></id_category>
<id_product><![CDATA[2988]]></id_product>
<position><![CDATA[423]]></position>
</category_product>
<category_product><id_category><![CDATA[16]]></id_category>
<id_product><![CDATA[3061]]></id_product>
<position><![CDATA[424]]></position>
</category_product>
<category_product><id_category><![CDATA[16]]></id_category>
<id_product><![CDATA[3080]]></id_product>
<position><![CDATA[425]]></position>
</category_product>
<category_product><id_category><![CDATA[16]]></id_category>
<id_product><![CDATA[3081]]></id_product>
<position><![CDATA[426]]></position>
</category_product>
<category_product><id_category><![CDATA[16]]></id_category>
<id_product><![CDATA[3084]]></id_product>
<position><![CDATA[427]]></position>
</category_product>
<category_product><id_category><![CDATA[16]]></id_category>
<id_product><![CDATA[3085]]></id_product>
<position><![CDATA[428]]></position>
</category_product>
<category_product><id_category><![CDATA[16]]></id_category>
<id_product><![CDATA[3086]]></id_product>
<position><![CDATA[429]]></position>
</category_product>
<category_product><id_category><![CDATA[16]]></id_category>
<id_product><![CDATA[3087]]></id_product>
<position><![CDATA[430]]></position>
</category_product>
<category_product><id_category><![CDATA[16]]></id_category>
<id_product><![CDATA[3088]]></id_product>
<position><![CDATA[431]]></position>
</category_product>
<category_product><id_category><![CDATA[16]]></id_category>
<id_product><![CDATA[3089]]></id_product>
<position><![CDATA[432]]></position>
</category_product>
<category_product><id_category><![CDATA[16]]></id_category>
<id_product><![CDATA[3090]]></id_product>
<position><![CDATA[433]]></position>
</category_product>
<category_product><id_category><![CDATA[16]]></id_category>
<id_product><![CDATA[3091]]></id_product>
<position><![CDATA[434]]></position>
</category_product>
<category_product><id_category><![CDATA[16]]></id_category>
<id_product><![CDATA[3092]]></id_product>
<position><![CDATA[435]]></position>
</category_product>
<category_product><id_category><![CDATA[16]]></id_category>
<id_product><![CDATA[3093]]></id_product>
<position><![CDATA[436]]></position>
</category_product>
<category_product><id_category><![CDATA[16]]></id_category>
<id_product><![CDATA[3094]]></id_product>
<position><![CDATA[437]]></position>
</category_product>
<category_product><id_category><![CDATA[16]]></id_category>
<id_product><![CDATA[3096]]></id_product>
<position><![CDATA[438]]></position>
</category_product>
<category_product><id_category><![CDATA[16]]></id_category>
<id_product><![CDATA[3101]]></id_product>
<position><![CDATA[439]]></position>
</category_product>
<category_product><id_category><![CDATA[16]]></id_category>
<id_product><![CDATA[3102]]></id_product>
<position><![CDATA[440]]></position>
</category_product>
<category_product><id_category><![CDATA[16]]></id_category>
<id_product><![CDATA[3103]]></id_product>
<position><![CDATA[441]]></position>
</category_product>
<category_product><id_category><![CDATA[16]]></id_category>
<id_product><![CDATA[3104]]></id_product>
<position><![CDATA[442]]></position>
</category_product>
<category_product><id_category><![CDATA[16]]></id_category>
<id_product><![CDATA[3106]]></id_product>
<position><![CDATA[443]]></position>
</category_product>
<category_product><id_category><![CDATA[16]]></id_category>
<id_product><![CDATA[3112]]></id_product>
<position><![CDATA[444]]></position>
</category_product>
<category_product><id_category><![CDATA[16]]></id_category>
<id_product><![CDATA[3113]]></id_product>
<position><![CDATA[445]]></position>
</category_product>
<category_product><id_category><![CDATA[16]]></id_category>
<id_product><![CDATA[3114]]></id_product>
<position><![CDATA[446]]></position>
</category_product>
<category_product><id_category><![CDATA[16]]></id_category>
<id_product><![CDATA[3115]]></id_product>
<position><![CDATA[447]]></position>
</category_product>
<category_product><id_category><![CDATA[16]]></id_category>
<id_product><![CDATA[3116]]></id_product>
<position><![CDATA[448]]></position>
</category_product>
<category_product><id_category><![CDATA[16]]></id_category>
<id_product><![CDATA[3117]]></id_product>
<position><![CDATA[449]]></position>
</category_product>
<category_product><id_category><![CDATA[16]]></id_category>
<id_product><![CDATA[3118]]></id_product>
<position><![CDATA[450]]></position>
</category_product>
<category_product><id_category><![CDATA[16]]></id_category>
<id_product><![CDATA[3119]]></id_product>
<position><![CDATA[451]]></position>
</category_product>
<category_product><id_category><![CDATA[16]]></id_category>
<id_product><![CDATA[3121]]></id_product>
<position><![CDATA[452]]></position>
</category_product>
<category_product><id_category><![CDATA[16]]></id_category>
<id_product><![CDATA[3122]]></id_product>
<position><![CDATA[453]]></position>
</category_product>
<category_product><id_category><![CDATA[16]]></id_category>
<id_product><![CDATA[3125]]></id_product>
<position><![CDATA[454]]></position>
</category_product>
<category_product><id_category><![CDATA[16]]></id_category>
<id_product><![CDATA[3126]]></id_product>
<position><![CDATA[455]]></position>
</category_product>
<category_product><id_category><![CDATA[16]]></id_category>
<id_product><![CDATA[3127]]></id_product>
<position><![CDATA[456]]></position>
</category_product>
<category_product><id_category><![CDATA[16]]></id_category>
<id_product><![CDATA[3128]]></id_product>
<position><![CDATA[457]]></position>
</category_product>
<category_product><id_category><![CDATA[16]]></id_category>
<id_product><![CDATA[3129]]></id_product>
<position><![CDATA[458]]></position>
</category_product>
<category_product><id_category><![CDATA[16]]></id_category>
<id_product><![CDATA[3130]]></id_product>
<position><![CDATA[459]]></position>
</category_product>
<category_product><id_category><![CDATA[16]]></id_category>
<id_product><![CDATA[3133]]></id_product>
<position><![CDATA[460]]></position>
</category_product>
<category_product><id_category><![CDATA[16]]></id_category>
<id_product><![CDATA[4048]]></id_product>
<position><![CDATA[461]]></position>
</category_product>
<category_product><id_category><![CDATA[16]]></id_category>
<id_product><![CDATA[4049]]></id_product>
<position><![CDATA[462]]></position>
</category_product>
<category_product><id_category><![CDATA[16]]></id_category>
<id_product><![CDATA[4241]]></id_product>
<position><![CDATA[463]]></position>
</category_product>
<category_product><id_category><![CDATA[18]]></id_category>
<id_product><![CDATA[122]]></id_product>
<position><![CDATA[0]]></position>
</category_product>
<category_product><id_category><![CDATA[18]]></id_category>
<id_product><![CDATA[125]]></id_product>
<position><![CDATA[1]]></position>
</category_product>
<category_product><id_category><![CDATA[18]]></id_category>
<id_product><![CDATA[123]]></id_product>
<position><![CDATA[2]]></position>
</category_product>
<category_product><id_category><![CDATA[18]]></id_category>
<id_product><![CDATA[119]]></id_product>
<position><![CDATA[3]]></position>
</category_product>
<category_product><id_category><![CDATA[18]]></id_category>
<id_product><![CDATA[126]]></id_product>
<position><![CDATA[4]]></position>
</category_product>
<category_product><id_category><![CDATA[18]]></id_category>
<id_product><![CDATA[127]]></id_product>
<position><![CDATA[5]]></position>
</category_product>
<category_product><id_category><![CDATA[18]]></id_category>
<id_product><![CDATA[128]]></id_product>
<position><![CDATA[6]]></position>
</category_product>
<category_product><id_category><![CDATA[18]]></id_category>
<id_product><![CDATA[129]]></id_product>
<position><![CDATA[7]]></position>
</category_product>
<category_product><id_category><![CDATA[18]]></id_category>
<id_product><![CDATA[130]]></id_product>
<position><![CDATA[8]]></position>
</category_product>
<category_product><id_category><![CDATA[18]]></id_category>
<id_product><![CDATA[131]]></id_product>
<position><![CDATA[9]]></position>
</category_product>
<category_product><id_category><![CDATA[18]]></id_category>
<id_product><![CDATA[132]]></id_product>
<position><![CDATA[10]]></position>
</category_product>
<category_product><id_category><![CDATA[18]]></id_category>
<id_product><![CDATA[133]]></id_product>
<position><![CDATA[11]]></position>
</category_product>
<category_product><id_category><![CDATA[18]]></id_category>
<id_product><![CDATA[134]]></id_product>
<position><![CDATA[12]]></position>
</category_product>
<category_product><id_category><![CDATA[18]]></id_category>
<id_product><![CDATA[135]]></id_product>
<position><![CDATA[13]]></position>
</category_product>
<category_product><id_category><![CDATA[18]]></id_category>
<id_product><![CDATA[138]]></id_product>
<position><![CDATA[14]]></position>
</category_product>
<category_product><id_category><![CDATA[18]]></id_category>
<id_product><![CDATA[139]]></id_product>
<position><![CDATA[15]]></position>
</category_product>
<category_product><id_category><![CDATA[18]]></id_category>
<id_product><![CDATA[140]]></id_product>
<position><![CDATA[16]]></position>
</category_product>
<category_product><id_category><![CDATA[18]]></id_category>
<id_product><![CDATA[142]]></id_product>
<position><![CDATA[17]]></position>
</category_product>
<category_product><id_category><![CDATA[18]]></id_category>
<id_product><![CDATA[143]]></id_product>
<position><![CDATA[18]]></position>
</category_product>
<category_product><id_category><![CDATA[18]]></id_category>
<id_product><![CDATA[144]]></id_product>
<position><![CDATA[19]]></position>
</category_product>
<category_product><id_category><![CDATA[18]]></id_category>
<id_product><![CDATA[145]]></id_product>
<position><![CDATA[20]]></position>
</category_product>
<category_product><id_category><![CDATA[18]]></id_category>
<id_product><![CDATA[146]]></id_product>
<position><![CDATA[21]]></position>
</category_product>
<category_product><id_category><![CDATA[18]]></id_category>
<id_product><![CDATA[147]]></id_product>
<position><![CDATA[22]]></position>
</category_product>
<category_product><id_category><![CDATA[18]]></id_category>
<id_product><![CDATA[148]]></id_product>
<position><![CDATA[23]]></position>
</category_product>
<category_product><id_category><![CDATA[18]]></id_category>
<id_product><![CDATA[149]]></id_product>
<position><![CDATA[24]]></position>
</category_product>
<category_product><id_category><![CDATA[18]]></id_category>
<id_product><![CDATA[150]]></id_product>
<position><![CDATA[25]]></position>
</category_product>
<category_product><id_category><![CDATA[18]]></id_category>
<id_product><![CDATA[151]]></id_product>
<position><![CDATA[26]]></position>
</category_product>
<category_product><id_category><![CDATA[18]]></id_category>
<id_product><![CDATA[152]]></id_product>
<position><![CDATA[27]]></position>
</category_product>
<category_product><id_category><![CDATA[18]]></id_category>
<id_product><![CDATA[153]]></id_product>
<position><![CDATA[28]]></position>
</category_product>
<category_product><id_category><![CDATA[18]]></id_category>
<id_product><![CDATA[154]]></id_product>
<position><![CDATA[29]]></position>
</category_product>
<category_product><id_category><![CDATA[18]]></id_category>
<id_product><![CDATA[155]]></id_product>
<position><![CDATA[30]]></position>
</category_product>
<category_product><id_category><![CDATA[18]]></id_category>
<id_product><![CDATA[156]]></id_product>
<position><![CDATA[31]]></position>
</category_product>
<category_product><id_category><![CDATA[18]]></id_category>
<id_product><![CDATA[157]]></id_product>
<position><![CDATA[32]]></position>
</category_product>
<category_product><id_category><![CDATA[18]]></id_category>
<id_product><![CDATA[158]]></id_product>
<position><![CDATA[33]]></position>
</category_product>
<category_product><id_category><![CDATA[18]]></id_category>
<id_product><![CDATA[159]]></id_product>
<position><![CDATA[34]]></position>
</category_product>
<category_product><id_category><![CDATA[18]]></id_category>
<id_product><![CDATA[160]]></id_product>
<position><![CDATA[35]]></position>
</category_product>
<category_product><id_category><![CDATA[18]]></id_category>
<id_product><![CDATA[161]]></id_product>
<position><![CDATA[36]]></position>
</category_product>
<category_product><id_category><![CDATA[18]]></id_category>
<id_product><![CDATA[162]]></id_product>
<position><![CDATA[37]]></position>
</category_product>
<category_product><id_category><![CDATA[18]]></id_category>
<id_product><![CDATA[163]]></id_product>
<position><![CDATA[38]]></position>
</category_product>
<category_product><id_category><![CDATA[18]]></id_category>
<id_product><![CDATA[164]]></id_product>
<position><![CDATA[39]]></position>
</category_product>
<category_product><id_category><![CDATA[18]]></id_category>
<id_product><![CDATA[165]]></id_product>
<position><![CDATA[40]]></position>
</category_product>
<category_product><id_category><![CDATA[18]]></id_category>
<id_product><![CDATA[166]]></id_product>
<position><![CDATA[41]]></position>
</category_product>
<category_product><id_category><![CDATA[18]]></id_category>
<id_product><![CDATA[167]]></id_product>
<position><![CDATA[42]]></position>
</category_product>
<category_product><id_category><![CDATA[18]]></id_category>
<id_product><![CDATA[168]]></id_product>
<position><![CDATA[43]]></position>
</category_product>
<category_product><id_category><![CDATA[18]]></id_category>
<id_product><![CDATA[169]]></id_product>
<position><![CDATA[44]]></position>
</category_product>
<category_product><id_category><![CDATA[18]]></id_category>
<id_product><![CDATA[170]]></id_product>
<position><![CDATA[45]]></position>
</category_product>
<category_product><id_category><![CDATA[18]]></id_category>
<id_product><![CDATA[171]]></id_product>
<position><![CDATA[46]]></position>
</category_product>
<category_product><id_category><![CDATA[18]]></id_category>
<id_product><![CDATA[172]]></id_product>
<position><![CDATA[47]]></position>
</category_product>
<category_product><id_category><![CDATA[18]]></id_category>
<id_product><![CDATA[173]]></id_product>
<position><![CDATA[48]]></position>
</category_product>
<category_product><id_category><![CDATA[18]]></id_category>
<id_product><![CDATA[174]]></id_product>
<position><![CDATA[49]]></position>
</category_product>
<category_product><id_category><![CDATA[18]]></id_category>
<id_product><![CDATA[175]]></id_product>
<position><![CDATA[50]]></position>
</category_product>
<category_product><id_category><![CDATA[18]]></id_category>
<id_product><![CDATA[178]]></id_product>
<position><![CDATA[51]]></position>
</category_product>
<category_product><id_category><![CDATA[18]]></id_category>
<id_product><![CDATA[179]]></id_product>
<position><![CDATA[52]]></position>
</category_product>
<category_product><id_category><![CDATA[18]]></id_category>
<id_product><![CDATA[180]]></id_product>
<position><![CDATA[53]]></position>
</category_product>
<category_product><id_category><![CDATA[18]]></id_category>
<id_product><![CDATA[181]]></id_product>
<position><![CDATA[54]]></position>
</category_product>
<category_product><id_category><![CDATA[18]]></id_category>
<id_product><![CDATA[182]]></id_product>
<position><![CDATA[55]]></position>
</category_product>
<category_product><id_category><![CDATA[18]]></id_category>
<id_product><![CDATA[183]]></id_product>
<position><![CDATA[56]]></position>
</category_product>
<category_product><id_category><![CDATA[18]]></id_category>
<id_product><![CDATA[184]]></id_product>
<position><![CDATA[57]]></position>
</category_product>
<category_product><id_category><![CDATA[18]]></id_category>
<id_product><![CDATA[185]]></id_product>
<position><![CDATA[58]]></position>
</category_product>
<category_product><id_category><![CDATA[18]]></id_category>
<id_product><![CDATA[186]]></id_product>
<position><![CDATA[59]]></position>
</category_product>
<category_product><id_category><![CDATA[18]]></id_category>
<id_product><![CDATA[187]]></id_product>
<position><![CDATA[60]]></position>
</category_product>
<category_product><id_category><![CDATA[18]]></id_category>
<id_product><![CDATA[188]]></id_product>
<position><![CDATA[61]]></position>
</category_product>
<category_product><id_category><![CDATA[18]]></id_category>
<id_product><![CDATA[189]]></id_product>
<position><![CDATA[62]]></position>
</category_product>
<category_product><id_category><![CDATA[18]]></id_category>
<id_product><![CDATA[190]]></id_product>
<position><![CDATA[63]]></position>
</category_product>
<category_product><id_category><![CDATA[18]]></id_category>
<id_product><![CDATA[191]]></id_product>
<position><![CDATA[64]]></position>
</category_product>
<category_product><id_category><![CDATA[18]]></id_category>
<id_product><![CDATA[192]]></id_product>
<position><![CDATA[65]]></position>
</category_product>
<category_product><id_category><![CDATA[18]]></id_category>
<id_product><![CDATA[193]]></id_product>
<position><![CDATA[66]]></position>
</category_product>
<category_product><id_category><![CDATA[18]]></id_category>
<id_product><![CDATA[194]]></id_product>
<position><![CDATA[67]]></position>
</category_product>
<category_product><id_category><![CDATA[18]]></id_category>
<id_product><![CDATA[195]]></id_product>
<position><![CDATA[68]]></position>
</category_product>
<category_product><id_category><![CDATA[18]]></id_category>
<id_product><![CDATA[196]]></id_product>
<position><![CDATA[69]]></position>
</category_product>
<category_product><id_category><![CDATA[18]]></id_category>
<id_product><![CDATA[197]]></id_product>
<position><![CDATA[70]]></position>
</category_product>
<category_product><id_category><![CDATA[18]]></id_category>
<id_product><![CDATA[198]]></id_product>
<position><![CDATA[71]]></position>
</category_product>
<category_product><id_category><![CDATA[18]]></id_category>
<id_product><![CDATA[199]]></id_product>
<position><![CDATA[72]]></position>
</category_product>
<category_product><id_category><![CDATA[18]]></id_category>
<id_product><![CDATA[200]]></id_product>
<position><![CDATA[73]]></position>
</category_product>
<category_product><id_category><![CDATA[18]]></id_category>
<id_product><![CDATA[201]]></id_product>
<position><![CDATA[74]]></position>
</category_product>
<category_product><id_category><![CDATA[18]]></id_category>
<id_product><![CDATA[202]]></id_product>
<position><![CDATA[75]]></position>
</category_product>
<category_product><id_category><![CDATA[18]]></id_category>
<id_product><![CDATA[203]]></id_product>
<position><![CDATA[76]]></position>
</category_product>
<category_product><id_category><![CDATA[18]]></id_category>
<id_product><![CDATA[204]]></id_product>
<position><![CDATA[77]]></position>
</category_product>
<category_product><id_category><![CDATA[18]]></id_category>
<id_product><![CDATA[205]]></id_product>
<position><![CDATA[78]]></position>
</category_product>
<category_product><id_category><![CDATA[18]]></id_category>
<id_product><![CDATA[206]]></id_product>
<position><![CDATA[79]]></position>
</category_product>
<category_product><id_category><![CDATA[18]]></id_category>
<id_product><![CDATA[208]]></id_product>
<position><![CDATA[80]]></position>
</category_product>
<category_product><id_category><![CDATA[18]]></id_category>
<id_product><![CDATA[209]]></id_product>
<position><![CDATA[81]]></position>
</category_product>
<category_product><id_category><![CDATA[18]]></id_category>
<id_product><![CDATA[210]]></id_product>
<position><![CDATA[82]]></position>
</category_product>
<category_product><id_category><![CDATA[18]]></id_category>
<id_product><![CDATA[211]]></id_product>
<position><![CDATA[83]]></position>
</category_product>
<category_product><id_category><![CDATA[18]]></id_category>
<id_product><![CDATA[212]]></id_product>
<position><![CDATA[84]]></position>
</category_product>
<category_product><id_category><![CDATA[18]]></id_category>
<id_product><![CDATA[213]]></id_product>
<position><![CDATA[85]]></position>
</category_product>
<category_product><id_category><![CDATA[18]]></id_category>
<id_product><![CDATA[214]]></id_product>
<position><![CDATA[86]]></position>
</category_product>
<category_product><id_category><![CDATA[18]]></id_category>
<id_product><![CDATA[215]]></id_product>
<position><![CDATA[87]]></position>
</category_product>
<category_product><id_category><![CDATA[18]]></id_category>
<id_product><![CDATA[216]]></id_product>
<position><![CDATA[88]]></position>
</category_product>
<category_product><id_category><![CDATA[18]]></id_category>
<id_product><![CDATA[217]]></id_product>
<position><![CDATA[89]]></position>
</category_product>
<category_product><id_category><![CDATA[18]]></id_category>
<id_product><![CDATA[218]]></id_product>
<position><![CDATA[90]]></position>
</category_product>
<category_product><id_category><![CDATA[18]]></id_category>
<id_product><![CDATA[221]]></id_product>
<position><![CDATA[91]]></position>
</category_product>
<category_product><id_category><![CDATA[18]]></id_category>
<id_product><![CDATA[222]]></id_product>
<position><![CDATA[92]]></position>
</category_product>
<category_product><id_category><![CDATA[18]]></id_category>
<id_product><![CDATA[223]]></id_product>
<position><![CDATA[93]]></position>
</category_product>
<category_product><id_category><![CDATA[18]]></id_category>
<id_product><![CDATA[224]]></id_product>
<position><![CDATA[94]]></position>
</category_product>
<category_product><id_category><![CDATA[18]]></id_category>
<id_product><![CDATA[225]]></id_product>
<position><![CDATA[95]]></position>
</category_product>
<category_product><id_category><![CDATA[18]]></id_category>
<id_product><![CDATA[226]]></id_product>
<position><![CDATA[96]]></position>
</category_product>
<category_product><id_category><![CDATA[18]]></id_category>
<id_product><![CDATA[229]]></id_product>
<position><![CDATA[97]]></position>
</category_product>
<category_product><id_category><![CDATA[18]]></id_category>
<id_product><![CDATA[230]]></id_product>
<position><![CDATA[98]]></position>
</category_product>
<category_product><id_category><![CDATA[18]]></id_category>
<id_product><![CDATA[231]]></id_product>
<position><![CDATA[99]]></position>
</category_product>
<category_product><id_category><![CDATA[18]]></id_category>
<id_product><![CDATA[232]]></id_product>
<position><![CDATA[100]]></position>
</category_product>
<category_product><id_category><![CDATA[18]]></id_category>
<id_product><![CDATA[233]]></id_product>
<position><![CDATA[101]]></position>
</category_product>
<category_product><id_category><![CDATA[18]]></id_category>
<id_product><![CDATA[234]]></id_product>
<position><![CDATA[102]]></position>
</category_product>
<category_product><id_category><![CDATA[18]]></id_category>
<id_product><![CDATA[235]]></id_product>
<position><![CDATA[103]]></position>
</category_product>
<category_product><id_category><![CDATA[18]]></id_category>
<id_product><![CDATA[236]]></id_product>
<position><![CDATA[104]]></position>
</category_product>
<category_product><id_category><![CDATA[18]]></id_category>
<id_product><![CDATA[240]]></id_product>
<position><![CDATA[105]]></position>
</category_product>
<category_product><id_category><![CDATA[18]]></id_category>
<id_product><![CDATA[241]]></id_product>
<position><![CDATA[106]]></position>
</category_product>
<category_product><id_category><![CDATA[18]]></id_category>
<id_product><![CDATA[242]]></id_product>
<position><![CDATA[107]]></position>
</category_product>
<category_product><id_category><![CDATA[18]]></id_category>
<id_product><![CDATA[243]]></id_product>
<position><![CDATA[108]]></position>
</category_product>
<category_product><id_category><![CDATA[18]]></id_category>
<id_product><![CDATA[244]]></id_product>
<position><![CDATA[109]]></position>
</category_product>
<category_product><id_category><![CDATA[18]]></id_category>
<id_product><![CDATA[245]]></id_product>
<position><![CDATA[110]]></position>
</category_product>
<category_product><id_category><![CDATA[18]]></id_category>
<id_product><![CDATA[246]]></id_product>
<position><![CDATA[111]]></position>
</category_product>
<category_product><id_category><![CDATA[18]]></id_category>
<id_product><![CDATA[247]]></id_product>
<position><![CDATA[112]]></position>
</category_product>
<category_product><id_category><![CDATA[18]]></id_category>
<id_product><![CDATA[248]]></id_product>
<position><![CDATA[113]]></position>
</category_product>
<category_product><id_category><![CDATA[18]]></id_category>
<id_product><![CDATA[249]]></id_product>
<position><![CDATA[114]]></position>
</category_product>
<category_product><id_category><![CDATA[18]]></id_category>
<id_product><![CDATA[253]]></id_product>
<position><![CDATA[115]]></position>
</category_product>
<category_product><id_category><![CDATA[18]]></id_category>
<id_product><![CDATA[255]]></id_product>
<position><![CDATA[116]]></position>
</category_product>
<category_product><id_category><![CDATA[18]]></id_category>
<id_product><![CDATA[256]]></id_product>
<position><![CDATA[117]]></position>
</category_product>
<category_product><id_category><![CDATA[18]]></id_category>
<id_product><![CDATA[259]]></id_product>
<position><![CDATA[118]]></position>
</category_product>
<category_product><id_category><![CDATA[18]]></id_category>
<id_product><![CDATA[261]]></id_product>
<position><![CDATA[119]]></position>
</category_product>
<category_product><id_category><![CDATA[18]]></id_category>
<id_product><![CDATA[264]]></id_product>
<position><![CDATA[120]]></position>
</category_product>
<category_product><id_category><![CDATA[18]]></id_category>
<id_product><![CDATA[266]]></id_product>
<position><![CDATA[121]]></position>
</category_product>
<category_product><id_category><![CDATA[18]]></id_category>
<id_product><![CDATA[267]]></id_product>
<position><![CDATA[122]]></position>
</category_product>
<category_product><id_category><![CDATA[18]]></id_category>
<id_product><![CDATA[269]]></id_product>
<position><![CDATA[123]]></position>
</category_product>
<category_product><id_category><![CDATA[18]]></id_category>
<id_product><![CDATA[272]]></id_product>
<position><![CDATA[124]]></position>
</category_product>
<category_product><id_category><![CDATA[18]]></id_category>
<id_product><![CDATA[274]]></id_product>
<position><![CDATA[125]]></position>
</category_product>
<category_product><id_category><![CDATA[18]]></id_category>
<id_product><![CDATA[277]]></id_product>
<position><![CDATA[126]]></position>
</category_product>
<category_product><id_category><![CDATA[18]]></id_category>
<id_product><![CDATA[279]]></id_product>
<position><![CDATA[127]]></position>
</category_product>
<category_product><id_category><![CDATA[18]]></id_category>
<id_product><![CDATA[281]]></id_product>
<position><![CDATA[128]]></position>
</category_product>
<category_product><id_category><![CDATA[18]]></id_category>
<id_product><![CDATA[283]]></id_product>
<position><![CDATA[129]]></position>
</category_product>
<category_product><id_category><![CDATA[18]]></id_category>
<id_product><![CDATA[284]]></id_product>
<position><![CDATA[130]]></position>
</category_product>
<category_product><id_category><![CDATA[18]]></id_category>
<id_product><![CDATA[286]]></id_product>
<position><![CDATA[131]]></position>
</category_product>
<category_product><id_category><![CDATA[18]]></id_category>
<id_product><![CDATA[289]]></id_product>
<position><![CDATA[132]]></position>
</category_product>
<category_product><id_category><![CDATA[18]]></id_category>
<id_product><![CDATA[291]]></id_product>
<position><![CDATA[133]]></position>
</category_product>
<category_product><id_category><![CDATA[18]]></id_category>
<id_product><![CDATA[296]]></id_product>
<position><![CDATA[134]]></position>
</category_product>
<category_product><id_category><![CDATA[18]]></id_category>
<id_product><![CDATA[298]]></id_product>
<position><![CDATA[135]]></position>
</category_product>
<category_product><id_category><![CDATA[18]]></id_category>
<id_product><![CDATA[300]]></id_product>
<position><![CDATA[136]]></position>
</category_product>
<category_product><id_category><![CDATA[18]]></id_category>
<id_product><![CDATA[302]]></id_product>
<position><![CDATA[137]]></position>
</category_product>
<category_product><id_category><![CDATA[18]]></id_category>
<id_product><![CDATA[306]]></id_product>
<position><![CDATA[138]]></position>
</category_product>
<category_product><id_category><![CDATA[18]]></id_category>
<id_product><![CDATA[308]]></id_product>
<position><![CDATA[139]]></position>
</category_product>
<category_product><id_category><![CDATA[18]]></id_category>
<id_product><![CDATA[327]]></id_product>
<position><![CDATA[140]]></position>
</category_product>
<category_product><id_category><![CDATA[18]]></id_category>
<id_product><![CDATA[328]]></id_product>
<position><![CDATA[141]]></position>
</category_product>
<category_product><id_category><![CDATA[18]]></id_category>
<id_product><![CDATA[329]]></id_product>
<position><![CDATA[142]]></position>
</category_product>
<category_product><id_category><![CDATA[18]]></id_category>
<id_product><![CDATA[330]]></id_product>
<position><![CDATA[143]]></position>
</category_product>
<category_product><id_category><![CDATA[18]]></id_category>
<id_product><![CDATA[460]]></id_product>
<position><![CDATA[144]]></position>
</category_product>
<category_product><id_category><![CDATA[18]]></id_category>
<id_product><![CDATA[461]]></id_product>
<position><![CDATA[145]]></position>
</category_product>
<category_product><id_category><![CDATA[18]]></id_category>
<id_product><![CDATA[462]]></id_product>
<position><![CDATA[146]]></position>
</category_product>
<category_product><id_category><![CDATA[18]]></id_category>
<id_product><![CDATA[463]]></id_product>
<position><![CDATA[147]]></position>
</category_product>
<category_product><id_category><![CDATA[18]]></id_category>
<id_product><![CDATA[464]]></id_product>
<position><![CDATA[148]]></position>
</category_product>
<category_product><id_category><![CDATA[18]]></id_category>
<id_product><![CDATA[465]]></id_product>
<position><![CDATA[149]]></position>
</category_product>
<category_product><id_category><![CDATA[18]]></id_category>
<id_product><![CDATA[477]]></id_product>
<position><![CDATA[150]]></position>
</category_product>
<category_product><id_category><![CDATA[18]]></id_category>
<id_product><![CDATA[478]]></id_product>
<position><![CDATA[151]]></position>
</category_product>
<category_product><id_category><![CDATA[18]]></id_category>
<id_product><![CDATA[479]]></id_product>
<position><![CDATA[152]]></position>
</category_product>
<category_product><id_category><![CDATA[18]]></id_category>
<id_product><![CDATA[480]]></id_product>
<position><![CDATA[153]]></position>
</category_product>
<category_product><id_category><![CDATA[18]]></id_category>
<id_product><![CDATA[481]]></id_product>
<position><![CDATA[154]]></position>
</category_product>
<category_product><id_category><![CDATA[18]]></id_category>
<id_product><![CDATA[482]]></id_product>
<position><![CDATA[155]]></position>
</category_product>
<category_product><id_category><![CDATA[18]]></id_category>
<id_product><![CDATA[483]]></id_product>
<position><![CDATA[156]]></position>
</category_product>
<category_product><id_category><![CDATA[18]]></id_category>
<id_product><![CDATA[457]]></id_product>
<position><![CDATA[157]]></position>
</category_product>
<category_product><id_category><![CDATA[18]]></id_category>
<id_product><![CDATA[458]]></id_product>
<position><![CDATA[158]]></position>
</category_product>
<category_product><id_category><![CDATA[18]]></id_category>
<id_product><![CDATA[459]]></id_product>
<position><![CDATA[159]]></position>
</category_product>
<category_product><id_category><![CDATA[18]]></id_category>
<id_product><![CDATA[1060]]></id_product>
<position><![CDATA[160]]></position>
</category_product>
<category_product><id_category><![CDATA[18]]></id_category>
<id_product><![CDATA[1061]]></id_product>
<position><![CDATA[161]]></position>
</category_product>
<category_product><id_category><![CDATA[18]]></id_category>
<id_product><![CDATA[1062]]></id_product>
<position><![CDATA[162]]></position>
</category_product>
<category_product><id_category><![CDATA[18]]></id_category>
<id_product><![CDATA[1063]]></id_product>
<position><![CDATA[163]]></position>
</category_product>
<category_product><id_category><![CDATA[18]]></id_category>
<id_product><![CDATA[1144]]></id_product>
<position><![CDATA[164]]></position>
</category_product>
<category_product><id_category><![CDATA[18]]></id_category>
<id_product><![CDATA[1145]]></id_product>
<position><![CDATA[165]]></position>
</category_product>
<category_product><id_category><![CDATA[18]]></id_category>
<id_product><![CDATA[1146]]></id_product>
<position><![CDATA[166]]></position>
</category_product>
<category_product><id_category><![CDATA[18]]></id_category>
<id_product><![CDATA[1164]]></id_product>
<position><![CDATA[167]]></position>
</category_product>
<category_product><id_category><![CDATA[18]]></id_category>
<id_product><![CDATA[1187]]></id_product>
<position><![CDATA[168]]></position>
</category_product>
<category_product><id_category><![CDATA[18]]></id_category>
<id_product><![CDATA[1188]]></id_product>
<position><![CDATA[169]]></position>
</category_product>
<category_product><id_category><![CDATA[18]]></id_category>
<id_product><![CDATA[1234]]></id_product>
<position><![CDATA[170]]></position>
</category_product>
<category_product><id_category><![CDATA[18]]></id_category>
<id_product><![CDATA[1235]]></id_product>
<position><![CDATA[171]]></position>
</category_product>
<category_product><id_category><![CDATA[18]]></id_category>
<id_product><![CDATA[1435]]></id_product>
<position><![CDATA[172]]></position>
</category_product>
<category_product><id_category><![CDATA[18]]></id_category>
<id_product><![CDATA[1458]]></id_product>
<position><![CDATA[173]]></position>
</category_product>
<category_product><id_category><![CDATA[18]]></id_category>
<id_product><![CDATA[1459]]></id_product>
<position><![CDATA[174]]></position>
</category_product>
<category_product><id_category><![CDATA[18]]></id_category>
<id_product><![CDATA[1460]]></id_product>
<position><![CDATA[175]]></position>
</category_product>
<category_product><id_category><![CDATA[18]]></id_category>
<id_product><![CDATA[1461]]></id_product>
<position><![CDATA[176]]></position>
</category_product>
<category_product><id_category><![CDATA[18]]></id_category>
<id_product><![CDATA[1462]]></id_product>
<position><![CDATA[177]]></position>
</category_product>
<category_product><id_category><![CDATA[18]]></id_category>
<id_product><![CDATA[3553]]></id_product>
<position><![CDATA[178]]></position>
</category_product>
<category_product><id_category><![CDATA[18]]></id_category>
<id_product><![CDATA[3558]]></id_product>
<position><![CDATA[179]]></position>
</category_product>
<category_product><id_category><![CDATA[34]]></id_category>
<id_product><![CDATA[141]]></id_product>
<position><![CDATA[0]]></position>
</category_product>
<category_product><id_category><![CDATA[34]]></id_category>
<id_product><![CDATA[378]]></id_product>
<position><![CDATA[0]]></position>
</category_product>
<category_product><id_category><![CDATA[34]]></id_category>
<id_product><![CDATA[227]]></id_product>
<position><![CDATA[1]]></position>
</category_product>
<category_product><id_category><![CDATA[34]]></id_category>
<id_product><![CDATA[379]]></id_product>
<position><![CDATA[1]]></position>
</category_product>
<category_product><id_category><![CDATA[34]]></id_category>
<id_product><![CDATA[228]]></id_product>
<position><![CDATA[2]]></position>
</category_product>
<category_product><id_category><![CDATA[34]]></id_category>
<id_product><![CDATA[380]]></id_product>
<position><![CDATA[2]]></position>
</category_product>
<category_product><id_category><![CDATA[34]]></id_category>
<id_product><![CDATA[353]]></id_product>
<position><![CDATA[3]]></position>
</category_product>
<category_product><id_category><![CDATA[34]]></id_category>
<id_product><![CDATA[381]]></id_product>
<position><![CDATA[3]]></position>
</category_product>
<category_product><id_category><![CDATA[34]]></id_category>
<id_product><![CDATA[354]]></id_product>
<position><![CDATA[4]]></position>
</category_product>
<category_product><id_category><![CDATA[34]]></id_category>
<id_product><![CDATA[382]]></id_product>
<position><![CDATA[4]]></position>
</category_product>
<category_product><id_category><![CDATA[34]]></id_category>
<id_product><![CDATA[386]]></id_product>
<position><![CDATA[4]]></position>
</category_product>
<category_product><id_category><![CDATA[34]]></id_category>
<id_product><![CDATA[355]]></id_product>
<position><![CDATA[5]]></position>
</category_product>
<category_product><id_category><![CDATA[34]]></id_category>
<id_product><![CDATA[383]]></id_product>
<position><![CDATA[5]]></position>
</category_product>
<category_product><id_category><![CDATA[34]]></id_category>
<id_product><![CDATA[356]]></id_product>
<position><![CDATA[6]]></position>
</category_product>
<category_product><id_category><![CDATA[34]]></id_category>
<id_product><![CDATA[384]]></id_product>
<position><![CDATA[6]]></position>
</category_product>
<category_product><id_category><![CDATA[34]]></id_category>
<id_product><![CDATA[357]]></id_product>
<position><![CDATA[7]]></position>
</category_product>
<category_product><id_category><![CDATA[34]]></id_category>
<id_product><![CDATA[385]]></id_product>
<position><![CDATA[7]]></position>
</category_product>
<category_product><id_category><![CDATA[34]]></id_category>
<id_product><![CDATA[358]]></id_product>
<position><![CDATA[8]]></position>
</category_product>
<category_product><id_category><![CDATA[34]]></id_category>
<id_product><![CDATA[387]]></id_product>
<position><![CDATA[8]]></position>
</category_product>
<category_product><id_category><![CDATA[34]]></id_category>
<id_product><![CDATA[359]]></id_product>
<position><![CDATA[9]]></position>
</category_product>
<category_product><id_category><![CDATA[34]]></id_category>
<id_product><![CDATA[388]]></id_product>
<position><![CDATA[9]]></position>
</category_product>
<category_product><id_category><![CDATA[34]]></id_category>
<id_product><![CDATA[360]]></id_product>
<position><![CDATA[10]]></position>
</category_product>
<category_product><id_category><![CDATA[34]]></id_category>
<id_product><![CDATA[399]]></id_product>
<position><![CDATA[10]]></position>
</category_product>
<category_product><id_category><![CDATA[34]]></id_category>
<id_product><![CDATA[361]]></id_product>
<position><![CDATA[11]]></position>
</category_product>
<category_product><id_category><![CDATA[34]]></id_category>
<id_product><![CDATA[400]]></id_product>
<position><![CDATA[11]]></position>
</category_product>
<category_product><id_category><![CDATA[34]]></id_category>
<id_product><![CDATA[362]]></id_product>
<position><![CDATA[12]]></position>
</category_product>
<category_product><id_category><![CDATA[34]]></id_category>
<id_product><![CDATA[401]]></id_product>
<position><![CDATA[12]]></position>
</category_product>
<category_product><id_category><![CDATA[34]]></id_category>
<id_product><![CDATA[363]]></id_product>
<position><![CDATA[13]]></position>
</category_product>
<category_product><id_category><![CDATA[34]]></id_category>
<id_product><![CDATA[402]]></id_product>
<position><![CDATA[13]]></position>
</category_product>
<category_product><id_category><![CDATA[34]]></id_category>
<id_product><![CDATA[364]]></id_product>
<position><![CDATA[14]]></position>
</category_product>
<category_product><id_category><![CDATA[34]]></id_category>
<id_product><![CDATA[403]]></id_product>
<position><![CDATA[14]]></position>
</category_product>
<category_product><id_category><![CDATA[34]]></id_category>
<id_product><![CDATA[365]]></id_product>
<position><![CDATA[15]]></position>
</category_product>
<category_product><id_category><![CDATA[34]]></id_category>
<id_product><![CDATA[404]]></id_product>
<position><![CDATA[15]]></position>
</category_product>
<category_product><id_category><![CDATA[34]]></id_category>
<id_product><![CDATA[366]]></id_product>
<position><![CDATA[16]]></position>
</category_product>
<category_product><id_category><![CDATA[34]]></id_category>
<id_product><![CDATA[405]]></id_product>
<position><![CDATA[16]]></position>
</category_product>
<category_product><id_category><![CDATA[34]]></id_category>
<id_product><![CDATA[367]]></id_product>
<position><![CDATA[17]]></position>
</category_product>
<category_product><id_category><![CDATA[34]]></id_category>
<id_product><![CDATA[406]]></id_product>
<position><![CDATA[17]]></position>
</category_product>
<category_product><id_category><![CDATA[34]]></id_category>
<id_product><![CDATA[368]]></id_product>
<position><![CDATA[18]]></position>
</category_product>
<category_product><id_category><![CDATA[34]]></id_category>
<id_product><![CDATA[369]]></id_product>
<position><![CDATA[19]]></position>
</category_product>
<category_product><id_category><![CDATA[34]]></id_category>
<id_product><![CDATA[370]]></id_product>
<position><![CDATA[20]]></position>
</category_product>
<category_product><id_category><![CDATA[34]]></id_category>
<id_product><![CDATA[371]]></id_product>
<position><![CDATA[21]]></position>
</category_product>
<category_product><id_category><![CDATA[34]]></id_category>
<id_product><![CDATA[372]]></id_product>
<position><![CDATA[22]]></position>
</category_product>
<category_product><id_category><![CDATA[34]]></id_category>
<id_product><![CDATA[489]]></id_product>
<position><![CDATA[23]]></position>
</category_product>
<category_product><id_category><![CDATA[34]]></id_category>
<id_product><![CDATA[501]]></id_product>
<position><![CDATA[24]]></position>
</category_product>
<category_product><id_category><![CDATA[34]]></id_category>
<id_product><![CDATA[502]]></id_product>
<position><![CDATA[25]]></position>
</category_product>
<category_product><id_category><![CDATA[34]]></id_category>
<id_product><![CDATA[509]]></id_product>
<position><![CDATA[26]]></position>
</category_product>
<category_product><id_category><![CDATA[34]]></id_category>
<id_product><![CDATA[518]]></id_product>
<position><![CDATA[27]]></position>
</category_product>
<category_product><id_category><![CDATA[34]]></id_category>
<id_product><![CDATA[525]]></id_product>
<position><![CDATA[28]]></position>
</category_product>
<category_product><id_category><![CDATA[34]]></id_category>
<id_product><![CDATA[531]]></id_product>
<position><![CDATA[29]]></position>
</category_product>
<category_product><id_category><![CDATA[34]]></id_category>
<id_product><![CDATA[377]]></id_product>
<position><![CDATA[30]]></position>
</category_product>
<category_product><id_category><![CDATA[34]]></id_category>
<id_product><![CDATA[373]]></id_product>
<position><![CDATA[31]]></position>
</category_product>
<category_product><id_category><![CDATA[34]]></id_category>
<id_product><![CDATA[374]]></id_product>
<position><![CDATA[32]]></position>
</category_product>
<category_product><id_category><![CDATA[34]]></id_category>
<id_product><![CDATA[375]]></id_product>
<position><![CDATA[33]]></position>
</category_product>
<category_product><id_category><![CDATA[34]]></id_category>
<id_product><![CDATA[376]]></id_product>
<position><![CDATA[34]]></position>
</category_product>
<category_product><id_category><![CDATA[34]]></id_category>
<id_product><![CDATA[389]]></id_product>
<position><![CDATA[35]]></position>
</category_product>
<category_product><id_category><![CDATA[34]]></id_category>
<id_product><![CDATA[390]]></id_product>
<position><![CDATA[36]]></position>
</category_product>
<category_product><id_category><![CDATA[34]]></id_category>
<id_product><![CDATA[391]]></id_product>
<position><![CDATA[37]]></position>
</category_product>
<category_product><id_category><![CDATA[34]]></id_category>
<id_product><![CDATA[392]]></id_product>
<position><![CDATA[38]]></position>
</category_product>
<category_product><id_category><![CDATA[34]]></id_category>
<id_product><![CDATA[393]]></id_product>
<position><![CDATA[39]]></position>
</category_product>
<category_product><id_category><![CDATA[34]]></id_category>
<id_product><![CDATA[394]]></id_product>
<position><![CDATA[40]]></position>
</category_product>
<category_product><id_category><![CDATA[34]]></id_category>
<id_product><![CDATA[395]]></id_product>
<position><![CDATA[41]]></position>
</category_product>
<category_product><id_category><![CDATA[34]]></id_category>
<id_product><![CDATA[396]]></id_product>
<position><![CDATA[42]]></position>
</category_product>
<category_product><id_category><![CDATA[34]]></id_category>
<id_product><![CDATA[397]]></id_product>
<position><![CDATA[43]]></position>
</category_product>
<category_product><id_category><![CDATA[34]]></id_category>
<id_product><![CDATA[398]]></id_product>
<position><![CDATA[44]]></position>
</category_product>
<category_product><id_category><![CDATA[34]]></id_category>
<id_product><![CDATA[407]]></id_product>
<position><![CDATA[45]]></position>
</category_product>
<category_product><id_category><![CDATA[34]]></id_category>
<id_product><![CDATA[408]]></id_product>
<position><![CDATA[46]]></position>
</category_product>
<category_product><id_category><![CDATA[34]]></id_category>
<id_product><![CDATA[409]]></id_product>
<position><![CDATA[47]]></position>
</category_product>
<category_product><id_category><![CDATA[34]]></id_category>
<id_product><![CDATA[410]]></id_product>
<position><![CDATA[48]]></position>
</category_product>
<category_product><id_category><![CDATA[34]]></id_category>
<id_product><![CDATA[418]]></id_product>
<position><![CDATA[49]]></position>
</category_product>
<category_product><id_category><![CDATA[34]]></id_category>
<id_product><![CDATA[420]]></id_product>
<position><![CDATA[50]]></position>
</category_product>
<category_product><id_category><![CDATA[34]]></id_category>
<id_product><![CDATA[422]]></id_product>
<position><![CDATA[51]]></position>
</category_product>
<category_product><id_category><![CDATA[34]]></id_category>
<id_product><![CDATA[423]]></id_product>
<position><![CDATA[52]]></position>
</category_product>
<category_product><id_category><![CDATA[34]]></id_category>
<id_product><![CDATA[424]]></id_product>
<position><![CDATA[53]]></position>
</category_product>
<category_product><id_category><![CDATA[34]]></id_category>
<id_product><![CDATA[425]]></id_product>
<position><![CDATA[54]]></position>
</category_product>
<category_product><id_category><![CDATA[34]]></id_category>
<id_product><![CDATA[426]]></id_product>
<position><![CDATA[55]]></position>
</category_product>
<category_product><id_category><![CDATA[34]]></id_category>
<id_product><![CDATA[427]]></id_product>
<position><![CDATA[56]]></position>
</category_product>
<category_product><id_category><![CDATA[34]]></id_category>
<id_product><![CDATA[428]]></id_product>
<position><![CDATA[57]]></position>
</category_product>
<category_product><id_category><![CDATA[34]]></id_category>
<id_product><![CDATA[429]]></id_product>
<position><![CDATA[58]]></position>
</category_product>
<category_product><id_category><![CDATA[34]]></id_category>
<id_product><![CDATA[430]]></id_product>
<position><![CDATA[59]]></position>
</category_product>
<category_product><id_category><![CDATA[34]]></id_category>
<id_product><![CDATA[431]]></id_product>
<position><![CDATA[60]]></position>
</category_product>
<category_product><id_category><![CDATA[34]]></id_category>
<id_product><![CDATA[434]]></id_product>
<position><![CDATA[61]]></position>
</category_product>
<category_product><id_category><![CDATA[34]]></id_category>
<id_product><![CDATA[435]]></id_product>
<position><![CDATA[62]]></position>
</category_product>
<category_product><id_category><![CDATA[34]]></id_category>
<id_product><![CDATA[436]]></id_product>
<position><![CDATA[63]]></position>
</category_product>
<category_product><id_category><![CDATA[34]]></id_category>
<id_product><![CDATA[437]]></id_product>
<position><![CDATA[64]]></position>
</category_product>
<category_product><id_category><![CDATA[34]]></id_category>
<id_product><![CDATA[439]]></id_product>
<position><![CDATA[65]]></position>
</category_product>
<category_product><id_category><![CDATA[34]]></id_category>
<id_product><![CDATA[440]]></id_product>
<position><![CDATA[66]]></position>
</category_product>
<category_product><id_category><![CDATA[34]]></id_category>
<id_product><![CDATA[442]]></id_product>
<position><![CDATA[67]]></position>
</category_product>
<category_product><id_category><![CDATA[34]]></id_category>
<id_product><![CDATA[443]]></id_product>
<position><![CDATA[68]]></position>
</category_product>
<category_product><id_category><![CDATA[34]]></id_category>
<id_product><![CDATA[444]]></id_product>
<position><![CDATA[69]]></position>
</category_product>
<category_product><id_category><![CDATA[34]]></id_category>
<id_product><![CDATA[445]]></id_product>
<position><![CDATA[70]]></position>
</category_product>
<category_product><id_category><![CDATA[34]]></id_category>
<id_product><![CDATA[447]]></id_product>
<position><![CDATA[71]]></position>
</category_product>
<category_product><id_category><![CDATA[34]]></id_category>
<id_product><![CDATA[448]]></id_product>
<position><![CDATA[72]]></position>
</category_product>
<category_product><id_category><![CDATA[34]]></id_category>
<id_product><![CDATA[816]]></id_product>
<position><![CDATA[73]]></position>
</category_product>
<category_product><id_category><![CDATA[34]]></id_category>
<id_product><![CDATA[817]]></id_product>
<position><![CDATA[74]]></position>
</category_product>
<category_product><id_category><![CDATA[34]]></id_category>
<id_product><![CDATA[818]]></id_product>
<position><![CDATA[75]]></position>
</category_product>
<category_product><id_category><![CDATA[34]]></id_category>
<id_product><![CDATA[842]]></id_product>
<position><![CDATA[76]]></position>
</category_product>
<category_product><id_category><![CDATA[34]]></id_category>
<id_product><![CDATA[843]]></id_product>
<position><![CDATA[77]]></position>
</category_product>
<category_product><id_category><![CDATA[34]]></id_category>
<id_product><![CDATA[844]]></id_product>
<position><![CDATA[78]]></position>
</category_product>
<category_product><id_category><![CDATA[34]]></id_category>
<id_product><![CDATA[867]]></id_product>
<position><![CDATA[79]]></position>
</category_product>
<category_product><id_category><![CDATA[34]]></id_category>
<id_product><![CDATA[874]]></id_product>
<position><![CDATA[80]]></position>
</category_product>
<category_product><id_category><![CDATA[34]]></id_category>
<id_product><![CDATA[875]]></id_product>
<position><![CDATA[81]]></position>
</category_product>
<category_product><id_category><![CDATA[34]]></id_category>
<id_product><![CDATA[876]]></id_product>
<position><![CDATA[82]]></position>
</category_product>
<category_product><id_category><![CDATA[34]]></id_category>
<id_product><![CDATA[877]]></id_product>
<position><![CDATA[83]]></position>
</category_product>
<category_product><id_category><![CDATA[34]]></id_category>
<id_product><![CDATA[892]]></id_product>
<position><![CDATA[84]]></position>
</category_product>
<category_product><id_category><![CDATA[34]]></id_category>
<id_product><![CDATA[893]]></id_product>
<position><![CDATA[85]]></position>
</category_product>
<category_product><id_category><![CDATA[34]]></id_category>
<id_product><![CDATA[958]]></id_product>
<position><![CDATA[86]]></position>
</category_product>
<category_product><id_category><![CDATA[34]]></id_category>
<id_product><![CDATA[1002]]></id_product>
<position><![CDATA[87]]></position>
</category_product>
<category_product><id_category><![CDATA[34]]></id_category>
<id_product><![CDATA[1003]]></id_product>
<position><![CDATA[88]]></position>
</category_product>
<category_product><id_category><![CDATA[34]]></id_category>
<id_product><![CDATA[1004]]></id_product>
<position><![CDATA[89]]></position>
</category_product>
<category_product><id_category><![CDATA[34]]></id_category>
<id_product><![CDATA[1005]]></id_product>
<position><![CDATA[90]]></position>
</category_product>
<category_product><id_category><![CDATA[34]]></id_category>
<id_product><![CDATA[1132]]></id_product>
<position><![CDATA[91]]></position>
</category_product>
<category_product><id_category><![CDATA[34]]></id_category>
<id_product><![CDATA[1142]]></id_product>
<position><![CDATA[92]]></position>
</category_product>
<category_product><id_category><![CDATA[34]]></id_category>
<id_product><![CDATA[1143]]></id_product>
<position><![CDATA[93]]></position>
</category_product>
<category_product><id_category><![CDATA[34]]></id_category>
<id_product><![CDATA[1147]]></id_product>
<position><![CDATA[94]]></position>
</category_product>
<category_product><id_category><![CDATA[34]]></id_category>
<id_product><![CDATA[1148]]></id_product>
<position><![CDATA[95]]></position>
</category_product>
<category_product><id_category><![CDATA[34]]></id_category>
<id_product><![CDATA[1158]]></id_product>
<position><![CDATA[96]]></position>
</category_product>
<category_product><id_category><![CDATA[34]]></id_category>
<id_product><![CDATA[1159]]></id_product>
<position><![CDATA[97]]></position>
</category_product>
<category_product><id_category><![CDATA[34]]></id_category>
<id_product><![CDATA[1160]]></id_product>
<position><![CDATA[98]]></position>
</category_product>
<category_product><id_category><![CDATA[34]]></id_category>
<id_product><![CDATA[1161]]></id_product>
<position><![CDATA[99]]></position>
</category_product>
<category_product><id_category><![CDATA[34]]></id_category>
<id_product><![CDATA[1162]]></id_product>
<position><![CDATA[100]]></position>
</category_product>
<category_product><id_category><![CDATA[34]]></id_category>
<id_product><![CDATA[1163]]></id_product>
<position><![CDATA[101]]></position>
</category_product>
<category_product><id_category><![CDATA[34]]></id_category>
<id_product><![CDATA[1193]]></id_product>
<position><![CDATA[102]]></position>
</category_product>
<category_product><id_category><![CDATA[34]]></id_category>
<id_product><![CDATA[1194]]></id_product>
<position><![CDATA[103]]></position>
</category_product>
<category_product><id_category><![CDATA[34]]></id_category>
<id_product><![CDATA[1195]]></id_product>
<position><![CDATA[104]]></position>
</category_product>
<category_product><id_category><![CDATA[34]]></id_category>
<id_product><![CDATA[1196]]></id_product>
<position><![CDATA[105]]></position>
</category_product>
<category_product><id_category><![CDATA[34]]></id_category>
<id_product><![CDATA[1197]]></id_product>
<position><![CDATA[106]]></position>
</category_product>
<category_product><id_category><![CDATA[34]]></id_category>
<id_product><![CDATA[1198]]></id_product>
<position><![CDATA[107]]></position>
</category_product>
</entity_profile>
