<?xml version="1.0" encoding="UTF-8"?>
<entity_profile>
<category_product><id_category><![CDATA[120]]></id_category>
<id_product><![CDATA[3091]]></id_product>
<position><![CDATA[193]]></position>
</category_product>
<category_product><id_category><![CDATA[120]]></id_category>
<id_product><![CDATA[3092]]></id_product>
<position><![CDATA[194]]></position>
</category_product>
<category_product><id_category><![CDATA[120]]></id_category>
<id_product><![CDATA[3093]]></id_product>
<position><![CDATA[195]]></position>
</category_product>
<category_product><id_category><![CDATA[120]]></id_category>
<id_product><![CDATA[3094]]></id_product>
<position><![CDATA[196]]></position>
</category_product>
<category_product><id_category><![CDATA[120]]></id_category>
<id_product><![CDATA[3096]]></id_product>
<position><![CDATA[197]]></position>
</category_product>
<category_product><id_category><![CDATA[120]]></id_category>
<id_product><![CDATA[3101]]></id_product>
<position><![CDATA[198]]></position>
</category_product>
<category_product><id_category><![CDATA[120]]></id_category>
<id_product><![CDATA[3102]]></id_product>
<position><![CDATA[199]]></position>
</category_product>
<category_product><id_category><![CDATA[120]]></id_category>
<id_product><![CDATA[3103]]></id_product>
<position><![CDATA[200]]></position>
</category_product>
<category_product><id_category><![CDATA[120]]></id_category>
<id_product><![CDATA[3104]]></id_product>
<position><![CDATA[201]]></position>
</category_product>
<category_product><id_category><![CDATA[120]]></id_category>
<id_product><![CDATA[3106]]></id_product>
<position><![CDATA[202]]></position>
</category_product>
<category_product><id_category><![CDATA[120]]></id_category>
<id_product><![CDATA[3112]]></id_product>
<position><![CDATA[203]]></position>
</category_product>
<category_product><id_category><![CDATA[120]]></id_category>
<id_product><![CDATA[3113]]></id_product>
<position><![CDATA[204]]></position>
</category_product>
<category_product><id_category><![CDATA[120]]></id_category>
<id_product><![CDATA[3114]]></id_product>
<position><![CDATA[205]]></position>
</category_product>
<category_product><id_category><![CDATA[120]]></id_category>
<id_product><![CDATA[3115]]></id_product>
<position><![CDATA[206]]></position>
</category_product>
<category_product><id_category><![CDATA[120]]></id_category>
<id_product><![CDATA[3116]]></id_product>
<position><![CDATA[207]]></position>
</category_product>
<category_product><id_category><![CDATA[120]]></id_category>
<id_product><![CDATA[3117]]></id_product>
<position><![CDATA[208]]></position>
</category_product>
<category_product><id_category><![CDATA[120]]></id_category>
<id_product><![CDATA[3118]]></id_product>
<position><![CDATA[209]]></position>
</category_product>
<category_product><id_category><![CDATA[120]]></id_category>
<id_product><![CDATA[3119]]></id_product>
<position><![CDATA[210]]></position>
</category_product>
<category_product><id_category><![CDATA[120]]></id_category>
<id_product><![CDATA[3121]]></id_product>
<position><![CDATA[211]]></position>
</category_product>
<category_product><id_category><![CDATA[120]]></id_category>
<id_product><![CDATA[3122]]></id_product>
<position><![CDATA[212]]></position>
</category_product>
<category_product><id_category><![CDATA[120]]></id_category>
<id_product><![CDATA[3125]]></id_product>
<position><![CDATA[213]]></position>
</category_product>
<category_product><id_category><![CDATA[120]]></id_category>
<id_product><![CDATA[3126]]></id_product>
<position><![CDATA[214]]></position>
</category_product>
<category_product><id_category><![CDATA[120]]></id_category>
<id_product><![CDATA[3127]]></id_product>
<position><![CDATA[215]]></position>
</category_product>
<category_product><id_category><![CDATA[120]]></id_category>
<id_product><![CDATA[3128]]></id_product>
<position><![CDATA[216]]></position>
</category_product>
<category_product><id_category><![CDATA[120]]></id_category>
<id_product><![CDATA[3129]]></id_product>
<position><![CDATA[217]]></position>
</category_product>
<category_product><id_category><![CDATA[120]]></id_category>
<id_product><![CDATA[3130]]></id_product>
<position><![CDATA[218]]></position>
</category_product>
<category_product><id_category><![CDATA[120]]></id_category>
<id_product><![CDATA[3133]]></id_product>
<position><![CDATA[219]]></position>
</category_product>
<category_product><id_category><![CDATA[120]]></id_category>
<id_product><![CDATA[4049]]></id_product>
<position><![CDATA[220]]></position>
</category_product>
<category_product><id_category><![CDATA[121]]></id_category>
<id_product><![CDATA[373]]></id_product>
<position><![CDATA[1]]></position>
</category_product>
<category_product><id_category><![CDATA[121]]></id_category>
<id_product><![CDATA[374]]></id_product>
<position><![CDATA[2]]></position>
</category_product>
<category_product><id_category><![CDATA[121]]></id_category>
<id_product><![CDATA[395]]></id_product>
<position><![CDATA[3]]></position>
</category_product>
<category_product><id_category><![CDATA[121]]></id_category>
<id_product><![CDATA[396]]></id_product>
<position><![CDATA[4]]></position>
</category_product>
<category_product><id_category><![CDATA[121]]></id_category>
<id_product><![CDATA[375]]></id_product>
<position><![CDATA[5]]></position>
</category_product>
<category_product><id_category><![CDATA[121]]></id_category>
<id_product><![CDATA[376]]></id_product>
<position><![CDATA[6]]></position>
</category_product>
<category_product><id_category><![CDATA[121]]></id_category>
<id_product><![CDATA[397]]></id_product>
<position><![CDATA[7]]></position>
</category_product>
<category_product><id_category><![CDATA[121]]></id_category>
<id_product><![CDATA[398]]></id_product>
<position><![CDATA[8]]></position>
</category_product>
<category_product><id_category><![CDATA[121]]></id_category>
<id_product><![CDATA[447]]></id_product>
<position><![CDATA[9]]></position>
</category_product>
<category_product><id_category><![CDATA[121]]></id_category>
<id_product><![CDATA[448]]></id_product>
<position><![CDATA[10]]></position>
</category_product>
<category_product><id_category><![CDATA[121]]></id_category>
<id_product><![CDATA[418]]></id_product>
<position><![CDATA[11]]></position>
</category_product>
<category_product><id_category><![CDATA[121]]></id_category>
<id_product><![CDATA[423]]></id_product>
<position><![CDATA[12]]></position>
</category_product>
<category_product><id_category><![CDATA[121]]></id_category>
<id_product><![CDATA[4241]]></id_product>
<position><![CDATA[13]]></position>
</category_product>
<category_product><id_category><![CDATA[123]]></id_category>
<id_product><![CDATA[389]]></id_product>
<position><![CDATA[1]]></position>
</category_product>
<category_product><id_category><![CDATA[123]]></id_category>
<id_product><![CDATA[390]]></id_product>
<position><![CDATA[2]]></position>
</category_product>
<category_product><id_category><![CDATA[123]]></id_category>
<id_product><![CDATA[391]]></id_product>
<position><![CDATA[3]]></position>
</category_product>
<category_product><id_category><![CDATA[123]]></id_category>
<id_product><![CDATA[408]]></id_product>
<position><![CDATA[4]]></position>
</category_product>
<category_product><id_category><![CDATA[123]]></id_category>
<id_product><![CDATA[407]]></id_product>
<position><![CDATA[5]]></position>
</category_product>
<category_product><id_category><![CDATA[123]]></id_category>
<id_product><![CDATA[392]]></id_product>
<position><![CDATA[6]]></position>
</category_product>
<category_product><id_category><![CDATA[123]]></id_category>
<id_product><![CDATA[393]]></id_product>
<position><![CDATA[7]]></position>
</category_product>
<category_product><id_category><![CDATA[123]]></id_category>
<id_product><![CDATA[394]]></id_product>
<position><![CDATA[8]]></position>
</category_product>
<category_product><id_category><![CDATA[123]]></id_category>
<id_product><![CDATA[409]]></id_product>
<position><![CDATA[9]]></position>
</category_product>
<category_product><id_category><![CDATA[123]]></id_category>
<id_product><![CDATA[410]]></id_product>
<position><![CDATA[10]]></position>
</category_product>
<category_product><id_category><![CDATA[123]]></id_category>
<id_product><![CDATA[420]]></id_product>
<position><![CDATA[11]]></position>
</category_product>
<category_product><id_category><![CDATA[123]]></id_category>
<id_product><![CDATA[422]]></id_product>
<position><![CDATA[12]]></position>
</category_product>
<category_product><id_category><![CDATA[123]]></id_category>
<id_product><![CDATA[425]]></id_product>
<position><![CDATA[13]]></position>
</category_product>
<category_product><id_category><![CDATA[123]]></id_category>
<id_product><![CDATA[428]]></id_product>
<position><![CDATA[14]]></position>
</category_product>
<category_product><id_category><![CDATA[123]]></id_category>
<id_product><![CDATA[431]]></id_product>
<position><![CDATA[15]]></position>
</category_product>
<category_product><id_category><![CDATA[123]]></id_category>
<id_product><![CDATA[435]]></id_product>
<position><![CDATA[16]]></position>
</category_product>
<category_product><id_category><![CDATA[123]]></id_category>
<id_product><![CDATA[436]]></id_product>
<position><![CDATA[17]]></position>
</category_product>
<category_product><id_category><![CDATA[123]]></id_category>
<id_product><![CDATA[439]]></id_product>
<position><![CDATA[18]]></position>
</category_product>
<category_product><id_category><![CDATA[123]]></id_category>
<id_product><![CDATA[440]]></id_product>
<position><![CDATA[19]]></position>
</category_product>
<category_product><id_category><![CDATA[123]]></id_category>
<id_product><![CDATA[442]]></id_product>
<position><![CDATA[20]]></position>
</category_product>
<category_product><id_category><![CDATA[123]]></id_category>
<id_product><![CDATA[443]]></id_product>
<position><![CDATA[21]]></position>
</category_product>
<category_product><id_category><![CDATA[123]]></id_category>
<id_product><![CDATA[444]]></id_product>
<position><![CDATA[22]]></position>
</category_product>
<category_product><id_category><![CDATA[123]]></id_category>
<id_product><![CDATA[445]]></id_product>
<position><![CDATA[23]]></position>
</category_product>
<category_product><id_category><![CDATA[123]]></id_category>
<id_product><![CDATA[1158]]></id_product>
<position><![CDATA[24]]></position>
</category_product>
<category_product><id_category><![CDATA[123]]></id_category>
<id_product><![CDATA[2243]]></id_product>
<position><![CDATA[25]]></position>
</category_product>
<category_product><id_category><![CDATA[123]]></id_category>
<id_product><![CDATA[2242]]></id_product>
<position><![CDATA[26]]></position>
</category_product>
<category_product><id_category><![CDATA[123]]></id_category>
<id_product><![CDATA[2241]]></id_product>
<position><![CDATA[27]]></position>
</category_product>
<category_product><id_category><![CDATA[123]]></id_category>
<id_product><![CDATA[1159]]></id_product>
<position><![CDATA[28]]></position>
</category_product>
<category_product><id_category><![CDATA[123]]></id_category>
<id_product><![CDATA[1160]]></id_product>
<position><![CDATA[29]]></position>
</category_product>
<category_product><id_category><![CDATA[123]]></id_category>
<id_product><![CDATA[1161]]></id_product>
<position><![CDATA[30]]></position>
</category_product>
<category_product><id_category><![CDATA[123]]></id_category>
<id_product><![CDATA[1148]]></id_product>
<position><![CDATA[31]]></position>
</category_product>
<category_product><id_category><![CDATA[123]]></id_category>
<id_product><![CDATA[1147]]></id_product>
<position><![CDATA[32]]></position>
</category_product>
<category_product><id_category><![CDATA[123]]></id_category>
<id_product><![CDATA[1193]]></id_product>
<position><![CDATA[33]]></position>
</category_product>
<category_product><id_category><![CDATA[123]]></id_category>
<id_product><![CDATA[1194]]></id_product>
<position><![CDATA[34]]></position>
</category_product>
<category_product><id_category><![CDATA[123]]></id_category>
<id_product><![CDATA[1195]]></id_product>
<position><![CDATA[35]]></position>
</category_product>
<category_product><id_category><![CDATA[123]]></id_category>
<id_product><![CDATA[1196]]></id_product>
<position><![CDATA[36]]></position>
</category_product>
<category_product><id_category><![CDATA[123]]></id_category>
<id_product><![CDATA[1197]]></id_product>
<position><![CDATA[37]]></position>
</category_product>
<category_product><id_category><![CDATA[123]]></id_category>
<id_product><![CDATA[1198]]></id_product>
<position><![CDATA[38]]></position>
</category_product>
<category_product><id_category><![CDATA[123]]></id_category>
<id_product><![CDATA[1199]]></id_product>
<position><![CDATA[39]]></position>
</category_product>
<category_product><id_category><![CDATA[123]]></id_category>
<id_product><![CDATA[1200]]></id_product>
<position><![CDATA[40]]></position>
</category_product>
<category_product><id_category><![CDATA[123]]></id_category>
<id_product><![CDATA[1201]]></id_product>
<position><![CDATA[41]]></position>
</category_product>
<category_product><id_category><![CDATA[123]]></id_category>
<id_product><![CDATA[1202]]></id_product>
<position><![CDATA[42]]></position>
</category_product>
<category_product><id_category><![CDATA[123]]></id_category>
<id_product><![CDATA[1203]]></id_product>
<position><![CDATA[43]]></position>
</category_product>
<category_product><id_category><![CDATA[123]]></id_category>
<id_product><![CDATA[1205]]></id_product>
<position><![CDATA[44]]></position>
</category_product>
<category_product><id_category><![CDATA[123]]></id_category>
<id_product><![CDATA[1206]]></id_product>
<position><![CDATA[45]]></position>
</category_product>
<category_product><id_category><![CDATA[123]]></id_category>
<id_product><![CDATA[1207]]></id_product>
<position><![CDATA[46]]></position>
</category_product>
<category_product><id_category><![CDATA[123]]></id_category>
<id_product><![CDATA[1208]]></id_product>
<position><![CDATA[47]]></position>
</category_product>
<category_product><id_category><![CDATA[123]]></id_category>
<id_product><![CDATA[1209]]></id_product>
<position><![CDATA[48]]></position>
</category_product>
<category_product><id_category><![CDATA[123]]></id_category>
<id_product><![CDATA[1210]]></id_product>
<position><![CDATA[49]]></position>
</category_product>
<category_product><id_category><![CDATA[123]]></id_category>
<id_product><![CDATA[1211]]></id_product>
<position><![CDATA[50]]></position>
</category_product>
<category_product><id_category><![CDATA[123]]></id_category>
<id_product><![CDATA[1212]]></id_product>
<position><![CDATA[51]]></position>
</category_product>
<category_product><id_category><![CDATA[123]]></id_category>
<id_product><![CDATA[1214]]></id_product>
<position><![CDATA[52]]></position>
</category_product>
<category_product><id_category><![CDATA[123]]></id_category>
<id_product><![CDATA[1215]]></id_product>
<position><![CDATA[53]]></position>
</category_product>
<category_product><id_category><![CDATA[123]]></id_category>
<id_product><![CDATA[1216]]></id_product>
<position><![CDATA[54]]></position>
</category_product>
<category_product><id_category><![CDATA[123]]></id_category>
<id_product><![CDATA[1217]]></id_product>
<position><![CDATA[55]]></position>
</category_product>
<category_product><id_category><![CDATA[123]]></id_category>
<id_product><![CDATA[1218]]></id_product>
<position><![CDATA[56]]></position>
</category_product>
<category_product><id_category><![CDATA[123]]></id_category>
<id_product><![CDATA[1219]]></id_product>
<position><![CDATA[57]]></position>
</category_product>
<category_product><id_category><![CDATA[123]]></id_category>
<id_product><![CDATA[1220]]></id_product>
<position><![CDATA[58]]></position>
</category_product>
<category_product><id_category><![CDATA[123]]></id_category>
<id_product><![CDATA[1221]]></id_product>
<position><![CDATA[59]]></position>
</category_product>
<category_product><id_category><![CDATA[123]]></id_category>
<id_product><![CDATA[1222]]></id_product>
<position><![CDATA[60]]></position>
</category_product>
<category_product><id_category><![CDATA[123]]></id_category>
<id_product><![CDATA[1223]]></id_product>
<position><![CDATA[61]]></position>
</category_product>
<category_product><id_category><![CDATA[123]]></id_category>
<id_product><![CDATA[1224]]></id_product>
<position><![CDATA[62]]></position>
</category_product>
<category_product><id_category><![CDATA[123]]></id_category>
<id_product><![CDATA[1225]]></id_product>
<position><![CDATA[63]]></position>
</category_product>
<category_product><id_category><![CDATA[123]]></id_category>
<id_product><![CDATA[1226]]></id_product>
<position><![CDATA[64]]></position>
</category_product>
<category_product><id_category><![CDATA[123]]></id_category>
<id_product><![CDATA[1227]]></id_product>
<position><![CDATA[65]]></position>
</category_product>
<category_product><id_category><![CDATA[123]]></id_category>
<id_product><![CDATA[1228]]></id_product>
<position><![CDATA[66]]></position>
</category_product>
<category_product><id_category><![CDATA[123]]></id_category>
<id_product><![CDATA[1229]]></id_product>
<position><![CDATA[67]]></position>
</category_product>
<category_product><id_category><![CDATA[123]]></id_category>
<id_product><![CDATA[1230]]></id_product>
<position><![CDATA[68]]></position>
</category_product>
<category_product><id_category><![CDATA[123]]></id_category>
<id_product><![CDATA[1231]]></id_product>
<position><![CDATA[69]]></position>
</category_product>
<category_product><id_category><![CDATA[123]]></id_category>
<id_product><![CDATA[1232]]></id_product>
<position><![CDATA[70]]></position>
</category_product>
<category_product><id_category><![CDATA[123]]></id_category>
<id_product><![CDATA[1237]]></id_product>
<position><![CDATA[71]]></position>
</category_product>
<category_product><id_category><![CDATA[123]]></id_category>
<id_product><![CDATA[1238]]></id_product>
<position><![CDATA[72]]></position>
</category_product>
<category_product><id_category><![CDATA[123]]></id_category>
<id_product><![CDATA[1239]]></id_product>
<position><![CDATA[73]]></position>
</category_product>
<category_product><id_category><![CDATA[123]]></id_category>
<id_product><![CDATA[1240]]></id_product>
<position><![CDATA[74]]></position>
</category_product>
<category_product><id_category><![CDATA[123]]></id_category>
<id_product><![CDATA[1242]]></id_product>
<position><![CDATA[75]]></position>
</category_product>
<category_product><id_category><![CDATA[123]]></id_category>
<id_product><![CDATA[1243]]></id_product>
<position><![CDATA[76]]></position>
</category_product>
<category_product><id_category><![CDATA[123]]></id_category>
<id_product><![CDATA[1244]]></id_product>
<position><![CDATA[77]]></position>
</category_product>
<category_product><id_category><![CDATA[123]]></id_category>
<id_product><![CDATA[1245]]></id_product>
<position><![CDATA[78]]></position>
</category_product>
<category_product><id_category><![CDATA[123]]></id_category>
<id_product><![CDATA[1246]]></id_product>
<position><![CDATA[79]]></position>
</category_product>
<category_product><id_category><![CDATA[123]]></id_category>
<id_product><![CDATA[1247]]></id_product>
<position><![CDATA[80]]></position>
</category_product>
<category_product><id_category><![CDATA[123]]></id_category>
<id_product><![CDATA[1248]]></id_product>
<position><![CDATA[81]]></position>
</category_product>
<category_product><id_category><![CDATA[123]]></id_category>
<id_product><![CDATA[1249]]></id_product>
<position><![CDATA[82]]></position>
</category_product>
<category_product><id_category><![CDATA[123]]></id_category>
<id_product><![CDATA[1250]]></id_product>
<position><![CDATA[83]]></position>
</category_product>
<category_product><id_category><![CDATA[123]]></id_category>
<id_product><![CDATA[1251]]></id_product>
<position><![CDATA[84]]></position>
</category_product>
<category_product><id_category><![CDATA[123]]></id_category>
<id_product><![CDATA[1252]]></id_product>
<position><![CDATA[85]]></position>
</category_product>
<category_product><id_category><![CDATA[123]]></id_category>
<id_product><![CDATA[1253]]></id_product>
<position><![CDATA[86]]></position>
</category_product>
<category_product><id_category><![CDATA[123]]></id_category>
<id_product><![CDATA[1254]]></id_product>
<position><![CDATA[87]]></position>
</category_product>
<category_product><id_category><![CDATA[123]]></id_category>
<id_product><![CDATA[1255]]></id_product>
<position><![CDATA[88]]></position>
</category_product>
<category_product><id_category><![CDATA[123]]></id_category>
<id_product><![CDATA[1256]]></id_product>
<position><![CDATA[89]]></position>
</category_product>
<category_product><id_category><![CDATA[123]]></id_category>
<id_product><![CDATA[1257]]></id_product>
<position><![CDATA[90]]></position>
</category_product>
<category_product><id_category><![CDATA[123]]></id_category>
<id_product><![CDATA[1258]]></id_product>
<position><![CDATA[91]]></position>
</category_product>
<category_product><id_category><![CDATA[123]]></id_category>
<id_product><![CDATA[1259]]></id_product>
<position><![CDATA[92]]></position>
</category_product>
<category_product><id_category><![CDATA[123]]></id_category>
<id_product><![CDATA[1260]]></id_product>
<position><![CDATA[93]]></position>
</category_product>
<category_product><id_category><![CDATA[123]]></id_category>
<id_product><![CDATA[1261]]></id_product>
<position><![CDATA[94]]></position>
</category_product>
<category_product><id_category><![CDATA[123]]></id_category>
<id_product><![CDATA[1262]]></id_product>
<position><![CDATA[95]]></position>
</category_product>
<category_product><id_category><![CDATA[123]]></id_category>
<id_product><![CDATA[1263]]></id_product>
<position><![CDATA[96]]></position>
</category_product>
<category_product><id_category><![CDATA[123]]></id_category>
<id_product><![CDATA[1264]]></id_product>
<position><![CDATA[97]]></position>
</category_product>
<category_product><id_category><![CDATA[123]]></id_category>
<id_product><![CDATA[1265]]></id_product>
<position><![CDATA[98]]></position>
</category_product>
<category_product><id_category><![CDATA[123]]></id_category>
<id_product><![CDATA[1266]]></id_product>
<position><![CDATA[99]]></position>
</category_product>
<category_product><id_category><![CDATA[123]]></id_category>
<id_product><![CDATA[1267]]></id_product>
<position><![CDATA[100]]></position>
</category_product>
<category_product><id_category><![CDATA[123]]></id_category>
<id_product><![CDATA[1268]]></id_product>
<position><![CDATA[101]]></position>
</category_product>
<category_product><id_category><![CDATA[123]]></id_category>
<id_product><![CDATA[1269]]></id_product>
<position><![CDATA[102]]></position>
</category_product>
<category_product><id_category><![CDATA[123]]></id_category>
<id_product><![CDATA[1270]]></id_product>
<position><![CDATA[103]]></position>
</category_product>
<category_product><id_category><![CDATA[123]]></id_category>
<id_product><![CDATA[1271]]></id_product>
<position><![CDATA[104]]></position>
</category_product>
<category_product><id_category><![CDATA[123]]></id_category>
<id_product><![CDATA[1272]]></id_product>
<position><![CDATA[105]]></position>
</category_product>
<category_product><id_category><![CDATA[123]]></id_category>
<id_product><![CDATA[1273]]></id_product>
<position><![CDATA[106]]></position>
</category_product>
<category_product><id_category><![CDATA[123]]></id_category>
<id_product><![CDATA[1274]]></id_product>
<position><![CDATA[107]]></position>
</category_product>
<category_product><id_category><![CDATA[123]]></id_category>
<id_product><![CDATA[1275]]></id_product>
<position><![CDATA[108]]></position>
</category_product>
<category_product><id_category><![CDATA[123]]></id_category>
<id_product><![CDATA[1276]]></id_product>
<position><![CDATA[109]]></position>
</category_product>
<category_product><id_category><![CDATA[123]]></id_category>
<id_product><![CDATA[1277]]></id_product>
<position><![CDATA[110]]></position>
</category_product>
<category_product><id_category><![CDATA[123]]></id_category>
<id_product><![CDATA[1279]]></id_product>
<position><![CDATA[111]]></position>
</category_product>
<category_product><id_category><![CDATA[123]]></id_category>
<id_product><![CDATA[1283]]></id_product>
<position><![CDATA[112]]></position>
</category_product>
<category_product><id_category><![CDATA[123]]></id_category>
<id_product><![CDATA[1284]]></id_product>
<position><![CDATA[113]]></position>
</category_product>
<category_product><id_category><![CDATA[123]]></id_category>
<id_product><![CDATA[1285]]></id_product>
<position><![CDATA[114]]></position>
</category_product>
<category_product><id_category><![CDATA[123]]></id_category>
<id_product><![CDATA[1286]]></id_product>
<position><![CDATA[115]]></position>
</category_product>
<category_product><id_category><![CDATA[123]]></id_category>
<id_product><![CDATA[1287]]></id_product>
<position><![CDATA[116]]></position>
</category_product>
<category_product><id_category><![CDATA[123]]></id_category>
<id_product><![CDATA[1288]]></id_product>
<position><![CDATA[117]]></position>
</category_product>
<category_product><id_category><![CDATA[123]]></id_category>
<id_product><![CDATA[1289]]></id_product>
<position><![CDATA[118]]></position>
</category_product>
<category_product><id_category><![CDATA[123]]></id_category>
<id_product><![CDATA[1290]]></id_product>
<position><![CDATA[119]]></position>
</category_product>
<category_product><id_category><![CDATA[123]]></id_category>
<id_product><![CDATA[1291]]></id_product>
<position><![CDATA[120]]></position>
</category_product>
<category_product><id_category><![CDATA[123]]></id_category>
<id_product><![CDATA[1292]]></id_product>
<position><![CDATA[121]]></position>
</category_product>
<category_product><id_category><![CDATA[123]]></id_category>
<id_product><![CDATA[1293]]></id_product>
<position><![CDATA[122]]></position>
</category_product>
<category_product><id_category><![CDATA[123]]></id_category>
<id_product><![CDATA[1294]]></id_product>
<position><![CDATA[123]]></position>
</category_product>
<category_product><id_category><![CDATA[123]]></id_category>
<id_product><![CDATA[1296]]></id_product>
<position><![CDATA[124]]></position>
</category_product>
<category_product><id_category><![CDATA[123]]></id_category>
<id_product><![CDATA[1297]]></id_product>
<position><![CDATA[125]]></position>
</category_product>
<category_product><id_category><![CDATA[123]]></id_category>
<id_product><![CDATA[1298]]></id_product>
<position><![CDATA[126]]></position>
</category_product>
<category_product><id_category><![CDATA[123]]></id_category>
<id_product><![CDATA[1299]]></id_product>
<position><![CDATA[127]]></position>
</category_product>
<category_product><id_category><![CDATA[123]]></id_category>
<id_product><![CDATA[1301]]></id_product>
<position><![CDATA[128]]></position>
</category_product>
<category_product><id_category><![CDATA[123]]></id_category>
<id_product><![CDATA[1302]]></id_product>
<position><![CDATA[129]]></position>
</category_product>
<category_product><id_category><![CDATA[123]]></id_category>
<id_product><![CDATA[1303]]></id_product>
<position><![CDATA[130]]></position>
</category_product>
<category_product><id_category><![CDATA[123]]></id_category>
<id_product><![CDATA[1304]]></id_product>
<position><![CDATA[131]]></position>
</category_product>
<category_product><id_category><![CDATA[123]]></id_category>
<id_product><![CDATA[1305]]></id_product>
<position><![CDATA[132]]></position>
</category_product>
<category_product><id_category><![CDATA[123]]></id_category>
<id_product><![CDATA[1306]]></id_product>
<position><![CDATA[133]]></position>
</category_product>
<category_product><id_category><![CDATA[123]]></id_category>
<id_product><![CDATA[1307]]></id_product>
<position><![CDATA[134]]></position>
</category_product>
<category_product><id_category><![CDATA[123]]></id_category>
<id_product><![CDATA[1308]]></id_product>
<position><![CDATA[135]]></position>
</category_product>
<category_product><id_category><![CDATA[123]]></id_category>
<id_product><![CDATA[1309]]></id_product>
<position><![CDATA[136]]></position>
</category_product>
<category_product><id_category><![CDATA[123]]></id_category>
<id_product><![CDATA[1310]]></id_product>
<position><![CDATA[137]]></position>
</category_product>
<category_product><id_category><![CDATA[123]]></id_category>
<id_product><![CDATA[1311]]></id_product>
<position><![CDATA[138]]></position>
</category_product>
<category_product><id_category><![CDATA[123]]></id_category>
<id_product><![CDATA[1312]]></id_product>
<position><![CDATA[139]]></position>
</category_product>
<category_product><id_category><![CDATA[123]]></id_category>
<id_product><![CDATA[1313]]></id_product>
<position><![CDATA[140]]></position>
</category_product>
<category_product><id_category><![CDATA[123]]></id_category>
<id_product><![CDATA[1314]]></id_product>
<position><![CDATA[141]]></position>
</category_product>
<category_product><id_category><![CDATA[123]]></id_category>
<id_product><![CDATA[1315]]></id_product>
<position><![CDATA[142]]></position>
</category_product>
<category_product><id_category><![CDATA[123]]></id_category>
<id_product><![CDATA[1316]]></id_product>
<position><![CDATA[143]]></position>
</category_product>
<category_product><id_category><![CDATA[123]]></id_category>
<id_product><![CDATA[1317]]></id_product>
<position><![CDATA[144]]></position>
</category_product>
<category_product><id_category><![CDATA[123]]></id_category>
<id_product><![CDATA[1318]]></id_product>
<position><![CDATA[145]]></position>
</category_product>
<category_product><id_category><![CDATA[123]]></id_category>
<id_product><![CDATA[1319]]></id_product>
<position><![CDATA[146]]></position>
</category_product>
<category_product><id_category><![CDATA[123]]></id_category>
<id_product><![CDATA[1320]]></id_product>
<position><![CDATA[147]]></position>
</category_product>
<category_product><id_category><![CDATA[123]]></id_category>
<id_product><![CDATA[1321]]></id_product>
<position><![CDATA[148]]></position>
</category_product>
<category_product><id_category><![CDATA[123]]></id_category>
<id_product><![CDATA[1322]]></id_product>
<position><![CDATA[149]]></position>
</category_product>
<category_product><id_category><![CDATA[123]]></id_category>
<id_product><![CDATA[1323]]></id_product>
<position><![CDATA[150]]></position>
</category_product>
<category_product><id_category><![CDATA[123]]></id_category>
<id_product><![CDATA[1324]]></id_product>
<position><![CDATA[151]]></position>
</category_product>
<category_product><id_category><![CDATA[123]]></id_category>
<id_product><![CDATA[1325]]></id_product>
<position><![CDATA[152]]></position>
</category_product>
<category_product><id_category><![CDATA[123]]></id_category>
<id_product><![CDATA[1326]]></id_product>
<position><![CDATA[153]]></position>
</category_product>
<category_product><id_category><![CDATA[123]]></id_category>
<id_product><![CDATA[1327]]></id_product>
<position><![CDATA[154]]></position>
</category_product>
<category_product><id_category><![CDATA[123]]></id_category>
<id_product><![CDATA[1328]]></id_product>
<position><![CDATA[155]]></position>
</category_product>
<category_product><id_category><![CDATA[123]]></id_category>
<id_product><![CDATA[1329]]></id_product>
<position><![CDATA[156]]></position>
</category_product>
<category_product><id_category><![CDATA[123]]></id_category>
<id_product><![CDATA[1330]]></id_product>
<position><![CDATA[157]]></position>
</category_product>
<category_product><id_category><![CDATA[123]]></id_category>
<id_product><![CDATA[1331]]></id_product>
<position><![CDATA[158]]></position>
</category_product>
<category_product><id_category><![CDATA[123]]></id_category>
<id_product><![CDATA[1332]]></id_product>
<position><![CDATA[159]]></position>
</category_product>
<category_product><id_category><![CDATA[123]]></id_category>
<id_product><![CDATA[1333]]></id_product>
<position><![CDATA[160]]></position>
</category_product>
<category_product><id_category><![CDATA[123]]></id_category>
<id_product><![CDATA[1334]]></id_product>
<position><![CDATA[161]]></position>
</category_product>
<category_product><id_category><![CDATA[123]]></id_category>
<id_product><![CDATA[1335]]></id_product>
<position><![CDATA[162]]></position>
</category_product>
<category_product><id_category><![CDATA[123]]></id_category>
<id_product><![CDATA[1336]]></id_product>
<position><![CDATA[163]]></position>
</category_product>
<category_product><id_category><![CDATA[123]]></id_category>
<id_product><![CDATA[1337]]></id_product>
<position><![CDATA[164]]></position>
</category_product>
<category_product><id_category><![CDATA[123]]></id_category>
<id_product><![CDATA[1338]]></id_product>
<position><![CDATA[165]]></position>
</category_product>
<category_product><id_category><![CDATA[123]]></id_category>
<id_product><![CDATA[1339]]></id_product>
<position><![CDATA[166]]></position>
</category_product>
<category_product><id_category><![CDATA[123]]></id_category>
<id_product><![CDATA[1340]]></id_product>
<position><![CDATA[167]]></position>
</category_product>
<category_product><id_category><![CDATA[123]]></id_category>
<id_product><![CDATA[1341]]></id_product>
<position><![CDATA[168]]></position>
</category_product>
<category_product><id_category><![CDATA[123]]></id_category>
<id_product><![CDATA[1342]]></id_product>
<position><![CDATA[169]]></position>
</category_product>
<category_product><id_category><![CDATA[123]]></id_category>
<id_product><![CDATA[1343]]></id_product>
<position><![CDATA[170]]></position>
</category_product>
<category_product><id_category><![CDATA[123]]></id_category>
<id_product><![CDATA[1344]]></id_product>
<position><![CDATA[171]]></position>
</category_product>
<category_product><id_category><![CDATA[123]]></id_category>
<id_product><![CDATA[1345]]></id_product>
<position><![CDATA[172]]></position>
</category_product>
<category_product><id_category><![CDATA[123]]></id_category>
<id_product><![CDATA[1346]]></id_product>
<position><![CDATA[173]]></position>
</category_product>
<category_product><id_category><![CDATA[123]]></id_category>
<id_product><![CDATA[1347]]></id_product>
<position><![CDATA[174]]></position>
</category_product>
<category_product><id_category><![CDATA[123]]></id_category>
<id_product><![CDATA[1348]]></id_product>
<position><![CDATA[175]]></position>
</category_product>
<category_product><id_category><![CDATA[123]]></id_category>
<id_product><![CDATA[1349]]></id_product>
<position><![CDATA[176]]></position>
</category_product>
<category_product><id_category><![CDATA[123]]></id_category>
<id_product><![CDATA[1350]]></id_product>
<position><![CDATA[177]]></position>
</category_product>
<category_product><id_category><![CDATA[123]]></id_category>
<id_product><![CDATA[1351]]></id_product>
<position><![CDATA[178]]></position>
</category_product>
<category_product><id_category><![CDATA[123]]></id_category>
<id_product><![CDATA[1352]]></id_product>
<position><![CDATA[179]]></position>
</category_product>
<category_product><id_category><![CDATA[123]]></id_category>
<id_product><![CDATA[1353]]></id_product>
<position><![CDATA[180]]></position>
</category_product>
<category_product><id_category><![CDATA[123]]></id_category>
<id_product><![CDATA[1354]]></id_product>
<position><![CDATA[181]]></position>
</category_product>
<category_product><id_category><![CDATA[123]]></id_category>
<id_product><![CDATA[1355]]></id_product>
<position><![CDATA[182]]></position>
</category_product>
<category_product><id_category><![CDATA[123]]></id_category>
<id_product><![CDATA[1356]]></id_product>
<position><![CDATA[183]]></position>
</category_product>
<category_product><id_category><![CDATA[123]]></id_category>
<id_product><![CDATA[1357]]></id_product>
<position><![CDATA[184]]></position>
</category_product>
<category_product><id_category><![CDATA[123]]></id_category>
<id_product><![CDATA[1358]]></id_product>
<position><![CDATA[185]]></position>
</category_product>
<category_product><id_category><![CDATA[123]]></id_category>
<id_product><![CDATA[1361]]></id_product>
<position><![CDATA[186]]></position>
</category_product>
<category_product><id_category><![CDATA[123]]></id_category>
<id_product><![CDATA[1362]]></id_product>
<position><![CDATA[187]]></position>
</category_product>
<category_product><id_category><![CDATA[123]]></id_category>
<id_product><![CDATA[1363]]></id_product>
<position><![CDATA[188]]></position>
</category_product>
<category_product><id_category><![CDATA[123]]></id_category>
<id_product><![CDATA[1364]]></id_product>
<position><![CDATA[189]]></position>
</category_product>
<category_product><id_category><![CDATA[123]]></id_category>
<id_product><![CDATA[1415]]></id_product>
<position><![CDATA[190]]></position>
</category_product>
<category_product><id_category><![CDATA[123]]></id_category>
<id_product><![CDATA[1436]]></id_product>
<position><![CDATA[191]]></position>
</category_product>
<category_product><id_category><![CDATA[123]]></id_category>
<id_product><![CDATA[1437]]></id_product>
<position><![CDATA[192]]></position>
</category_product>
<category_product><id_category><![CDATA[123]]></id_category>
<id_product><![CDATA[1438]]></id_product>
<position><![CDATA[193]]></position>
</category_product>
<category_product><id_category><![CDATA[123]]></id_category>
<id_product><![CDATA[1439]]></id_product>
<position><![CDATA[194]]></position>
</category_product>
<category_product><id_category><![CDATA[123]]></id_category>
<id_product><![CDATA[1440]]></id_product>
<position><![CDATA[195]]></position>
</category_product>
<category_product><id_category><![CDATA[123]]></id_category>
<id_product><![CDATA[1441]]></id_product>
<position><![CDATA[196]]></position>
</category_product>
<category_product><id_category><![CDATA[123]]></id_category>
<id_product><![CDATA[1442]]></id_product>
<position><![CDATA[197]]></position>
</category_product>
<category_product><id_category><![CDATA[123]]></id_category>
<id_product><![CDATA[1443]]></id_product>
<position><![CDATA[198]]></position>
</category_product>
<category_product><id_category><![CDATA[123]]></id_category>
<id_product><![CDATA[1444]]></id_product>
<position><![CDATA[199]]></position>
</category_product>
<category_product><id_category><![CDATA[123]]></id_category>
<id_product><![CDATA[1445]]></id_product>
<position><![CDATA[200]]></position>
</category_product>
<category_product><id_category><![CDATA[123]]></id_category>
<id_product><![CDATA[1447]]></id_product>
<position><![CDATA[201]]></position>
</category_product>
<category_product><id_category><![CDATA[123]]></id_category>
<id_product><![CDATA[1448]]></id_product>
<position><![CDATA[202]]></position>
</category_product>
<category_product><id_category><![CDATA[123]]></id_category>
<id_product><![CDATA[1449]]></id_product>
<position><![CDATA[203]]></position>
</category_product>
<category_product><id_category><![CDATA[123]]></id_category>
<id_product><![CDATA[1450]]></id_product>
<position><![CDATA[204]]></position>
</category_product>
<category_product><id_category><![CDATA[123]]></id_category>
<id_product><![CDATA[1451]]></id_product>
<position><![CDATA[205]]></position>
</category_product>
<category_product><id_category><![CDATA[123]]></id_category>
<id_product><![CDATA[1452]]></id_product>
<position><![CDATA[206]]></position>
</category_product>
<category_product><id_category><![CDATA[123]]></id_category>
<id_product><![CDATA[1453]]></id_product>
<position><![CDATA[207]]></position>
</category_product>
<category_product><id_category><![CDATA[123]]></id_category>
<id_product><![CDATA[1454]]></id_product>
<position><![CDATA[208]]></position>
</category_product>
<category_product><id_category><![CDATA[123]]></id_category>
<id_product><![CDATA[1455]]></id_product>
<position><![CDATA[209]]></position>
</category_product>
<category_product><id_category><![CDATA[123]]></id_category>
<id_product><![CDATA[1456]]></id_product>
<position><![CDATA[210]]></position>
</category_product>
<category_product><id_category><![CDATA[123]]></id_category>
<id_product><![CDATA[1457]]></id_product>
<position><![CDATA[211]]></position>
</category_product>
<category_product><id_category><![CDATA[123]]></id_category>
<id_product><![CDATA[1496]]></id_product>
<position><![CDATA[212]]></position>
</category_product>
<category_product><id_category><![CDATA[123]]></id_category>
<id_product><![CDATA[1497]]></id_product>
<position><![CDATA[213]]></position>
</category_product>
<category_product><id_category><![CDATA[123]]></id_category>
<id_product><![CDATA[1498]]></id_product>
<position><![CDATA[214]]></position>
</category_product>
<category_product><id_category><![CDATA[123]]></id_category>
<id_product><![CDATA[1499]]></id_product>
<position><![CDATA[215]]></position>
</category_product>
<category_product><id_category><![CDATA[123]]></id_category>
<id_product><![CDATA[1512]]></id_product>
<position><![CDATA[216]]></position>
</category_product>
<category_product><id_category><![CDATA[123]]></id_category>
<id_product><![CDATA[1513]]></id_product>
<position><![CDATA[217]]></position>
</category_product>
<category_product><id_category><![CDATA[123]]></id_category>
<id_product><![CDATA[1514]]></id_product>
<position><![CDATA[218]]></position>
</category_product>
<category_product><id_category><![CDATA[123]]></id_category>
<id_product><![CDATA[1515]]></id_product>
<position><![CDATA[219]]></position>
</category_product>
<category_product><id_category><![CDATA[123]]></id_category>
<id_product><![CDATA[1516]]></id_product>
<position><![CDATA[220]]></position>
</category_product>
<category_product><id_category><![CDATA[123]]></id_category>
<id_product><![CDATA[1518]]></id_product>
<position><![CDATA[221]]></position>
</category_product>
<category_product><id_category><![CDATA[123]]></id_category>
<id_product><![CDATA[1519]]></id_product>
<position><![CDATA[222]]></position>
</category_product>
<category_product><id_category><![CDATA[123]]></id_category>
<id_product><![CDATA[1520]]></id_product>
<position><![CDATA[223]]></position>
</category_product>
<category_product><id_category><![CDATA[123]]></id_category>
<id_product><![CDATA[1521]]></id_product>
<position><![CDATA[224]]></position>
</category_product>
<category_product><id_category><![CDATA[123]]></id_category>
<id_product><![CDATA[1522]]></id_product>
<position><![CDATA[225]]></position>
</category_product>
<category_product><id_category><![CDATA[123]]></id_category>
<id_product><![CDATA[1523]]></id_product>
<position><![CDATA[226]]></position>
</category_product>
<category_product><id_category><![CDATA[123]]></id_category>
<id_product><![CDATA[1525]]></id_product>
<position><![CDATA[227]]></position>
</category_product>
<category_product><id_category><![CDATA[123]]></id_category>
<id_product><![CDATA[1526]]></id_product>
<position><![CDATA[228]]></position>
</category_product>
<category_product><id_category><![CDATA[123]]></id_category>
<id_product><![CDATA[1527]]></id_product>
<position><![CDATA[229]]></position>
</category_product>
<category_product><id_category><![CDATA[123]]></id_category>
<id_product><![CDATA[1530]]></id_product>
<position><![CDATA[230]]></position>
</category_product>
<category_product><id_category><![CDATA[123]]></id_category>
<id_product><![CDATA[1531]]></id_product>
<position><![CDATA[231]]></position>
</category_product>
<category_product><id_category><![CDATA[123]]></id_category>
<id_product><![CDATA[2987]]></id_product>
<position><![CDATA[232]]></position>
</category_product>
<category_product><id_category><![CDATA[123]]></id_category>
<id_product><![CDATA[4048]]></id_product>
<position><![CDATA[233]]></position>
</category_product>
<category_product><id_category><![CDATA[125]]></id_category>
<id_product><![CDATA[1213]]></id_product>
<position><![CDATA[1]]></position>
</category_product>
<category_product><id_category><![CDATA[125]]></id_category>
<id_product><![CDATA[1241]]></id_product>
<position><![CDATA[2]]></position>
</category_product>
<category_product><id_category><![CDATA[125]]></id_category>
<id_product><![CDATA[1242]]></id_product>
<position><![CDATA[3]]></position>
</category_product>
<category_product><id_category><![CDATA[125]]></id_category>
<id_product><![CDATA[1293]]></id_product>
<position><![CDATA[4]]></position>
</category_product>
<category_product><id_category><![CDATA[125]]></id_category>
<id_product><![CDATA[1294]]></id_product>
<position><![CDATA[5]]></position>
</category_product>
<category_product><id_category><![CDATA[125]]></id_category>
<id_product><![CDATA[1359]]></id_product>
<position><![CDATA[6]]></position>
</category_product>
<category_product><id_category><![CDATA[125]]></id_category>
<id_product><![CDATA[1528]]></id_product>
<position><![CDATA[7]]></position>
</category_product>
<category_product><id_category><![CDATA[251]]></id_category>
<id_product><![CDATA[457]]></id_product>
<position><![CDATA[0]]></position>
</category_product>
<category_product><id_category><![CDATA[251]]></id_category>
<id_product><![CDATA[458]]></id_product>
<position><![CDATA[1]]></position>
</category_product>
<category_product><id_category><![CDATA[251]]></id_category>
<id_product><![CDATA[459]]></id_product>
<position><![CDATA[2]]></position>
</category_product>
<category_product><id_category><![CDATA[251]]></id_category>
<id_product><![CDATA[460]]></id_product>
<position><![CDATA[3]]></position>
</category_product>
<category_product><id_category><![CDATA[251]]></id_category>
<id_product><![CDATA[461]]></id_product>
<position><![CDATA[4]]></position>
</category_product>
<category_product><id_category><![CDATA[251]]></id_category>
<id_product><![CDATA[462]]></id_product>
<position><![CDATA[5]]></position>
</category_product>
<category_product><id_category><![CDATA[251]]></id_category>
<id_product><![CDATA[463]]></id_product>
<position><![CDATA[6]]></position>
</category_product>
<category_product><id_category><![CDATA[251]]></id_category>
<id_product><![CDATA[464]]></id_product>
<position><![CDATA[7]]></position>
</category_product>
<category_product><id_category><![CDATA[251]]></id_category>
<id_product><![CDATA[465]]></id_product>
<position><![CDATA[8]]></position>
</category_product>
<category_product><id_category><![CDATA[251]]></id_category>
<id_product><![CDATA[245]]></id_product>
<position><![CDATA[9]]></position>
</category_product>
<category_product><id_category><![CDATA[251]]></id_category>
<id_product><![CDATA[244]]></id_product>
<position><![CDATA[10]]></position>
</category_product>
<category_product><id_category><![CDATA[251]]></id_category>
<id_product><![CDATA[243]]></id_product>
<position><![CDATA[11]]></position>
</category_product>
<category_product><id_category><![CDATA[251]]></id_category>
<id_product><![CDATA[242]]></id_product>
<position><![CDATA[12]]></position>
</category_product>
<category_product><id_category><![CDATA[251]]></id_category>
<id_product><![CDATA[234]]></id_product>
<position><![CDATA[13]]></position>
</category_product>
<category_product><id_category><![CDATA[251]]></id_category>
<id_product><![CDATA[233]]></id_product>
<position><![CDATA[14]]></position>
</category_product>
<category_product><id_category><![CDATA[251]]></id_category>
<id_product><![CDATA[232]]></id_product>
<position><![CDATA[15]]></position>
</category_product>
<category_product><id_category><![CDATA[251]]></id_category>
<id_product><![CDATA[231]]></id_product>
<position><![CDATA[16]]></position>
</category_product>
<category_product><id_category><![CDATA[251]]></id_category>
<id_product><![CDATA[230]]></id_product>
<position><![CDATA[17]]></position>
</category_product>
<category_product><id_category><![CDATA[251]]></id_category>
<id_product><![CDATA[229]]></id_product>
<position><![CDATA[18]]></position>
</category_product>
<category_product><id_category><![CDATA[251]]></id_category>
<id_product><![CDATA[477]]></id_product>
<position><![CDATA[19]]></position>
</category_product>
<category_product><id_category><![CDATA[251]]></id_category>
<id_product><![CDATA[478]]></id_product>
<position><![CDATA[20]]></position>
</category_product>
<category_product><id_category><![CDATA[251]]></id_category>
<id_product><![CDATA[479]]></id_product>
<position><![CDATA[21]]></position>
</category_product>
<category_product><id_category><![CDATA[251]]></id_category>
<id_product><![CDATA[480]]></id_product>
<position><![CDATA[22]]></position>
</category_product>
<category_product><id_category><![CDATA[251]]></id_category>
<id_product><![CDATA[481]]></id_product>
<position><![CDATA[23]]></position>
</category_product>
<category_product><id_category><![CDATA[251]]></id_category>
<id_product><![CDATA[482]]></id_product>
<position><![CDATA[24]]></position>
</category_product>
<category_product><id_category><![CDATA[251]]></id_category>
<id_product><![CDATA[483]]></id_product>
<position><![CDATA[25]]></position>
</category_product>
<category_product><id_category><![CDATA[251]]></id_category>
<id_product><![CDATA[196]]></id_product>
<position><![CDATA[26]]></position>
</category_product>
<category_product><id_category><![CDATA[251]]></id_category>
<id_product><![CDATA[197]]></id_product>
<position><![CDATA[27]]></position>
</category_product>
<category_product><id_category><![CDATA[251]]></id_category>
<id_product><![CDATA[1462]]></id_product>
<position><![CDATA[28]]></position>
</category_product>
<category_product><id_category><![CDATA[252]]></id_category>
<id_product><![CDATA[452]]></id_product>
<position><![CDATA[0]]></position>
</category_product>
<category_product><id_category><![CDATA[252]]></id_category>
<id_product><![CDATA[454]]></id_product>
<position><![CDATA[1]]></position>
</category_product>
<category_product><id_category><![CDATA[252]]></id_category>
<id_product><![CDATA[455]]></id_product>
<position><![CDATA[2]]></position>
</category_product>
<category_product><id_category><![CDATA[252]]></id_category>
<id_product><![CDATA[456]]></id_product>
<position><![CDATA[3]]></position>
</category_product>
<category_product><id_category><![CDATA[253]]></id_category>
<id_product><![CDATA[449]]></id_product>
<position><![CDATA[0]]></position>
</category_product>
<category_product><id_category><![CDATA[253]]></id_category>
<id_product><![CDATA[451]]></id_product>
<position><![CDATA[1]]></position>
</category_product>
<category_product><id_category><![CDATA[253]]></id_category>
<id_product><![CDATA[1167]]></id_product>
<position><![CDATA[2]]></position>
</category_product>
<category_product><id_category><![CDATA[257]]></id_category>
<id_product><![CDATA[845]]></id_product>
<position><![CDATA[0]]></position>
</category_product>
<category_product><id_category><![CDATA[257]]></id_category>
<id_product><![CDATA[846]]></id_product>
<position><![CDATA[1]]></position>
</category_product>
<category_product><id_category><![CDATA[257]]></id_category>
<id_product><![CDATA[847]]></id_product>
<position><![CDATA[2]]></position>
</category_product>
<category_product><id_category><![CDATA[257]]></id_category>
<id_product><![CDATA[848]]></id_product>
<position><![CDATA[3]]></position>
</category_product>
<category_product><id_category><![CDATA[257]]></id_category>
<id_product><![CDATA[849]]></id_product>
<position><![CDATA[4]]></position>
</category_product>
<category_product><id_category><![CDATA[257]]></id_category>
<id_product><![CDATA[850]]></id_product>
<position><![CDATA[5]]></position>
</category_product>
<category_product><id_category><![CDATA[257]]></id_category>
<id_product><![CDATA[851]]></id_product>
<position><![CDATA[6]]></position>
</category_product>
<category_product><id_category><![CDATA[257]]></id_category>
<id_product><![CDATA[852]]></id_product>
<position><![CDATA[7]]></position>
</category_product>
<category_product><id_category><![CDATA[257]]></id_category>
<id_product><![CDATA[853]]></id_product>
<position><![CDATA[8]]></position>
</category_product>
<category_product><id_category><![CDATA[257]]></id_category>
<id_product><![CDATA[854]]></id_product>
<position><![CDATA[9]]></position>
</category_product>
<category_product><id_category><![CDATA[257]]></id_category>
<id_product><![CDATA[855]]></id_product>
<position><![CDATA[10]]></position>
</category_product>
<category_product><id_category><![CDATA[257]]></id_category>
<id_product><![CDATA[961]]></id_product>
<position><![CDATA[11]]></position>
</category_product>
<category_product><id_category><![CDATA[257]]></id_category>
<id_product><![CDATA[962]]></id_product>
<position><![CDATA[12]]></position>
</category_product>
<category_product><id_category><![CDATA[257]]></id_category>
<id_product><![CDATA[994]]></id_product>
<position><![CDATA[13]]></position>
</category_product>
<category_product><id_category><![CDATA[257]]></id_category>
<id_product><![CDATA[995]]></id_product>
<position><![CDATA[14]]></position>
</category_product>
<category_product><id_category><![CDATA[257]]></id_category>
<id_product><![CDATA[996]]></id_product>
<position><![CDATA[15]]></position>
</category_product>
<category_product><id_category><![CDATA[257]]></id_category>
<id_product><![CDATA[997]]></id_product>
<position><![CDATA[16]]></position>
</category_product>
<category_product><id_category><![CDATA[257]]></id_category>
<id_product><![CDATA[998]]></id_product>
<position><![CDATA[17]]></position>
</category_product>
<category_product><id_category><![CDATA[257]]></id_category>
<id_product><![CDATA[999]]></id_product>
<position><![CDATA[18]]></position>
</category_product>
<category_product><id_category><![CDATA[257]]></id_category>
<id_product><![CDATA[1008]]></id_product>
<position><![CDATA[19]]></position>
</category_product>
<category_product><id_category><![CDATA[257]]></id_category>
<id_product><![CDATA[1009]]></id_product>
<position><![CDATA[20]]></position>
</category_product>
<category_product><id_category><![CDATA[257]]></id_category>
<id_product><![CDATA[1073]]></id_product>
<position><![CDATA[21]]></position>
</category_product>
<category_product><id_category><![CDATA[257]]></id_category>
<id_product><![CDATA[1074]]></id_product>
<position><![CDATA[22]]></position>
</category_product>
<category_product><id_category><![CDATA[258]]></id_category>
<id_product><![CDATA[825]]></id_product>
<position><![CDATA[1]]></position>
</category_product>
<category_product><id_category><![CDATA[258]]></id_category>
<id_product><![CDATA[826]]></id_product>
<position><![CDATA[2]]></position>
</category_product>
<category_product><id_category><![CDATA[258]]></id_category>
<id_product><![CDATA[827]]></id_product>
<position><![CDATA[3]]></position>
</category_product>
<category_product><id_category><![CDATA[258]]></id_category>
<id_product><![CDATA[828]]></id_product>
<position><![CDATA[4]]></position>
</category_product>
<category_product><id_category><![CDATA[258]]></id_category>
<id_product><![CDATA[911]]></id_product>
<position><![CDATA[5]]></position>
</category_product>
<category_product><id_category><![CDATA[258]]></id_category>
<id_product><![CDATA[829]]></id_product>
<position><![CDATA[6]]></position>
</category_product>
<category_product><id_category><![CDATA[258]]></id_category>
<id_product><![CDATA[830]]></id_product>
<position><![CDATA[7]]></position>
</category_product>
<category_product><id_category><![CDATA[258]]></id_category>
<id_product><![CDATA[831]]></id_product>
<position><![CDATA[8]]></position>
</category_product>
<category_product><id_category><![CDATA[258]]></id_category>
<id_product><![CDATA[832]]></id_product>
<position><![CDATA[9]]></position>
</category_product>
<category_product><id_category><![CDATA[258]]></id_category>
<id_product><![CDATA[971]]></id_product>
<position><![CDATA[10]]></position>
</category_product>
<category_product><id_category><![CDATA[258]]></id_category>
<id_product><![CDATA[969]]></id_product>
<position><![CDATA[11]]></position>
</category_product>
<category_product><id_category><![CDATA[258]]></id_category>
<id_product><![CDATA[970]]></id_product>
<position><![CDATA[12]]></position>
</category_product>
<category_product><id_category><![CDATA[258]]></id_category>
<id_product><![CDATA[972]]></id_product>
<position><![CDATA[13]]></position>
</category_product>
<category_product><id_category><![CDATA[258]]></id_category>
<id_product><![CDATA[1006]]></id_product>
<position><![CDATA[14]]></position>
</category_product>
<category_product><id_category><![CDATA[258]]></id_category>
<id_product><![CDATA[973]]></id_product>
<position><![CDATA[15]]></position>
</category_product>
<category_product><id_category><![CDATA[258]]></id_category>
<id_product><![CDATA[1014]]></id_product>
<position><![CDATA[16]]></position>
</category_product>
<category_product><id_category><![CDATA[258]]></id_category>
<id_product><![CDATA[1072]]></id_product>
<position><![CDATA[17]]></position>
</category_product>
<category_product><id_category><![CDATA[258]]></id_category>
<id_product><![CDATA[878]]></id_product>
<position><![CDATA[18]]></position>
</category_product>
<category_product><id_category><![CDATA[258]]></id_category>
<id_product><![CDATA[879]]></id_product>
<position><![CDATA[19]]></position>
</category_product>
<category_product><id_category><![CDATA[258]]></id_category>
<id_product><![CDATA[880]]></id_product>
<position><![CDATA[20]]></position>
</category_product>
<category_product><id_category><![CDATA[258]]></id_category>
<id_product><![CDATA[881]]></id_product>
<position><![CDATA[21]]></position>
</category_product>
<category_product><id_category><![CDATA[258]]></id_category>
<id_product><![CDATA[976]]></id_product>
<position><![CDATA[22]]></position>
</category_product>
<category_product><id_category><![CDATA[258]]></id_category>
<id_product><![CDATA[912]]></id_product>
<position><![CDATA[23]]></position>
</category_product>
<category_product><id_category><![CDATA[258]]></id_category>
<id_product><![CDATA[960]]></id_product>
<position><![CDATA[24]]></position>
</category_product>
<category_product><id_category><![CDATA[258]]></id_category>
<id_product><![CDATA[819]]></id_product>
<position><![CDATA[25]]></position>
</category_product>
<category_product><id_category><![CDATA[258]]></id_category>
<id_product><![CDATA[1018]]></id_product>
<position><![CDATA[26]]></position>
</category_product>
<category_product><id_category><![CDATA[258]]></id_category>
<id_product><![CDATA[1013]]></id_product>
<position><![CDATA[27]]></position>
</category_product>
<category_product><id_category><![CDATA[258]]></id_category>
<id_product><![CDATA[922]]></id_product>
<position><![CDATA[28]]></position>
</category_product>
<category_product><id_category><![CDATA[258]]></id_category>
<id_product><![CDATA[974]]></id_product>
<position><![CDATA[29]]></position>
</category_product>
<category_product><id_category><![CDATA[258]]></id_category>
<id_product><![CDATA[907]]></id_product>
<position><![CDATA[30]]></position>
</category_product>
<category_product><id_category><![CDATA[258]]></id_category>
<id_product><![CDATA[833]]></id_product>
<position><![CDATA[31]]></position>
</category_product>
<category_product><id_category><![CDATA[258]]></id_category>
<id_product><![CDATA[1069]]></id_product>
<position><![CDATA[32]]></position>
</category_product>
<category_product><id_category><![CDATA[258]]></id_category>
<id_product><![CDATA[1001]]></id_product>
<position><![CDATA[33]]></position>
</category_product>
<category_product><id_category><![CDATA[258]]></id_category>
<id_product><![CDATA[921]]></id_product>
<position><![CDATA[34]]></position>
</category_product>
<category_product><id_category><![CDATA[258]]></id_category>
<id_product><![CDATA[981]]></id_product>
<position><![CDATA[35]]></position>
</category_product>
<category_product><id_category><![CDATA[258]]></id_category>
<id_product><![CDATA[1007]]></id_product>
<position><![CDATA[36]]></position>
</category_product>
<category_product><id_category><![CDATA[258]]></id_category>
<id_product><![CDATA[975]]></id_product>
<position><![CDATA[37]]></position>
</category_product>
<category_product><id_category><![CDATA[258]]></id_category>
<id_product><![CDATA[2542]]></id_product>
<position><![CDATA[38]]></position>
</category_product>
<category_product><id_category><![CDATA[258]]></id_category>
<id_product><![CDATA[2910]]></id_product>
<position><![CDATA[39]]></position>
</category_product>
<category_product><id_category><![CDATA[259]]></id_category>
<id_product><![CDATA[920]]></id_product>
<position><![CDATA[0]]></position>
</category_product>
<category_product><id_category><![CDATA[259]]></id_category>
<id_product><![CDATA[916]]></id_product>
<position><![CDATA[1]]></position>
</category_product>
<category_product><id_category><![CDATA[259]]></id_category>
<id_product><![CDATA[919]]></id_product>
<position><![CDATA[2]]></position>
</category_product>
<category_product><id_category><![CDATA[259]]></id_category>
<id_product><![CDATA[918]]></id_product>
<position><![CDATA[3]]></position>
</category_product>
<category_product><id_category><![CDATA[259]]></id_category>
<id_product><![CDATA[917]]></id_product>
<position><![CDATA[4]]></position>
</category_product>
<category_product><id_category><![CDATA[259]]></id_category>
<id_product><![CDATA[954]]></id_product>
<position><![CDATA[5]]></position>
</category_product>
<category_product><id_category><![CDATA[259]]></id_category>
<id_product><![CDATA[955]]></id_product>
<position><![CDATA[6]]></position>
</category_product>
<category_product><id_category><![CDATA[259]]></id_category>
<id_product><![CDATA[956]]></id_product>
<position><![CDATA[7]]></position>
</category_product>
<category_product><id_category><![CDATA[259]]></id_category>
<id_product><![CDATA[986]]></id_product>
<position><![CDATA[8]]></position>
</category_product>
<category_product><id_category><![CDATA[259]]></id_category>
<id_product><![CDATA[987]]></id_product>
<position><![CDATA[9]]></position>
</category_product>
<category_product><id_category><![CDATA[259]]></id_category>
<id_product><![CDATA[988]]></id_product>
<position><![CDATA[10]]></position>
</category_product>
<category_product><id_category><![CDATA[259]]></id_category>
<id_product><![CDATA[1010]]></id_product>
<position><![CDATA[11]]></position>
</category_product>
<category_product><id_category><![CDATA[259]]></id_category>
<id_product><![CDATA[1012]]></id_product>
<position><![CDATA[12]]></position>
</category_product>
<category_product><id_category><![CDATA[260]]></id_category>
<id_product><![CDATA[804]]></id_product>
<position><![CDATA[0]]></position>
</category_product>
<category_product><id_category><![CDATA[260]]></id_category>
<id_product><![CDATA[805]]></id_product>
<position><![CDATA[1]]></position>
</category_product>
<category_product><id_category><![CDATA[260]]></id_category>
<id_product><![CDATA[806]]></id_product>
<position><![CDATA[2]]></position>
</category_product>
<category_product><id_category><![CDATA[260]]></id_category>
<id_product><![CDATA[991]]></id_product>
<position><![CDATA[3]]></position>
</category_product>
<category_product><id_category><![CDATA[260]]></id_category>
<id_product><![CDATA[992]]></id_product>
<position><![CDATA[4]]></position>
</category_product>
<category_product><id_category><![CDATA[261]]></id_category>
<id_product><![CDATA[856]]></id_product>
<position><![CDATA[1]]></position>
</category_product>
<category_product><id_category><![CDATA[261]]></id_category>
<id_product><![CDATA[858]]></id_product>
<position><![CDATA[2]]></position>
</category_product>
<category_product><id_category><![CDATA[261]]></id_category>
<id_product><![CDATA[859]]></id_product>
<position><![CDATA[3]]></position>
</category_product>
<category_product><id_category><![CDATA[261]]></id_category>
<id_product><![CDATA[861]]></id_product>
<position><![CDATA[4]]></position>
</category_product>
<category_product><id_category><![CDATA[261]]></id_category>
<id_product><![CDATA[862]]></id_product>
<position><![CDATA[5]]></position>
</category_product>
<category_product><id_category><![CDATA[261]]></id_category>
<id_product><![CDATA[863]]></id_product>
<position><![CDATA[6]]></position>
</category_product>
<category_product><id_category><![CDATA[261]]></id_category>
<id_product><![CDATA[864]]></id_product>
<position><![CDATA[7]]></position>
</category_product>
<category_product><id_category><![CDATA[261]]></id_category>
<id_product><![CDATA[895]]></id_product>
<position><![CDATA[8]]></position>
</category_product>
<category_product><id_category><![CDATA[261]]></id_category>
<id_product><![CDATA[896]]></id_product>
<position><![CDATA[9]]></position>
</category_product>
<category_product><id_category><![CDATA[261]]></id_category>
<id_product><![CDATA[953]]></id_product>
<position><![CDATA[10]]></position>
</category_product>
<category_product><id_category><![CDATA[261]]></id_category>
<id_product><![CDATA[963]]></id_product>
<position><![CDATA[11]]></position>
</category_product>
<category_product><id_category><![CDATA[261]]></id_category>
<id_product><![CDATA[1066]]></id_product>
<position><![CDATA[12]]></position>
</category_product>
<category_product><id_category><![CDATA[261]]></id_category>
<id_product><![CDATA[913]]></id_product>
<position><![CDATA[13]]></position>
</category_product>
<category_product><id_category><![CDATA[261]]></id_category>
<id_product><![CDATA[914]]></id_product>
<position><![CDATA[14]]></position>
</category_product>
<category_product><id_category><![CDATA[261]]></id_category>
<id_product><![CDATA[915]]></id_product>
<position><![CDATA[15]]></position>
</category_product>
<category_product><id_category><![CDATA[261]]></id_category>
<id_product><![CDATA[939]]></id_product>
<position><![CDATA[16]]></position>
</category_product>
<category_product><id_category><![CDATA[261]]></id_category>
<id_product><![CDATA[940]]></id_product>
<position><![CDATA[17]]></position>
</category_product>
<category_product><id_category><![CDATA[261]]></id_category>
<id_product><![CDATA[810]]></id_product>
<position><![CDATA[18]]></position>
</category_product>
<category_product><id_category><![CDATA[261]]></id_category>
<id_product><![CDATA[941]]></id_product>
<position><![CDATA[19]]></position>
</category_product>
<category_product><id_category><![CDATA[261]]></id_category>
<id_product><![CDATA[936]]></id_product>
<position><![CDATA[20]]></position>
</category_product>
<category_product><id_category><![CDATA[261]]></id_category>
<id_product><![CDATA[840]]></id_product>
<position><![CDATA[21]]></position>
</category_product>
<category_product><id_category><![CDATA[261]]></id_category>
<id_product><![CDATA[839]]></id_product>
<position><![CDATA[22]]></position>
</category_product>
<category_product><id_category><![CDATA[261]]></id_category>
<id_product><![CDATA[938]]></id_product>
<position><![CDATA[23]]></position>
</category_product>
<category_product><id_category><![CDATA[261]]></id_category>
<id_product><![CDATA[841]]></id_product>
<position><![CDATA[24]]></position>
</category_product>
<category_product><id_category><![CDATA[261]]></id_category>
<id_product><![CDATA[1071]]></id_product>
<position><![CDATA[25]]></position>
</category_product>
<category_product><id_category><![CDATA[262]]></id_category>
<id_product><![CDATA[1089]]></id_product>
<position><![CDATA[1]]></position>
</category_product>
<category_product><id_category><![CDATA[262]]></id_category>
<id_product><![CDATA[1090]]></id_product>
<position><![CDATA[2]]></position>
</category_product>
<category_product><id_category><![CDATA[262]]></id_category>
<id_product><![CDATA[4128]]></id_product>
<position><![CDATA[3]]></position>
</category_product>
<category_product><id_category><![CDATA[264]]></id_category>
<id_product><![CDATA[70]]></id_product>
<position><![CDATA[0]]></position>
</category_product>
<category_product><id_category><![CDATA[264]]></id_category>
<id_product><![CDATA[73]]></id_product>
<position><![CDATA[1]]></position>
</category_product>
<category_product><id_category><![CDATA[264]]></id_category>
<id_product><![CDATA[79]]></id_product>
<position><![CDATA[2]]></position>
</category_product>
<category_product><id_category><![CDATA[264]]></id_category>
<id_product><![CDATA[82]]></id_product>
<position><![CDATA[3]]></position>
</category_product>
<category_product><id_category><![CDATA[264]]></id_category>
<id_product><![CDATA[85]]></id_product>
<position><![CDATA[4]]></position>
</category_product>
<category_product><id_category><![CDATA[264]]></id_category>
<id_product><![CDATA[88]]></id_product>
<position><![CDATA[5]]></position>
</category_product>
<category_product><id_category><![CDATA[264]]></id_category>
<id_product><![CDATA[92]]></id_product>
<position><![CDATA[6]]></position>
</category_product>
<category_product><id_category><![CDATA[264]]></id_category>
<id_product><![CDATA[95]]></id_product>
<position><![CDATA[7]]></position>
</category_product>
<category_product><id_category><![CDATA[264]]></id_category>
<id_product><![CDATA[98]]></id_product>
<position><![CDATA[8]]></position>
</category_product>
<category_product><id_category><![CDATA[264]]></id_category>
<id_product><![CDATA[101]]></id_product>
<position><![CDATA[9]]></position>
</category_product>
<category_product><id_category><![CDATA[264]]></id_category>
<id_product><![CDATA[104]]></id_product>
<position><![CDATA[10]]></position>
</category_product>
<category_product><id_category><![CDATA[264]]></id_category>
<id_product><![CDATA[107]]></id_product>
<position><![CDATA[11]]></position>
</category_product>
<category_product><id_category><![CDATA[264]]></id_category>
<id_product><![CDATA[113]]></id_product>
<position><![CDATA[12]]></position>
</category_product>
<category_product><id_category><![CDATA[264]]></id_category>
<id_product><![CDATA[116]]></id_product>
<position><![CDATA[13]]></position>
</category_product>
<category_product><id_category><![CDATA[264]]></id_category>
<id_product><![CDATA[14]]></id_product>
<position><![CDATA[14]]></position>
</category_product>
<category_product><id_category><![CDATA[264]]></id_category>
<id_product><![CDATA[17]]></id_product>
<position><![CDATA[15]]></position>
</category_product>
<category_product><id_category><![CDATA[264]]></id_category>
<id_product><![CDATA[20]]></id_product>
<position><![CDATA[16]]></position>
</category_product>
<category_product><id_category><![CDATA[264]]></id_category>
<id_product><![CDATA[23]]></id_product>
<position><![CDATA[17]]></position>
</category_product>
<category_product><id_category><![CDATA[264]]></id_category>
<id_product><![CDATA[26]]></id_product>
<position><![CDATA[18]]></position>
</category_product>
<category_product><id_category><![CDATA[264]]></id_category>
<id_product><![CDATA[30]]></id_product>
<position><![CDATA[19]]></position>
</category_product>
<category_product><id_category><![CDATA[264]]></id_category>
<id_product><![CDATA[34]]></id_product>
<position><![CDATA[20]]></position>
</category_product>
<category_product><id_category><![CDATA[264]]></id_category>
<id_product><![CDATA[35]]></id_product>
<position><![CDATA[21]]></position>
</category_product>
<category_product><id_category><![CDATA[264]]></id_category>
<id_product><![CDATA[40]]></id_product>
<position><![CDATA[22]]></position>
</category_product>
<category_product><id_category><![CDATA[264]]></id_category>
<id_product><![CDATA[44]]></id_product>
<position><![CDATA[23]]></position>
</category_product>
<category_product><id_category><![CDATA[264]]></id_category>
<id_product><![CDATA[47]]></id_product>
<position><![CDATA[24]]></position>
</category_product>
<category_product><id_category><![CDATA[264]]></id_category>
<id_product><![CDATA[51]]></id_product>
<position><![CDATA[25]]></position>
</category_product>
<category_product><id_category><![CDATA[264]]></id_category>
<id_product><![CDATA[54]]></id_product>
<position><![CDATA[26]]></position>
</category_product>
<category_product><id_category><![CDATA[264]]></id_category>
<id_product><![CDATA[58]]></id_product>
<position><![CDATA[27]]></position>
</category_product>
<category_product><id_category><![CDATA[264]]></id_category>
<id_product><![CDATA[61]]></id_product>
<position><![CDATA[28]]></position>
</category_product>
<category_product><id_category><![CDATA[264]]></id_category>
<id_product><![CDATA[64]]></id_product>
<position><![CDATA[29]]></position>
</category_product>
<category_product><id_category><![CDATA[264]]></id_category>
<id_product><![CDATA[67]]></id_product>
<position><![CDATA[30]]></position>
</category_product>
<category_product><id_category><![CDATA[264]]></id_category>
<id_product><![CDATA[76]]></id_product>
<position><![CDATA[31]]></position>
</category_product>
<category_product><id_category><![CDATA[264]]></id_category>
<id_product><![CDATA[251]]></id_product>
<position><![CDATA[32]]></position>
</category_product>
<category_product><id_category><![CDATA[264]]></id_category>
<id_product><![CDATA[257]]></id_product>
<position><![CDATA[33]]></position>
</category_product>
<category_product><id_category><![CDATA[264]]></id_category>
<id_product><![CDATA[262]]></id_product>
<position><![CDATA[34]]></position>
</category_product>
<category_product><id_category><![CDATA[264]]></id_category>
<id_product><![CDATA[268]]></id_product>
<position><![CDATA[35]]></position>
</category_product>
<category_product><id_category><![CDATA[264]]></id_category>
<id_product><![CDATA[278]]></id_product>
<position><![CDATA[36]]></position>
</category_product>
<category_product><id_category><![CDATA[264]]></id_category>
<id_product><![CDATA[285]]></id_product>
<position><![CDATA[37]]></position>
</category_product>
<category_product><id_category><![CDATA[264]]></id_category>
<id_product><![CDATA[290]]></id_product>
<position><![CDATA[38]]></position>
</category_product>
<category_product><id_category><![CDATA[264]]></id_category>
<id_product><![CDATA[294]]></id_product>
<position><![CDATA[39]]></position>
</category_product>
<category_product><id_category><![CDATA[264]]></id_category>
<id_product><![CDATA[299]]></id_product>
<position><![CDATA[40]]></position>
</category_product>
<category_product><id_category><![CDATA[264]]></id_category>
<id_product><![CDATA[304]]></id_product>
<position><![CDATA[41]]></position>
</category_product>
<category_product><id_category><![CDATA[264]]></id_category>
<id_product><![CDATA[309]]></id_product>
<position><![CDATA[42]]></position>
</category_product>
<category_product><id_category><![CDATA[264]]></id_category>
<id_product><![CDATA[313]]></id_product>
<position><![CDATA[43]]></position>
</category_product>
<category_product><id_category><![CDATA[264]]></id_category>
<id_product><![CDATA[315]]></id_product>
<position><![CDATA[44]]></position>
</category_product>
<category_product><id_category><![CDATA[264]]></id_category>
<id_product><![CDATA[318]]></id_product>
<position><![CDATA[45]]></position>
</category_product>
<category_product><id_category><![CDATA[264]]></id_category>
<id_product><![CDATA[321]]></id_product>
<position><![CDATA[46]]></position>
</category_product>
<category_product><id_category><![CDATA[264]]></id_category>
<id_product><![CDATA[324]]></id_product>
<position><![CDATA[47]]></position>
</category_product>
<category_product><id_category><![CDATA[264]]></id_category>
<id_product><![CDATA[331]]></id_product>
<position><![CDATA[48]]></position>
</category_product>
<category_product><id_category><![CDATA[264]]></id_category>
<id_product><![CDATA[332]]></id_product>
<position><![CDATA[49]]></position>
</category_product>
<category_product><id_category><![CDATA[264]]></id_category>
<id_product><![CDATA[335]]></id_product>
<position><![CDATA[50]]></position>
</category_product>
<category_product><id_category><![CDATA[264]]></id_category>
<id_product><![CDATA[338]]></id_product>
<position><![CDATA[51]]></position>
</category_product>
<category_product><id_category><![CDATA[264]]></id_category>
<id_product><![CDATA[341]]></id_product>
<position><![CDATA[52]]></position>
</category_product>
<category_product><id_category><![CDATA[264]]></id_category>
<id_product><![CDATA[344]]></id_product>
<position><![CDATA[53]]></position>
</category_product>
<category_product><id_category><![CDATA[264]]></id_category>
<id_product><![CDATA[347]]></id_product>
<position><![CDATA[54]]></position>
</category_product>
<category_product><id_category><![CDATA[264]]></id_category>
<id_product><![CDATA[350]]></id_product>
<position><![CDATA[55]]></position>
</category_product>
<category_product><id_category><![CDATA[264]]></id_category>
<id_product><![CDATA[607]]></id_product>
<position><![CDATA[56]]></position>
</category_product>
<category_product><id_category><![CDATA[264]]></id_category>
<id_product><![CDATA[608]]></id_product>
<position><![CDATA[57]]></position>
</category_product>
<category_product><id_category><![CDATA[264]]></id_category>
<id_product><![CDATA[609]]></id_product>
<position><![CDATA[58]]></position>
</category_product>
<category_product><id_category><![CDATA[264]]></id_category>
<id_product><![CDATA[610]]></id_product>
<position><![CDATA[59]]></position>
</category_product>
<category_product><id_category><![CDATA[264]]></id_category>
<id_product><![CDATA[611]]></id_product>
<position><![CDATA[60]]></position>
</category_product>
<category_product><id_category><![CDATA[264]]></id_category>
<id_product><![CDATA[612]]></id_product>
<position><![CDATA[61]]></position>
</category_product>
<category_product><id_category><![CDATA[264]]></id_category>
<id_product><![CDATA[613]]></id_product>
<position><![CDATA[62]]></position>
</category_product>
<category_product><id_category><![CDATA[264]]></id_category>
<id_product><![CDATA[614]]></id_product>
<position><![CDATA[63]]></position>
</category_product>
<category_product><id_category><![CDATA[264]]></id_category>
<id_product><![CDATA[615]]></id_product>
<position><![CDATA[64]]></position>
</category_product>
<category_product><id_category><![CDATA[264]]></id_category>
<id_product><![CDATA[616]]></id_product>
<position><![CDATA[65]]></position>
</category_product>
<category_product><id_category><![CDATA[264]]></id_category>
<id_product><![CDATA[617]]></id_product>
<position><![CDATA[66]]></position>
</category_product>
<category_product><id_category><![CDATA[264]]></id_category>
<id_product><![CDATA[618]]></id_product>
<position><![CDATA[67]]></position>
</category_product>
<category_product><id_category><![CDATA[264]]></id_category>
<id_product><![CDATA[619]]></id_product>
<position><![CDATA[68]]></position>
</category_product>
<category_product><id_category><![CDATA[264]]></id_category>
<id_product><![CDATA[620]]></id_product>
<position><![CDATA[69]]></position>
</category_product>
<category_product><id_category><![CDATA[264]]></id_category>
<id_product><![CDATA[621]]></id_product>
<position><![CDATA[70]]></position>
</category_product>
<category_product><id_category><![CDATA[264]]></id_category>
<id_product><![CDATA[622]]></id_product>
<position><![CDATA[71]]></position>
</category_product>
<category_product><id_category><![CDATA[264]]></id_category>
<id_product><![CDATA[623]]></id_product>
<position><![CDATA[72]]></position>
</category_product>
<category_product><id_category><![CDATA[264]]></id_category>
<id_product><![CDATA[624]]></id_product>
<position><![CDATA[73]]></position>
</category_product>
<category_product><id_category><![CDATA[264]]></id_category>
<id_product><![CDATA[625]]></id_product>
<position><![CDATA[74]]></position>
</category_product>
</entity_profile>
