<?xml version="1.0" encoding="UTF-8"?>
<entity_profile>
<customized_data><id_customization><![CDATA[2]]></id_customization>
<type><![CDATA[1]]></type>
<index><![CDATA[2]]></index>
<value><![CDATA[Malcolm]]></value>
<id_module><![CDATA[0]]></id_module>
<price><![CDATA[0.000000]]></price>
<weight><![CDATA[0.000000]]></weight>
</customized_data>
<customized_data><id_customization><![CDATA[2]]></id_customization>
<type><![CDATA[1]]></type>
<index><![CDATA[3]]></index>
<value><![CDATA[malcolm_armstrong@rogers.com]]></value>
<id_module><![CDATA[0]]></id_module>
<price><![CDATA[0.000000]]></price>
<weight><![CDATA[0.000000]]></weight>
</customized_data>
<customized_data><id_customization><![CDATA[2]]></id_customization>
<type><![CDATA[1]]></type>
<index><![CDATA[4]]></index>
<value><![CDATA[Thinking of you]]></value>
<id_module><![CDATA[0]]></id_module>
<price><![CDATA[0.000000]]></price>
<weight><![CDATA[0.000000]]></weight>
</customized_data>
<customized_data><id_customization><![CDATA[3]]></id_customization>
<type><![CDATA[1]]></type>
<index><![CDATA[2]]></index>
<value><![CDATA[Lili]]></value>
<id_module><![CDATA[0]]></id_module>
<price><![CDATA[0.000000]]></price>
<weight><![CDATA[0.000000]]></weight>
</customized_data>
<customized_data><id_customization><![CDATA[3]]></id_customization>
<type><![CDATA[1]]></type>
<index><![CDATA[3]]></index>
<value><![CDATA[ncoutou@khewa.com]]></value>
<id_module><![CDATA[0]]></id_module>
<price><![CDATA[0.000000]]></price>
<weight><![CDATA[0.000000]]></weight>
</customized_data>
<customized_data><id_customization><![CDATA[3]]></id_customization>
<type><![CDATA[1]]></type>
<index><![CDATA[4]]></index>
<value><![CDATA[Happy may day !!!]]></value>
<id_module><![CDATA[0]]></id_module>
<price><![CDATA[0.000000]]></price>
<weight><![CDATA[0.000000]]></weight>
</customized_data>
<customized_data><id_customization><![CDATA[4]]></id_customization>
<type><![CDATA[1]]></type>
<index><![CDATA[2]]></index>
<value><![CDATA[f]]></value>
<id_module><![CDATA[0]]></id_module>
<price><![CDATA[0.000000]]></price>
<weight><![CDATA[0.000000]]></weight>
</customized_data>
<customized_data><id_customization><![CDATA[4]]></id_customization>
<type><![CDATA[1]]></type>
<index><![CDATA[3]]></index>
<value><![CDATA[m@v-x.cc]]></value>
<id_module><![CDATA[0]]></id_module>
<price><![CDATA[0.000000]]></price>
<weight><![CDATA[0.000000]]></weight>
</customized_data>
<customized_data><id_customization><![CDATA[4]]></id_customization>
<type><![CDATA[1]]></type>
<index><![CDATA[4]]></index>
<value><![CDATA[ff]]></value>
<id_module><![CDATA[0]]></id_module>
<price><![CDATA[0.000000]]></price>
<weight><![CDATA[0.000000]]></weight>
</customized_data>
<customized_data><id_customization><![CDATA[5]]></id_customization>
<type><![CDATA[1]]></type>
<index><![CDATA[6]]></index>
<value><![CDATA[Nathalie]]></value>
<id_module><![CDATA[0]]></id_module>
<price><![CDATA[0.000000]]></price>
<weight><![CDATA[0.000000]]></weight>
</customized_data>
<customized_data><id_customization><![CDATA[5]]></id_customization>
<type><![CDATA[1]]></type>
<index><![CDATA[7]]></index>
<value><![CDATA[malcolm_armstrong@rogers.com]]></value>
<id_module><![CDATA[0]]></id_module>
<price><![CDATA[0.000000]]></price>
<weight><![CDATA[0.000000]]></weight>
</customized_data>
<customized_data><id_customization><![CDATA[5]]></id_customization>
<type><![CDATA[1]]></type>
<index><![CDATA[8]]></index>
<value><![CDATA[HAPPY BIRTHDAY]]></value>
<id_module><![CDATA[0]]></id_module>
<price><![CDATA[0.000000]]></price>
<weight><![CDATA[0.000000]]></weight>
</customized_data>
<customized_data><id_customization><![CDATA[5]]></id_customization>
<type><![CDATA[1]]></type>
<index><![CDATA[9]]></index>
<value><![CDATA[2020-05-05]]></value>
<id_module><![CDATA[0]]></id_module>
<price><![CDATA[0.000000]]></price>
<weight><![CDATA[0.000000]]></weight>
</customized_data>
<customized_data><id_customization><![CDATA[6]]></id_customization>
<type><![CDATA[1]]></type>
<index><![CDATA[6]]></index>
<value><![CDATA[Malcolm ]]></value>
<id_module><![CDATA[0]]></id_module>
<price><![CDATA[0.000000]]></price>
<weight><![CDATA[0.000000]]></weight>
</customized_data>
<customized_data><id_customization><![CDATA[6]]></id_customization>
<type><![CDATA[1]]></type>
<index><![CDATA[7]]></index>
<value><![CDATA[malcolm_armstrong@rogers.com]]></value>
<id_module><![CDATA[0]]></id_module>
<price><![CDATA[0.000000]]></price>
<weight><![CDATA[0.000000]]></weight>
</customized_data>
<customized_data><id_customization><![CDATA[6]]></id_customization>
<type><![CDATA[1]]></type>
<index><![CDATA[8]]></index>
<value><![CDATA[Hello]]></value>
<id_module><![CDATA[0]]></id_module>
<price><![CDATA[0.000000]]></price>
<weight><![CDATA[0.000000]]></weight>
</customized_data>
<customized_data><id_customization><![CDATA[6]]></id_customization>
<type><![CDATA[1]]></type>
<index><![CDATA[9]]></index>
<value><![CDATA[2020-05-06]]></value>
<id_module><![CDATA[0]]></id_module>
<price><![CDATA[0.000000]]></price>
<weight><![CDATA[0.000000]]></weight>
</customized_data>
<customized_data><id_customization><![CDATA[7]]></id_customization>
<type><![CDATA[1]]></type>
<index><![CDATA[6]]></index>
<value><![CDATA[Charles]]></value>
<id_module><![CDATA[0]]></id_module>
<price><![CDATA[0.000000]]></price>
<weight><![CDATA[0.000000]]></weight>
</customized_data>
<customized_data><id_customization><![CDATA[7]]></id_customization>
<type><![CDATA[1]]></type>
<index><![CDATA[7]]></index>
<value><![CDATA[malcolm_armstrong@rogers.com]]></value>
<id_module><![CDATA[0]]></id_module>
<price><![CDATA[0.000000]]></price>
<weight><![CDATA[0.000000]]></weight>
</customized_data>
<customized_data><id_customization><![CDATA[7]]></id_customization>
<type><![CDATA[1]]></type>
<index><![CDATA[8]]></index>
<value><![CDATA[Hello]]></value>
<id_module><![CDATA[0]]></id_module>
<price><![CDATA[0.000000]]></price>
<weight><![CDATA[0.000000]]></weight>
</customized_data>
<customized_data><id_customization><![CDATA[7]]></id_customization>
<type><![CDATA[1]]></type>
<index><![CDATA[9]]></index>
<value><![CDATA[2020-05-06]]></value>
<id_module><![CDATA[0]]></id_module>
<price><![CDATA[0.000000]]></price>
<weight><![CDATA[0.000000]]></weight>
</customized_data>
<customized_data><id_customization><![CDATA[8]]></id_customization>
<type><![CDATA[1]]></type>
<index><![CDATA[6]]></index>
<value><![CDATA[Liliane Day]]></value>
<id_module><![CDATA[0]]></id_module>
<price><![CDATA[0.000000]]></price>
<weight><![CDATA[0.000000]]></weight>
</customized_data>
<customized_data><id_customization><![CDATA[8]]></id_customization>
<type><![CDATA[1]]></type>
<index><![CDATA[7]]></index>
<value><![CDATA[liliday92@gmail.com]]></value>
<id_module><![CDATA[0]]></id_module>
<price><![CDATA[0.000000]]></price>
<weight><![CDATA[0.000000]]></weight>
</customized_data>
<customized_data><id_customization><![CDATA[8]]></id_customization>
<type><![CDATA[1]]></type>
<index><![CDATA[8]]></index>
<value><![CDATA[Happy Mother’s Day! I love you so much. Thank you for your strength, your unconditional love, and your excitement for life. Thank you for your deep appreciation for beauty, nature and the divine.  I know you will find something special here at khewa. I ca]]></value>
<id_module><![CDATA[0]]></id_module>
<price><![CDATA[0.000000]]></price>
<weight><![CDATA[0.000000]]></weight>
</customized_data>
<customized_data><id_customization><![CDATA[8]]></id_customization>
<type><![CDATA[1]]></type>
<index><![CDATA[9]]></index>
<value><![CDATA[2020-05-10]]></value>
<id_module><![CDATA[0]]></id_module>
<price><![CDATA[0.000000]]></price>
<weight><![CDATA[0.000000]]></weight>
</customized_data>
<customized_data><id_customization><![CDATA[9]]></id_customization>
<type><![CDATA[1]]></type>
<index><![CDATA[6]]></index>
<value><![CDATA[Encan CCMTGC/GCWCC Auction ]]></value>
<id_module><![CDATA[0]]></id_module>
<price><![CDATA[0.000000]]></price>
<weight><![CDATA[0.000000]]></weight>
</customized_data>
<customized_data><id_customization><![CDATA[9]]></id_customization>
<type><![CDATA[1]]></type>
<index><![CDATA[7]]></index>
<value><![CDATA[Tony.Roy@canada.ca]]></value>
<id_module><![CDATA[0]]></id_module>
<price><![CDATA[0.000000]]></price>
<weight><![CDATA[0.000000]]></weight>
</customized_data>
<customized_data><id_customization><![CDATA[9]]></id_customization>
<type><![CDATA[1]]></type>
<index><![CDATA[8]]></index>
<value><![CDATA[Merci :) ]]></value>
<id_module><![CDATA[0]]></id_module>
<price><![CDATA[0.000000]]></price>
<weight><![CDATA[0.000000]]></weight>
</customized_data>
<customized_data><id_customization><![CDATA[9]]></id_customization>
<type><![CDATA[1]]></type>
<index><![CDATA[9]]></index>
<value><![CDATA[2020-10-15]]></value>
<id_module><![CDATA[0]]></id_module>
<price><![CDATA[0.000000]]></price>
<weight><![CDATA[0.000000]]></weight>
</customized_data>
<customized_data><id_customization><![CDATA[10]]></id_customization>
<type><![CDATA[1]]></type>
<index><![CDATA[6]]></index>
<value><![CDATA[Isabelle]]></value>
<id_module><![CDATA[0]]></id_module>
<price><![CDATA[0.000000]]></price>
<weight><![CDATA[0.000000]]></weight>
</customized_data>
<customized_data><id_customization><![CDATA[10]]></id_customization>
<type><![CDATA[1]]></type>
<index><![CDATA[7]]></index>
<value><![CDATA[lazabi@sympatico.ca]]></value>
<id_module><![CDATA[0]]></id_module>
<price><![CDATA[0.000000]]></price>
<weight><![CDATA[0.000000]]></weight>
</customized_data>
<customized_data><id_customization><![CDATA[10]]></id_customization>
<type><![CDATA[1]]></type>
<index><![CDATA[8]]></index>
<value><![CDATA[test]]></value>
<id_module><![CDATA[0]]></id_module>
<price><![CDATA[0.000000]]></price>
<weight><![CDATA[0.000000]]></weight>
</customized_data>
<customized_data><id_customization><![CDATA[10]]></id_customization>
<type><![CDATA[1]]></type>
<index><![CDATA[9]]></index>
<value><![CDATA[19-11-2020]]></value>
<id_module><![CDATA[0]]></id_module>
<price><![CDATA[0.000000]]></price>
<weight><![CDATA[0.000000]]></weight>
</customized_data>
<customized_data><id_customization><![CDATA[11]]></id_customization>
<type><![CDATA[1]]></type>
<index><![CDATA[6]]></index>
<value><![CDATA[isabelle]]></value>
<id_module><![CDATA[0]]></id_module>
<price><![CDATA[0.000000]]></price>
<weight><![CDATA[0.000000]]></weight>
</customized_data>
<customized_data><id_customization><![CDATA[11]]></id_customization>
<type><![CDATA[1]]></type>
<index><![CDATA[7]]></index>
<value><![CDATA[lazabi@sympatico.ca]]></value>
<id_module><![CDATA[0]]></id_module>
<price><![CDATA[0.000000]]></price>
<weight><![CDATA[0.000000]]></weight>
</customized_data>
<customized_data><id_customization><![CDATA[11]]></id_customization>
<type><![CDATA[1]]></type>
<index><![CDATA[8]]></index>
<value><![CDATA[test]]></value>
<id_module><![CDATA[0]]></id_module>
<price><![CDATA[0.000000]]></price>
<weight><![CDATA[0.000000]]></weight>
</customized_data>
<customized_data><id_customization><![CDATA[11]]></id_customization>
<type><![CDATA[1]]></type>
<index><![CDATA[9]]></index>
<value><![CDATA[11/19/2020]]></value>
<id_module><![CDATA[0]]></id_module>
<price><![CDATA[0.000000]]></price>
<weight><![CDATA[0.000000]]></weight>
</customized_data>
<customized_data><id_customization><![CDATA[12]]></id_customization>
<type><![CDATA[1]]></type>
<index><![CDATA[6]]></index>
<value><![CDATA[isabelle]]></value>
<id_module><![CDATA[0]]></id_module>
<price><![CDATA[0.000000]]></price>
<weight><![CDATA[0.000000]]></weight>
</customized_data>
<customized_data><id_customization><![CDATA[12]]></id_customization>
<type><![CDATA[1]]></type>
<index><![CDATA[7]]></index>
<value><![CDATA[lazabi@sympatico.ca]]></value>
<id_module><![CDATA[0]]></id_module>
<price><![CDATA[0.000000]]></price>
<weight><![CDATA[0.000000]]></weight>
</customized_data>
<customized_data><id_customization><![CDATA[12]]></id_customization>
<type><![CDATA[1]]></type>
<index><![CDATA[8]]></index>
<value><![CDATA[test]]></value>
<id_module><![CDATA[0]]></id_module>
<price><![CDATA[0.000000]]></price>
<weight><![CDATA[0.000000]]></weight>
</customized_data>
<customized_data><id_customization><![CDATA[13]]></id_customization>
<type><![CDATA[1]]></type>
<index><![CDATA[6]]></index>
<value><![CDATA[gift card to myself because I'm special]]></value>
<id_module><![CDATA[0]]></id_module>
<price><![CDATA[0.000000]]></price>
<weight><![CDATA[0.000000]]></weight>
</customized_data>
<customized_data><id_customization><![CDATA[13]]></id_customization>
<type><![CDATA[1]]></type>
<index><![CDATA[7]]></index>
<value><![CDATA[malcolm_armstrong@rogers.com]]></value>
<id_module><![CDATA[0]]></id_module>
<price><![CDATA[0.000000]]></price>
<weight><![CDATA[0.000000]]></weight>
</customized_data>
<customized_data><id_customization><![CDATA[13]]></id_customization>
<type><![CDATA[1]]></type>
<index><![CDATA[8]]></index>
<value><![CDATA[test]]></value>
<id_module><![CDATA[0]]></id_module>
<price><![CDATA[0.000000]]></price>
<weight><![CDATA[0.000000]]></weight>
</customized_data>
<customized_data><id_customization><![CDATA[13]]></id_customization>
<type><![CDATA[1]]></type>
<index><![CDATA[9]]></index>
<value><![CDATA[2020-11-19]]></value>
<id_module><![CDATA[0]]></id_module>
<price><![CDATA[0.000000]]></price>
<weight><![CDATA[0.000000]]></weight>
</customized_data>
<customized_data><id_customization><![CDATA[14]]></id_customization>
<type><![CDATA[1]]></type>
<index><![CDATA[6]]></index>
<value><![CDATA[Andrea Peters]]></value>
<id_module><![CDATA[0]]></id_module>
<price><![CDATA[0.000000]]></price>
<weight><![CDATA[0.000000]]></weight>
</customized_data>
<customized_data><id_customization><![CDATA[14]]></id_customization>
<type><![CDATA[1]]></type>
<index><![CDATA[7]]></index>
<value><![CDATA[ovpeters1975@rogers.com]]></value>
<id_module><![CDATA[0]]></id_module>
<price><![CDATA[0.000000]]></price>
<weight><![CDATA[0.000000]]></weight>
</customized_data>
<customized_data><id_customization><![CDATA[14]]></id_customization>
<type><![CDATA[1]]></type>
<index><![CDATA[8]]></index>
<value><![CDATA[Happy Birthday Andrea.  Lots of love on your special day from Mom and Erin, Francesco and Eva.
Have fun shopping .....]]></value>
<id_module><![CDATA[0]]></id_module>
<price><![CDATA[0.000000]]></price>
<weight><![CDATA[0.000000]]></weight>
</customized_data>
<customized_data><id_customization><![CDATA[14]]></id_customization>
<type><![CDATA[1]]></type>
<index><![CDATA[9]]></index>
<value><![CDATA[2020-12-08]]></value>
<id_module><![CDATA[0]]></id_module>
<price><![CDATA[0.000000]]></price>
<weight><![CDATA[0.000000]]></weight>
</customized_data>
<customized_data><id_customization><![CDATA[15]]></id_customization>
<type><![CDATA[1]]></type>
<index><![CDATA[6]]></index>
<value><![CDATA[Madeleine Green]]></value>
<id_module><![CDATA[0]]></id_module>
<price><![CDATA[0.000000]]></price>
<weight><![CDATA[0.000000]]></weight>
</customized_data>
<customized_data><id_customization><![CDATA[15]]></id_customization>
<type><![CDATA[1]]></type>
<index><![CDATA[7]]></index>
<value><![CDATA[cgirard55@hotmail.com]]></value>
<id_module><![CDATA[0]]></id_module>
<price><![CDATA[0.000000]]></price>
<weight><![CDATA[0.000000]]></weight>
</customized_data>
<customized_data><id_customization><![CDATA[15]]></id_customization>
<type><![CDATA[1]]></type>
<index><![CDATA[8]]></index>
<value><![CDATA[Happy Holidays Madeleine, just a little gift to show my appreciation for all your hard work. Hopefully, you will find something to your liking. Take care and all the best in the new year.
Caroline]]></value>
<id_module><![CDATA[0]]></id_module>
<price><![CDATA[0.000000]]></price>
<weight><![CDATA[0.000000]]></weight>
</customized_data>
<customized_data><id_customization><![CDATA[15]]></id_customization>
<type><![CDATA[1]]></type>
<index><![CDATA[9]]></index>
<value><![CDATA[2020-12-17]]></value>
<id_module><![CDATA[0]]></id_module>
<price><![CDATA[0.000000]]></price>
<weight><![CDATA[0.000000]]></weight>
</customized_data>
<customized_data><id_customization><![CDATA[16]]></id_customization>
<type><![CDATA[1]]></type>
<index><![CDATA[6]]></index>
<value><![CDATA[Sarah MacRitchie]]></value>
<id_module><![CDATA[0]]></id_module>
<price><![CDATA[0.000000]]></price>
<weight><![CDATA[0.000000]]></weight>
</customized_data>
<customized_data><id_customization><![CDATA[16]]></id_customization>
<type><![CDATA[1]]></type>
<index><![CDATA[7]]></index>
<value><![CDATA[Sarah.macritchie@canada.ca]]></value>
<id_module><![CDATA[0]]></id_module>
<price><![CDATA[0.000000]]></price>
<weight><![CDATA[0.000000]]></weight>
</customized_data>
<customized_data><id_customization><![CDATA[16]]></id_customization>
<type><![CDATA[1]]></type>
<index><![CDATA[8]]></index>
<value><![CDATA[Happy Hanukak Sarah, just a little gift to show my appreciation for all your hard work. Hopefully, you will find something to your liking. Take care and all the best in the new year.
Caroline]]></value>
<id_module><![CDATA[0]]></id_module>
<price><![CDATA[0.000000]]></price>
<weight><![CDATA[0.000000]]></weight>
</customized_data>
<customized_data><id_customization><![CDATA[16]]></id_customization>
<type><![CDATA[1]]></type>
<index><![CDATA[9]]></index>
<value><![CDATA[2020-12-17]]></value>
<id_module><![CDATA[0]]></id_module>
<price><![CDATA[0.000000]]></price>
<weight><![CDATA[0.000000]]></weight>
</customized_data>
<customized_data><id_customization><![CDATA[17]]></id_customization>
<type><![CDATA[1]]></type>
<index><![CDATA[6]]></index>
<value><![CDATA[Malitsa Francois]]></value>
<id_module><![CDATA[0]]></id_module>
<price><![CDATA[0.000000]]></price>
<weight><![CDATA[0.000000]]></weight>
</customized_data>
<customized_data><id_customization><![CDATA[17]]></id_customization>
<type><![CDATA[1]]></type>
<index><![CDATA[7]]></index>
<value><![CDATA[Malitsa.francois@canada.ca]]></value>
<id_module><![CDATA[0]]></id_module>
<price><![CDATA[0.000000]]></price>
<weight><![CDATA[0.000000]]></weight>
</customized_data>
<customized_data><id_customization><![CDATA[17]]></id_customization>
<type><![CDATA[1]]></type>
<index><![CDATA[8]]></index>
<value><![CDATA[Joyeux Noel Malitsa, un petit cadeau de ma part pour tout ton travail au sein de notre équipe. Merci beaucoup et je te souhaites à toi et ta famille de merveilleuses fêtes.
Caroline ]]></value>
<id_module><![CDATA[0]]></id_module>
<price><![CDATA[0.000000]]></price>
<weight><![CDATA[0.000000]]></weight>
</customized_data>
<customized_data><id_customization><![CDATA[17]]></id_customization>
<type><![CDATA[1]]></type>
<index><![CDATA[9]]></index>
<value><![CDATA[2020-12-17]]></value>
<id_module><![CDATA[0]]></id_module>
<price><![CDATA[0.000000]]></price>
<weight><![CDATA[0.000000]]></weight>
</customized_data>
<customized_data><id_customization><![CDATA[18]]></id_customization>
<type><![CDATA[1]]></type>
<index><![CDATA[6]]></index>
<value><![CDATA[Kalven Gauthier]]></value>
<id_module><![CDATA[0]]></id_module>
<price><![CDATA[0.000000]]></price>
<weight><![CDATA[0.000000]]></weight>
</customized_data>
<customized_data><id_customization><![CDATA[18]]></id_customization>
<type><![CDATA[1]]></type>
<index><![CDATA[7]]></index>
<value><![CDATA[kalvengauthier@gmail.com]]></value>
<id_module><![CDATA[0]]></id_module>
<price><![CDATA[0.000000]]></price>
<weight><![CDATA[0.000000]]></weight>
</customized_data>
<customized_data><id_customization><![CDATA[18]]></id_customization>
<type><![CDATA[1]]></type>
<index><![CDATA[8]]></index>
<value><![CDATA[Joyeux Noel Kalven, un petit cadeau de ma part pour tout ton travail au sein de notre équipe. Merci beaucoup et je te souhaites à toi et ta famille de merveilleuses fêtes.
Caroline ]]></value>
<id_module><![CDATA[0]]></id_module>
<price><![CDATA[0.000000]]></price>
<weight><![CDATA[0.000000]]></weight>
</customized_data>
<customized_data><id_customization><![CDATA[18]]></id_customization>
<type><![CDATA[1]]></type>
<index><![CDATA[9]]></index>
<value><![CDATA[2020-12-17]]></value>
<id_module><![CDATA[0]]></id_module>
<price><![CDATA[0.000000]]></price>
<weight><![CDATA[0.000000]]></weight>
</customized_data>
<customized_data><id_customization><![CDATA[19]]></id_customization>
<type><![CDATA[1]]></type>
<index><![CDATA[6]]></index>
<value><![CDATA[John Miedema]]></value>
<id_module><![CDATA[0]]></id_module>
<price><![CDATA[0.000000]]></price>
<weight><![CDATA[0.000000]]></weight>
</customized_data>
<customized_data><id_customization><![CDATA[19]]></id_customization>
<type><![CDATA[1]]></type>
<index><![CDATA[7]]></index>
<value><![CDATA[jmiedema@bank-banque-canada.ca]]></value>
<id_module><![CDATA[0]]></id_module>
<price><![CDATA[0.000000]]></price>
<weight><![CDATA[0.000000]]></weight>
</customized_data>
<customized_data><id_customization><![CDATA[22]]></id_customization>
<type><![CDATA[1]]></type>
<index><![CDATA[6]]></index>
<value><![CDATA[John]]></value>
<id_module><![CDATA[0]]></id_module>
<price><![CDATA[0.000000]]></price>
<weight><![CDATA[0.000000]]></weight>
</customized_data>
<customized_data><id_customization><![CDATA[22]]></id_customization>
<type><![CDATA[1]]></type>
<index><![CDATA[7]]></index>
<value><![CDATA[croghan.s@hotmail.com]]></value>
<id_module><![CDATA[0]]></id_module>
<price><![CDATA[0.000000]]></price>
<weight><![CDATA[0.000000]]></weight>
</customized_data>
<customized_data><id_customization><![CDATA[22]]></id_customization>
<type><![CDATA[1]]></type>
<index><![CDATA[8]]></index>
<value><![CDATA[.]]></value>
<id_module><![CDATA[0]]></id_module>
<price><![CDATA[0.000000]]></price>
<weight><![CDATA[0.000000]]></weight>
</customized_data>
<customized_data><id_customization><![CDATA[22]]></id_customization>
<type><![CDATA[1]]></type>
<index><![CDATA[9]]></index>
<value><![CDATA[2021-01-13]]></value>
<id_module><![CDATA[0]]></id_module>
<price><![CDATA[0.000000]]></price>
<weight><![CDATA[0.000000]]></weight>
</customized_data>
</entity_profile>
