<?xml version="1.0" encoding="UTF-8"?>
<entity_profile>
<customization><id_customization><![CDATA[2]]></id_customization>
<id_product_attribute><![CDATA[5987]]></id_product_attribute>
<id_address_delivery><![CDATA[52]]></id_address_delivery>
<id_cart><![CDATA[325]]></id_cart>
<id_product><![CDATA[1280]]></id_product>
<quantity><![CDATA[1]]></quantity>
<quantity_refunded><![CDATA[0]]></quantity_refunded>
<quantity_returned><![CDATA[0]]></quantity_returned>
<in_cart><![CDATA[1]]></in_cart>
</customization>
<customization><id_customization><![CDATA[3]]></id_customization>
<id_product_attribute><![CDATA[5989]]></id_product_attribute>
<id_address_delivery><![CDATA[70]]></id_address_delivery>
<id_cart><![CDATA[332]]></id_cart>
<id_product><![CDATA[1280]]></id_product>
<quantity><![CDATA[1]]></quantity>
<quantity_refunded><![CDATA[0]]></quantity_refunded>
<quantity_returned><![CDATA[0]]></quantity_returned>
<in_cart><![CDATA[1]]></in_cart>
</customization>
<customization><id_customization><![CDATA[4]]></id_customization>
<id_product_attribute><![CDATA[5988]]></id_product_attribute>
<id_address_delivery><![CDATA[52]]></id_address_delivery>
<id_cart><![CDATA[329]]></id_cart>
<id_product><![CDATA[1280]]></id_product>
<quantity><![CDATA[1]]></quantity>
<quantity_refunded><![CDATA[0]]></quantity_refunded>
<quantity_returned><![CDATA[0]]></quantity_returned>
<in_cart><![CDATA[1]]></in_cart>
</customization>
<customization><id_customization><![CDATA[5]]></id_customization>
<id_product_attribute><![CDATA[5993]]></id_product_attribute>
<id_address_delivery><![CDATA[52]]></id_address_delivery>
<id_cart><![CDATA[329]]></id_cart>
<id_product><![CDATA[1300]]></id_product>
<quantity><![CDATA[1]]></quantity>
<quantity_refunded><![CDATA[0]]></quantity_refunded>
<quantity_returned><![CDATA[0]]></quantity_returned>
<in_cart><![CDATA[1]]></in_cart>
</customization>
<customization><id_customization><![CDATA[6]]></id_customization>
<id_product_attribute><![CDATA[5993]]></id_product_attribute>
<id_address_delivery><![CDATA[78]]></id_address_delivery>
<id_cart><![CDATA[354]]></id_cart>
<id_product><![CDATA[1300]]></id_product>
<quantity><![CDATA[1]]></quantity>
<quantity_refunded><![CDATA[0]]></quantity_refunded>
<quantity_returned><![CDATA[0]]></quantity_returned>
<in_cart><![CDATA[1]]></in_cart>
</customization>
<customization><id_customization><![CDATA[7]]></id_customization>
<id_product_attribute><![CDATA[5993]]></id_product_attribute>
<id_address_delivery><![CDATA[78]]></id_address_delivery>
<id_cart><![CDATA[363]]></id_cart>
<id_product><![CDATA[1300]]></id_product>
<quantity><![CDATA[1]]></quantity>
<quantity_refunded><![CDATA[0]]></quantity_refunded>
<quantity_returned><![CDATA[0]]></quantity_returned>
<in_cart><![CDATA[1]]></in_cart>
</customization>
<customization><id_customization><![CDATA[8]]></id_customization>
<id_product_attribute><![CDATA[6002]]></id_product_attribute>
<id_address_delivery><![CDATA[86]]></id_address_delivery>
<id_cart><![CDATA[381]]></id_cart>
<id_product><![CDATA[1300]]></id_product>
<quantity><![CDATA[1]]></quantity>
<quantity_refunded><![CDATA[0]]></quantity_refunded>
<quantity_returned><![CDATA[0]]></quantity_returned>
<in_cart><![CDATA[1]]></in_cart>
</customization>
<customization><id_customization><![CDATA[9]]></id_customization>
<id_product_attribute><![CDATA[5999]]></id_product_attribute>
<id_address_delivery><![CDATA[144]]></id_address_delivery>
<id_cart><![CDATA[1971]]></id_cart>
<id_product><![CDATA[1300]]></id_product>
<quantity><![CDATA[1]]></quantity>
<quantity_refunded><![CDATA[0]]></quantity_refunded>
<quantity_returned><![CDATA[0]]></quantity_returned>
<in_cart><![CDATA[1]]></in_cart>
</customization>
<customization><id_customization><![CDATA[10]]></id_customization>
<id_product_attribute><![CDATA[6002]]></id_product_attribute>
<id_address_delivery><![CDATA[266]]></id_address_delivery>
<id_cart><![CDATA[2713]]></id_cart>
<id_product><![CDATA[1300]]></id_product>
<quantity><![CDATA[1]]></quantity>
<quantity_refunded><![CDATA[0]]></quantity_refunded>
<quantity_returned><![CDATA[1]]></quantity_returned>
<in_cart><![CDATA[1]]></in_cart>
</customization>
<customization><id_customization><![CDATA[11]]></id_customization>
<id_product_attribute><![CDATA[6002]]></id_product_attribute>
<id_address_delivery><![CDATA[97]]></id_address_delivery>
<id_cart><![CDATA[2718]]></id_cart>
<id_product><![CDATA[1300]]></id_product>
<quantity><![CDATA[1]]></quantity>
<quantity_refunded><![CDATA[0]]></quantity_refunded>
<quantity_returned><![CDATA[0]]></quantity_returned>
<in_cart><![CDATA[1]]></in_cart>
</customization>
<customization><id_customization><![CDATA[12]]></id_customization>
<id_product_attribute><![CDATA[6002]]></id_product_attribute>
<id_address_delivery><![CDATA[97]]></id_address_delivery>
<id_cart><![CDATA[2719]]></id_cart>
<id_product><![CDATA[1300]]></id_product>
<quantity><![CDATA[1]]></quantity>
<quantity_refunded><![CDATA[0]]></quantity_refunded>
<quantity_returned><![CDATA[0]]></quantity_returned>
<in_cart><![CDATA[1]]></in_cart>
</customization>
<customization><id_customization><![CDATA[13]]></id_customization>
<id_product_attribute><![CDATA[6002]]></id_product_attribute>
<id_address_delivery><![CDATA[78]]></id_address_delivery>
<id_cart><![CDATA[2113]]></id_cart>
<id_product><![CDATA[1300]]></id_product>
<quantity><![CDATA[1]]></quantity>
<quantity_refunded><![CDATA[0]]></quantity_refunded>
<quantity_returned><![CDATA[0]]></quantity_returned>
<in_cart><![CDATA[1]]></in_cart>
</customization>
<customization><id_customization><![CDATA[14]]></id_customization>
<id_product_attribute><![CDATA[7025]]></id_product_attribute>
<id_address_delivery><![CDATA[291]]></id_address_delivery>
<id_cart><![CDATA[2846]]></id_cart>
<id_product><![CDATA[1300]]></id_product>
<quantity><![CDATA[1]]></quantity>
<quantity_refunded><![CDATA[0]]></quantity_refunded>
<quantity_returned><![CDATA[0]]></quantity_returned>
<in_cart><![CDATA[1]]></in_cart>
</customization>
<customization><id_customization><![CDATA[15]]></id_customization>
<id_product_attribute><![CDATA[7507]]></id_product_attribute>
<id_address_delivery><![CDATA[334]]></id_address_delivery>
<id_cart><![CDATA[3276]]></id_cart>
<id_product><![CDATA[1300]]></id_product>
<quantity><![CDATA[1]]></quantity>
<quantity_refunded><![CDATA[0]]></quantity_refunded>
<quantity_returned><![CDATA[0]]></quantity_returned>
<in_cart><![CDATA[1]]></in_cart>
</customization>
<customization><id_customization><![CDATA[16]]></id_customization>
<id_product_attribute><![CDATA[5999]]></id_product_attribute>
<id_address_delivery><![CDATA[334]]></id_address_delivery>
<id_cart><![CDATA[3276]]></id_cart>
<id_product><![CDATA[1300]]></id_product>
<quantity><![CDATA[1]]></quantity>
<quantity_refunded><![CDATA[0]]></quantity_refunded>
<quantity_returned><![CDATA[0]]></quantity_returned>
<in_cart><![CDATA[1]]></in_cart>
</customization>
<customization><id_customization><![CDATA[17]]></id_customization>
<id_product_attribute><![CDATA[7508]]></id_product_attribute>
<id_address_delivery><![CDATA[334]]></id_address_delivery>
<id_cart><![CDATA[3276]]></id_cart>
<id_product><![CDATA[1300]]></id_product>
<quantity><![CDATA[1]]></quantity>
<quantity_refunded><![CDATA[0]]></quantity_refunded>
<quantity_returned><![CDATA[0]]></quantity_returned>
<in_cart><![CDATA[1]]></in_cart>
</customization>
<customization><id_customization><![CDATA[18]]></id_customization>
<id_product_attribute><![CDATA[7508]]></id_product_attribute>
<id_address_delivery><![CDATA[334]]></id_address_delivery>
<id_cart><![CDATA[3276]]></id_cart>
<id_product><![CDATA[1300]]></id_product>
<quantity><![CDATA[1]]></quantity>
<quantity_refunded><![CDATA[0]]></quantity_refunded>
<quantity_returned><![CDATA[0]]></quantity_returned>
<in_cart><![CDATA[1]]></in_cart>
</customization>
<customization><id_customization><![CDATA[19]]></id_customization>
<id_product_attribute><![CDATA[6992]]></id_product_attribute>
<id_address_delivery><![CDATA[0]]></id_address_delivery>
<id_cart><![CDATA[3577]]></id_cart>
<id_product><![CDATA[1300]]></id_product>
<quantity><![CDATA[0]]></quantity>
<quantity_refunded><![CDATA[0]]></quantity_refunded>
<quantity_returned><![CDATA[0]]></quantity_returned>
<in_cart><![CDATA[0]]></in_cart>
</customization>
<customization><id_customization><![CDATA[22]]></id_customization>
<id_product_attribute><![CDATA[6992]]></id_product_attribute>
<id_address_delivery><![CDATA[361]]></id_address_delivery>
<id_cart><![CDATA[3578]]></id_cart>
<id_product><![CDATA[1300]]></id_product>
<quantity><![CDATA[1]]></quantity>
<quantity_refunded><![CDATA[0]]></quantity_refunded>
<quantity_returned><![CDATA[0]]></quantity_returned>
<in_cart><![CDATA[1]]></in_cart>
</customization>
</entity_profile>
