<?xml version="1.0" encoding="UTF-8"?>
<entity_profile>
<delivery><id_delivery><![CDATA[2032]]></id_delivery>
<id_carrier><![CDATA[185]]></id_carrier>
<id_range_price><![CDATA[]]></id_range_price>
<id_range_weight><![CDATA[201]]></id_range_weight>
<id_zone><![CDATA[10]]></id_zone>
<id_shop><![CDATA[]]></id_shop>
<id_shop_group><![CDATA[]]></id_shop_group>
<price><![CDATA[2.500000]]></price>
</delivery>
<delivery><id_delivery><![CDATA[2034]]></id_delivery>
<id_carrier><![CDATA[185]]></id_carrier>
<id_range_price><![CDATA[]]></id_range_price>
<id_range_weight><![CDATA[202]]></id_range_weight>
<id_zone><![CDATA[10]]></id_zone>
<id_shop><![CDATA[]]></id_shop>
<id_shop_group><![CDATA[]]></id_shop_group>
<price><![CDATA[4.500000]]></price>
</delivery>
<delivery><id_delivery><![CDATA[2036]]></id_delivery>
<id_carrier><![CDATA[185]]></id_carrier>
<id_range_price><![CDATA[]]></id_range_price>
<id_range_weight><![CDATA[203]]></id_range_weight>
<id_zone><![CDATA[10]]></id_zone>
<id_shop><![CDATA[]]></id_shop>
<id_shop_group><![CDATA[]]></id_shop_group>
<price><![CDATA[6.500000]]></price>
</delivery>
<delivery><id_delivery><![CDATA[2038]]></id_delivery>
<id_carrier><![CDATA[185]]></id_carrier>
<id_range_price><![CDATA[]]></id_range_price>
<id_range_weight><![CDATA[204]]></id_range_weight>
<id_zone><![CDATA[10]]></id_zone>
<id_shop><![CDATA[]]></id_shop>
<id_shop_group><![CDATA[]]></id_shop_group>
<price><![CDATA[15.000000]]></price>
</delivery>
<delivery><id_delivery><![CDATA[2040]]></id_delivery>
<id_carrier><![CDATA[186]]></id_carrier>
<id_range_price><![CDATA[]]></id_range_price>
<id_range_weight><![CDATA[205]]></id_range_weight>
<id_zone><![CDATA[10]]></id_zone>
<id_shop><![CDATA[]]></id_shop>
<id_shop_group><![CDATA[]]></id_shop_group>
<price><![CDATA[2.500000]]></price>
</delivery>
<delivery><id_delivery><![CDATA[2042]]></id_delivery>
<id_carrier><![CDATA[186]]></id_carrier>
<id_range_price><![CDATA[]]></id_range_price>
<id_range_weight><![CDATA[206]]></id_range_weight>
<id_zone><![CDATA[10]]></id_zone>
<id_shop><![CDATA[]]></id_shop>
<id_shop_group><![CDATA[]]></id_shop_group>
<price><![CDATA[4.500000]]></price>
</delivery>
<delivery><id_delivery><![CDATA[2044]]></id_delivery>
<id_carrier><![CDATA[186]]></id_carrier>
<id_range_price><![CDATA[]]></id_range_price>
<id_range_weight><![CDATA[207]]></id_range_weight>
<id_zone><![CDATA[10]]></id_zone>
<id_shop><![CDATA[]]></id_shop>
<id_shop_group><![CDATA[]]></id_shop_group>
<price><![CDATA[6.500000]]></price>
</delivery>
<delivery><id_delivery><![CDATA[2046]]></id_delivery>
<id_carrier><![CDATA[186]]></id_carrier>
<id_range_price><![CDATA[]]></id_range_price>
<id_range_weight><![CDATA[208]]></id_range_weight>
<id_zone><![CDATA[10]]></id_zone>
<id_shop><![CDATA[]]></id_shop>
<id_shop_group><![CDATA[]]></id_shop_group>
<price><![CDATA[8.500000]]></price>
</delivery>
<delivery><id_delivery><![CDATA[2048]]></id_delivery>
<id_carrier><![CDATA[187]]></id_carrier>
<id_range_price><![CDATA[]]></id_range_price>
<id_range_weight><![CDATA[209]]></id_range_weight>
<id_zone><![CDATA[10]]></id_zone>
<id_shop><![CDATA[]]></id_shop>
<id_shop_group><![CDATA[]]></id_shop_group>
<price><![CDATA[21.750000]]></price>
</delivery>
<delivery><id_delivery><![CDATA[2050]]></id_delivery>
<id_carrier><![CDATA[188]]></id_carrier>
<id_range_price><![CDATA[]]></id_range_price>
<id_range_weight><![CDATA[210]]></id_range_weight>
<id_zone><![CDATA[10]]></id_zone>
<id_shop><![CDATA[]]></id_shop>
<id_shop_group><![CDATA[]]></id_shop_group>
<price><![CDATA[14.790000]]></price>
</delivery>
<delivery><id_delivery><![CDATA[2052]]></id_delivery>
<id_carrier><![CDATA[189]]></id_carrier>
<id_range_price><![CDATA[]]></id_range_price>
<id_range_weight><![CDATA[211]]></id_range_weight>
<id_zone><![CDATA[10]]></id_zone>
<id_shop><![CDATA[]]></id_shop>
<id_shop_group><![CDATA[]]></id_shop_group>
<price><![CDATA[14.790000]]></price>
</delivery>
<delivery><id_delivery><![CDATA[2054]]></id_delivery>
<id_carrier><![CDATA[190]]></id_carrier>
<id_range_price><![CDATA[]]></id_range_price>
<id_range_weight><![CDATA[212]]></id_range_weight>
<id_zone><![CDATA[10]]></id_zone>
<id_shop><![CDATA[]]></id_shop>
<id_shop_group><![CDATA[]]></id_shop_group>
<price><![CDATA[17.000000]]></price>
</delivery>
<delivery><id_delivery><![CDATA[2056]]></id_delivery>
<id_carrier><![CDATA[191]]></id_carrier>
<id_range_price><![CDATA[]]></id_range_price>
<id_range_weight><![CDATA[213]]></id_range_weight>
<id_zone><![CDATA[10]]></id_zone>
<id_shop><![CDATA[]]></id_shop>
<id_shop_group><![CDATA[]]></id_shop_group>
<price><![CDATA[15.500000]]></price>
</delivery>
<delivery><id_delivery><![CDATA[2058]]></id_delivery>
<id_carrier><![CDATA[192]]></id_carrier>
<id_range_price><![CDATA[]]></id_range_price>
<id_range_weight><![CDATA[214]]></id_range_weight>
<id_zone><![CDATA[10]]></id_zone>
<id_shop><![CDATA[]]></id_shop>
<id_shop_group><![CDATA[]]></id_shop_group>
<price><![CDATA[14.790000]]></price>
</delivery>
<delivery><id_delivery><![CDATA[2060]]></id_delivery>
<id_carrier><![CDATA[193]]></id_carrier>
<id_range_price><![CDATA[]]></id_range_price>
<id_range_weight><![CDATA[215]]></id_range_weight>
<id_zone><![CDATA[10]]></id_zone>
<id_shop><![CDATA[]]></id_shop>
<id_shop_group><![CDATA[]]></id_shop_group>
<price><![CDATA[1.500000]]></price>
</delivery>
<delivery><id_delivery><![CDATA[2062]]></id_delivery>
<id_carrier><![CDATA[194]]></id_carrier>
<id_range_price><![CDATA[]]></id_range_price>
<id_range_weight><![CDATA[216]]></id_range_weight>
<id_zone><![CDATA[10]]></id_zone>
<id_shop><![CDATA[]]></id_shop>
<id_shop_group><![CDATA[]]></id_shop_group>
<price><![CDATA[2.500000]]></price>
</delivery>
<delivery><id_delivery><![CDATA[2064]]></id_delivery>
<id_carrier><![CDATA[194]]></id_carrier>
<id_range_price><![CDATA[]]></id_range_price>
<id_range_weight><![CDATA[217]]></id_range_weight>
<id_zone><![CDATA[10]]></id_zone>
<id_shop><![CDATA[]]></id_shop>
<id_shop_group><![CDATA[]]></id_shop_group>
<price><![CDATA[4.500000]]></price>
</delivery>
<delivery><id_delivery><![CDATA[2066]]></id_delivery>
<id_carrier><![CDATA[194]]></id_carrier>
<id_range_price><![CDATA[]]></id_range_price>
<id_range_weight><![CDATA[218]]></id_range_weight>
<id_zone><![CDATA[10]]></id_zone>
<id_shop><![CDATA[]]></id_shop>
<id_shop_group><![CDATA[]]></id_shop_group>
<price><![CDATA[6.500000]]></price>
</delivery>
<delivery><id_delivery><![CDATA[2068]]></id_delivery>
<id_carrier><![CDATA[194]]></id_carrier>
<id_range_price><![CDATA[]]></id_range_price>
<id_range_weight><![CDATA[219]]></id_range_weight>
<id_zone><![CDATA[10]]></id_zone>
<id_shop><![CDATA[]]></id_shop>
<id_shop_group><![CDATA[]]></id_shop_group>
<price><![CDATA[15.000000]]></price>
</delivery>
<delivery><id_delivery><![CDATA[2070]]></id_delivery>
<id_carrier><![CDATA[195]]></id_carrier>
<id_range_price><![CDATA[]]></id_range_price>
<id_range_weight><![CDATA[220]]></id_range_weight>
<id_zone><![CDATA[10]]></id_zone>
<id_shop><![CDATA[]]></id_shop>
<id_shop_group><![CDATA[]]></id_shop_group>
<price><![CDATA[2.500000]]></price>
</delivery>
<delivery><id_delivery><![CDATA[2072]]></id_delivery>
<id_carrier><![CDATA[195]]></id_carrier>
<id_range_price><![CDATA[]]></id_range_price>
<id_range_weight><![CDATA[221]]></id_range_weight>
<id_zone><![CDATA[10]]></id_zone>
<id_shop><![CDATA[]]></id_shop>
<id_shop_group><![CDATA[]]></id_shop_group>
<price><![CDATA[4.500000]]></price>
</delivery>
<delivery><id_delivery><![CDATA[2074]]></id_delivery>
<id_carrier><![CDATA[195]]></id_carrier>
<id_range_price><![CDATA[]]></id_range_price>
<id_range_weight><![CDATA[222]]></id_range_weight>
<id_zone><![CDATA[10]]></id_zone>
<id_shop><![CDATA[]]></id_shop>
<id_shop_group><![CDATA[]]></id_shop_group>
<price><![CDATA[6.500000]]></price>
</delivery>
<delivery><id_delivery><![CDATA[2076]]></id_delivery>
<id_carrier><![CDATA[195]]></id_carrier>
<id_range_price><![CDATA[]]></id_range_price>
<id_range_weight><![CDATA[223]]></id_range_weight>
<id_zone><![CDATA[10]]></id_zone>
<id_shop><![CDATA[]]></id_shop>
<id_shop_group><![CDATA[]]></id_shop_group>
<price><![CDATA[15.000000]]></price>
</delivery>
<delivery><id_delivery><![CDATA[2078]]></id_delivery>
<id_carrier><![CDATA[196]]></id_carrier>
<id_range_price><![CDATA[]]></id_range_price>
<id_range_weight><![CDATA[224]]></id_range_weight>
<id_zone><![CDATA[10]]></id_zone>
<id_shop><![CDATA[]]></id_shop>
<id_shop_group><![CDATA[]]></id_shop_group>
<price><![CDATA[1.500000]]></price>
</delivery>
<delivery><id_delivery><![CDATA[2080]]></id_delivery>
<id_carrier><![CDATA[197]]></id_carrier>
<id_range_price><![CDATA[]]></id_range_price>
<id_range_weight><![CDATA[225]]></id_range_weight>
<id_zone><![CDATA[10]]></id_zone>
<id_shop><![CDATA[]]></id_shop>
<id_shop_group><![CDATA[]]></id_shop_group>
<price><![CDATA[1.500000]]></price>
</delivery>
<delivery><id_delivery><![CDATA[2082]]></id_delivery>
<id_carrier><![CDATA[198]]></id_carrier>
<id_range_price><![CDATA[]]></id_range_price>
<id_range_weight><![CDATA[226]]></id_range_weight>
<id_zone><![CDATA[10]]></id_zone>
<id_shop><![CDATA[]]></id_shop>
<id_shop_group><![CDATA[]]></id_shop_group>
<price><![CDATA[2.500000]]></price>
</delivery>
<delivery><id_delivery><![CDATA[2084]]></id_delivery>
<id_carrier><![CDATA[198]]></id_carrier>
<id_range_price><![CDATA[]]></id_range_price>
<id_range_weight><![CDATA[227]]></id_range_weight>
<id_zone><![CDATA[10]]></id_zone>
<id_shop><![CDATA[]]></id_shop>
<id_shop_group><![CDATA[]]></id_shop_group>
<price><![CDATA[4.500000]]></price>
</delivery>
<delivery><id_delivery><![CDATA[2086]]></id_delivery>
<id_carrier><![CDATA[198]]></id_carrier>
<id_range_price><![CDATA[]]></id_range_price>
<id_range_weight><![CDATA[228]]></id_range_weight>
<id_zone><![CDATA[10]]></id_zone>
<id_shop><![CDATA[]]></id_shop>
<id_shop_group><![CDATA[]]></id_shop_group>
<price><![CDATA[6.500000]]></price>
</delivery>
<delivery><id_delivery><![CDATA[2088]]></id_delivery>
<id_carrier><![CDATA[198]]></id_carrier>
<id_range_price><![CDATA[]]></id_range_price>
<id_range_weight><![CDATA[229]]></id_range_weight>
<id_zone><![CDATA[10]]></id_zone>
<id_shop><![CDATA[]]></id_shop>
<id_shop_group><![CDATA[]]></id_shop_group>
<price><![CDATA[15.000000]]></price>
</delivery>
<delivery><id_delivery><![CDATA[2090]]></id_delivery>
<id_carrier><![CDATA[199]]></id_carrier>
<id_range_price><![CDATA[]]></id_range_price>
<id_range_weight><![CDATA[230]]></id_range_weight>
<id_zone><![CDATA[10]]></id_zone>
<id_shop><![CDATA[]]></id_shop>
<id_shop_group><![CDATA[]]></id_shop_group>
<price><![CDATA[2.500000]]></price>
</delivery>
<delivery><id_delivery><![CDATA[2092]]></id_delivery>
<id_carrier><![CDATA[199]]></id_carrier>
<id_range_price><![CDATA[]]></id_range_price>
<id_range_weight><![CDATA[231]]></id_range_weight>
<id_zone><![CDATA[10]]></id_zone>
<id_shop><![CDATA[]]></id_shop>
<id_shop_group><![CDATA[]]></id_shop_group>
<price><![CDATA[4.500000]]></price>
</delivery>
<delivery><id_delivery><![CDATA[2094]]></id_delivery>
<id_carrier><![CDATA[199]]></id_carrier>
<id_range_price><![CDATA[]]></id_range_price>
<id_range_weight><![CDATA[232]]></id_range_weight>
<id_zone><![CDATA[10]]></id_zone>
<id_shop><![CDATA[]]></id_shop>
<id_shop_group><![CDATA[]]></id_shop_group>
<price><![CDATA[6.500000]]></price>
</delivery>
<delivery><id_delivery><![CDATA[2096]]></id_delivery>
<id_carrier><![CDATA[199]]></id_carrier>
<id_range_price><![CDATA[]]></id_range_price>
<id_range_weight><![CDATA[233]]></id_range_weight>
<id_zone><![CDATA[10]]></id_zone>
<id_shop><![CDATA[]]></id_shop>
<id_shop_group><![CDATA[]]></id_shop_group>
<price><![CDATA[15.000000]]></price>
</delivery>
<delivery><id_delivery><![CDATA[2098]]></id_delivery>
<id_carrier><![CDATA[199]]></id_carrier>
<id_range_price><![CDATA[]]></id_range_price>
<id_range_weight><![CDATA[234]]></id_range_weight>
<id_zone><![CDATA[10]]></id_zone>
<id_shop><![CDATA[]]></id_shop>
<id_shop_group><![CDATA[]]></id_shop_group>
<price><![CDATA[20.000000]]></price>
</delivery>
<delivery><id_delivery><![CDATA[2100]]></id_delivery>
<id_carrier><![CDATA[199]]></id_carrier>
<id_range_price><![CDATA[]]></id_range_price>
<id_range_weight><![CDATA[235]]></id_range_weight>
<id_zone><![CDATA[10]]></id_zone>
<id_shop><![CDATA[]]></id_shop>
<id_shop_group><![CDATA[]]></id_shop_group>
<price><![CDATA[25.000000]]></price>
</delivery>
<delivery><id_delivery><![CDATA[2102]]></id_delivery>
<id_carrier><![CDATA[200]]></id_carrier>
<id_range_price><![CDATA[]]></id_range_price>
<id_range_weight><![CDATA[236]]></id_range_weight>
<id_zone><![CDATA[10]]></id_zone>
<id_shop><![CDATA[]]></id_shop>
<id_shop_group><![CDATA[]]></id_shop_group>
<price><![CDATA[2.500000]]></price>
</delivery>
<delivery><id_delivery><![CDATA[2104]]></id_delivery>
<id_carrier><![CDATA[200]]></id_carrier>
<id_range_price><![CDATA[]]></id_range_price>
<id_range_weight><![CDATA[237]]></id_range_weight>
<id_zone><![CDATA[10]]></id_zone>
<id_shop><![CDATA[]]></id_shop>
<id_shop_group><![CDATA[]]></id_shop_group>
<price><![CDATA[4.500000]]></price>
</delivery>
<delivery><id_delivery><![CDATA[2106]]></id_delivery>
<id_carrier><![CDATA[200]]></id_carrier>
<id_range_price><![CDATA[]]></id_range_price>
<id_range_weight><![CDATA[238]]></id_range_weight>
<id_zone><![CDATA[10]]></id_zone>
<id_shop><![CDATA[]]></id_shop>
<id_shop_group><![CDATA[]]></id_shop_group>
<price><![CDATA[6.500000]]></price>
</delivery>
<delivery><id_delivery><![CDATA[2108]]></id_delivery>
<id_carrier><![CDATA[200]]></id_carrier>
<id_range_price><![CDATA[]]></id_range_price>
<id_range_weight><![CDATA[239]]></id_range_weight>
<id_zone><![CDATA[10]]></id_zone>
<id_shop><![CDATA[]]></id_shop>
<id_shop_group><![CDATA[]]></id_shop_group>
<price><![CDATA[15.000000]]></price>
</delivery>
<delivery><id_delivery><![CDATA[2110]]></id_delivery>
<id_carrier><![CDATA[200]]></id_carrier>
<id_range_price><![CDATA[]]></id_range_price>
<id_range_weight><![CDATA[240]]></id_range_weight>
<id_zone><![CDATA[10]]></id_zone>
<id_shop><![CDATA[]]></id_shop>
<id_shop_group><![CDATA[]]></id_shop_group>
<price><![CDATA[20.000000]]></price>
</delivery>
<delivery><id_delivery><![CDATA[2112]]></id_delivery>
<id_carrier><![CDATA[200]]></id_carrier>
<id_range_price><![CDATA[]]></id_range_price>
<id_range_weight><![CDATA[241]]></id_range_weight>
<id_zone><![CDATA[10]]></id_zone>
<id_shop><![CDATA[]]></id_shop>
<id_shop_group><![CDATA[]]></id_shop_group>
<price><![CDATA[25.000000]]></price>
</delivery>
<delivery><id_delivery><![CDATA[2114]]></id_delivery>
<id_carrier><![CDATA[201]]></id_carrier>
<id_range_price><![CDATA[]]></id_range_price>
<id_range_weight><![CDATA[242]]></id_range_weight>
<id_zone><![CDATA[10]]></id_zone>
<id_shop><![CDATA[]]></id_shop>
<id_shop_group><![CDATA[]]></id_shop_group>
<price><![CDATA[2.500000]]></price>
</delivery>
<delivery><id_delivery><![CDATA[2116]]></id_delivery>
<id_carrier><![CDATA[201]]></id_carrier>
<id_range_price><![CDATA[]]></id_range_price>
<id_range_weight><![CDATA[243]]></id_range_weight>
<id_zone><![CDATA[10]]></id_zone>
<id_shop><![CDATA[]]></id_shop>
<id_shop_group><![CDATA[]]></id_shop_group>
<price><![CDATA[4.500000]]></price>
</delivery>
<delivery><id_delivery><![CDATA[2118]]></id_delivery>
<id_carrier><![CDATA[201]]></id_carrier>
<id_range_price><![CDATA[]]></id_range_price>
<id_range_weight><![CDATA[244]]></id_range_weight>
<id_zone><![CDATA[10]]></id_zone>
<id_shop><![CDATA[]]></id_shop>
<id_shop_group><![CDATA[]]></id_shop_group>
<price><![CDATA[6.500000]]></price>
</delivery>
<delivery><id_delivery><![CDATA[2120]]></id_delivery>
<id_carrier><![CDATA[201]]></id_carrier>
<id_range_price><![CDATA[]]></id_range_price>
<id_range_weight><![CDATA[245]]></id_range_weight>
<id_zone><![CDATA[10]]></id_zone>
<id_shop><![CDATA[]]></id_shop>
<id_shop_group><![CDATA[]]></id_shop_group>
<price><![CDATA[15.000000]]></price>
</delivery>
<delivery><id_delivery><![CDATA[2122]]></id_delivery>
<id_carrier><![CDATA[201]]></id_carrier>
<id_range_price><![CDATA[]]></id_range_price>
<id_range_weight><![CDATA[246]]></id_range_weight>
<id_zone><![CDATA[10]]></id_zone>
<id_shop><![CDATA[]]></id_shop>
<id_shop_group><![CDATA[]]></id_shop_group>
<price><![CDATA[20.000000]]></price>
</delivery>
<delivery><id_delivery><![CDATA[2124]]></id_delivery>
<id_carrier><![CDATA[201]]></id_carrier>
<id_range_price><![CDATA[]]></id_range_price>
<id_range_weight><![CDATA[247]]></id_range_weight>
<id_zone><![CDATA[10]]></id_zone>
<id_shop><![CDATA[]]></id_shop>
<id_shop_group><![CDATA[]]></id_shop_group>
<price><![CDATA[25.000000]]></price>
</delivery>
<delivery><id_delivery><![CDATA[2126]]></id_delivery>
<id_carrier><![CDATA[201]]></id_carrier>
<id_range_price><![CDATA[]]></id_range_price>
<id_range_weight><![CDATA[248]]></id_range_weight>
<id_zone><![CDATA[10]]></id_zone>
<id_shop><![CDATA[]]></id_shop>
<id_shop_group><![CDATA[]]></id_shop_group>
<price><![CDATA[30.000000]]></price>
</delivery>
<delivery><id_delivery><![CDATA[2128]]></id_delivery>
<id_carrier><![CDATA[202]]></id_carrier>
<id_range_price><![CDATA[]]></id_range_price>
<id_range_weight><![CDATA[249]]></id_range_weight>
<id_zone><![CDATA[10]]></id_zone>
<id_shop><![CDATA[]]></id_shop>
<id_shop_group><![CDATA[]]></id_shop_group>
<price><![CDATA[2.500000]]></price>
</delivery>
<delivery><id_delivery><![CDATA[2130]]></id_delivery>
<id_carrier><![CDATA[202]]></id_carrier>
<id_range_price><![CDATA[]]></id_range_price>
<id_range_weight><![CDATA[250]]></id_range_weight>
<id_zone><![CDATA[10]]></id_zone>
<id_shop><![CDATA[]]></id_shop>
<id_shop_group><![CDATA[]]></id_shop_group>
<price><![CDATA[4.500000]]></price>
</delivery>
<delivery><id_delivery><![CDATA[2132]]></id_delivery>
<id_carrier><![CDATA[202]]></id_carrier>
<id_range_price><![CDATA[]]></id_range_price>
<id_range_weight><![CDATA[251]]></id_range_weight>
<id_zone><![CDATA[10]]></id_zone>
<id_shop><![CDATA[]]></id_shop>
<id_shop_group><![CDATA[]]></id_shop_group>
<price><![CDATA[6.500000]]></price>
</delivery>
<delivery><id_delivery><![CDATA[2134]]></id_delivery>
<id_carrier><![CDATA[202]]></id_carrier>
<id_range_price><![CDATA[]]></id_range_price>
<id_range_weight><![CDATA[252]]></id_range_weight>
<id_zone><![CDATA[10]]></id_zone>
<id_shop><![CDATA[]]></id_shop>
<id_shop_group><![CDATA[]]></id_shop_group>
<price><![CDATA[15.000000]]></price>
</delivery>
<delivery><id_delivery><![CDATA[2136]]></id_delivery>
<id_carrier><![CDATA[202]]></id_carrier>
<id_range_price><![CDATA[]]></id_range_price>
<id_range_weight><![CDATA[253]]></id_range_weight>
<id_zone><![CDATA[10]]></id_zone>
<id_shop><![CDATA[]]></id_shop>
<id_shop_group><![CDATA[]]></id_shop_group>
<price><![CDATA[25.000000]]></price>
</delivery>
<delivery><id_delivery><![CDATA[2138]]></id_delivery>
<id_carrier><![CDATA[202]]></id_carrier>
<id_range_price><![CDATA[]]></id_range_price>
<id_range_weight><![CDATA[254]]></id_range_weight>
<id_zone><![CDATA[10]]></id_zone>
<id_shop><![CDATA[]]></id_shop>
<id_shop_group><![CDATA[]]></id_shop_group>
<price><![CDATA[30.000000]]></price>
</delivery>
<delivery><id_delivery><![CDATA[2140]]></id_delivery>
<id_carrier><![CDATA[203]]></id_carrier>
<id_range_price><![CDATA[]]></id_range_price>
<id_range_weight><![CDATA[255]]></id_range_weight>
<id_zone><![CDATA[10]]></id_zone>
<id_shop><![CDATA[]]></id_shop>
<id_shop_group><![CDATA[]]></id_shop_group>
<price><![CDATA[1.500000]]></price>
</delivery>
<delivery><id_delivery><![CDATA[2142]]></id_delivery>
<id_carrier><![CDATA[204]]></id_carrier>
<id_range_price><![CDATA[]]></id_range_price>
<id_range_weight><![CDATA[256]]></id_range_weight>
<id_zone><![CDATA[10]]></id_zone>
<id_shop><![CDATA[]]></id_shop>
<id_shop_group><![CDATA[]]></id_shop_group>
<price><![CDATA[2.500000]]></price>
</delivery>
<delivery><id_delivery><![CDATA[2144]]></id_delivery>
<id_carrier><![CDATA[204]]></id_carrier>
<id_range_price><![CDATA[]]></id_range_price>
<id_range_weight><![CDATA[257]]></id_range_weight>
<id_zone><![CDATA[10]]></id_zone>
<id_shop><![CDATA[]]></id_shop>
<id_shop_group><![CDATA[]]></id_shop_group>
<price><![CDATA[4.500000]]></price>
</delivery>
<delivery><id_delivery><![CDATA[2146]]></id_delivery>
<id_carrier><![CDATA[204]]></id_carrier>
<id_range_price><![CDATA[]]></id_range_price>
<id_range_weight><![CDATA[258]]></id_range_weight>
<id_zone><![CDATA[10]]></id_zone>
<id_shop><![CDATA[]]></id_shop>
<id_shop_group><![CDATA[]]></id_shop_group>
<price><![CDATA[6.500000]]></price>
</delivery>
<delivery><id_delivery><![CDATA[2148]]></id_delivery>
<id_carrier><![CDATA[204]]></id_carrier>
<id_range_price><![CDATA[]]></id_range_price>
<id_range_weight><![CDATA[259]]></id_range_weight>
<id_zone><![CDATA[10]]></id_zone>
<id_shop><![CDATA[]]></id_shop>
<id_shop_group><![CDATA[]]></id_shop_group>
<price><![CDATA[12.500000]]></price>
</delivery>
<delivery><id_delivery><![CDATA[2150]]></id_delivery>
<id_carrier><![CDATA[204]]></id_carrier>
<id_range_price><![CDATA[]]></id_range_price>
<id_range_weight><![CDATA[260]]></id_range_weight>
<id_zone><![CDATA[10]]></id_zone>
<id_shop><![CDATA[]]></id_shop>
<id_shop_group><![CDATA[]]></id_shop_group>
<price><![CDATA[25.000000]]></price>
</delivery>
<delivery><id_delivery><![CDATA[2152]]></id_delivery>
<id_carrier><![CDATA[204]]></id_carrier>
<id_range_price><![CDATA[]]></id_range_price>
<id_range_weight><![CDATA[261]]></id_range_weight>
<id_zone><![CDATA[10]]></id_zone>
<id_shop><![CDATA[]]></id_shop>
<id_shop_group><![CDATA[]]></id_shop_group>
<price><![CDATA[30.000000]]></price>
</delivery>
<delivery><id_delivery><![CDATA[2154]]></id_delivery>
<id_carrier><![CDATA[205]]></id_carrier>
<id_range_price><![CDATA[]]></id_range_price>
<id_range_weight><![CDATA[262]]></id_range_weight>
<id_zone><![CDATA[10]]></id_zone>
<id_shop><![CDATA[]]></id_shop>
<id_shop_group><![CDATA[]]></id_shop_group>
<price><![CDATA[2.500000]]></price>
</delivery>
<delivery><id_delivery><![CDATA[2156]]></id_delivery>
<id_carrier><![CDATA[205]]></id_carrier>
<id_range_price><![CDATA[]]></id_range_price>
<id_range_weight><![CDATA[263]]></id_range_weight>
<id_zone><![CDATA[10]]></id_zone>
<id_shop><![CDATA[]]></id_shop>
<id_shop_group><![CDATA[]]></id_shop_group>
<price><![CDATA[4.500000]]></price>
</delivery>
<delivery><id_delivery><![CDATA[2158]]></id_delivery>
<id_carrier><![CDATA[205]]></id_carrier>
<id_range_price><![CDATA[]]></id_range_price>
<id_range_weight><![CDATA[264]]></id_range_weight>
<id_zone><![CDATA[10]]></id_zone>
<id_shop><![CDATA[]]></id_shop>
<id_shop_group><![CDATA[]]></id_shop_group>
<price><![CDATA[6.500000]]></price>
</delivery>
<delivery><id_delivery><![CDATA[2160]]></id_delivery>
<id_carrier><![CDATA[205]]></id_carrier>
<id_range_price><![CDATA[]]></id_range_price>
<id_range_weight><![CDATA[265]]></id_range_weight>
<id_zone><![CDATA[10]]></id_zone>
<id_shop><![CDATA[]]></id_shop>
<id_shop_group><![CDATA[]]></id_shop_group>
<price><![CDATA[12.500000]]></price>
</delivery>
<delivery><id_delivery><![CDATA[2162]]></id_delivery>
<id_carrier><![CDATA[205]]></id_carrier>
<id_range_price><![CDATA[]]></id_range_price>
<id_range_weight><![CDATA[266]]></id_range_weight>
<id_zone><![CDATA[10]]></id_zone>
<id_shop><![CDATA[]]></id_shop>
<id_shop_group><![CDATA[]]></id_shop_group>
<price><![CDATA[20.000000]]></price>
</delivery>
<delivery><id_delivery><![CDATA[2164]]></id_delivery>
<id_carrier><![CDATA[205]]></id_carrier>
<id_range_price><![CDATA[]]></id_range_price>
<id_range_weight><![CDATA[267]]></id_range_weight>
<id_zone><![CDATA[10]]></id_zone>
<id_shop><![CDATA[]]></id_shop>
<id_shop_group><![CDATA[]]></id_shop_group>
<price><![CDATA[25.000000]]></price>
</delivery>
<delivery><id_delivery><![CDATA[2166]]></id_delivery>
<id_carrier><![CDATA[206]]></id_carrier>
<id_range_price><![CDATA[]]></id_range_price>
<id_range_weight><![CDATA[268]]></id_range_weight>
<id_zone><![CDATA[10]]></id_zone>
<id_shop><![CDATA[]]></id_shop>
<id_shop_group><![CDATA[]]></id_shop_group>
<price><![CDATA[2.500000]]></price>
</delivery>
<delivery><id_delivery><![CDATA[2168]]></id_delivery>
<id_carrier><![CDATA[206]]></id_carrier>
<id_range_price><![CDATA[]]></id_range_price>
<id_range_weight><![CDATA[269]]></id_range_weight>
<id_zone><![CDATA[10]]></id_zone>
<id_shop><![CDATA[]]></id_shop>
<id_shop_group><![CDATA[]]></id_shop_group>
<price><![CDATA[4.500000]]></price>
</delivery>
<delivery><id_delivery><![CDATA[2170]]></id_delivery>
<id_carrier><![CDATA[206]]></id_carrier>
<id_range_price><![CDATA[]]></id_range_price>
<id_range_weight><![CDATA[270]]></id_range_weight>
<id_zone><![CDATA[10]]></id_zone>
<id_shop><![CDATA[]]></id_shop>
<id_shop_group><![CDATA[]]></id_shop_group>
<price><![CDATA[6.500000]]></price>
</delivery>
<delivery><id_delivery><![CDATA[2172]]></id_delivery>
<id_carrier><![CDATA[206]]></id_carrier>
<id_range_price><![CDATA[]]></id_range_price>
<id_range_weight><![CDATA[271]]></id_range_weight>
<id_zone><![CDATA[10]]></id_zone>
<id_shop><![CDATA[]]></id_shop>
<id_shop_group><![CDATA[]]></id_shop_group>
<price><![CDATA[12.500000]]></price>
</delivery>
<delivery><id_delivery><![CDATA[2174]]></id_delivery>
<id_carrier><![CDATA[206]]></id_carrier>
<id_range_price><![CDATA[]]></id_range_price>
<id_range_weight><![CDATA[272]]></id_range_weight>
<id_zone><![CDATA[10]]></id_zone>
<id_shop><![CDATA[]]></id_shop>
<id_shop_group><![CDATA[]]></id_shop_group>
<price><![CDATA[20.000000]]></price>
</delivery>
<delivery><id_delivery><![CDATA[2176]]></id_delivery>
<id_carrier><![CDATA[206]]></id_carrier>
<id_range_price><![CDATA[]]></id_range_price>
<id_range_weight><![CDATA[273]]></id_range_weight>
<id_zone><![CDATA[10]]></id_zone>
<id_shop><![CDATA[]]></id_shop>
<id_shop_group><![CDATA[]]></id_shop_group>
<price><![CDATA[25.000000]]></price>
</delivery>
<delivery><id_delivery><![CDATA[2178]]></id_delivery>
<id_carrier><![CDATA[207]]></id_carrier>
<id_range_price><![CDATA[]]></id_range_price>
<id_range_weight><![CDATA[274]]></id_range_weight>
<id_zone><![CDATA[10]]></id_zone>
<id_shop><![CDATA[]]></id_shop>
<id_shop_group><![CDATA[]]></id_shop_group>
<price><![CDATA[2.500000]]></price>
</delivery>
<delivery><id_delivery><![CDATA[2180]]></id_delivery>
<id_carrier><![CDATA[207]]></id_carrier>
<id_range_price><![CDATA[]]></id_range_price>
<id_range_weight><![CDATA[275]]></id_range_weight>
<id_zone><![CDATA[10]]></id_zone>
<id_shop><![CDATA[]]></id_shop>
<id_shop_group><![CDATA[]]></id_shop_group>
<price><![CDATA[4.500000]]></price>
</delivery>
<delivery><id_delivery><![CDATA[2182]]></id_delivery>
<id_carrier><![CDATA[207]]></id_carrier>
<id_range_price><![CDATA[]]></id_range_price>
<id_range_weight><![CDATA[276]]></id_range_weight>
<id_zone><![CDATA[10]]></id_zone>
<id_shop><![CDATA[]]></id_shop>
<id_shop_group><![CDATA[]]></id_shop_group>
<price><![CDATA[6.500000]]></price>
</delivery>
<delivery><id_delivery><![CDATA[2184]]></id_delivery>
<id_carrier><![CDATA[207]]></id_carrier>
<id_range_price><![CDATA[]]></id_range_price>
<id_range_weight><![CDATA[277]]></id_range_weight>
<id_zone><![CDATA[10]]></id_zone>
<id_shop><![CDATA[]]></id_shop>
<id_shop_group><![CDATA[]]></id_shop_group>
<price><![CDATA[12.500000]]></price>
</delivery>
<delivery><id_delivery><![CDATA[2186]]></id_delivery>
<id_carrier><![CDATA[207]]></id_carrier>
<id_range_price><![CDATA[]]></id_range_price>
<id_range_weight><![CDATA[278]]></id_range_weight>
<id_zone><![CDATA[10]]></id_zone>
<id_shop><![CDATA[]]></id_shop>
<id_shop_group><![CDATA[]]></id_shop_group>
<price><![CDATA[20.000000]]></price>
</delivery>
<delivery><id_delivery><![CDATA[2188]]></id_delivery>
<id_carrier><![CDATA[207]]></id_carrier>
<id_range_price><![CDATA[]]></id_range_price>
<id_range_weight><![CDATA[279]]></id_range_weight>
<id_zone><![CDATA[10]]></id_zone>
<id_shop><![CDATA[]]></id_shop>
<id_shop_group><![CDATA[]]></id_shop_group>
<price><![CDATA[25.000000]]></price>
</delivery>
<delivery><id_delivery><![CDATA[2190]]></id_delivery>
<id_carrier><![CDATA[208]]></id_carrier>
<id_range_price><![CDATA[]]></id_range_price>
<id_range_weight><![CDATA[280]]></id_range_weight>
<id_zone><![CDATA[10]]></id_zone>
<id_shop><![CDATA[]]></id_shop>
<id_shop_group><![CDATA[]]></id_shop_group>
<price><![CDATA[25.000000]]></price>
</delivery>
<delivery><id_delivery><![CDATA[2192]]></id_delivery>
<id_carrier><![CDATA[208]]></id_carrier>
<id_range_price><![CDATA[]]></id_range_price>
<id_range_weight><![CDATA[281]]></id_range_weight>
<id_zone><![CDATA[10]]></id_zone>
<id_shop><![CDATA[]]></id_shop>
<id_shop_group><![CDATA[]]></id_shop_group>
<price><![CDATA[30.000000]]></price>
</delivery>
<delivery><id_delivery><![CDATA[2194]]></id_delivery>
<id_carrier><![CDATA[209]]></id_carrier>
<id_range_price><![CDATA[]]></id_range_price>
<id_range_weight><![CDATA[282]]></id_range_weight>
<id_zone><![CDATA[10]]></id_zone>
<id_shop><![CDATA[]]></id_shop>
<id_shop_group><![CDATA[]]></id_shop_group>
<price><![CDATA[30.000000]]></price>
</delivery>
<delivery><id_delivery><![CDATA[2196]]></id_delivery>
<id_carrier><![CDATA[209]]></id_carrier>
<id_range_price><![CDATA[]]></id_range_price>
<id_range_weight><![CDATA[283]]></id_range_weight>
<id_zone><![CDATA[10]]></id_zone>
<id_shop><![CDATA[]]></id_shop>
<id_shop_group><![CDATA[]]></id_shop_group>
<price><![CDATA[35.000000]]></price>
</delivery>
<delivery><id_delivery><![CDATA[2198]]></id_delivery>
<id_carrier><![CDATA[210]]></id_carrier>
<id_range_price><![CDATA[]]></id_range_price>
<id_range_weight><![CDATA[284]]></id_range_weight>
<id_zone><![CDATA[10]]></id_zone>
<id_shop><![CDATA[]]></id_shop>
<id_shop_group><![CDATA[]]></id_shop_group>
<price><![CDATA[30.000000]]></price>
</delivery>
<delivery><id_delivery><![CDATA[2200]]></id_delivery>
<id_carrier><![CDATA[210]]></id_carrier>
<id_range_price><![CDATA[]]></id_range_price>
<id_range_weight><![CDATA[285]]></id_range_weight>
<id_zone><![CDATA[10]]></id_zone>
<id_shop><![CDATA[]]></id_shop>
<id_shop_group><![CDATA[]]></id_shop_group>
<price><![CDATA[35.000000]]></price>
</delivery>
<delivery><id_delivery><![CDATA[2202]]></id_delivery>
<id_carrier><![CDATA[211]]></id_carrier>
<id_range_price><![CDATA[]]></id_range_price>
<id_range_weight><![CDATA[286]]></id_range_weight>
<id_zone><![CDATA[10]]></id_zone>
<id_shop><![CDATA[]]></id_shop>
<id_shop_group><![CDATA[]]></id_shop_group>
<price><![CDATA[30.000000]]></price>
</delivery>
<delivery><id_delivery><![CDATA[2204]]></id_delivery>
<id_carrier><![CDATA[211]]></id_carrier>
<id_range_price><![CDATA[]]></id_range_price>
<id_range_weight><![CDATA[287]]></id_range_weight>
<id_zone><![CDATA[10]]></id_zone>
<id_shop><![CDATA[]]></id_shop>
<id_shop_group><![CDATA[]]></id_shop_group>
<price><![CDATA[35.000000]]></price>
</delivery>
<delivery><id_delivery><![CDATA[2206]]></id_delivery>
<id_carrier><![CDATA[212]]></id_carrier>
<id_range_price><![CDATA[]]></id_range_price>
<id_range_weight><![CDATA[288]]></id_range_weight>
<id_zone><![CDATA[10]]></id_zone>
<id_shop><![CDATA[]]></id_shop>
<id_shop_group><![CDATA[]]></id_shop_group>
<price><![CDATA[30.000000]]></price>
</delivery>
<delivery><id_delivery><![CDATA[2208]]></id_delivery>
<id_carrier><![CDATA[212]]></id_carrier>
<id_range_price><![CDATA[]]></id_range_price>
<id_range_weight><![CDATA[289]]></id_range_weight>
<id_zone><![CDATA[10]]></id_zone>
<id_shop><![CDATA[]]></id_shop>
<id_shop_group><![CDATA[]]></id_shop_group>
<price><![CDATA[35.000000]]></price>
</delivery>
<delivery><id_delivery><![CDATA[2210]]></id_delivery>
<id_carrier><![CDATA[213]]></id_carrier>
<id_range_price><![CDATA[]]></id_range_price>
<id_range_weight><![CDATA[290]]></id_range_weight>
<id_zone><![CDATA[10]]></id_zone>
<id_shop><![CDATA[]]></id_shop>
<id_shop_group><![CDATA[]]></id_shop_group>
<price><![CDATA[30.000000]]></price>
</delivery>
<delivery><id_delivery><![CDATA[2212]]></id_delivery>
<id_carrier><![CDATA[213]]></id_carrier>
<id_range_price><![CDATA[]]></id_range_price>
<id_range_weight><![CDATA[291]]></id_range_weight>
<id_zone><![CDATA[10]]></id_zone>
<id_shop><![CDATA[]]></id_shop>
<id_shop_group><![CDATA[]]></id_shop_group>
<price><![CDATA[35.000000]]></price>
</delivery>
<delivery><id_delivery><![CDATA[2214]]></id_delivery>
<id_carrier><![CDATA[214]]></id_carrier>
<id_range_price><![CDATA[]]></id_range_price>
<id_range_weight><![CDATA[292]]></id_range_weight>
<id_zone><![CDATA[10]]></id_zone>
<id_shop><![CDATA[]]></id_shop>
<id_shop_group><![CDATA[]]></id_shop_group>
<price><![CDATA[25.000000]]></price>
</delivery>
<delivery><id_delivery><![CDATA[2216]]></id_delivery>
<id_carrier><![CDATA[214]]></id_carrier>
<id_range_price><![CDATA[]]></id_range_price>
<id_range_weight><![CDATA[293]]></id_range_weight>
<id_zone><![CDATA[10]]></id_zone>
<id_shop><![CDATA[]]></id_shop>
<id_shop_group><![CDATA[]]></id_shop_group>
<price><![CDATA[30.000000]]></price>
</delivery>
<delivery><id_delivery><![CDATA[2218]]></id_delivery>
<id_carrier><![CDATA[215]]></id_carrier>
<id_range_price><![CDATA[]]></id_range_price>
<id_range_weight><![CDATA[294]]></id_range_weight>
<id_zone><![CDATA[10]]></id_zone>
<id_shop><![CDATA[]]></id_shop>
<id_shop_group><![CDATA[]]></id_shop_group>
<price><![CDATA[30.000000]]></price>
</delivery>
<delivery><id_delivery><![CDATA[2220]]></id_delivery>
<id_carrier><![CDATA[215]]></id_carrier>
<id_range_price><![CDATA[]]></id_range_price>
<id_range_weight><![CDATA[295]]></id_range_weight>
<id_zone><![CDATA[10]]></id_zone>
<id_shop><![CDATA[]]></id_shop>
<id_shop_group><![CDATA[]]></id_shop_group>
<price><![CDATA[35.000000]]></price>
</delivery>
<delivery><id_delivery><![CDATA[2222]]></id_delivery>
<id_carrier><![CDATA[216]]></id_carrier>
<id_range_price><![CDATA[]]></id_range_price>
<id_range_weight><![CDATA[296]]></id_range_weight>
<id_zone><![CDATA[10]]></id_zone>
<id_shop><![CDATA[]]></id_shop>
<id_shop_group><![CDATA[]]></id_shop_group>
<price><![CDATA[1.500000]]></price>
</delivery>
<delivery><id_delivery><![CDATA[2224]]></id_delivery>
<id_carrier><![CDATA[217]]></id_carrier>
<id_range_price><![CDATA[]]></id_range_price>
<id_range_weight><![CDATA[297]]></id_range_weight>
<id_zone><![CDATA[10]]></id_zone>
<id_shop><![CDATA[]]></id_shop>
<id_shop_group><![CDATA[]]></id_shop_group>
<price><![CDATA[2.500000]]></price>
</delivery>
<delivery><id_delivery><![CDATA[2226]]></id_delivery>
<id_carrier><![CDATA[217]]></id_carrier>
<id_range_price><![CDATA[]]></id_range_price>
<id_range_weight><![CDATA[298]]></id_range_weight>
<id_zone><![CDATA[10]]></id_zone>
<id_shop><![CDATA[]]></id_shop>
<id_shop_group><![CDATA[]]></id_shop_group>
<price><![CDATA[4.500000]]></price>
</delivery>
<delivery><id_delivery><![CDATA[2228]]></id_delivery>
<id_carrier><![CDATA[217]]></id_carrier>
<id_range_price><![CDATA[]]></id_range_price>
<id_range_weight><![CDATA[299]]></id_range_weight>
<id_zone><![CDATA[10]]></id_zone>
<id_shop><![CDATA[]]></id_shop>
<id_shop_group><![CDATA[]]></id_shop_group>
<price><![CDATA[6.500000]]></price>
</delivery>
<delivery><id_delivery><![CDATA[2230]]></id_delivery>
<id_carrier><![CDATA[217]]></id_carrier>
<id_range_price><![CDATA[]]></id_range_price>
<id_range_weight><![CDATA[300]]></id_range_weight>
<id_zone><![CDATA[10]]></id_zone>
<id_shop><![CDATA[]]></id_shop>
<id_shop_group><![CDATA[]]></id_shop_group>
<price><![CDATA[12.500000]]></price>
</delivery>
<delivery><id_delivery><![CDATA[2232]]></id_delivery>
<id_carrier><![CDATA[217]]></id_carrier>
<id_range_price><![CDATA[]]></id_range_price>
<id_range_weight><![CDATA[301]]></id_range_weight>
<id_zone><![CDATA[10]]></id_zone>
<id_shop><![CDATA[]]></id_shop>
<id_shop_group><![CDATA[]]></id_shop_group>
<price><![CDATA[20.000000]]></price>
</delivery>
<delivery><id_delivery><![CDATA[2234]]></id_delivery>
<id_carrier><![CDATA[217]]></id_carrier>
<id_range_price><![CDATA[]]></id_range_price>
<id_range_weight><![CDATA[302]]></id_range_weight>
<id_zone><![CDATA[10]]></id_zone>
<id_shop><![CDATA[]]></id_shop>
<id_shop_group><![CDATA[]]></id_shop_group>
<price><![CDATA[25.000000]]></price>
</delivery>
<delivery><id_delivery><![CDATA[2236]]></id_delivery>
<id_carrier><![CDATA[218]]></id_carrier>
<id_range_price><![CDATA[]]></id_range_price>
<id_range_weight><![CDATA[303]]></id_range_weight>
<id_zone><![CDATA[10]]></id_zone>
<id_shop><![CDATA[]]></id_shop>
<id_shop_group><![CDATA[]]></id_shop_group>
<price><![CDATA[2.500000]]></price>
</delivery>
<delivery><id_delivery><![CDATA[2238]]></id_delivery>
<id_carrier><![CDATA[218]]></id_carrier>
<id_range_price><![CDATA[]]></id_range_price>
<id_range_weight><![CDATA[304]]></id_range_weight>
<id_zone><![CDATA[10]]></id_zone>
<id_shop><![CDATA[]]></id_shop>
<id_shop_group><![CDATA[]]></id_shop_group>
<price><![CDATA[4.500000]]></price>
</delivery>
<delivery><id_delivery><![CDATA[2240]]></id_delivery>
<id_carrier><![CDATA[218]]></id_carrier>
<id_range_price><![CDATA[]]></id_range_price>
<id_range_weight><![CDATA[305]]></id_range_weight>
<id_zone><![CDATA[10]]></id_zone>
<id_shop><![CDATA[]]></id_shop>
<id_shop_group><![CDATA[]]></id_shop_group>
<price><![CDATA[6.500000]]></price>
</delivery>
<delivery><id_delivery><![CDATA[2242]]></id_delivery>
<id_carrier><![CDATA[218]]></id_carrier>
<id_range_price><![CDATA[]]></id_range_price>
<id_range_weight><![CDATA[306]]></id_range_weight>
<id_zone><![CDATA[10]]></id_zone>
<id_shop><![CDATA[]]></id_shop>
<id_shop_group><![CDATA[]]></id_shop_group>
<price><![CDATA[15.000000]]></price>
</delivery>
<delivery><id_delivery><![CDATA[2244]]></id_delivery>
<id_carrier><![CDATA[219]]></id_carrier>
<id_range_price><![CDATA[]]></id_range_price>
<id_range_weight><![CDATA[307]]></id_range_weight>
<id_zone><![CDATA[10]]></id_zone>
<id_shop><![CDATA[]]></id_shop>
<id_shop_group><![CDATA[]]></id_shop_group>
<price><![CDATA[30.000000]]></price>
</delivery>
<delivery><id_delivery><![CDATA[2246]]></id_delivery>
<id_carrier><![CDATA[219]]></id_carrier>
<id_range_price><![CDATA[]]></id_range_price>
<id_range_weight><![CDATA[308]]></id_range_weight>
<id_zone><![CDATA[10]]></id_zone>
<id_shop><![CDATA[]]></id_shop>
<id_shop_group><![CDATA[]]></id_shop_group>
<price><![CDATA[35.000000]]></price>
</delivery>
<delivery><id_delivery><![CDATA[2248]]></id_delivery>
<id_carrier><![CDATA[220]]></id_carrier>
<id_range_price><![CDATA[]]></id_range_price>
<id_range_weight><![CDATA[309]]></id_range_weight>
<id_zone><![CDATA[10]]></id_zone>
<id_shop><![CDATA[]]></id_shop>
<id_shop_group><![CDATA[]]></id_shop_group>
<price><![CDATA[25.000000]]></price>
</delivery>
<delivery><id_delivery><![CDATA[2250]]></id_delivery>
<id_carrier><![CDATA[220]]></id_carrier>
<id_range_price><![CDATA[]]></id_range_price>
<id_range_weight><![CDATA[310]]></id_range_weight>
<id_zone><![CDATA[10]]></id_zone>
<id_shop><![CDATA[]]></id_shop>
<id_shop_group><![CDATA[]]></id_shop_group>
<price><![CDATA[30.000000]]></price>
</delivery>
<delivery><id_delivery><![CDATA[2252]]></id_delivery>
<id_carrier><![CDATA[221]]></id_carrier>
<id_range_price><![CDATA[]]></id_range_price>
<id_range_weight><![CDATA[311]]></id_range_weight>
<id_zone><![CDATA[10]]></id_zone>
<id_shop><![CDATA[]]></id_shop>
<id_shop_group><![CDATA[]]></id_shop_group>
<price><![CDATA[2.500000]]></price>
</delivery>
<delivery><id_delivery><![CDATA[2254]]></id_delivery>
<id_carrier><![CDATA[221]]></id_carrier>
<id_range_price><![CDATA[]]></id_range_price>
<id_range_weight><![CDATA[312]]></id_range_weight>
<id_zone><![CDATA[10]]></id_zone>
<id_shop><![CDATA[]]></id_shop>
<id_shop_group><![CDATA[]]></id_shop_group>
<price><![CDATA[4.500000]]></price>
</delivery>
<delivery><id_delivery><![CDATA[2256]]></id_delivery>
<id_carrier><![CDATA[221]]></id_carrier>
<id_range_price><![CDATA[]]></id_range_price>
<id_range_weight><![CDATA[313]]></id_range_weight>
<id_zone><![CDATA[10]]></id_zone>
<id_shop><![CDATA[]]></id_shop>
<id_shop_group><![CDATA[]]></id_shop_group>
<price><![CDATA[6.500000]]></price>
</delivery>
<delivery><id_delivery><![CDATA[2258]]></id_delivery>
<id_carrier><![CDATA[221]]></id_carrier>
<id_range_price><![CDATA[]]></id_range_price>
<id_range_weight><![CDATA[314]]></id_range_weight>
<id_zone><![CDATA[10]]></id_zone>
<id_shop><![CDATA[]]></id_shop>
<id_shop_group><![CDATA[]]></id_shop_group>
<price><![CDATA[12.500000]]></price>
</delivery>
<delivery><id_delivery><![CDATA[2260]]></id_delivery>
<id_carrier><![CDATA[221]]></id_carrier>
<id_range_price><![CDATA[]]></id_range_price>
<id_range_weight><![CDATA[315]]></id_range_weight>
<id_zone><![CDATA[10]]></id_zone>
<id_shop><![CDATA[]]></id_shop>
<id_shop_group><![CDATA[]]></id_shop_group>
<price><![CDATA[20.000000]]></price>
</delivery>
<delivery><id_delivery><![CDATA[2262]]></id_delivery>
<id_carrier><![CDATA[222]]></id_carrier>
<id_range_price><![CDATA[]]></id_range_price>
<id_range_weight><![CDATA[316]]></id_range_weight>
<id_zone><![CDATA[10]]></id_zone>
<id_shop><![CDATA[]]></id_shop>
<id_shop_group><![CDATA[]]></id_shop_group>
<price><![CDATA[15.500000]]></price>
</delivery>
<delivery><id_delivery><![CDATA[2264]]></id_delivery>
<id_carrier><![CDATA[222]]></id_carrier>
<id_range_price><![CDATA[]]></id_range_price>
<id_range_weight><![CDATA[317]]></id_range_weight>
<id_zone><![CDATA[10]]></id_zone>
<id_shop><![CDATA[]]></id_shop>
<id_shop_group><![CDATA[]]></id_shop_group>
<price><![CDATA[20.000000]]></price>
</delivery>
<delivery><id_delivery><![CDATA[2266]]></id_delivery>
<id_carrier><![CDATA[223]]></id_carrier>
<id_range_price><![CDATA[]]></id_range_price>
<id_range_weight><![CDATA[318]]></id_range_weight>
<id_zone><![CDATA[10]]></id_zone>
<id_shop><![CDATA[]]></id_shop>
<id_shop_group><![CDATA[]]></id_shop_group>
<price><![CDATA[12.500000]]></price>
</delivery>
<delivery><id_delivery><![CDATA[2268]]></id_delivery>
<id_carrier><![CDATA[223]]></id_carrier>
<id_range_price><![CDATA[]]></id_range_price>
<id_range_weight><![CDATA[319]]></id_range_weight>
<id_zone><![CDATA[10]]></id_zone>
<id_shop><![CDATA[]]></id_shop>
<id_shop_group><![CDATA[]]></id_shop_group>
<price><![CDATA[15.500000]]></price>
</delivery>
<delivery><id_delivery><![CDATA[2270]]></id_delivery>
<id_carrier><![CDATA[224]]></id_carrier>
<id_range_price><![CDATA[]]></id_range_price>
<id_range_weight><![CDATA[320]]></id_range_weight>
<id_zone><![CDATA[10]]></id_zone>
<id_shop><![CDATA[]]></id_shop>
<id_shop_group><![CDATA[]]></id_shop_group>
<price><![CDATA[12.500000]]></price>
</delivery>
<delivery><id_delivery><![CDATA[2272]]></id_delivery>
<id_carrier><![CDATA[225]]></id_carrier>
<id_range_price><![CDATA[]]></id_range_price>
<id_range_weight><![CDATA[321]]></id_range_weight>
<id_zone><![CDATA[10]]></id_zone>
<id_shop><![CDATA[]]></id_shop>
<id_shop_group><![CDATA[]]></id_shop_group>
<price><![CDATA[1.500000]]></price>
</delivery>
</entity_profile>
