<?xml version="1.0" encoding="UTF-8"?>
<entity_profile>
<feature_product><id_feature><![CDATA[5]]></id_feature>
<id_product><![CDATA[122]]></id_product>
<id_feature_value><![CDATA[5]]></id_feature_value>
</feature_product>
<feature_product><id_feature><![CDATA[5]]></id_feature>
<id_product><![CDATA[123]]></id_product>
<id_feature_value><![CDATA[5]]></id_feature_value>
</feature_product>
<feature_product><id_feature><![CDATA[5]]></id_feature>
<id_product><![CDATA[125]]></id_product>
<id_feature_value><![CDATA[5]]></id_feature_value>
</feature_product>
<feature_product><id_feature><![CDATA[5]]></id_feature>
<id_product><![CDATA[127]]></id_product>
<id_feature_value><![CDATA[5]]></id_feature_value>
</feature_product>
<feature_product><id_feature><![CDATA[5]]></id_feature>
<id_product><![CDATA[128]]></id_product>
<id_feature_value><![CDATA[5]]></id_feature_value>
</feature_product>
<feature_product><id_feature><![CDATA[5]]></id_feature>
<id_product><![CDATA[129]]></id_product>
<id_feature_value><![CDATA[5]]></id_feature_value>
</feature_product>
<feature_product><id_feature><![CDATA[5]]></id_feature>
<id_product><![CDATA[132]]></id_product>
<id_feature_value><![CDATA[5]]></id_feature_value>
</feature_product>
<feature_product><id_feature><![CDATA[5]]></id_feature>
<id_product><![CDATA[133]]></id_product>
<id_feature_value><![CDATA[5]]></id_feature_value>
</feature_product>
<feature_product><id_feature><![CDATA[5]]></id_feature>
<id_product><![CDATA[134]]></id_product>
<id_feature_value><![CDATA[5]]></id_feature_value>
</feature_product>
<feature_product><id_feature><![CDATA[5]]></id_feature>
<id_product><![CDATA[135]]></id_product>
<id_feature_value><![CDATA[5]]></id_feature_value>
</feature_product>
<feature_product><id_feature><![CDATA[5]]></id_feature>
<id_product><![CDATA[138]]></id_product>
<id_feature_value><![CDATA[5]]></id_feature_value>
</feature_product>
<feature_product><id_feature><![CDATA[5]]></id_feature>
<id_product><![CDATA[139]]></id_product>
<id_feature_value><![CDATA[5]]></id_feature_value>
</feature_product>
<feature_product><id_feature><![CDATA[5]]></id_feature>
<id_product><![CDATA[141]]></id_product>
<id_feature_value><![CDATA[5]]></id_feature_value>
</feature_product>
<feature_product><id_feature><![CDATA[5]]></id_feature>
<id_product><![CDATA[143]]></id_product>
<id_feature_value><![CDATA[5]]></id_feature_value>
</feature_product>
<feature_product><id_feature><![CDATA[5]]></id_feature>
<id_product><![CDATA[144]]></id_product>
<id_feature_value><![CDATA[5]]></id_feature_value>
</feature_product>
<feature_product><id_feature><![CDATA[5]]></id_feature>
<id_product><![CDATA[145]]></id_product>
<id_feature_value><![CDATA[5]]></id_feature_value>
</feature_product>
<feature_product><id_feature><![CDATA[5]]></id_feature>
<id_product><![CDATA[146]]></id_product>
<id_feature_value><![CDATA[5]]></id_feature_value>
</feature_product>
<feature_product><id_feature><![CDATA[5]]></id_feature>
<id_product><![CDATA[148]]></id_product>
<id_feature_value><![CDATA[5]]></id_feature_value>
</feature_product>
<feature_product><id_feature><![CDATA[5]]></id_feature>
<id_product><![CDATA[149]]></id_product>
<id_feature_value><![CDATA[5]]></id_feature_value>
</feature_product>
<feature_product><id_feature><![CDATA[5]]></id_feature>
<id_product><![CDATA[151]]></id_product>
<id_feature_value><![CDATA[5]]></id_feature_value>
</feature_product>
<feature_product><id_feature><![CDATA[5]]></id_feature>
<id_product><![CDATA[152]]></id_product>
<id_feature_value><![CDATA[5]]></id_feature_value>
</feature_product>
<feature_product><id_feature><![CDATA[5]]></id_feature>
<id_product><![CDATA[153]]></id_product>
<id_feature_value><![CDATA[5]]></id_feature_value>
</feature_product>
<feature_product><id_feature><![CDATA[5]]></id_feature>
<id_product><![CDATA[156]]></id_product>
<id_feature_value><![CDATA[5]]></id_feature_value>
</feature_product>
<feature_product><id_feature><![CDATA[5]]></id_feature>
<id_product><![CDATA[157]]></id_product>
<id_feature_value><![CDATA[5]]></id_feature_value>
</feature_product>
<feature_product><id_feature><![CDATA[5]]></id_feature>
<id_product><![CDATA[158]]></id_product>
<id_feature_value><![CDATA[5]]></id_feature_value>
</feature_product>
<feature_product><id_feature><![CDATA[5]]></id_feature>
<id_product><![CDATA[159]]></id_product>
<id_feature_value><![CDATA[5]]></id_feature_value>
</feature_product>
<feature_product><id_feature><![CDATA[5]]></id_feature>
<id_product><![CDATA[162]]></id_product>
<id_feature_value><![CDATA[5]]></id_feature_value>
</feature_product>
<feature_product><id_feature><![CDATA[5]]></id_feature>
<id_product><![CDATA[163]]></id_product>
<id_feature_value><![CDATA[5]]></id_feature_value>
</feature_product>
<feature_product><id_feature><![CDATA[5]]></id_feature>
<id_product><![CDATA[164]]></id_product>
<id_feature_value><![CDATA[5]]></id_feature_value>
</feature_product>
<feature_product><id_feature><![CDATA[5]]></id_feature>
<id_product><![CDATA[165]]></id_product>
<id_feature_value><![CDATA[5]]></id_feature_value>
</feature_product>
<feature_product><id_feature><![CDATA[5]]></id_feature>
<id_product><![CDATA[167]]></id_product>
<id_feature_value><![CDATA[5]]></id_feature_value>
</feature_product>
<feature_product><id_feature><![CDATA[5]]></id_feature>
<id_product><![CDATA[169]]></id_product>
<id_feature_value><![CDATA[5]]></id_feature_value>
</feature_product>
<feature_product><id_feature><![CDATA[5]]></id_feature>
<id_product><![CDATA[172]]></id_product>
<id_feature_value><![CDATA[5]]></id_feature_value>
</feature_product>
<feature_product><id_feature><![CDATA[5]]></id_feature>
<id_product><![CDATA[173]]></id_product>
<id_feature_value><![CDATA[5]]></id_feature_value>
</feature_product>
<feature_product><id_feature><![CDATA[5]]></id_feature>
<id_product><![CDATA[179]]></id_product>
<id_feature_value><![CDATA[5]]></id_feature_value>
</feature_product>
<feature_product><id_feature><![CDATA[5]]></id_feature>
<id_product><![CDATA[180]]></id_product>
<id_feature_value><![CDATA[5]]></id_feature_value>
</feature_product>
<feature_product><id_feature><![CDATA[5]]></id_feature>
<id_product><![CDATA[181]]></id_product>
<id_feature_value><![CDATA[5]]></id_feature_value>
</feature_product>
<feature_product><id_feature><![CDATA[5]]></id_feature>
<id_product><![CDATA[182]]></id_product>
<id_feature_value><![CDATA[5]]></id_feature_value>
</feature_product>
<feature_product><id_feature><![CDATA[5]]></id_feature>
<id_product><![CDATA[186]]></id_product>
<id_feature_value><![CDATA[5]]></id_feature_value>
</feature_product>
<feature_product><id_feature><![CDATA[5]]></id_feature>
<id_product><![CDATA[187]]></id_product>
<id_feature_value><![CDATA[5]]></id_feature_value>
</feature_product>
<feature_product><id_feature><![CDATA[5]]></id_feature>
<id_product><![CDATA[188]]></id_product>
<id_feature_value><![CDATA[5]]></id_feature_value>
</feature_product>
<feature_product><id_feature><![CDATA[5]]></id_feature>
<id_product><![CDATA[189]]></id_product>
<id_feature_value><![CDATA[5]]></id_feature_value>
</feature_product>
<feature_product><id_feature><![CDATA[5]]></id_feature>
<id_product><![CDATA[190]]></id_product>
<id_feature_value><![CDATA[5]]></id_feature_value>
</feature_product>
<feature_product><id_feature><![CDATA[5]]></id_feature>
<id_product><![CDATA[191]]></id_product>
<id_feature_value><![CDATA[5]]></id_feature_value>
</feature_product>
<feature_product><id_feature><![CDATA[5]]></id_feature>
<id_product><![CDATA[192]]></id_product>
<id_feature_value><![CDATA[5]]></id_feature_value>
</feature_product>
<feature_product><id_feature><![CDATA[5]]></id_feature>
<id_product><![CDATA[193]]></id_product>
<id_feature_value><![CDATA[5]]></id_feature_value>
</feature_product>
<feature_product><id_feature><![CDATA[5]]></id_feature>
<id_product><![CDATA[198]]></id_product>
<id_feature_value><![CDATA[5]]></id_feature_value>
</feature_product>
<feature_product><id_feature><![CDATA[5]]></id_feature>
<id_product><![CDATA[199]]></id_product>
<id_feature_value><![CDATA[5]]></id_feature_value>
</feature_product>
<feature_product><id_feature><![CDATA[5]]></id_feature>
<id_product><![CDATA[201]]></id_product>
<id_feature_value><![CDATA[5]]></id_feature_value>
</feature_product>
<feature_product><id_feature><![CDATA[5]]></id_feature>
<id_product><![CDATA[202]]></id_product>
<id_feature_value><![CDATA[5]]></id_feature_value>
</feature_product>
<feature_product><id_feature><![CDATA[5]]></id_feature>
<id_product><![CDATA[203]]></id_product>
<id_feature_value><![CDATA[5]]></id_feature_value>
</feature_product>
<feature_product><id_feature><![CDATA[5]]></id_feature>
<id_product><![CDATA[205]]></id_product>
<id_feature_value><![CDATA[5]]></id_feature_value>
</feature_product>
<feature_product><id_feature><![CDATA[5]]></id_feature>
<id_product><![CDATA[208]]></id_product>
<id_feature_value><![CDATA[5]]></id_feature_value>
</feature_product>
<feature_product><id_feature><![CDATA[5]]></id_feature>
<id_product><![CDATA[209]]></id_product>
<id_feature_value><![CDATA[5]]></id_feature_value>
</feature_product>
<feature_product><id_feature><![CDATA[5]]></id_feature>
<id_product><![CDATA[210]]></id_product>
<id_feature_value><![CDATA[5]]></id_feature_value>
</feature_product>
<feature_product><id_feature><![CDATA[5]]></id_feature>
<id_product><![CDATA[213]]></id_product>
<id_feature_value><![CDATA[5]]></id_feature_value>
</feature_product>
<feature_product><id_feature><![CDATA[5]]></id_feature>
<id_product><![CDATA[214]]></id_product>
<id_feature_value><![CDATA[5]]></id_feature_value>
</feature_product>
<feature_product><id_feature><![CDATA[5]]></id_feature>
<id_product><![CDATA[215]]></id_product>
<id_feature_value><![CDATA[5]]></id_feature_value>
</feature_product>
<feature_product><id_feature><![CDATA[5]]></id_feature>
<id_product><![CDATA[217]]></id_product>
<id_feature_value><![CDATA[5]]></id_feature_value>
</feature_product>
<feature_product><id_feature><![CDATA[5]]></id_feature>
<id_product><![CDATA[218]]></id_product>
<id_feature_value><![CDATA[5]]></id_feature_value>
</feature_product>
<feature_product><id_feature><![CDATA[5]]></id_feature>
<id_product><![CDATA[221]]></id_product>
<id_feature_value><![CDATA[5]]></id_feature_value>
</feature_product>
<feature_product><id_feature><![CDATA[5]]></id_feature>
<id_product><![CDATA[222]]></id_product>
<id_feature_value><![CDATA[5]]></id_feature_value>
</feature_product>
<feature_product><id_feature><![CDATA[5]]></id_feature>
<id_product><![CDATA[223]]></id_product>
<id_feature_value><![CDATA[5]]></id_feature_value>
</feature_product>
<feature_product><id_feature><![CDATA[5]]></id_feature>
<id_product><![CDATA[224]]></id_product>
<id_feature_value><![CDATA[5]]></id_feature_value>
</feature_product>
<feature_product><id_feature><![CDATA[5]]></id_feature>
<id_product><![CDATA[227]]></id_product>
<id_feature_value><![CDATA[5]]></id_feature_value>
</feature_product>
<feature_product><id_feature><![CDATA[5]]></id_feature>
<id_product><![CDATA[253]]></id_product>
<id_feature_value><![CDATA[5]]></id_feature_value>
</feature_product>
<feature_product><id_feature><![CDATA[5]]></id_feature>
<id_product><![CDATA[256]]></id_product>
<id_feature_value><![CDATA[5]]></id_feature_value>
</feature_product>
<feature_product><id_feature><![CDATA[5]]></id_feature>
<id_product><![CDATA[259]]></id_product>
<id_feature_value><![CDATA[5]]></id_feature_value>
</feature_product>
<feature_product><id_feature><![CDATA[5]]></id_feature>
<id_product><![CDATA[261]]></id_product>
<id_feature_value><![CDATA[5]]></id_feature_value>
</feature_product>
<feature_product><id_feature><![CDATA[5]]></id_feature>
<id_product><![CDATA[264]]></id_product>
<id_feature_value><![CDATA[5]]></id_feature_value>
</feature_product>
<feature_product><id_feature><![CDATA[5]]></id_feature>
<id_product><![CDATA[266]]></id_product>
<id_feature_value><![CDATA[5]]></id_feature_value>
</feature_product>
<feature_product><id_feature><![CDATA[5]]></id_feature>
<id_product><![CDATA[267]]></id_product>
<id_feature_value><![CDATA[5]]></id_feature_value>
</feature_product>
<feature_product><id_feature><![CDATA[5]]></id_feature>
<id_product><![CDATA[269]]></id_product>
<id_feature_value><![CDATA[5]]></id_feature_value>
</feature_product>
<feature_product><id_feature><![CDATA[5]]></id_feature>
<id_product><![CDATA[272]]></id_product>
<id_feature_value><![CDATA[5]]></id_feature_value>
</feature_product>
<feature_product><id_feature><![CDATA[5]]></id_feature>
<id_product><![CDATA[279]]></id_product>
<id_feature_value><![CDATA[5]]></id_feature_value>
</feature_product>
<feature_product><id_feature><![CDATA[5]]></id_feature>
<id_product><![CDATA[281]]></id_product>
<id_feature_value><![CDATA[5]]></id_feature_value>
</feature_product>
<feature_product><id_feature><![CDATA[5]]></id_feature>
<id_product><![CDATA[283]]></id_product>
<id_feature_value><![CDATA[5]]></id_feature_value>
</feature_product>
<feature_product><id_feature><![CDATA[5]]></id_feature>
<id_product><![CDATA[284]]></id_product>
<id_feature_value><![CDATA[5]]></id_feature_value>
</feature_product>
<feature_product><id_feature><![CDATA[5]]></id_feature>
<id_product><![CDATA[289]]></id_product>
<id_feature_value><![CDATA[5]]></id_feature_value>
</feature_product>
<feature_product><id_feature><![CDATA[5]]></id_feature>
<id_product><![CDATA[291]]></id_product>
<id_feature_value><![CDATA[5]]></id_feature_value>
</feature_product>
<feature_product><id_feature><![CDATA[5]]></id_feature>
<id_product><![CDATA[296]]></id_product>
<id_feature_value><![CDATA[5]]></id_feature_value>
</feature_product>
<feature_product><id_feature><![CDATA[5]]></id_feature>
<id_product><![CDATA[300]]></id_product>
<id_feature_value><![CDATA[5]]></id_feature_value>
</feature_product>
<feature_product><id_feature><![CDATA[5]]></id_feature>
<id_product><![CDATA[302]]></id_product>
<id_feature_value><![CDATA[5]]></id_feature_value>
</feature_product>
<feature_product><id_feature><![CDATA[5]]></id_feature>
<id_product><![CDATA[308]]></id_product>
<id_feature_value><![CDATA[5]]></id_feature_value>
</feature_product>
<feature_product><id_feature><![CDATA[5]]></id_feature>
<id_product><![CDATA[329]]></id_product>
<id_feature_value><![CDATA[5]]></id_feature_value>
</feature_product>
<feature_product><id_feature><![CDATA[5]]></id_feature>
<id_product><![CDATA[330]]></id_product>
<id_feature_value><![CDATA[5]]></id_feature_value>
</feature_product>
<feature_product><id_feature><![CDATA[5]]></id_feature>
<id_product><![CDATA[361]]></id_product>
<id_feature_value><![CDATA[5]]></id_feature_value>
</feature_product>
<feature_product><id_feature><![CDATA[5]]></id_feature>
<id_product><![CDATA[1144]]></id_product>
<id_feature_value><![CDATA[5]]></id_feature_value>
</feature_product>
<feature_product><id_feature><![CDATA[5]]></id_feature>
<id_product><![CDATA[1145]]></id_product>
<id_feature_value><![CDATA[5]]></id_feature_value>
</feature_product>
<feature_product><id_feature><![CDATA[5]]></id_feature>
<id_product><![CDATA[1146]]></id_product>
<id_feature_value><![CDATA[5]]></id_feature_value>
</feature_product>
<feature_product><id_feature><![CDATA[5]]></id_feature>
<id_product><![CDATA[373]]></id_product>
<id_feature_value><![CDATA[6]]></id_feature_value>
</feature_product>
<feature_product><id_feature><![CDATA[5]]></id_feature>
<id_product><![CDATA[374]]></id_product>
<id_feature_value><![CDATA[6]]></id_feature_value>
</feature_product>
<feature_product><id_feature><![CDATA[5]]></id_feature>
<id_product><![CDATA[375]]></id_product>
<id_feature_value><![CDATA[6]]></id_feature_value>
</feature_product>
<feature_product><id_feature><![CDATA[5]]></id_feature>
<id_product><![CDATA[376]]></id_product>
<id_feature_value><![CDATA[6]]></id_feature_value>
</feature_product>
<feature_product><id_feature><![CDATA[5]]></id_feature>
<id_product><![CDATA[377]]></id_product>
<id_feature_value><![CDATA[6]]></id_feature_value>
</feature_product>
<feature_product><id_feature><![CDATA[5]]></id_feature>
<id_product><![CDATA[378]]></id_product>
<id_feature_value><![CDATA[6]]></id_feature_value>
</feature_product>
<feature_product><id_feature><![CDATA[5]]></id_feature>
<id_product><![CDATA[379]]></id_product>
<id_feature_value><![CDATA[6]]></id_feature_value>
</feature_product>
<feature_product><id_feature><![CDATA[5]]></id_feature>
<id_product><![CDATA[380]]></id_product>
<id_feature_value><![CDATA[6]]></id_feature_value>
</feature_product>
<feature_product><id_feature><![CDATA[5]]></id_feature>
<id_product><![CDATA[381]]></id_product>
<id_feature_value><![CDATA[6]]></id_feature_value>
</feature_product>
<feature_product><id_feature><![CDATA[5]]></id_feature>
<id_product><![CDATA[382]]></id_product>
<id_feature_value><![CDATA[6]]></id_feature_value>
</feature_product>
<feature_product><id_feature><![CDATA[5]]></id_feature>
<id_product><![CDATA[383]]></id_product>
<id_feature_value><![CDATA[6]]></id_feature_value>
</feature_product>
<feature_product><id_feature><![CDATA[5]]></id_feature>
<id_product><![CDATA[384]]></id_product>
<id_feature_value><![CDATA[6]]></id_feature_value>
</feature_product>
<feature_product><id_feature><![CDATA[5]]></id_feature>
<id_product><![CDATA[385]]></id_product>
<id_feature_value><![CDATA[6]]></id_feature_value>
</feature_product>
<feature_product><id_feature><![CDATA[5]]></id_feature>
<id_product><![CDATA[386]]></id_product>
<id_feature_value><![CDATA[6]]></id_feature_value>
</feature_product>
<feature_product><id_feature><![CDATA[5]]></id_feature>
<id_product><![CDATA[387]]></id_product>
<id_feature_value><![CDATA[6]]></id_feature_value>
</feature_product>
<feature_product><id_feature><![CDATA[5]]></id_feature>
<id_product><![CDATA[388]]></id_product>
<id_feature_value><![CDATA[6]]></id_feature_value>
</feature_product>
<feature_product><id_feature><![CDATA[5]]></id_feature>
<id_product><![CDATA[389]]></id_product>
<id_feature_value><![CDATA[6]]></id_feature_value>
</feature_product>
<feature_product><id_feature><![CDATA[5]]></id_feature>
<id_product><![CDATA[390]]></id_product>
<id_feature_value><![CDATA[6]]></id_feature_value>
</feature_product>
<feature_product><id_feature><![CDATA[5]]></id_feature>
<id_product><![CDATA[391]]></id_product>
<id_feature_value><![CDATA[6]]></id_feature_value>
</feature_product>
<feature_product><id_feature><![CDATA[5]]></id_feature>
<id_product><![CDATA[392]]></id_product>
<id_feature_value><![CDATA[6]]></id_feature_value>
</feature_product>
<feature_product><id_feature><![CDATA[5]]></id_feature>
<id_product><![CDATA[393]]></id_product>
<id_feature_value><![CDATA[6]]></id_feature_value>
</feature_product>
<feature_product><id_feature><![CDATA[5]]></id_feature>
<id_product><![CDATA[394]]></id_product>
<id_feature_value><![CDATA[6]]></id_feature_value>
</feature_product>
<feature_product><id_feature><![CDATA[8]]></id_feature>
<id_product><![CDATA[14]]></id_product>
<id_feature_value><![CDATA[36]]></id_feature_value>
</feature_product>
<feature_product><id_feature><![CDATA[8]]></id_feature>
<id_product><![CDATA[17]]></id_product>
<id_feature_value><![CDATA[36]]></id_feature_value>
</feature_product>
<feature_product><id_feature><![CDATA[8]]></id_feature>
<id_product><![CDATA[20]]></id_product>
<id_feature_value><![CDATA[36]]></id_feature_value>
</feature_product>
<feature_product><id_feature><![CDATA[8]]></id_feature>
<id_product><![CDATA[23]]></id_product>
<id_feature_value><![CDATA[36]]></id_feature_value>
</feature_product>
<feature_product><id_feature><![CDATA[8]]></id_feature>
<id_product><![CDATA[26]]></id_product>
<id_feature_value><![CDATA[36]]></id_feature_value>
</feature_product>
<feature_product><id_feature><![CDATA[8]]></id_feature>
<id_product><![CDATA[30]]></id_product>
<id_feature_value><![CDATA[36]]></id_feature_value>
</feature_product>
<feature_product><id_feature><![CDATA[8]]></id_feature>
<id_product><![CDATA[34]]></id_product>
<id_feature_value><![CDATA[36]]></id_feature_value>
</feature_product>
<feature_product><id_feature><![CDATA[8]]></id_feature>
<id_product><![CDATA[35]]></id_product>
<id_feature_value><![CDATA[36]]></id_feature_value>
</feature_product>
<feature_product><id_feature><![CDATA[8]]></id_feature>
<id_product><![CDATA[40]]></id_product>
<id_feature_value><![CDATA[36]]></id_feature_value>
</feature_product>
<feature_product><id_feature><![CDATA[8]]></id_feature>
<id_product><![CDATA[44]]></id_product>
<id_feature_value><![CDATA[36]]></id_feature_value>
</feature_product>
<feature_product><id_feature><![CDATA[8]]></id_feature>
<id_product><![CDATA[47]]></id_product>
<id_feature_value><![CDATA[36]]></id_feature_value>
</feature_product>
<feature_product><id_feature><![CDATA[8]]></id_feature>
<id_product><![CDATA[61]]></id_product>
<id_feature_value><![CDATA[36]]></id_feature_value>
</feature_product>
<feature_product><id_feature><![CDATA[8]]></id_feature>
<id_product><![CDATA[64]]></id_product>
<id_feature_value><![CDATA[36]]></id_feature_value>
</feature_product>
<feature_product><id_feature><![CDATA[8]]></id_feature>
<id_product><![CDATA[67]]></id_product>
<id_feature_value><![CDATA[36]]></id_feature_value>
</feature_product>
<feature_product><id_feature><![CDATA[8]]></id_feature>
<id_product><![CDATA[70]]></id_product>
<id_feature_value><![CDATA[36]]></id_feature_value>
</feature_product>
<feature_product><id_feature><![CDATA[8]]></id_feature>
<id_product><![CDATA[73]]></id_product>
<id_feature_value><![CDATA[36]]></id_feature_value>
</feature_product>
<feature_product><id_feature><![CDATA[8]]></id_feature>
<id_product><![CDATA[76]]></id_product>
<id_feature_value><![CDATA[36]]></id_feature_value>
</feature_product>
<feature_product><id_feature><![CDATA[8]]></id_feature>
<id_product><![CDATA[79]]></id_product>
<id_feature_value><![CDATA[36]]></id_feature_value>
</feature_product>
<feature_product><id_feature><![CDATA[8]]></id_feature>
<id_product><![CDATA[85]]></id_product>
<id_feature_value><![CDATA[36]]></id_feature_value>
</feature_product>
<feature_product><id_feature><![CDATA[8]]></id_feature>
<id_product><![CDATA[92]]></id_product>
<id_feature_value><![CDATA[36]]></id_feature_value>
</feature_product>
<feature_product><id_feature><![CDATA[8]]></id_feature>
<id_product><![CDATA[104]]></id_product>
<id_feature_value><![CDATA[36]]></id_feature_value>
</feature_product>
<feature_product><id_feature><![CDATA[8]]></id_feature>
<id_product><![CDATA[107]]></id_product>
<id_feature_value><![CDATA[36]]></id_feature_value>
</feature_product>
<feature_product><id_feature><![CDATA[8]]></id_feature>
<id_product><![CDATA[116]]></id_product>
<id_feature_value><![CDATA[36]]></id_feature_value>
</feature_product>
<feature_product><id_feature><![CDATA[8]]></id_feature>
<id_product><![CDATA[251]]></id_product>
<id_feature_value><![CDATA[36]]></id_feature_value>
</feature_product>
<feature_product><id_feature><![CDATA[8]]></id_feature>
<id_product><![CDATA[257]]></id_product>
<id_feature_value><![CDATA[36]]></id_feature_value>
</feature_product>
<feature_product><id_feature><![CDATA[8]]></id_feature>
<id_product><![CDATA[262]]></id_product>
<id_feature_value><![CDATA[36]]></id_feature_value>
</feature_product>
<feature_product><id_feature><![CDATA[8]]></id_feature>
<id_product><![CDATA[268]]></id_product>
<id_feature_value><![CDATA[36]]></id_feature_value>
</feature_product>
<feature_product><id_feature><![CDATA[8]]></id_feature>
<id_product><![CDATA[278]]></id_product>
<id_feature_value><![CDATA[36]]></id_feature_value>
</feature_product>
<feature_product><id_feature><![CDATA[8]]></id_feature>
<id_product><![CDATA[294]]></id_product>
<id_feature_value><![CDATA[36]]></id_feature_value>
</feature_product>
<feature_product><id_feature><![CDATA[8]]></id_feature>
<id_product><![CDATA[299]]></id_product>
<id_feature_value><![CDATA[36]]></id_feature_value>
</feature_product>
<feature_product><id_feature><![CDATA[8]]></id_feature>
<id_product><![CDATA[304]]></id_product>
<id_feature_value><![CDATA[36]]></id_feature_value>
</feature_product>
<feature_product><id_feature><![CDATA[8]]></id_feature>
<id_product><![CDATA[315]]></id_product>
<id_feature_value><![CDATA[36]]></id_feature_value>
</feature_product>
<feature_product><id_feature><![CDATA[8]]></id_feature>
<id_product><![CDATA[318]]></id_product>
<id_feature_value><![CDATA[36]]></id_feature_value>
</feature_product>
<feature_product><id_feature><![CDATA[8]]></id_feature>
<id_product><![CDATA[331]]></id_product>
<id_feature_value><![CDATA[36]]></id_feature_value>
</feature_product>
<feature_product><id_feature><![CDATA[8]]></id_feature>
<id_product><![CDATA[344]]></id_product>
<id_feature_value><![CDATA[36]]></id_feature_value>
</feature_product>
<feature_product><id_feature><![CDATA[8]]></id_feature>
<id_product><![CDATA[347]]></id_product>
<id_feature_value><![CDATA[36]]></id_feature_value>
</feature_product>
<feature_product><id_feature><![CDATA[8]]></id_feature>
<id_product><![CDATA[781]]></id_product>
<id_feature_value><![CDATA[36]]></id_feature_value>
</feature_product>
<feature_product><id_feature><![CDATA[8]]></id_feature>
<id_product><![CDATA[782]]></id_product>
<id_feature_value><![CDATA[36]]></id_feature_value>
</feature_product>
<feature_product><id_feature><![CDATA[8]]></id_feature>
<id_product><![CDATA[783]]></id_product>
<id_feature_value><![CDATA[36]]></id_feature_value>
</feature_product>
<feature_product><id_feature><![CDATA[8]]></id_feature>
<id_product><![CDATA[784]]></id_product>
<id_feature_value><![CDATA[36]]></id_feature_value>
</feature_product>
<feature_product><id_feature><![CDATA[8]]></id_feature>
<id_product><![CDATA[797]]></id_product>
<id_feature_value><![CDATA[36]]></id_feature_value>
</feature_product>
<feature_product><id_feature><![CDATA[8]]></id_feature>
<id_product><![CDATA[798]]></id_product>
<id_feature_value><![CDATA[36]]></id_feature_value>
</feature_product>
<feature_product><id_feature><![CDATA[8]]></id_feature>
<id_product><![CDATA[799]]></id_product>
<id_feature_value><![CDATA[36]]></id_feature_value>
</feature_product>
<feature_product><id_feature><![CDATA[8]]></id_feature>
<id_product><![CDATA[4126]]></id_product>
<id_feature_value><![CDATA[36]]></id_feature_value>
</feature_product>
<feature_product><id_feature><![CDATA[8]]></id_feature>
<id_product><![CDATA[4157]]></id_product>
<id_feature_value><![CDATA[36]]></id_feature_value>
</feature_product>
<feature_product><id_feature><![CDATA[8]]></id_feature>
<id_product><![CDATA[4161]]></id_product>
<id_feature_value><![CDATA[36]]></id_feature_value>
</feature_product>
<feature_product><id_feature><![CDATA[8]]></id_feature>
<id_product><![CDATA[4162]]></id_product>
<id_feature_value><![CDATA[36]]></id_feature_value>
</feature_product>
<feature_product><id_feature><![CDATA[8]]></id_feature>
<id_product><![CDATA[51]]></id_product>
<id_feature_value><![CDATA[37]]></id_feature_value>
</feature_product>
<feature_product><id_feature><![CDATA[8]]></id_feature>
<id_product><![CDATA[54]]></id_product>
<id_feature_value><![CDATA[37]]></id_feature_value>
</feature_product>
<feature_product><id_feature><![CDATA[8]]></id_feature>
<id_product><![CDATA[58]]></id_product>
<id_feature_value><![CDATA[37]]></id_feature_value>
</feature_product>
<feature_product><id_feature><![CDATA[8]]></id_feature>
<id_product><![CDATA[82]]></id_product>
<id_feature_value><![CDATA[37]]></id_feature_value>
</feature_product>
<feature_product><id_feature><![CDATA[8]]></id_feature>
<id_product><![CDATA[88]]></id_product>
<id_feature_value><![CDATA[37]]></id_feature_value>
</feature_product>
<feature_product><id_feature><![CDATA[8]]></id_feature>
<id_product><![CDATA[95]]></id_product>
<id_feature_value><![CDATA[37]]></id_feature_value>
</feature_product>
<feature_product><id_feature><![CDATA[8]]></id_feature>
<id_product><![CDATA[98]]></id_product>
<id_feature_value><![CDATA[37]]></id_feature_value>
</feature_product>
<feature_product><id_feature><![CDATA[8]]></id_feature>
<id_product><![CDATA[101]]></id_product>
<id_feature_value><![CDATA[37]]></id_feature_value>
</feature_product>
<feature_product><id_feature><![CDATA[8]]></id_feature>
<id_product><![CDATA[113]]></id_product>
<id_feature_value><![CDATA[37]]></id_feature_value>
</feature_product>
<feature_product><id_feature><![CDATA[8]]></id_feature>
<id_product><![CDATA[285]]></id_product>
<id_feature_value><![CDATA[37]]></id_feature_value>
</feature_product>
<feature_product><id_feature><![CDATA[8]]></id_feature>
<id_product><![CDATA[290]]></id_product>
<id_feature_value><![CDATA[37]]></id_feature_value>
</feature_product>
<feature_product><id_feature><![CDATA[8]]></id_feature>
<id_product><![CDATA[309]]></id_product>
<id_feature_value><![CDATA[37]]></id_feature_value>
</feature_product>
<feature_product><id_feature><![CDATA[8]]></id_feature>
<id_product><![CDATA[313]]></id_product>
<id_feature_value><![CDATA[37]]></id_feature_value>
</feature_product>
<feature_product><id_feature><![CDATA[8]]></id_feature>
<id_product><![CDATA[321]]></id_product>
<id_feature_value><![CDATA[37]]></id_feature_value>
</feature_product>
<feature_product><id_feature><![CDATA[8]]></id_feature>
<id_product><![CDATA[324]]></id_product>
<id_feature_value><![CDATA[37]]></id_feature_value>
</feature_product>
<feature_product><id_feature><![CDATA[8]]></id_feature>
<id_product><![CDATA[332]]></id_product>
<id_feature_value><![CDATA[37]]></id_feature_value>
</feature_product>
<feature_product><id_feature><![CDATA[8]]></id_feature>
<id_product><![CDATA[335]]></id_product>
<id_feature_value><![CDATA[37]]></id_feature_value>
</feature_product>
<feature_product><id_feature><![CDATA[8]]></id_feature>
<id_product><![CDATA[338]]></id_product>
<id_feature_value><![CDATA[37]]></id_feature_value>
</feature_product>
<feature_product><id_feature><![CDATA[8]]></id_feature>
<id_product><![CDATA[341]]></id_product>
<id_feature_value><![CDATA[37]]></id_feature_value>
</feature_product>
<feature_product><id_feature><![CDATA[8]]></id_feature>
<id_product><![CDATA[350]]></id_product>
<id_feature_value><![CDATA[37]]></id_feature_value>
</feature_product>
<feature_product><id_feature><![CDATA[8]]></id_feature>
<id_product><![CDATA[4080]]></id_product>
<id_feature_value><![CDATA[37]]></id_feature_value>
</feature_product>
<feature_product><id_feature><![CDATA[8]]></id_feature>
<id_product><![CDATA[4083]]></id_product>
<id_feature_value><![CDATA[37]]></id_feature_value>
</feature_product>
<feature_product><id_feature><![CDATA[8]]></id_feature>
<id_product><![CDATA[4156]]></id_product>
<id_feature_value><![CDATA[37]]></id_feature_value>
</feature_product>
<feature_product><id_feature><![CDATA[5]]></id_feature>
<id_product><![CDATA[119]]></id_product>
<id_feature_value><![CDATA[40]]></id_feature_value>
</feature_product>
<feature_product><id_feature><![CDATA[5]]></id_feature>
<id_product><![CDATA[126]]></id_product>
<id_feature_value><![CDATA[40]]></id_feature_value>
</feature_product>
<feature_product><id_feature><![CDATA[5]]></id_feature>
<id_product><![CDATA[130]]></id_product>
<id_feature_value><![CDATA[40]]></id_feature_value>
</feature_product>
<feature_product><id_feature><![CDATA[5]]></id_feature>
<id_product><![CDATA[131]]></id_product>
<id_feature_value><![CDATA[40]]></id_feature_value>
</feature_product>
<feature_product><id_feature><![CDATA[5]]></id_feature>
<id_product><![CDATA[140]]></id_product>
<id_feature_value><![CDATA[40]]></id_feature_value>
</feature_product>
<feature_product><id_feature><![CDATA[5]]></id_feature>
<id_product><![CDATA[142]]></id_product>
<id_feature_value><![CDATA[40]]></id_feature_value>
</feature_product>
<feature_product><id_feature><![CDATA[5]]></id_feature>
<id_product><![CDATA[147]]></id_product>
<id_feature_value><![CDATA[40]]></id_feature_value>
</feature_product>
<feature_product><id_feature><![CDATA[5]]></id_feature>
<id_product><![CDATA[150]]></id_product>
<id_feature_value><![CDATA[40]]></id_feature_value>
</feature_product>
<feature_product><id_feature><![CDATA[5]]></id_feature>
<id_product><![CDATA[154]]></id_product>
<id_feature_value><![CDATA[40]]></id_feature_value>
</feature_product>
<feature_product><id_feature><![CDATA[5]]></id_feature>
<id_product><![CDATA[155]]></id_product>
<id_feature_value><![CDATA[40]]></id_feature_value>
</feature_product>
<feature_product><id_feature><![CDATA[5]]></id_feature>
<id_product><![CDATA[160]]></id_product>
<id_feature_value><![CDATA[40]]></id_feature_value>
</feature_product>
<feature_product><id_feature><![CDATA[5]]></id_feature>
<id_product><![CDATA[161]]></id_product>
<id_feature_value><![CDATA[40]]></id_feature_value>
</feature_product>
<feature_product><id_feature><![CDATA[5]]></id_feature>
<id_product><![CDATA[166]]></id_product>
<id_feature_value><![CDATA[40]]></id_feature_value>
</feature_product>
<feature_product><id_feature><![CDATA[5]]></id_feature>
<id_product><![CDATA[168]]></id_product>
<id_feature_value><![CDATA[40]]></id_feature_value>
</feature_product>
<feature_product><id_feature><![CDATA[5]]></id_feature>
<id_product><![CDATA[170]]></id_product>
<id_feature_value><![CDATA[40]]></id_feature_value>
</feature_product>
<feature_product><id_feature><![CDATA[5]]></id_feature>
<id_product><![CDATA[171]]></id_product>
<id_feature_value><![CDATA[40]]></id_feature_value>
</feature_product>
<feature_product><id_feature><![CDATA[5]]></id_feature>
<id_product><![CDATA[174]]></id_product>
<id_feature_value><![CDATA[40]]></id_feature_value>
</feature_product>
<feature_product><id_feature><![CDATA[5]]></id_feature>
<id_product><![CDATA[178]]></id_product>
<id_feature_value><![CDATA[40]]></id_feature_value>
</feature_product>
<feature_product><id_feature><![CDATA[5]]></id_feature>
<id_product><![CDATA[183]]></id_product>
<id_feature_value><![CDATA[40]]></id_feature_value>
</feature_product>
<feature_product><id_feature><![CDATA[5]]></id_feature>
<id_product><![CDATA[184]]></id_product>
<id_feature_value><![CDATA[40]]></id_feature_value>
</feature_product>
<feature_product><id_feature><![CDATA[5]]></id_feature>
<id_product><![CDATA[185]]></id_product>
<id_feature_value><![CDATA[40]]></id_feature_value>
</feature_product>
<feature_product><id_feature><![CDATA[5]]></id_feature>
<id_product><![CDATA[194]]></id_product>
<id_feature_value><![CDATA[40]]></id_feature_value>
</feature_product>
<feature_product><id_feature><![CDATA[5]]></id_feature>
<id_product><![CDATA[195]]></id_product>
<id_feature_value><![CDATA[40]]></id_feature_value>
</feature_product>
<feature_product><id_feature><![CDATA[5]]></id_feature>
<id_product><![CDATA[200]]></id_product>
<id_feature_value><![CDATA[40]]></id_feature_value>
</feature_product>
<feature_product><id_feature><![CDATA[5]]></id_feature>
<id_product><![CDATA[204]]></id_product>
<id_feature_value><![CDATA[40]]></id_feature_value>
</feature_product>
<feature_product><id_feature><![CDATA[5]]></id_feature>
<id_product><![CDATA[206]]></id_product>
<id_feature_value><![CDATA[40]]></id_feature_value>
</feature_product>
<feature_product><id_feature><![CDATA[5]]></id_feature>
<id_product><![CDATA[211]]></id_product>
<id_feature_value><![CDATA[40]]></id_feature_value>
</feature_product>
<feature_product><id_feature><![CDATA[5]]></id_feature>
<id_product><![CDATA[212]]></id_product>
<id_feature_value><![CDATA[40]]></id_feature_value>
</feature_product>
<feature_product><id_feature><![CDATA[5]]></id_feature>
<id_product><![CDATA[216]]></id_product>
<id_feature_value><![CDATA[40]]></id_feature_value>
</feature_product>
<feature_product><id_feature><![CDATA[5]]></id_feature>
<id_product><![CDATA[225]]></id_product>
<id_feature_value><![CDATA[40]]></id_feature_value>
</feature_product>
<feature_product><id_feature><![CDATA[5]]></id_feature>
<id_product><![CDATA[226]]></id_product>
<id_feature_value><![CDATA[40]]></id_feature_value>
</feature_product>
<feature_product><id_feature><![CDATA[5]]></id_feature>
<id_product><![CDATA[255]]></id_product>
<id_feature_value><![CDATA[40]]></id_feature_value>
</feature_product>
<feature_product><id_feature><![CDATA[5]]></id_feature>
<id_product><![CDATA[274]]></id_product>
<id_feature_value><![CDATA[40]]></id_feature_value>
</feature_product>
<feature_product><id_feature><![CDATA[5]]></id_feature>
<id_product><![CDATA[277]]></id_product>
<id_feature_value><![CDATA[40]]></id_feature_value>
</feature_product>
<feature_product><id_feature><![CDATA[5]]></id_feature>
<id_product><![CDATA[286]]></id_product>
<id_feature_value><![CDATA[40]]></id_feature_value>
</feature_product>
<feature_product><id_feature><![CDATA[5]]></id_feature>
<id_product><![CDATA[298]]></id_product>
<id_feature_value><![CDATA[40]]></id_feature_value>
</feature_product>
<feature_product><id_feature><![CDATA[5]]></id_feature>
<id_product><![CDATA[306]]></id_product>
<id_feature_value><![CDATA[40]]></id_feature_value>
</feature_product>
<feature_product><id_feature><![CDATA[5]]></id_feature>
<id_product><![CDATA[327]]></id_product>
<id_feature_value><![CDATA[40]]></id_feature_value>
</feature_product>
<feature_product><id_feature><![CDATA[5]]></id_feature>
<id_product><![CDATA[328]]></id_product>
<id_feature_value><![CDATA[40]]></id_feature_value>
</feature_product>
<feature_product><id_feature><![CDATA[5]]></id_feature>
<id_product><![CDATA[1234]]></id_product>
<id_feature_value><![CDATA[40]]></id_feature_value>
</feature_product>
<feature_product><id_feature><![CDATA[5]]></id_feature>
<id_product><![CDATA[1235]]></id_product>
<id_feature_value><![CDATA[40]]></id_feature_value>
</feature_product>
<feature_product><id_feature><![CDATA[5]]></id_feature>
<id_product><![CDATA[1435]]></id_product>
<id_feature_value><![CDATA[40]]></id_feature_value>
</feature_product>
<feature_product><id_feature><![CDATA[5]]></id_feature>
<id_product><![CDATA[1458]]></id_product>
<id_feature_value><![CDATA[40]]></id_feature_value>
</feature_product>
<feature_product><id_feature><![CDATA[5]]></id_feature>
<id_product><![CDATA[1459]]></id_product>
<id_feature_value><![CDATA[40]]></id_feature_value>
</feature_product>
<feature_product><id_feature><![CDATA[5]]></id_feature>
<id_product><![CDATA[1460]]></id_product>
<id_feature_value><![CDATA[40]]></id_feature_value>
</feature_product>
<feature_product><id_feature><![CDATA[5]]></id_feature>
<id_product><![CDATA[1461]]></id_product>
<id_feature_value><![CDATA[40]]></id_feature_value>
</feature_product>
<feature_product><id_feature><![CDATA[5]]></id_feature>
<id_product><![CDATA[3553]]></id_product>
<id_feature_value><![CDATA[40]]></id_feature_value>
</feature_product>
<feature_product><id_feature><![CDATA[5]]></id_feature>
<id_product><![CDATA[3557]]></id_product>
<id_feature_value><![CDATA[40]]></id_feature_value>
</feature_product>
<feature_product><id_feature><![CDATA[5]]></id_feature>
<id_product><![CDATA[3558]]></id_product>
<id_feature_value><![CDATA[40]]></id_feature_value>
</feature_product>
<feature_product><id_feature><![CDATA[5]]></id_feature>
<id_product><![CDATA[3560]]></id_product>
<id_feature_value><![CDATA[40]]></id_feature_value>
</feature_product>
<feature_product><id_feature><![CDATA[5]]></id_feature>
<id_product><![CDATA[229]]></id_product>
<id_feature_value><![CDATA[41]]></id_feature_value>
</feature_product>
<feature_product><id_feature><![CDATA[5]]></id_feature>
<id_product><![CDATA[230]]></id_product>
<id_feature_value><![CDATA[41]]></id_feature_value>
</feature_product>
<feature_product><id_feature><![CDATA[5]]></id_feature>
<id_product><![CDATA[231]]></id_product>
<id_feature_value><![CDATA[41]]></id_feature_value>
</feature_product>
<feature_product><id_feature><![CDATA[5]]></id_feature>
<id_product><![CDATA[232]]></id_product>
<id_feature_value><![CDATA[41]]></id_feature_value>
</feature_product>
<feature_product><id_feature><![CDATA[5]]></id_feature>
<id_product><![CDATA[233]]></id_product>
<id_feature_value><![CDATA[41]]></id_feature_value>
</feature_product>
<feature_product><id_feature><![CDATA[5]]></id_feature>
<id_product><![CDATA[234]]></id_product>
<id_feature_value><![CDATA[41]]></id_feature_value>
</feature_product>
<feature_product><id_feature><![CDATA[5]]></id_feature>
<id_product><![CDATA[235]]></id_product>
<id_feature_value><![CDATA[41]]></id_feature_value>
</feature_product>
<feature_product><id_feature><![CDATA[5]]></id_feature>
<id_product><![CDATA[236]]></id_product>
<id_feature_value><![CDATA[41]]></id_feature_value>
</feature_product>
<feature_product><id_feature><![CDATA[5]]></id_feature>
<id_product><![CDATA[238]]></id_product>
<id_feature_value><![CDATA[41]]></id_feature_value>
</feature_product>
<feature_product><id_feature><![CDATA[5]]></id_feature>
<id_product><![CDATA[239]]></id_product>
<id_feature_value><![CDATA[41]]></id_feature_value>
</feature_product>
<feature_product><id_feature><![CDATA[5]]></id_feature>
<id_product><![CDATA[240]]></id_product>
<id_feature_value><![CDATA[41]]></id_feature_value>
</feature_product>
<feature_product><id_feature><![CDATA[5]]></id_feature>
<id_product><![CDATA[241]]></id_product>
<id_feature_value><![CDATA[41]]></id_feature_value>
</feature_product>
<feature_product><id_feature><![CDATA[5]]></id_feature>
<id_product><![CDATA[242]]></id_product>
<id_feature_value><![CDATA[41]]></id_feature_value>
</feature_product>
<feature_product><id_feature><![CDATA[5]]></id_feature>
<id_product><![CDATA[243]]></id_product>
<id_feature_value><![CDATA[41]]></id_feature_value>
</feature_product>
<feature_product><id_feature><![CDATA[5]]></id_feature>
<id_product><![CDATA[244]]></id_product>
<id_feature_value><![CDATA[41]]></id_feature_value>
</feature_product>
<feature_product><id_feature><![CDATA[5]]></id_feature>
<id_product><![CDATA[245]]></id_product>
<id_feature_value><![CDATA[41]]></id_feature_value>
</feature_product>
<feature_product><id_feature><![CDATA[5]]></id_feature>
<id_product><![CDATA[246]]></id_product>
<id_feature_value><![CDATA[41]]></id_feature_value>
</feature_product>
<feature_product><id_feature><![CDATA[5]]></id_feature>
<id_product><![CDATA[249]]></id_product>
<id_feature_value><![CDATA[41]]></id_feature_value>
</feature_product>
<feature_product><id_feature><![CDATA[5]]></id_feature>
<id_product><![CDATA[353]]></id_product>
<id_feature_value><![CDATA[41]]></id_feature_value>
</feature_product>
<feature_product><id_feature><![CDATA[5]]></id_feature>
<id_product><![CDATA[354]]></id_product>
<id_feature_value><![CDATA[41]]></id_feature_value>
</feature_product>
<feature_product><id_feature><![CDATA[5]]></id_feature>
<id_product><![CDATA[452]]></id_product>
<id_feature_value><![CDATA[41]]></id_feature_value>
</feature_product>
<feature_product><id_feature><![CDATA[9]]></id_feature>
<id_product><![CDATA[607]]></id_product>
<id_feature_value><![CDATA[42]]></id_feature_value>
</feature_product>
<feature_product><id_feature><![CDATA[9]]></id_feature>
<id_product><![CDATA[608]]></id_product>
<id_feature_value><![CDATA[42]]></id_feature_value>
</feature_product>
<feature_product><id_feature><![CDATA[9]]></id_feature>
<id_product><![CDATA[609]]></id_product>
<id_feature_value><![CDATA[42]]></id_feature_value>
</feature_product>
<feature_product><id_feature><![CDATA[9]]></id_feature>
<id_product><![CDATA[610]]></id_product>
<id_feature_value><![CDATA[42]]></id_feature_value>
</feature_product>
<feature_product><id_feature><![CDATA[9]]></id_feature>
<id_product><![CDATA[611]]></id_product>
<id_feature_value><![CDATA[42]]></id_feature_value>
</feature_product>
<feature_product><id_feature><![CDATA[9]]></id_feature>
<id_product><![CDATA[612]]></id_product>
<id_feature_value><![CDATA[42]]></id_feature_value>
</feature_product>
<feature_product><id_feature><![CDATA[9]]></id_feature>
<id_product><![CDATA[613]]></id_product>
<id_feature_value><![CDATA[42]]></id_feature_value>
</feature_product>
<feature_product><id_feature><![CDATA[9]]></id_feature>
<id_product><![CDATA[614]]></id_product>
<id_feature_value><![CDATA[42]]></id_feature_value>
</feature_product>
<feature_product><id_feature><![CDATA[9]]></id_feature>
<id_product><![CDATA[615]]></id_product>
<id_feature_value><![CDATA[42]]></id_feature_value>
</feature_product>
<feature_product><id_feature><![CDATA[9]]></id_feature>
<id_product><![CDATA[616]]></id_product>
<id_feature_value><![CDATA[42]]></id_feature_value>
</feature_product>
<feature_product><id_feature><![CDATA[9]]></id_feature>
<id_product><![CDATA[617]]></id_product>
<id_feature_value><![CDATA[42]]></id_feature_value>
</feature_product>
<feature_product><id_feature><![CDATA[9]]></id_feature>
<id_product><![CDATA[621]]></id_product>
<id_feature_value><![CDATA[42]]></id_feature_value>
</feature_product>
<feature_product><id_feature><![CDATA[9]]></id_feature>
<id_product><![CDATA[622]]></id_product>
<id_feature_value><![CDATA[42]]></id_feature_value>
</feature_product>
<feature_product><id_feature><![CDATA[9]]></id_feature>
<id_product><![CDATA[623]]></id_product>
<id_feature_value><![CDATA[42]]></id_feature_value>
</feature_product>
<feature_product><id_feature><![CDATA[9]]></id_feature>
<id_product><![CDATA[624]]></id_product>
<id_feature_value><![CDATA[42]]></id_feature_value>
</feature_product>
<feature_product><id_feature><![CDATA[9]]></id_feature>
<id_product><![CDATA[625]]></id_product>
<id_feature_value><![CDATA[42]]></id_feature_value>
</feature_product>
<feature_product><id_feature><![CDATA[9]]></id_feature>
<id_product><![CDATA[626]]></id_product>
<id_feature_value><![CDATA[42]]></id_feature_value>
</feature_product>
<feature_product><id_feature><![CDATA[9]]></id_feature>
<id_product><![CDATA[627]]></id_product>
<id_feature_value><![CDATA[42]]></id_feature_value>
</feature_product>
<feature_product><id_feature><![CDATA[9]]></id_feature>
<id_product><![CDATA[629]]></id_product>
<id_feature_value><![CDATA[42]]></id_feature_value>
</feature_product>
<feature_product><id_feature><![CDATA[9]]></id_feature>
<id_product><![CDATA[631]]></id_product>
<id_feature_value><![CDATA[42]]></id_feature_value>
</feature_product>
<feature_product><id_feature><![CDATA[9]]></id_feature>
<id_product><![CDATA[635]]></id_product>
<id_feature_value><![CDATA[42]]></id_feature_value>
</feature_product>
<feature_product><id_feature><![CDATA[9]]></id_feature>
<id_product><![CDATA[636]]></id_product>
<id_feature_value><![CDATA[42]]></id_feature_value>
</feature_product>
<feature_product><id_feature><![CDATA[9]]></id_feature>
<id_product><![CDATA[639]]></id_product>
<id_feature_value><![CDATA[42]]></id_feature_value>
</feature_product>
<feature_product><id_feature><![CDATA[9]]></id_feature>
<id_product><![CDATA[640]]></id_product>
<id_feature_value><![CDATA[42]]></id_feature_value>
</feature_product>
<feature_product><id_feature><![CDATA[9]]></id_feature>
<id_product><![CDATA[641]]></id_product>
<id_feature_value><![CDATA[42]]></id_feature_value>
</feature_product>
<feature_product><id_feature><![CDATA[9]]></id_feature>
<id_product><![CDATA[642]]></id_product>
<id_feature_value><![CDATA[42]]></id_feature_value>
</feature_product>
<feature_product><id_feature><![CDATA[9]]></id_feature>
<id_product><![CDATA[643]]></id_product>
<id_feature_value><![CDATA[42]]></id_feature_value>
</feature_product>
<feature_product><id_feature><![CDATA[9]]></id_feature>
<id_product><![CDATA[644]]></id_product>
<id_feature_value><![CDATA[42]]></id_feature_value>
</feature_product>
<feature_product><id_feature><![CDATA[9]]></id_feature>
<id_product><![CDATA[645]]></id_product>
<id_feature_value><![CDATA[42]]></id_feature_value>
</feature_product>
<feature_product><id_feature><![CDATA[9]]></id_feature>
<id_product><![CDATA[648]]></id_product>
<id_feature_value><![CDATA[42]]></id_feature_value>
</feature_product>
<feature_product><id_feature><![CDATA[9]]></id_feature>
<id_product><![CDATA[649]]></id_product>
<id_feature_value><![CDATA[42]]></id_feature_value>
</feature_product>
<feature_product><id_feature><![CDATA[9]]></id_feature>
<id_product><![CDATA[650]]></id_product>
<id_feature_value><![CDATA[42]]></id_feature_value>
</feature_product>
<feature_product><id_feature><![CDATA[9]]></id_feature>
<id_product><![CDATA[653]]></id_product>
<id_feature_value><![CDATA[42]]></id_feature_value>
</feature_product>
<feature_product><id_feature><![CDATA[9]]></id_feature>
<id_product><![CDATA[654]]></id_product>
<id_feature_value><![CDATA[42]]></id_feature_value>
</feature_product>
<feature_product><id_feature><![CDATA[9]]></id_feature>
<id_product><![CDATA[663]]></id_product>
<id_feature_value><![CDATA[42]]></id_feature_value>
</feature_product>
<feature_product><id_feature><![CDATA[9]]></id_feature>
<id_product><![CDATA[785]]></id_product>
<id_feature_value><![CDATA[42]]></id_feature_value>
</feature_product>
<feature_product><id_feature><![CDATA[9]]></id_feature>
<id_product><![CDATA[786]]></id_product>
<id_feature_value><![CDATA[42]]></id_feature_value>
</feature_product>
<feature_product><id_feature><![CDATA[9]]></id_feature>
<id_product><![CDATA[787]]></id_product>
<id_feature_value><![CDATA[42]]></id_feature_value>
</feature_product>
<feature_product><id_feature><![CDATA[9]]></id_feature>
<id_product><![CDATA[788]]></id_product>
<id_feature_value><![CDATA[42]]></id_feature_value>
</feature_product>
<feature_product><id_feature><![CDATA[9]]></id_feature>
<id_product><![CDATA[800]]></id_product>
<id_feature_value><![CDATA[42]]></id_feature_value>
</feature_product>
<feature_product><id_feature><![CDATA[9]]></id_feature>
<id_product><![CDATA[4127]]></id_product>
<id_feature_value><![CDATA[42]]></id_feature_value>
</feature_product>
<feature_product><id_feature><![CDATA[9]]></id_feature>
<id_product><![CDATA[4170]]></id_product>
<id_feature_value><![CDATA[42]]></id_feature_value>
</feature_product>
<feature_product><id_feature><![CDATA[9]]></id_feature>
<id_product><![CDATA[4173]]></id_product>
<id_feature_value><![CDATA[42]]></id_feature_value>
</feature_product>
<feature_product><id_feature><![CDATA[9]]></id_feature>
<id_product><![CDATA[4174]]></id_product>
<id_feature_value><![CDATA[42]]></id_feature_value>
</feature_product>
<feature_product><id_feature><![CDATA[9]]></id_feature>
<id_product><![CDATA[618]]></id_product>
<id_feature_value><![CDATA[43]]></id_feature_value>
</feature_product>
<feature_product><id_feature><![CDATA[9]]></id_feature>
<id_product><![CDATA[619]]></id_product>
<id_feature_value><![CDATA[43]]></id_feature_value>
</feature_product>
<feature_product><id_feature><![CDATA[9]]></id_feature>
<id_product><![CDATA[620]]></id_product>
<id_feature_value><![CDATA[43]]></id_feature_value>
</feature_product>
<feature_product><id_feature><![CDATA[9]]></id_feature>
<id_product><![CDATA[628]]></id_product>
<id_feature_value><![CDATA[43]]></id_feature_value>
</feature_product>
<feature_product><id_feature><![CDATA[9]]></id_feature>
<id_product><![CDATA[630]]></id_product>
<id_feature_value><![CDATA[43]]></id_feature_value>
</feature_product>
<feature_product><id_feature><![CDATA[9]]></id_feature>
<id_product><![CDATA[632]]></id_product>
<id_feature_value><![CDATA[43]]></id_feature_value>
</feature_product>
<feature_product><id_feature><![CDATA[9]]></id_feature>
<id_product><![CDATA[633]]></id_product>
<id_feature_value><![CDATA[43]]></id_feature_value>
</feature_product>
<feature_product><id_feature><![CDATA[9]]></id_feature>
<id_product><![CDATA[634]]></id_product>
<id_feature_value><![CDATA[43]]></id_feature_value>
</feature_product>
<feature_product><id_feature><![CDATA[9]]></id_feature>
<id_product><![CDATA[638]]></id_product>
<id_feature_value><![CDATA[43]]></id_feature_value>
</feature_product>
<feature_product><id_feature><![CDATA[9]]></id_feature>
<id_product><![CDATA[646]]></id_product>
<id_feature_value><![CDATA[43]]></id_feature_value>
</feature_product>
<feature_product><id_feature><![CDATA[9]]></id_feature>
<id_product><![CDATA[647]]></id_product>
<id_feature_value><![CDATA[43]]></id_feature_value>
</feature_product>
<feature_product><id_feature><![CDATA[9]]></id_feature>
<id_product><![CDATA[651]]></id_product>
<id_feature_value><![CDATA[43]]></id_feature_value>
</feature_product>
<feature_product><id_feature><![CDATA[9]]></id_feature>
<id_product><![CDATA[652]]></id_product>
<id_feature_value><![CDATA[43]]></id_feature_value>
</feature_product>
<feature_product><id_feature><![CDATA[9]]></id_feature>
<id_product><![CDATA[655]]></id_product>
<id_feature_value><![CDATA[43]]></id_feature_value>
</feature_product>
<feature_product><id_feature><![CDATA[9]]></id_feature>
<id_product><![CDATA[656]]></id_product>
<id_feature_value><![CDATA[43]]></id_feature_value>
</feature_product>
<feature_product><id_feature><![CDATA[9]]></id_feature>
<id_product><![CDATA[658]]></id_product>
<id_feature_value><![CDATA[43]]></id_feature_value>
</feature_product>
<feature_product><id_feature><![CDATA[9]]></id_feature>
<id_product><![CDATA[659]]></id_product>
<id_feature_value><![CDATA[43]]></id_feature_value>
</feature_product>
<feature_product><id_feature><![CDATA[9]]></id_feature>
<id_product><![CDATA[660]]></id_product>
<id_feature_value><![CDATA[43]]></id_feature_value>
</feature_product>
<feature_product><id_feature><![CDATA[9]]></id_feature>
<id_product><![CDATA[661]]></id_product>
<id_feature_value><![CDATA[43]]></id_feature_value>
</feature_product>
<feature_product><id_feature><![CDATA[9]]></id_feature>
<id_product><![CDATA[664]]></id_product>
<id_feature_value><![CDATA[43]]></id_feature_value>
</feature_product>
<feature_product><id_feature><![CDATA[9]]></id_feature>
<id_product><![CDATA[4081]]></id_product>
<id_feature_value><![CDATA[43]]></id_feature_value>
</feature_product>
<feature_product><id_feature><![CDATA[9]]></id_feature>
<id_product><![CDATA[4088]]></id_product>
<id_feature_value><![CDATA[43]]></id_feature_value>
</feature_product>
<feature_product><id_feature><![CDATA[9]]></id_feature>
<id_product><![CDATA[4169]]></id_product>
<id_feature_value><![CDATA[43]]></id_feature_value>
</feature_product>
<feature_product><id_feature><![CDATA[9]]></id_feature>
<id_product><![CDATA[4171]]></id_product>
<id_feature_value><![CDATA[43]]></id_feature_value>
</feature_product>
<feature_product><id_feature><![CDATA[5]]></id_feature>
<id_product><![CDATA[207]]></id_product>
<id_feature_value><![CDATA[44]]></id_feature_value>
</feature_product>
<feature_product><id_feature><![CDATA[5]]></id_feature>
<id_product><![CDATA[247]]></id_product>
<id_feature_value><![CDATA[45]]></id_feature_value>
</feature_product>
<feature_product><id_feature><![CDATA[5]]></id_feature>
<id_product><![CDATA[248]]></id_product>
<id_feature_value><![CDATA[45]]></id_feature_value>
</feature_product>
<feature_product><id_feature><![CDATA[5]]></id_feature>
<id_product><![CDATA[1164]]></id_product>
<id_feature_value><![CDATA[45]]></id_feature_value>
</feature_product>
<feature_product><id_feature><![CDATA[5]]></id_feature>
<id_product><![CDATA[355]]></id_product>
<id_feature_value><![CDATA[46]]></id_feature_value>
</feature_product>
<feature_product><id_feature><![CDATA[5]]></id_feature>
<id_product><![CDATA[356]]></id_product>
<id_feature_value><![CDATA[46]]></id_feature_value>
</feature_product>
<feature_product><id_feature><![CDATA[5]]></id_feature>
<id_product><![CDATA[357]]></id_product>
<id_feature_value><![CDATA[46]]></id_feature_value>
</feature_product>
<feature_product><id_feature><![CDATA[5]]></id_feature>
<id_product><![CDATA[358]]></id_product>
<id_feature_value><![CDATA[46]]></id_feature_value>
</feature_product>
<feature_product><id_feature><![CDATA[5]]></id_feature>
<id_product><![CDATA[359]]></id_product>
<id_feature_value><![CDATA[46]]></id_feature_value>
</feature_product>
<feature_product><id_feature><![CDATA[5]]></id_feature>
<id_product><![CDATA[360]]></id_product>
<id_feature_value><![CDATA[46]]></id_feature_value>
</feature_product>
<feature_product><id_feature><![CDATA[5]]></id_feature>
<id_product><![CDATA[362]]></id_product>
<id_feature_value><![CDATA[46]]></id_feature_value>
</feature_product>
<feature_product><id_feature><![CDATA[5]]></id_feature>
<id_product><![CDATA[363]]></id_product>
<id_feature_value><![CDATA[46]]></id_feature_value>
</feature_product>
<feature_product><id_feature><![CDATA[5]]></id_feature>
<id_product><![CDATA[364]]></id_product>
<id_feature_value><![CDATA[46]]></id_feature_value>
</feature_product>
<feature_product><id_feature><![CDATA[5]]></id_feature>
<id_product><![CDATA[365]]></id_product>
<id_feature_value><![CDATA[46]]></id_feature_value>
</feature_product>
<feature_product><id_feature><![CDATA[5]]></id_feature>
<id_product><![CDATA[366]]></id_product>
<id_feature_value><![CDATA[46]]></id_feature_value>
</feature_product>
<feature_product><id_feature><![CDATA[5]]></id_feature>
<id_product><![CDATA[367]]></id_product>
<id_feature_value><![CDATA[46]]></id_feature_value>
</feature_product>
<feature_product><id_feature><![CDATA[5]]></id_feature>
<id_product><![CDATA[368]]></id_product>
<id_feature_value><![CDATA[46]]></id_feature_value>
</feature_product>
<feature_product><id_feature><![CDATA[5]]></id_feature>
<id_product><![CDATA[369]]></id_product>
<id_feature_value><![CDATA[46]]></id_feature_value>
</feature_product>
<feature_product><id_feature><![CDATA[5]]></id_feature>
<id_product><![CDATA[370]]></id_product>
<id_feature_value><![CDATA[46]]></id_feature_value>
</feature_product>
<feature_product><id_feature><![CDATA[5]]></id_feature>
<id_product><![CDATA[371]]></id_product>
<id_feature_value><![CDATA[46]]></id_feature_value>
</feature_product>
<feature_product><id_feature><![CDATA[5]]></id_feature>
<id_product><![CDATA[372]]></id_product>
<id_feature_value><![CDATA[46]]></id_feature_value>
</feature_product>
<feature_product><id_feature><![CDATA[5]]></id_feature>
<id_product><![CDATA[377]]></id_product>
<id_feature_value><![CDATA[47]]></id_feature_value>
</feature_product>
<feature_product><id_feature><![CDATA[5]]></id_feature>
<id_product><![CDATA[378]]></id_product>
<id_feature_value><![CDATA[47]]></id_feature_value>
</feature_product>
<feature_product><id_feature><![CDATA[5]]></id_feature>
<id_product><![CDATA[379]]></id_product>
<id_feature_value><![CDATA[47]]></id_feature_value>
</feature_product>
<feature_product><id_feature><![CDATA[5]]></id_feature>
<id_product><![CDATA[380]]></id_product>
<id_feature_value><![CDATA[47]]></id_feature_value>
</feature_product>
<feature_product><id_feature><![CDATA[5]]></id_feature>
<id_product><![CDATA[381]]></id_product>
<id_feature_value><![CDATA[47]]></id_feature_value>
</feature_product>
<feature_product><id_feature><![CDATA[5]]></id_feature>
<id_product><![CDATA[382]]></id_product>
<id_feature_value><![CDATA[47]]></id_feature_value>
</feature_product>
<feature_product><id_feature><![CDATA[5]]></id_feature>
<id_product><![CDATA[383]]></id_product>
<id_feature_value><![CDATA[47]]></id_feature_value>
</feature_product>
<feature_product><id_feature><![CDATA[5]]></id_feature>
<id_product><![CDATA[384]]></id_product>
<id_feature_value><![CDATA[47]]></id_feature_value>
</feature_product>
<feature_product><id_feature><![CDATA[5]]></id_feature>
<id_product><![CDATA[385]]></id_product>
<id_feature_value><![CDATA[47]]></id_feature_value>
</feature_product>
<feature_product><id_feature><![CDATA[5]]></id_feature>
<id_product><![CDATA[386]]></id_product>
<id_feature_value><![CDATA[47]]></id_feature_value>
</feature_product>
<feature_product><id_feature><![CDATA[5]]></id_feature>
<id_product><![CDATA[387]]></id_product>
<id_feature_value><![CDATA[47]]></id_feature_value>
</feature_product>
<feature_product><id_feature><![CDATA[5]]></id_feature>
<id_product><![CDATA[388]]></id_product>
<id_feature_value><![CDATA[47]]></id_feature_value>
</feature_product>
<feature_product><id_feature><![CDATA[9]]></id_feature>
<id_product><![CDATA[665]]></id_product>
<id_feature_value><![CDATA[49]]></id_feature_value>
</feature_product>
<feature_product><id_feature><![CDATA[9]]></id_feature>
<id_product><![CDATA[666]]></id_product>
<id_feature_value><![CDATA[49]]></id_feature_value>
</feature_product>
<feature_product><id_feature><![CDATA[9]]></id_feature>
<id_product><![CDATA[667]]></id_product>
<id_feature_value><![CDATA[49]]></id_feature_value>
</feature_product>
<feature_product><id_feature><![CDATA[9]]></id_feature>
<id_product><![CDATA[668]]></id_product>
<id_feature_value><![CDATA[49]]></id_feature_value>
</feature_product>
<feature_product><id_feature><![CDATA[9]]></id_feature>
<id_product><![CDATA[669]]></id_product>
<id_feature_value><![CDATA[49]]></id_feature_value>
</feature_product>
<feature_product><id_feature><![CDATA[9]]></id_feature>
<id_product><![CDATA[670]]></id_product>
<id_feature_value><![CDATA[49]]></id_feature_value>
</feature_product>
<feature_product><id_feature><![CDATA[9]]></id_feature>
<id_product><![CDATA[672]]></id_product>
<id_feature_value><![CDATA[49]]></id_feature_value>
</feature_product>
<feature_product><id_feature><![CDATA[9]]></id_feature>
<id_product><![CDATA[679]]></id_product>
<id_feature_value><![CDATA[49]]></id_feature_value>
</feature_product>
<feature_product><id_feature><![CDATA[9]]></id_feature>
<id_product><![CDATA[687]]></id_product>
<id_feature_value><![CDATA[49]]></id_feature_value>
</feature_product>
<feature_product><id_feature><![CDATA[9]]></id_feature>
<id_product><![CDATA[689]]></id_product>
<id_feature_value><![CDATA[49]]></id_feature_value>
</feature_product>
<feature_product><id_feature><![CDATA[9]]></id_feature>
<id_product><![CDATA[693]]></id_product>
<id_feature_value><![CDATA[49]]></id_feature_value>
</feature_product>
<feature_product><id_feature><![CDATA[9]]></id_feature>
<id_product><![CDATA[694]]></id_product>
<id_feature_value><![CDATA[49]]></id_feature_value>
</feature_product>
<feature_product><id_feature><![CDATA[9]]></id_feature>
<id_product><![CDATA[698]]></id_product>
<id_feature_value><![CDATA[49]]></id_feature_value>
</feature_product>
<feature_product><id_feature><![CDATA[9]]></id_feature>
<id_product><![CDATA[699]]></id_product>
<id_feature_value><![CDATA[49]]></id_feature_value>
</feature_product>
<feature_product><id_feature><![CDATA[9]]></id_feature>
<id_product><![CDATA[701]]></id_product>
<id_feature_value><![CDATA[49]]></id_feature_value>
</feature_product>
<feature_product><id_feature><![CDATA[9]]></id_feature>
<id_product><![CDATA[702]]></id_product>
<id_feature_value><![CDATA[49]]></id_feature_value>
</feature_product>
<feature_product><id_feature><![CDATA[9]]></id_feature>
<id_product><![CDATA[707]]></id_product>
<id_feature_value><![CDATA[49]]></id_feature_value>
</feature_product>
<feature_product><id_feature><![CDATA[9]]></id_feature>
<id_product><![CDATA[712]]></id_product>
<id_feature_value><![CDATA[49]]></id_feature_value>
</feature_product>
<feature_product><id_feature><![CDATA[9]]></id_feature>
<id_product><![CDATA[791]]></id_product>
<id_feature_value><![CDATA[49]]></id_feature_value>
</feature_product>
<feature_product><id_feature><![CDATA[9]]></id_feature>
<id_product><![CDATA[801]]></id_product>
<id_feature_value><![CDATA[49]]></id_feature_value>
</feature_product>
<feature_product><id_feature><![CDATA[9]]></id_feature>
<id_product><![CDATA[4164]]></id_product>
<id_feature_value><![CDATA[49]]></id_feature_value>
</feature_product>
<feature_product><id_feature><![CDATA[9]]></id_feature>
<id_product><![CDATA[676]]></id_product>
<id_feature_value><![CDATA[50]]></id_feature_value>
</feature_product>
<feature_product><id_feature><![CDATA[9]]></id_feature>
<id_product><![CDATA[677]]></id_product>
<id_feature_value><![CDATA[50]]></id_feature_value>
</feature_product>
<feature_product><id_feature><![CDATA[9]]></id_feature>
<id_product><![CDATA[678]]></id_product>
<id_feature_value><![CDATA[50]]></id_feature_value>
</feature_product>
<feature_product><id_feature><![CDATA[9]]></id_feature>
<id_product><![CDATA[688]]></id_product>
<id_feature_value><![CDATA[50]]></id_feature_value>
</feature_product>
<feature_product><id_feature><![CDATA[9]]></id_feature>
<id_product><![CDATA[690]]></id_product>
<id_feature_value><![CDATA[50]]></id_feature_value>
</feature_product>
<feature_product><id_feature><![CDATA[9]]></id_feature>
<id_product><![CDATA[692]]></id_product>
<id_feature_value><![CDATA[50]]></id_feature_value>
</feature_product>
<feature_product><id_feature><![CDATA[9]]></id_feature>
<id_product><![CDATA[696]]></id_product>
<id_feature_value><![CDATA[50]]></id_feature_value>
</feature_product>
<feature_product><id_feature><![CDATA[9]]></id_feature>
<id_product><![CDATA[704]]></id_product>
<id_feature_value><![CDATA[50]]></id_feature_value>
</feature_product>
<feature_product><id_feature><![CDATA[9]]></id_feature>
<id_product><![CDATA[713]]></id_product>
<id_feature_value><![CDATA[50]]></id_feature_value>
</feature_product>
<feature_product><id_feature><![CDATA[9]]></id_feature>
<id_product><![CDATA[714]]></id_product>
<id_feature_value><![CDATA[50]]></id_feature_value>
</feature_product>
<feature_product><id_feature><![CDATA[9]]></id_feature>
<id_product><![CDATA[716]]></id_product>
<id_feature_value><![CDATA[50]]></id_feature_value>
</feature_product>
<feature_product><id_feature><![CDATA[9]]></id_feature>
<id_product><![CDATA[717]]></id_product>
<id_feature_value><![CDATA[50]]></id_feature_value>
</feature_product>
<feature_product><id_feature><![CDATA[9]]></id_feature>
<id_product><![CDATA[718]]></id_product>
<id_feature_value><![CDATA[50]]></id_feature_value>
</feature_product>
<feature_product><id_feature><![CDATA[9]]></id_feature>
<id_product><![CDATA[719]]></id_product>
<id_feature_value><![CDATA[50]]></id_feature_value>
</feature_product>
<feature_product><id_feature><![CDATA[9]]></id_feature>
<id_product><![CDATA[722]]></id_product>
<id_feature_value><![CDATA[50]]></id_feature_value>
</feature_product>
<feature_product><id_feature><![CDATA[9]]></id_feature>
<id_product><![CDATA[4079]]></id_product>
<id_feature_value><![CDATA[50]]></id_feature_value>
</feature_product>
<feature_product><id_feature><![CDATA[9]]></id_feature>
<id_product><![CDATA[4082]]></id_product>
<id_feature_value><![CDATA[50]]></id_feature_value>
</feature_product>
<feature_product><id_feature><![CDATA[9]]></id_feature>
<id_product><![CDATA[4148]]></id_product>
<id_feature_value><![CDATA[50]]></id_feature_value>
</feature_product>
<feature_product><id_feature><![CDATA[9]]></id_feature>
<id_product><![CDATA[4150]]></id_product>
<id_feature_value><![CDATA[50]]></id_feature_value>
</feature_product>
<feature_product><id_feature><![CDATA[10]]></id_feature>
<id_product><![CDATA[665]]></id_product>
<id_feature_value><![CDATA[51]]></id_feature_value>
</feature_product>
<feature_product><id_feature><![CDATA[10]]></id_feature>
<id_product><![CDATA[666]]></id_product>
<id_feature_value><![CDATA[51]]></id_feature_value>
</feature_product>
<feature_product><id_feature><![CDATA[10]]></id_feature>
<id_product><![CDATA[667]]></id_product>
<id_feature_value><![CDATA[51]]></id_feature_value>
</feature_product>
<feature_product><id_feature><![CDATA[10]]></id_feature>
<id_product><![CDATA[668]]></id_product>
<id_feature_value><![CDATA[51]]></id_feature_value>
</feature_product>
<feature_product><id_feature><![CDATA[10]]></id_feature>
<id_product><![CDATA[669]]></id_product>
<id_feature_value><![CDATA[51]]></id_feature_value>
</feature_product>
<feature_product><id_feature><![CDATA[10]]></id_feature>
<id_product><![CDATA[670]]></id_product>
<id_feature_value><![CDATA[51]]></id_feature_value>
</feature_product>
<feature_product><id_feature><![CDATA[10]]></id_feature>
<id_product><![CDATA[672]]></id_product>
<id_feature_value><![CDATA[51]]></id_feature_value>
</feature_product>
<feature_product><id_feature><![CDATA[10]]></id_feature>
<id_product><![CDATA[679]]></id_product>
<id_feature_value><![CDATA[51]]></id_feature_value>
</feature_product>
<feature_product><id_feature><![CDATA[10]]></id_feature>
<id_product><![CDATA[687]]></id_product>
<id_feature_value><![CDATA[51]]></id_feature_value>
</feature_product>
<feature_product><id_feature><![CDATA[10]]></id_feature>
<id_product><![CDATA[689]]></id_product>
<id_feature_value><![CDATA[51]]></id_feature_value>
</feature_product>
<feature_product><id_feature><![CDATA[10]]></id_feature>
<id_product><![CDATA[693]]></id_product>
<id_feature_value><![CDATA[51]]></id_feature_value>
</feature_product>
<feature_product><id_feature><![CDATA[10]]></id_feature>
<id_product><![CDATA[694]]></id_product>
<id_feature_value><![CDATA[51]]></id_feature_value>
</feature_product>
<feature_product><id_feature><![CDATA[10]]></id_feature>
<id_product><![CDATA[698]]></id_product>
<id_feature_value><![CDATA[51]]></id_feature_value>
</feature_product>
<feature_product><id_feature><![CDATA[10]]></id_feature>
<id_product><![CDATA[699]]></id_product>
<id_feature_value><![CDATA[51]]></id_feature_value>
</feature_product>
<feature_product><id_feature><![CDATA[10]]></id_feature>
<id_product><![CDATA[701]]></id_product>
<id_feature_value><![CDATA[51]]></id_feature_value>
</feature_product>
<feature_product><id_feature><![CDATA[10]]></id_feature>
<id_product><![CDATA[702]]></id_product>
<id_feature_value><![CDATA[51]]></id_feature_value>
</feature_product>
<feature_product><id_feature><![CDATA[10]]></id_feature>
<id_product><![CDATA[707]]></id_product>
<id_feature_value><![CDATA[51]]></id_feature_value>
</feature_product>
<feature_product><id_feature><![CDATA[10]]></id_feature>
<id_product><![CDATA[712]]></id_product>
<id_feature_value><![CDATA[51]]></id_feature_value>
</feature_product>
<feature_product><id_feature><![CDATA[10]]></id_feature>
<id_product><![CDATA[801]]></id_product>
<id_feature_value><![CDATA[51]]></id_feature_value>
</feature_product>
<feature_product><id_feature><![CDATA[10]]></id_feature>
<id_product><![CDATA[676]]></id_product>
<id_feature_value><![CDATA[52]]></id_feature_value>
</feature_product>
<feature_product><id_feature><![CDATA[10]]></id_feature>
<id_product><![CDATA[677]]></id_product>
<id_feature_value><![CDATA[52]]></id_feature_value>
</feature_product>
<feature_product><id_feature><![CDATA[10]]></id_feature>
<id_product><![CDATA[678]]></id_product>
<id_feature_value><![CDATA[52]]></id_feature_value>
</feature_product>
<feature_product><id_feature><![CDATA[10]]></id_feature>
<id_product><![CDATA[688]]></id_product>
<id_feature_value><![CDATA[52]]></id_feature_value>
</feature_product>
<feature_product><id_feature><![CDATA[10]]></id_feature>
<id_product><![CDATA[690]]></id_product>
<id_feature_value><![CDATA[52]]></id_feature_value>
</feature_product>
<feature_product><id_feature><![CDATA[10]]></id_feature>
<id_product><![CDATA[692]]></id_product>
<id_feature_value><![CDATA[52]]></id_feature_value>
</feature_product>
<feature_product><id_feature><![CDATA[10]]></id_feature>
<id_product><![CDATA[696]]></id_product>
<id_feature_value><![CDATA[52]]></id_feature_value>
</feature_product>
<feature_product><id_feature><![CDATA[10]]></id_feature>
<id_product><![CDATA[704]]></id_product>
<id_feature_value><![CDATA[52]]></id_feature_value>
</feature_product>
<feature_product><id_feature><![CDATA[10]]></id_feature>
<id_product><![CDATA[713]]></id_product>
<id_feature_value><![CDATA[52]]></id_feature_value>
</feature_product>
<feature_product><id_feature><![CDATA[10]]></id_feature>
<id_product><![CDATA[714]]></id_product>
<id_feature_value><![CDATA[52]]></id_feature_value>
</feature_product>
<feature_product><id_feature><![CDATA[10]]></id_feature>
<id_product><![CDATA[716]]></id_product>
<id_feature_value><![CDATA[52]]></id_feature_value>
</feature_product>
<feature_product><id_feature><![CDATA[10]]></id_feature>
<id_product><![CDATA[717]]></id_product>
<id_feature_value><![CDATA[52]]></id_feature_value>
</feature_product>
<feature_product><id_feature><![CDATA[10]]></id_feature>
<id_product><![CDATA[718]]></id_product>
<id_feature_value><![CDATA[52]]></id_feature_value>
</feature_product>
<feature_product><id_feature><![CDATA[10]]></id_feature>
<id_product><![CDATA[719]]></id_product>
<id_feature_value><![CDATA[52]]></id_feature_value>
</feature_product>
<feature_product><id_feature><![CDATA[10]]></id_feature>
<id_product><![CDATA[722]]></id_product>
<id_feature_value><![CDATA[52]]></id_feature_value>
</feature_product>
<feature_product><id_feature><![CDATA[10]]></id_feature>
<id_product><![CDATA[792]]></id_product>
<id_feature_value><![CDATA[52]]></id_feature_value>
</feature_product>
<feature_product><id_feature><![CDATA[10]]></id_feature>
<id_product><![CDATA[4079]]></id_product>
<id_feature_value><![CDATA[52]]></id_feature_value>
</feature_product>
<feature_product><id_feature><![CDATA[10]]></id_feature>
<id_product><![CDATA[4082]]></id_product>
<id_feature_value><![CDATA[52]]></id_feature_value>
</feature_product>
<feature_product><id_feature><![CDATA[10]]></id_feature>
<id_product><![CDATA[4148]]></id_product>
<id_feature_value><![CDATA[52]]></id_feature_value>
</feature_product>
<feature_product><id_feature><![CDATA[10]]></id_feature>
<id_product><![CDATA[4150]]></id_product>
<id_feature_value><![CDATA[52]]></id_feature_value>
</feature_product>
<feature_product><id_feature><![CDATA[10]]></id_feature>
<id_product><![CDATA[794]]></id_product>
<id_feature_value><![CDATA[53]]></id_feature_value>
</feature_product>
<feature_product><id_feature><![CDATA[10]]></id_feature>
<id_product><![CDATA[685]]></id_product>
<id_feature_value><![CDATA[55]]></id_feature_value>
</feature_product>
<feature_product><id_feature><![CDATA[10]]></id_feature>
<id_product><![CDATA[733]]></id_product>
<id_feature_value><![CDATA[55]]></id_feature_value>
</feature_product>
<feature_product><id_feature><![CDATA[10]]></id_feature>
<id_product><![CDATA[742]]></id_product>
<id_feature_value><![CDATA[55]]></id_feature_value>
</feature_product>
<feature_product><id_feature><![CDATA[10]]></id_feature>
<id_product><![CDATA[743]]></id_product>
<id_feature_value><![CDATA[55]]></id_feature_value>
</feature_product>
<feature_product><id_feature><![CDATA[10]]></id_feature>
<id_product><![CDATA[758]]></id_product>
<id_feature_value><![CDATA[55]]></id_feature_value>
</feature_product>
<feature_product><id_feature><![CDATA[10]]></id_feature>
<id_product><![CDATA[764]]></id_product>
<id_feature_value><![CDATA[55]]></id_feature_value>
</feature_product>
<feature_product><id_feature><![CDATA[10]]></id_feature>
<id_product><![CDATA[4130]]></id_product>
<id_feature_value><![CDATA[55]]></id_feature_value>
</feature_product>
<feature_product><id_feature><![CDATA[9]]></id_feature>
<id_product><![CDATA[685]]></id_product>
<id_feature_value><![CDATA[56]]></id_feature_value>
</feature_product>
<feature_product><id_feature><![CDATA[9]]></id_feature>
<id_product><![CDATA[674]]></id_product>
<id_feature_value><![CDATA[57]]></id_feature_value>
</feature_product>
<feature_product><id_feature><![CDATA[10]]></id_feature>
<id_product><![CDATA[691]]></id_product>
<id_feature_value><![CDATA[59]]></id_feature_value>
</feature_product>
<feature_product><id_feature><![CDATA[10]]></id_feature>
<id_product><![CDATA[683]]></id_product>
<id_feature_value><![CDATA[61]]></id_feature_value>
</feature_product>
<feature_product><id_feature><![CDATA[10]]></id_feature>
<id_product><![CDATA[680]]></id_product>
<id_feature_value><![CDATA[63]]></id_feature_value>
</feature_product>
<feature_product><id_feature><![CDATA[10]]></id_feature>
<id_product><![CDATA[711]]></id_product>
<id_feature_value><![CDATA[63]]></id_feature_value>
</feature_product>
<feature_product><id_feature><![CDATA[10]]></id_feature>
<id_product><![CDATA[721]]></id_product>
<id_feature_value><![CDATA[63]]></id_feature_value>
</feature_product>
<feature_product><id_feature><![CDATA[10]]></id_feature>
<id_product><![CDATA[789]]></id_product>
<id_feature_value><![CDATA[63]]></id_feature_value>
</feature_product>
<feature_product><id_feature><![CDATA[10]]></id_feature>
<id_product><![CDATA[705]]></id_product>
<id_feature_value><![CDATA[64]]></id_feature_value>
</feature_product>
<feature_product><id_feature><![CDATA[10]]></id_feature>
<id_product><![CDATA[709]]></id_product>
<id_feature_value><![CDATA[64]]></id_feature_value>
</feature_product>
<feature_product><id_feature><![CDATA[10]]></id_feature>
<id_product><![CDATA[710]]></id_product>
<id_feature_value><![CDATA[64]]></id_feature_value>
</feature_product>
<feature_product><id_feature><![CDATA[9]]></id_feature>
<id_product><![CDATA[705]]></id_product>
<id_feature_value><![CDATA[67]]></id_feature_value>
</feature_product>
<feature_product><id_feature><![CDATA[9]]></id_feature>
<id_product><![CDATA[709]]></id_product>
<id_feature_value><![CDATA[67]]></id_feature_value>
</feature_product>
<feature_product><id_feature><![CDATA[9]]></id_feature>
<id_product><![CDATA[710]]></id_product>
<id_feature_value><![CDATA[67]]></id_feature_value>
</feature_product>
<feature_product><id_feature><![CDATA[9]]></id_feature>
<id_product><![CDATA[790]]></id_product>
<id_feature_value><![CDATA[68]]></id_feature_value>
</feature_product>
<feature_product><id_feature><![CDATA[9]]></id_feature>
<id_product><![CDATA[680]]></id_product>
<id_feature_value><![CDATA[69]]></id_feature_value>
</feature_product>
<feature_product><id_feature><![CDATA[9]]></id_feature>
<id_product><![CDATA[711]]></id_product>
<id_feature_value><![CDATA[69]]></id_feature_value>
</feature_product>
<feature_product><id_feature><![CDATA[9]]></id_feature>
<id_product><![CDATA[721]]></id_product>
<id_feature_value><![CDATA[69]]></id_feature_value>
</feature_product>
<feature_product><id_feature><![CDATA[9]]></id_feature>
<id_product><![CDATA[789]]></id_product>
<id_feature_value><![CDATA[69]]></id_feature_value>
</feature_product>
<feature_product><id_feature><![CDATA[9]]></id_feature>
<id_product><![CDATA[683]]></id_product>
<id_feature_value><![CDATA[71]]></id_feature_value>
</feature_product>
<feature_product><id_feature><![CDATA[9]]></id_feature>
<id_product><![CDATA[686]]></id_product>
<id_feature_value><![CDATA[73]]></id_feature_value>
</feature_product>
<feature_product><id_feature><![CDATA[9]]></id_feature>
<id_product><![CDATA[691]]></id_product>
<id_feature_value><![CDATA[74]]></id_feature_value>
</feature_product>
<feature_product><id_feature><![CDATA[9]]></id_feature>
<id_product><![CDATA[708]]></id_product>
<id_feature_value><![CDATA[75]]></id_feature_value>
</feature_product>
<feature_product><id_feature><![CDATA[10]]></id_feature>
<id_product><![CDATA[708]]></id_product>
<id_feature_value><![CDATA[76]]></id_feature_value>
</feature_product>
<feature_product><id_feature><![CDATA[10]]></id_feature>
<id_product><![CDATA[791]]></id_product>
<id_feature_value><![CDATA[77]]></id_feature_value>
</feature_product>
<feature_product><id_feature><![CDATA[10]]></id_feature>
<id_product><![CDATA[4164]]></id_product>
<id_feature_value><![CDATA[77]]></id_feature_value>
</feature_product>
<feature_product><id_feature><![CDATA[9]]></id_feature>
<id_product><![CDATA[792]]></id_product>
<id_feature_value><![CDATA[78]]></id_feature_value>
</feature_product>
<feature_product><id_feature><![CDATA[10]]></id_feature>
<id_product><![CDATA[675]]></id_product>
<id_feature_value><![CDATA[79]]></id_feature_value>
</feature_product>
<feature_product><id_feature><![CDATA[10]]></id_feature>
<id_product><![CDATA[682]]></id_product>
<id_feature_value><![CDATA[79]]></id_feature_value>
</feature_product>
<feature_product><id_feature><![CDATA[10]]></id_feature>
<id_product><![CDATA[684]]></id_product>
<id_feature_value><![CDATA[79]]></id_feature_value>
</feature_product>
<feature_product><id_feature><![CDATA[10]]></id_feature>
<id_product><![CDATA[700]]></id_product>
<id_feature_value><![CDATA[79]]></id_feature_value>
</feature_product>
<feature_product><id_feature><![CDATA[10]]></id_feature>
<id_product><![CDATA[706]]></id_product>
<id_feature_value><![CDATA[79]]></id_feature_value>
</feature_product>
<feature_product><id_feature><![CDATA[10]]></id_feature>
<id_product><![CDATA[4129]]></id_product>
<id_feature_value><![CDATA[79]]></id_feature_value>
</feature_product>
<feature_product><id_feature><![CDATA[10]]></id_feature>
<id_product><![CDATA[4149]]></id_product>
<id_feature_value><![CDATA[79]]></id_feature_value>
</feature_product>
<feature_product><id_feature><![CDATA[9]]></id_feature>
<id_product><![CDATA[675]]></id_product>
<id_feature_value><![CDATA[80]]></id_feature_value>
</feature_product>
<feature_product><id_feature><![CDATA[9]]></id_feature>
<id_product><![CDATA[682]]></id_product>
<id_feature_value><![CDATA[80]]></id_feature_value>
</feature_product>
<feature_product><id_feature><![CDATA[9]]></id_feature>
<id_product><![CDATA[684]]></id_product>
<id_feature_value><![CDATA[80]]></id_feature_value>
</feature_product>
<feature_product><id_feature><![CDATA[9]]></id_feature>
<id_product><![CDATA[700]]></id_product>
<id_feature_value><![CDATA[80]]></id_feature_value>
</feature_product>
<feature_product><id_feature><![CDATA[9]]></id_feature>
<id_product><![CDATA[706]]></id_product>
<id_feature_value><![CDATA[80]]></id_feature_value>
</feature_product>
<feature_product><id_feature><![CDATA[9]]></id_feature>
<id_product><![CDATA[4129]]></id_product>
<id_feature_value><![CDATA[80]]></id_feature_value>
</feature_product>
<feature_product><id_feature><![CDATA[9]]></id_feature>
<id_product><![CDATA[4149]]></id_product>
<id_feature_value><![CDATA[80]]></id_feature_value>
</feature_product>
<feature_product><id_feature><![CDATA[10]]></id_feature>
<id_product><![CDATA[686]]></id_product>
<id_feature_value><![CDATA[81]]></id_feature_value>
</feature_product>
<feature_product><id_feature><![CDATA[10]]></id_feature>
<id_product><![CDATA[674]]></id_product>
<id_feature_value><![CDATA[82]]></id_feature_value>
</feature_product>
<feature_product><id_feature><![CDATA[10]]></id_feature>
<id_product><![CDATA[790]]></id_product>
<id_feature_value><![CDATA[84]]></id_feature_value>
</feature_product>
<feature_product><id_feature><![CDATA[10]]></id_feature>
<id_product><![CDATA[703]]></id_product>
<id_feature_value><![CDATA[87]]></id_feature_value>
</feature_product>
<feature_product><id_feature><![CDATA[9]]></id_feature>
<id_product><![CDATA[703]]></id_product>
<id_feature_value><![CDATA[88]]></id_feature_value>
</feature_product>
<feature_product><id_feature><![CDATA[10]]></id_feature>
<id_product><![CDATA[724]]></id_product>
<id_feature_value><![CDATA[91]]></id_feature_value>
</feature_product>
<feature_product><id_feature><![CDATA[10]]></id_feature>
<id_product><![CDATA[726]]></id_product>
<id_feature_value><![CDATA[91]]></id_feature_value>
</feature_product>
<feature_product><id_feature><![CDATA[10]]></id_feature>
<id_product><![CDATA[752]]></id_product>
<id_feature_value><![CDATA[91]]></id_feature_value>
</feature_product>
<feature_product><id_feature><![CDATA[10]]></id_feature>
<id_product><![CDATA[760]]></id_product>
<id_feature_value><![CDATA[91]]></id_feature_value>
</feature_product>
<feature_product><id_feature><![CDATA[10]]></id_feature>
<id_product><![CDATA[795]]></id_product>
<id_feature_value><![CDATA[91]]></id_feature_value>
</feature_product>
<feature_product><id_feature><![CDATA[10]]></id_feature>
<id_product><![CDATA[4166]]></id_product>
<id_feature_value><![CDATA[91]]></id_feature_value>
</feature_product>
<feature_product><id_feature><![CDATA[10]]></id_feature>
<id_product><![CDATA[748]]></id_product>
<id_feature_value><![CDATA[92]]></id_feature_value>
</feature_product>
<feature_product><id_feature><![CDATA[10]]></id_feature>
<id_product><![CDATA[4087]]></id_product>
<id_feature_value><![CDATA[92]]></id_feature_value>
</feature_product>
<feature_product><id_feature><![CDATA[10]]></id_feature>
<id_product><![CDATA[4146]]></id_product>
<id_feature_value><![CDATA[92]]></id_feature_value>
</feature_product>
<feature_product><id_feature><![CDATA[11]]></id_feature>
<id_product><![CDATA[724]]></id_product>
<id_feature_value><![CDATA[103]]></id_feature_value>
</feature_product>
<feature_product><id_feature><![CDATA[11]]></id_feature>
<id_product><![CDATA[726]]></id_product>
<id_feature_value><![CDATA[103]]></id_feature_value>
</feature_product>
<feature_product><id_feature><![CDATA[11]]></id_feature>
<id_product><![CDATA[752]]></id_product>
<id_feature_value><![CDATA[103]]></id_feature_value>
</feature_product>
<feature_product><id_feature><![CDATA[11]]></id_feature>
<id_product><![CDATA[760]]></id_product>
<id_feature_value><![CDATA[103]]></id_feature_value>
</feature_product>
</entity_profile>
