<?xml version="1.0" encoding="UTF-8"?>
<entity_profile>
<order_detail_tax><id_order_detail><![CDATA[5377]]></id_order_detail>
<id_tax><![CDATA[1]]></id_tax>
<unit_amount><![CDATA[0.280000]]></unit_amount>
<total_amount><![CDATA[1.400000]]></total_amount>
</order_detail_tax>
<order_detail_tax><id_order_detail><![CDATA[5378]]></id_order_detail>
<id_tax><![CDATA[27]]></id_tax>
<unit_amount><![CDATA[2.094750]]></unit_amount>
<total_amount><![CDATA[2.090000]]></total_amount>
</order_detail_tax>
<order_detail_tax><id_order_detail><![CDATA[5378]]></id_order_detail>
<id_tax><![CDATA[1]]></id_tax>
<unit_amount><![CDATA[1.050000]]></unit_amount>
<total_amount><![CDATA[1.050000]]></total_amount>
</order_detail_tax>
<order_detail_tax><id_order_detail><![CDATA[5379]]></id_order_detail>
<id_tax><![CDATA[27]]></id_tax>
<unit_amount><![CDATA[16.957500]]></unit_amount>
<total_amount><![CDATA[16.960000]]></total_amount>
</order_detail_tax>
<order_detail_tax><id_order_detail><![CDATA[5379]]></id_order_detail>
<id_tax><![CDATA[1]]></id_tax>
<unit_amount><![CDATA[8.500000]]></unit_amount>
<total_amount><![CDATA[8.500000]]></total_amount>
</order_detail_tax>
<order_detail_tax><id_order_detail><![CDATA[5380]]></id_order_detail>
<id_tax><![CDATA[27]]></id_tax>
<unit_amount><![CDATA[1.097250]]></unit_amount>
<total_amount><![CDATA[1.100000]]></total_amount>
</order_detail_tax>
<order_detail_tax><id_order_detail><![CDATA[5380]]></id_order_detail>
<id_tax><![CDATA[1]]></id_tax>
<unit_amount><![CDATA[0.550000]]></unit_amount>
<total_amount><![CDATA[0.550000]]></total_amount>
</order_detail_tax>
<order_detail_tax><id_order_detail><![CDATA[5381]]></id_order_detail>
<id_tax><![CDATA[27]]></id_tax>
<unit_amount><![CDATA[2.493750]]></unit_amount>
<total_amount><![CDATA[2.490000]]></total_amount>
</order_detail_tax>
<order_detail_tax><id_order_detail><![CDATA[5381]]></id_order_detail>
<id_tax><![CDATA[1]]></id_tax>
<unit_amount><![CDATA[1.250000]]></unit_amount>
<total_amount><![CDATA[1.250000]]></total_amount>
</order_detail_tax>
<order_detail_tax><id_order_detail><![CDATA[5382]]></id_order_detail>
<id_tax><![CDATA[27]]></id_tax>
<unit_amount><![CDATA[1.200000]]></unit_amount>
<total_amount><![CDATA[2.400000]]></total_amount>
</order_detail_tax>
<order_detail_tax><id_order_detail><![CDATA[5382]]></id_order_detail>
<id_tax><![CDATA[1]]></id_tax>
<unit_amount><![CDATA[0.600000]]></unit_amount>
<total_amount><![CDATA[1.200000]]></total_amount>
</order_detail_tax>
<order_detail_tax><id_order_detail><![CDATA[5383]]></id_order_detail>
<id_tax><![CDATA[27]]></id_tax>
<unit_amount><![CDATA[0.900000]]></unit_amount>
<total_amount><![CDATA[0.900000]]></total_amount>
</order_detail_tax>
<order_detail_tax><id_order_detail><![CDATA[5383]]></id_order_detail>
<id_tax><![CDATA[1]]></id_tax>
<unit_amount><![CDATA[0.450000]]></unit_amount>
<total_amount><![CDATA[0.450000]]></total_amount>
</order_detail_tax>
<order_detail_tax><id_order_detail><![CDATA[5385]]></id_order_detail>
<id_tax><![CDATA[27]]></id_tax>
<unit_amount><![CDATA[7.281750]]></unit_amount>
<total_amount><![CDATA[7.280000]]></total_amount>
</order_detail_tax>
<order_detail_tax><id_order_detail><![CDATA[5385]]></id_order_detail>
<id_tax><![CDATA[1]]></id_tax>
<unit_amount><![CDATA[3.650000]]></unit_amount>
<total_amount><![CDATA[3.650000]]></total_amount>
</order_detail_tax>
<order_detail_tax><id_order_detail><![CDATA[5384]]></id_order_detail>
<id_tax><![CDATA[1]]></id_tax>
<unit_amount><![CDATA[3.100000]]></unit_amount>
<total_amount><![CDATA[3.100000]]></total_amount>
</order_detail_tax>
<order_detail_tax><id_order_detail><![CDATA[5384]]></id_order_detail>
<id_tax><![CDATA[27]]></id_tax>
<unit_amount><![CDATA[6.184500]]></unit_amount>
<total_amount><![CDATA[6.180000]]></total_amount>
</order_detail_tax>
<order_detail_tax><id_order_detail><![CDATA[5388]]></id_order_detail>
<id_tax><![CDATA[27]]></id_tax>
<unit_amount><![CDATA[3.491250]]></unit_amount>
<total_amount><![CDATA[3.490000]]></total_amount>
</order_detail_tax>
<order_detail_tax><id_order_detail><![CDATA[5388]]></id_order_detail>
<id_tax><![CDATA[1]]></id_tax>
<unit_amount><![CDATA[1.750000]]></unit_amount>
<total_amount><![CDATA[1.750000]]></total_amount>
</order_detail_tax>
<order_detail_tax><id_order_detail><![CDATA[5386]]></id_order_detail>
<id_tax><![CDATA[27]]></id_tax>
<unit_amount><![CDATA[3.291750]]></unit_amount>
<total_amount><![CDATA[3.290000]]></total_amount>
</order_detail_tax>
<order_detail_tax><id_order_detail><![CDATA[5386]]></id_order_detail>
<id_tax><![CDATA[1]]></id_tax>
<unit_amount><![CDATA[1.650000]]></unit_amount>
<total_amount><![CDATA[1.650000]]></total_amount>
</order_detail_tax>
<order_detail_tax><id_order_detail><![CDATA[5392]]></id_order_detail>
<id_tax><![CDATA[27]]></id_tax>
<unit_amount><![CDATA[2.094750]]></unit_amount>
<total_amount><![CDATA[2.090000]]></total_amount>
</order_detail_tax>
<order_detail_tax><id_order_detail><![CDATA[5387]]></id_order_detail>
<id_tax><![CDATA[27]]></id_tax>
<unit_amount><![CDATA[2.094750]]></unit_amount>
<total_amount><![CDATA[2.090000]]></total_amount>
</order_detail_tax>
<order_detail_tax><id_order_detail><![CDATA[5387]]></id_order_detail>
<id_tax><![CDATA[1]]></id_tax>
<unit_amount><![CDATA[1.050000]]></unit_amount>
<total_amount><![CDATA[1.050000]]></total_amount>
</order_detail_tax>
<order_detail_tax><id_order_detail><![CDATA[5392]]></id_order_detail>
<id_tax><![CDATA[1]]></id_tax>
<unit_amount><![CDATA[1.050000]]></unit_amount>
<total_amount><![CDATA[1.050000]]></total_amount>
</order_detail_tax>
<order_detail_tax><id_order_detail><![CDATA[5390]]></id_order_detail>
<id_tax><![CDATA[1]]></id_tax>
<unit_amount><![CDATA[0.750000]]></unit_amount>
<total_amount><![CDATA[0.750000]]></total_amount>
</order_detail_tax>
<order_detail_tax><id_order_detail><![CDATA[5390]]></id_order_detail>
<id_tax><![CDATA[27]]></id_tax>
<unit_amount><![CDATA[1.496250]]></unit_amount>
<total_amount><![CDATA[1.500000]]></total_amount>
</order_detail_tax>
<order_detail_tax><id_order_detail><![CDATA[5389]]></id_order_detail>
<id_tax><![CDATA[1]]></id_tax>
<unit_amount><![CDATA[0.672500]]></unit_amount>
<total_amount><![CDATA[0.670000]]></total_amount>
</order_detail_tax>
<order_detail_tax><id_order_detail><![CDATA[5389]]></id_order_detail>
<id_tax><![CDATA[27]]></id_tax>
<unit_amount><![CDATA[1.341638]]></unit_amount>
<total_amount><![CDATA[1.340000]]></total_amount>
</order_detail_tax>
<order_detail_tax><id_order_detail><![CDATA[5391]]></id_order_detail>
<id_tax><![CDATA[27]]></id_tax>
<unit_amount><![CDATA[1.197000]]></unit_amount>
<total_amount><![CDATA[1.200000]]></total_amount>
</order_detail_tax>
<order_detail_tax><id_order_detail><![CDATA[5391]]></id_order_detail>
<id_tax><![CDATA[1]]></id_tax>
<unit_amount><![CDATA[0.600000]]></unit_amount>
<total_amount><![CDATA[0.600000]]></total_amount>
</order_detail_tax>
<order_detail_tax><id_order_detail><![CDATA[5393]]></id_order_detail>
<id_tax><![CDATA[27]]></id_tax>
<unit_amount><![CDATA[0.598500]]></unit_amount>
<total_amount><![CDATA[0.600000]]></total_amount>
</order_detail_tax>
<order_detail_tax><id_order_detail><![CDATA[5393]]></id_order_detail>
<id_tax><![CDATA[1]]></id_tax>
<unit_amount><![CDATA[0.300000]]></unit_amount>
<total_amount><![CDATA[0.300000]]></total_amount>
</order_detail_tax>
<order_detail_tax><id_order_detail><![CDATA[5394]]></id_order_detail>
<id_tax><![CDATA[27]]></id_tax>
<unit_amount><![CDATA[0.573563]]></unit_amount>
<total_amount><![CDATA[0.570000]]></total_amount>
</order_detail_tax>
<order_detail_tax><id_order_detail><![CDATA[5394]]></id_order_detail>
<id_tax><![CDATA[1]]></id_tax>
<unit_amount><![CDATA[0.287500]]></unit_amount>
<total_amount><![CDATA[0.290000]]></total_amount>
</order_detail_tax>
<order_detail_tax><id_order_detail><![CDATA[5395]]></id_order_detail>
<id_tax><![CDATA[27]]></id_tax>
<unit_amount><![CDATA[2.090000]]></unit_amount>
<total_amount><![CDATA[2.090000]]></total_amount>
</order_detail_tax>
<order_detail_tax><id_order_detail><![CDATA[5395]]></id_order_detail>
<id_tax><![CDATA[1]]></id_tax>
<unit_amount><![CDATA[1.050000]]></unit_amount>
<total_amount><![CDATA[1.050000]]></total_amount>
</order_detail_tax>
<order_detail_tax><id_order_detail><![CDATA[5396]]></id_order_detail>
<id_tax><![CDATA[27]]></id_tax>
<unit_amount><![CDATA[0.900000]]></unit_amount>
<total_amount><![CDATA[0.900000]]></total_amount>
</order_detail_tax>
<order_detail_tax><id_order_detail><![CDATA[5396]]></id_order_detail>
<id_tax><![CDATA[1]]></id_tax>
<unit_amount><![CDATA[0.450000]]></unit_amount>
<total_amount><![CDATA[0.450000]]></total_amount>
</order_detail_tax>
<order_detail_tax><id_order_detail><![CDATA[5397]]></id_order_detail>
<id_tax><![CDATA[27]]></id_tax>
<unit_amount><![CDATA[1.250000]]></unit_amount>
<total_amount><![CDATA[2.500000]]></total_amount>
</order_detail_tax>
<order_detail_tax><id_order_detail><![CDATA[5397]]></id_order_detail>
<id_tax><![CDATA[1]]></id_tax>
<unit_amount><![CDATA[0.630000]]></unit_amount>
<total_amount><![CDATA[1.260000]]></total_amount>
</order_detail_tax>
<order_detail_tax><id_order_detail><![CDATA[5399]]></id_order_detail>
<id_tax><![CDATA[27]]></id_tax>
<unit_amount><![CDATA[10.573500]]></unit_amount>
<total_amount><![CDATA[10.570000]]></total_amount>
</order_detail_tax>
<order_detail_tax><id_order_detail><![CDATA[5399]]></id_order_detail>
<id_tax><![CDATA[1]]></id_tax>
<unit_amount><![CDATA[5.300000]]></unit_amount>
<total_amount><![CDATA[5.300000]]></total_amount>
</order_detail_tax>
<order_detail_tax><id_order_detail><![CDATA[5398]]></id_order_detail>
<id_tax><![CDATA[27]]></id_tax>
<unit_amount><![CDATA[1.197000]]></unit_amount>
<total_amount><![CDATA[1.200000]]></total_amount>
</order_detail_tax>
<order_detail_tax><id_order_detail><![CDATA[5398]]></id_order_detail>
<id_tax><![CDATA[1]]></id_tax>
<unit_amount><![CDATA[0.600000]]></unit_amount>
<total_amount><![CDATA[0.600000]]></total_amount>
</order_detail_tax>
<order_detail_tax><id_order_detail><![CDATA[5400]]></id_order_detail>
<id_tax><![CDATA[27]]></id_tax>
<unit_amount><![CDATA[7.281750]]></unit_amount>
<total_amount><![CDATA[7.270000]]></total_amount>
</order_detail_tax>
<order_detail_tax><id_order_detail><![CDATA[5400]]></id_order_detail>
<id_tax><![CDATA[1]]></id_tax>
<unit_amount><![CDATA[3.650000]]></unit_amount>
<total_amount><![CDATA[3.650000]]></total_amount>
</order_detail_tax>
<order_detail_tax><id_order_detail><![CDATA[5401]]></id_order_detail>
<id_tax><![CDATA[27]]></id_tax>
<unit_amount><![CDATA[0.548625]]></unit_amount>
<total_amount><![CDATA[0.550000]]></total_amount>
</order_detail_tax>
<order_detail_tax><id_order_detail><![CDATA[5401]]></id_order_detail>
<id_tax><![CDATA[1]]></id_tax>
<unit_amount><![CDATA[0.275000]]></unit_amount>
<total_amount><![CDATA[0.280000]]></total_amount>
</order_detail_tax>
<order_detail_tax><id_order_detail><![CDATA[5402]]></id_order_detail>
<id_tax><![CDATA[27]]></id_tax>
<unit_amount><![CDATA[1.800000]]></unit_amount>
<total_amount><![CDATA[3.600000]]></total_amount>
</order_detail_tax>
<order_detail_tax><id_order_detail><![CDATA[5402]]></id_order_detail>
<id_tax><![CDATA[1]]></id_tax>
<unit_amount><![CDATA[0.900000]]></unit_amount>
<total_amount><![CDATA[1.800000]]></total_amount>
</order_detail_tax>
<order_detail_tax><id_order_detail><![CDATA[5403]]></id_order_detail>
<id_tax><![CDATA[27]]></id_tax>
<unit_amount><![CDATA[1.596000]]></unit_amount>
<total_amount><![CDATA[1.600000]]></total_amount>
</order_detail_tax>
<order_detail_tax><id_order_detail><![CDATA[5403]]></id_order_detail>
<id_tax><![CDATA[1]]></id_tax>
<unit_amount><![CDATA[0.800000]]></unit_amount>
<total_amount><![CDATA[0.800000]]></total_amount>
</order_detail_tax>
<order_detail_tax><id_order_detail><![CDATA[5404]]></id_order_detail>
<id_tax><![CDATA[27]]></id_tax>
<unit_amount><![CDATA[29.925000]]></unit_amount>
<total_amount><![CDATA[29.930000]]></total_amount>
</order_detail_tax>
<order_detail_tax><id_order_detail><![CDATA[5404]]></id_order_detail>
<id_tax><![CDATA[1]]></id_tax>
<unit_amount><![CDATA[15.000000]]></unit_amount>
<total_amount><![CDATA[15.000000]]></total_amount>
</order_detail_tax>
<order_detail_tax><id_order_detail><![CDATA[5405]]></id_order_detail>
<id_tax><![CDATA[27]]></id_tax>
<unit_amount><![CDATA[11.870250]]></unit_amount>
<total_amount><![CDATA[11.870000]]></total_amount>
</order_detail_tax>
<order_detail_tax><id_order_detail><![CDATA[5405]]></id_order_detail>
<id_tax><![CDATA[1]]></id_tax>
<unit_amount><![CDATA[5.950000]]></unit_amount>
<total_amount><![CDATA[5.950000]]></total_amount>
</order_detail_tax>
<order_detail_tax><id_order_detail><![CDATA[5406]]></id_order_detail>
<id_tax><![CDATA[27]]></id_tax>
<unit_amount><![CDATA[29.925000]]></unit_amount>
<total_amount><![CDATA[29.930000]]></total_amount>
</order_detail_tax>
<order_detail_tax><id_order_detail><![CDATA[5406]]></id_order_detail>
<id_tax><![CDATA[1]]></id_tax>
<unit_amount><![CDATA[15.000000]]></unit_amount>
<total_amount><![CDATA[15.000000]]></total_amount>
</order_detail_tax>
<order_detail_tax><id_order_detail><![CDATA[5407]]></id_order_detail>
<id_tax><![CDATA[27]]></id_tax>
<unit_amount><![CDATA[16.957500]]></unit_amount>
<total_amount><![CDATA[16.960000]]></total_amount>
</order_detail_tax>
<order_detail_tax><id_order_detail><![CDATA[5407]]></id_order_detail>
<id_tax><![CDATA[1]]></id_tax>
<unit_amount><![CDATA[8.500000]]></unit_amount>
<total_amount><![CDATA[8.500000]]></total_amount>
</order_detail_tax>
<order_detail_tax><id_order_detail><![CDATA[5408]]></id_order_detail>
<id_tax><![CDATA[27]]></id_tax>
<unit_amount><![CDATA[7.381500]]></unit_amount>
<total_amount><![CDATA[7.380000]]></total_amount>
</order_detail_tax>
<order_detail_tax><id_order_detail><![CDATA[5408]]></id_order_detail>
<id_tax><![CDATA[1]]></id_tax>
<unit_amount><![CDATA[3.700000]]></unit_amount>
<total_amount><![CDATA[3.700000]]></total_amount>
</order_detail_tax>
<order_detail_tax><id_order_detail><![CDATA[5409]]></id_order_detail>
<id_tax><![CDATA[27]]></id_tax>
<unit_amount><![CDATA[0.573563]]></unit_amount>
<total_amount><![CDATA[0.570000]]></total_amount>
</order_detail_tax>
<order_detail_tax><id_order_detail><![CDATA[5409]]></id_order_detail>
<id_tax><![CDATA[1]]></id_tax>
<unit_amount><![CDATA[0.287500]]></unit_amount>
<total_amount><![CDATA[0.290000]]></total_amount>
</order_detail_tax>
<order_detail_tax><id_order_detail><![CDATA[5410]]></id_order_detail>
<id_tax><![CDATA[27]]></id_tax>
<unit_amount><![CDATA[6.683250]]></unit_amount>
<total_amount><![CDATA[6.680000]]></total_amount>
</order_detail_tax>
<order_detail_tax><id_order_detail><![CDATA[5410]]></id_order_detail>
<id_tax><![CDATA[1]]></id_tax>
<unit_amount><![CDATA[3.350000]]></unit_amount>
<total_amount><![CDATA[3.350000]]></total_amount>
</order_detail_tax>
<order_detail_tax><id_order_detail><![CDATA[5412]]></id_order_detail>
<id_tax><![CDATA[27]]></id_tax>
<unit_amount><![CDATA[2.992500]]></unit_amount>
<total_amount><![CDATA[2.990000]]></total_amount>
</order_detail_tax>
<order_detail_tax><id_order_detail><![CDATA[5412]]></id_order_detail>
<id_tax><![CDATA[1]]></id_tax>
<unit_amount><![CDATA[1.500000]]></unit_amount>
<total_amount><![CDATA[1.500000]]></total_amount>
</order_detail_tax>
<order_detail_tax><id_order_detail><![CDATA[5411]]></id_order_detail>
<id_tax><![CDATA[27]]></id_tax>
<unit_amount><![CDATA[2.738138]]></unit_amount>
<total_amount><![CDATA[2.740000]]></total_amount>
</order_detail_tax>
<order_detail_tax><id_order_detail><![CDATA[5411]]></id_order_detail>
<id_tax><![CDATA[1]]></id_tax>
<unit_amount><![CDATA[1.372500]]></unit_amount>
<total_amount><![CDATA[1.370000]]></total_amount>
</order_detail_tax>
<order_detail_tax><id_order_detail><![CDATA[5414]]></id_order_detail>
<id_tax><![CDATA[27]]></id_tax>
<unit_amount><![CDATA[1.591013]]></unit_amount>
<total_amount><![CDATA[1.580000]]></total_amount>
</order_detail_tax>
<order_detail_tax><id_order_detail><![CDATA[5414]]></id_order_detail>
<id_tax><![CDATA[1]]></id_tax>
<unit_amount><![CDATA[0.797500]]></unit_amount>
<total_amount><![CDATA[0.800000]]></total_amount>
</order_detail_tax>
<order_detail_tax><id_order_detail><![CDATA[5415]]></id_order_detail>
<id_tax><![CDATA[27]]></id_tax>
<unit_amount><![CDATA[1.296750]]></unit_amount>
<total_amount><![CDATA[1.300000]]></total_amount>
</order_detail_tax>
<order_detail_tax><id_order_detail><![CDATA[5415]]></id_order_detail>
<id_tax><![CDATA[1]]></id_tax>
<unit_amount><![CDATA[0.650000]]></unit_amount>
<total_amount><![CDATA[0.650000]]></total_amount>
</order_detail_tax>
<order_detail_tax><id_order_detail><![CDATA[5413]]></id_order_detail>
<id_tax><![CDATA[27]]></id_tax>
<unit_amount><![CDATA[1.147125]]></unit_amount>
<total_amount><![CDATA[1.150000]]></total_amount>
</order_detail_tax>
<order_detail_tax><id_order_detail><![CDATA[5413]]></id_order_detail>
<id_tax><![CDATA[1]]></id_tax>
<unit_amount><![CDATA[0.575000]]></unit_amount>
<total_amount><![CDATA[0.580000]]></total_amount>
</order_detail_tax>
<order_detail_tax><id_order_detail><![CDATA[5418]]></id_order_detail>
<id_tax><![CDATA[27]]></id_tax>
<unit_amount><![CDATA[14.463750]]></unit_amount>
<total_amount><![CDATA[14.450000]]></total_amount>
</order_detail_tax>
<order_detail_tax><id_order_detail><![CDATA[5418]]></id_order_detail>
<id_tax><![CDATA[1]]></id_tax>
<unit_amount><![CDATA[7.250000]]></unit_amount>
<total_amount><![CDATA[7.250000]]></total_amount>
</order_detail_tax>
<order_detail_tax><id_order_detail><![CDATA[5416]]></id_order_detail>
<id_tax><![CDATA[27]]></id_tax>
<unit_amount><![CDATA[2.094750]]></unit_amount>
<total_amount><![CDATA[2.090000]]></total_amount>
</order_detail_tax>
<order_detail_tax><id_order_detail><![CDATA[5416]]></id_order_detail>
<id_tax><![CDATA[1]]></id_tax>
<unit_amount><![CDATA[1.050000]]></unit_amount>
<total_amount><![CDATA[1.050000]]></total_amount>
</order_detail_tax>
<order_detail_tax><id_order_detail><![CDATA[5417]]></id_order_detail>
<id_tax><![CDATA[27]]></id_tax>
<unit_amount><![CDATA[0.728175]]></unit_amount>
<total_amount><![CDATA[0.730000]]></total_amount>
</order_detail_tax>
<order_detail_tax><id_order_detail><![CDATA[5417]]></id_order_detail>
<id_tax><![CDATA[1]]></id_tax>
<unit_amount><![CDATA[0.365000]]></unit_amount>
<total_amount><![CDATA[0.370000]]></total_amount>
</order_detail_tax>
<order_detail_tax><id_order_detail><![CDATA[5419]]></id_order_detail>
<id_tax><![CDATA[27]]></id_tax>
<unit_amount><![CDATA[2.294250]]></unit_amount>
<total_amount><![CDATA[2.290000]]></total_amount>
</order_detail_tax>
<order_detail_tax><id_order_detail><![CDATA[5419]]></id_order_detail>
<id_tax><![CDATA[1]]></id_tax>
<unit_amount><![CDATA[1.150000]]></unit_amount>
<total_amount><![CDATA[1.150000]]></total_amount>
</order_detail_tax>
<order_detail_tax><id_order_detail><![CDATA[5420]]></id_order_detail>
<id_tax><![CDATA[27]]></id_tax>
<unit_amount><![CDATA[7.182000]]></unit_amount>
<total_amount><![CDATA[7.180000]]></total_amount>
</order_detail_tax>
<order_detail_tax><id_order_detail><![CDATA[5420]]></id_order_detail>
<id_tax><![CDATA[1]]></id_tax>
<unit_amount><![CDATA[3.600000]]></unit_amount>
<total_amount><![CDATA[3.600000]]></total_amount>
</order_detail_tax>
<order_detail_tax><id_order_detail><![CDATA[5421]]></id_order_detail>
<id_tax><![CDATA[27]]></id_tax>
<unit_amount><![CDATA[1.197000]]></unit_amount>
<total_amount><![CDATA[1.200000]]></total_amount>
</order_detail_tax>
<order_detail_tax><id_order_detail><![CDATA[5421]]></id_order_detail>
<id_tax><![CDATA[1]]></id_tax>
<unit_amount><![CDATA[0.600000]]></unit_amount>
<total_amount><![CDATA[0.600000]]></total_amount>
</order_detail_tax>
<order_detail_tax><id_order_detail><![CDATA[5422]]></id_order_detail>
<id_tax><![CDATA[27]]></id_tax>
<unit_amount><![CDATA[3.735638]]></unit_amount>
<total_amount><![CDATA[3.740000]]></total_amount>
</order_detail_tax>
<order_detail_tax><id_order_detail><![CDATA[5422]]></id_order_detail>
<id_tax><![CDATA[1]]></id_tax>
<unit_amount><![CDATA[1.872500]]></unit_amount>
<total_amount><![CDATA[1.870000]]></total_amount>
</order_detail_tax>
<order_detail_tax><id_order_detail><![CDATA[5424]]></id_order_detail>
<id_tax><![CDATA[27]]></id_tax>
<unit_amount><![CDATA[13.167000]]></unit_amount>
<total_amount><![CDATA[13.170000]]></total_amount>
</order_detail_tax>
<order_detail_tax><id_order_detail><![CDATA[5424]]></id_order_detail>
<id_tax><![CDATA[1]]></id_tax>
<unit_amount><![CDATA[6.600000]]></unit_amount>
<total_amount><![CDATA[6.600000]]></total_amount>
</order_detail_tax>
<order_detail_tax><id_order_detail><![CDATA[5423]]></id_order_detail>
<id_tax><![CDATA[27]]></id_tax>
<unit_amount><![CDATA[2.593500]]></unit_amount>
<total_amount><![CDATA[2.590000]]></total_amount>
</order_detail_tax>
<order_detail_tax><id_order_detail><![CDATA[5423]]></id_order_detail>
<id_tax><![CDATA[1]]></id_tax>
<unit_amount><![CDATA[1.300000]]></unit_amount>
<total_amount><![CDATA[1.300000]]></total_amount>
</order_detail_tax>
<order_detail_tax><id_order_detail><![CDATA[5425]]></id_order_detail>
<id_tax><![CDATA[27]]></id_tax>
<unit_amount><![CDATA[2.139638]]></unit_amount>
<total_amount><![CDATA[2.140000]]></total_amount>
</order_detail_tax>
<order_detail_tax><id_order_detail><![CDATA[5425]]></id_order_detail>
<id_tax><![CDATA[1]]></id_tax>
<unit_amount><![CDATA[1.072500]]></unit_amount>
<total_amount><![CDATA[1.070000]]></total_amount>
</order_detail_tax>
<order_detail_tax><id_order_detail><![CDATA[5426]]></id_order_detail>
<id_tax><![CDATA[27]]></id_tax>
<unit_amount><![CDATA[9.576000]]></unit_amount>
<total_amount><![CDATA[9.580000]]></total_amount>
</order_detail_tax>
<order_detail_tax><id_order_detail><![CDATA[5426]]></id_order_detail>
<id_tax><![CDATA[1]]></id_tax>
<unit_amount><![CDATA[4.800000]]></unit_amount>
<total_amount><![CDATA[4.800000]]></total_amount>
</order_detail_tax>
<order_detail_tax><id_order_detail><![CDATA[5427]]></id_order_detail>
<id_tax><![CDATA[27]]></id_tax>
<unit_amount><![CDATA[1.795500]]></unit_amount>
<total_amount><![CDATA[1.800000]]></total_amount>
</order_detail_tax>
<order_detail_tax><id_order_detail><![CDATA[5427]]></id_order_detail>
<id_tax><![CDATA[1]]></id_tax>
<unit_amount><![CDATA[0.900000]]></unit_amount>
<total_amount><![CDATA[0.900000]]></total_amount>
</order_detail_tax>
<order_detail_tax><id_order_detail><![CDATA[5428]]></id_order_detail>
<id_tax><![CDATA[27]]></id_tax>
<unit_amount><![CDATA[6.982500]]></unit_amount>
<total_amount><![CDATA[6.970000]]></total_amount>
</order_detail_tax>
<order_detail_tax><id_order_detail><![CDATA[5428]]></id_order_detail>
<id_tax><![CDATA[1]]></id_tax>
<unit_amount><![CDATA[3.500000]]></unit_amount>
<total_amount><![CDATA[3.500000]]></total_amount>
</order_detail_tax>
<order_detail_tax><id_order_detail><![CDATA[5429]]></id_order_detail>
<id_tax><![CDATA[27]]></id_tax>
<unit_amount><![CDATA[0.548625]]></unit_amount>
<total_amount><![CDATA[0.550000]]></total_amount>
</order_detail_tax>
<order_detail_tax><id_order_detail><![CDATA[5429]]></id_order_detail>
<id_tax><![CDATA[1]]></id_tax>
<unit_amount><![CDATA[0.275000]]></unit_amount>
<total_amount><![CDATA[0.280000]]></total_amount>
</order_detail_tax>
<order_detail_tax><id_order_detail><![CDATA[5430]]></id_order_detail>
<id_tax><![CDATA[27]]></id_tax>
<unit_amount><![CDATA[2.139638]]></unit_amount>
<total_amount><![CDATA[2.140000]]></total_amount>
</order_detail_tax>
<order_detail_tax><id_order_detail><![CDATA[5430]]></id_order_detail>
<id_tax><![CDATA[1]]></id_tax>
<unit_amount><![CDATA[1.072500]]></unit_amount>
<total_amount><![CDATA[1.070000]]></total_amount>
</order_detail_tax>
<order_detail_tax><id_order_detail><![CDATA[5431]]></id_order_detail>
<id_tax><![CDATA[27]]></id_tax>
<unit_amount><![CDATA[1.840388]]></unit_amount>
<total_amount><![CDATA[1.840000]]></total_amount>
</order_detail_tax>
<order_detail_tax><id_order_detail><![CDATA[5431]]></id_order_detail>
<id_tax><![CDATA[1]]></id_tax>
<unit_amount><![CDATA[0.922500]]></unit_amount>
<total_amount><![CDATA[0.920000]]></total_amount>
</order_detail_tax>
<order_detail_tax><id_order_detail><![CDATA[5432]]></id_order_detail>
<id_tax><![CDATA[27]]></id_tax>
<unit_amount><![CDATA[6.483750]]></unit_amount>
<total_amount><![CDATA[6.470000]]></total_amount>
</order_detail_tax>
<order_detail_tax><id_order_detail><![CDATA[5432]]></id_order_detail>
<id_tax><![CDATA[1]]></id_tax>
<unit_amount><![CDATA[3.250000]]></unit_amount>
<total_amount><![CDATA[3.250000]]></total_amount>
</order_detail_tax>
<order_detail_tax><id_order_detail><![CDATA[5433]]></id_order_detail>
<id_tax><![CDATA[27]]></id_tax>
<unit_amount><![CDATA[0.548625]]></unit_amount>
<total_amount><![CDATA[0.550000]]></total_amount>
</order_detail_tax>
<order_detail_tax><id_order_detail><![CDATA[5433]]></id_order_detail>
<id_tax><![CDATA[1]]></id_tax>
<unit_amount><![CDATA[0.275000]]></unit_amount>
<total_amount><![CDATA[0.280000]]></total_amount>
</order_detail_tax>
<order_detail_tax><id_order_detail><![CDATA[5434]]></id_order_detail>
<id_tax><![CDATA[27]]></id_tax>
<unit_amount><![CDATA[1.795500]]></unit_amount>
<total_amount><![CDATA[1.800000]]></total_amount>
</order_detail_tax>
<order_detail_tax><id_order_detail><![CDATA[5434]]></id_order_detail>
<id_tax><![CDATA[1]]></id_tax>
<unit_amount><![CDATA[0.900000]]></unit_amount>
<total_amount><![CDATA[0.900000]]></total_amount>
</order_detail_tax>
<order_detail_tax><id_order_detail><![CDATA[5435]]></id_order_detail>
<id_tax><![CDATA[27]]></id_tax>
<unit_amount><![CDATA[0.548625]]></unit_amount>
<total_amount><![CDATA[0.540000]]></total_amount>
</order_detail_tax>
<order_detail_tax><id_order_detail><![CDATA[5435]]></id_order_detail>
<id_tax><![CDATA[1]]></id_tax>
<unit_amount><![CDATA[0.275000]]></unit_amount>
<total_amount><![CDATA[0.280000]]></total_amount>
</order_detail_tax>
<order_detail_tax><id_order_detail><![CDATA[5437]]></id_order_detail>
<id_tax><![CDATA[27]]></id_tax>
<unit_amount><![CDATA[10.473750]]></unit_amount>
<total_amount><![CDATA[10.470000]]></total_amount>
</order_detail_tax>
<order_detail_tax><id_order_detail><![CDATA[5437]]></id_order_detail>
<id_tax><![CDATA[1]]></id_tax>
<unit_amount><![CDATA[5.250000]]></unit_amount>
<total_amount><![CDATA[5.250000]]></total_amount>
</order_detail_tax>
<order_detail_tax><id_order_detail><![CDATA[5436]]></id_order_detail>
<id_tax><![CDATA[27]]></id_tax>
<unit_amount><![CDATA[7.841348]]></unit_amount>
<total_amount><![CDATA[7.840000]]></total_amount>
</order_detail_tax>
<order_detail_tax><id_order_detail><![CDATA[5436]]></id_order_detail>
<id_tax><![CDATA[1]]></id_tax>
<unit_amount><![CDATA[3.930500]]></unit_amount>
<total_amount><![CDATA[3.930000]]></total_amount>
</order_detail_tax>
<order_detail_tax><id_order_detail><![CDATA[5438]]></id_order_detail>
<id_tax><![CDATA[27]]></id_tax>
<unit_amount><![CDATA[2.493750]]></unit_amount>
<total_amount><![CDATA[2.490000]]></total_amount>
</order_detail_tax>
<order_detail_tax><id_order_detail><![CDATA[5438]]></id_order_detail>
<id_tax><![CDATA[1]]></id_tax>
<unit_amount><![CDATA[1.250000]]></unit_amount>
<total_amount><![CDATA[1.250000]]></total_amount>
</order_detail_tax>
<order_detail_tax><id_order_detail><![CDATA[5439]]></id_order_detail>
<id_tax><![CDATA[27]]></id_tax>
<unit_amount><![CDATA[10.972500]]></unit_amount>
<total_amount><![CDATA[10.970000]]></total_amount>
</order_detail_tax>
<order_detail_tax><id_order_detail><![CDATA[5439]]></id_order_detail>
<id_tax><![CDATA[1]]></id_tax>
<unit_amount><![CDATA[5.500000]]></unit_amount>
<total_amount><![CDATA[5.500000]]></total_amount>
</order_detail_tax>
<order_detail_tax><id_order_detail><![CDATA[5442]]></id_order_detail>
<id_tax><![CDATA[27]]></id_tax>
<unit_amount><![CDATA[4.887750]]></unit_amount>
<total_amount><![CDATA[4.890000]]></total_amount>
</order_detail_tax>
<order_detail_tax><id_order_detail><![CDATA[5442]]></id_order_detail>
<id_tax><![CDATA[1]]></id_tax>
<unit_amount><![CDATA[2.450000]]></unit_amount>
<total_amount><![CDATA[2.450000]]></total_amount>
</order_detail_tax>
<order_detail_tax><id_order_detail><![CDATA[5440]]></id_order_detail>
<id_tax><![CDATA[27]]></id_tax>
<unit_amount><![CDATA[4.488750]]></unit_amount>
<total_amount><![CDATA[4.490000]]></total_amount>
</order_detail_tax>
<order_detail_tax><id_order_detail><![CDATA[5441]]></id_order_detail>
<id_tax><![CDATA[27]]></id_tax>
<unit_amount><![CDATA[4.488750]]></unit_amount>
<total_amount><![CDATA[4.490000]]></total_amount>
</order_detail_tax>
<order_detail_tax><id_order_detail><![CDATA[5440]]></id_order_detail>
<id_tax><![CDATA[1]]></id_tax>
<unit_amount><![CDATA[2.250000]]></unit_amount>
<total_amount><![CDATA[2.250000]]></total_amount>
</order_detail_tax>
<order_detail_tax><id_order_detail><![CDATA[5441]]></id_order_detail>
<id_tax><![CDATA[1]]></id_tax>
<unit_amount><![CDATA[2.250000]]></unit_amount>
<total_amount><![CDATA[2.250000]]></total_amount>
</order_detail_tax>
<order_detail_tax><id_order_detail><![CDATA[5443]]></id_order_detail>
<id_tax><![CDATA[27]]></id_tax>
<unit_amount><![CDATA[3.690750]]></unit_amount>
<total_amount><![CDATA[3.690000]]></total_amount>
</order_detail_tax>
<order_detail_tax><id_order_detail><![CDATA[5443]]></id_order_detail>
<id_tax><![CDATA[1]]></id_tax>
<unit_amount><![CDATA[1.850000]]></unit_amount>
<total_amount><![CDATA[1.850000]]></total_amount>
</order_detail_tax>
<order_detail_tax><id_order_detail><![CDATA[5444]]></id_order_detail>
<id_tax><![CDATA[27]]></id_tax>
<unit_amount><![CDATA[2.094750]]></unit_amount>
<total_amount><![CDATA[2.090000]]></total_amount>
</order_detail_tax>
<order_detail_tax><id_order_detail><![CDATA[5444]]></id_order_detail>
<id_tax><![CDATA[1]]></id_tax>
<unit_amount><![CDATA[1.050000]]></unit_amount>
<total_amount><![CDATA[1.050000]]></total_amount>
</order_detail_tax>
<order_detail_tax><id_order_detail><![CDATA[5445]]></id_order_detail>
<id_tax><![CDATA[27]]></id_tax>
<unit_amount><![CDATA[0.573563]]></unit_amount>
<total_amount><![CDATA[0.570000]]></total_amount>
</order_detail_tax>
<order_detail_tax><id_order_detail><![CDATA[5445]]></id_order_detail>
<id_tax><![CDATA[1]]></id_tax>
<unit_amount><![CDATA[0.287500]]></unit_amount>
<total_amount><![CDATA[0.290000]]></total_amount>
</order_detail_tax>
<order_detail_tax><id_order_detail><![CDATA[5446]]></id_order_detail>
<id_tax><![CDATA[27]]></id_tax>
<unit_amount><![CDATA[0.570000]]></unit_amount>
<total_amount><![CDATA[1.710000]]></total_amount>
</order_detail_tax>
<order_detail_tax><id_order_detail><![CDATA[5446]]></id_order_detail>
<id_tax><![CDATA[1]]></id_tax>
<unit_amount><![CDATA[0.290000]]></unit_amount>
<total_amount><![CDATA[0.870000]]></total_amount>
</order_detail_tax>
<order_detail_tax><id_order_detail><![CDATA[5447]]></id_order_detail>
<id_tax><![CDATA[27]]></id_tax>
<unit_amount><![CDATA[2.000000]]></unit_amount>
<total_amount><![CDATA[2.000000]]></total_amount>
</order_detail_tax>
<order_detail_tax><id_order_detail><![CDATA[5447]]></id_order_detail>
<id_tax><![CDATA[1]]></id_tax>
<unit_amount><![CDATA[1.000000]]></unit_amount>
<total_amount><![CDATA[1.000000]]></total_amount>
</order_detail_tax>
<order_detail_tax><id_order_detail><![CDATA[5448]]></id_order_detail>
<id_tax><![CDATA[27]]></id_tax>
<unit_amount><![CDATA[1.596000]]></unit_amount>
<total_amount><![CDATA[1.600000]]></total_amount>
</order_detail_tax>
<order_detail_tax><id_order_detail><![CDATA[5448]]></id_order_detail>
<id_tax><![CDATA[1]]></id_tax>
<unit_amount><![CDATA[0.800000]]></unit_amount>
<total_amount><![CDATA[0.800000]]></total_amount>
</order_detail_tax>
<order_detail_tax><id_order_detail><![CDATA[5449]]></id_order_detail>
<id_tax><![CDATA[27]]></id_tax>
<unit_amount><![CDATA[0.550000]]></unit_amount>
<total_amount><![CDATA[0.550000]]></total_amount>
</order_detail_tax>
<order_detail_tax><id_order_detail><![CDATA[5449]]></id_order_detail>
<id_tax><![CDATA[1]]></id_tax>
<unit_amount><![CDATA[0.280000]]></unit_amount>
<total_amount><![CDATA[0.280000]]></total_amount>
</order_detail_tax>
<order_detail_tax><id_order_detail><![CDATA[5450]]></id_order_detail>
<id_tax><![CDATA[27]]></id_tax>
<unit_amount><![CDATA[0.550000]]></unit_amount>
<total_amount><![CDATA[0.550000]]></total_amount>
</order_detail_tax>
<order_detail_tax><id_order_detail><![CDATA[5450]]></id_order_detail>
<id_tax><![CDATA[1]]></id_tax>
<unit_amount><![CDATA[0.280000]]></unit_amount>
<total_amount><![CDATA[0.280000]]></total_amount>
</order_detail_tax>
<order_detail_tax><id_order_detail><![CDATA[5451]]></id_order_detail>
<id_tax><![CDATA[27]]></id_tax>
<unit_amount><![CDATA[0.550000]]></unit_amount>
<total_amount><![CDATA[0.550000]]></total_amount>
</order_detail_tax>
<order_detail_tax><id_order_detail><![CDATA[5451]]></id_order_detail>
<id_tax><![CDATA[1]]></id_tax>
<unit_amount><![CDATA[0.280000]]></unit_amount>
<total_amount><![CDATA[0.280000]]></total_amount>
</order_detail_tax>
<order_detail_tax><id_order_detail><![CDATA[5452]]></id_order_detail>
<id_tax><![CDATA[27]]></id_tax>
<unit_amount><![CDATA[9.177000]]></unit_amount>
<total_amount><![CDATA[9.180000]]></total_amount>
</order_detail_tax>
<order_detail_tax><id_order_detail><![CDATA[5452]]></id_order_detail>
<id_tax><![CDATA[1]]></id_tax>
<unit_amount><![CDATA[4.600000]]></unit_amount>
<total_amount><![CDATA[4.600000]]></total_amount>
</order_detail_tax>
<order_detail_tax><id_order_detail><![CDATA[5453]]></id_order_detail>
<id_tax><![CDATA[27]]></id_tax>
<unit_amount><![CDATA[1.795500]]></unit_amount>
<total_amount><![CDATA[1.800000]]></total_amount>
</order_detail_tax>
<order_detail_tax><id_order_detail><![CDATA[5453]]></id_order_detail>
<id_tax><![CDATA[1]]></id_tax>
<unit_amount><![CDATA[0.900000]]></unit_amount>
<total_amount><![CDATA[0.900000]]></total_amount>
</order_detail_tax>
<order_detail_tax><id_order_detail><![CDATA[5454]]></id_order_detail>
<id_tax><![CDATA[27]]></id_tax>
<unit_amount><![CDATA[1.097250]]></unit_amount>
<total_amount><![CDATA[1.100000]]></total_amount>
</order_detail_tax>
<order_detail_tax><id_order_detail><![CDATA[5454]]></id_order_detail>
<id_tax><![CDATA[1]]></id_tax>
<unit_amount><![CDATA[0.550000]]></unit_amount>
<total_amount><![CDATA[0.550000]]></total_amount>
</order_detail_tax>
<order_detail_tax><id_order_detail><![CDATA[5455]]></id_order_detail>
<id_tax><![CDATA[27]]></id_tax>
<unit_amount><![CDATA[1.795500]]></unit_amount>
<total_amount><![CDATA[1.790000]]></total_amount>
</order_detail_tax>
<order_detail_tax><id_order_detail><![CDATA[5455]]></id_order_detail>
<id_tax><![CDATA[1]]></id_tax>
<unit_amount><![CDATA[0.900000]]></unit_amount>
<total_amount><![CDATA[0.890000]]></total_amount>
</order_detail_tax>
<order_detail_tax><id_order_detail><![CDATA[5456]]></id_order_detail>
<id_tax><![CDATA[27]]></id_tax>
<unit_amount><![CDATA[0.548625]]></unit_amount>
<total_amount><![CDATA[0.540000]]></total_amount>
</order_detail_tax>
<order_detail_tax><id_order_detail><![CDATA[5457]]></id_order_detail>
<id_tax><![CDATA[27]]></id_tax>
<unit_amount><![CDATA[0.548625]]></unit_amount>
<total_amount><![CDATA[0.550000]]></total_amount>
</order_detail_tax>
<order_detail_tax><id_order_detail><![CDATA[5458]]></id_order_detail>
<id_tax><![CDATA[27]]></id_tax>
<unit_amount><![CDATA[0.548625]]></unit_amount>
<total_amount><![CDATA[0.550000]]></total_amount>
</order_detail_tax>
<order_detail_tax><id_order_detail><![CDATA[5456]]></id_order_detail>
<id_tax><![CDATA[1]]></id_tax>
<unit_amount><![CDATA[0.275000]]></unit_amount>
<total_amount><![CDATA[0.280000]]></total_amount>
</order_detail_tax>
<order_detail_tax><id_order_detail><![CDATA[5457]]></id_order_detail>
<id_tax><![CDATA[1]]></id_tax>
<unit_amount><![CDATA[0.275000]]></unit_amount>
<total_amount><![CDATA[0.280000]]></total_amount>
</order_detail_tax>
<order_detail_tax><id_order_detail><![CDATA[5458]]></id_order_detail>
<id_tax><![CDATA[1]]></id_tax>
<unit_amount><![CDATA[0.275000]]></unit_amount>
<total_amount><![CDATA[0.280000]]></total_amount>
</order_detail_tax>
<order_detail_tax><id_order_detail><![CDATA[5459]]></id_order_detail>
<id_tax><![CDATA[27]]></id_tax>
<unit_amount><![CDATA[21.945000]]></unit_amount>
<total_amount><![CDATA[21.950000]]></total_amount>
</order_detail_tax>
<order_detail_tax><id_order_detail><![CDATA[5459]]></id_order_detail>
<id_tax><![CDATA[1]]></id_tax>
<unit_amount><![CDATA[11.000000]]></unit_amount>
<total_amount><![CDATA[11.000000]]></total_amount>
</order_detail_tax>
<order_detail_tax><id_order_detail><![CDATA[5462]]></id_order_detail>
<id_tax><![CDATA[27]]></id_tax>
<unit_amount><![CDATA[1.795500]]></unit_amount>
<total_amount><![CDATA[1.790000]]></total_amount>
</order_detail_tax>
<order_detail_tax><id_order_detail><![CDATA[5462]]></id_order_detail>
<id_tax><![CDATA[1]]></id_tax>
<unit_amount><![CDATA[0.900000]]></unit_amount>
<total_amount><![CDATA[0.890000]]></total_amount>
</order_detail_tax>
<order_detail_tax><id_order_detail><![CDATA[5463]]></id_order_detail>
<id_tax><![CDATA[27]]></id_tax>
<unit_amount><![CDATA[0.648375]]></unit_amount>
<total_amount><![CDATA[0.640000]]></total_amount>
</order_detail_tax>
<order_detail_tax><id_order_detail><![CDATA[5463]]></id_order_detail>
<id_tax><![CDATA[1]]></id_tax>
<unit_amount><![CDATA[0.325000]]></unit_amount>
<total_amount><![CDATA[0.330000]]></total_amount>
</order_detail_tax>
<order_detail_tax><id_order_detail><![CDATA[5460]]></id_order_detail>
<id_tax><![CDATA[27]]></id_tax>
<unit_amount><![CDATA[0.548625]]></unit_amount>
<total_amount><![CDATA[0.550000]]></total_amount>
</order_detail_tax>
<order_detail_tax><id_order_detail><![CDATA[5461]]></id_order_detail>
<id_tax><![CDATA[27]]></id_tax>
<unit_amount><![CDATA[0.548625]]></unit_amount>
<total_amount><![CDATA[0.550000]]></total_amount>
</order_detail_tax>
<order_detail_tax><id_order_detail><![CDATA[5460]]></id_order_detail>
<id_tax><![CDATA[1]]></id_tax>
<unit_amount><![CDATA[0.275000]]></unit_amount>
<total_amount><![CDATA[0.280000]]></total_amount>
</order_detail_tax>
<order_detail_tax><id_order_detail><![CDATA[5461]]></id_order_detail>
<id_tax><![CDATA[1]]></id_tax>
<unit_amount><![CDATA[0.275000]]></unit_amount>
<total_amount><![CDATA[0.280000]]></total_amount>
</order_detail_tax>
<order_detail_tax><id_order_detail><![CDATA[5464]]></id_order_detail>
<id_tax><![CDATA[27]]></id_tax>
<unit_amount><![CDATA[10.872750]]></unit_amount>
<total_amount><![CDATA[10.870000]]></total_amount>
</order_detail_tax>
<order_detail_tax><id_order_detail><![CDATA[5464]]></id_order_detail>
<id_tax><![CDATA[1]]></id_tax>
<unit_amount><![CDATA[5.450000]]></unit_amount>
<total_amount><![CDATA[5.450000]]></total_amount>
</order_detail_tax>
<order_detail_tax><id_order_detail><![CDATA[5465]]></id_order_detail>
<id_tax><![CDATA[27]]></id_tax>
<unit_amount><![CDATA[10.573500]]></unit_amount>
<total_amount><![CDATA[10.570000]]></total_amount>
</order_detail_tax>
<order_detail_tax><id_order_detail><![CDATA[5465]]></id_order_detail>
<id_tax><![CDATA[1]]></id_tax>
<unit_amount><![CDATA[5.300000]]></unit_amount>
<total_amount><![CDATA[5.300000]]></total_amount>
</order_detail_tax>
<order_detail_tax><id_order_detail><![CDATA[5466]]></id_order_detail>
<id_tax><![CDATA[27]]></id_tax>
<unit_amount><![CDATA[1.197000]]></unit_amount>
<total_amount><![CDATA[1.190000]]></total_amount>
</order_detail_tax>
<order_detail_tax><id_order_detail><![CDATA[5467]]></id_order_detail>
<id_tax><![CDATA[27]]></id_tax>
<unit_amount><![CDATA[1.197000]]></unit_amount>
<total_amount><![CDATA[1.200000]]></total_amount>
</order_detail_tax>
<order_detail_tax><id_order_detail><![CDATA[5466]]></id_order_detail>
<id_tax><![CDATA[1]]></id_tax>
<unit_amount><![CDATA[0.600000]]></unit_amount>
<total_amount><![CDATA[0.600000]]></total_amount>
</order_detail_tax>
<order_detail_tax><id_order_detail><![CDATA[5467]]></id_order_detail>
<id_tax><![CDATA[1]]></id_tax>
<unit_amount><![CDATA[0.600000]]></unit_amount>
<total_amount><![CDATA[0.600000]]></total_amount>
</order_detail_tax>
<order_detail_tax><id_order_detail><![CDATA[5468]]></id_order_detail>
<id_tax><![CDATA[27]]></id_tax>
<unit_amount><![CDATA[0.648375]]></unit_amount>
<total_amount><![CDATA[0.650000]]></total_amount>
</order_detail_tax>
<order_detail_tax><id_order_detail><![CDATA[5468]]></id_order_detail>
<id_tax><![CDATA[1]]></id_tax>
<unit_amount><![CDATA[0.325000]]></unit_amount>
<total_amount><![CDATA[0.330000]]></total_amount>
</order_detail_tax>
<order_detail_tax><id_order_detail><![CDATA[5469]]></id_order_detail>
<id_tax><![CDATA[27]]></id_tax>
<unit_amount><![CDATA[23.441250]]></unit_amount>
<total_amount><![CDATA[23.430000]]></total_amount>
</order_detail_tax>
<order_detail_tax><id_order_detail><![CDATA[5469]]></id_order_detail>
<id_tax><![CDATA[1]]></id_tax>
<unit_amount><![CDATA[11.750000]]></unit_amount>
<total_amount><![CDATA[11.750000]]></total_amount>
</order_detail_tax>
<order_detail_tax><id_order_detail><![CDATA[5470]]></id_order_detail>
<id_tax><![CDATA[27]]></id_tax>
<unit_amount><![CDATA[4.588500]]></unit_amount>
<total_amount><![CDATA[4.590000]]></total_amount>
</order_detail_tax>
<order_detail_tax><id_order_detail><![CDATA[5470]]></id_order_detail>
<id_tax><![CDATA[1]]></id_tax>
<unit_amount><![CDATA[2.300000]]></unit_amount>
<total_amount><![CDATA[2.300000]]></total_amount>
</order_detail_tax>
<order_detail_tax><id_order_detail><![CDATA[5471]]></id_order_detail>
<id_tax><![CDATA[27]]></id_tax>
<unit_amount><![CDATA[0.548625]]></unit_amount>
<total_amount><![CDATA[0.550000]]></total_amount>
</order_detail_tax>
<order_detail_tax><id_order_detail><![CDATA[5471]]></id_order_detail>
<id_tax><![CDATA[1]]></id_tax>
<unit_amount><![CDATA[0.275000]]></unit_amount>
<total_amount><![CDATA[0.280000]]></total_amount>
</order_detail_tax>
<order_detail_tax><id_order_detail><![CDATA[5472]]></id_order_detail>
<id_tax><![CDATA[27]]></id_tax>
<unit_amount><![CDATA[16.957500]]></unit_amount>
<total_amount><![CDATA[16.950000]]></total_amount>
</order_detail_tax>
<order_detail_tax><id_order_detail><![CDATA[5472]]></id_order_detail>
<id_tax><![CDATA[1]]></id_tax>
<unit_amount><![CDATA[8.500000]]></unit_amount>
<total_amount><![CDATA[8.500000]]></total_amount>
</order_detail_tax>
<order_detail_tax><id_order_detail><![CDATA[5473]]></id_order_detail>
<id_tax><![CDATA[27]]></id_tax>
<unit_amount><![CDATA[0.548625]]></unit_amount>
<total_amount><![CDATA[0.550000]]></total_amount>
</order_detail_tax>
<order_detail_tax><id_order_detail><![CDATA[5473]]></id_order_detail>
<id_tax><![CDATA[1]]></id_tax>
<unit_amount><![CDATA[0.275000]]></unit_amount>
<total_amount><![CDATA[0.280000]]></total_amount>
</order_detail_tax>
<order_detail_tax><id_order_detail><![CDATA[5477]]></id_order_detail>
<id_tax><![CDATA[27]]></id_tax>
<unit_amount><![CDATA[16.558500]]></unit_amount>
<total_amount><![CDATA[16.550000]]></total_amount>
</order_detail_tax>
<order_detail_tax><id_order_detail><![CDATA[5477]]></id_order_detail>
<id_tax><![CDATA[1]]></id_tax>
<unit_amount><![CDATA[8.300000]]></unit_amount>
<total_amount><![CDATA[8.290000]]></total_amount>
</order_detail_tax>
<order_detail_tax><id_order_detail><![CDATA[5474]]></id_order_detail>
<id_tax><![CDATA[27]]></id_tax>
<unit_amount><![CDATA[2.493750]]></unit_amount>
<total_amount><![CDATA[2.480000]]></total_amount>
</order_detail_tax>
<order_detail_tax><id_order_detail><![CDATA[5474]]></id_order_detail>
<id_tax><![CDATA[1]]></id_tax>
<unit_amount><![CDATA[1.250000]]></unit_amount>
<total_amount><![CDATA[1.250000]]></total_amount>
</order_detail_tax>
<order_detail_tax><id_order_detail><![CDATA[5475]]></id_order_detail>
<id_tax><![CDATA[27]]></id_tax>
<unit_amount><![CDATA[0.548625]]></unit_amount>
<total_amount><![CDATA[1.640000]]></total_amount>
</order_detail_tax>
<order_detail_tax><id_order_detail><![CDATA[5475]]></id_order_detail>
<id_tax><![CDATA[1]]></id_tax>
<unit_amount><![CDATA[0.275000]]></unit_amount>
<total_amount><![CDATA[0.840000]]></total_amount>
</order_detail_tax>
<order_detail_tax><id_order_detail><![CDATA[5476]]></id_order_detail>
<id_tax><![CDATA[27]]></id_tax>
<unit_amount><![CDATA[0.728175]]></unit_amount>
<total_amount><![CDATA[1.450000]]></total_amount>
</order_detail_tax>
<order_detail_tax><id_order_detail><![CDATA[5476]]></id_order_detail>
<id_tax><![CDATA[1]]></id_tax>
<unit_amount><![CDATA[0.365000]]></unit_amount>
<total_amount><![CDATA[0.740000]]></total_amount>
</order_detail_tax>
<order_detail_tax><id_order_detail><![CDATA[5478]]></id_order_detail>
<id_tax><![CDATA[27]]></id_tax>
<unit_amount><![CDATA[13.965000]]></unit_amount>
<total_amount><![CDATA[13.970000]]></total_amount>
</order_detail_tax>
<order_detail_tax><id_order_detail><![CDATA[5478]]></id_order_detail>
<id_tax><![CDATA[1]]></id_tax>
<unit_amount><![CDATA[7.000000]]></unit_amount>
<total_amount><![CDATA[7.000000]]></total_amount>
</order_detail_tax>
<order_detail_tax><id_order_detail><![CDATA[5479]]></id_order_detail>
<id_tax><![CDATA[27]]></id_tax>
<unit_amount><![CDATA[2.488763]]></unit_amount>
<total_amount><![CDATA[2.490000]]></total_amount>
</order_detail_tax>
<order_detail_tax><id_order_detail><![CDATA[5479]]></id_order_detail>
<id_tax><![CDATA[1]]></id_tax>
<unit_amount><![CDATA[1.247500]]></unit_amount>
<total_amount><![CDATA[1.250000]]></total_amount>
</order_detail_tax>
<order_detail_tax><id_order_detail><![CDATA[5480]]></id_order_detail>
<id_tax><![CDATA[27]]></id_tax>
<unit_amount><![CDATA[6.084750]]></unit_amount>
<total_amount><![CDATA[6.080000]]></total_amount>
</order_detail_tax>
<order_detail_tax><id_order_detail><![CDATA[5480]]></id_order_detail>
<id_tax><![CDATA[1]]></id_tax>
<unit_amount><![CDATA[3.050000]]></unit_amount>
<total_amount><![CDATA[3.050000]]></total_amount>
</order_detail_tax>
<order_detail_tax><id_order_detail><![CDATA[5481]]></id_order_detail>
<id_tax><![CDATA[27]]></id_tax>
<unit_amount><![CDATA[2.394000]]></unit_amount>
<total_amount><![CDATA[2.390000]]></total_amount>
</order_detail_tax>
<order_detail_tax><id_order_detail><![CDATA[5481]]></id_order_detail>
<id_tax><![CDATA[1]]></id_tax>
<unit_amount><![CDATA[1.200000]]></unit_amount>
<total_amount><![CDATA[1.200000]]></total_amount>
</order_detail_tax>
<order_detail_tax><id_order_detail><![CDATA[5482]]></id_order_detail>
<id_tax><![CDATA[27]]></id_tax>
<unit_amount><![CDATA[2.094750]]></unit_amount>
<total_amount><![CDATA[2.090000]]></total_amount>
</order_detail_tax>
<order_detail_tax><id_order_detail><![CDATA[5482]]></id_order_detail>
<id_tax><![CDATA[1]]></id_tax>
<unit_amount><![CDATA[1.050000]]></unit_amount>
<total_amount><![CDATA[1.050000]]></total_amount>
</order_detail_tax>
<order_detail_tax><id_order_detail><![CDATA[5485]]></id_order_detail>
<id_tax><![CDATA[27]]></id_tax>
<unit_amount><![CDATA[0.099750]]></unit_amount>
<total_amount><![CDATA[0.100000]]></total_amount>
</order_detail_tax>
<order_detail_tax><id_order_detail><![CDATA[5485]]></id_order_detail>
<id_tax><![CDATA[1]]></id_tax>
<unit_amount><![CDATA[0.050000]]></unit_amount>
<total_amount><![CDATA[0.050000]]></total_amount>
</order_detail_tax>
<order_detail_tax><id_order_detail><![CDATA[5486]]></id_order_detail>
<id_tax><![CDATA[27]]></id_tax>
<unit_amount><![CDATA[0.498750]]></unit_amount>
<total_amount><![CDATA[0.500000]]></total_amount>
</order_detail_tax>
<order_detail_tax><id_order_detail><![CDATA[5486]]></id_order_detail>
<id_tax><![CDATA[1]]></id_tax>
<unit_amount><![CDATA[0.250000]]></unit_amount>
<total_amount><![CDATA[0.250000]]></total_amount>
</order_detail_tax>
<order_detail_tax><id_order_detail><![CDATA[5487]]></id_order_detail>
<id_tax><![CDATA[27]]></id_tax>
<unit_amount><![CDATA[0.099750]]></unit_amount>
<total_amount><![CDATA[0.100000]]></total_amount>
</order_detail_tax>
<order_detail_tax><id_order_detail><![CDATA[5487]]></id_order_detail>
<id_tax><![CDATA[1]]></id_tax>
<unit_amount><![CDATA[0.050000]]></unit_amount>
<total_amount><![CDATA[0.050000]]></total_amount>
</order_detail_tax>
<order_detail_tax><id_order_detail><![CDATA[5488]]></id_order_detail>
<id_tax><![CDATA[27]]></id_tax>
<unit_amount><![CDATA[0.399000]]></unit_amount>
<total_amount><![CDATA[0.400000]]></total_amount>
</order_detail_tax>
<order_detail_tax><id_order_detail><![CDATA[5488]]></id_order_detail>
<id_tax><![CDATA[1]]></id_tax>
<unit_amount><![CDATA[0.200000]]></unit_amount>
<total_amount><![CDATA[0.200000]]></total_amount>
</order_detail_tax>
<order_detail_tax><id_order_detail><![CDATA[5489]]></id_order_detail>
<id_tax><![CDATA[27]]></id_tax>
<unit_amount><![CDATA[0.199500]]></unit_amount>
<total_amount><![CDATA[0.200000]]></total_amount>
</order_detail_tax>
<order_detail_tax><id_order_detail><![CDATA[5489]]></id_order_detail>
<id_tax><![CDATA[1]]></id_tax>
<unit_amount><![CDATA[0.100000]]></unit_amount>
<total_amount><![CDATA[0.100000]]></total_amount>
</order_detail_tax>
<order_detail_tax><id_order_detail><![CDATA[5491]]></id_order_detail>
<id_tax><![CDATA[27]]></id_tax>
<unit_amount><![CDATA[12.568500]]></unit_amount>
<total_amount><![CDATA[12.580000]]></total_amount>
</order_detail_tax>
<order_detail_tax><id_order_detail><![CDATA[5491]]></id_order_detail>
<id_tax><![CDATA[1]]></id_tax>
<unit_amount><![CDATA[6.300000]]></unit_amount>
<total_amount><![CDATA[6.300000]]></total_amount>
</order_detail_tax>
<order_detail_tax><id_order_detail><![CDATA[5490]]></id_order_detail>
<id_tax><![CDATA[27]]></id_tax>
<unit_amount><![CDATA[11.491200]]></unit_amount>
<total_amount><![CDATA[11.490000]]></total_amount>
</order_detail_tax>
<order_detail_tax><id_order_detail><![CDATA[5490]]></id_order_detail>
<id_tax><![CDATA[1]]></id_tax>
<unit_amount><![CDATA[5.760000]]></unit_amount>
<total_amount><![CDATA[5.760000]]></total_amount>
</order_detail_tax>
<order_detail_tax><id_order_detail><![CDATA[5492]]></id_order_detail>
<id_tax><![CDATA[27]]></id_tax>
<unit_amount><![CDATA[0.299250]]></unit_amount>
<total_amount><![CDATA[0.300000]]></total_amount>
</order_detail_tax>
<order_detail_tax><id_order_detail><![CDATA[5492]]></id_order_detail>
<id_tax><![CDATA[1]]></id_tax>
<unit_amount><![CDATA[0.150000]]></unit_amount>
<total_amount><![CDATA[0.150000]]></total_amount>
</order_detail_tax>
<order_detail_tax><id_order_detail><![CDATA[5493]]></id_order_detail>
<id_tax><![CDATA[27]]></id_tax>
<unit_amount><![CDATA[0.300000]]></unit_amount>
<total_amount><![CDATA[0.300000]]></total_amount>
</order_detail_tax>
<order_detail_tax><id_order_detail><![CDATA[5493]]></id_order_detail>
<id_tax><![CDATA[1]]></id_tax>
<unit_amount><![CDATA[0.150000]]></unit_amount>
<total_amount><![CDATA[0.150000]]></total_amount>
</order_detail_tax>
<order_detail_tax><id_order_detail><![CDATA[5494]]></id_order_detail>
<id_tax><![CDATA[27]]></id_tax>
<unit_amount><![CDATA[0.900000]]></unit_amount>
<total_amount><![CDATA[0.900000]]></total_amount>
</order_detail_tax>
<order_detail_tax><id_order_detail><![CDATA[5494]]></id_order_detail>
<id_tax><![CDATA[1]]></id_tax>
<unit_amount><![CDATA[0.450000]]></unit_amount>
<total_amount><![CDATA[0.450000]]></total_amount>
</order_detail_tax>
<order_detail_tax><id_order_detail><![CDATA[5495]]></id_order_detail>
<id_tax><![CDATA[27]]></id_tax>
<unit_amount><![CDATA[0.498750]]></unit_amount>
<total_amount><![CDATA[0.500000]]></total_amount>
</order_detail_tax>
<order_detail_tax><id_order_detail><![CDATA[5495]]></id_order_detail>
<id_tax><![CDATA[1]]></id_tax>
<unit_amount><![CDATA[0.250000]]></unit_amount>
<total_amount><![CDATA[0.250000]]></total_amount>
</order_detail_tax>
<order_detail_tax><id_order_detail><![CDATA[5496]]></id_order_detail>
<id_tax><![CDATA[27]]></id_tax>
<unit_amount><![CDATA[1.097250]]></unit_amount>
<total_amount><![CDATA[1.100000]]></total_amount>
</order_detail_tax>
<order_detail_tax><id_order_detail><![CDATA[5496]]></id_order_detail>
<id_tax><![CDATA[1]]></id_tax>
<unit_amount><![CDATA[0.550000]]></unit_amount>
<total_amount><![CDATA[0.550000]]></total_amount>
</order_detail_tax>
<order_detail_tax><id_order_detail><![CDATA[5497]]></id_order_detail>
<id_tax><![CDATA[27]]></id_tax>
<unit_amount><![CDATA[1.097250]]></unit_amount>
<total_amount><![CDATA[1.100000]]></total_amount>
</order_detail_tax>
<order_detail_tax><id_order_detail><![CDATA[5497]]></id_order_detail>
<id_tax><![CDATA[1]]></id_tax>
<unit_amount><![CDATA[0.550000]]></unit_amount>
<total_amount><![CDATA[0.550000]]></total_amount>
</order_detail_tax>
<order_detail_tax><id_order_detail><![CDATA[5498]]></id_order_detail>
<id_tax><![CDATA[27]]></id_tax>
<unit_amount><![CDATA[0.728175]]></unit_amount>
<total_amount><![CDATA[0.720000]]></total_amount>
</order_detail_tax>
<order_detail_tax><id_order_detail><![CDATA[5498]]></id_order_detail>
<id_tax><![CDATA[1]]></id_tax>
<unit_amount><![CDATA[0.365000]]></unit_amount>
<total_amount><![CDATA[0.370000]]></total_amount>
</order_detail_tax>
<order_detail_tax><id_order_detail><![CDATA[5499]]></id_order_detail>
<id_tax><![CDATA[27]]></id_tax>
<unit_amount><![CDATA[9.675750]]></unit_amount>
<total_amount><![CDATA[9.680000]]></total_amount>
</order_detail_tax>
<order_detail_tax><id_order_detail><![CDATA[5500]]></id_order_detail>
<id_tax><![CDATA[27]]></id_tax>
<unit_amount><![CDATA[9.675750]]></unit_amount>
<total_amount><![CDATA[9.680000]]></total_amount>
</order_detail_tax>
<order_detail_tax><id_order_detail><![CDATA[5499]]></id_order_detail>
<id_tax><![CDATA[1]]></id_tax>
<unit_amount><![CDATA[4.850000]]></unit_amount>
<total_amount><![CDATA[4.850000]]></total_amount>
</order_detail_tax>
<order_detail_tax><id_order_detail><![CDATA[5500]]></id_order_detail>
<id_tax><![CDATA[1]]></id_tax>
<unit_amount><![CDATA[4.850000]]></unit_amount>
<total_amount><![CDATA[4.850000]]></total_amount>
</order_detail_tax>
<order_detail_tax><id_order_detail><![CDATA[5501]]></id_order_detail>
<id_tax><![CDATA[27]]></id_tax>
<unit_amount><![CDATA[0.548625]]></unit_amount>
<total_amount><![CDATA[0.540000]]></total_amount>
</order_detail_tax>
<order_detail_tax><id_order_detail><![CDATA[5502]]></id_order_detail>
<id_tax><![CDATA[27]]></id_tax>
<unit_amount><![CDATA[0.548625]]></unit_amount>
<total_amount><![CDATA[0.540000]]></total_amount>
</order_detail_tax>
<order_detail_tax><id_order_detail><![CDATA[5503]]></id_order_detail>
<id_tax><![CDATA[27]]></id_tax>
<unit_amount><![CDATA[0.548625]]></unit_amount>
<total_amount><![CDATA[0.540000]]></total_amount>
</order_detail_tax>
<order_detail_tax><id_order_detail><![CDATA[5501]]></id_order_detail>
<id_tax><![CDATA[1]]></id_tax>
<unit_amount><![CDATA[0.275000]]></unit_amount>
<total_amount><![CDATA[0.280000]]></total_amount>
</order_detail_tax>
<order_detail_tax><id_order_detail><![CDATA[5502]]></id_order_detail>
<id_tax><![CDATA[1]]></id_tax>
<unit_amount><![CDATA[0.275000]]></unit_amount>
<total_amount><![CDATA[0.280000]]></total_amount>
</order_detail_tax>
<order_detail_tax><id_order_detail><![CDATA[5503]]></id_order_detail>
<id_tax><![CDATA[1]]></id_tax>
<unit_amount><![CDATA[0.275000]]></unit_amount>
<total_amount><![CDATA[0.280000]]></total_amount>
</order_detail_tax>
<order_detail_tax><id_order_detail><![CDATA[5504]]></id_order_detail>
<id_tax><![CDATA[27]]></id_tax>
<unit_amount><![CDATA[4.890000]]></unit_amount>
<total_amount><![CDATA[4.890000]]></total_amount>
</order_detail_tax>
<order_detail_tax><id_order_detail><![CDATA[5504]]></id_order_detail>
<id_tax><![CDATA[1]]></id_tax>
<unit_amount><![CDATA[2.450000]]></unit_amount>
<total_amount><![CDATA[2.450000]]></total_amount>
</order_detail_tax>
<order_detail_tax><id_order_detail><![CDATA[5505]]></id_order_detail>
<id_tax><![CDATA[27]]></id_tax>
<unit_amount><![CDATA[3.137138]]></unit_amount>
<total_amount><![CDATA[3.130000]]></total_amount>
</order_detail_tax>
<order_detail_tax><id_order_detail><![CDATA[5505]]></id_order_detail>
<id_tax><![CDATA[1]]></id_tax>
<unit_amount><![CDATA[1.572500]]></unit_amount>
<total_amount><![CDATA[1.560000]]></total_amount>
</order_detail_tax>
<order_detail_tax><id_order_detail><![CDATA[5508]]></id_order_detail>
<id_tax><![CDATA[27]]></id_tax>
<unit_amount><![CDATA[0.598500]]></unit_amount>
<total_amount><![CDATA[1.190000]]></total_amount>
</order_detail_tax>
<order_detail_tax><id_order_detail><![CDATA[5508]]></id_order_detail>
<id_tax><![CDATA[1]]></id_tax>
<unit_amount><![CDATA[0.300000]]></unit_amount>
<total_amount><![CDATA[0.600000]]></total_amount>
</order_detail_tax>
<order_detail_tax><id_order_detail><![CDATA[5507]]></id_order_detail>
<id_tax><![CDATA[27]]></id_tax>
<unit_amount><![CDATA[0.897750]]></unit_amount>
<total_amount><![CDATA[0.900000]]></total_amount>
</order_detail_tax>
<order_detail_tax><id_order_detail><![CDATA[5511]]></id_order_detail>
<id_tax><![CDATA[27]]></id_tax>
<unit_amount><![CDATA[0.897750]]></unit_amount>
<total_amount><![CDATA[0.900000]]></total_amount>
</order_detail_tax>
<order_detail_tax><id_order_detail><![CDATA[5507]]></id_order_detail>
<id_tax><![CDATA[1]]></id_tax>
<unit_amount><![CDATA[0.450000]]></unit_amount>
<total_amount><![CDATA[0.450000]]></total_amount>
</order_detail_tax>
<order_detail_tax><id_order_detail><![CDATA[5511]]></id_order_detail>
<id_tax><![CDATA[1]]></id_tax>
<unit_amount><![CDATA[0.450000]]></unit_amount>
<total_amount><![CDATA[0.450000]]></total_amount>
</order_detail_tax>
<order_detail_tax><id_order_detail><![CDATA[5506]]></id_order_detail>
<id_tax><![CDATA[27]]></id_tax>
<unit_amount><![CDATA[0.548625]]></unit_amount>
<total_amount><![CDATA[0.550000]]></total_amount>
</order_detail_tax>
<order_detail_tax><id_order_detail><![CDATA[5509]]></id_order_detail>
<id_tax><![CDATA[27]]></id_tax>
<unit_amount><![CDATA[0.548625]]></unit_amount>
<total_amount><![CDATA[0.550000]]></total_amount>
</order_detail_tax>
<order_detail_tax><id_order_detail><![CDATA[5510]]></id_order_detail>
<id_tax><![CDATA[27]]></id_tax>
<unit_amount><![CDATA[0.548625]]></unit_amount>
<total_amount><![CDATA[0.550000]]></total_amount>
</order_detail_tax>
<order_detail_tax><id_order_detail><![CDATA[5506]]></id_order_detail>
<id_tax><![CDATA[1]]></id_tax>
<unit_amount><![CDATA[0.275000]]></unit_amount>
<total_amount><![CDATA[0.280000]]></total_amount>
</order_detail_tax>
<order_detail_tax><id_order_detail><![CDATA[5509]]></id_order_detail>
<id_tax><![CDATA[1]]></id_tax>
<unit_amount><![CDATA[0.275000]]></unit_amount>
<total_amount><![CDATA[0.280000]]></total_amount>
</order_detail_tax>
<order_detail_tax><id_order_detail><![CDATA[5510]]></id_order_detail>
<id_tax><![CDATA[1]]></id_tax>
<unit_amount><![CDATA[0.275000]]></unit_amount>
<total_amount><![CDATA[0.280000]]></total_amount>
</order_detail_tax>
<order_detail_tax><id_order_detail><![CDATA[5512]]></id_order_detail>
<id_tax><![CDATA[27]]></id_tax>
<unit_amount><![CDATA[4.890000]]></unit_amount>
<total_amount><![CDATA[4.890000]]></total_amount>
</order_detail_tax>
<order_detail_tax><id_order_detail><![CDATA[5512]]></id_order_detail>
<id_tax><![CDATA[1]]></id_tax>
<unit_amount><![CDATA[2.450000]]></unit_amount>
<total_amount><![CDATA[2.450000]]></total_amount>
</order_detail_tax>
<order_detail_tax><id_order_detail><![CDATA[5513]]></id_order_detail>
<id_tax><![CDATA[27]]></id_tax>
<unit_amount><![CDATA[4.890000]]></unit_amount>
<total_amount><![CDATA[4.890000]]></total_amount>
</order_detail_tax>
<order_detail_tax><id_order_detail><![CDATA[5513]]></id_order_detail>
<id_tax><![CDATA[1]]></id_tax>
<unit_amount><![CDATA[2.450000]]></unit_amount>
<total_amount><![CDATA[2.450000]]></total_amount>
</order_detail_tax>
<order_detail_tax><id_order_detail><![CDATA[5514]]></id_order_detail>
<id_tax><![CDATA[27]]></id_tax>
<unit_amount><![CDATA[0.598500]]></unit_amount>
<total_amount><![CDATA[0.600000]]></total_amount>
</order_detail_tax>
<order_detail_tax><id_order_detail><![CDATA[5514]]></id_order_detail>
<id_tax><![CDATA[1]]></id_tax>
<unit_amount><![CDATA[0.300000]]></unit_amount>
<total_amount><![CDATA[0.300000]]></total_amount>
</order_detail_tax>
<order_detail_tax><id_order_detail><![CDATA[5515]]></id_order_detail>
<id_tax><![CDATA[27]]></id_tax>
<unit_amount><![CDATA[0.550000]]></unit_amount>
<total_amount><![CDATA[0.550000]]></total_amount>
</order_detail_tax>
<order_detail_tax><id_order_detail><![CDATA[5515]]></id_order_detail>
<id_tax><![CDATA[1]]></id_tax>
<unit_amount><![CDATA[0.280000]]></unit_amount>
<total_amount><![CDATA[0.280000]]></total_amount>
</order_detail_tax>
<order_detail_tax><id_order_detail><![CDATA[5516]]></id_order_detail>
<id_tax><![CDATA[27]]></id_tax>
<unit_amount><![CDATA[0.897750]]></unit_amount>
<total_amount><![CDATA[0.900000]]></total_amount>
</order_detail_tax>
<order_detail_tax><id_order_detail><![CDATA[5516]]></id_order_detail>
<id_tax><![CDATA[1]]></id_tax>
<unit_amount><![CDATA[0.450000]]></unit_amount>
<total_amount><![CDATA[0.450000]]></total_amount>
</order_detail_tax>
<order_detail_tax><id_order_detail><![CDATA[5517]]></id_order_detail>
<id_tax><![CDATA[27]]></id_tax>
<unit_amount><![CDATA[0.548625]]></unit_amount>
<total_amount><![CDATA[1.090000]]></total_amount>
</order_detail_tax>
<order_detail_tax><id_order_detail><![CDATA[5517]]></id_order_detail>
<id_tax><![CDATA[1]]></id_tax>
<unit_amount><![CDATA[0.275000]]></unit_amount>
<total_amount><![CDATA[0.550000]]></total_amount>
</order_detail_tax>
<order_detail_tax><id_order_detail><![CDATA[5518]]></id_order_detail>
<id_tax><![CDATA[0]]></id_tax>
<unit_amount><![CDATA[0.000000]]></unit_amount>
<total_amount><![CDATA[0.000000]]></total_amount>
</order_detail_tax>
<order_detail_tax><id_order_detail><![CDATA[5519]]></id_order_detail>
<id_tax><![CDATA[27]]></id_tax>
<unit_amount><![CDATA[1.192013]]></unit_amount>
<total_amount><![CDATA[1.180000]]></total_amount>
</order_detail_tax>
<order_detail_tax><id_order_detail><![CDATA[5519]]></id_order_detail>
<id_tax><![CDATA[1]]></id_tax>
<unit_amount><![CDATA[0.597500]]></unit_amount>
<total_amount><![CDATA[0.600000]]></total_amount>
</order_detail_tax>
<order_detail_tax><id_order_detail><![CDATA[5520]]></id_order_detail>
<id_tax><![CDATA[27]]></id_tax>
<unit_amount><![CDATA[1.147125]]></unit_amount>
<total_amount><![CDATA[1.150000]]></total_amount>
</order_detail_tax>
<order_detail_tax><id_order_detail><![CDATA[5520]]></id_order_detail>
<id_tax><![CDATA[1]]></id_tax>
<unit_amount><![CDATA[0.575000]]></unit_amount>
<total_amount><![CDATA[0.580000]]></total_amount>
</order_detail_tax>
<order_detail_tax><id_order_detail><![CDATA[5521]]></id_order_detail>
<id_tax><![CDATA[27]]></id_tax>
<unit_amount><![CDATA[1.097250]]></unit_amount>
<total_amount><![CDATA[1.100000]]></total_amount>
</order_detail_tax>
<order_detail_tax><id_order_detail><![CDATA[5521]]></id_order_detail>
<id_tax><![CDATA[1]]></id_tax>
<unit_amount><![CDATA[0.550000]]></unit_amount>
<total_amount><![CDATA[0.550000]]></total_amount>
</order_detail_tax>
<order_detail_tax><id_order_detail><![CDATA[5522]]></id_order_detail>
<id_tax><![CDATA[27]]></id_tax>
<unit_amount><![CDATA[2.493750]]></unit_amount>
<total_amount><![CDATA[2.490000]]></total_amount>
</order_detail_tax>
<order_detail_tax><id_order_detail><![CDATA[5523]]></id_order_detail>
<id_tax><![CDATA[27]]></id_tax>
<unit_amount><![CDATA[2.493750]]></unit_amount>
<total_amount><![CDATA[2.490000]]></total_amount>
</order_detail_tax>
<order_detail_tax><id_order_detail><![CDATA[5522]]></id_order_detail>
<id_tax><![CDATA[1]]></id_tax>
<unit_amount><![CDATA[1.250000]]></unit_amount>
<total_amount><![CDATA[1.250000]]></total_amount>
</order_detail_tax>
<order_detail_tax><id_order_detail><![CDATA[5523]]></id_order_detail>
<id_tax><![CDATA[1]]></id_tax>
<unit_amount><![CDATA[1.250000]]></unit_amount>
<total_amount><![CDATA[1.250000]]></total_amount>
</order_detail_tax>
<order_detail_tax><id_order_detail><![CDATA[5524]]></id_order_detail>
<id_tax><![CDATA[27]]></id_tax>
<unit_amount><![CDATA[11.870250]]></unit_amount>
<total_amount><![CDATA[11.870000]]></total_amount>
</order_detail_tax>
<order_detail_tax><id_order_detail><![CDATA[5524]]></id_order_detail>
<id_tax><![CDATA[1]]></id_tax>
<unit_amount><![CDATA[5.950000]]></unit_amount>
<total_amount><![CDATA[5.950000]]></total_amount>
</order_detail_tax>
<order_detail_tax><id_order_detail><![CDATA[5525]]></id_order_detail>
<id_tax><![CDATA[27]]></id_tax>
<unit_amount><![CDATA[1.675800]]></unit_amount>
<total_amount><![CDATA[1.680000]]></total_amount>
</order_detail_tax>
<order_detail_tax><id_order_detail><![CDATA[5525]]></id_order_detail>
<id_tax><![CDATA[1]]></id_tax>
<unit_amount><![CDATA[0.840000]]></unit_amount>
<total_amount><![CDATA[0.840000]]></total_amount>
</order_detail_tax>
<order_detail_tax><id_order_detail><![CDATA[5526]]></id_order_detail>
<id_tax><![CDATA[1]]></id_tax>
<unit_amount><![CDATA[0.630000]]></unit_amount>
<total_amount><![CDATA[0.630000]]></total_amount>
</order_detail_tax>
<order_detail_tax><id_order_detail><![CDATA[5527]]></id_order_detail>
<id_tax><![CDATA[1]]></id_tax>
<unit_amount><![CDATA[0.600000]]></unit_amount>
<total_amount><![CDATA[0.600000]]></total_amount>
</order_detail_tax>
<order_detail_tax><id_order_detail><![CDATA[5528]]></id_order_detail>
<id_tax><![CDATA[1]]></id_tax>
<unit_amount><![CDATA[0.750000]]></unit_amount>
<total_amount><![CDATA[0.750000]]></total_amount>
</order_detail_tax>
<order_detail_tax><id_order_detail><![CDATA[5529]]></id_order_detail>
<id_tax><![CDATA[1]]></id_tax>
<unit_amount><![CDATA[0.750000]]></unit_amount>
<total_amount><![CDATA[0.750000]]></total_amount>
</order_detail_tax>
<order_detail_tax><id_order_detail><![CDATA[5530]]></id_order_detail>
<id_tax><![CDATA[1]]></id_tax>
<unit_amount><![CDATA[0.750000]]></unit_amount>
<total_amount><![CDATA[0.750000]]></total_amount>
</order_detail_tax>
<order_detail_tax><id_order_detail><![CDATA[5531]]></id_order_detail>
<id_tax><![CDATA[1]]></id_tax>
<unit_amount><![CDATA[0.750000]]></unit_amount>
<total_amount><![CDATA[0.750000]]></total_amount>
</order_detail_tax>
<order_detail_tax><id_order_detail><![CDATA[5532]]></id_order_detail>
<id_tax><![CDATA[27]]></id_tax>
<unit_amount><![CDATA[0.997500]]></unit_amount>
<total_amount><![CDATA[1.000000]]></total_amount>
</order_detail_tax>
<order_detail_tax><id_order_detail><![CDATA[5532]]></id_order_detail>
<id_tax><![CDATA[1]]></id_tax>
<unit_amount><![CDATA[0.500000]]></unit_amount>
<total_amount><![CDATA[0.500000]]></total_amount>
</order_detail_tax>
<order_detail_tax><id_order_detail><![CDATA[5533]]></id_order_detail>
<id_tax><![CDATA[27]]></id_tax>
<unit_amount><![CDATA[1.200000]]></unit_amount>
<total_amount><![CDATA[1.200000]]></total_amount>
</order_detail_tax>
<order_detail_tax><id_order_detail><![CDATA[5533]]></id_order_detail>
<id_tax><![CDATA[1]]></id_tax>
<unit_amount><![CDATA[0.600000]]></unit_amount>
<total_amount><![CDATA[0.600000]]></total_amount>
</order_detail_tax>
</entity_profile>
