<?xml version="1.0" encoding="UTF-8"?>
<entity_profile>
<product_attribute_combination><id_attribute><![CDATA[121]]></id_attribute>
<id_product_attribute><![CDATA[7818]]></id_product_attribute>
</product_attribute_combination>
<product_attribute_combination><id_attribute><![CDATA[122]]></id_attribute>
<id_product_attribute><![CDATA[7819]]></id_product_attribute>
</product_attribute_combination>
<product_attribute_combination><id_attribute><![CDATA[126]]></id_attribute>
<id_product_attribute><![CDATA[7820]]></id_product_attribute>
</product_attribute_combination>
<product_attribute_combination><id_attribute><![CDATA[120]]></id_attribute>
<id_product_attribute><![CDATA[7821]]></id_product_attribute>
</product_attribute_combination>
<product_attribute_combination><id_attribute><![CDATA[121]]></id_attribute>
<id_product_attribute><![CDATA[7822]]></id_product_attribute>
</product_attribute_combination>
<product_attribute_combination><id_attribute><![CDATA[122]]></id_attribute>
<id_product_attribute><![CDATA[7823]]></id_product_attribute>
</product_attribute_combination>
<product_attribute_combination><id_attribute><![CDATA[126]]></id_attribute>
<id_product_attribute><![CDATA[7824]]></id_product_attribute>
</product_attribute_combination>
<product_attribute_combination><id_attribute><![CDATA[126]]></id_attribute>
<id_product_attribute><![CDATA[7825]]></id_product_attribute>
</product_attribute_combination>
<product_attribute_combination><id_attribute><![CDATA[123]]></id_attribute>
<id_product_attribute><![CDATA[7826]]></id_product_attribute>
</product_attribute_combination>
<product_attribute_combination><id_attribute><![CDATA[124]]></id_attribute>
<id_product_attribute><![CDATA[7827]]></id_product_attribute>
</product_attribute_combination>
<product_attribute_combination><id_attribute><![CDATA[125]]></id_attribute>
<id_product_attribute><![CDATA[7828]]></id_product_attribute>
</product_attribute_combination>
<product_attribute_combination><id_attribute><![CDATA[46]]></id_attribute>
<id_product_attribute><![CDATA[7829]]></id_product_attribute>
</product_attribute_combination>
<product_attribute_combination><id_attribute><![CDATA[1252]]></id_attribute>
<id_product_attribute><![CDATA[7830]]></id_product_attribute>
</product_attribute_combination>
<product_attribute_combination><id_attribute><![CDATA[1253]]></id_attribute>
<id_product_attribute><![CDATA[7831]]></id_product_attribute>
</product_attribute_combination>
<product_attribute_combination><id_attribute><![CDATA[1252]]></id_attribute>
<id_product_attribute><![CDATA[7832]]></id_product_attribute>
</product_attribute_combination>
<product_attribute_combination><id_attribute><![CDATA[1253]]></id_attribute>
<id_product_attribute><![CDATA[7833]]></id_product_attribute>
</product_attribute_combination>
<product_attribute_combination><id_attribute><![CDATA[64]]></id_attribute>
<id_product_attribute><![CDATA[7834]]></id_product_attribute>
</product_attribute_combination>
<product_attribute_combination><id_attribute><![CDATA[58]]></id_attribute>
<id_product_attribute><![CDATA[7835]]></id_product_attribute>
</product_attribute_combination>
<product_attribute_combination><id_attribute><![CDATA[51]]></id_attribute>
<id_product_attribute><![CDATA[7836]]></id_product_attribute>
</product_attribute_combination>
<product_attribute_combination><id_attribute><![CDATA[52]]></id_attribute>
<id_product_attribute><![CDATA[7837]]></id_product_attribute>
</product_attribute_combination>
<product_attribute_combination><id_attribute><![CDATA[138]]></id_attribute>
<id_product_attribute><![CDATA[7838]]></id_product_attribute>
</product_attribute_combination>
</entity_profile>
