<?xml version="1.0" encoding="UTF-8"?>
<entity_profile>
<product_tag><id_product><![CDATA[763]]></id_product>
<id_tag><![CDATA[7717]]></id_tag>
<id_lang><![CDATA[3]]></id_lang>
</product_tag>
<product_tag><id_product><![CDATA[784]]></id_product>
<id_tag><![CDATA[7717]]></id_tag>
<id_lang><![CDATA[3]]></id_lang>
</product_tag>
<product_tag><id_product><![CDATA[787]]></id_product>
<id_tag><![CDATA[7717]]></id_tag>
<id_lang><![CDATA[3]]></id_lang>
</product_tag>
<product_tag><id_product><![CDATA[799]]></id_product>
<id_tag><![CDATA[7717]]></id_tag>
<id_lang><![CDATA[3]]></id_lang>
</product_tag>
<product_tag><id_product><![CDATA[800]]></id_product>
<id_tag><![CDATA[7717]]></id_tag>
<id_lang><![CDATA[3]]></id_lang>
</product_tag>
<product_tag><id_product><![CDATA[801]]></id_product>
<id_tag><![CDATA[7717]]></id_tag>
<id_lang><![CDATA[3]]></id_lang>
</product_tag>
<product_tag><id_product><![CDATA[4079]]></id_product>
<id_tag><![CDATA[7717]]></id_tag>
<id_lang><![CDATA[3]]></id_lang>
</product_tag>
<product_tag><id_product><![CDATA[4081]]></id_product>
<id_tag><![CDATA[7717]]></id_tag>
<id_lang><![CDATA[3]]></id_lang>
</product_tag>
<product_tag><id_product><![CDATA[4082]]></id_product>
<id_tag><![CDATA[7717]]></id_tag>
<id_lang><![CDATA[3]]></id_lang>
</product_tag>
<product_tag><id_product><![CDATA[4088]]></id_product>
<id_tag><![CDATA[7717]]></id_tag>
<id_lang><![CDATA[3]]></id_lang>
</product_tag>
<product_tag><id_product><![CDATA[4144]]></id_product>
<id_tag><![CDATA[7717]]></id_tag>
<id_lang><![CDATA[3]]></id_lang>
</product_tag>
<product_tag><id_product><![CDATA[4150]]></id_product>
<id_tag><![CDATA[7717]]></id_tag>
<id_lang><![CDATA[3]]></id_lang>
</product_tag>
<product_tag><id_product><![CDATA[4156]]></id_product>
<id_tag><![CDATA[7717]]></id_tag>
<id_lang><![CDATA[3]]></id_lang>
</product_tag>
<product_tag><id_product><![CDATA[4161]]></id_product>
<id_tag><![CDATA[7717]]></id_tag>
<id_lang><![CDATA[3]]></id_lang>
</product_tag>
<product_tag><id_product><![CDATA[4162]]></id_product>
<id_tag><![CDATA[7717]]></id_tag>
<id_lang><![CDATA[3]]></id_lang>
</product_tag>
<product_tag><id_product><![CDATA[4164]]></id_product>
<id_tag><![CDATA[7717]]></id_tag>
<id_lang><![CDATA[3]]></id_lang>
</product_tag>
<product_tag><id_product><![CDATA[4169]]></id_product>
<id_tag><![CDATA[7717]]></id_tag>
<id_lang><![CDATA[3]]></id_lang>
</product_tag>
<product_tag><id_product><![CDATA[4171]]></id_product>
<id_tag><![CDATA[7717]]></id_tag>
<id_lang><![CDATA[3]]></id_lang>
</product_tag>
<product_tag><id_product><![CDATA[4174]]></id_product>
<id_tag><![CDATA[7717]]></id_tag>
<id_lang><![CDATA[3]]></id_lang>
</product_tag>
<product_tag><id_product><![CDATA[101]]></id_product>
<id_tag><![CDATA[7721]]></id_tag>
<id_lang><![CDATA[3]]></id_lang>
</product_tag>
<product_tag><id_product><![CDATA[634]]></id_product>
<id_tag><![CDATA[7721]]></id_tag>
<id_lang><![CDATA[3]]></id_lang>
</product_tag>
<product_tag><id_product><![CDATA[692]]></id_product>
<id_tag><![CDATA[7721]]></id_tag>
<id_lang><![CDATA[3]]></id_lang>
</product_tag>
<product_tag><id_product><![CDATA[92]]></id_product>
<id_tag><![CDATA[7722]]></id_tag>
<id_lang><![CDATA[3]]></id_lang>
</product_tag>
<product_tag><id_product><![CDATA[101]]></id_product>
<id_tag><![CDATA[7722]]></id_tag>
<id_lang><![CDATA[3]]></id_lang>
</product_tag>
<product_tag><id_product><![CDATA[631]]></id_product>
<id_tag><![CDATA[7722]]></id_tag>
<id_lang><![CDATA[3]]></id_lang>
</product_tag>
<product_tag><id_product><![CDATA[634]]></id_product>
<id_tag><![CDATA[7722]]></id_tag>
<id_lang><![CDATA[3]]></id_lang>
</product_tag>
<product_tag><id_product><![CDATA[689]]></id_product>
<id_tag><![CDATA[7722]]></id_tag>
<id_lang><![CDATA[3]]></id_lang>
</product_tag>
<product_tag><id_product><![CDATA[692]]></id_product>
<id_tag><![CDATA[7722]]></id_tag>
<id_lang><![CDATA[3]]></id_lang>
</product_tag>
<product_tag><id_product><![CDATA[747]]></id_product>
<id_tag><![CDATA[7722]]></id_tag>
<id_lang><![CDATA[3]]></id_lang>
</product_tag>
<product_tag><id_product><![CDATA[318]]></id_product>
<id_tag><![CDATA[7790]]></id_tag>
<id_lang><![CDATA[3]]></id_lang>
</product_tag>
<product_tag><id_product><![CDATA[654]]></id_product>
<id_tag><![CDATA[7790]]></id_tag>
<id_lang><![CDATA[3]]></id_lang>
</product_tag>
<product_tag><id_product><![CDATA[712]]></id_product>
<id_tag><![CDATA[7790]]></id_tag>
<id_lang><![CDATA[3]]></id_lang>
</product_tag>
<product_tag><id_product><![CDATA[107]]></id_product>
<id_tag><![CDATA[7793]]></id_tag>
<id_lang><![CDATA[3]]></id_lang>
</product_tag>
<product_tag><id_product><![CDATA[636]]></id_product>
<id_tag><![CDATA[7793]]></id_tag>
<id_lang><![CDATA[3]]></id_lang>
</product_tag>
<product_tag><id_product><![CDATA[646]]></id_product>
<id_tag><![CDATA[7793]]></id_tag>
<id_lang><![CDATA[3]]></id_lang>
</product_tag>
<product_tag><id_product><![CDATA[694]]></id_product>
<id_tag><![CDATA[7793]]></id_tag>
<id_lang><![CDATA[3]]></id_lang>
</product_tag>
<product_tag><id_product><![CDATA[704]]></id_product>
<id_tag><![CDATA[7793]]></id_tag>
<id_lang><![CDATA[3]]></id_lang>
</product_tag>
<product_tag><id_product><![CDATA[762]]></id_product>
<id_tag><![CDATA[7793]]></id_tag>
<id_lang><![CDATA[3]]></id_lang>
</product_tag>
<product_tag><id_product><![CDATA[95]]></id_product>
<id_tag><![CDATA[7794]]></id_tag>
<id_lang><![CDATA[3]]></id_lang>
</product_tag>
<product_tag><id_product><![CDATA[107]]></id_product>
<id_tag><![CDATA[7794]]></id_tag>
<id_lang><![CDATA[3]]></id_lang>
</product_tag>
<product_tag><id_product><![CDATA[632]]></id_product>
<id_tag><![CDATA[7794]]></id_tag>
<id_lang><![CDATA[3]]></id_lang>
</product_tag>
<product_tag><id_product><![CDATA[633]]></id_product>
<id_tag><![CDATA[7794]]></id_tag>
<id_lang><![CDATA[3]]></id_lang>
</product_tag>
<product_tag><id_product><![CDATA[636]]></id_product>
<id_tag><![CDATA[7794]]></id_tag>
<id_lang><![CDATA[3]]></id_lang>
</product_tag>
<product_tag><id_product><![CDATA[690]]></id_product>
<id_tag><![CDATA[7794]]></id_tag>
<id_lang><![CDATA[3]]></id_lang>
</product_tag>
<product_tag><id_product><![CDATA[691]]></id_product>
<id_tag><![CDATA[7794]]></id_tag>
<id_lang><![CDATA[3]]></id_lang>
</product_tag>
<product_tag><id_product><![CDATA[748]]></id_product>
<id_tag><![CDATA[7794]]></id_tag>
<id_lang><![CDATA[3]]></id_lang>
</product_tag>
<product_tag><id_product><![CDATA[644]]></id_product>
<id_tag><![CDATA[7807]]></id_tag>
<id_lang><![CDATA[3]]></id_lang>
</product_tag>
<product_tag><id_product><![CDATA[798]]></id_product>
<id_tag><![CDATA[7807]]></id_tag>
<id_lang><![CDATA[3]]></id_lang>
</product_tag>
<product_tag><id_product><![CDATA[67]]></id_product>
<id_tag><![CDATA[7814]]></id_tag>
<id_lang><![CDATA[3]]></id_lang>
</product_tag>
<product_tag><id_product><![CDATA[335]]></id_product>
<id_tag><![CDATA[7814]]></id_tag>
<id_lang><![CDATA[3]]></id_lang>
</product_tag>
<product_tag><id_product><![CDATA[623]]></id_product>
<id_tag><![CDATA[7814]]></id_tag>
<id_lang><![CDATA[3]]></id_lang>
</product_tag>
<product_tag><id_product><![CDATA[626]]></id_product>
<id_tag><![CDATA[7814]]></id_tag>
<id_lang><![CDATA[3]]></id_lang>
</product_tag>
<product_tag><id_product><![CDATA[659]]></id_product>
<id_tag><![CDATA[7814]]></id_tag>
<id_lang><![CDATA[3]]></id_lang>
</product_tag>
<product_tag><id_product><![CDATA[684]]></id_product>
<id_tag><![CDATA[7814]]></id_tag>
<id_lang><![CDATA[3]]></id_lang>
</product_tag>
<product_tag><id_product><![CDATA[717]]></id_product>
<id_tag><![CDATA[7814]]></id_tag>
<id_lang><![CDATA[3]]></id_lang>
</product_tag>
<product_tag><id_product><![CDATA[742]]></id_product>
<id_tag><![CDATA[7814]]></id_tag>
<id_lang><![CDATA[3]]></id_lang>
</product_tag>
<product_tag><id_product><![CDATA[775]]></id_product>
<id_tag><![CDATA[7814]]></id_tag>
<id_lang><![CDATA[3]]></id_lang>
</product_tag>
<product_tag><id_product><![CDATA[67]]></id_product>
<id_tag><![CDATA[7815]]></id_tag>
<id_lang><![CDATA[3]]></id_lang>
</product_tag>
<product_tag><id_product><![CDATA[623]]></id_product>
<id_tag><![CDATA[7815]]></id_tag>
<id_lang><![CDATA[3]]></id_lang>
</product_tag>
<product_tag><id_product><![CDATA[88]]></id_product>
<id_tag><![CDATA[7816]]></id_tag>
<id_lang><![CDATA[3]]></id_lang>
</product_tag>
<product_tag><id_product><![CDATA[630]]></id_product>
<id_tag><![CDATA[7816]]></id_tag>
<id_lang><![CDATA[3]]></id_lang>
</product_tag>
<product_tag><id_product><![CDATA[688]]></id_product>
<id_tag><![CDATA[7816]]></id_tag>
<id_lang><![CDATA[3]]></id_lang>
</product_tag>
<product_tag><id_product><![CDATA[98]]></id_product>
<id_tag><![CDATA[7824]]></id_tag>
<id_lang><![CDATA[3]]></id_lang>
</product_tag>
<product_tag><id_product><![CDATA[4166]]></id_product>
<id_tag><![CDATA[7824]]></id_tag>
<id_lang><![CDATA[3]]></id_lang>
</product_tag>
<product_tag><id_product><![CDATA[98]]></id_product>
<id_tag><![CDATA[7825]]></id_tag>
<id_lang><![CDATA[3]]></id_lang>
</product_tag>
<product_tag><id_product><![CDATA[691]]></id_product>
<id_tag><![CDATA[7825]]></id_tag>
<id_lang><![CDATA[3]]></id_lang>
</product_tag>
<product_tag><id_product><![CDATA[104]]></id_product>
<id_tag><![CDATA[7827]]></id_tag>
<id_lang><![CDATA[3]]></id_lang>
</product_tag>
<product_tag><id_product><![CDATA[687]]></id_product>
<id_tag><![CDATA[7827]]></id_tag>
<id_lang><![CDATA[3]]></id_lang>
</product_tag>
<product_tag><id_product><![CDATA[107]]></id_product>
<id_tag><![CDATA[7829]]></id_tag>
<id_lang><![CDATA[3]]></id_lang>
</product_tag>
<product_tag><id_product><![CDATA[694]]></id_product>
<id_tag><![CDATA[7829]]></id_tag>
<id_lang><![CDATA[3]]></id_lang>
</product_tag>
<product_tag><id_product><![CDATA[4126]]></id_product>
<id_tag><![CDATA[7831]]></id_tag>
<id_lang><![CDATA[3]]></id_lang>
</product_tag>
<product_tag><id_product><![CDATA[4127]]></id_product>
<id_tag><![CDATA[7831]]></id_tag>
<id_lang><![CDATA[3]]></id_lang>
</product_tag>
<product_tag><id_product><![CDATA[4129]]></id_product>
<id_tag><![CDATA[7831]]></id_tag>
<id_lang><![CDATA[3]]></id_lang>
</product_tag>
<product_tag><id_product><![CDATA[4130]]></id_product>
<id_tag><![CDATA[7831]]></id_tag>
<id_lang><![CDATA[3]]></id_lang>
</product_tag>
<product_tag><id_product><![CDATA[617]]></id_product>
<id_tag><![CDATA[7834]]></id_tag>
<id_lang><![CDATA[3]]></id_lang>
</product_tag>
<product_tag><id_product><![CDATA[675]]></id_product>
<id_tag><![CDATA[7834]]></id_tag>
<id_lang><![CDATA[3]]></id_lang>
</product_tag>
<product_tag><id_product><![CDATA[4082]]></id_product>
<id_tag><![CDATA[7834]]></id_tag>
<id_lang><![CDATA[3]]></id_lang>
</product_tag>
<product_tag><id_product><![CDATA[4088]]></id_product>
<id_tag><![CDATA[7834]]></id_tag>
<id_lang><![CDATA[3]]></id_lang>
</product_tag>
<product_tag><id_product><![CDATA[4150]]></id_product>
<id_tag><![CDATA[7834]]></id_tag>
<id_lang><![CDATA[3]]></id_lang>
</product_tag>
<product_tag><id_product><![CDATA[4161]]></id_product>
<id_tag><![CDATA[7834]]></id_tag>
<id_lang><![CDATA[3]]></id_lang>
</product_tag>
<product_tag><id_product><![CDATA[4143]]></id_product>
<id_tag><![CDATA[7937]]></id_tag>
<id_lang><![CDATA[3]]></id_lang>
</product_tag>
<product_tag><id_product><![CDATA[324]]></id_product>
<id_tag><![CDATA[7940]]></id_tag>
<id_lang><![CDATA[3]]></id_lang>
</product_tag>
<product_tag><id_product><![CDATA[656]]></id_product>
<id_tag><![CDATA[7940]]></id_tag>
<id_lang><![CDATA[3]]></id_lang>
</product_tag>
<product_tag><id_product><![CDATA[714]]></id_product>
<id_tag><![CDATA[7940]]></id_tag>
<id_lang><![CDATA[3]]></id_lang>
</product_tag>
<product_tag><id_product><![CDATA[802]]></id_product>
<id_tag><![CDATA[7940]]></id_tag>
<id_lang><![CDATA[3]]></id_lang>
</product_tag>
<product_tag><id_product><![CDATA[802]]></id_product>
<id_tag><![CDATA[7941]]></id_tag>
<id_lang><![CDATA[3]]></id_lang>
</product_tag>
<product_tag><id_product><![CDATA[4149]]></id_product>
<id_tag><![CDATA[7941]]></id_tag>
<id_lang><![CDATA[3]]></id_lang>
</product_tag>
<product_tag><id_product><![CDATA[802]]></id_product>
<id_tag><![CDATA[7942]]></id_tag>
<id_lang><![CDATA[3]]></id_lang>
</product_tag>
<product_tag><id_product><![CDATA[4149]]></id_product>
<id_tag><![CDATA[7942]]></id_tag>
<id_lang><![CDATA[3]]></id_lang>
</product_tag>
<product_tag><id_product><![CDATA[79]]></id_product>
<id_tag><![CDATA[7943]]></id_tag>
<id_lang><![CDATA[3]]></id_lang>
</product_tag>
<product_tag><id_product><![CDATA[627]]></id_product>
<id_tag><![CDATA[7943]]></id_tag>
<id_lang><![CDATA[3]]></id_lang>
</product_tag>
<product_tag><id_product><![CDATA[685]]></id_product>
<id_tag><![CDATA[7943]]></id_tag>
<id_lang><![CDATA[3]]></id_lang>
</product_tag>
<product_tag><id_product><![CDATA[743]]></id_product>
<id_tag><![CDATA[7943]]></id_tag>
<id_lang><![CDATA[3]]></id_lang>
</product_tag>
<product_tag><id_product><![CDATA[294]]></id_product>
<id_tag><![CDATA[7944]]></id_tag>
<id_lang><![CDATA[3]]></id_lang>
</product_tag>
<product_tag><id_product><![CDATA[648]]></id_product>
<id_tag><![CDATA[7944]]></id_tag>
<id_lang><![CDATA[3]]></id_lang>
</product_tag>
<product_tag><id_product><![CDATA[706]]></id_product>
<id_tag><![CDATA[7944]]></id_tag>
<id_lang><![CDATA[3]]></id_lang>
</product_tag>
<product_tag><id_product><![CDATA[764]]></id_product>
<id_tag><![CDATA[7944]]></id_tag>
<id_lang><![CDATA[3]]></id_lang>
</product_tag>
<product_tag><id_product><![CDATA[85]]></id_product>
<id_tag><![CDATA[7946]]></id_tag>
<id_lang><![CDATA[3]]></id_lang>
</product_tag>
<product_tag><id_product><![CDATA[629]]></id_product>
<id_tag><![CDATA[7946]]></id_tag>
<id_lang><![CDATA[3]]></id_lang>
</product_tag>
<product_tag><id_product><![CDATA[687]]></id_product>
<id_tag><![CDATA[7946]]></id_tag>
<id_lang><![CDATA[3]]></id_lang>
</product_tag>
<product_tag><id_product><![CDATA[745]]></id_product>
<id_tag><![CDATA[7946]]></id_tag>
<id_lang><![CDATA[3]]></id_lang>
</product_tag>
<product_tag><id_product><![CDATA[61]]></id_product>
<id_tag><![CDATA[7949]]></id_tag>
<id_lang><![CDATA[3]]></id_lang>
</product_tag>
<product_tag><id_product><![CDATA[64]]></id_product>
<id_tag><![CDATA[7949]]></id_tag>
<id_lang><![CDATA[3]]></id_lang>
</product_tag>
<product_tag><id_product><![CDATA[621]]></id_product>
<id_tag><![CDATA[7949]]></id_tag>
<id_lang><![CDATA[3]]></id_lang>
</product_tag>
<product_tag><id_product><![CDATA[622]]></id_product>
<id_tag><![CDATA[7949]]></id_tag>
<id_lang><![CDATA[3]]></id_lang>
</product_tag>
<product_tag><id_product><![CDATA[679]]></id_product>
<id_tag><![CDATA[7949]]></id_tag>
<id_lang><![CDATA[3]]></id_lang>
</product_tag>
<product_tag><id_product><![CDATA[680]]></id_product>
<id_tag><![CDATA[7949]]></id_tag>
<id_lang><![CDATA[3]]></id_lang>
</product_tag>
<product_tag><id_product><![CDATA[738]]></id_product>
<id_tag><![CDATA[7949]]></id_tag>
<id_lang><![CDATA[3]]></id_lang>
</product_tag>
<product_tag><id_product><![CDATA[613]]></id_product>
<id_tag><![CDATA[7950]]></id_tag>
<id_lang><![CDATA[3]]></id_lang>
</product_tag>
<product_tag><id_product><![CDATA[659]]></id_product>
<id_tag><![CDATA[7950]]></id_tag>
<id_lang><![CDATA[3]]></id_lang>
</product_tag>
<product_tag><id_product><![CDATA[775]]></id_product>
<id_tag><![CDATA[7950]]></id_tag>
<id_lang><![CDATA[3]]></id_lang>
</product_tag>
<product_tag><id_product><![CDATA[35]]></id_product>
<id_tag><![CDATA[7953]]></id_tag>
<id_lang><![CDATA[3]]></id_lang>
</product_tag>
<product_tag><id_product><![CDATA[614]]></id_product>
<id_tag><![CDATA[7953]]></id_tag>
<id_lang><![CDATA[3]]></id_lang>
</product_tag>
<product_tag><id_product><![CDATA[672]]></id_product>
<id_tag><![CDATA[7953]]></id_tag>
<id_lang><![CDATA[3]]></id_lang>
</product_tag>
<product_tag><id_product><![CDATA[730]]></id_product>
<id_tag><![CDATA[7953]]></id_tag>
<id_lang><![CDATA[3]]></id_lang>
</product_tag>
<product_tag><id_product><![CDATA[4148]]></id_product>
<id_tag><![CDATA[7953]]></id_tag>
<id_lang><![CDATA[3]]></id_lang>
</product_tag>
<product_tag><id_product><![CDATA[730]]></id_product>
<id_tag><![CDATA[7954]]></id_tag>
<id_lang><![CDATA[3]]></id_lang>
</product_tag>
<product_tag><id_product><![CDATA[73]]></id_product>
<id_tag><![CDATA[7980]]></id_tag>
<id_lang><![CDATA[3]]></id_lang>
</product_tag>
<product_tag><id_product><![CDATA[338]]></id_product>
<id_tag><![CDATA[7980]]></id_tag>
<id_lang><![CDATA[3]]></id_lang>
</product_tag>
<product_tag><id_product><![CDATA[625]]></id_product>
<id_tag><![CDATA[7980]]></id_tag>
<id_lang><![CDATA[3]]></id_lang>
</product_tag>
<product_tag><id_product><![CDATA[683]]></id_product>
<id_tag><![CDATA[7980]]></id_tag>
<id_lang><![CDATA[3]]></id_lang>
</product_tag>
<product_tag><id_product><![CDATA[718]]></id_product>
<id_tag><![CDATA[7980]]></id_tag>
<id_lang><![CDATA[3]]></id_lang>
</product_tag>
<product_tag><id_product><![CDATA[741]]></id_product>
<id_tag><![CDATA[7980]]></id_tag>
<id_lang><![CDATA[3]]></id_lang>
</product_tag>
<product_tag><id_product><![CDATA[4145]]></id_product>
<id_tag><![CDATA[7980]]></id_tag>
<id_lang><![CDATA[3]]></id_lang>
</product_tag>
<product_tag><id_product><![CDATA[4170]]></id_product>
<id_tag><![CDATA[7980]]></id_tag>
<id_lang><![CDATA[3]]></id_lang>
</product_tag>
<product_tag><id_product><![CDATA[76]]></id_product>
<id_tag><![CDATA[7981]]></id_tag>
<id_lang><![CDATA[3]]></id_lang>
</product_tag>
<product_tag><id_product><![CDATA[290]]></id_product>
<id_tag><![CDATA[7981]]></id_tag>
<id_lang><![CDATA[3]]></id_lang>
</product_tag>
<product_tag><id_product><![CDATA[626]]></id_product>
<id_tag><![CDATA[7981]]></id_tag>
<id_lang><![CDATA[3]]></id_lang>
</product_tag>
<product_tag><id_product><![CDATA[641]]></id_product>
<id_tag><![CDATA[7981]]></id_tag>
<id_lang><![CDATA[3]]></id_lang>
</product_tag>
<product_tag><id_product><![CDATA[656]]></id_product>
<id_tag><![CDATA[7981]]></id_tag>
<id_lang><![CDATA[3]]></id_lang>
</product_tag>
<product_tag><id_product><![CDATA[684]]></id_product>
<id_tag><![CDATA[7981]]></id_tag>
<id_lang><![CDATA[3]]></id_lang>
</product_tag>
<product_tag><id_product><![CDATA[699]]></id_product>
<id_tag><![CDATA[7981]]></id_tag>
<id_lang><![CDATA[3]]></id_lang>
</product_tag>
<product_tag><id_product><![CDATA[714]]></id_product>
<id_tag><![CDATA[7981]]></id_tag>
<id_lang><![CDATA[3]]></id_lang>
</product_tag>
<product_tag><id_product><![CDATA[742]]></id_product>
<id_tag><![CDATA[7981]]></id_tag>
<id_lang><![CDATA[3]]></id_lang>
</product_tag>
<product_tag><id_product><![CDATA[757]]></id_product>
<id_tag><![CDATA[7981]]></id_tag>
<id_lang><![CDATA[3]]></id_lang>
</product_tag>
<product_tag><id_product><![CDATA[791]]></id_product>
<id_tag><![CDATA[7981]]></id_tag>
<id_lang><![CDATA[3]]></id_lang>
</product_tag>
<product_tag><id_product><![CDATA[4170]]></id_product>
<id_tag><![CDATA[7981]]></id_tag>
<id_lang><![CDATA[3]]></id_lang>
</product_tag>
<product_tag><id_product><![CDATA[76]]></id_product>
<id_tag><![CDATA[7982]]></id_tag>
<id_lang><![CDATA[3]]></id_lang>
</product_tag>
<product_tag><id_product><![CDATA[626]]></id_product>
<id_tag><![CDATA[7982]]></id_tag>
<id_lang><![CDATA[3]]></id_lang>
</product_tag>
<product_tag><id_product><![CDATA[684]]></id_product>
<id_tag><![CDATA[7982]]></id_tag>
<id_lang><![CDATA[3]]></id_lang>
</product_tag>
<product_tag><id_product><![CDATA[742]]></id_product>
<id_tag><![CDATA[7982]]></id_tag>
<id_lang><![CDATA[3]]></id_lang>
</product_tag>
<product_tag><id_product><![CDATA[742]]></id_product>
<id_tag><![CDATA[7983]]></id_tag>
<id_lang><![CDATA[3]]></id_lang>
</product_tag>
<product_tag><id_product><![CDATA[251]]></id_product>
<id_tag><![CDATA[7985]]></id_tag>
<id_lang><![CDATA[3]]></id_lang>
</product_tag>
<product_tag><id_product><![CDATA[640]]></id_product>
<id_tag><![CDATA[7985]]></id_tag>
<id_lang><![CDATA[3]]></id_lang>
</product_tag>
<product_tag><id_product><![CDATA[676]]></id_product>
<id_tag><![CDATA[7985]]></id_tag>
<id_lang><![CDATA[3]]></id_lang>
</product_tag>
<product_tag><id_product><![CDATA[698]]></id_product>
<id_tag><![CDATA[7985]]></id_tag>
<id_lang><![CDATA[3]]></id_lang>
</product_tag>
<product_tag><id_product><![CDATA[734]]></id_product>
<id_tag><![CDATA[7985]]></id_tag>
<id_lang><![CDATA[3]]></id_lang>
</product_tag>
<product_tag><id_product><![CDATA[747]]></id_product>
<id_tag><![CDATA[7986]]></id_tag>
<id_lang><![CDATA[3]]></id_lang>
</product_tag>
<product_tag><id_product><![CDATA[30]]></id_product>
<id_tag><![CDATA[7987]]></id_tag>
<id_lang><![CDATA[3]]></id_lang>
</product_tag>
<product_tag><id_product><![CDATA[612]]></id_product>
<id_tag><![CDATA[7987]]></id_tag>
<id_lang><![CDATA[3]]></id_lang>
</product_tag>
<product_tag><id_product><![CDATA[670]]></id_product>
<id_tag><![CDATA[7987]]></id_tag>
<id_lang><![CDATA[3]]></id_lang>
</product_tag>
<product_tag><id_product><![CDATA[728]]></id_product>
<id_tag><![CDATA[7987]]></id_tag>
<id_lang><![CDATA[3]]></id_lang>
</product_tag>
<product_tag><id_product><![CDATA[670]]></id_product>
<id_tag><![CDATA[7988]]></id_tag>
<id_lang><![CDATA[3]]></id_lang>
</product_tag>
<product_tag><id_product><![CDATA[728]]></id_product>
<id_tag><![CDATA[7988]]></id_tag>
<id_lang><![CDATA[3]]></id_lang>
</product_tag>
<product_tag><id_product><![CDATA[268]]></id_product>
<id_tag><![CDATA[7989]]></id_tag>
<id_lang><![CDATA[3]]></id_lang>
</product_tag>
<product_tag><id_product><![CDATA[628]]></id_product>
<id_tag><![CDATA[7989]]></id_tag>
<id_lang><![CDATA[3]]></id_lang>
</product_tag>
<product_tag><id_product><![CDATA[686]]></id_product>
<id_tag><![CDATA[7989]]></id_tag>
<id_lang><![CDATA[3]]></id_lang>
</product_tag>
<product_tag><id_product><![CDATA[701]]></id_product>
<id_tag><![CDATA[7989]]></id_tag>
<id_lang><![CDATA[3]]></id_lang>
</product_tag>
<product_tag><id_product><![CDATA[759]]></id_product>
<id_tag><![CDATA[7989]]></id_tag>
<id_lang><![CDATA[3]]></id_lang>
</product_tag>
<product_tag><id_product><![CDATA[70]]></id_product>
<id_tag><![CDATA[7992]]></id_tag>
<id_lang><![CDATA[3]]></id_lang>
</product_tag>
<product_tag><id_product><![CDATA[624]]></id_product>
<id_tag><![CDATA[7992]]></id_tag>
<id_lang><![CDATA[3]]></id_lang>
</product_tag>
<product_tag><id_product><![CDATA[740]]></id_product>
<id_tag><![CDATA[7992]]></id_tag>
<id_lang><![CDATA[3]]></id_lang>
</product_tag>
<product_tag><id_product><![CDATA[70]]></id_product>
<id_tag><![CDATA[7993]]></id_tag>
<id_lang><![CDATA[3]]></id_lang>
</product_tag>
<product_tag><id_product><![CDATA[624]]></id_product>
<id_tag><![CDATA[7993]]></id_tag>
<id_lang><![CDATA[3]]></id_lang>
</product_tag>
<product_tag><id_product><![CDATA[682]]></id_product>
<id_tag><![CDATA[7993]]></id_tag>
<id_lang><![CDATA[3]]></id_lang>
</product_tag>
<product_tag><id_product><![CDATA[740]]></id_product>
<id_tag><![CDATA[7993]]></id_tag>
<id_lang><![CDATA[3]]></id_lang>
</product_tag>
<product_tag><id_product><![CDATA[632]]></id_product>
<id_tag><![CDATA[7994]]></id_tag>
<id_lang><![CDATA[3]]></id_lang>
</product_tag>
<product_tag><id_product><![CDATA[748]]></id_product>
<id_tag><![CDATA[7994]]></id_tag>
<id_lang><![CDATA[3]]></id_lang>
</product_tag>
<product_tag><id_product><![CDATA[650]]></id_product>
<id_tag><![CDATA[8011]]></id_tag>
<id_lang><![CDATA[3]]></id_lang>
</product_tag>
<product_tag><id_product><![CDATA[766]]></id_product>
<id_tag><![CDATA[8011]]></id_tag>
<id_lang><![CDATA[3]]></id_lang>
</product_tag>
<product_tag><id_product><![CDATA[82]]></id_product>
<id_tag><![CDATA[8012]]></id_tag>
<id_lang><![CDATA[3]]></id_lang>
</product_tag>
<product_tag><id_product><![CDATA[624]]></id_product>
<id_tag><![CDATA[8012]]></id_tag>
<id_lang><![CDATA[3]]></id_lang>
</product_tag>
<product_tag><id_product><![CDATA[628]]></id_product>
<id_tag><![CDATA[8012]]></id_tag>
<id_lang><![CDATA[3]]></id_lang>
</product_tag>
<product_tag><id_product><![CDATA[650]]></id_product>
<id_tag><![CDATA[8012]]></id_tag>
<id_lang><![CDATA[3]]></id_lang>
</product_tag>
<product_tag><id_product><![CDATA[674]]></id_product>
<id_tag><![CDATA[8012]]></id_tag>
<id_lang><![CDATA[3]]></id_lang>
</product_tag>
<product_tag><id_product><![CDATA[686]]></id_product>
<id_tag><![CDATA[8012]]></id_tag>
<id_lang><![CDATA[3]]></id_lang>
</product_tag>
<product_tag><id_product><![CDATA[708]]></id_product>
<id_tag><![CDATA[8012]]></id_tag>
<id_lang><![CDATA[3]]></id_lang>
</product_tag>
<product_tag><id_product><![CDATA[766]]></id_product>
<id_tag><![CDATA[8012]]></id_tag>
<id_lang><![CDATA[3]]></id_lang>
</product_tag>
<product_tag><id_product><![CDATA[4169]]></id_product>
<id_tag><![CDATA[8012]]></id_tag>
<id_lang><![CDATA[3]]></id_lang>
</product_tag>
<product_tag><id_product><![CDATA[4171]]></id_product>
<id_tag><![CDATA[8012]]></id_tag>
<id_lang><![CDATA[3]]></id_lang>
</product_tag>
<product_tag><id_product><![CDATA[713]]></id_product>
<id_tag><![CDATA[8014]]></id_tag>
<id_lang><![CDATA[3]]></id_lang>
</product_tag>
<product_tag><id_product><![CDATA[4144]]></id_product>
<id_tag><![CDATA[8014]]></id_tag>
<id_lang><![CDATA[3]]></id_lang>
</product_tag>
<product_tag><id_product><![CDATA[663]]></id_product>
<id_tag><![CDATA[8019]]></id_tag>
<id_lang><![CDATA[3]]></id_lang>
</product_tag>
<product_tag><id_product><![CDATA[721]]></id_product>
<id_tag><![CDATA[8019]]></id_tag>
<id_lang><![CDATA[3]]></id_lang>
</product_tag>
<product_tag><id_product><![CDATA[692]]></id_product>
<id_tag><![CDATA[8027]]></id_tag>
<id_lang><![CDATA[3]]></id_lang>
</product_tag>
<product_tag><id_product><![CDATA[678]]></id_product>
<id_tag><![CDATA[8029]]></id_tag>
<id_lang><![CDATA[3]]></id_lang>
</product_tag>
<product_tag><id_product><![CDATA[712]]></id_product>
<id_tag><![CDATA[8031]]></id_tag>
<id_lang><![CDATA[3]]></id_lang>
</product_tag>
<product_tag><id_product><![CDATA[332]]></id_product>
<id_tag><![CDATA[8034]]></id_tag>
<id_lang><![CDATA[3]]></id_lang>
</product_tag>
<product_tag><id_product><![CDATA[658]]></id_product>
<id_tag><![CDATA[8034]]></id_tag>
<id_lang><![CDATA[3]]></id_lang>
</product_tag>
<product_tag><id_product><![CDATA[716]]></id_product>
<id_tag><![CDATA[8034]]></id_tag>
<id_lang><![CDATA[3]]></id_lang>
</product_tag>
<product_tag><id_product><![CDATA[321]]></id_product>
<id_tag><![CDATA[8035]]></id_tag>
<id_lang><![CDATA[3]]></id_lang>
</product_tag>
<product_tag><id_product><![CDATA[324]]></id_product>
<id_tag><![CDATA[8035]]></id_tag>
<id_lang><![CDATA[3]]></id_lang>
</product_tag>
<product_tag><id_product><![CDATA[655]]></id_product>
<id_tag><![CDATA[8035]]></id_tag>
<id_lang><![CDATA[3]]></id_lang>
</product_tag>
<product_tag><id_product><![CDATA[656]]></id_product>
<id_tag><![CDATA[8035]]></id_tag>
<id_lang><![CDATA[3]]></id_lang>
</product_tag>
<product_tag><id_product><![CDATA[713]]></id_product>
<id_tag><![CDATA[8035]]></id_tag>
<id_lang><![CDATA[3]]></id_lang>
</product_tag>
<product_tag><id_product><![CDATA[714]]></id_product>
<id_tag><![CDATA[8035]]></id_tag>
<id_lang><![CDATA[3]]></id_lang>
</product_tag>
<product_tag><id_product><![CDATA[4148]]></id_product>
<id_tag><![CDATA[8035]]></id_tag>
<id_lang><![CDATA[3]]></id_lang>
</product_tag>
<product_tag><id_product><![CDATA[4156]]></id_product>
<id_tag><![CDATA[8035]]></id_tag>
<id_lang><![CDATA[3]]></id_lang>
</product_tag>
<product_tag><id_product><![CDATA[4169]]></id_product>
<id_tag><![CDATA[8035]]></id_tag>
<id_lang><![CDATA[3]]></id_lang>
</product_tag>
<product_tag><id_product><![CDATA[4171]]></id_product>
<id_tag><![CDATA[8035]]></id_tag>
<id_lang><![CDATA[3]]></id_lang>
</product_tag>
<product_tag><id_product><![CDATA[4173]]></id_product>
<id_tag><![CDATA[8035]]></id_tag>
<id_lang><![CDATA[3]]></id_lang>
</product_tag>
<product_tag><id_product><![CDATA[321]]></id_product>
<id_tag><![CDATA[8036]]></id_tag>
<id_lang><![CDATA[3]]></id_lang>
</product_tag>
<product_tag><id_product><![CDATA[655]]></id_product>
<id_tag><![CDATA[8036]]></id_tag>
<id_lang><![CDATA[3]]></id_lang>
</product_tag>
<product_tag><id_product><![CDATA[713]]></id_product>
<id_tag><![CDATA[8036]]></id_tag>
<id_lang><![CDATA[3]]></id_lang>
</product_tag>
<product_tag><id_product><![CDATA[315]]></id_product>
<id_tag><![CDATA[8037]]></id_tag>
<id_lang><![CDATA[3]]></id_lang>
</product_tag>
<product_tag><id_product><![CDATA[653]]></id_product>
<id_tag><![CDATA[8037]]></id_tag>
<id_lang><![CDATA[3]]></id_lang>
</product_tag>
<product_tag><id_product><![CDATA[711]]></id_product>
<id_tag><![CDATA[8037]]></id_tag>
<id_lang><![CDATA[3]]></id_lang>
</product_tag>
<product_tag><id_product><![CDATA[790]]></id_product>
<id_tag><![CDATA[8040]]></id_tag>
<id_lang><![CDATA[3]]></id_lang>
</product_tag>
<product_tag><id_product><![CDATA[4148]]></id_product>
<id_tag><![CDATA[8040]]></id_tag>
<id_lang><![CDATA[3]]></id_lang>
</product_tag>
<product_tag><id_product><![CDATA[290]]></id_product>
<id_tag><![CDATA[8043]]></id_tag>
<id_lang><![CDATA[3]]></id_lang>
</product_tag>
<product_tag><id_product><![CDATA[705]]></id_product>
<id_tag><![CDATA[8043]]></id_tag>
<id_lang><![CDATA[3]]></id_lang>
</product_tag>
<product_tag><id_product><![CDATA[85]]></id_product>
<id_tag><![CDATA[8049]]></id_tag>
<id_lang><![CDATA[3]]></id_lang>
</product_tag>
<product_tag><id_product><![CDATA[629]]></id_product>
<id_tag><![CDATA[8049]]></id_tag>
<id_lang><![CDATA[3]]></id_lang>
</product_tag>
<product_tag><id_product><![CDATA[684]]></id_product>
<id_tag><![CDATA[8049]]></id_tag>
<id_lang><![CDATA[3]]></id_lang>
</product_tag>
<product_tag><id_product><![CDATA[687]]></id_product>
<id_tag><![CDATA[8049]]></id_tag>
<id_lang><![CDATA[3]]></id_lang>
</product_tag>
<product_tag><id_product><![CDATA[700]]></id_product>
<id_tag><![CDATA[8054]]></id_tag>
<id_lang><![CDATA[3]]></id_lang>
</product_tag>
<product_tag><id_product><![CDATA[262]]></id_product>
<id_tag><![CDATA[8055]]></id_tag>
<id_lang><![CDATA[3]]></id_lang>
</product_tag>
<product_tag><id_product><![CDATA[700]]></id_product>
<id_tag><![CDATA[8055]]></id_tag>
<id_lang><![CDATA[3]]></id_lang>
</product_tag>
<product_tag><id_product><![CDATA[335]]></id_product>
<id_tag><![CDATA[8063]]></id_tag>
<id_lang><![CDATA[3]]></id_lang>
</product_tag>
<product_tag><id_product><![CDATA[717]]></id_product>
<id_tag><![CDATA[8063]]></id_tag>
<id_lang><![CDATA[3]]></id_lang>
</product_tag>
<product_tag><id_product><![CDATA[34]]></id_product>
<id_tag><![CDATA[8064]]></id_tag>
<id_lang><![CDATA[3]]></id_lang>
</product_tag>
<product_tag><id_product><![CDATA[613]]></id_product>
<id_tag><![CDATA[8064]]></id_tag>
<id_lang><![CDATA[3]]></id_lang>
</product_tag>
<product_tag><id_product><![CDATA[717]]></id_product>
<id_tag><![CDATA[8064]]></id_tag>
<id_lang><![CDATA[3]]></id_lang>
</product_tag>
<product_tag><id_product><![CDATA[709]]></id_product>
<id_tag><![CDATA[8086]]></id_tag>
<id_lang><![CDATA[3]]></id_lang>
</product_tag>
<product_tag><id_product><![CDATA[640]]></id_product>
<id_tag><![CDATA[8097]]></id_tag>
<id_lang><![CDATA[3]]></id_lang>
</product_tag>
<product_tag><id_product><![CDATA[698]]></id_product>
<id_tag><![CDATA[8097]]></id_tag>
<id_lang><![CDATA[3]]></id_lang>
</product_tag>
<product_tag><id_product><![CDATA[251]]></id_product>
<id_tag><![CDATA[8098]]></id_tag>
<id_lang><![CDATA[3]]></id_lang>
</product_tag>
<product_tag><id_product><![CDATA[640]]></id_product>
<id_tag><![CDATA[8098]]></id_tag>
<id_lang><![CDATA[3]]></id_lang>
</product_tag>
<product_tag><id_product><![CDATA[698]]></id_product>
<id_tag><![CDATA[8098]]></id_tag>
<id_lang><![CDATA[3]]></id_lang>
</product_tag>
<product_tag><id_product><![CDATA[251]]></id_product>
<id_tag><![CDATA[8099]]></id_tag>
<id_lang><![CDATA[3]]></id_lang>
</product_tag>
<product_tag><id_product><![CDATA[640]]></id_product>
<id_tag><![CDATA[8099]]></id_tag>
<id_lang><![CDATA[3]]></id_lang>
</product_tag>
<product_tag><id_product><![CDATA[698]]></id_product>
<id_tag><![CDATA[8099]]></id_tag>
<id_lang><![CDATA[3]]></id_lang>
</product_tag>
<product_tag><id_product><![CDATA[26]]></id_product>
<id_tag><![CDATA[8137]]></id_tag>
<id_lang><![CDATA[3]]></id_lang>
</product_tag>
<product_tag><id_product><![CDATA[799]]></id_product>
<id_tag><![CDATA[8139]]></id_tag>
<id_lang><![CDATA[3]]></id_lang>
</product_tag>
<product_tag><id_product><![CDATA[800]]></id_product>
<id_tag><![CDATA[8139]]></id_tag>
<id_lang><![CDATA[3]]></id_lang>
</product_tag>
<product_tag><id_product><![CDATA[4174]]></id_product>
<id_tag><![CDATA[8139]]></id_tag>
<id_lang><![CDATA[3]]></id_lang>
</product_tag>
<product_tag><id_product><![CDATA[262]]></id_product>
<id_tag><![CDATA[8141]]></id_tag>
<id_lang><![CDATA[3]]></id_lang>
</product_tag>
<product_tag><id_product><![CDATA[642]]></id_product>
<id_tag><![CDATA[8141]]></id_tag>
<id_lang><![CDATA[3]]></id_lang>
</product_tag>
<product_tag><id_product><![CDATA[35]]></id_product>
<id_tag><![CDATA[8143]]></id_tag>
<id_lang><![CDATA[3]]></id_lang>
</product_tag>
<product_tag><id_product><![CDATA[344]]></id_product>
<id_tag><![CDATA[8148]]></id_tag>
<id_lang><![CDATA[3]]></id_lang>
</product_tag>
<product_tag><id_product><![CDATA[344]]></id_product>
<id_tag><![CDATA[8149]]></id_tag>
<id_lang><![CDATA[3]]></id_lang>
</product_tag>
<product_tag><id_product><![CDATA[34]]></id_product>
<id_tag><![CDATA[8150]]></id_tag>
<id_lang><![CDATA[3]]></id_lang>
</product_tag>
<product_tag><id_product><![CDATA[613]]></id_product>
<id_tag><![CDATA[8150]]></id_tag>
<id_lang><![CDATA[3]]></id_lang>
</product_tag>
<product_tag><id_product><![CDATA[251]]></id_product>
<id_tag><![CDATA[8152]]></id_tag>
<id_lang><![CDATA[3]]></id_lang>
</product_tag>
<product_tag><id_product><![CDATA[640]]></id_product>
<id_tag><![CDATA[8152]]></id_tag>
<id_lang><![CDATA[3]]></id_lang>
</product_tag>
<product_tag><id_product><![CDATA[4079]]></id_product>
<id_tag><![CDATA[8156]]></id_tag>
<id_lang><![CDATA[3]]></id_lang>
</product_tag>
<product_tag><id_product><![CDATA[4081]]></id_product>
<id_tag><![CDATA[8156]]></id_tag>
<id_lang><![CDATA[3]]></id_lang>
</product_tag>
<product_tag><id_product><![CDATA[4082]]></id_product>
<id_tag><![CDATA[8157]]></id_tag>
<id_lang><![CDATA[3]]></id_lang>
</product_tag>
<product_tag><id_product><![CDATA[4162]]></id_product>
<id_tag><![CDATA[8161]]></id_tag>
<id_lang><![CDATA[3]]></id_lang>
</product_tag>
<product_tag><id_product><![CDATA[4164]]></id_product>
<id_tag><![CDATA[8161]]></id_tag>
<id_lang><![CDATA[3]]></id_lang>
</product_tag>
<product_tag><id_product><![CDATA[4166]]></id_product>
<id_tag><![CDATA[8161]]></id_tag>
<id_lang><![CDATA[3]]></id_lang>
</product_tag>
<product_tag><id_product><![CDATA[4174]]></id_product>
<id_tag><![CDATA[8161]]></id_tag>
<id_lang><![CDATA[3]]></id_lang>
</product_tag>
<product_tag><id_product><![CDATA[4166]]></id_product>
<id_tag><![CDATA[8163]]></id_tag>
<id_lang><![CDATA[3]]></id_lang>
</product_tag>
<product_tag><id_product><![CDATA[642]]></id_product>
<id_tag><![CDATA[8186]]></id_tag>
<id_lang><![CDATA[3]]></id_lang>
</product_tag>
<product_tag><id_product><![CDATA[622]]></id_product>
<id_tag><![CDATA[8187]]></id_tag>
<id_lang><![CDATA[3]]></id_lang>
</product_tag>
<product_tag><id_product><![CDATA[631]]></id_product>
<id_tag><![CDATA[8188]]></id_tag>
<id_lang><![CDATA[3]]></id_lang>
</product_tag>
<product_tag><id_product><![CDATA[650]]></id_product>
<id_tag><![CDATA[8192]]></id_tag>
<id_lang><![CDATA[3]]></id_lang>
</product_tag>
<product_tag><id_product><![CDATA[4149]]></id_product>
<id_tag><![CDATA[8194]]></id_tag>
<id_lang><![CDATA[3]]></id_lang>
</product_tag>
<product_tag><id_product><![CDATA[4061]]></id_product>
<id_tag><![CDATA[8214]]></id_tag>
<id_lang><![CDATA[3]]></id_lang>
</product_tag>
<product_tag><id_product><![CDATA[4061]]></id_product>
<id_tag><![CDATA[8215]]></id_tag>
<id_lang><![CDATA[3]]></id_lang>
</product_tag>
<product_tag><id_product><![CDATA[4061]]></id_product>
<id_tag><![CDATA[8216]]></id_tag>
<id_lang><![CDATA[3]]></id_lang>
</product_tag>
<product_tag><id_product><![CDATA[687]]></id_product>
<id_tag><![CDATA[8217]]></id_tag>
<id_lang><![CDATA[3]]></id_lang>
</product_tag>
<product_tag><id_product><![CDATA[1132]]></id_product>
<id_tag><![CDATA[8220]]></id_tag>
<id_lang><![CDATA[3]]></id_lang>
</product_tag>
<product_tag><id_product><![CDATA[358]]></id_product>
<id_tag><![CDATA[8227]]></id_tag>
<id_lang><![CDATA[3]]></id_lang>
</product_tag>
<product_tag><id_product><![CDATA[358]]></id_product>
<id_tag><![CDATA[8228]]></id_tag>
<id_lang><![CDATA[3]]></id_lang>
</product_tag>
<product_tag><id_product><![CDATA[489]]></id_product>
<id_tag><![CDATA[8238]]></id_tag>
<id_lang><![CDATA[3]]></id_lang>
</product_tag>
<product_tag><id_product><![CDATA[489]]></id_product>
<id_tag><![CDATA[8239]]></id_tag>
<id_lang><![CDATA[3]]></id_lang>
</product_tag>
<product_tag><id_product><![CDATA[4128]]></id_product>
<id_tag><![CDATA[8247]]></id_tag>
<id_lang><![CDATA[3]]></id_lang>
</product_tag>
<product_tag><id_product><![CDATA[4128]]></id_product>
<id_tag><![CDATA[8248]]></id_tag>
<id_lang><![CDATA[3]]></id_lang>
</product_tag>
<product_tag><id_product><![CDATA[4128]]></id_product>
<id_tag><![CDATA[8249]]></id_tag>
<id_lang><![CDATA[3]]></id_lang>
</product_tag>
<product_tag><id_product><![CDATA[798]]></id_product>
<id_tag><![CDATA[8256]]></id_tag>
<id_lang><![CDATA[3]]></id_lang>
</product_tag>
<product_tag><id_product><![CDATA[318]]></id_product>
<id_tag><![CDATA[8257]]></id_tag>
<id_lang><![CDATA[3]]></id_lang>
</product_tag>
<product_tag><id_product><![CDATA[782]]></id_product>
<id_tag><![CDATA[8260]]></id_tag>
<id_lang><![CDATA[3]]></id_lang>
</product_tag>
<product_tag><id_product><![CDATA[782]]></id_product>
<id_tag><![CDATA[8261]]></id_tag>
<id_lang><![CDATA[3]]></id_lang>
</product_tag>
<product_tag><id_product><![CDATA[782]]></id_product>
<id_tag><![CDATA[8262]]></id_tag>
<id_lang><![CDATA[3]]></id_lang>
</product_tag>
<product_tag><id_product><![CDATA[782]]></id_product>
<id_tag><![CDATA[8263]]></id_tag>
<id_lang><![CDATA[3]]></id_lang>
</product_tag>
<product_tag><id_product><![CDATA[47]]></id_product>
<id_tag><![CDATA[8265]]></id_tag>
<id_lang><![CDATA[3]]></id_lang>
</product_tag>
<product_tag><id_product><![CDATA[47]]></id_product>
<id_tag><![CDATA[8266]]></id_tag>
<id_lang><![CDATA[3]]></id_lang>
</product_tag>
<product_tag><id_product><![CDATA[85]]></id_product>
<id_tag><![CDATA[8272]]></id_tag>
<id_lang><![CDATA[3]]></id_lang>
</product_tag>
<product_tag><id_product><![CDATA[871]]></id_product>
<id_tag><![CDATA[8277]]></id_tag>
<id_lang><![CDATA[3]]></id_lang>
</product_tag>
<product_tag><id_product><![CDATA[870]]></id_product>
<id_tag><![CDATA[8282]]></id_tag>
<id_lang><![CDATA[3]]></id_lang>
</product_tag>
</entity_profile>
