<?xml version="1.0" encoding="UTF-8"?>
<entity_profile>
<product_attribute_combination><id_attribute><![CDATA[51]]></id_attribute>
<id_product_attribute><![CDATA[62]]></id_product_attribute>
</product_attribute_combination>
<product_attribute_combination><id_attribute><![CDATA[52]]></id_attribute>
<id_product_attribute><![CDATA[63]]></id_product_attribute>
</product_attribute_combination>
<product_attribute_combination><id_attribute><![CDATA[58]]></id_attribute>
<id_product_attribute><![CDATA[64]]></id_product_attribute>
</product_attribute_combination>
<product_attribute_combination><id_attribute><![CDATA[69]]></id_attribute>
<id_product_attribute><![CDATA[65]]></id_product_attribute>
</product_attribute_combination>
<product_attribute_combination><id_attribute><![CDATA[83]]></id_attribute>
<id_product_attribute><![CDATA[66]]></id_product_attribute>
</product_attribute_combination>
<product_attribute_combination><id_attribute><![CDATA[86]]></id_attribute>
<id_product_attribute><![CDATA[67]]></id_product_attribute>
</product_attribute_combination>
<product_attribute_combination><id_attribute><![CDATA[85]]></id_attribute>
<id_product_attribute><![CDATA[68]]></id_product_attribute>
</product_attribute_combination>
<product_attribute_combination><id_attribute><![CDATA[51]]></id_attribute>
<id_product_attribute><![CDATA[79]]></id_product_attribute>
</product_attribute_combination>
<product_attribute_combination><id_attribute><![CDATA[52]]></id_attribute>
<id_product_attribute><![CDATA[80]]></id_product_attribute>
</product_attribute_combination>
<product_attribute_combination><id_attribute><![CDATA[53]]></id_attribute>
<id_product_attribute><![CDATA[81]]></id_product_attribute>
</product_attribute_combination>
<product_attribute_combination><id_attribute><![CDATA[58]]></id_attribute>
<id_product_attribute><![CDATA[82]]></id_product_attribute>
</product_attribute_combination>
<product_attribute_combination><id_attribute><![CDATA[83]]></id_attribute>
<id_product_attribute><![CDATA[83]]></id_product_attribute>
</product_attribute_combination>
<product_attribute_combination><id_attribute><![CDATA[84]]></id_attribute>
<id_product_attribute><![CDATA[84]]></id_product_attribute>
</product_attribute_combination>
<product_attribute_combination><id_attribute><![CDATA[85]]></id_attribute>
<id_product_attribute><![CDATA[85]]></id_product_attribute>
</product_attribute_combination>
<product_attribute_combination><id_attribute><![CDATA[86]]></id_attribute>
<id_product_attribute><![CDATA[86]]></id_product_attribute>
</product_attribute_combination>
<product_attribute_combination><id_attribute><![CDATA[88]]></id_attribute>
<id_product_attribute><![CDATA[87]]></id_product_attribute>
</product_attribute_combination>
<product_attribute_combination><id_attribute><![CDATA[90]]></id_attribute>
<id_product_attribute><![CDATA[88]]></id_product_attribute>
</product_attribute_combination>
<product_attribute_combination><id_attribute><![CDATA[93]]></id_attribute>
<id_product_attribute><![CDATA[89]]></id_product_attribute>
</product_attribute_combination>
<product_attribute_combination><id_attribute><![CDATA[51]]></id_attribute>
<id_product_attribute><![CDATA[102]]></id_product_attribute>
</product_attribute_combination>
<product_attribute_combination><id_attribute><![CDATA[52]]></id_attribute>
<id_product_attribute><![CDATA[103]]></id_product_attribute>
</product_attribute_combination>
<product_attribute_combination><id_attribute><![CDATA[58]]></id_attribute>
<id_product_attribute><![CDATA[104]]></id_product_attribute>
</product_attribute_combination>
<product_attribute_combination><id_attribute><![CDATA[69]]></id_attribute>
<id_product_attribute><![CDATA[105]]></id_product_attribute>
</product_attribute_combination>
<product_attribute_combination><id_attribute><![CDATA[51]]></id_attribute>
<id_product_attribute><![CDATA[106]]></id_product_attribute>
</product_attribute_combination>
<product_attribute_combination><id_attribute><![CDATA[52]]></id_attribute>
<id_product_attribute><![CDATA[107]]></id_product_attribute>
</product_attribute_combination>
<product_attribute_combination><id_attribute><![CDATA[53]]></id_attribute>
<id_product_attribute><![CDATA[108]]></id_product_attribute>
</product_attribute_combination>
<product_attribute_combination><id_attribute><![CDATA[56]]></id_attribute>
<id_product_attribute><![CDATA[109]]></id_product_attribute>
</product_attribute_combination>
<product_attribute_combination><id_attribute><![CDATA[58]]></id_attribute>
<id_product_attribute><![CDATA[110]]></id_product_attribute>
</product_attribute_combination>
<product_attribute_combination><id_attribute><![CDATA[83]]></id_attribute>
<id_product_attribute><![CDATA[111]]></id_product_attribute>
</product_attribute_combination>
<product_attribute_combination><id_attribute><![CDATA[84]]></id_attribute>
<id_product_attribute><![CDATA[112]]></id_product_attribute>
</product_attribute_combination>
<product_attribute_combination><id_attribute><![CDATA[85]]></id_attribute>
<id_product_attribute><![CDATA[113]]></id_product_attribute>
</product_attribute_combination>
<product_attribute_combination><id_attribute><![CDATA[86]]></id_attribute>
<id_product_attribute><![CDATA[114]]></id_product_attribute>
</product_attribute_combination>
<product_attribute_combination><id_attribute><![CDATA[88]]></id_attribute>
<id_product_attribute><![CDATA[115]]></id_product_attribute>
</product_attribute_combination>
<product_attribute_combination><id_attribute><![CDATA[90]]></id_attribute>
<id_product_attribute><![CDATA[116]]></id_product_attribute>
</product_attribute_combination>
<product_attribute_combination><id_attribute><![CDATA[93]]></id_attribute>
<id_product_attribute><![CDATA[117]]></id_product_attribute>
</product_attribute_combination>
<product_attribute_combination><id_attribute><![CDATA[21]]></id_attribute>
<id_product_attribute><![CDATA[498]]></id_product_attribute>
</product_attribute_combination>
<product_attribute_combination><id_attribute><![CDATA[22]]></id_attribute>
<id_product_attribute><![CDATA[499]]></id_product_attribute>
</product_attribute_combination>
<product_attribute_combination><id_attribute><![CDATA[23]]></id_attribute>
<id_product_attribute><![CDATA[500]]></id_product_attribute>
</product_attribute_combination>
<product_attribute_combination><id_attribute><![CDATA[42]]></id_attribute>
<id_product_attribute><![CDATA[501]]></id_product_attribute>
</product_attribute_combination>
<product_attribute_combination><id_attribute><![CDATA[43]]></id_attribute>
<id_product_attribute><![CDATA[502]]></id_product_attribute>
</product_attribute_combination>
<product_attribute_combination><id_attribute><![CDATA[44]]></id_attribute>
<id_product_attribute><![CDATA[503]]></id_product_attribute>
</product_attribute_combination>
<product_attribute_combination><id_attribute><![CDATA[45]]></id_attribute>
<id_product_attribute><![CDATA[504]]></id_product_attribute>
</product_attribute_combination>
<product_attribute_combination><id_attribute><![CDATA[46]]></id_attribute>
<id_product_attribute><![CDATA[505]]></id_product_attribute>
</product_attribute_combination>
<product_attribute_combination><id_attribute><![CDATA[47]]></id_attribute>
<id_product_attribute><![CDATA[506]]></id_product_attribute>
</product_attribute_combination>
<product_attribute_combination><id_attribute><![CDATA[21]]></id_attribute>
<id_product_attribute><![CDATA[507]]></id_product_attribute>
</product_attribute_combination>
<product_attribute_combination><id_attribute><![CDATA[22]]></id_attribute>
<id_product_attribute><![CDATA[508]]></id_product_attribute>
</product_attribute_combination>
<product_attribute_combination><id_attribute><![CDATA[23]]></id_attribute>
<id_product_attribute><![CDATA[509]]></id_product_attribute>
</product_attribute_combination>
<product_attribute_combination><id_attribute><![CDATA[42]]></id_attribute>
<id_product_attribute><![CDATA[510]]></id_product_attribute>
</product_attribute_combination>
<product_attribute_combination><id_attribute><![CDATA[43]]></id_attribute>
<id_product_attribute><![CDATA[511]]></id_product_attribute>
</product_attribute_combination>
<product_attribute_combination><id_attribute><![CDATA[44]]></id_attribute>
<id_product_attribute><![CDATA[512]]></id_product_attribute>
</product_attribute_combination>
<product_attribute_combination><id_attribute><![CDATA[45]]></id_attribute>
<id_product_attribute><![CDATA[513]]></id_product_attribute>
</product_attribute_combination>
<product_attribute_combination><id_attribute><![CDATA[46]]></id_attribute>
<id_product_attribute><![CDATA[514]]></id_product_attribute>
</product_attribute_combination>
<product_attribute_combination><id_attribute><![CDATA[47]]></id_attribute>
<id_product_attribute><![CDATA[515]]></id_product_attribute>
</product_attribute_combination>
<product_attribute_combination><id_attribute><![CDATA[46]]></id_attribute>
<id_product_attribute><![CDATA[522]]></id_product_attribute>
</product_attribute_combination>
<product_attribute_combination><id_attribute><![CDATA[22]]></id_attribute>
<id_product_attribute><![CDATA[534]]></id_product_attribute>
</product_attribute_combination>
<product_attribute_combination><id_attribute><![CDATA[23]]></id_attribute>
<id_product_attribute><![CDATA[535]]></id_product_attribute>
</product_attribute_combination>
<product_attribute_combination><id_attribute><![CDATA[42]]></id_attribute>
<id_product_attribute><![CDATA[536]]></id_product_attribute>
</product_attribute_combination>
<product_attribute_combination><id_attribute><![CDATA[43]]></id_attribute>
<id_product_attribute><![CDATA[537]]></id_product_attribute>
</product_attribute_combination>
<product_attribute_combination><id_attribute><![CDATA[44]]></id_attribute>
<id_product_attribute><![CDATA[538]]></id_product_attribute>
</product_attribute_combination>
<product_attribute_combination><id_attribute><![CDATA[45]]></id_attribute>
<id_product_attribute><![CDATA[539]]></id_product_attribute>
</product_attribute_combination>
<product_attribute_combination><id_attribute><![CDATA[46]]></id_attribute>
<id_product_attribute><![CDATA[540]]></id_product_attribute>
</product_attribute_combination>
<product_attribute_combination><id_attribute><![CDATA[47]]></id_attribute>
<id_product_attribute><![CDATA[541]]></id_product_attribute>
</product_attribute_combination>
<product_attribute_combination><id_attribute><![CDATA[21]]></id_attribute>
<id_product_attribute><![CDATA[542]]></id_product_attribute>
</product_attribute_combination>
<product_attribute_combination><id_attribute><![CDATA[22]]></id_attribute>
<id_product_attribute><![CDATA[543]]></id_product_attribute>
</product_attribute_combination>
<product_attribute_combination><id_attribute><![CDATA[23]]></id_attribute>
<id_product_attribute><![CDATA[544]]></id_product_attribute>
</product_attribute_combination>
<product_attribute_combination><id_attribute><![CDATA[42]]></id_attribute>
<id_product_attribute><![CDATA[545]]></id_product_attribute>
</product_attribute_combination>
<product_attribute_combination><id_attribute><![CDATA[43]]></id_attribute>
<id_product_attribute><![CDATA[546]]></id_product_attribute>
</product_attribute_combination>
<product_attribute_combination><id_attribute><![CDATA[44]]></id_attribute>
<id_product_attribute><![CDATA[547]]></id_product_attribute>
</product_attribute_combination>
<product_attribute_combination><id_attribute><![CDATA[45]]></id_attribute>
<id_product_attribute><![CDATA[548]]></id_product_attribute>
</product_attribute_combination>
<product_attribute_combination><id_attribute><![CDATA[46]]></id_attribute>
<id_product_attribute><![CDATA[549]]></id_product_attribute>
</product_attribute_combination>
<product_attribute_combination><id_attribute><![CDATA[47]]></id_attribute>
<id_product_attribute><![CDATA[550]]></id_product_attribute>
</product_attribute_combination>
<product_attribute_combination><id_attribute><![CDATA[21]]></id_attribute>
<id_product_attribute><![CDATA[551]]></id_product_attribute>
</product_attribute_combination>
<product_attribute_combination><id_attribute><![CDATA[46]]></id_attribute>
<id_product_attribute><![CDATA[558]]></id_product_attribute>
</product_attribute_combination>
<product_attribute_combination><id_attribute><![CDATA[22]]></id_attribute>
<id_product_attribute><![CDATA[561]]></id_product_attribute>
</product_attribute_combination>
<product_attribute_combination><id_attribute><![CDATA[23]]></id_attribute>
<id_product_attribute><![CDATA[562]]></id_product_attribute>
</product_attribute_combination>
<product_attribute_combination><id_attribute><![CDATA[42]]></id_attribute>
<id_product_attribute><![CDATA[563]]></id_product_attribute>
</product_attribute_combination>
<product_attribute_combination><id_attribute><![CDATA[43]]></id_attribute>
<id_product_attribute><![CDATA[564]]></id_product_attribute>
</product_attribute_combination>
<product_attribute_combination><id_attribute><![CDATA[44]]></id_attribute>
<id_product_attribute><![CDATA[565]]></id_product_attribute>
</product_attribute_combination>
<product_attribute_combination><id_attribute><![CDATA[45]]></id_attribute>
<id_product_attribute><![CDATA[566]]></id_product_attribute>
</product_attribute_combination>
<product_attribute_combination><id_attribute><![CDATA[46]]></id_attribute>
<id_product_attribute><![CDATA[567]]></id_product_attribute>
</product_attribute_combination>
<product_attribute_combination><id_attribute><![CDATA[47]]></id_attribute>
<id_product_attribute><![CDATA[568]]></id_product_attribute>
</product_attribute_combination>
<product_attribute_combination><id_attribute><![CDATA[21]]></id_attribute>
<id_product_attribute><![CDATA[569]]></id_product_attribute>
</product_attribute_combination>
<product_attribute_combination><id_attribute><![CDATA[44]]></id_attribute>
<id_product_attribute><![CDATA[574]]></id_product_attribute>
</product_attribute_combination>
<product_attribute_combination><id_attribute><![CDATA[45]]></id_attribute>
<id_product_attribute><![CDATA[584]]></id_product_attribute>
</product_attribute_combination>
<product_attribute_combination><id_attribute><![CDATA[22]]></id_attribute>
<id_product_attribute><![CDATA[588]]></id_product_attribute>
</product_attribute_combination>
<product_attribute_combination><id_attribute><![CDATA[23]]></id_attribute>
<id_product_attribute><![CDATA[589]]></id_product_attribute>
</product_attribute_combination>
<product_attribute_combination><id_attribute><![CDATA[42]]></id_attribute>
<id_product_attribute><![CDATA[590]]></id_product_attribute>
</product_attribute_combination>
<product_attribute_combination><id_attribute><![CDATA[43]]></id_attribute>
<id_product_attribute><![CDATA[591]]></id_product_attribute>
</product_attribute_combination>
<product_attribute_combination><id_attribute><![CDATA[44]]></id_attribute>
<id_product_attribute><![CDATA[592]]></id_product_attribute>
</product_attribute_combination>
<product_attribute_combination><id_attribute><![CDATA[45]]></id_attribute>
<id_product_attribute><![CDATA[593]]></id_product_attribute>
</product_attribute_combination>
<product_attribute_combination><id_attribute><![CDATA[46]]></id_attribute>
<id_product_attribute><![CDATA[594]]></id_product_attribute>
</product_attribute_combination>
<product_attribute_combination><id_attribute><![CDATA[47]]></id_attribute>
<id_product_attribute><![CDATA[595]]></id_product_attribute>
</product_attribute_combination>
<product_attribute_combination><id_attribute><![CDATA[21]]></id_attribute>
<id_product_attribute><![CDATA[596]]></id_product_attribute>
</product_attribute_combination>
<product_attribute_combination><id_attribute><![CDATA[22]]></id_attribute>
<id_product_attribute><![CDATA[597]]></id_product_attribute>
</product_attribute_combination>
<product_attribute_combination><id_attribute><![CDATA[23]]></id_attribute>
<id_product_attribute><![CDATA[598]]></id_product_attribute>
</product_attribute_combination>
<product_attribute_combination><id_attribute><![CDATA[42]]></id_attribute>
<id_product_attribute><![CDATA[599]]></id_product_attribute>
</product_attribute_combination>
<product_attribute_combination><id_attribute><![CDATA[43]]></id_attribute>
<id_product_attribute><![CDATA[600]]></id_product_attribute>
</product_attribute_combination>
<product_attribute_combination><id_attribute><![CDATA[44]]></id_attribute>
<id_product_attribute><![CDATA[601]]></id_product_attribute>
</product_attribute_combination>
<product_attribute_combination><id_attribute><![CDATA[45]]></id_attribute>
<id_product_attribute><![CDATA[602]]></id_product_attribute>
</product_attribute_combination>
<product_attribute_combination><id_attribute><![CDATA[46]]></id_attribute>
<id_product_attribute><![CDATA[603]]></id_product_attribute>
</product_attribute_combination>
<product_attribute_combination><id_attribute><![CDATA[47]]></id_attribute>
<id_product_attribute><![CDATA[604]]></id_product_attribute>
</product_attribute_combination>
<product_attribute_combination><id_attribute><![CDATA[21]]></id_attribute>
<id_product_attribute><![CDATA[605]]></id_product_attribute>
</product_attribute_combination>
<product_attribute_combination><id_attribute><![CDATA[22]]></id_attribute>
<id_product_attribute><![CDATA[606]]></id_product_attribute>
</product_attribute_combination>
<product_attribute_combination><id_attribute><![CDATA[23]]></id_attribute>
<id_product_attribute><![CDATA[607]]></id_product_attribute>
</product_attribute_combination>
<product_attribute_combination><id_attribute><![CDATA[42]]></id_attribute>
<id_product_attribute><![CDATA[608]]></id_product_attribute>
</product_attribute_combination>
<product_attribute_combination><id_attribute><![CDATA[43]]></id_attribute>
<id_product_attribute><![CDATA[609]]></id_product_attribute>
</product_attribute_combination>
<product_attribute_combination><id_attribute><![CDATA[44]]></id_attribute>
<id_product_attribute><![CDATA[610]]></id_product_attribute>
</product_attribute_combination>
<product_attribute_combination><id_attribute><![CDATA[45]]></id_attribute>
<id_product_attribute><![CDATA[611]]></id_product_attribute>
</product_attribute_combination>
<product_attribute_combination><id_attribute><![CDATA[46]]></id_attribute>
<id_product_attribute><![CDATA[612]]></id_product_attribute>
</product_attribute_combination>
<product_attribute_combination><id_attribute><![CDATA[47]]></id_attribute>
<id_product_attribute><![CDATA[613]]></id_product_attribute>
</product_attribute_combination>
<product_attribute_combination><id_attribute><![CDATA[21]]></id_attribute>
<id_product_attribute><![CDATA[614]]></id_product_attribute>
</product_attribute_combination>
<product_attribute_combination><id_attribute><![CDATA[22]]></id_attribute>
<id_product_attribute><![CDATA[615]]></id_product_attribute>
</product_attribute_combination>
<product_attribute_combination><id_attribute><![CDATA[23]]></id_attribute>
<id_product_attribute><![CDATA[616]]></id_product_attribute>
</product_attribute_combination>
<product_attribute_combination><id_attribute><![CDATA[42]]></id_attribute>
<id_product_attribute><![CDATA[617]]></id_product_attribute>
</product_attribute_combination>
<product_attribute_combination><id_attribute><![CDATA[43]]></id_attribute>
<id_product_attribute><![CDATA[618]]></id_product_attribute>
</product_attribute_combination>
<product_attribute_combination><id_attribute><![CDATA[44]]></id_attribute>
<id_product_attribute><![CDATA[619]]></id_product_attribute>
</product_attribute_combination>
<product_attribute_combination><id_attribute><![CDATA[45]]></id_attribute>
<id_product_attribute><![CDATA[620]]></id_product_attribute>
</product_attribute_combination>
<product_attribute_combination><id_attribute><![CDATA[46]]></id_attribute>
<id_product_attribute><![CDATA[621]]></id_product_attribute>
</product_attribute_combination>
<product_attribute_combination><id_attribute><![CDATA[47]]></id_attribute>
<id_product_attribute><![CDATA[622]]></id_product_attribute>
</product_attribute_combination>
<product_attribute_combination><id_attribute><![CDATA[21]]></id_attribute>
<id_product_attribute><![CDATA[623]]></id_product_attribute>
</product_attribute_combination>
<product_attribute_combination><id_attribute><![CDATA[22]]></id_attribute>
<id_product_attribute><![CDATA[624]]></id_product_attribute>
</product_attribute_combination>
<product_attribute_combination><id_attribute><![CDATA[23]]></id_attribute>
<id_product_attribute><![CDATA[625]]></id_product_attribute>
</product_attribute_combination>
<product_attribute_combination><id_attribute><![CDATA[42]]></id_attribute>
<id_product_attribute><![CDATA[626]]></id_product_attribute>
</product_attribute_combination>
<product_attribute_combination><id_attribute><![CDATA[43]]></id_attribute>
<id_product_attribute><![CDATA[627]]></id_product_attribute>
</product_attribute_combination>
<product_attribute_combination><id_attribute><![CDATA[44]]></id_attribute>
<id_product_attribute><![CDATA[628]]></id_product_attribute>
</product_attribute_combination>
<product_attribute_combination><id_attribute><![CDATA[45]]></id_attribute>
<id_product_attribute><![CDATA[629]]></id_product_attribute>
</product_attribute_combination>
<product_attribute_combination><id_attribute><![CDATA[46]]></id_attribute>
<id_product_attribute><![CDATA[630]]></id_product_attribute>
</product_attribute_combination>
<product_attribute_combination><id_attribute><![CDATA[47]]></id_attribute>
<id_product_attribute><![CDATA[631]]></id_product_attribute>
</product_attribute_combination>
<product_attribute_combination><id_attribute><![CDATA[21]]></id_attribute>
<id_product_attribute><![CDATA[632]]></id_product_attribute>
</product_attribute_combination>
<product_attribute_combination><id_attribute><![CDATA[45]]></id_attribute>
<id_product_attribute><![CDATA[656]]></id_product_attribute>
</product_attribute_combination>
<product_attribute_combination><id_attribute><![CDATA[47]]></id_attribute>
<id_product_attribute><![CDATA[658]]></id_product_attribute>
</product_attribute_combination>
<product_attribute_combination><id_attribute><![CDATA[22]]></id_attribute>
<id_product_attribute><![CDATA[660]]></id_product_attribute>
</product_attribute_combination>
<product_attribute_combination><id_attribute><![CDATA[23]]></id_attribute>
<id_product_attribute><![CDATA[661]]></id_product_attribute>
</product_attribute_combination>
<product_attribute_combination><id_attribute><![CDATA[42]]></id_attribute>
<id_product_attribute><![CDATA[662]]></id_product_attribute>
</product_attribute_combination>
<product_attribute_combination><id_attribute><![CDATA[43]]></id_attribute>
<id_product_attribute><![CDATA[663]]></id_product_attribute>
</product_attribute_combination>
<product_attribute_combination><id_attribute><![CDATA[44]]></id_attribute>
<id_product_attribute><![CDATA[664]]></id_product_attribute>
</product_attribute_combination>
<product_attribute_combination><id_attribute><![CDATA[45]]></id_attribute>
<id_product_attribute><![CDATA[665]]></id_product_attribute>
</product_attribute_combination>
<product_attribute_combination><id_attribute><![CDATA[46]]></id_attribute>
<id_product_attribute><![CDATA[666]]></id_product_attribute>
</product_attribute_combination>
<product_attribute_combination><id_attribute><![CDATA[47]]></id_attribute>
<id_product_attribute><![CDATA[667]]></id_product_attribute>
</product_attribute_combination>
<product_attribute_combination><id_attribute><![CDATA[21]]></id_attribute>
<id_product_attribute><![CDATA[668]]></id_product_attribute>
</product_attribute_combination>
<product_attribute_combination><id_attribute><![CDATA[22]]></id_attribute>
<id_product_attribute><![CDATA[669]]></id_product_attribute>
</product_attribute_combination>
<product_attribute_combination><id_attribute><![CDATA[23]]></id_attribute>
<id_product_attribute><![CDATA[670]]></id_product_attribute>
</product_attribute_combination>
<product_attribute_combination><id_attribute><![CDATA[42]]></id_attribute>
<id_product_attribute><![CDATA[671]]></id_product_attribute>
</product_attribute_combination>
<product_attribute_combination><id_attribute><![CDATA[43]]></id_attribute>
<id_product_attribute><![CDATA[672]]></id_product_attribute>
</product_attribute_combination>
<product_attribute_combination><id_attribute><![CDATA[44]]></id_attribute>
<id_product_attribute><![CDATA[673]]></id_product_attribute>
</product_attribute_combination>
<product_attribute_combination><id_attribute><![CDATA[45]]></id_attribute>
<id_product_attribute><![CDATA[674]]></id_product_attribute>
</product_attribute_combination>
<product_attribute_combination><id_attribute><![CDATA[46]]></id_attribute>
<id_product_attribute><![CDATA[675]]></id_product_attribute>
</product_attribute_combination>
<product_attribute_combination><id_attribute><![CDATA[47]]></id_attribute>
<id_product_attribute><![CDATA[676]]></id_product_attribute>
</product_attribute_combination>
<product_attribute_combination><id_attribute><![CDATA[21]]></id_attribute>
<id_product_attribute><![CDATA[677]]></id_product_attribute>
</product_attribute_combination>
<product_attribute_combination><id_attribute><![CDATA[44]]></id_attribute>
<id_product_attribute><![CDATA[682]]></id_product_attribute>
</product_attribute_combination>
<product_attribute_combination><id_attribute><![CDATA[45]]></id_attribute>
<id_product_attribute><![CDATA[692]]></id_product_attribute>
</product_attribute_combination>
<product_attribute_combination><id_attribute><![CDATA[22]]></id_attribute>
<id_product_attribute><![CDATA[696]]></id_product_attribute>
</product_attribute_combination>
<product_attribute_combination><id_attribute><![CDATA[23]]></id_attribute>
<id_product_attribute><![CDATA[697]]></id_product_attribute>
</product_attribute_combination>
<product_attribute_combination><id_attribute><![CDATA[42]]></id_attribute>
<id_product_attribute><![CDATA[698]]></id_product_attribute>
</product_attribute_combination>
<product_attribute_combination><id_attribute><![CDATA[43]]></id_attribute>
<id_product_attribute><![CDATA[699]]></id_product_attribute>
</product_attribute_combination>
<product_attribute_combination><id_attribute><![CDATA[44]]></id_attribute>
<id_product_attribute><![CDATA[700]]></id_product_attribute>
</product_attribute_combination>
<product_attribute_combination><id_attribute><![CDATA[45]]></id_attribute>
<id_product_attribute><![CDATA[701]]></id_product_attribute>
</product_attribute_combination>
<product_attribute_combination><id_attribute><![CDATA[46]]></id_attribute>
<id_product_attribute><![CDATA[702]]></id_product_attribute>
</product_attribute_combination>
<product_attribute_combination><id_attribute><![CDATA[47]]></id_attribute>
<id_product_attribute><![CDATA[703]]></id_product_attribute>
</product_attribute_combination>
<product_attribute_combination><id_attribute><![CDATA[21]]></id_attribute>
<id_product_attribute><![CDATA[704]]></id_product_attribute>
</product_attribute_combination>
<product_attribute_combination><id_attribute><![CDATA[46]]></id_attribute>
<id_product_attribute><![CDATA[711]]></id_product_attribute>
</product_attribute_combination>
<product_attribute_combination><id_attribute><![CDATA[22]]></id_attribute>
<id_product_attribute><![CDATA[714]]></id_product_attribute>
</product_attribute_combination>
<product_attribute_combination><id_attribute><![CDATA[23]]></id_attribute>
<id_product_attribute><![CDATA[715]]></id_product_attribute>
</product_attribute_combination>
<product_attribute_combination><id_attribute><![CDATA[42]]></id_attribute>
<id_product_attribute><![CDATA[716]]></id_product_attribute>
</product_attribute_combination>
<product_attribute_combination><id_attribute><![CDATA[43]]></id_attribute>
<id_product_attribute><![CDATA[717]]></id_product_attribute>
</product_attribute_combination>
<product_attribute_combination><id_attribute><![CDATA[44]]></id_attribute>
<id_product_attribute><![CDATA[718]]></id_product_attribute>
</product_attribute_combination>
<product_attribute_combination><id_attribute><![CDATA[45]]></id_attribute>
<id_product_attribute><![CDATA[719]]></id_product_attribute>
</product_attribute_combination>
<product_attribute_combination><id_attribute><![CDATA[46]]></id_attribute>
<id_product_attribute><![CDATA[720]]></id_product_attribute>
</product_attribute_combination>
<product_attribute_combination><id_attribute><![CDATA[47]]></id_attribute>
<id_product_attribute><![CDATA[721]]></id_product_attribute>
</product_attribute_combination>
<product_attribute_combination><id_attribute><![CDATA[21]]></id_attribute>
<id_product_attribute><![CDATA[722]]></id_product_attribute>
</product_attribute_combination>
<product_attribute_combination><id_attribute><![CDATA[22]]></id_attribute>
<id_product_attribute><![CDATA[723]]></id_product_attribute>
</product_attribute_combination>
<product_attribute_combination><id_attribute><![CDATA[23]]></id_attribute>
<id_product_attribute><![CDATA[724]]></id_product_attribute>
</product_attribute_combination>
<product_attribute_combination><id_attribute><![CDATA[42]]></id_attribute>
<id_product_attribute><![CDATA[725]]></id_product_attribute>
</product_attribute_combination>
<product_attribute_combination><id_attribute><![CDATA[43]]></id_attribute>
<id_product_attribute><![CDATA[726]]></id_product_attribute>
</product_attribute_combination>
<product_attribute_combination><id_attribute><![CDATA[44]]></id_attribute>
<id_product_attribute><![CDATA[727]]></id_product_attribute>
</product_attribute_combination>
<product_attribute_combination><id_attribute><![CDATA[45]]></id_attribute>
<id_product_attribute><![CDATA[728]]></id_product_attribute>
</product_attribute_combination>
<product_attribute_combination><id_attribute><![CDATA[46]]></id_attribute>
<id_product_attribute><![CDATA[729]]></id_product_attribute>
</product_attribute_combination>
<product_attribute_combination><id_attribute><![CDATA[47]]></id_attribute>
<id_product_attribute><![CDATA[730]]></id_product_attribute>
</product_attribute_combination>
<product_attribute_combination><id_attribute><![CDATA[21]]></id_attribute>
<id_product_attribute><![CDATA[731]]></id_product_attribute>
</product_attribute_combination>
<product_attribute_combination><id_attribute><![CDATA[22]]></id_attribute>
<id_product_attribute><![CDATA[741]]></id_product_attribute>
</product_attribute_combination>
<product_attribute_combination><id_attribute><![CDATA[23]]></id_attribute>
<id_product_attribute><![CDATA[742]]></id_product_attribute>
</product_attribute_combination>
<product_attribute_combination><id_attribute><![CDATA[42]]></id_attribute>
<id_product_attribute><![CDATA[743]]></id_product_attribute>
</product_attribute_combination>
<product_attribute_combination><id_attribute><![CDATA[43]]></id_attribute>
<id_product_attribute><![CDATA[744]]></id_product_attribute>
</product_attribute_combination>
<product_attribute_combination><id_attribute><![CDATA[44]]></id_attribute>
<id_product_attribute><![CDATA[745]]></id_product_attribute>
</product_attribute_combination>
<product_attribute_combination><id_attribute><![CDATA[45]]></id_attribute>
<id_product_attribute><![CDATA[746]]></id_product_attribute>
</product_attribute_combination>
<product_attribute_combination><id_attribute><![CDATA[46]]></id_attribute>
<id_product_attribute><![CDATA[747]]></id_product_attribute>
</product_attribute_combination>
<product_attribute_combination><id_attribute><![CDATA[47]]></id_attribute>
<id_product_attribute><![CDATA[748]]></id_product_attribute>
</product_attribute_combination>
<product_attribute_combination><id_attribute><![CDATA[21]]></id_attribute>
<id_product_attribute><![CDATA[749]]></id_product_attribute>
</product_attribute_combination>
<product_attribute_combination><id_attribute><![CDATA[23]]></id_attribute>
<id_product_attribute><![CDATA[751]]></id_product_attribute>
</product_attribute_combination>
<product_attribute_combination><id_attribute><![CDATA[46]]></id_attribute>
<id_product_attribute><![CDATA[756]]></id_product_attribute>
</product_attribute_combination>
<product_attribute_combination><id_attribute><![CDATA[43]]></id_attribute>
<id_product_attribute><![CDATA[762]]></id_product_attribute>
</product_attribute_combination>
<product_attribute_combination><id_attribute><![CDATA[22]]></id_attribute>
<id_product_attribute><![CDATA[768]]></id_product_attribute>
</product_attribute_combination>
<product_attribute_combination><id_attribute><![CDATA[23]]></id_attribute>
<id_product_attribute><![CDATA[769]]></id_product_attribute>
</product_attribute_combination>
<product_attribute_combination><id_attribute><![CDATA[42]]></id_attribute>
<id_product_attribute><![CDATA[770]]></id_product_attribute>
</product_attribute_combination>
<product_attribute_combination><id_attribute><![CDATA[43]]></id_attribute>
<id_product_attribute><![CDATA[771]]></id_product_attribute>
</product_attribute_combination>
<product_attribute_combination><id_attribute><![CDATA[44]]></id_attribute>
<id_product_attribute><![CDATA[772]]></id_product_attribute>
</product_attribute_combination>
<product_attribute_combination><id_attribute><![CDATA[45]]></id_attribute>
<id_product_attribute><![CDATA[773]]></id_product_attribute>
</product_attribute_combination>
<product_attribute_combination><id_attribute><![CDATA[46]]></id_attribute>
<id_product_attribute><![CDATA[774]]></id_product_attribute>
</product_attribute_combination>
<product_attribute_combination><id_attribute><![CDATA[47]]></id_attribute>
<id_product_attribute><![CDATA[775]]></id_product_attribute>
</product_attribute_combination>
<product_attribute_combination><id_attribute><![CDATA[21]]></id_attribute>
<id_product_attribute><![CDATA[776]]></id_product_attribute>
</product_attribute_combination>
<product_attribute_combination><id_attribute><![CDATA[22]]></id_attribute>
<id_product_attribute><![CDATA[777]]></id_product_attribute>
</product_attribute_combination>
<product_attribute_combination><id_attribute><![CDATA[23]]></id_attribute>
<id_product_attribute><![CDATA[778]]></id_product_attribute>
</product_attribute_combination>
<product_attribute_combination><id_attribute><![CDATA[42]]></id_attribute>
<id_product_attribute><![CDATA[779]]></id_product_attribute>
</product_attribute_combination>
<product_attribute_combination><id_attribute><![CDATA[43]]></id_attribute>
<id_product_attribute><![CDATA[780]]></id_product_attribute>
</product_attribute_combination>
<product_attribute_combination><id_attribute><![CDATA[44]]></id_attribute>
<id_product_attribute><![CDATA[781]]></id_product_attribute>
</product_attribute_combination>
<product_attribute_combination><id_attribute><![CDATA[45]]></id_attribute>
<id_product_attribute><![CDATA[782]]></id_product_attribute>
</product_attribute_combination>
<product_attribute_combination><id_attribute><![CDATA[46]]></id_attribute>
<id_product_attribute><![CDATA[783]]></id_product_attribute>
</product_attribute_combination>
<product_attribute_combination><id_attribute><![CDATA[47]]></id_attribute>
<id_product_attribute><![CDATA[784]]></id_product_attribute>
</product_attribute_combination>
<product_attribute_combination><id_attribute><![CDATA[21]]></id_attribute>
<id_product_attribute><![CDATA[785]]></id_product_attribute>
</product_attribute_combination>
<product_attribute_combination><id_attribute><![CDATA[22]]></id_attribute>
<id_product_attribute><![CDATA[786]]></id_product_attribute>
</product_attribute_combination>
<product_attribute_combination><id_attribute><![CDATA[23]]></id_attribute>
<id_product_attribute><![CDATA[787]]></id_product_attribute>
</product_attribute_combination>
<product_attribute_combination><id_attribute><![CDATA[42]]></id_attribute>
<id_product_attribute><![CDATA[788]]></id_product_attribute>
</product_attribute_combination>
<product_attribute_combination><id_attribute><![CDATA[43]]></id_attribute>
<id_product_attribute><![CDATA[789]]></id_product_attribute>
</product_attribute_combination>
<product_attribute_combination><id_attribute><![CDATA[44]]></id_attribute>
<id_product_attribute><![CDATA[790]]></id_product_attribute>
</product_attribute_combination>
<product_attribute_combination><id_attribute><![CDATA[45]]></id_attribute>
<id_product_attribute><![CDATA[791]]></id_product_attribute>
</product_attribute_combination>
<product_attribute_combination><id_attribute><![CDATA[46]]></id_attribute>
<id_product_attribute><![CDATA[792]]></id_product_attribute>
</product_attribute_combination>
<product_attribute_combination><id_attribute><![CDATA[47]]></id_attribute>
<id_product_attribute><![CDATA[793]]></id_product_attribute>
</product_attribute_combination>
<product_attribute_combination><id_attribute><![CDATA[21]]></id_attribute>
<id_product_attribute><![CDATA[794]]></id_product_attribute>
</product_attribute_combination>
<product_attribute_combination><id_attribute><![CDATA[22]]></id_attribute>
<id_product_attribute><![CDATA[795]]></id_product_attribute>
</product_attribute_combination>
<product_attribute_combination><id_attribute><![CDATA[23]]></id_attribute>
<id_product_attribute><![CDATA[796]]></id_product_attribute>
</product_attribute_combination>
<product_attribute_combination><id_attribute><![CDATA[42]]></id_attribute>
<id_product_attribute><![CDATA[797]]></id_product_attribute>
</product_attribute_combination>
<product_attribute_combination><id_attribute><![CDATA[43]]></id_attribute>
<id_product_attribute><![CDATA[798]]></id_product_attribute>
</product_attribute_combination>
<product_attribute_combination><id_attribute><![CDATA[44]]></id_attribute>
<id_product_attribute><![CDATA[799]]></id_product_attribute>
</product_attribute_combination>
<product_attribute_combination><id_attribute><![CDATA[45]]></id_attribute>
<id_product_attribute><![CDATA[800]]></id_product_attribute>
</product_attribute_combination>
<product_attribute_combination><id_attribute><![CDATA[46]]></id_attribute>
<id_product_attribute><![CDATA[801]]></id_product_attribute>
</product_attribute_combination>
<product_attribute_combination><id_attribute><![CDATA[47]]></id_attribute>
<id_product_attribute><![CDATA[802]]></id_product_attribute>
</product_attribute_combination>
<product_attribute_combination><id_attribute><![CDATA[21]]></id_attribute>
<id_product_attribute><![CDATA[803]]></id_product_attribute>
</product_attribute_combination>
<product_attribute_combination><id_attribute><![CDATA[22]]></id_attribute>
<id_product_attribute><![CDATA[822]]></id_product_attribute>
</product_attribute_combination>
<product_attribute_combination><id_attribute><![CDATA[23]]></id_attribute>
<id_product_attribute><![CDATA[823]]></id_product_attribute>
</product_attribute_combination>
<product_attribute_combination><id_attribute><![CDATA[42]]></id_attribute>
<id_product_attribute><![CDATA[824]]></id_product_attribute>
</product_attribute_combination>
<product_attribute_combination><id_attribute><![CDATA[43]]></id_attribute>
<id_product_attribute><![CDATA[825]]></id_product_attribute>
</product_attribute_combination>
<product_attribute_combination><id_attribute><![CDATA[44]]></id_attribute>
<id_product_attribute><![CDATA[826]]></id_product_attribute>
</product_attribute_combination>
<product_attribute_combination><id_attribute><![CDATA[45]]></id_attribute>
<id_product_attribute><![CDATA[827]]></id_product_attribute>
</product_attribute_combination>
<product_attribute_combination><id_attribute><![CDATA[46]]></id_attribute>
<id_product_attribute><![CDATA[828]]></id_product_attribute>
</product_attribute_combination>
<product_attribute_combination><id_attribute><![CDATA[47]]></id_attribute>
<id_product_attribute><![CDATA[829]]></id_product_attribute>
</product_attribute_combination>
<product_attribute_combination><id_attribute><![CDATA[21]]></id_attribute>
<id_product_attribute><![CDATA[830]]></id_product_attribute>
</product_attribute_combination>
<product_attribute_combination><id_attribute><![CDATA[22]]></id_attribute>
<id_product_attribute><![CDATA[840]]></id_product_attribute>
</product_attribute_combination>
<product_attribute_combination><id_attribute><![CDATA[23]]></id_attribute>
<id_product_attribute><![CDATA[841]]></id_product_attribute>
</product_attribute_combination>
<product_attribute_combination><id_attribute><![CDATA[42]]></id_attribute>
<id_product_attribute><![CDATA[842]]></id_product_attribute>
</product_attribute_combination>
<product_attribute_combination><id_attribute><![CDATA[43]]></id_attribute>
<id_product_attribute><![CDATA[843]]></id_product_attribute>
</product_attribute_combination>
<product_attribute_combination><id_attribute><![CDATA[44]]></id_attribute>
<id_product_attribute><![CDATA[844]]></id_product_attribute>
</product_attribute_combination>
<product_attribute_combination><id_attribute><![CDATA[45]]></id_attribute>
<id_product_attribute><![CDATA[845]]></id_product_attribute>
</product_attribute_combination>
<product_attribute_combination><id_attribute><![CDATA[46]]></id_attribute>
<id_product_attribute><![CDATA[846]]></id_product_attribute>
</product_attribute_combination>
<product_attribute_combination><id_attribute><![CDATA[47]]></id_attribute>
<id_product_attribute><![CDATA[847]]></id_product_attribute>
</product_attribute_combination>
<product_attribute_combination><id_attribute><![CDATA[21]]></id_attribute>
<id_product_attribute><![CDATA[848]]></id_product_attribute>
</product_attribute_combination>
<product_attribute_combination><id_attribute><![CDATA[45]]></id_attribute>
<id_product_attribute><![CDATA[854]]></id_product_attribute>
</product_attribute_combination>
<product_attribute_combination><id_attribute><![CDATA[46]]></id_attribute>
<id_product_attribute><![CDATA[864]]></id_product_attribute>
</product_attribute_combination>
<product_attribute_combination><id_attribute><![CDATA[42]]></id_attribute>
<id_product_attribute><![CDATA[878]]></id_product_attribute>
</product_attribute_combination>
<product_attribute_combination><id_attribute><![CDATA[22]]></id_attribute>
<id_product_attribute><![CDATA[885]]></id_product_attribute>
</product_attribute_combination>
<product_attribute_combination><id_attribute><![CDATA[23]]></id_attribute>
<id_product_attribute><![CDATA[886]]></id_product_attribute>
</product_attribute_combination>
<product_attribute_combination><id_attribute><![CDATA[42]]></id_attribute>
<id_product_attribute><![CDATA[887]]></id_product_attribute>
</product_attribute_combination>
<product_attribute_combination><id_attribute><![CDATA[43]]></id_attribute>
<id_product_attribute><![CDATA[888]]></id_product_attribute>
</product_attribute_combination>
<product_attribute_combination><id_attribute><![CDATA[44]]></id_attribute>
<id_product_attribute><![CDATA[889]]></id_product_attribute>
</product_attribute_combination>
<product_attribute_combination><id_attribute><![CDATA[45]]></id_attribute>
<id_product_attribute><![CDATA[890]]></id_product_attribute>
</product_attribute_combination>
<product_attribute_combination><id_attribute><![CDATA[46]]></id_attribute>
<id_product_attribute><![CDATA[891]]></id_product_attribute>
</product_attribute_combination>
<product_attribute_combination><id_attribute><![CDATA[47]]></id_attribute>
<id_product_attribute><![CDATA[892]]></id_product_attribute>
</product_attribute_combination>
<product_attribute_combination><id_attribute><![CDATA[21]]></id_attribute>
<id_product_attribute><![CDATA[893]]></id_product_attribute>
</product_attribute_combination>
<product_attribute_combination><id_attribute><![CDATA[22]]></id_attribute>
<id_product_attribute><![CDATA[894]]></id_product_attribute>
</product_attribute_combination>
<product_attribute_combination><id_attribute><![CDATA[23]]></id_attribute>
<id_product_attribute><![CDATA[895]]></id_product_attribute>
</product_attribute_combination>
<product_attribute_combination><id_attribute><![CDATA[42]]></id_attribute>
<id_product_attribute><![CDATA[896]]></id_product_attribute>
</product_attribute_combination>
<product_attribute_combination><id_attribute><![CDATA[43]]></id_attribute>
<id_product_attribute><![CDATA[897]]></id_product_attribute>
</product_attribute_combination>
<product_attribute_combination><id_attribute><![CDATA[44]]></id_attribute>
<id_product_attribute><![CDATA[898]]></id_product_attribute>
</product_attribute_combination>
<product_attribute_combination><id_attribute><![CDATA[45]]></id_attribute>
<id_product_attribute><![CDATA[899]]></id_product_attribute>
</product_attribute_combination>
<product_attribute_combination><id_attribute><![CDATA[46]]></id_attribute>
<id_product_attribute><![CDATA[900]]></id_product_attribute>
</product_attribute_combination>
<product_attribute_combination><id_attribute><![CDATA[47]]></id_attribute>
<id_product_attribute><![CDATA[901]]></id_product_attribute>
</product_attribute_combination>
<product_attribute_combination><id_attribute><![CDATA[21]]></id_attribute>
<id_product_attribute><![CDATA[902]]></id_product_attribute>
</product_attribute_combination>
<product_attribute_combination><id_attribute><![CDATA[22]]></id_attribute>
<id_product_attribute><![CDATA[912]]></id_product_attribute>
</product_attribute_combination>
<product_attribute_combination><id_attribute><![CDATA[23]]></id_attribute>
<id_product_attribute><![CDATA[913]]></id_product_attribute>
</product_attribute_combination>
<product_attribute_combination><id_attribute><![CDATA[42]]></id_attribute>
<id_product_attribute><![CDATA[914]]></id_product_attribute>
</product_attribute_combination>
<product_attribute_combination><id_attribute><![CDATA[43]]></id_attribute>
<id_product_attribute><![CDATA[915]]></id_product_attribute>
</product_attribute_combination>
<product_attribute_combination><id_attribute><![CDATA[44]]></id_attribute>
<id_product_attribute><![CDATA[916]]></id_product_attribute>
</product_attribute_combination>
<product_attribute_combination><id_attribute><![CDATA[45]]></id_attribute>
<id_product_attribute><![CDATA[917]]></id_product_attribute>
</product_attribute_combination>
<product_attribute_combination><id_attribute><![CDATA[46]]></id_attribute>
<id_product_attribute><![CDATA[918]]></id_product_attribute>
</product_attribute_combination>
<product_attribute_combination><id_attribute><![CDATA[47]]></id_attribute>
<id_product_attribute><![CDATA[919]]></id_product_attribute>
</product_attribute_combination>
<product_attribute_combination><id_attribute><![CDATA[21]]></id_attribute>
<id_product_attribute><![CDATA[920]]></id_product_attribute>
</product_attribute_combination>
<product_attribute_combination><id_attribute><![CDATA[21]]></id_attribute>
<id_product_attribute><![CDATA[930]]></id_product_attribute>
</product_attribute_combination>
<product_attribute_combination><id_attribute><![CDATA[22]]></id_attribute>
<id_product_attribute><![CDATA[931]]></id_product_attribute>
</product_attribute_combination>
<product_attribute_combination><id_attribute><![CDATA[23]]></id_attribute>
<id_product_attribute><![CDATA[932]]></id_product_attribute>
</product_attribute_combination>
<product_attribute_combination><id_attribute><![CDATA[42]]></id_attribute>
<id_product_attribute><![CDATA[933]]></id_product_attribute>
</product_attribute_combination>
<product_attribute_combination><id_attribute><![CDATA[43]]></id_attribute>
<id_product_attribute><![CDATA[934]]></id_product_attribute>
</product_attribute_combination>
<product_attribute_combination><id_attribute><![CDATA[44]]></id_attribute>
<id_product_attribute><![CDATA[935]]></id_product_attribute>
</product_attribute_combination>
<product_attribute_combination><id_attribute><![CDATA[45]]></id_attribute>
<id_product_attribute><![CDATA[936]]></id_product_attribute>
</product_attribute_combination>
<product_attribute_combination><id_attribute><![CDATA[46]]></id_attribute>
<id_product_attribute><![CDATA[937]]></id_product_attribute>
</product_attribute_combination>
<product_attribute_combination><id_attribute><![CDATA[47]]></id_attribute>
<id_product_attribute><![CDATA[938]]></id_product_attribute>
</product_attribute_combination>
<product_attribute_combination><id_attribute><![CDATA[22]]></id_attribute>
<id_product_attribute><![CDATA[939]]></id_product_attribute>
</product_attribute_combination>
<product_attribute_combination><id_attribute><![CDATA[23]]></id_attribute>
<id_product_attribute><![CDATA[940]]></id_product_attribute>
</product_attribute_combination>
<product_attribute_combination><id_attribute><![CDATA[42]]></id_attribute>
<id_product_attribute><![CDATA[941]]></id_product_attribute>
</product_attribute_combination>
<product_attribute_combination><id_attribute><![CDATA[43]]></id_attribute>
<id_product_attribute><![CDATA[942]]></id_product_attribute>
</product_attribute_combination>
<product_attribute_combination><id_attribute><![CDATA[44]]></id_attribute>
<id_product_attribute><![CDATA[943]]></id_product_attribute>
</product_attribute_combination>
<product_attribute_combination><id_attribute><![CDATA[45]]></id_attribute>
<id_product_attribute><![CDATA[944]]></id_product_attribute>
</product_attribute_combination>
<product_attribute_combination><id_attribute><![CDATA[46]]></id_attribute>
<id_product_attribute><![CDATA[945]]></id_product_attribute>
</product_attribute_combination>
<product_attribute_combination><id_attribute><![CDATA[47]]></id_attribute>
<id_product_attribute><![CDATA[946]]></id_product_attribute>
</product_attribute_combination>
<product_attribute_combination><id_attribute><![CDATA[21]]></id_attribute>
<id_product_attribute><![CDATA[947]]></id_product_attribute>
</product_attribute_combination>
<product_attribute_combination><id_attribute><![CDATA[23]]></id_attribute>
<id_product_attribute><![CDATA[949]]></id_product_attribute>
</product_attribute_combination>
<product_attribute_combination><id_attribute><![CDATA[46]]></id_attribute>
<id_product_attribute><![CDATA[954]]></id_product_attribute>
</product_attribute_combination>
<product_attribute_combination><id_attribute><![CDATA[47]]></id_attribute>
<id_product_attribute><![CDATA[964]]></id_product_attribute>
</product_attribute_combination>
<product_attribute_combination><id_attribute><![CDATA[22]]></id_attribute>
<id_product_attribute><![CDATA[966]]></id_product_attribute>
</product_attribute_combination>
<product_attribute_combination><id_attribute><![CDATA[23]]></id_attribute>
<id_product_attribute><![CDATA[967]]></id_product_attribute>
</product_attribute_combination>
<product_attribute_combination><id_attribute><![CDATA[42]]></id_attribute>
<id_product_attribute><![CDATA[968]]></id_product_attribute>
</product_attribute_combination>
<product_attribute_combination><id_attribute><![CDATA[43]]></id_attribute>
<id_product_attribute><![CDATA[969]]></id_product_attribute>
</product_attribute_combination>
<product_attribute_combination><id_attribute><![CDATA[44]]></id_attribute>
<id_product_attribute><![CDATA[970]]></id_product_attribute>
</product_attribute_combination>
<product_attribute_combination><id_attribute><![CDATA[45]]></id_attribute>
<id_product_attribute><![CDATA[971]]></id_product_attribute>
</product_attribute_combination>
<product_attribute_combination><id_attribute><![CDATA[46]]></id_attribute>
<id_product_attribute><![CDATA[972]]></id_product_attribute>
</product_attribute_combination>
<product_attribute_combination><id_attribute><![CDATA[47]]></id_attribute>
<id_product_attribute><![CDATA[973]]></id_product_attribute>
</product_attribute_combination>
<product_attribute_combination><id_attribute><![CDATA[21]]></id_attribute>
<id_product_attribute><![CDATA[974]]></id_product_attribute>
</product_attribute_combination>
<product_attribute_combination><id_attribute><![CDATA[22]]></id_attribute>
<id_product_attribute><![CDATA[975]]></id_product_attribute>
</product_attribute_combination>
<product_attribute_combination><id_attribute><![CDATA[23]]></id_attribute>
<id_product_attribute><![CDATA[976]]></id_product_attribute>
</product_attribute_combination>
<product_attribute_combination><id_attribute><![CDATA[42]]></id_attribute>
<id_product_attribute><![CDATA[977]]></id_product_attribute>
</product_attribute_combination>
<product_attribute_combination><id_attribute><![CDATA[43]]></id_attribute>
<id_product_attribute><![CDATA[978]]></id_product_attribute>
</product_attribute_combination>
<product_attribute_combination><id_attribute><![CDATA[44]]></id_attribute>
<id_product_attribute><![CDATA[979]]></id_product_attribute>
</product_attribute_combination>
<product_attribute_combination><id_attribute><![CDATA[45]]></id_attribute>
<id_product_attribute><![CDATA[980]]></id_product_attribute>
</product_attribute_combination>
<product_attribute_combination><id_attribute><![CDATA[46]]></id_attribute>
<id_product_attribute><![CDATA[981]]></id_product_attribute>
</product_attribute_combination>
<product_attribute_combination><id_attribute><![CDATA[47]]></id_attribute>
<id_product_attribute><![CDATA[982]]></id_product_attribute>
</product_attribute_combination>
<product_attribute_combination><id_attribute><![CDATA[21]]></id_attribute>
<id_product_attribute><![CDATA[983]]></id_product_attribute>
</product_attribute_combination>
<product_attribute_combination><id_attribute><![CDATA[22]]></id_attribute>
<id_product_attribute><![CDATA[984]]></id_product_attribute>
</product_attribute_combination>
<product_attribute_combination><id_attribute><![CDATA[23]]></id_attribute>
<id_product_attribute><![CDATA[985]]></id_product_attribute>
</product_attribute_combination>
<product_attribute_combination><id_attribute><![CDATA[42]]></id_attribute>
<id_product_attribute><![CDATA[986]]></id_product_attribute>
</product_attribute_combination>
<product_attribute_combination><id_attribute><![CDATA[43]]></id_attribute>
<id_product_attribute><![CDATA[987]]></id_product_attribute>
</product_attribute_combination>
<product_attribute_combination><id_attribute><![CDATA[44]]></id_attribute>
<id_product_attribute><![CDATA[988]]></id_product_attribute>
</product_attribute_combination>
<product_attribute_combination><id_attribute><![CDATA[45]]></id_attribute>
<id_product_attribute><![CDATA[989]]></id_product_attribute>
</product_attribute_combination>
<product_attribute_combination><id_attribute><![CDATA[46]]></id_attribute>
<id_product_attribute><![CDATA[990]]></id_product_attribute>
</product_attribute_combination>
<product_attribute_combination><id_attribute><![CDATA[47]]></id_attribute>
<id_product_attribute><![CDATA[991]]></id_product_attribute>
</product_attribute_combination>
<product_attribute_combination><id_attribute><![CDATA[21]]></id_attribute>
<id_product_attribute><![CDATA[992]]></id_product_attribute>
</product_attribute_combination>
<product_attribute_combination><id_attribute><![CDATA[1]]></id_attribute>
<id_product_attribute><![CDATA[1015]]></id_product_attribute>
</product_attribute_combination>
<product_attribute_combination><id_attribute><![CDATA[3]]></id_attribute>
<id_product_attribute><![CDATA[1016]]></id_product_attribute>
</product_attribute_combination>
<product_attribute_combination><id_attribute><![CDATA[1]]></id_attribute>
<id_product_attribute><![CDATA[1021]]></id_product_attribute>
</product_attribute_combination>
<product_attribute_combination><id_attribute><![CDATA[2]]></id_attribute>
<id_product_attribute><![CDATA[1022]]></id_product_attribute>
</product_attribute_combination>
<product_attribute_combination><id_attribute><![CDATA[1]]></id_attribute>
<id_product_attribute><![CDATA[1023]]></id_product_attribute>
</product_attribute_combination>
<product_attribute_combination><id_attribute><![CDATA[2]]></id_attribute>
<id_product_attribute><![CDATA[1024]]></id_product_attribute>
</product_attribute_combination>
<product_attribute_combination><id_attribute><![CDATA[1]]></id_attribute>
<id_product_attribute><![CDATA[1025]]></id_product_attribute>
</product_attribute_combination>
<product_attribute_combination><id_attribute><![CDATA[2]]></id_attribute>
<id_product_attribute><![CDATA[1026]]></id_product_attribute>
</product_attribute_combination>
<product_attribute_combination><id_attribute><![CDATA[3]]></id_attribute>
<id_product_attribute><![CDATA[1027]]></id_product_attribute>
</product_attribute_combination>
<product_attribute_combination><id_attribute><![CDATA[1]]></id_attribute>
<id_product_attribute><![CDATA[1028]]></id_product_attribute>
</product_attribute_combination>
<product_attribute_combination><id_attribute><![CDATA[2]]></id_attribute>
<id_product_attribute><![CDATA[1029]]></id_product_attribute>
</product_attribute_combination>
<product_attribute_combination><id_attribute><![CDATA[3]]></id_attribute>
<id_product_attribute><![CDATA[1030]]></id_product_attribute>
</product_attribute_combination>
<product_attribute_combination><id_attribute><![CDATA[1]]></id_attribute>
<id_product_attribute><![CDATA[1031]]></id_product_attribute>
</product_attribute_combination>
<product_attribute_combination><id_attribute><![CDATA[2]]></id_attribute>
<id_product_attribute><![CDATA[1032]]></id_product_attribute>
</product_attribute_combination>
<product_attribute_combination><id_attribute><![CDATA[1]]></id_attribute>
<id_product_attribute><![CDATA[1033]]></id_product_attribute>
</product_attribute_combination>
<product_attribute_combination><id_attribute><![CDATA[2]]></id_attribute>
<id_product_attribute><![CDATA[1034]]></id_product_attribute>
</product_attribute_combination>
<product_attribute_combination><id_attribute><![CDATA[1]]></id_attribute>
<id_product_attribute><![CDATA[1035]]></id_product_attribute>
</product_attribute_combination>
<product_attribute_combination><id_attribute><![CDATA[2]]></id_attribute>
<id_product_attribute><![CDATA[1036]]></id_product_attribute>
</product_attribute_combination>
<product_attribute_combination><id_attribute><![CDATA[3]]></id_attribute>
<id_product_attribute><![CDATA[1037]]></id_product_attribute>
</product_attribute_combination>
<product_attribute_combination><id_attribute><![CDATA[1]]></id_attribute>
<id_product_attribute><![CDATA[1038]]></id_product_attribute>
</product_attribute_combination>
<product_attribute_combination><id_attribute><![CDATA[2]]></id_attribute>
<id_product_attribute><![CDATA[1039]]></id_product_attribute>
</product_attribute_combination>
<product_attribute_combination><id_attribute><![CDATA[3]]></id_attribute>
<id_product_attribute><![CDATA[1040]]></id_product_attribute>
</product_attribute_combination>
<product_attribute_combination><id_attribute><![CDATA[106]]></id_attribute>
<id_product_attribute><![CDATA[1063]]></id_product_attribute>
</product_attribute_combination>
<product_attribute_combination><id_attribute><![CDATA[107]]></id_attribute>
<id_product_attribute><![CDATA[1064]]></id_product_attribute>
</product_attribute_combination>
<product_attribute_combination><id_attribute><![CDATA[108]]></id_attribute>
<id_product_attribute><![CDATA[1077]]></id_product_attribute>
</product_attribute_combination>
<product_attribute_combination><id_attribute><![CDATA[109]]></id_attribute>
<id_product_attribute><![CDATA[1078]]></id_product_attribute>
</product_attribute_combination>
<product_attribute_combination><id_attribute><![CDATA[108]]></id_attribute>
<id_product_attribute><![CDATA[1079]]></id_product_attribute>
</product_attribute_combination>
<product_attribute_combination><id_attribute><![CDATA[109]]></id_attribute>
<id_product_attribute><![CDATA[1080]]></id_product_attribute>
</product_attribute_combination>
<product_attribute_combination><id_attribute><![CDATA[108]]></id_attribute>
<id_product_attribute><![CDATA[1081]]></id_product_attribute>
</product_attribute_combination>
<product_attribute_combination><id_attribute><![CDATA[109]]></id_attribute>
<id_product_attribute><![CDATA[1082]]></id_product_attribute>
</product_attribute_combination>
<product_attribute_combination><id_attribute><![CDATA[110]]></id_attribute>
<id_product_attribute><![CDATA[1087]]></id_product_attribute>
</product_attribute_combination>
<product_attribute_combination><id_attribute><![CDATA[111]]></id_attribute>
<id_product_attribute><![CDATA[1088]]></id_product_attribute>
</product_attribute_combination>
<product_attribute_combination><id_attribute><![CDATA[112]]></id_attribute>
<id_product_attribute><![CDATA[1089]]></id_product_attribute>
</product_attribute_combination>
<product_attribute_combination><id_attribute><![CDATA[3]]></id_attribute>
<id_product_attribute><![CDATA[1091]]></id_product_attribute>
</product_attribute_combination>
<product_attribute_combination><id_attribute><![CDATA[120]]></id_attribute>
<id_product_attribute><![CDATA[1316]]></id_product_attribute>
</product_attribute_combination>
<product_attribute_combination><id_attribute><![CDATA[121]]></id_attribute>
<id_product_attribute><![CDATA[1317]]></id_product_attribute>
</product_attribute_combination>
<product_attribute_combination><id_attribute><![CDATA[122]]></id_attribute>
<id_product_attribute><![CDATA[1318]]></id_product_attribute>
</product_attribute_combination>
<product_attribute_combination><id_attribute><![CDATA[126]]></id_attribute>
<id_product_attribute><![CDATA[1319]]></id_product_attribute>
</product_attribute_combination>
<product_attribute_combination><id_attribute><![CDATA[33]]></id_attribute>
<id_product_attribute><![CDATA[1320]]></id_product_attribute>
</product_attribute_combination>
<product_attribute_combination><id_attribute><![CDATA[1]]></id_attribute>
<id_product_attribute><![CDATA[1321]]></id_product_attribute>
</product_attribute_combination>
<product_attribute_combination><id_attribute><![CDATA[2]]></id_attribute>
<id_product_attribute><![CDATA[1322]]></id_product_attribute>
</product_attribute_combination>
<product_attribute_combination><id_attribute><![CDATA[3]]></id_attribute>
<id_product_attribute><![CDATA[1323]]></id_product_attribute>
</product_attribute_combination>
<product_attribute_combination><id_attribute><![CDATA[32]]></id_attribute>
<id_product_attribute><![CDATA[1324]]></id_product_attribute>
</product_attribute_combination>
<product_attribute_combination><id_attribute><![CDATA[33]]></id_attribute>
<id_product_attribute><![CDATA[1325]]></id_product_attribute>
</product_attribute_combination>
<product_attribute_combination><id_attribute><![CDATA[1]]></id_attribute>
<id_product_attribute><![CDATA[1326]]></id_product_attribute>
</product_attribute_combination>
<product_attribute_combination><id_attribute><![CDATA[2]]></id_attribute>
<id_product_attribute><![CDATA[1327]]></id_product_attribute>
</product_attribute_combination>
<product_attribute_combination><id_attribute><![CDATA[3]]></id_attribute>
<id_product_attribute><![CDATA[1328]]></id_product_attribute>
</product_attribute_combination>
<product_attribute_combination><id_attribute><![CDATA[32]]></id_attribute>
<id_product_attribute><![CDATA[1329]]></id_product_attribute>
</product_attribute_combination>
<product_attribute_combination><id_attribute><![CDATA[33]]></id_attribute>
<id_product_attribute><![CDATA[1335]]></id_product_attribute>
</product_attribute_combination>
<product_attribute_combination><id_attribute><![CDATA[1]]></id_attribute>
<id_product_attribute><![CDATA[1336]]></id_product_attribute>
</product_attribute_combination>
<product_attribute_combination><id_attribute><![CDATA[2]]></id_attribute>
<id_product_attribute><![CDATA[1337]]></id_product_attribute>
</product_attribute_combination>
<product_attribute_combination><id_attribute><![CDATA[3]]></id_attribute>
<id_product_attribute><![CDATA[1338]]></id_product_attribute>
</product_attribute_combination>
<product_attribute_combination><id_attribute><![CDATA[32]]></id_attribute>
<id_product_attribute><![CDATA[1339]]></id_product_attribute>
</product_attribute_combination>
<product_attribute_combination><id_attribute><![CDATA[33]]></id_attribute>
<id_product_attribute><![CDATA[1340]]></id_product_attribute>
</product_attribute_combination>
<product_attribute_combination><id_attribute><![CDATA[1]]></id_attribute>
<id_product_attribute><![CDATA[1341]]></id_product_attribute>
</product_attribute_combination>
<product_attribute_combination><id_attribute><![CDATA[2]]></id_attribute>
<id_product_attribute><![CDATA[1342]]></id_product_attribute>
</product_attribute_combination>
<product_attribute_combination><id_attribute><![CDATA[3]]></id_attribute>
<id_product_attribute><![CDATA[1343]]></id_product_attribute>
</product_attribute_combination>
<product_attribute_combination><id_attribute><![CDATA[32]]></id_attribute>
<id_product_attribute><![CDATA[1344]]></id_product_attribute>
</product_attribute_combination>
<product_attribute_combination><id_attribute><![CDATA[33]]></id_attribute>
<id_product_attribute><![CDATA[1345]]></id_product_attribute>
</product_attribute_combination>
<product_attribute_combination><id_attribute><![CDATA[1]]></id_attribute>
<id_product_attribute><![CDATA[1346]]></id_product_attribute>
</product_attribute_combination>
<product_attribute_combination><id_attribute><![CDATA[2]]></id_attribute>
<id_product_attribute><![CDATA[1347]]></id_product_attribute>
</product_attribute_combination>
<product_attribute_combination><id_attribute><![CDATA[3]]></id_attribute>
<id_product_attribute><![CDATA[1348]]></id_product_attribute>
</product_attribute_combination>
<product_attribute_combination><id_attribute><![CDATA[32]]></id_attribute>
<id_product_attribute><![CDATA[1349]]></id_product_attribute>
</product_attribute_combination>
<product_attribute_combination><id_attribute><![CDATA[33]]></id_attribute>
<id_product_attribute><![CDATA[1350]]></id_product_attribute>
</product_attribute_combination>
<product_attribute_combination><id_attribute><![CDATA[1]]></id_attribute>
<id_product_attribute><![CDATA[1351]]></id_product_attribute>
</product_attribute_combination>
<product_attribute_combination><id_attribute><![CDATA[2]]></id_attribute>
<id_product_attribute><![CDATA[1352]]></id_product_attribute>
</product_attribute_combination>
<product_attribute_combination><id_attribute><![CDATA[3]]></id_attribute>
<id_product_attribute><![CDATA[1353]]></id_product_attribute>
</product_attribute_combination>
<product_attribute_combination><id_attribute><![CDATA[32]]></id_attribute>
<id_product_attribute><![CDATA[1354]]></id_product_attribute>
</product_attribute_combination>
<product_attribute_combination><id_attribute><![CDATA[33]]></id_attribute>
<id_product_attribute><![CDATA[1355]]></id_product_attribute>
</product_attribute_combination>
<product_attribute_combination><id_attribute><![CDATA[1]]></id_attribute>
<id_product_attribute><![CDATA[1356]]></id_product_attribute>
</product_attribute_combination>
<product_attribute_combination><id_attribute><![CDATA[2]]></id_attribute>
<id_product_attribute><![CDATA[1357]]></id_product_attribute>
</product_attribute_combination>
<product_attribute_combination><id_attribute><![CDATA[33]]></id_attribute>
<id_product_attribute><![CDATA[1360]]></id_product_attribute>
</product_attribute_combination>
<product_attribute_combination><id_attribute><![CDATA[1]]></id_attribute>
<id_product_attribute><![CDATA[1361]]></id_product_attribute>
</product_attribute_combination>
<product_attribute_combination><id_attribute><![CDATA[2]]></id_attribute>
<id_product_attribute><![CDATA[1362]]></id_product_attribute>
</product_attribute_combination>
<product_attribute_combination><id_attribute><![CDATA[3]]></id_attribute>
<id_product_attribute><![CDATA[1363]]></id_product_attribute>
</product_attribute_combination>
<product_attribute_combination><id_attribute><![CDATA[32]]></id_attribute>
<id_product_attribute><![CDATA[1364]]></id_product_attribute>
</product_attribute_combination>
<product_attribute_combination><id_attribute><![CDATA[33]]></id_attribute>
<id_product_attribute><![CDATA[1365]]></id_product_attribute>
</product_attribute_combination>
<product_attribute_combination><id_attribute><![CDATA[1]]></id_attribute>
<id_product_attribute><![CDATA[1366]]></id_product_attribute>
</product_attribute_combination>
<product_attribute_combination><id_attribute><![CDATA[2]]></id_attribute>
<id_product_attribute><![CDATA[1367]]></id_product_attribute>
</product_attribute_combination>
<product_attribute_combination><id_attribute><![CDATA[3]]></id_attribute>
<id_product_attribute><![CDATA[1368]]></id_product_attribute>
</product_attribute_combination>
<product_attribute_combination><id_attribute><![CDATA[32]]></id_attribute>
<id_product_attribute><![CDATA[1369]]></id_product_attribute>
</product_attribute_combination>
<product_attribute_combination><id_attribute><![CDATA[33]]></id_attribute>
<id_product_attribute><![CDATA[1375]]></id_product_attribute>
</product_attribute_combination>
<product_attribute_combination><id_attribute><![CDATA[1]]></id_attribute>
<id_product_attribute><![CDATA[1376]]></id_product_attribute>
</product_attribute_combination>
<product_attribute_combination><id_attribute><![CDATA[2]]></id_attribute>
<id_product_attribute><![CDATA[1377]]></id_product_attribute>
</product_attribute_combination>
<product_attribute_combination><id_attribute><![CDATA[3]]></id_attribute>
<id_product_attribute><![CDATA[1378]]></id_product_attribute>
</product_attribute_combination>
<product_attribute_combination><id_attribute><![CDATA[32]]></id_attribute>
<id_product_attribute><![CDATA[1379]]></id_product_attribute>
</product_attribute_combination>
<product_attribute_combination><id_attribute><![CDATA[33]]></id_attribute>
<id_product_attribute><![CDATA[1380]]></id_product_attribute>
</product_attribute_combination>
<product_attribute_combination><id_attribute><![CDATA[1]]></id_attribute>
<id_product_attribute><![CDATA[1381]]></id_product_attribute>
</product_attribute_combination>
<product_attribute_combination><id_attribute><![CDATA[2]]></id_attribute>
<id_product_attribute><![CDATA[1382]]></id_product_attribute>
</product_attribute_combination>
<product_attribute_combination><id_attribute><![CDATA[3]]></id_attribute>
<id_product_attribute><![CDATA[1383]]></id_product_attribute>
</product_attribute_combination>
<product_attribute_combination><id_attribute><![CDATA[32]]></id_attribute>
<id_product_attribute><![CDATA[1384]]></id_product_attribute>
</product_attribute_combination>
<product_attribute_combination><id_attribute><![CDATA[33]]></id_attribute>
<id_product_attribute><![CDATA[1385]]></id_product_attribute>
</product_attribute_combination>
<product_attribute_combination><id_attribute><![CDATA[1]]></id_attribute>
<id_product_attribute><![CDATA[1386]]></id_product_attribute>
</product_attribute_combination>
<product_attribute_combination><id_attribute><![CDATA[2]]></id_attribute>
<id_product_attribute><![CDATA[1387]]></id_product_attribute>
</product_attribute_combination>
<product_attribute_combination><id_attribute><![CDATA[3]]></id_attribute>
<id_product_attribute><![CDATA[1388]]></id_product_attribute>
</product_attribute_combination>
<product_attribute_combination><id_attribute><![CDATA[32]]></id_attribute>
<id_product_attribute><![CDATA[1389]]></id_product_attribute>
</product_attribute_combination>
<product_attribute_combination><id_attribute><![CDATA[33]]></id_attribute>
<id_product_attribute><![CDATA[1390]]></id_product_attribute>
</product_attribute_combination>
<product_attribute_combination><id_attribute><![CDATA[1]]></id_attribute>
<id_product_attribute><![CDATA[1391]]></id_product_attribute>
</product_attribute_combination>
<product_attribute_combination><id_attribute><![CDATA[2]]></id_attribute>
<id_product_attribute><![CDATA[1392]]></id_product_attribute>
</product_attribute_combination>
<product_attribute_combination><id_attribute><![CDATA[3]]></id_attribute>
<id_product_attribute><![CDATA[1393]]></id_product_attribute>
</product_attribute_combination>
<product_attribute_combination><id_attribute><![CDATA[32]]></id_attribute>
<id_product_attribute><![CDATA[1394]]></id_product_attribute>
</product_attribute_combination>
<product_attribute_combination><id_attribute><![CDATA[33]]></id_attribute>
<id_product_attribute><![CDATA[1395]]></id_product_attribute>
</product_attribute_combination>
<product_attribute_combination><id_attribute><![CDATA[1]]></id_attribute>
<id_product_attribute><![CDATA[1396]]></id_product_attribute>
</product_attribute_combination>
<product_attribute_combination><id_attribute><![CDATA[2]]></id_attribute>
<id_product_attribute><![CDATA[1397]]></id_product_attribute>
</product_attribute_combination>
<product_attribute_combination><id_attribute><![CDATA[3]]></id_attribute>
<id_product_attribute><![CDATA[1398]]></id_product_attribute>
</product_attribute_combination>
<product_attribute_combination><id_attribute><![CDATA[32]]></id_attribute>
<id_product_attribute><![CDATA[1399]]></id_product_attribute>
</product_attribute_combination>
<product_attribute_combination><id_attribute><![CDATA[33]]></id_attribute>
<id_product_attribute><![CDATA[1405]]></id_product_attribute>
</product_attribute_combination>
<product_attribute_combination><id_attribute><![CDATA[1]]></id_attribute>
<id_product_attribute><![CDATA[1406]]></id_product_attribute>
</product_attribute_combination>
<product_attribute_combination><id_attribute><![CDATA[2]]></id_attribute>
<id_product_attribute><![CDATA[1407]]></id_product_attribute>
</product_attribute_combination>
<product_attribute_combination><id_attribute><![CDATA[3]]></id_attribute>
<id_product_attribute><![CDATA[1408]]></id_product_attribute>
</product_attribute_combination>
<product_attribute_combination><id_attribute><![CDATA[32]]></id_attribute>
<id_product_attribute><![CDATA[1409]]></id_product_attribute>
</product_attribute_combination>
<product_attribute_combination><id_attribute><![CDATA[33]]></id_attribute>
<id_product_attribute><![CDATA[1410]]></id_product_attribute>
</product_attribute_combination>
<product_attribute_combination><id_attribute><![CDATA[1]]></id_attribute>
<id_product_attribute><![CDATA[1411]]></id_product_attribute>
</product_attribute_combination>
<product_attribute_combination><id_attribute><![CDATA[2]]></id_attribute>
<id_product_attribute><![CDATA[1412]]></id_product_attribute>
</product_attribute_combination>
<product_attribute_combination><id_attribute><![CDATA[3]]></id_attribute>
<id_product_attribute><![CDATA[1413]]></id_product_attribute>
</product_attribute_combination>
<product_attribute_combination><id_attribute><![CDATA[32]]></id_attribute>
<id_product_attribute><![CDATA[1414]]></id_product_attribute>
</product_attribute_combination>
<product_attribute_combination><id_attribute><![CDATA[33]]></id_attribute>
<id_product_attribute><![CDATA[1415]]></id_product_attribute>
</product_attribute_combination>
<product_attribute_combination><id_attribute><![CDATA[1]]></id_attribute>
<id_product_attribute><![CDATA[1416]]></id_product_attribute>
</product_attribute_combination>
<product_attribute_combination><id_attribute><![CDATA[2]]></id_attribute>
<id_product_attribute><![CDATA[1417]]></id_product_attribute>
</product_attribute_combination>
<product_attribute_combination><id_attribute><![CDATA[3]]></id_attribute>
<id_product_attribute><![CDATA[1418]]></id_product_attribute>
</product_attribute_combination>
<product_attribute_combination><id_attribute><![CDATA[32]]></id_attribute>
<id_product_attribute><![CDATA[1419]]></id_product_attribute>
</product_attribute_combination>
<product_attribute_combination><id_attribute><![CDATA[33]]></id_attribute>
<id_product_attribute><![CDATA[1420]]></id_product_attribute>
</product_attribute_combination>
<product_attribute_combination><id_attribute><![CDATA[1]]></id_attribute>
<id_product_attribute><![CDATA[1421]]></id_product_attribute>
</product_attribute_combination>
<product_attribute_combination><id_attribute><![CDATA[2]]></id_attribute>
<id_product_attribute><![CDATA[1422]]></id_product_attribute>
</product_attribute_combination>
<product_attribute_combination><id_attribute><![CDATA[3]]></id_attribute>
<id_product_attribute><![CDATA[1423]]></id_product_attribute>
</product_attribute_combination>
<product_attribute_combination><id_attribute><![CDATA[32]]></id_attribute>
<id_product_attribute><![CDATA[1424]]></id_product_attribute>
</product_attribute_combination>
<product_attribute_combination><id_attribute><![CDATA[33]]></id_attribute>
<id_product_attribute><![CDATA[1425]]></id_product_attribute>
</product_attribute_combination>
<product_attribute_combination><id_attribute><![CDATA[1]]></id_attribute>
<id_product_attribute><![CDATA[1426]]></id_product_attribute>
</product_attribute_combination>
<product_attribute_combination><id_attribute><![CDATA[2]]></id_attribute>
<id_product_attribute><![CDATA[1427]]></id_product_attribute>
</product_attribute_combination>
<product_attribute_combination><id_attribute><![CDATA[3]]></id_attribute>
<id_product_attribute><![CDATA[1428]]></id_product_attribute>
</product_attribute_combination>
<product_attribute_combination><id_attribute><![CDATA[32]]></id_attribute>
<id_product_attribute><![CDATA[1429]]></id_product_attribute>
</product_attribute_combination>
<product_attribute_combination><id_attribute><![CDATA[33]]></id_attribute>
<id_product_attribute><![CDATA[1430]]></id_product_attribute>
</product_attribute_combination>
<product_attribute_combination><id_attribute><![CDATA[1]]></id_attribute>
<id_product_attribute><![CDATA[1431]]></id_product_attribute>
</product_attribute_combination>
<product_attribute_combination><id_attribute><![CDATA[2]]></id_attribute>
<id_product_attribute><![CDATA[1432]]></id_product_attribute>
</product_attribute_combination>
<product_attribute_combination><id_attribute><![CDATA[3]]></id_attribute>
<id_product_attribute><![CDATA[1433]]></id_product_attribute>
</product_attribute_combination>
<product_attribute_combination><id_attribute><![CDATA[32]]></id_attribute>
<id_product_attribute><![CDATA[1434]]></id_product_attribute>
</product_attribute_combination>
<product_attribute_combination><id_attribute><![CDATA[33]]></id_attribute>
<id_product_attribute><![CDATA[1435]]></id_product_attribute>
</product_attribute_combination>
<product_attribute_combination><id_attribute><![CDATA[1]]></id_attribute>
<id_product_attribute><![CDATA[1436]]></id_product_attribute>
</product_attribute_combination>
<product_attribute_combination><id_attribute><![CDATA[2]]></id_attribute>
<id_product_attribute><![CDATA[1437]]></id_product_attribute>
</product_attribute_combination>
<product_attribute_combination><id_attribute><![CDATA[3]]></id_attribute>
<id_product_attribute><![CDATA[1438]]></id_product_attribute>
</product_attribute_combination>
<product_attribute_combination><id_attribute><![CDATA[32]]></id_attribute>
<id_product_attribute><![CDATA[1439]]></id_product_attribute>
</product_attribute_combination>
<product_attribute_combination><id_attribute><![CDATA[33]]></id_attribute>
<id_product_attribute><![CDATA[1440]]></id_product_attribute>
</product_attribute_combination>
<product_attribute_combination><id_attribute><![CDATA[1]]></id_attribute>
<id_product_attribute><![CDATA[1441]]></id_product_attribute>
</product_attribute_combination>
<product_attribute_combination><id_attribute><![CDATA[2]]></id_attribute>
<id_product_attribute><![CDATA[1442]]></id_product_attribute>
</product_attribute_combination>
<product_attribute_combination><id_attribute><![CDATA[3]]></id_attribute>
<id_product_attribute><![CDATA[1443]]></id_product_attribute>
</product_attribute_combination>
<product_attribute_combination><id_attribute><![CDATA[32]]></id_attribute>
<id_product_attribute><![CDATA[1444]]></id_product_attribute>
</product_attribute_combination>
<product_attribute_combination><id_attribute><![CDATA[33]]></id_attribute>
<id_product_attribute><![CDATA[1460]]></id_product_attribute>
</product_attribute_combination>
<product_attribute_combination><id_attribute><![CDATA[1]]></id_attribute>
<id_product_attribute><![CDATA[1461]]></id_product_attribute>
</product_attribute_combination>
<product_attribute_combination><id_attribute><![CDATA[2]]></id_attribute>
<id_product_attribute><![CDATA[1462]]></id_product_attribute>
</product_attribute_combination>
<product_attribute_combination><id_attribute><![CDATA[3]]></id_attribute>
<id_product_attribute><![CDATA[1463]]></id_product_attribute>
</product_attribute_combination>
<product_attribute_combination><id_attribute><![CDATA[32]]></id_attribute>
<id_product_attribute><![CDATA[1464]]></id_product_attribute>
</product_attribute_combination>
<product_attribute_combination><id_attribute><![CDATA[33]]></id_attribute>
<id_product_attribute><![CDATA[1465]]></id_product_attribute>
</product_attribute_combination>
<product_attribute_combination><id_attribute><![CDATA[33]]></id_attribute>
<id_product_attribute><![CDATA[1480]]></id_product_attribute>
</product_attribute_combination>
<product_attribute_combination><id_attribute><![CDATA[1]]></id_attribute>
<id_product_attribute><![CDATA[1481]]></id_product_attribute>
</product_attribute_combination>
<product_attribute_combination><id_attribute><![CDATA[2]]></id_attribute>
<id_product_attribute><![CDATA[1482]]></id_product_attribute>
</product_attribute_combination>
<product_attribute_combination><id_attribute><![CDATA[3]]></id_attribute>
<id_product_attribute><![CDATA[1483]]></id_product_attribute>
</product_attribute_combination>
<product_attribute_combination><id_attribute><![CDATA[32]]></id_attribute>
<id_product_attribute><![CDATA[1484]]></id_product_attribute>
</product_attribute_combination>
<product_attribute_combination><id_attribute><![CDATA[33]]></id_attribute>
<id_product_attribute><![CDATA[1485]]></id_product_attribute>
</product_attribute_combination>
<product_attribute_combination><id_attribute><![CDATA[1]]></id_attribute>
<id_product_attribute><![CDATA[1486]]></id_product_attribute>
</product_attribute_combination>
<product_attribute_combination><id_attribute><![CDATA[2]]></id_attribute>
<id_product_attribute><![CDATA[1487]]></id_product_attribute>
</product_attribute_combination>
<product_attribute_combination><id_attribute><![CDATA[3]]></id_attribute>
<id_product_attribute><![CDATA[1488]]></id_product_attribute>
</product_attribute_combination>
<product_attribute_combination><id_attribute><![CDATA[32]]></id_attribute>
<id_product_attribute><![CDATA[1489]]></id_product_attribute>
</product_attribute_combination>
<product_attribute_combination><id_attribute><![CDATA[33]]></id_attribute>
<id_product_attribute><![CDATA[1490]]></id_product_attribute>
</product_attribute_combination>
<product_attribute_combination><id_attribute><![CDATA[1]]></id_attribute>
<id_product_attribute><![CDATA[1491]]></id_product_attribute>
</product_attribute_combination>
<product_attribute_combination><id_attribute><![CDATA[2]]></id_attribute>
<id_product_attribute><![CDATA[1492]]></id_product_attribute>
</product_attribute_combination>
<product_attribute_combination><id_attribute><![CDATA[3]]></id_attribute>
<id_product_attribute><![CDATA[1493]]></id_product_attribute>
</product_attribute_combination>
<product_attribute_combination><id_attribute><![CDATA[32]]></id_attribute>
<id_product_attribute><![CDATA[1494]]></id_product_attribute>
</product_attribute_combination>
<product_attribute_combination><id_attribute><![CDATA[123]]></id_attribute>
<id_product_attribute><![CDATA[1505]]></id_product_attribute>
</product_attribute_combination>
<product_attribute_combination><id_attribute><![CDATA[124]]></id_attribute>
<id_product_attribute><![CDATA[1506]]></id_product_attribute>
</product_attribute_combination>
<product_attribute_combination><id_attribute><![CDATA[125]]></id_attribute>
<id_product_attribute><![CDATA[1507]]></id_product_attribute>
</product_attribute_combination>
<product_attribute_combination><id_attribute><![CDATA[126]]></id_attribute>
<id_product_attribute><![CDATA[1508]]></id_product_attribute>
</product_attribute_combination>
<product_attribute_combination><id_attribute><![CDATA[123]]></id_attribute>
<id_product_attribute><![CDATA[1509]]></id_product_attribute>
</product_attribute_combination>
<product_attribute_combination><id_attribute><![CDATA[124]]></id_attribute>
<id_product_attribute><![CDATA[1510]]></id_product_attribute>
</product_attribute_combination>
<product_attribute_combination><id_attribute><![CDATA[125]]></id_attribute>
<id_product_attribute><![CDATA[1511]]></id_product_attribute>
</product_attribute_combination>
<product_attribute_combination><id_attribute><![CDATA[126]]></id_attribute>
<id_product_attribute><![CDATA[1512]]></id_product_attribute>
</product_attribute_combination>
<product_attribute_combination><id_attribute><![CDATA[126]]></id_attribute>
<id_product_attribute><![CDATA[1513]]></id_product_attribute>
</product_attribute_combination>
<product_attribute_combination><id_attribute><![CDATA[120]]></id_attribute>
<id_product_attribute><![CDATA[1514]]></id_product_attribute>
</product_attribute_combination>
<product_attribute_combination><id_attribute><![CDATA[121]]></id_attribute>
<id_product_attribute><![CDATA[1515]]></id_product_attribute>
</product_attribute_combination>
</entity_profile>
