<?xml version="1.0" encoding="UTF-8"?>
<entity_profile>
<product_attribute_image><id_product_attribute><![CDATA[1080]]></id_product_attribute>
<id_image><![CDATA[177]]></id_image>
</product_attribute_image>
<product_attribute_image><id_product_attribute><![CDATA[1063]]></id_product_attribute>
<id_image><![CDATA[222]]></id_image>
</product_attribute_image>
<product_attribute_image><id_product_attribute><![CDATA[6557]]></id_product_attribute>
<id_image><![CDATA[637]]></id_image>
</product_attribute_image>
<product_attribute_image><id_product_attribute><![CDATA[4027]]></id_product_attribute>
<id_image><![CDATA[737]]></id_image>
</product_attribute_image>
<product_attribute_image><id_product_attribute><![CDATA[4029]]></id_product_attribute>
<id_image><![CDATA[738]]></id_image>
</product_attribute_image>
<product_attribute_image><id_product_attribute><![CDATA[4030]]></id_product_attribute>
<id_image><![CDATA[739]]></id_image>
</product_attribute_image>
<product_attribute_image><id_product_attribute><![CDATA[106]]></id_product_attribute>
<id_image><![CDATA[839]]></id_image>
</product_attribute_image>
<product_attribute_image><id_product_attribute><![CDATA[112]]></id_product_attribute>
<id_image><![CDATA[839]]></id_image>
</product_attribute_image>
<product_attribute_image><id_product_attribute><![CDATA[116]]></id_product_attribute>
<id_image><![CDATA[840]]></id_image>
</product_attribute_image>
<product_attribute_image><id_product_attribute><![CDATA[109]]></id_product_attribute>
<id_image><![CDATA[842]]></id_image>
</product_attribute_image>
<product_attribute_image><id_product_attribute><![CDATA[107]]></id_product_attribute>
<id_image><![CDATA[843]]></id_image>
</product_attribute_image>
<product_attribute_image><id_product_attribute><![CDATA[113]]></id_product_attribute>
<id_image><![CDATA[843]]></id_image>
</product_attribute_image>
<product_attribute_image><id_product_attribute><![CDATA[114]]></id_product_attribute>
<id_image><![CDATA[844]]></id_image>
</product_attribute_image>
<product_attribute_image><id_product_attribute><![CDATA[117]]></id_product_attribute>
<id_image><![CDATA[845]]></id_image>
</product_attribute_image>
<product_attribute_image><id_product_attribute><![CDATA[110]]></id_product_attribute>
<id_image><![CDATA[846]]></id_image>
</product_attribute_image>
<product_attribute_image><id_product_attribute><![CDATA[115]]></id_product_attribute>
<id_image><![CDATA[846]]></id_image>
</product_attribute_image>
<product_attribute_image><id_product_attribute><![CDATA[111]]></id_product_attribute>
<id_image><![CDATA[847]]></id_image>
</product_attribute_image>
<product_attribute_image><id_product_attribute><![CDATA[4097]]></id_product_attribute>
<id_image><![CDATA[892]]></id_image>
</product_attribute_image>
<product_attribute_image><id_product_attribute><![CDATA[4098]]></id_product_attribute>
<id_image><![CDATA[893]]></id_image>
</product_attribute_image>
<product_attribute_image><id_product_attribute><![CDATA[4102]]></id_product_attribute>
<id_image><![CDATA[895]]></id_image>
</product_attribute_image>
<product_attribute_image><id_product_attribute><![CDATA[4100]]></id_product_attribute>
<id_image><![CDATA[896]]></id_image>
</product_attribute_image>
<product_attribute_image><id_product_attribute><![CDATA[4099]]></id_product_attribute>
<id_image><![CDATA[897]]></id_image>
</product_attribute_image>
<product_attribute_image><id_product_attribute><![CDATA[79]]></id_product_attribute>
<id_image><![CDATA[970]]></id_image>
</product_attribute_image>
<product_attribute_image><id_product_attribute><![CDATA[4078]]></id_product_attribute>
<id_image><![CDATA[1021]]></id_image>
</product_attribute_image>
<product_attribute_image><id_product_attribute><![CDATA[4084]]></id_product_attribute>
<id_image><![CDATA[1022]]></id_image>
</product_attribute_image>
<product_attribute_image><id_product_attribute><![CDATA[4090]]></id_product_attribute>
<id_image><![CDATA[1023]]></id_image>
</product_attribute_image>
<product_attribute_image><id_product_attribute><![CDATA[4079]]></id_product_attribute>
<id_image><![CDATA[1025]]></id_image>
</product_attribute_image>
<product_attribute_image><id_product_attribute><![CDATA[4082]]></id_product_attribute>
<id_image><![CDATA[1026]]></id_image>
</product_attribute_image>
<product_attribute_image><id_product_attribute><![CDATA[1653]]></id_product_attribute>
<id_image><![CDATA[1633]]></id_image>
</product_attribute_image>
<product_attribute_image><id_product_attribute><![CDATA[1641]]></id_product_attribute>
<id_image><![CDATA[1634]]></id_image>
</product_attribute_image>
<product_attribute_image><id_product_attribute><![CDATA[1597]]></id_product_attribute>
<id_image><![CDATA[1635]]></id_image>
</product_attribute_image>
<product_attribute_image><id_product_attribute><![CDATA[1593]]></id_product_attribute>
<id_image><![CDATA[1637]]></id_image>
</product_attribute_image>
<product_attribute_image><id_product_attribute><![CDATA[1601]]></id_product_attribute>
<id_image><![CDATA[1638]]></id_image>
</product_attribute_image>
<product_attribute_image><id_product_attribute><![CDATA[1609]]></id_product_attribute>
<id_image><![CDATA[1639]]></id_image>
</product_attribute_image>
<product_attribute_image><id_product_attribute><![CDATA[1617]]></id_product_attribute>
<id_image><![CDATA[1640]]></id_image>
</product_attribute_image>
<product_attribute_image><id_product_attribute><![CDATA[1613]]></id_product_attribute>
<id_image><![CDATA[1641]]></id_image>
</product_attribute_image>
<product_attribute_image><id_product_attribute><![CDATA[1930]]></id_product_attribute>
<id_image><![CDATA[1642]]></id_image>
</product_attribute_image>
<product_attribute_image><id_product_attribute><![CDATA[1809]]></id_product_attribute>
<id_image><![CDATA[1643]]></id_image>
</product_attribute_image>
<product_attribute_image><id_product_attribute><![CDATA[1817]]></id_product_attribute>
<id_image><![CDATA[1644]]></id_image>
</product_attribute_image>
<product_attribute_image><id_product_attribute><![CDATA[1913]]></id_product_attribute>
<id_image><![CDATA[1645]]></id_image>
</product_attribute_image>
<product_attribute_image><id_product_attribute><![CDATA[1801]]></id_product_attribute>
<id_image><![CDATA[1646]]></id_image>
</product_attribute_image>
<product_attribute_image><id_product_attribute><![CDATA[1905]]></id_product_attribute>
<id_image><![CDATA[1647]]></id_image>
</product_attribute_image>
<product_attribute_image><id_product_attribute><![CDATA[1805]]></id_product_attribute>
<id_image><![CDATA[1648]]></id_image>
</product_attribute_image>
<product_attribute_image><id_product_attribute><![CDATA[1889]]></id_product_attribute>
<id_image><![CDATA[1649]]></id_image>
</product_attribute_image>
<product_attribute_image><id_product_attribute><![CDATA[1909]]></id_product_attribute>
<id_image><![CDATA[1650]]></id_image>
</product_attribute_image>
<product_attribute_image><id_product_attribute><![CDATA[1645]]></id_product_attribute>
<id_image><![CDATA[1651]]></id_image>
</product_attribute_image>
<product_attribute_image><id_product_attribute><![CDATA[1721]]></id_product_attribute>
<id_image><![CDATA[1652]]></id_image>
</product_attribute_image>
<product_attribute_image><id_product_attribute><![CDATA[1717]]></id_product_attribute>
<id_image><![CDATA[1653]]></id_image>
</product_attribute_image>
<product_attribute_image><id_product_attribute><![CDATA[1745]]></id_product_attribute>
<id_image><![CDATA[1654]]></id_image>
</product_attribute_image>
<product_attribute_image><id_product_attribute><![CDATA[1725]]></id_product_attribute>
<id_image><![CDATA[1655]]></id_image>
</product_attribute_image>
<product_attribute_image><id_product_attribute><![CDATA[1757]]></id_product_attribute>
<id_image><![CDATA[1656]]></id_image>
</product_attribute_image>
<product_attribute_image><id_product_attribute><![CDATA[1897]]></id_product_attribute>
<id_image><![CDATA[1658]]></id_image>
</product_attribute_image>
<product_attribute_image><id_product_attribute><![CDATA[1765]]></id_product_attribute>
<id_image><![CDATA[1659]]></id_image>
</product_attribute_image>
<product_attribute_image><id_product_attribute><![CDATA[1773]]></id_product_attribute>
<id_image><![CDATA[1660]]></id_image>
</product_attribute_image>
<product_attribute_image><id_product_attribute><![CDATA[1753]]></id_product_attribute>
<id_image><![CDATA[1661]]></id_image>
</product_attribute_image>
<product_attribute_image><id_product_attribute><![CDATA[1761]]></id_product_attribute>
<id_image><![CDATA[1662]]></id_image>
</product_attribute_image>
<product_attribute_image><id_product_attribute><![CDATA[1750]]></id_product_attribute>
<id_image><![CDATA[1663]]></id_image>
</product_attribute_image>
<product_attribute_image><id_product_attribute><![CDATA[1625]]></id_product_attribute>
<id_image><![CDATA[1664]]></id_image>
</product_attribute_image>
<product_attribute_image><id_product_attribute><![CDATA[1769]]></id_product_attribute>
<id_image><![CDATA[1665]]></id_image>
</product_attribute_image>
<product_attribute_image><id_product_attribute><![CDATA[1729]]></id_product_attribute>
<id_image><![CDATA[1666]]></id_image>
</product_attribute_image>
<product_attribute_image><id_product_attribute><![CDATA[1741]]></id_product_attribute>
<id_image><![CDATA[1667]]></id_image>
</product_attribute_image>
<product_attribute_image><id_product_attribute><![CDATA[1629]]></id_product_attribute>
<id_image><![CDATA[1668]]></id_image>
</product_attribute_image>
<product_attribute_image><id_product_attribute><![CDATA[1637]]></id_product_attribute>
<id_image><![CDATA[1669]]></id_image>
</product_attribute_image>
<product_attribute_image><id_product_attribute><![CDATA[1737]]></id_product_attribute>
<id_image><![CDATA[1670]]></id_image>
</product_attribute_image>
<product_attribute_image><id_product_attribute><![CDATA[1733]]></id_product_attribute>
<id_image><![CDATA[1671]]></id_image>
</product_attribute_image>
<product_attribute_image><id_product_attribute><![CDATA[1633]]></id_product_attribute>
<id_image><![CDATA[1672]]></id_image>
</product_attribute_image>
<product_attribute_image><id_product_attribute><![CDATA[1873]]></id_product_attribute>
<id_image><![CDATA[1673]]></id_image>
</product_attribute_image>
<product_attribute_image><id_product_attribute><![CDATA[1893]]></id_product_attribute>
<id_image><![CDATA[1674]]></id_image>
</product_attribute_image>
<product_attribute_image><id_product_attribute><![CDATA[1901]]></id_product_attribute>
<id_image><![CDATA[1675]]></id_image>
</product_attribute_image>
<product_attribute_image><id_product_attribute><![CDATA[1925]]></id_product_attribute>
<id_image><![CDATA[1676]]></id_image>
</product_attribute_image>
<product_attribute_image><id_product_attribute><![CDATA[1513]]></id_product_attribute>
<id_image><![CDATA[1677]]></id_image>
</product_attribute_image>
<product_attribute_image><id_product_attribute><![CDATA[1885]]></id_product_attribute>
<id_image><![CDATA[1678]]></id_image>
</product_attribute_image>
<product_attribute_image><id_product_attribute><![CDATA[1881]]></id_product_attribute>
<id_image><![CDATA[1679]]></id_image>
</product_attribute_image>
<product_attribute_image><id_product_attribute><![CDATA[1649]]></id_product_attribute>
<id_image><![CDATA[1680]]></id_image>
</product_attribute_image>
<product_attribute_image><id_product_attribute><![CDATA[1921]]></id_product_attribute>
<id_image><![CDATA[1681]]></id_image>
</product_attribute_image>
<product_attribute_image><id_product_attribute><![CDATA[1521]]></id_product_attribute>
<id_image><![CDATA[1682]]></id_image>
</product_attribute_image>
<product_attribute_image><id_product_attribute><![CDATA[1529]]></id_product_attribute>
<id_image><![CDATA[1683]]></id_image>
</product_attribute_image>
<product_attribute_image><id_product_attribute><![CDATA[1821]]></id_product_attribute>
<id_image><![CDATA[1684]]></id_image>
</product_attribute_image>
<product_attribute_image><id_product_attribute><![CDATA[1877]]></id_product_attribute>
<id_image><![CDATA[1685]]></id_image>
</product_attribute_image>
<product_attribute_image><id_product_attribute><![CDATA[1621]]></id_product_attribute>
<id_image><![CDATA[1686]]></id_image>
</product_attribute_image>
<product_attribute_image><id_product_attribute><![CDATA[1813]]></id_product_attribute>
<id_image><![CDATA[1755]]></id_image>
</product_attribute_image>
<product_attribute_image><id_product_attribute><![CDATA[1605]]></id_product_attribute>
<id_image><![CDATA[1758]]></id_image>
</product_attribute_image>
<product_attribute_image><id_product_attribute><![CDATA[1917]]></id_product_attribute>
<id_image><![CDATA[1770]]></id_image>
</product_attribute_image>
<product_attribute_image><id_product_attribute><![CDATA[1319]]></id_product_attribute>
<id_image><![CDATA[1778]]></id_image>
</product_attribute_image>
<product_attribute_image><id_product_attribute><![CDATA[1508]]></id_product_attribute>
<id_image><![CDATA[2029]]></id_image>
</product_attribute_image>
<product_attribute_image><id_product_attribute><![CDATA[1506]]></id_product_attribute>
<id_image><![CDATA[2030]]></id_image>
</product_attribute_image>
<product_attribute_image><id_product_attribute><![CDATA[1505]]></id_product_attribute>
<id_image><![CDATA[2031]]></id_image>
</product_attribute_image>
<product_attribute_image><id_product_attribute><![CDATA[1507]]></id_product_attribute>
<id_image><![CDATA[2032]]></id_image>
</product_attribute_image>
<product_attribute_image><id_product_attribute><![CDATA[1507]]></id_product_attribute>
<id_image><![CDATA[2033]]></id_image>
</product_attribute_image>
<product_attribute_image><id_product_attribute><![CDATA[1506]]></id_product_attribute>
<id_image><![CDATA[2034]]></id_image>
</product_attribute_image>
<product_attribute_image><id_product_attribute><![CDATA[1505]]></id_product_attribute>
<id_image><![CDATA[2035]]></id_image>
</product_attribute_image>
<product_attribute_image><id_product_attribute><![CDATA[1317]]></id_product_attribute>
<id_image><![CDATA[2036]]></id_image>
</product_attribute_image>
<product_attribute_image><id_product_attribute><![CDATA[1316]]></id_product_attribute>
<id_image><![CDATA[2037]]></id_image>
</product_attribute_image>
<product_attribute_image><id_product_attribute><![CDATA[1318]]></id_product_attribute>
<id_image><![CDATA[2038]]></id_image>
</product_attribute_image>
<product_attribute_image><id_product_attribute><![CDATA[1316]]></id_product_attribute>
<id_image><![CDATA[2039]]></id_image>
</product_attribute_image>
<product_attribute_image><id_product_attribute><![CDATA[1318]]></id_product_attribute>
<id_image><![CDATA[2040]]></id_image>
</product_attribute_image>
<product_attribute_image><id_product_attribute><![CDATA[1317]]></id_product_attribute>
<id_image><![CDATA[2041]]></id_image>
</product_attribute_image>
<product_attribute_image><id_product_attribute><![CDATA[1510]]></id_product_attribute>
<id_image><![CDATA[2046]]></id_image>
</product_attribute_image>
<product_attribute_image><id_product_attribute><![CDATA[1509]]></id_product_attribute>
<id_image><![CDATA[2047]]></id_image>
</product_attribute_image>
<product_attribute_image><id_product_attribute><![CDATA[1511]]></id_product_attribute>
<id_image><![CDATA[2048]]></id_image>
</product_attribute_image>
<product_attribute_image><id_product_attribute><![CDATA[1514]]></id_product_attribute>
<id_image><![CDATA[2049]]></id_image>
</product_attribute_image>
<product_attribute_image><id_product_attribute><![CDATA[1515]]></id_product_attribute>
<id_image><![CDATA[2050]]></id_image>
</product_attribute_image>
<product_attribute_image><id_product_attribute><![CDATA[1516]]></id_product_attribute>
<id_image><![CDATA[2051]]></id_image>
</product_attribute_image>
<product_attribute_image><id_product_attribute><![CDATA[1515]]></id_product_attribute>
<id_image><![CDATA[2052]]></id_image>
</product_attribute_image>
<product_attribute_image><id_product_attribute><![CDATA[1516]]></id_product_attribute>
<id_image><![CDATA[2053]]></id_image>
</product_attribute_image>
<product_attribute_image><id_product_attribute><![CDATA[1514]]></id_product_attribute>
<id_image><![CDATA[2054]]></id_image>
</product_attribute_image>
<product_attribute_image><id_product_attribute><![CDATA[1517]]></id_product_attribute>
<id_image><![CDATA[2055]]></id_image>
</product_attribute_image>
<product_attribute_image><id_product_attribute><![CDATA[1520]]></id_product_attribute>
<id_image><![CDATA[2056]]></id_image>
</product_attribute_image>
<product_attribute_image><id_product_attribute><![CDATA[1518]]></id_product_attribute>
<id_image><![CDATA[2057]]></id_image>
</product_attribute_image>
<product_attribute_image><id_product_attribute><![CDATA[1519]]></id_product_attribute>
<id_image><![CDATA[2058]]></id_image>
</product_attribute_image>
<product_attribute_image><id_product_attribute><![CDATA[1518]]></id_product_attribute>
<id_image><![CDATA[2059]]></id_image>
</product_attribute_image>
<product_attribute_image><id_product_attribute><![CDATA[1519]]></id_product_attribute>
<id_image><![CDATA[2059]]></id_image>
</product_attribute_image>
<product_attribute_image><id_product_attribute><![CDATA[1520]]></id_product_attribute>
<id_image><![CDATA[2061]]></id_image>
</product_attribute_image>
<product_attribute_image><id_product_attribute><![CDATA[1522]]></id_product_attribute>
<id_image><![CDATA[2062]]></id_image>
</product_attribute_image>
<product_attribute_image><id_product_attribute><![CDATA[1523]]></id_product_attribute>
<id_image><![CDATA[2063]]></id_image>
</product_attribute_image>
<product_attribute_image><id_product_attribute><![CDATA[1524]]></id_product_attribute>
<id_image><![CDATA[2064]]></id_image>
</product_attribute_image>
<product_attribute_image><id_product_attribute><![CDATA[1524]]></id_product_attribute>
<id_image><![CDATA[2065]]></id_image>
</product_attribute_image>
<product_attribute_image><id_product_attribute><![CDATA[1522]]></id_product_attribute>
<id_image><![CDATA[2066]]></id_image>
</product_attribute_image>
<product_attribute_image><id_product_attribute><![CDATA[1523]]></id_product_attribute>
<id_image><![CDATA[2067]]></id_image>
</product_attribute_image>
<product_attribute_image><id_product_attribute><![CDATA[1525]]></id_product_attribute>
<id_image><![CDATA[2068]]></id_image>
</product_attribute_image>
<product_attribute_image><id_product_attribute><![CDATA[1526]]></id_product_attribute>
<id_image><![CDATA[2069]]></id_image>
</product_attribute_image>
<product_attribute_image><id_product_attribute><![CDATA[1527]]></id_product_attribute>
<id_image><![CDATA[2070]]></id_image>
</product_attribute_image>
<product_attribute_image><id_product_attribute><![CDATA[1528]]></id_product_attribute>
<id_image><![CDATA[2071]]></id_image>
</product_attribute_image>
<product_attribute_image><id_product_attribute><![CDATA[1527]]></id_product_attribute>
<id_image><![CDATA[2072]]></id_image>
</product_attribute_image>
<product_attribute_image><id_product_attribute><![CDATA[1526]]></id_product_attribute>
<id_image><![CDATA[2073]]></id_image>
</product_attribute_image>
<product_attribute_image><id_product_attribute><![CDATA[1528]]></id_product_attribute>
<id_image><![CDATA[2074]]></id_image>
</product_attribute_image>
<product_attribute_image><id_product_attribute><![CDATA[1530]]></id_product_attribute>
<id_image><![CDATA[2075]]></id_image>
</product_attribute_image>
<product_attribute_image><id_product_attribute><![CDATA[1531]]></id_product_attribute>
<id_image><![CDATA[2076]]></id_image>
</product_attribute_image>
<product_attribute_image><id_product_attribute><![CDATA[1532]]></id_product_attribute>
<id_image><![CDATA[2077]]></id_image>
</product_attribute_image>
<product_attribute_image><id_product_attribute><![CDATA[1531]]></id_product_attribute>
<id_image><![CDATA[2078]]></id_image>
</product_attribute_image>
<product_attribute_image><id_product_attribute><![CDATA[1532]]></id_product_attribute>
<id_image><![CDATA[2079]]></id_image>
</product_attribute_image>
<product_attribute_image><id_product_attribute><![CDATA[1530]]></id_product_attribute>
<id_image><![CDATA[2080]]></id_image>
</product_attribute_image>
<product_attribute_image><id_product_attribute><![CDATA[1581]]></id_product_attribute>
<id_image><![CDATA[2186]]></id_image>
</product_attribute_image>
<product_attribute_image><id_product_attribute><![CDATA[1582]]></id_product_attribute>
<id_image><![CDATA[2187]]></id_image>
</product_attribute_image>
<product_attribute_image><id_product_attribute><![CDATA[1583]]></id_product_attribute>
<id_image><![CDATA[2188]]></id_image>
</product_attribute_image>
<product_attribute_image><id_product_attribute><![CDATA[1584]]></id_product_attribute>
<id_image><![CDATA[2189]]></id_image>
</product_attribute_image>
<product_attribute_image><id_product_attribute><![CDATA[1583]]></id_product_attribute>
<id_image><![CDATA[2190]]></id_image>
</product_attribute_image>
<product_attribute_image><id_product_attribute><![CDATA[1582]]></id_product_attribute>
<id_image><![CDATA[2191]]></id_image>
</product_attribute_image>
<product_attribute_image><id_product_attribute><![CDATA[1584]]></id_product_attribute>
<id_image><![CDATA[2192]]></id_image>
</product_attribute_image>
<product_attribute_image><id_product_attribute><![CDATA[1585]]></id_product_attribute>
<id_image><![CDATA[2193]]></id_image>
</product_attribute_image>
<product_attribute_image><id_product_attribute><![CDATA[1586]]></id_product_attribute>
<id_image><![CDATA[2194]]></id_image>
</product_attribute_image>
<product_attribute_image><id_product_attribute><![CDATA[1587]]></id_product_attribute>
<id_image><![CDATA[2195]]></id_image>
</product_attribute_image>
<product_attribute_image><id_product_attribute><![CDATA[1588]]></id_product_attribute>
<id_image><![CDATA[2196]]></id_image>
</product_attribute_image>
<product_attribute_image><id_product_attribute><![CDATA[1587]]></id_product_attribute>
<id_image><![CDATA[2197]]></id_image>
</product_attribute_image>
<product_attribute_image><id_product_attribute><![CDATA[1586]]></id_product_attribute>
<id_image><![CDATA[2198]]></id_image>
</product_attribute_image>
<product_attribute_image><id_product_attribute><![CDATA[1588]]></id_product_attribute>
<id_image><![CDATA[2199]]></id_image>
</product_attribute_image>
<product_attribute_image><id_product_attribute><![CDATA[1589]]></id_product_attribute>
<id_image><![CDATA[2200]]></id_image>
</product_attribute_image>
<product_attribute_image><id_product_attribute><![CDATA[1590]]></id_product_attribute>
<id_image><![CDATA[2201]]></id_image>
</product_attribute_image>
<product_attribute_image><id_product_attribute><![CDATA[1591]]></id_product_attribute>
<id_image><![CDATA[2202]]></id_image>
</product_attribute_image>
<product_attribute_image><id_product_attribute><![CDATA[1592]]></id_product_attribute>
<id_image><![CDATA[2203]]></id_image>
</product_attribute_image>
<product_attribute_image><id_product_attribute><![CDATA[1591]]></id_product_attribute>
<id_image><![CDATA[2204]]></id_image>
</product_attribute_image>
<product_attribute_image><id_product_attribute><![CDATA[1590]]></id_product_attribute>
<id_image><![CDATA[2205]]></id_image>
</product_attribute_image>
<product_attribute_image><id_product_attribute><![CDATA[1592]]></id_product_attribute>
<id_image><![CDATA[2206]]></id_image>
</product_attribute_image>
<product_attribute_image><id_product_attribute><![CDATA[1577]]></id_product_attribute>
<id_image><![CDATA[2207]]></id_image>
</product_attribute_image>
<product_attribute_image><id_product_attribute><![CDATA[1578]]></id_product_attribute>
<id_image><![CDATA[2208]]></id_image>
</product_attribute_image>
<product_attribute_image><id_product_attribute><![CDATA[1579]]></id_product_attribute>
<id_image><![CDATA[2209]]></id_image>
</product_attribute_image>
<product_attribute_image><id_product_attribute><![CDATA[1580]]></id_product_attribute>
<id_image><![CDATA[2210]]></id_image>
</product_attribute_image>
<product_attribute_image><id_product_attribute><![CDATA[1579]]></id_product_attribute>
<id_image><![CDATA[2211]]></id_image>
</product_attribute_image>
<product_attribute_image><id_product_attribute><![CDATA[1578]]></id_product_attribute>
<id_image><![CDATA[2212]]></id_image>
</product_attribute_image>
<product_attribute_image><id_product_attribute><![CDATA[1580]]></id_product_attribute>
<id_image><![CDATA[2213]]></id_image>
</product_attribute_image>
<product_attribute_image><id_product_attribute><![CDATA[1573]]></id_product_attribute>
<id_image><![CDATA[2214]]></id_image>
</product_attribute_image>
<product_attribute_image><id_product_attribute><![CDATA[1574]]></id_product_attribute>
<id_image><![CDATA[2215]]></id_image>
</product_attribute_image>
<product_attribute_image><id_product_attribute><![CDATA[1575]]></id_product_attribute>
<id_image><![CDATA[2216]]></id_image>
</product_attribute_image>
<product_attribute_image><id_product_attribute><![CDATA[1576]]></id_product_attribute>
<id_image><![CDATA[2217]]></id_image>
</product_attribute_image>
<product_attribute_image><id_product_attribute><![CDATA[1575]]></id_product_attribute>
<id_image><![CDATA[2218]]></id_image>
</product_attribute_image>
<product_attribute_image><id_product_attribute><![CDATA[1574]]></id_product_attribute>
<id_image><![CDATA[2219]]></id_image>
</product_attribute_image>
<product_attribute_image><id_product_attribute><![CDATA[1576]]></id_product_attribute>
<id_image><![CDATA[2220]]></id_image>
</product_attribute_image>
<product_attribute_image><id_product_attribute><![CDATA[1569]]></id_product_attribute>
<id_image><![CDATA[2221]]></id_image>
</product_attribute_image>
<product_attribute_image><id_product_attribute><![CDATA[1570]]></id_product_attribute>
<id_image><![CDATA[2221]]></id_image>
</product_attribute_image>
<product_attribute_image><id_product_attribute><![CDATA[1569]]></id_product_attribute>
<id_image><![CDATA[2222]]></id_image>
</product_attribute_image>
<product_attribute_image><id_product_attribute><![CDATA[1571]]></id_product_attribute>
<id_image><![CDATA[2223]]></id_image>
</product_attribute_image>
<product_attribute_image><id_product_attribute><![CDATA[1572]]></id_product_attribute>
<id_image><![CDATA[2224]]></id_image>
</product_attribute_image>
<product_attribute_image><id_product_attribute><![CDATA[1571]]></id_product_attribute>
<id_image><![CDATA[2225]]></id_image>
</product_attribute_image>
<product_attribute_image><id_product_attribute><![CDATA[1569]]></id_product_attribute>
<id_image><![CDATA[2226]]></id_image>
</product_attribute_image>
<product_attribute_image><id_product_attribute><![CDATA[1572]]></id_product_attribute>
<id_image><![CDATA[2227]]></id_image>
</product_attribute_image>
<product_attribute_image><id_product_attribute><![CDATA[1565]]></id_product_attribute>
<id_image><![CDATA[2228]]></id_image>
</product_attribute_image>
<product_attribute_image><id_product_attribute><![CDATA[1566]]></id_product_attribute>
<id_image><![CDATA[2229]]></id_image>
</product_attribute_image>
<product_attribute_image><id_product_attribute><![CDATA[1567]]></id_product_attribute>
<id_image><![CDATA[2230]]></id_image>
</product_attribute_image>
<product_attribute_image><id_product_attribute><![CDATA[1568]]></id_product_attribute>
<id_image><![CDATA[2231]]></id_image>
</product_attribute_image>
<product_attribute_image><id_product_attribute><![CDATA[1567]]></id_product_attribute>
<id_image><![CDATA[2232]]></id_image>
</product_attribute_image>
<product_attribute_image><id_product_attribute><![CDATA[1566]]></id_product_attribute>
<id_image><![CDATA[2233]]></id_image>
</product_attribute_image>
<product_attribute_image><id_product_attribute><![CDATA[1568]]></id_product_attribute>
<id_image><![CDATA[2234]]></id_image>
</product_attribute_image>
<product_attribute_image><id_product_attribute><![CDATA[1561]]></id_product_attribute>
<id_image><![CDATA[2235]]></id_image>
</product_attribute_image>
<product_attribute_image><id_product_attribute><![CDATA[1562]]></id_product_attribute>
<id_image><![CDATA[2236]]></id_image>
</product_attribute_image>
<product_attribute_image><id_product_attribute><![CDATA[1563]]></id_product_attribute>
<id_image><![CDATA[2237]]></id_image>
</product_attribute_image>
<product_attribute_image><id_product_attribute><![CDATA[1564]]></id_product_attribute>
<id_image><![CDATA[2238]]></id_image>
</product_attribute_image>
<product_attribute_image><id_product_attribute><![CDATA[1563]]></id_product_attribute>
<id_image><![CDATA[2239]]></id_image>
</product_attribute_image>
<product_attribute_image><id_product_attribute><![CDATA[1562]]></id_product_attribute>
<id_image><![CDATA[2240]]></id_image>
</product_attribute_image>
<product_attribute_image><id_product_attribute><![CDATA[1564]]></id_product_attribute>
<id_image><![CDATA[2241]]></id_image>
</product_attribute_image>
<product_attribute_image><id_product_attribute><![CDATA[1557]]></id_product_attribute>
<id_image><![CDATA[2242]]></id_image>
</product_attribute_image>
<product_attribute_image><id_product_attribute><![CDATA[1558]]></id_product_attribute>
<id_image><![CDATA[2243]]></id_image>
</product_attribute_image>
<product_attribute_image><id_product_attribute><![CDATA[1559]]></id_product_attribute>
<id_image><![CDATA[2244]]></id_image>
</product_attribute_image>
<product_attribute_image><id_product_attribute><![CDATA[1560]]></id_product_attribute>
<id_image><![CDATA[2245]]></id_image>
</product_attribute_image>
<product_attribute_image><id_product_attribute><![CDATA[1559]]></id_product_attribute>
<id_image><![CDATA[2246]]></id_image>
</product_attribute_image>
<product_attribute_image><id_product_attribute><![CDATA[1558]]></id_product_attribute>
<id_image><![CDATA[2247]]></id_image>
</product_attribute_image>
<product_attribute_image><id_product_attribute><![CDATA[1560]]></id_product_attribute>
<id_image><![CDATA[2248]]></id_image>
</product_attribute_image>
<product_attribute_image><id_product_attribute><![CDATA[1553]]></id_product_attribute>
<id_image><![CDATA[2249]]></id_image>
</product_attribute_image>
<product_attribute_image><id_product_attribute><![CDATA[1554]]></id_product_attribute>
<id_image><![CDATA[2250]]></id_image>
</product_attribute_image>
<product_attribute_image><id_product_attribute><![CDATA[1555]]></id_product_attribute>
<id_image><![CDATA[2251]]></id_image>
</product_attribute_image>
<product_attribute_image><id_product_attribute><![CDATA[1556]]></id_product_attribute>
<id_image><![CDATA[2252]]></id_image>
</product_attribute_image>
<product_attribute_image><id_product_attribute><![CDATA[1554]]></id_product_attribute>
<id_image><![CDATA[2253]]></id_image>
</product_attribute_image>
<product_attribute_image><id_product_attribute><![CDATA[1555]]></id_product_attribute>
<id_image><![CDATA[2254]]></id_image>
</product_attribute_image>
<product_attribute_image><id_product_attribute><![CDATA[1556]]></id_product_attribute>
<id_image><![CDATA[2255]]></id_image>
</product_attribute_image>
<product_attribute_image><id_product_attribute><![CDATA[1549]]></id_product_attribute>
<id_image><![CDATA[2256]]></id_image>
</product_attribute_image>
<product_attribute_image><id_product_attribute><![CDATA[1550]]></id_product_attribute>
<id_image><![CDATA[2257]]></id_image>
</product_attribute_image>
<product_attribute_image><id_product_attribute><![CDATA[1551]]></id_product_attribute>
<id_image><![CDATA[2258]]></id_image>
</product_attribute_image>
<product_attribute_image><id_product_attribute><![CDATA[1552]]></id_product_attribute>
<id_image><![CDATA[2259]]></id_image>
</product_attribute_image>
<product_attribute_image><id_product_attribute><![CDATA[1550]]></id_product_attribute>
<id_image><![CDATA[2260]]></id_image>
</product_attribute_image>
<product_attribute_image><id_product_attribute><![CDATA[1551]]></id_product_attribute>
<id_image><![CDATA[2261]]></id_image>
</product_attribute_image>
<product_attribute_image><id_product_attribute><![CDATA[1552]]></id_product_attribute>
<id_image><![CDATA[2262]]></id_image>
</product_attribute_image>
<product_attribute_image><id_product_attribute><![CDATA[1545]]></id_product_attribute>
<id_image><![CDATA[2263]]></id_image>
</product_attribute_image>
<product_attribute_image><id_product_attribute><![CDATA[1546]]></id_product_attribute>
<id_image><![CDATA[2264]]></id_image>
</product_attribute_image>
<product_attribute_image><id_product_attribute><![CDATA[1547]]></id_product_attribute>
<id_image><![CDATA[2265]]></id_image>
</product_attribute_image>
<product_attribute_image><id_product_attribute><![CDATA[1548]]></id_product_attribute>
<id_image><![CDATA[2266]]></id_image>
</product_attribute_image>
<product_attribute_image><id_product_attribute><![CDATA[1546]]></id_product_attribute>
<id_image><![CDATA[2267]]></id_image>
</product_attribute_image>
<product_attribute_image><id_product_attribute><![CDATA[1547]]></id_product_attribute>
<id_image><![CDATA[2268]]></id_image>
</product_attribute_image>
<product_attribute_image><id_product_attribute><![CDATA[1548]]></id_product_attribute>
<id_image><![CDATA[2269]]></id_image>
</product_attribute_image>
<product_attribute_image><id_product_attribute><![CDATA[1534]]></id_product_attribute>
<id_image><![CDATA[2274]]></id_image>
</product_attribute_image>
<product_attribute_image><id_product_attribute><![CDATA[1535]]></id_product_attribute>
<id_image><![CDATA[2275]]></id_image>
</product_attribute_image>
<product_attribute_image><id_product_attribute><![CDATA[1536]]></id_product_attribute>
<id_image><![CDATA[2276]]></id_image>
</product_attribute_image>
<product_attribute_image><id_product_attribute><![CDATA[1538]]></id_product_attribute>
<id_image><![CDATA[2281]]></id_image>
</product_attribute_image>
<product_attribute_image><id_product_attribute><![CDATA[1539]]></id_product_attribute>
<id_image><![CDATA[2282]]></id_image>
</product_attribute_image>
<product_attribute_image><id_product_attribute><![CDATA[1540]]></id_product_attribute>
<id_image><![CDATA[2283]]></id_image>
</product_attribute_image>
<product_attribute_image><id_product_attribute><![CDATA[1541]]></id_product_attribute>
<id_image><![CDATA[2284]]></id_image>
</product_attribute_image>
<product_attribute_image><id_product_attribute><![CDATA[1542]]></id_product_attribute>
<id_image><![CDATA[2285]]></id_image>
</product_attribute_image>
<product_attribute_image><id_product_attribute><![CDATA[1543]]></id_product_attribute>
<id_image><![CDATA[2286]]></id_image>
</product_attribute_image>
<product_attribute_image><id_product_attribute><![CDATA[1544]]></id_product_attribute>
<id_image><![CDATA[2287]]></id_image>
</product_attribute_image>
<product_attribute_image><id_product_attribute><![CDATA[1542]]></id_product_attribute>
<id_image><![CDATA[2288]]></id_image>
</product_attribute_image>
<product_attribute_image><id_product_attribute><![CDATA[1543]]></id_product_attribute>
<id_image><![CDATA[2289]]></id_image>
</product_attribute_image>
<product_attribute_image><id_product_attribute><![CDATA[1544]]></id_product_attribute>
<id_image><![CDATA[2290]]></id_image>
</product_attribute_image>
<product_attribute_image><id_product_attribute><![CDATA[1594]]></id_product_attribute>
<id_image><![CDATA[2291]]></id_image>
</product_attribute_image>
<product_attribute_image><id_product_attribute><![CDATA[1595]]></id_product_attribute>
<id_image><![CDATA[2292]]></id_image>
</product_attribute_image>
<product_attribute_image><id_product_attribute><![CDATA[1596]]></id_product_attribute>
<id_image><![CDATA[2293]]></id_image>
</product_attribute_image>
<product_attribute_image><id_product_attribute><![CDATA[1596]]></id_product_attribute>
<id_image><![CDATA[2294]]></id_image>
</product_attribute_image>
<product_attribute_image><id_product_attribute><![CDATA[1594]]></id_product_attribute>
<id_image><![CDATA[2295]]></id_image>
</product_attribute_image>
<product_attribute_image><id_product_attribute><![CDATA[1595]]></id_product_attribute>
<id_image><![CDATA[2296]]></id_image>
</product_attribute_image>
<product_attribute_image><id_product_attribute><![CDATA[1598]]></id_product_attribute>
<id_image><![CDATA[2297]]></id_image>
</product_attribute_image>
<product_attribute_image><id_product_attribute><![CDATA[1599]]></id_product_attribute>
<id_image><![CDATA[2298]]></id_image>
</product_attribute_image>
<product_attribute_image><id_product_attribute><![CDATA[1600]]></id_product_attribute>
<id_image><![CDATA[2299]]></id_image>
</product_attribute_image>
<product_attribute_image><id_product_attribute><![CDATA[1598]]></id_product_attribute>
<id_image><![CDATA[2300]]></id_image>
</product_attribute_image>
<product_attribute_image><id_product_attribute><![CDATA[1599]]></id_product_attribute>
<id_image><![CDATA[2301]]></id_image>
</product_attribute_image>
<product_attribute_image><id_product_attribute><![CDATA[1600]]></id_product_attribute>
<id_image><![CDATA[2302]]></id_image>
</product_attribute_image>
<product_attribute_image><id_product_attribute><![CDATA[1602]]></id_product_attribute>
<id_image><![CDATA[2303]]></id_image>
</product_attribute_image>
<product_attribute_image><id_product_attribute><![CDATA[1604]]></id_product_attribute>
<id_image><![CDATA[2304]]></id_image>
</product_attribute_image>
<product_attribute_image><id_product_attribute><![CDATA[1603]]></id_product_attribute>
<id_image><![CDATA[2305]]></id_image>
</product_attribute_image>
<product_attribute_image><id_product_attribute><![CDATA[1602]]></id_product_attribute>
<id_image><![CDATA[2306]]></id_image>
</product_attribute_image>
<product_attribute_image><id_product_attribute><![CDATA[1603]]></id_product_attribute>
<id_image><![CDATA[2307]]></id_image>
</product_attribute_image>
<product_attribute_image><id_product_attribute><![CDATA[1604]]></id_product_attribute>
<id_image><![CDATA[2308]]></id_image>
</product_attribute_image>
<product_attribute_image><id_product_attribute><![CDATA[1606]]></id_product_attribute>
<id_image><![CDATA[2309]]></id_image>
</product_attribute_image>
<product_attribute_image><id_product_attribute><![CDATA[1608]]></id_product_attribute>
<id_image><![CDATA[2310]]></id_image>
</product_attribute_image>
<product_attribute_image><id_product_attribute><![CDATA[1607]]></id_product_attribute>
<id_image><![CDATA[2311]]></id_image>
</product_attribute_image>
<product_attribute_image><id_product_attribute><![CDATA[1607]]></id_product_attribute>
<id_image><![CDATA[2312]]></id_image>
</product_attribute_image>
<product_attribute_image><id_product_attribute><![CDATA[1606]]></id_product_attribute>
<id_image><![CDATA[2313]]></id_image>
</product_attribute_image>
<product_attribute_image><id_product_attribute><![CDATA[1608]]></id_product_attribute>
<id_image><![CDATA[2314]]></id_image>
</product_attribute_image>
<product_attribute_image><id_product_attribute><![CDATA[1610]]></id_product_attribute>
<id_image><![CDATA[2315]]></id_image>
</product_attribute_image>
<product_attribute_image><id_product_attribute><![CDATA[1611]]></id_product_attribute>
<id_image><![CDATA[2316]]></id_image>
</product_attribute_image>
<product_attribute_image><id_product_attribute><![CDATA[1612]]></id_product_attribute>
<id_image><![CDATA[2317]]></id_image>
</product_attribute_image>
<product_attribute_image><id_product_attribute><![CDATA[1611]]></id_product_attribute>
<id_image><![CDATA[2318]]></id_image>
</product_attribute_image>
<product_attribute_image><id_product_attribute><![CDATA[1612]]></id_product_attribute>
<id_image><![CDATA[2319]]></id_image>
</product_attribute_image>
<product_attribute_image><id_product_attribute><![CDATA[1610]]></id_product_attribute>
<id_image><![CDATA[2320]]></id_image>
</product_attribute_image>
<product_attribute_image><id_product_attribute><![CDATA[1614]]></id_product_attribute>
<id_image><![CDATA[2321]]></id_image>
</product_attribute_image>
<product_attribute_image><id_product_attribute><![CDATA[1615]]></id_product_attribute>
<id_image><![CDATA[2322]]></id_image>
</product_attribute_image>
<product_attribute_image><id_product_attribute><![CDATA[1616]]></id_product_attribute>
<id_image><![CDATA[2323]]></id_image>
</product_attribute_image>
<product_attribute_image><id_product_attribute><![CDATA[1615]]></id_product_attribute>
<id_image><![CDATA[2324]]></id_image>
</product_attribute_image>
<product_attribute_image><id_product_attribute><![CDATA[1616]]></id_product_attribute>
<id_image><![CDATA[2325]]></id_image>
</product_attribute_image>
<product_attribute_image><id_product_attribute><![CDATA[1614]]></id_product_attribute>
<id_image><![CDATA[2326]]></id_image>
</product_attribute_image>
<product_attribute_image><id_product_attribute><![CDATA[1618]]></id_product_attribute>
<id_image><![CDATA[2327]]></id_image>
</product_attribute_image>
<product_attribute_image><id_product_attribute><![CDATA[1619]]></id_product_attribute>
<id_image><![CDATA[2328]]></id_image>
</product_attribute_image>
<product_attribute_image><id_product_attribute><![CDATA[1620]]></id_product_attribute>
<id_image><![CDATA[2329]]></id_image>
</product_attribute_image>
<product_attribute_image><id_product_attribute><![CDATA[1618]]></id_product_attribute>
<id_image><![CDATA[2330]]></id_image>
</product_attribute_image>
<product_attribute_image><id_product_attribute><![CDATA[1619]]></id_product_attribute>
<id_image><![CDATA[2331]]></id_image>
</product_attribute_image>
<product_attribute_image><id_product_attribute><![CDATA[1620]]></id_product_attribute>
<id_image><![CDATA[2332]]></id_image>
</product_attribute_image>
<product_attribute_image><id_product_attribute><![CDATA[1623]]></id_product_attribute>
<id_image><![CDATA[2333]]></id_image>
</product_attribute_image>
<product_attribute_image><id_product_attribute><![CDATA[1624]]></id_product_attribute>
<id_image><![CDATA[2334]]></id_image>
</product_attribute_image>
<product_attribute_image><id_product_attribute><![CDATA[1622]]></id_product_attribute>
<id_image><![CDATA[2335]]></id_image>
</product_attribute_image>
<product_attribute_image><id_product_attribute><![CDATA[1622]]></id_product_attribute>
<id_image><![CDATA[2336]]></id_image>
</product_attribute_image>
<product_attribute_image><id_product_attribute><![CDATA[1623]]></id_product_attribute>
<id_image><![CDATA[2337]]></id_image>
</product_attribute_image>
<product_attribute_image><id_product_attribute><![CDATA[1624]]></id_product_attribute>
<id_image><![CDATA[2338]]></id_image>
</product_attribute_image>
<product_attribute_image><id_product_attribute><![CDATA[1627]]></id_product_attribute>
<id_image><![CDATA[2339]]></id_image>
</product_attribute_image>
<product_attribute_image><id_product_attribute><![CDATA[1628]]></id_product_attribute>
<id_image><![CDATA[2340]]></id_image>
</product_attribute_image>
<product_attribute_image><id_product_attribute><![CDATA[1626]]></id_product_attribute>
<id_image><![CDATA[2341]]></id_image>
</product_attribute_image>
<product_attribute_image><id_product_attribute><![CDATA[1626]]></id_product_attribute>
<id_image><![CDATA[2342]]></id_image>
</product_attribute_image>
<product_attribute_image><id_product_attribute><![CDATA[1627]]></id_product_attribute>
<id_image><![CDATA[2343]]></id_image>
</product_attribute_image>
<product_attribute_image><id_product_attribute><![CDATA[1628]]></id_product_attribute>
<id_image><![CDATA[2344]]></id_image>
</product_attribute_image>
<product_attribute_image><id_product_attribute><![CDATA[1630]]></id_product_attribute>
<id_image><![CDATA[2345]]></id_image>
</product_attribute_image>
<product_attribute_image><id_product_attribute><![CDATA[1632]]></id_product_attribute>
<id_image><![CDATA[2346]]></id_image>
</product_attribute_image>
<product_attribute_image><id_product_attribute><![CDATA[1631]]></id_product_attribute>
<id_image><![CDATA[2347]]></id_image>
</product_attribute_image>
<product_attribute_image><id_product_attribute><![CDATA[1630]]></id_product_attribute>
<id_image><![CDATA[2348]]></id_image>
</product_attribute_image>
<product_attribute_image><id_product_attribute><![CDATA[1632]]></id_product_attribute>
<id_image><![CDATA[2349]]></id_image>
</product_attribute_image>
<product_attribute_image><id_product_attribute><![CDATA[1631]]></id_product_attribute>
<id_image><![CDATA[2350]]></id_image>
</product_attribute_image>
<product_attribute_image><id_product_attribute><![CDATA[1634]]></id_product_attribute>
<id_image><![CDATA[2351]]></id_image>
</product_attribute_image>
<product_attribute_image><id_product_attribute><![CDATA[1635]]></id_product_attribute>
<id_image><![CDATA[2352]]></id_image>
</product_attribute_image>
<product_attribute_image><id_product_attribute><![CDATA[1636]]></id_product_attribute>
<id_image><![CDATA[2353]]></id_image>
</product_attribute_image>
<product_attribute_image><id_product_attribute><![CDATA[1634]]></id_product_attribute>
<id_image><![CDATA[2354]]></id_image>
</product_attribute_image>
<product_attribute_image><id_product_attribute><![CDATA[1635]]></id_product_attribute>
<id_image><![CDATA[2355]]></id_image>
</product_attribute_image>
<product_attribute_image><id_product_attribute><![CDATA[1636]]></id_product_attribute>
<id_image><![CDATA[2356]]></id_image>
</product_attribute_image>
<product_attribute_image><id_product_attribute><![CDATA[1638]]></id_product_attribute>
<id_image><![CDATA[2357]]></id_image>
</product_attribute_image>
<product_attribute_image><id_product_attribute><![CDATA[1639]]></id_product_attribute>
<id_image><![CDATA[2358]]></id_image>
</product_attribute_image>
<product_attribute_image><id_product_attribute><![CDATA[1640]]></id_product_attribute>
<id_image><![CDATA[2359]]></id_image>
</product_attribute_image>
<product_attribute_image><id_product_attribute><![CDATA[1640]]></id_product_attribute>
<id_image><![CDATA[2360]]></id_image>
</product_attribute_image>
<product_attribute_image><id_product_attribute><![CDATA[1638]]></id_product_attribute>
<id_image><![CDATA[2361]]></id_image>
</product_attribute_image>
<product_attribute_image><id_product_attribute><![CDATA[1639]]></id_product_attribute>
<id_image><![CDATA[2362]]></id_image>
</product_attribute_image>
<product_attribute_image><id_product_attribute><![CDATA[1643]]></id_product_attribute>
<id_image><![CDATA[2363]]></id_image>
</product_attribute_image>
<product_attribute_image><id_product_attribute><![CDATA[1644]]></id_product_attribute>
<id_image><![CDATA[2364]]></id_image>
</product_attribute_image>
<product_attribute_image><id_product_attribute><![CDATA[1642]]></id_product_attribute>
<id_image><![CDATA[2365]]></id_image>
</product_attribute_image>
<product_attribute_image><id_product_attribute><![CDATA[1644]]></id_product_attribute>
<id_image><![CDATA[2366]]></id_image>
</product_attribute_image>
<product_attribute_image><id_product_attribute><![CDATA[1642]]></id_product_attribute>
<id_image><![CDATA[2367]]></id_image>
</product_attribute_image>
<product_attribute_image><id_product_attribute><![CDATA[1643]]></id_product_attribute>
<id_image><![CDATA[2368]]></id_image>
</product_attribute_image>
<product_attribute_image><id_product_attribute><![CDATA[1647]]></id_product_attribute>
<id_image><![CDATA[2369]]></id_image>
</product_attribute_image>
<product_attribute_image><id_product_attribute><![CDATA[1648]]></id_product_attribute>
<id_image><![CDATA[2370]]></id_image>
</product_attribute_image>
<product_attribute_image><id_product_attribute><![CDATA[1646]]></id_product_attribute>
<id_image><![CDATA[2371]]></id_image>
</product_attribute_image>
<product_attribute_image><id_product_attribute><![CDATA[1648]]></id_product_attribute>
<id_image><![CDATA[2372]]></id_image>
</product_attribute_image>
<product_attribute_image><id_product_attribute><![CDATA[1646]]></id_product_attribute>
<id_image><![CDATA[2373]]></id_image>
</product_attribute_image>
<product_attribute_image><id_product_attribute><![CDATA[1647]]></id_product_attribute>
<id_image><![CDATA[2374]]></id_image>
</product_attribute_image>
<product_attribute_image><id_product_attribute><![CDATA[1651]]></id_product_attribute>
<id_image><![CDATA[2375]]></id_image>
</product_attribute_image>
<product_attribute_image><id_product_attribute><![CDATA[1650]]></id_product_attribute>
<id_image><![CDATA[2376]]></id_image>
</product_attribute_image>
<product_attribute_image><id_product_attribute><![CDATA[1652]]></id_product_attribute>
<id_image><![CDATA[2377]]></id_image>
</product_attribute_image>
<product_attribute_image><id_product_attribute><![CDATA[1652]]></id_product_attribute>
<id_image><![CDATA[2378]]></id_image>
</product_attribute_image>
<product_attribute_image><id_product_attribute><![CDATA[1651]]></id_product_attribute>
<id_image><![CDATA[2379]]></id_image>
</product_attribute_image>
<product_attribute_image><id_product_attribute><![CDATA[1650]]></id_product_attribute>
<id_image><![CDATA[2380]]></id_image>
</product_attribute_image>
<product_attribute_image><id_product_attribute><![CDATA[1655]]></id_product_attribute>
<id_image><![CDATA[2381]]></id_image>
</product_attribute_image>
<product_attribute_image><id_product_attribute><![CDATA[1656]]></id_product_attribute>
<id_image><![CDATA[2382]]></id_image>
</product_attribute_image>
<product_attribute_image><id_product_attribute><![CDATA[1654]]></id_product_attribute>
<id_image><![CDATA[2383]]></id_image>
</product_attribute_image>
<product_attribute_image><id_product_attribute><![CDATA[1655]]></id_product_attribute>
<id_image><![CDATA[2384]]></id_image>
</product_attribute_image>
<product_attribute_image><id_product_attribute><![CDATA[1656]]></id_product_attribute>
<id_image><![CDATA[2385]]></id_image>
</product_attribute_image>
<product_attribute_image><id_product_attribute><![CDATA[1654]]></id_product_attribute>
<id_image><![CDATA[2386]]></id_image>
</product_attribute_image>
<product_attribute_image><id_product_attribute><![CDATA[1657]]></id_product_attribute>
<id_image><![CDATA[2387]]></id_image>
</product_attribute_image>
<product_attribute_image><id_product_attribute><![CDATA[1658]]></id_product_attribute>
<id_image><![CDATA[2388]]></id_image>
</product_attribute_image>
<product_attribute_image><id_product_attribute><![CDATA[1659]]></id_product_attribute>
<id_image><![CDATA[2389]]></id_image>
</product_attribute_image>
<product_attribute_image><id_product_attribute><![CDATA[1660]]></id_product_attribute>
<id_image><![CDATA[2390]]></id_image>
</product_attribute_image>
<product_attribute_image><id_product_attribute><![CDATA[1658]]></id_product_attribute>
<id_image><![CDATA[2391]]></id_image>
</product_attribute_image>
<product_attribute_image><id_product_attribute><![CDATA[1659]]></id_product_attribute>
<id_image><![CDATA[2392]]></id_image>
</product_attribute_image>
<product_attribute_image><id_product_attribute><![CDATA[1660]]></id_product_attribute>
<id_image><![CDATA[2393]]></id_image>
</product_attribute_image>
<product_attribute_image><id_product_attribute><![CDATA[1661]]></id_product_attribute>
<id_image><![CDATA[2394]]></id_image>
</product_attribute_image>
<product_attribute_image><id_product_attribute><![CDATA[1662]]></id_product_attribute>
<id_image><![CDATA[2395]]></id_image>
</product_attribute_image>
<product_attribute_image><id_product_attribute><![CDATA[1663]]></id_product_attribute>
<id_image><![CDATA[2396]]></id_image>
</product_attribute_image>
<product_attribute_image><id_product_attribute><![CDATA[1664]]></id_product_attribute>
<id_image><![CDATA[2397]]></id_image>
</product_attribute_image>
<product_attribute_image><id_product_attribute><![CDATA[1664]]></id_product_attribute>
<id_image><![CDATA[2398]]></id_image>
</product_attribute_image>
<product_attribute_image><id_product_attribute><![CDATA[1663]]></id_product_attribute>
<id_image><![CDATA[2399]]></id_image>
</product_attribute_image>
<product_attribute_image><id_product_attribute><![CDATA[1662]]></id_product_attribute>
<id_image><![CDATA[2400]]></id_image>
</product_attribute_image>
<product_attribute_image><id_product_attribute><![CDATA[1665]]></id_product_attribute>
<id_image><![CDATA[2401]]></id_image>
</product_attribute_image>
<product_attribute_image><id_product_attribute><![CDATA[1667]]></id_product_attribute>
<id_image><![CDATA[2402]]></id_image>
</product_attribute_image>
<product_attribute_image><id_product_attribute><![CDATA[1668]]></id_product_attribute>
<id_image><![CDATA[2403]]></id_image>
</product_attribute_image>
<product_attribute_image><id_product_attribute><![CDATA[1666]]></id_product_attribute>
<id_image><![CDATA[2404]]></id_image>
</product_attribute_image>
<product_attribute_image><id_product_attribute><![CDATA[1666]]></id_product_attribute>
<id_image><![CDATA[2405]]></id_image>
</product_attribute_image>
<product_attribute_image><id_product_attribute><![CDATA[1667]]></id_product_attribute>
<id_image><![CDATA[2406]]></id_image>
</product_attribute_image>
<product_attribute_image><id_product_attribute><![CDATA[1668]]></id_product_attribute>
<id_image><![CDATA[2407]]></id_image>
</product_attribute_image>
<product_attribute_image><id_product_attribute><![CDATA[1670]]></id_product_attribute>
<id_image><![CDATA[2412]]></id_image>
</product_attribute_image>
<product_attribute_image><id_product_attribute><![CDATA[1671]]></id_product_attribute>
<id_image><![CDATA[2413]]></id_image>
</product_attribute_image>
<product_attribute_image><id_product_attribute><![CDATA[1672]]></id_product_attribute>
<id_image><![CDATA[2414]]></id_image>
</product_attribute_image>
<product_attribute_image><id_product_attribute><![CDATA[1673]]></id_product_attribute>
<id_image><![CDATA[2415]]></id_image>
</product_attribute_image>
<product_attribute_image><id_product_attribute><![CDATA[1676]]></id_product_attribute>
<id_image><![CDATA[2416]]></id_image>
</product_attribute_image>
<product_attribute_image><id_product_attribute><![CDATA[1675]]></id_product_attribute>
<id_image><![CDATA[2417]]></id_image>
</product_attribute_image>
<product_attribute_image><id_product_attribute><![CDATA[1674]]></id_product_attribute>
<id_image><![CDATA[2418]]></id_image>
</product_attribute_image>
<product_attribute_image><id_product_attribute><![CDATA[1674]]></id_product_attribute>
<id_image><![CDATA[2419]]></id_image>
</product_attribute_image>
<product_attribute_image><id_product_attribute><![CDATA[1675]]></id_product_attribute>
<id_image><![CDATA[2420]]></id_image>
</product_attribute_image>
<product_attribute_image><id_product_attribute><![CDATA[1676]]></id_product_attribute>
<id_image><![CDATA[2421]]></id_image>
</product_attribute_image>
<product_attribute_image><id_product_attribute><![CDATA[1677]]></id_product_attribute>
<id_image><![CDATA[2422]]></id_image>
</product_attribute_image>
<product_attribute_image><id_product_attribute><![CDATA[1678]]></id_product_attribute>
<id_image><![CDATA[2423]]></id_image>
</product_attribute_image>
<product_attribute_image><id_product_attribute><![CDATA[1679]]></id_product_attribute>
<id_image><![CDATA[2424]]></id_image>
</product_attribute_image>
<product_attribute_image><id_product_attribute><![CDATA[1680]]></id_product_attribute>
<id_image><![CDATA[2425]]></id_image>
</product_attribute_image>
<product_attribute_image><id_product_attribute><![CDATA[1679]]></id_product_attribute>
<id_image><![CDATA[2426]]></id_image>
</product_attribute_image>
<product_attribute_image><id_product_attribute><![CDATA[1680]]></id_product_attribute>
<id_image><![CDATA[2427]]></id_image>
</product_attribute_image>
<product_attribute_image><id_product_attribute><![CDATA[1678]]></id_product_attribute>
<id_image><![CDATA[2428]]></id_image>
</product_attribute_image>
<product_attribute_image><id_product_attribute><![CDATA[1681]]></id_product_attribute>
<id_image><![CDATA[2429]]></id_image>
</product_attribute_image>
<product_attribute_image><id_product_attribute><![CDATA[1683]]></id_product_attribute>
<id_image><![CDATA[2430]]></id_image>
</product_attribute_image>
<product_attribute_image><id_product_attribute><![CDATA[1684]]></id_product_attribute>
<id_image><![CDATA[2431]]></id_image>
</product_attribute_image>
<product_attribute_image><id_product_attribute><![CDATA[1682]]></id_product_attribute>
<id_image><![CDATA[2432]]></id_image>
</product_attribute_image>
<product_attribute_image><id_product_attribute><![CDATA[1682]]></id_product_attribute>
<id_image><![CDATA[2433]]></id_image>
</product_attribute_image>
<product_attribute_image><id_product_attribute><![CDATA[1683]]></id_product_attribute>
<id_image><![CDATA[2434]]></id_image>
</product_attribute_image>
<product_attribute_image><id_product_attribute><![CDATA[1684]]></id_product_attribute>
<id_image><![CDATA[2435]]></id_image>
</product_attribute_image>
<product_attribute_image><id_product_attribute><![CDATA[1685]]></id_product_attribute>
<id_image><![CDATA[2436]]></id_image>
</product_attribute_image>
<product_attribute_image><id_product_attribute><![CDATA[1686]]></id_product_attribute>
<id_image><![CDATA[2437]]></id_image>
</product_attribute_image>
<product_attribute_image><id_product_attribute><![CDATA[1687]]></id_product_attribute>
<id_image><![CDATA[2438]]></id_image>
</product_attribute_image>
<product_attribute_image><id_product_attribute><![CDATA[1688]]></id_product_attribute>
<id_image><![CDATA[2439]]></id_image>
</product_attribute_image>
<product_attribute_image><id_product_attribute><![CDATA[1686]]></id_product_attribute>
<id_image><![CDATA[2440]]></id_image>
</product_attribute_image>
<product_attribute_image><id_product_attribute><![CDATA[1687]]></id_product_attribute>
<id_image><![CDATA[2441]]></id_image>
</product_attribute_image>
<product_attribute_image><id_product_attribute><![CDATA[1688]]></id_product_attribute>
<id_image><![CDATA[2442]]></id_image>
</product_attribute_image>
<product_attribute_image><id_product_attribute><![CDATA[1689]]></id_product_attribute>
<id_image><![CDATA[2443]]></id_image>
</product_attribute_image>
<product_attribute_image><id_product_attribute><![CDATA[1691]]></id_product_attribute>
<id_image><![CDATA[2444]]></id_image>
</product_attribute_image>
<product_attribute_image><id_product_attribute><![CDATA[1692]]></id_product_attribute>
<id_image><![CDATA[2445]]></id_image>
</product_attribute_image>
<product_attribute_image><id_product_attribute><![CDATA[1690]]></id_product_attribute>
<id_image><![CDATA[2446]]></id_image>
</product_attribute_image>
<product_attribute_image><id_product_attribute><![CDATA[1690]]></id_product_attribute>
<id_image><![CDATA[2447]]></id_image>
</product_attribute_image>
<product_attribute_image><id_product_attribute><![CDATA[1691]]></id_product_attribute>
<id_image><![CDATA[2448]]></id_image>
</product_attribute_image>
<product_attribute_image><id_product_attribute><![CDATA[1692]]></id_product_attribute>
<id_image><![CDATA[2449]]></id_image>
</product_attribute_image>
<product_attribute_image><id_product_attribute><![CDATA[1693]]></id_product_attribute>
<id_image><![CDATA[2450]]></id_image>
</product_attribute_image>
<product_attribute_image><id_product_attribute><![CDATA[1694]]></id_product_attribute>
<id_image><![CDATA[2451]]></id_image>
</product_attribute_image>
<product_attribute_image><id_product_attribute><![CDATA[1695]]></id_product_attribute>
<id_image><![CDATA[2452]]></id_image>
</product_attribute_image>
<product_attribute_image><id_product_attribute><![CDATA[1696]]></id_product_attribute>
<id_image><![CDATA[2453]]></id_image>
</product_attribute_image>
<product_attribute_image><id_product_attribute><![CDATA[1694]]></id_product_attribute>
<id_image><![CDATA[2454]]></id_image>
</product_attribute_image>
<product_attribute_image><id_product_attribute><![CDATA[1695]]></id_product_attribute>
<id_image><![CDATA[2455]]></id_image>
</product_attribute_image>
<product_attribute_image><id_product_attribute><![CDATA[1696]]></id_product_attribute>
<id_image><![CDATA[2456]]></id_image>
</product_attribute_image>
<product_attribute_image><id_product_attribute><![CDATA[1697]]></id_product_attribute>
<id_image><![CDATA[2457]]></id_image>
</product_attribute_image>
<product_attribute_image><id_product_attribute><![CDATA[1699]]></id_product_attribute>
<id_image><![CDATA[2458]]></id_image>
</product_attribute_image>
<product_attribute_image><id_product_attribute><![CDATA[1698]]></id_product_attribute>
<id_image><![CDATA[2459]]></id_image>
</product_attribute_image>
<product_attribute_image><id_product_attribute><![CDATA[1700]]></id_product_attribute>
<id_image><![CDATA[2460]]></id_image>
</product_attribute_image>
<product_attribute_image><id_product_attribute><![CDATA[1699]]></id_product_attribute>
<id_image><![CDATA[2461]]></id_image>
</product_attribute_image>
<product_attribute_image><id_product_attribute><![CDATA[1698]]></id_product_attribute>
<id_image><![CDATA[2462]]></id_image>
</product_attribute_image>
<product_attribute_image><id_product_attribute><![CDATA[1700]]></id_product_attribute>
<id_image><![CDATA[2463]]></id_image>
</product_attribute_image>
<product_attribute_image><id_product_attribute><![CDATA[1701]]></id_product_attribute>
<id_image><![CDATA[2464]]></id_image>
</product_attribute_image>
<product_attribute_image><id_product_attribute><![CDATA[1702]]></id_product_attribute>
<id_image><![CDATA[2465]]></id_image>
</product_attribute_image>
<product_attribute_image><id_product_attribute><![CDATA[1703]]></id_product_attribute>
<id_image><![CDATA[2466]]></id_image>
</product_attribute_image>
<product_attribute_image><id_product_attribute><![CDATA[1704]]></id_product_attribute>
<id_image><![CDATA[2467]]></id_image>
</product_attribute_image>
<product_attribute_image><id_product_attribute><![CDATA[1704]]></id_product_attribute>
<id_image><![CDATA[2468]]></id_image>
</product_attribute_image>
<product_attribute_image><id_product_attribute><![CDATA[1702]]></id_product_attribute>
<id_image><![CDATA[2469]]></id_image>
</product_attribute_image>
<product_attribute_image><id_product_attribute><![CDATA[1703]]></id_product_attribute>
<id_image><![CDATA[2470]]></id_image>
</product_attribute_image>
<product_attribute_image><id_product_attribute><![CDATA[1705]]></id_product_attribute>
<id_image><![CDATA[2471]]></id_image>
</product_attribute_image>
<product_attribute_image><id_product_attribute><![CDATA[1706]]></id_product_attribute>
<id_image><![CDATA[2472]]></id_image>
</product_attribute_image>
<product_attribute_image><id_product_attribute><![CDATA[1707]]></id_product_attribute>
<id_image><![CDATA[2473]]></id_image>
</product_attribute_image>
<product_attribute_image><id_product_attribute><![CDATA[1708]]></id_product_attribute>
<id_image><![CDATA[2474]]></id_image>
</product_attribute_image>
<product_attribute_image><id_product_attribute><![CDATA[1706]]></id_product_attribute>
<id_image><![CDATA[2475]]></id_image>
</product_attribute_image>
<product_attribute_image><id_product_attribute><![CDATA[1707]]></id_product_attribute>
<id_image><![CDATA[2476]]></id_image>
</product_attribute_image>
<product_attribute_image><id_product_attribute><![CDATA[1708]]></id_product_attribute>
<id_image><![CDATA[2477]]></id_image>
</product_attribute_image>
<product_attribute_image><id_product_attribute><![CDATA[1709]]></id_product_attribute>
<id_image><![CDATA[2478]]></id_image>
</product_attribute_image>
<product_attribute_image><id_product_attribute><![CDATA[1710]]></id_product_attribute>
<id_image><![CDATA[2479]]></id_image>
</product_attribute_image>
<product_attribute_image><id_product_attribute><![CDATA[1711]]></id_product_attribute>
<id_image><![CDATA[2480]]></id_image>
</product_attribute_image>
<product_attribute_image><id_product_attribute><![CDATA[1712]]></id_product_attribute>
<id_image><![CDATA[2481]]></id_image>
</product_attribute_image>
<product_attribute_image><id_product_attribute><![CDATA[1710]]></id_product_attribute>
<id_image><![CDATA[2482]]></id_image>
</product_attribute_image>
<product_attribute_image><id_product_attribute><![CDATA[1711]]></id_product_attribute>
<id_image><![CDATA[2483]]></id_image>
</product_attribute_image>
<product_attribute_image><id_product_attribute><![CDATA[1712]]></id_product_attribute>
<id_image><![CDATA[2484]]></id_image>
</product_attribute_image>
<product_attribute_image><id_product_attribute><![CDATA[1713]]></id_product_attribute>
<id_image><![CDATA[2485]]></id_image>
</product_attribute_image>
<product_attribute_image><id_product_attribute><![CDATA[1715]]></id_product_attribute>
<id_image><![CDATA[2486]]></id_image>
</product_attribute_image>
<product_attribute_image><id_product_attribute><![CDATA[1716]]></id_product_attribute>
<id_image><![CDATA[2487]]></id_image>
</product_attribute_image>
<product_attribute_image><id_product_attribute><![CDATA[1714]]></id_product_attribute>
<id_image><![CDATA[2488]]></id_image>
</product_attribute_image>
<product_attribute_image><id_product_attribute><![CDATA[1714]]></id_product_attribute>
<id_image><![CDATA[2489]]></id_image>
</product_attribute_image>
<product_attribute_image><id_product_attribute><![CDATA[1715]]></id_product_attribute>
<id_image><![CDATA[2490]]></id_image>
</product_attribute_image>
<product_attribute_image><id_product_attribute><![CDATA[1716]]></id_product_attribute>
<id_image><![CDATA[2491]]></id_image>
</product_attribute_image>
<product_attribute_image><id_product_attribute><![CDATA[1718]]></id_product_attribute>
<id_image><![CDATA[2492]]></id_image>
</product_attribute_image>
<product_attribute_image><id_product_attribute><![CDATA[1719]]></id_product_attribute>
<id_image><![CDATA[2493]]></id_image>
</product_attribute_image>
<product_attribute_image><id_product_attribute><![CDATA[1720]]></id_product_attribute>
<id_image><![CDATA[2494]]></id_image>
</product_attribute_image>
<product_attribute_image><id_product_attribute><![CDATA[1719]]></id_product_attribute>
<id_image><![CDATA[2495]]></id_image>
</product_attribute_image>
<product_attribute_image><id_product_attribute><![CDATA[1720]]></id_product_attribute>
<id_image><![CDATA[2496]]></id_image>
</product_attribute_image>
<product_attribute_image><id_product_attribute><![CDATA[1718]]></id_product_attribute>
<id_image><![CDATA[2497]]></id_image>
</product_attribute_image>
<product_attribute_image><id_product_attribute><![CDATA[1723]]></id_product_attribute>
<id_image><![CDATA[2498]]></id_image>
</product_attribute_image>
<product_attribute_image><id_product_attribute><![CDATA[1724]]></id_product_attribute>
<id_image><![CDATA[2499]]></id_image>
</product_attribute_image>
<product_attribute_image><id_product_attribute><![CDATA[1722]]></id_product_attribute>
<id_image><![CDATA[2500]]></id_image>
</product_attribute_image>
<product_attribute_image><id_product_attribute><![CDATA[1722]]></id_product_attribute>
<id_image><![CDATA[2501]]></id_image>
</product_attribute_image>
<product_attribute_image><id_product_attribute><![CDATA[1723]]></id_product_attribute>
<id_image><![CDATA[2502]]></id_image>
</product_attribute_image>
<product_attribute_image><id_product_attribute><![CDATA[1724]]></id_product_attribute>
<id_image><![CDATA[2503]]></id_image>
</product_attribute_image>
<product_attribute_image><id_product_attribute><![CDATA[1727]]></id_product_attribute>
<id_image><![CDATA[2504]]></id_image>
</product_attribute_image>
<product_attribute_image><id_product_attribute><![CDATA[1728]]></id_product_attribute>
<id_image><![CDATA[2505]]></id_image>
</product_attribute_image>
<product_attribute_image><id_product_attribute><![CDATA[1726]]></id_product_attribute>
<id_image><![CDATA[2506]]></id_image>
</product_attribute_image>
<product_attribute_image><id_product_attribute><![CDATA[1726]]></id_product_attribute>
<id_image><![CDATA[2507]]></id_image>
</product_attribute_image>
<product_attribute_image><id_product_attribute><![CDATA[1727]]></id_product_attribute>
<id_image><![CDATA[2508]]></id_image>
</product_attribute_image>
<product_attribute_image><id_product_attribute><![CDATA[1728]]></id_product_attribute>
<id_image><![CDATA[2509]]></id_image>
</product_attribute_image>
<product_attribute_image><id_product_attribute><![CDATA[1731]]></id_product_attribute>
<id_image><![CDATA[2510]]></id_image>
</product_attribute_image>
<product_attribute_image><id_product_attribute><![CDATA[1732]]></id_product_attribute>
<id_image><![CDATA[2511]]></id_image>
</product_attribute_image>
<product_attribute_image><id_product_attribute><![CDATA[1730]]></id_product_attribute>
<id_image><![CDATA[2512]]></id_image>
</product_attribute_image>
<product_attribute_image><id_product_attribute><![CDATA[1732]]></id_product_attribute>
<id_image><![CDATA[2513]]></id_image>
</product_attribute_image>
<product_attribute_image><id_product_attribute><![CDATA[1730]]></id_product_attribute>
<id_image><![CDATA[2514]]></id_image>
</product_attribute_image>
<product_attribute_image><id_product_attribute><![CDATA[1731]]></id_product_attribute>
<id_image><![CDATA[2515]]></id_image>
</product_attribute_image>
<product_attribute_image><id_product_attribute><![CDATA[1735]]></id_product_attribute>
<id_image><![CDATA[2516]]></id_image>
</product_attribute_image>
<product_attribute_image><id_product_attribute><![CDATA[1736]]></id_product_attribute>
<id_image><![CDATA[2517]]></id_image>
</product_attribute_image>
<product_attribute_image><id_product_attribute><![CDATA[1734]]></id_product_attribute>
<id_image><![CDATA[2518]]></id_image>
</product_attribute_image>
<product_attribute_image><id_product_attribute><![CDATA[1736]]></id_product_attribute>
<id_image><![CDATA[2519]]></id_image>
</product_attribute_image>
<product_attribute_image><id_product_attribute><![CDATA[1734]]></id_product_attribute>
<id_image><![CDATA[2520]]></id_image>
</product_attribute_image>
<product_attribute_image><id_product_attribute><![CDATA[1735]]></id_product_attribute>
<id_image><![CDATA[2521]]></id_image>
</product_attribute_image>
<product_attribute_image><id_product_attribute><![CDATA[1738]]></id_product_attribute>
<id_image><![CDATA[2522]]></id_image>
</product_attribute_image>
<product_attribute_image><id_product_attribute><![CDATA[1739]]></id_product_attribute>
<id_image><![CDATA[2523]]></id_image>
</product_attribute_image>
<product_attribute_image><id_product_attribute><![CDATA[1740]]></id_product_attribute>
<id_image><![CDATA[2524]]></id_image>
</product_attribute_image>
<product_attribute_image><id_product_attribute><![CDATA[1740]]></id_product_attribute>
<id_image><![CDATA[2525]]></id_image>
</product_attribute_image>
<product_attribute_image><id_product_attribute><![CDATA[1738]]></id_product_attribute>
<id_image><![CDATA[2526]]></id_image>
</product_attribute_image>
<product_attribute_image><id_product_attribute><![CDATA[1739]]></id_product_attribute>
<id_image><![CDATA[2527]]></id_image>
</product_attribute_image>
<product_attribute_image><id_product_attribute><![CDATA[1743]]></id_product_attribute>
<id_image><![CDATA[2528]]></id_image>
</product_attribute_image>
<product_attribute_image><id_product_attribute><![CDATA[1744]]></id_product_attribute>
<id_image><![CDATA[2529]]></id_image>
</product_attribute_image>
<product_attribute_image><id_product_attribute><![CDATA[1742]]></id_product_attribute>
<id_image><![CDATA[2530]]></id_image>
</product_attribute_image>
<product_attribute_image><id_product_attribute><![CDATA[1744]]></id_product_attribute>
<id_image><![CDATA[2531]]></id_image>
</product_attribute_image>
<product_attribute_image><id_product_attribute><![CDATA[1742]]></id_product_attribute>
<id_image><![CDATA[2532]]></id_image>
</product_attribute_image>
<product_attribute_image><id_product_attribute><![CDATA[1743]]></id_product_attribute>
<id_image><![CDATA[2533]]></id_image>
</product_attribute_image>
<product_attribute_image><id_product_attribute><![CDATA[1747]]></id_product_attribute>
<id_image><![CDATA[2534]]></id_image>
</product_attribute_image>
<product_attribute_image><id_product_attribute><![CDATA[1748]]></id_product_attribute>
<id_image><![CDATA[2535]]></id_image>
</product_attribute_image>
<product_attribute_image><id_product_attribute><![CDATA[1746]]></id_product_attribute>
<id_image><![CDATA[2536]]></id_image>
</product_attribute_image>
<product_attribute_image><id_product_attribute><![CDATA[1748]]></id_product_attribute>
<id_image><![CDATA[2537]]></id_image>
</product_attribute_image>
<product_attribute_image><id_product_attribute><![CDATA[1746]]></id_product_attribute>
<id_image><![CDATA[2538]]></id_image>
</product_attribute_image>
<product_attribute_image><id_product_attribute><![CDATA[1747]]></id_product_attribute>
<id_image><![CDATA[2539]]></id_image>
</product_attribute_image>
<product_attribute_image><id_product_attribute><![CDATA[1751]]></id_product_attribute>
<id_image><![CDATA[2540]]></id_image>
</product_attribute_image>
<product_attribute_image><id_product_attribute><![CDATA[1752]]></id_product_attribute>
<id_image><![CDATA[2541]]></id_image>
</product_attribute_image>
<product_attribute_image><id_product_attribute><![CDATA[1749]]></id_product_attribute>
<id_image><![CDATA[2542]]></id_image>
</product_attribute_image>
<product_attribute_image><id_product_attribute><![CDATA[1752]]></id_product_attribute>
<id_image><![CDATA[2543]]></id_image>
</product_attribute_image>
<product_attribute_image><id_product_attribute><![CDATA[1749]]></id_product_attribute>
<id_image><![CDATA[2544]]></id_image>
</product_attribute_image>
<product_attribute_image><id_product_attribute><![CDATA[1751]]></id_product_attribute>
<id_image><![CDATA[2545]]></id_image>
</product_attribute_image>
<product_attribute_image><id_product_attribute><![CDATA[1756]]></id_product_attribute>
<id_image><![CDATA[2546]]></id_image>
</product_attribute_image>
<product_attribute_image><id_product_attribute><![CDATA[1754]]></id_product_attribute>
<id_image><![CDATA[2547]]></id_image>
</product_attribute_image>
<product_attribute_image><id_product_attribute><![CDATA[1755]]></id_product_attribute>
<id_image><![CDATA[2548]]></id_image>
</product_attribute_image>
<product_attribute_image><id_product_attribute><![CDATA[1756]]></id_product_attribute>
<id_image><![CDATA[2549]]></id_image>
</product_attribute_image>
<product_attribute_image><id_product_attribute><![CDATA[1754]]></id_product_attribute>
<id_image><![CDATA[2550]]></id_image>
</product_attribute_image>
<product_attribute_image><id_product_attribute><![CDATA[1755]]></id_product_attribute>
<id_image><![CDATA[2551]]></id_image>
</product_attribute_image>
<product_attribute_image><id_product_attribute><![CDATA[1759]]></id_product_attribute>
<id_image><![CDATA[2552]]></id_image>
</product_attribute_image>
<product_attribute_image><id_product_attribute><![CDATA[1760]]></id_product_attribute>
<id_image><![CDATA[2553]]></id_image>
</product_attribute_image>
<product_attribute_image><id_product_attribute><![CDATA[1758]]></id_product_attribute>
<id_image><![CDATA[2554]]></id_image>
</product_attribute_image>
<product_attribute_image><id_product_attribute><![CDATA[1759]]></id_product_attribute>
<id_image><![CDATA[2555]]></id_image>
</product_attribute_image>
<product_attribute_image><id_product_attribute><![CDATA[1760]]></id_product_attribute>
<id_image><![CDATA[2556]]></id_image>
</product_attribute_image>
<product_attribute_image><id_product_attribute><![CDATA[1758]]></id_product_attribute>
<id_image><![CDATA[2557]]></id_image>
</product_attribute_image>
<product_attribute_image><id_product_attribute><![CDATA[1763]]></id_product_attribute>
<id_image><![CDATA[2558]]></id_image>
</product_attribute_image>
<product_attribute_image><id_product_attribute><![CDATA[1764]]></id_product_attribute>
<id_image><![CDATA[2559]]></id_image>
</product_attribute_image>
<product_attribute_image><id_product_attribute><![CDATA[1762]]></id_product_attribute>
<id_image><![CDATA[2560]]></id_image>
</product_attribute_image>
<product_attribute_image><id_product_attribute><![CDATA[1764]]></id_product_attribute>
<id_image><![CDATA[2561]]></id_image>
</product_attribute_image>
<product_attribute_image><id_product_attribute><![CDATA[1762]]></id_product_attribute>
<id_image><![CDATA[2562]]></id_image>
</product_attribute_image>
<product_attribute_image><id_product_attribute><![CDATA[1763]]></id_product_attribute>
<id_image><![CDATA[2563]]></id_image>
</product_attribute_image>
<product_attribute_image><id_product_attribute><![CDATA[1766]]></id_product_attribute>
<id_image><![CDATA[2564]]></id_image>
</product_attribute_image>
</entity_profile>
