<?xml version="1.0" encoding="UTF-8"?>
<entity_profile>
<product_attribute_image><id_product_attribute><![CDATA[1767]]></id_product_attribute>
<id_image><![CDATA[2565]]></id_image>
</product_attribute_image>
<product_attribute_image><id_product_attribute><![CDATA[1768]]></id_product_attribute>
<id_image><![CDATA[2566]]></id_image>
</product_attribute_image>
<product_attribute_image><id_product_attribute><![CDATA[1768]]></id_product_attribute>
<id_image><![CDATA[2567]]></id_image>
</product_attribute_image>
<product_attribute_image><id_product_attribute><![CDATA[1766]]></id_product_attribute>
<id_image><![CDATA[2568]]></id_image>
</product_attribute_image>
<product_attribute_image><id_product_attribute><![CDATA[1767]]></id_product_attribute>
<id_image><![CDATA[2569]]></id_image>
</product_attribute_image>
<product_attribute_image><id_product_attribute><![CDATA[1771]]></id_product_attribute>
<id_image><![CDATA[2570]]></id_image>
</product_attribute_image>
<product_attribute_image><id_product_attribute><![CDATA[1772]]></id_product_attribute>
<id_image><![CDATA[2571]]></id_image>
</product_attribute_image>
<product_attribute_image><id_product_attribute><![CDATA[1770]]></id_product_attribute>
<id_image><![CDATA[2572]]></id_image>
</product_attribute_image>
<product_attribute_image><id_product_attribute><![CDATA[1772]]></id_product_attribute>
<id_image><![CDATA[2573]]></id_image>
</product_attribute_image>
<product_attribute_image><id_product_attribute><![CDATA[1770]]></id_product_attribute>
<id_image><![CDATA[2574]]></id_image>
</product_attribute_image>
<product_attribute_image><id_product_attribute><![CDATA[1771]]></id_product_attribute>
<id_image><![CDATA[2575]]></id_image>
</product_attribute_image>
<product_attribute_image><id_product_attribute><![CDATA[1775]]></id_product_attribute>
<id_image><![CDATA[2576]]></id_image>
</product_attribute_image>
<product_attribute_image><id_product_attribute><![CDATA[1776]]></id_product_attribute>
<id_image><![CDATA[2577]]></id_image>
</product_attribute_image>
<product_attribute_image><id_product_attribute><![CDATA[1774]]></id_product_attribute>
<id_image><![CDATA[2578]]></id_image>
</product_attribute_image>
<product_attribute_image><id_product_attribute><![CDATA[1776]]></id_product_attribute>
<id_image><![CDATA[2579]]></id_image>
</product_attribute_image>
<product_attribute_image><id_product_attribute><![CDATA[1774]]></id_product_attribute>
<id_image><![CDATA[2580]]></id_image>
</product_attribute_image>
<product_attribute_image><id_product_attribute><![CDATA[1775]]></id_product_attribute>
<id_image><![CDATA[2581]]></id_image>
</product_attribute_image>
<product_attribute_image><id_product_attribute><![CDATA[1777]]></id_product_attribute>
<id_image><![CDATA[2582]]></id_image>
</product_attribute_image>
<product_attribute_image><id_product_attribute><![CDATA[1778]]></id_product_attribute>
<id_image><![CDATA[2583]]></id_image>
</product_attribute_image>
<product_attribute_image><id_product_attribute><![CDATA[1779]]></id_product_attribute>
<id_image><![CDATA[2584]]></id_image>
</product_attribute_image>
<product_attribute_image><id_product_attribute><![CDATA[1780]]></id_product_attribute>
<id_image><![CDATA[2585]]></id_image>
</product_attribute_image>
<product_attribute_image><id_product_attribute><![CDATA[1779]]></id_product_attribute>
<id_image><![CDATA[2586]]></id_image>
</product_attribute_image>
<product_attribute_image><id_product_attribute><![CDATA[1780]]></id_product_attribute>
<id_image><![CDATA[2587]]></id_image>
</product_attribute_image>
<product_attribute_image><id_product_attribute><![CDATA[1778]]></id_product_attribute>
<id_image><![CDATA[2588]]></id_image>
</product_attribute_image>
<product_attribute_image><id_product_attribute><![CDATA[1781]]></id_product_attribute>
<id_image><![CDATA[2589]]></id_image>
</product_attribute_image>
<product_attribute_image><id_product_attribute><![CDATA[1782]]></id_product_attribute>
<id_image><![CDATA[2590]]></id_image>
</product_attribute_image>
<product_attribute_image><id_product_attribute><![CDATA[1783]]></id_product_attribute>
<id_image><![CDATA[2591]]></id_image>
</product_attribute_image>
<product_attribute_image><id_product_attribute><![CDATA[1784]]></id_product_attribute>
<id_image><![CDATA[2592]]></id_image>
</product_attribute_image>
<product_attribute_image><id_product_attribute><![CDATA[1782]]></id_product_attribute>
<id_image><![CDATA[2593]]></id_image>
</product_attribute_image>
<product_attribute_image><id_product_attribute><![CDATA[1783]]></id_product_attribute>
<id_image><![CDATA[2594]]></id_image>
</product_attribute_image>
<product_attribute_image><id_product_attribute><![CDATA[1784]]></id_product_attribute>
<id_image><![CDATA[2595]]></id_image>
</product_attribute_image>
<product_attribute_image><id_product_attribute><![CDATA[1785]]></id_product_attribute>
<id_image><![CDATA[2596]]></id_image>
</product_attribute_image>
<product_attribute_image><id_product_attribute><![CDATA[1787]]></id_product_attribute>
<id_image><![CDATA[2597]]></id_image>
</product_attribute_image>
<product_attribute_image><id_product_attribute><![CDATA[1788]]></id_product_attribute>
<id_image><![CDATA[2598]]></id_image>
</product_attribute_image>
<product_attribute_image><id_product_attribute><![CDATA[1786]]></id_product_attribute>
<id_image><![CDATA[2599]]></id_image>
</product_attribute_image>
<product_attribute_image><id_product_attribute><![CDATA[1788]]></id_product_attribute>
<id_image><![CDATA[2600]]></id_image>
</product_attribute_image>
<product_attribute_image><id_product_attribute><![CDATA[1786]]></id_product_attribute>
<id_image><![CDATA[2601]]></id_image>
</product_attribute_image>
<product_attribute_image><id_product_attribute><![CDATA[1787]]></id_product_attribute>
<id_image><![CDATA[2602]]></id_image>
</product_attribute_image>
<product_attribute_image><id_product_attribute><![CDATA[1789]]></id_product_attribute>
<id_image><![CDATA[2603]]></id_image>
</product_attribute_image>
<product_attribute_image><id_product_attribute><![CDATA[1791]]></id_product_attribute>
<id_image><![CDATA[2604]]></id_image>
</product_attribute_image>
<product_attribute_image><id_product_attribute><![CDATA[1792]]></id_product_attribute>
<id_image><![CDATA[2605]]></id_image>
</product_attribute_image>
<product_attribute_image><id_product_attribute><![CDATA[1790]]></id_product_attribute>
<id_image><![CDATA[2606]]></id_image>
</product_attribute_image>
<product_attribute_image><id_product_attribute><![CDATA[1790]]></id_product_attribute>
<id_image><![CDATA[2607]]></id_image>
</product_attribute_image>
<product_attribute_image><id_product_attribute><![CDATA[1791]]></id_product_attribute>
<id_image><![CDATA[2608]]></id_image>
</product_attribute_image>
<product_attribute_image><id_product_attribute><![CDATA[1792]]></id_product_attribute>
<id_image><![CDATA[2609]]></id_image>
</product_attribute_image>
<product_attribute_image><id_product_attribute><![CDATA[1793]]></id_product_attribute>
<id_image><![CDATA[2610]]></id_image>
</product_attribute_image>
<product_attribute_image><id_product_attribute><![CDATA[1795]]></id_product_attribute>
<id_image><![CDATA[2611]]></id_image>
</product_attribute_image>
<product_attribute_image><id_product_attribute><![CDATA[1796]]></id_product_attribute>
<id_image><![CDATA[2612]]></id_image>
</product_attribute_image>
<product_attribute_image><id_product_attribute><![CDATA[1794]]></id_product_attribute>
<id_image><![CDATA[2613]]></id_image>
</product_attribute_image>
<product_attribute_image><id_product_attribute><![CDATA[1796]]></id_product_attribute>
<id_image><![CDATA[2614]]></id_image>
</product_attribute_image>
<product_attribute_image><id_product_attribute><![CDATA[1794]]></id_product_attribute>
<id_image><![CDATA[2615]]></id_image>
</product_attribute_image>
<product_attribute_image><id_product_attribute><![CDATA[1795]]></id_product_attribute>
<id_image><![CDATA[2616]]></id_image>
</product_attribute_image>
<product_attribute_image><id_product_attribute><![CDATA[1797]]></id_product_attribute>
<id_image><![CDATA[2617]]></id_image>
</product_attribute_image>
<product_attribute_image><id_product_attribute><![CDATA[1799]]></id_product_attribute>
<id_image><![CDATA[2618]]></id_image>
</product_attribute_image>
<product_attribute_image><id_product_attribute><![CDATA[1800]]></id_product_attribute>
<id_image><![CDATA[2619]]></id_image>
</product_attribute_image>
<product_attribute_image><id_product_attribute><![CDATA[1798]]></id_product_attribute>
<id_image><![CDATA[2620]]></id_image>
</product_attribute_image>
<product_attribute_image><id_product_attribute><![CDATA[1798]]></id_product_attribute>
<id_image><![CDATA[2621]]></id_image>
</product_attribute_image>
<product_attribute_image><id_product_attribute><![CDATA[1799]]></id_product_attribute>
<id_image><![CDATA[2622]]></id_image>
</product_attribute_image>
<product_attribute_image><id_product_attribute><![CDATA[1800]]></id_product_attribute>
<id_image><![CDATA[2623]]></id_image>
</product_attribute_image>
<product_attribute_image><id_product_attribute><![CDATA[1802]]></id_product_attribute>
<id_image><![CDATA[2624]]></id_image>
</product_attribute_image>
<product_attribute_image><id_product_attribute><![CDATA[1803]]></id_product_attribute>
<id_image><![CDATA[2625]]></id_image>
</product_attribute_image>
<product_attribute_image><id_product_attribute><![CDATA[1804]]></id_product_attribute>
<id_image><![CDATA[2626]]></id_image>
</product_attribute_image>
<product_attribute_image><id_product_attribute><![CDATA[1804]]></id_product_attribute>
<id_image><![CDATA[2627]]></id_image>
</product_attribute_image>
<product_attribute_image><id_product_attribute><![CDATA[1802]]></id_product_attribute>
<id_image><![CDATA[2628]]></id_image>
</product_attribute_image>
<product_attribute_image><id_product_attribute><![CDATA[1803]]></id_product_attribute>
<id_image><![CDATA[2629]]></id_image>
</product_attribute_image>
<product_attribute_image><id_product_attribute><![CDATA[1807]]></id_product_attribute>
<id_image><![CDATA[2630]]></id_image>
</product_attribute_image>
<product_attribute_image><id_product_attribute><![CDATA[1808]]></id_product_attribute>
<id_image><![CDATA[2631]]></id_image>
</product_attribute_image>
<product_attribute_image><id_product_attribute><![CDATA[1806]]></id_product_attribute>
<id_image><![CDATA[2632]]></id_image>
</product_attribute_image>
<product_attribute_image><id_product_attribute><![CDATA[1808]]></id_product_attribute>
<id_image><![CDATA[2633]]></id_image>
</product_attribute_image>
<product_attribute_image><id_product_attribute><![CDATA[1806]]></id_product_attribute>
<id_image><![CDATA[2634]]></id_image>
</product_attribute_image>
<product_attribute_image><id_product_attribute><![CDATA[1807]]></id_product_attribute>
<id_image><![CDATA[2635]]></id_image>
</product_attribute_image>
<product_attribute_image><id_product_attribute><![CDATA[1811]]></id_product_attribute>
<id_image><![CDATA[2636]]></id_image>
</product_attribute_image>
<product_attribute_image><id_product_attribute><![CDATA[1812]]></id_product_attribute>
<id_image><![CDATA[2637]]></id_image>
</product_attribute_image>
<product_attribute_image><id_product_attribute><![CDATA[1810]]></id_product_attribute>
<id_image><![CDATA[2638]]></id_image>
</product_attribute_image>
<product_attribute_image><id_product_attribute><![CDATA[1812]]></id_product_attribute>
<id_image><![CDATA[2639]]></id_image>
</product_attribute_image>
<product_attribute_image><id_product_attribute><![CDATA[1810]]></id_product_attribute>
<id_image><![CDATA[2640]]></id_image>
</product_attribute_image>
<product_attribute_image><id_product_attribute><![CDATA[1811]]></id_product_attribute>
<id_image><![CDATA[2641]]></id_image>
</product_attribute_image>
<product_attribute_image><id_product_attribute><![CDATA[1816]]></id_product_attribute>
<id_image><![CDATA[2642]]></id_image>
</product_attribute_image>
<product_attribute_image><id_product_attribute><![CDATA[1815]]></id_product_attribute>
<id_image><![CDATA[2643]]></id_image>
</product_attribute_image>
<product_attribute_image><id_product_attribute><![CDATA[1814]]></id_product_attribute>
<id_image><![CDATA[2644]]></id_image>
</product_attribute_image>
<product_attribute_image><id_product_attribute><![CDATA[1815]]></id_product_attribute>
<id_image><![CDATA[2645]]></id_image>
</product_attribute_image>
<product_attribute_image><id_product_attribute><![CDATA[1814]]></id_product_attribute>
<id_image><![CDATA[2646]]></id_image>
</product_attribute_image>
<product_attribute_image><id_product_attribute><![CDATA[1816]]></id_product_attribute>
<id_image><![CDATA[2647]]></id_image>
</product_attribute_image>
<product_attribute_image><id_product_attribute><![CDATA[1818]]></id_product_attribute>
<id_image><![CDATA[2648]]></id_image>
</product_attribute_image>
<product_attribute_image><id_product_attribute><![CDATA[1819]]></id_product_attribute>
<id_image><![CDATA[2649]]></id_image>
</product_attribute_image>
<product_attribute_image><id_product_attribute><![CDATA[1820]]></id_product_attribute>
<id_image><![CDATA[2650]]></id_image>
</product_attribute_image>
<product_attribute_image><id_product_attribute><![CDATA[1820]]></id_product_attribute>
<id_image><![CDATA[2651]]></id_image>
</product_attribute_image>
<product_attribute_image><id_product_attribute><![CDATA[1818]]></id_product_attribute>
<id_image><![CDATA[2652]]></id_image>
</product_attribute_image>
<product_attribute_image><id_product_attribute><![CDATA[1819]]></id_product_attribute>
<id_image><![CDATA[2653]]></id_image>
</product_attribute_image>
<product_attribute_image><id_product_attribute><![CDATA[1822]]></id_product_attribute>
<id_image><![CDATA[2654]]></id_image>
</product_attribute_image>
<product_attribute_image><id_product_attribute><![CDATA[1823]]></id_product_attribute>
<id_image><![CDATA[2655]]></id_image>
</product_attribute_image>
<product_attribute_image><id_product_attribute><![CDATA[1824]]></id_product_attribute>
<id_image><![CDATA[2656]]></id_image>
</product_attribute_image>
<product_attribute_image><id_product_attribute><![CDATA[1824]]></id_product_attribute>
<id_image><![CDATA[2657]]></id_image>
</product_attribute_image>
<product_attribute_image><id_product_attribute><![CDATA[1822]]></id_product_attribute>
<id_image><![CDATA[2658]]></id_image>
</product_attribute_image>
<product_attribute_image><id_product_attribute><![CDATA[1823]]></id_product_attribute>
<id_image><![CDATA[2659]]></id_image>
</product_attribute_image>
<product_attribute_image><id_product_attribute><![CDATA[1837]]></id_product_attribute>
<id_image><![CDATA[2660]]></id_image>
</product_attribute_image>
<product_attribute_image><id_product_attribute><![CDATA[1853]]></id_product_attribute>
<id_image><![CDATA[2661]]></id_image>
</product_attribute_image>
<product_attribute_image><id_product_attribute><![CDATA[1857]]></id_product_attribute>
<id_image><![CDATA[2662]]></id_image>
</product_attribute_image>
<product_attribute_image><id_product_attribute><![CDATA[1861]]></id_product_attribute>
<id_image><![CDATA[2663]]></id_image>
</product_attribute_image>
<product_attribute_image><id_product_attribute><![CDATA[1825]]></id_product_attribute>
<id_image><![CDATA[2664]]></id_image>
</product_attribute_image>
<product_attribute_image><id_product_attribute><![CDATA[1865]]></id_product_attribute>
<id_image><![CDATA[2665]]></id_image>
</product_attribute_image>
<product_attribute_image><id_product_attribute><![CDATA[1829]]></id_product_attribute>
<id_image><![CDATA[2666]]></id_image>
</product_attribute_image>
<product_attribute_image><id_product_attribute><![CDATA[1833]]></id_product_attribute>
<id_image><![CDATA[2667]]></id_image>
</product_attribute_image>
<product_attribute_image><id_product_attribute><![CDATA[1841]]></id_product_attribute>
<id_image><![CDATA[2668]]></id_image>
</product_attribute_image>
<product_attribute_image><id_product_attribute><![CDATA[7728]]></id_product_attribute>
<id_image><![CDATA[2669]]></id_image>
</product_attribute_image>
<product_attribute_image><id_product_attribute><![CDATA[1849]]></id_product_attribute>
<id_image><![CDATA[2670]]></id_image>
</product_attribute_image>
<product_attribute_image><id_product_attribute><![CDATA[1869]]></id_product_attribute>
<id_image><![CDATA[2671]]></id_image>
</product_attribute_image>
<product_attribute_image><id_product_attribute><![CDATA[1826]]></id_product_attribute>
<id_image><![CDATA[2672]]></id_image>
</product_attribute_image>
<product_attribute_image><id_product_attribute><![CDATA[1827]]></id_product_attribute>
<id_image><![CDATA[2673]]></id_image>
</product_attribute_image>
<product_attribute_image><id_product_attribute><![CDATA[1828]]></id_product_attribute>
<id_image><![CDATA[2674]]></id_image>
</product_attribute_image>
<product_attribute_image><id_product_attribute><![CDATA[1826]]></id_product_attribute>
<id_image><![CDATA[2675]]></id_image>
</product_attribute_image>
<product_attribute_image><id_product_attribute><![CDATA[1827]]></id_product_attribute>
<id_image><![CDATA[2676]]></id_image>
</product_attribute_image>
<product_attribute_image><id_product_attribute><![CDATA[1828]]></id_product_attribute>
<id_image><![CDATA[2677]]></id_image>
</product_attribute_image>
<product_attribute_image><id_product_attribute><![CDATA[1830]]></id_product_attribute>
<id_image><![CDATA[2678]]></id_image>
</product_attribute_image>
<product_attribute_image><id_product_attribute><![CDATA[1831]]></id_product_attribute>
<id_image><![CDATA[2679]]></id_image>
</product_attribute_image>
<product_attribute_image><id_product_attribute><![CDATA[1832]]></id_product_attribute>
<id_image><![CDATA[2680]]></id_image>
</product_attribute_image>
<product_attribute_image><id_product_attribute><![CDATA[1830]]></id_product_attribute>
<id_image><![CDATA[2681]]></id_image>
</product_attribute_image>
<product_attribute_image><id_product_attribute><![CDATA[1831]]></id_product_attribute>
<id_image><![CDATA[2682]]></id_image>
</product_attribute_image>
<product_attribute_image><id_product_attribute><![CDATA[1832]]></id_product_attribute>
<id_image><![CDATA[2683]]></id_image>
</product_attribute_image>
<product_attribute_image><id_product_attribute><![CDATA[1834]]></id_product_attribute>
<id_image><![CDATA[2684]]></id_image>
</product_attribute_image>
<product_attribute_image><id_product_attribute><![CDATA[7803]]></id_product_attribute>
<id_image><![CDATA[2684]]></id_image>
</product_attribute_image>
<product_attribute_image><id_product_attribute><![CDATA[1835]]></id_product_attribute>
<id_image><![CDATA[2685]]></id_image>
</product_attribute_image>
<product_attribute_image><id_product_attribute><![CDATA[7804]]></id_product_attribute>
<id_image><![CDATA[2685]]></id_image>
</product_attribute_image>
<product_attribute_image><id_product_attribute><![CDATA[1836]]></id_product_attribute>
<id_image><![CDATA[2686]]></id_image>
</product_attribute_image>
<product_attribute_image><id_product_attribute><![CDATA[7805]]></id_product_attribute>
<id_image><![CDATA[2686]]></id_image>
</product_attribute_image>
<product_attribute_image><id_product_attribute><![CDATA[1834]]></id_product_attribute>
<id_image><![CDATA[2687]]></id_image>
</product_attribute_image>
<product_attribute_image><id_product_attribute><![CDATA[1835]]></id_product_attribute>
<id_image><![CDATA[2688]]></id_image>
</product_attribute_image>
<product_attribute_image><id_product_attribute><![CDATA[1836]]></id_product_attribute>
<id_image><![CDATA[2689]]></id_image>
</product_attribute_image>
<product_attribute_image><id_product_attribute><![CDATA[1839]]></id_product_attribute>
<id_image><![CDATA[2690]]></id_image>
</product_attribute_image>
<product_attribute_image><id_product_attribute><![CDATA[1840]]></id_product_attribute>
<id_image><![CDATA[2691]]></id_image>
</product_attribute_image>
<product_attribute_image><id_product_attribute><![CDATA[1838]]></id_product_attribute>
<id_image><![CDATA[2692]]></id_image>
</product_attribute_image>
<product_attribute_image><id_product_attribute><![CDATA[1838]]></id_product_attribute>
<id_image><![CDATA[2693]]></id_image>
</product_attribute_image>
<product_attribute_image><id_product_attribute><![CDATA[1839]]></id_product_attribute>
<id_image><![CDATA[2694]]></id_image>
</product_attribute_image>
<product_attribute_image><id_product_attribute><![CDATA[1840]]></id_product_attribute>
<id_image><![CDATA[2695]]></id_image>
</product_attribute_image>
<product_attribute_image><id_product_attribute><![CDATA[1842]]></id_product_attribute>
<id_image><![CDATA[2696]]></id_image>
</product_attribute_image>
<product_attribute_image><id_product_attribute><![CDATA[1843]]></id_product_attribute>
<id_image><![CDATA[2697]]></id_image>
</product_attribute_image>
<product_attribute_image><id_product_attribute><![CDATA[1844]]></id_product_attribute>
<id_image><![CDATA[2698]]></id_image>
</product_attribute_image>
<product_attribute_image><id_product_attribute><![CDATA[1842]]></id_product_attribute>
<id_image><![CDATA[2699]]></id_image>
</product_attribute_image>
<product_attribute_image><id_product_attribute><![CDATA[1843]]></id_product_attribute>
<id_image><![CDATA[2700]]></id_image>
</product_attribute_image>
<product_attribute_image><id_product_attribute><![CDATA[1844]]></id_product_attribute>
<id_image><![CDATA[2701]]></id_image>
</product_attribute_image>
<product_attribute_image><id_product_attribute><![CDATA[1846]]></id_product_attribute>
<id_image><![CDATA[2702]]></id_image>
</product_attribute_image>
<product_attribute_image><id_product_attribute><![CDATA[1847]]></id_product_attribute>
<id_image><![CDATA[2703]]></id_image>
</product_attribute_image>
<product_attribute_image><id_product_attribute><![CDATA[1848]]></id_product_attribute>
<id_image><![CDATA[2704]]></id_image>
</product_attribute_image>
<product_attribute_image><id_product_attribute><![CDATA[1846]]></id_product_attribute>
<id_image><![CDATA[2705]]></id_image>
</product_attribute_image>
<product_attribute_image><id_product_attribute><![CDATA[1847]]></id_product_attribute>
<id_image><![CDATA[2706]]></id_image>
</product_attribute_image>
<product_attribute_image><id_product_attribute><![CDATA[1848]]></id_product_attribute>
<id_image><![CDATA[2707]]></id_image>
</product_attribute_image>
<product_attribute_image><id_product_attribute><![CDATA[1851]]></id_product_attribute>
<id_image><![CDATA[2708]]></id_image>
</product_attribute_image>
<product_attribute_image><id_product_attribute><![CDATA[1850]]></id_product_attribute>
<id_image><![CDATA[2709]]></id_image>
</product_attribute_image>
<product_attribute_image><id_product_attribute><![CDATA[1852]]></id_product_attribute>
<id_image><![CDATA[2710]]></id_image>
</product_attribute_image>
<product_attribute_image><id_product_attribute><![CDATA[1850]]></id_product_attribute>
<id_image><![CDATA[2711]]></id_image>
</product_attribute_image>
<product_attribute_image><id_product_attribute><![CDATA[1851]]></id_product_attribute>
<id_image><![CDATA[2712]]></id_image>
</product_attribute_image>
<product_attribute_image><id_product_attribute><![CDATA[1852]]></id_product_attribute>
<id_image><![CDATA[2713]]></id_image>
</product_attribute_image>
<product_attribute_image><id_product_attribute><![CDATA[1854]]></id_product_attribute>
<id_image><![CDATA[2714]]></id_image>
</product_attribute_image>
<product_attribute_image><id_product_attribute><![CDATA[1855]]></id_product_attribute>
<id_image><![CDATA[2715]]></id_image>
</product_attribute_image>
<product_attribute_image><id_product_attribute><![CDATA[1856]]></id_product_attribute>
<id_image><![CDATA[2716]]></id_image>
</product_attribute_image>
<product_attribute_image><id_product_attribute><![CDATA[1854]]></id_product_attribute>
<id_image><![CDATA[2717]]></id_image>
</product_attribute_image>
<product_attribute_image><id_product_attribute><![CDATA[1855]]></id_product_attribute>
<id_image><![CDATA[2718]]></id_image>
</product_attribute_image>
<product_attribute_image><id_product_attribute><![CDATA[1856]]></id_product_attribute>
<id_image><![CDATA[2719]]></id_image>
</product_attribute_image>
<product_attribute_image><id_product_attribute><![CDATA[1859]]></id_product_attribute>
<id_image><![CDATA[2720]]></id_image>
</product_attribute_image>
<product_attribute_image><id_product_attribute><![CDATA[1860]]></id_product_attribute>
<id_image><![CDATA[2721]]></id_image>
</product_attribute_image>
<product_attribute_image><id_product_attribute><![CDATA[1858]]></id_product_attribute>
<id_image><![CDATA[2722]]></id_image>
</product_attribute_image>
<product_attribute_image><id_product_attribute><![CDATA[1860]]></id_product_attribute>
<id_image><![CDATA[2723]]></id_image>
</product_attribute_image>
<product_attribute_image><id_product_attribute><![CDATA[1858]]></id_product_attribute>
<id_image><![CDATA[2724]]></id_image>
</product_attribute_image>
<product_attribute_image><id_product_attribute><![CDATA[1859]]></id_product_attribute>
<id_image><![CDATA[2725]]></id_image>
</product_attribute_image>
<product_attribute_image><id_product_attribute><![CDATA[1863]]></id_product_attribute>
<id_image><![CDATA[2726]]></id_image>
</product_attribute_image>
<product_attribute_image><id_product_attribute><![CDATA[1864]]></id_product_attribute>
<id_image><![CDATA[2727]]></id_image>
</product_attribute_image>
<product_attribute_image><id_product_attribute><![CDATA[1862]]></id_product_attribute>
<id_image><![CDATA[2728]]></id_image>
</product_attribute_image>
<product_attribute_image><id_product_attribute><![CDATA[1862]]></id_product_attribute>
<id_image><![CDATA[2729]]></id_image>
</product_attribute_image>
<product_attribute_image><id_product_attribute><![CDATA[1863]]></id_product_attribute>
<id_image><![CDATA[2730]]></id_image>
</product_attribute_image>
<product_attribute_image><id_product_attribute><![CDATA[1864]]></id_product_attribute>
<id_image><![CDATA[2731]]></id_image>
</product_attribute_image>
<product_attribute_image><id_product_attribute><![CDATA[1866]]></id_product_attribute>
<id_image><![CDATA[2732]]></id_image>
</product_attribute_image>
<product_attribute_image><id_product_attribute><![CDATA[1867]]></id_product_attribute>
<id_image><![CDATA[2733]]></id_image>
</product_attribute_image>
<product_attribute_image><id_product_attribute><![CDATA[1868]]></id_product_attribute>
<id_image><![CDATA[2734]]></id_image>
</product_attribute_image>
<product_attribute_image><id_product_attribute><![CDATA[1866]]></id_product_attribute>
<id_image><![CDATA[2735]]></id_image>
</product_attribute_image>
<product_attribute_image><id_product_attribute><![CDATA[1867]]></id_product_attribute>
<id_image><![CDATA[2736]]></id_image>
</product_attribute_image>
<product_attribute_image><id_product_attribute><![CDATA[1868]]></id_product_attribute>
<id_image><![CDATA[2737]]></id_image>
</product_attribute_image>
<product_attribute_image><id_product_attribute><![CDATA[1871]]></id_product_attribute>
<id_image><![CDATA[2738]]></id_image>
</product_attribute_image>
<product_attribute_image><id_product_attribute><![CDATA[1872]]></id_product_attribute>
<id_image><![CDATA[2739]]></id_image>
</product_attribute_image>
<product_attribute_image><id_product_attribute><![CDATA[1870]]></id_product_attribute>
<id_image><![CDATA[2740]]></id_image>
</product_attribute_image>
<product_attribute_image><id_product_attribute><![CDATA[1870]]></id_product_attribute>
<id_image><![CDATA[2741]]></id_image>
</product_attribute_image>
<product_attribute_image><id_product_attribute><![CDATA[1871]]></id_product_attribute>
<id_image><![CDATA[2742]]></id_image>
</product_attribute_image>
<product_attribute_image><id_product_attribute><![CDATA[1872]]></id_product_attribute>
<id_image><![CDATA[2743]]></id_image>
</product_attribute_image>
<product_attribute_image><id_product_attribute><![CDATA[1874]]></id_product_attribute>
<id_image><![CDATA[2744]]></id_image>
</product_attribute_image>
<product_attribute_image><id_product_attribute><![CDATA[1875]]></id_product_attribute>
<id_image><![CDATA[2745]]></id_image>
</product_attribute_image>
<product_attribute_image><id_product_attribute><![CDATA[1876]]></id_product_attribute>
<id_image><![CDATA[2746]]></id_image>
</product_attribute_image>
<product_attribute_image><id_product_attribute><![CDATA[1874]]></id_product_attribute>
<id_image><![CDATA[2747]]></id_image>
</product_attribute_image>
<product_attribute_image><id_product_attribute><![CDATA[1876]]></id_product_attribute>
<id_image><![CDATA[2748]]></id_image>
</product_attribute_image>
<product_attribute_image><id_product_attribute><![CDATA[1875]]></id_product_attribute>
<id_image><![CDATA[2749]]></id_image>
</product_attribute_image>
<product_attribute_image><id_product_attribute><![CDATA[1879]]></id_product_attribute>
<id_image><![CDATA[2750]]></id_image>
</product_attribute_image>
<product_attribute_image><id_product_attribute><![CDATA[1880]]></id_product_attribute>
<id_image><![CDATA[2751]]></id_image>
</product_attribute_image>
<product_attribute_image><id_product_attribute><![CDATA[1878]]></id_product_attribute>
<id_image><![CDATA[2752]]></id_image>
</product_attribute_image>
<product_attribute_image><id_product_attribute><![CDATA[1880]]></id_product_attribute>
<id_image><![CDATA[2753]]></id_image>
</product_attribute_image>
<product_attribute_image><id_product_attribute><![CDATA[1878]]></id_product_attribute>
<id_image><![CDATA[2754]]></id_image>
</product_attribute_image>
<product_attribute_image><id_product_attribute><![CDATA[1879]]></id_product_attribute>
<id_image><![CDATA[2755]]></id_image>
</product_attribute_image>
<product_attribute_image><id_product_attribute><![CDATA[1882]]></id_product_attribute>
<id_image><![CDATA[2756]]></id_image>
</product_attribute_image>
<product_attribute_image><id_product_attribute><![CDATA[1883]]></id_product_attribute>
<id_image><![CDATA[2757]]></id_image>
</product_attribute_image>
<product_attribute_image><id_product_attribute><![CDATA[1884]]></id_product_attribute>
<id_image><![CDATA[2758]]></id_image>
</product_attribute_image>
<product_attribute_image><id_product_attribute><![CDATA[1884]]></id_product_attribute>
<id_image><![CDATA[2759]]></id_image>
</product_attribute_image>
<product_attribute_image><id_product_attribute><![CDATA[1882]]></id_product_attribute>
<id_image><![CDATA[2760]]></id_image>
</product_attribute_image>
<product_attribute_image><id_product_attribute><![CDATA[1883]]></id_product_attribute>
<id_image><![CDATA[2761]]></id_image>
</product_attribute_image>
<product_attribute_image><id_product_attribute><![CDATA[1886]]></id_product_attribute>
<id_image><![CDATA[2762]]></id_image>
</product_attribute_image>
<product_attribute_image><id_product_attribute><![CDATA[1887]]></id_product_attribute>
<id_image><![CDATA[2763]]></id_image>
</product_attribute_image>
<product_attribute_image><id_product_attribute><![CDATA[1888]]></id_product_attribute>
<id_image><![CDATA[2764]]></id_image>
</product_attribute_image>
<product_attribute_image><id_product_attribute><![CDATA[1888]]></id_product_attribute>
<id_image><![CDATA[2765]]></id_image>
</product_attribute_image>
<product_attribute_image><id_product_attribute><![CDATA[1886]]></id_product_attribute>
<id_image><![CDATA[2766]]></id_image>
</product_attribute_image>
<product_attribute_image><id_product_attribute><![CDATA[1887]]></id_product_attribute>
<id_image><![CDATA[2767]]></id_image>
</product_attribute_image>
<product_attribute_image><id_product_attribute><![CDATA[1890]]></id_product_attribute>
<id_image><![CDATA[2768]]></id_image>
</product_attribute_image>
<product_attribute_image><id_product_attribute><![CDATA[1891]]></id_product_attribute>
<id_image><![CDATA[2769]]></id_image>
</product_attribute_image>
<product_attribute_image><id_product_attribute><![CDATA[1892]]></id_product_attribute>
<id_image><![CDATA[2770]]></id_image>
</product_attribute_image>
<product_attribute_image><id_product_attribute><![CDATA[1892]]></id_product_attribute>
<id_image><![CDATA[2771]]></id_image>
</product_attribute_image>
<product_attribute_image><id_product_attribute><![CDATA[1890]]></id_product_attribute>
<id_image><![CDATA[2772]]></id_image>
</product_attribute_image>
<product_attribute_image><id_product_attribute><![CDATA[1891]]></id_product_attribute>
<id_image><![CDATA[2773]]></id_image>
</product_attribute_image>
<product_attribute_image><id_product_attribute><![CDATA[1894]]></id_product_attribute>
<id_image><![CDATA[2774]]></id_image>
</product_attribute_image>
<product_attribute_image><id_product_attribute><![CDATA[1895]]></id_product_attribute>
<id_image><![CDATA[2775]]></id_image>
</product_attribute_image>
<product_attribute_image><id_product_attribute><![CDATA[1896]]></id_product_attribute>
<id_image><![CDATA[2776]]></id_image>
</product_attribute_image>
<product_attribute_image><id_product_attribute><![CDATA[1896]]></id_product_attribute>
<id_image><![CDATA[2777]]></id_image>
</product_attribute_image>
<product_attribute_image><id_product_attribute><![CDATA[1894]]></id_product_attribute>
<id_image><![CDATA[2778]]></id_image>
</product_attribute_image>
<product_attribute_image><id_product_attribute><![CDATA[1895]]></id_product_attribute>
<id_image><![CDATA[2779]]></id_image>
</product_attribute_image>
<product_attribute_image><id_product_attribute><![CDATA[1898]]></id_product_attribute>
<id_image><![CDATA[2780]]></id_image>
</product_attribute_image>
<product_attribute_image><id_product_attribute><![CDATA[1899]]></id_product_attribute>
<id_image><![CDATA[2781]]></id_image>
</product_attribute_image>
<product_attribute_image><id_product_attribute><![CDATA[1900]]></id_product_attribute>
<id_image><![CDATA[2782]]></id_image>
</product_attribute_image>
<product_attribute_image><id_product_attribute><![CDATA[1900]]></id_product_attribute>
<id_image><![CDATA[2783]]></id_image>
</product_attribute_image>
<product_attribute_image><id_product_attribute><![CDATA[1898]]></id_product_attribute>
<id_image><![CDATA[2784]]></id_image>
</product_attribute_image>
<product_attribute_image><id_product_attribute><![CDATA[1899]]></id_product_attribute>
<id_image><![CDATA[2785]]></id_image>
</product_attribute_image>
<product_attribute_image><id_product_attribute><![CDATA[1903]]></id_product_attribute>
<id_image><![CDATA[2786]]></id_image>
</product_attribute_image>
<product_attribute_image><id_product_attribute><![CDATA[1904]]></id_product_attribute>
<id_image><![CDATA[2787]]></id_image>
</product_attribute_image>
<product_attribute_image><id_product_attribute><![CDATA[1902]]></id_product_attribute>
<id_image><![CDATA[2788]]></id_image>
</product_attribute_image>
<product_attribute_image><id_product_attribute><![CDATA[1904]]></id_product_attribute>
<id_image><![CDATA[2789]]></id_image>
</product_attribute_image>
<product_attribute_image><id_product_attribute><![CDATA[1902]]></id_product_attribute>
<id_image><![CDATA[2790]]></id_image>
</product_attribute_image>
<product_attribute_image><id_product_attribute><![CDATA[1903]]></id_product_attribute>
<id_image><![CDATA[2791]]></id_image>
</product_attribute_image>
<product_attribute_image><id_product_attribute><![CDATA[1906]]></id_product_attribute>
<id_image><![CDATA[2792]]></id_image>
</product_attribute_image>
<product_attribute_image><id_product_attribute><![CDATA[1907]]></id_product_attribute>
<id_image><![CDATA[2793]]></id_image>
</product_attribute_image>
<product_attribute_image><id_product_attribute><![CDATA[1908]]></id_product_attribute>
<id_image><![CDATA[2794]]></id_image>
</product_attribute_image>
<product_attribute_image><id_product_attribute><![CDATA[1908]]></id_product_attribute>
<id_image><![CDATA[2795]]></id_image>
</product_attribute_image>
<product_attribute_image><id_product_attribute><![CDATA[1906]]></id_product_attribute>
<id_image><![CDATA[2796]]></id_image>
</product_attribute_image>
<product_attribute_image><id_product_attribute><![CDATA[1907]]></id_product_attribute>
<id_image><![CDATA[2797]]></id_image>
</product_attribute_image>
<product_attribute_image><id_product_attribute><![CDATA[1912]]></id_product_attribute>
<id_image><![CDATA[2798]]></id_image>
</product_attribute_image>
<product_attribute_image><id_product_attribute><![CDATA[1910]]></id_product_attribute>
<id_image><![CDATA[2799]]></id_image>
</product_attribute_image>
<product_attribute_image><id_product_attribute><![CDATA[1911]]></id_product_attribute>
<id_image><![CDATA[2800]]></id_image>
</product_attribute_image>
<product_attribute_image><id_product_attribute><![CDATA[1912]]></id_product_attribute>
<id_image><![CDATA[2801]]></id_image>
</product_attribute_image>
<product_attribute_image><id_product_attribute><![CDATA[1910]]></id_product_attribute>
<id_image><![CDATA[2802]]></id_image>
</product_attribute_image>
<product_attribute_image><id_product_attribute><![CDATA[1911]]></id_product_attribute>
<id_image><![CDATA[2803]]></id_image>
</product_attribute_image>
<product_attribute_image><id_product_attribute><![CDATA[1915]]></id_product_attribute>
<id_image><![CDATA[2804]]></id_image>
</product_attribute_image>
<product_attribute_image><id_product_attribute><![CDATA[1916]]></id_product_attribute>
<id_image><![CDATA[2805]]></id_image>
</product_attribute_image>
<product_attribute_image><id_product_attribute><![CDATA[1914]]></id_product_attribute>
<id_image><![CDATA[2806]]></id_image>
</product_attribute_image>
<product_attribute_image><id_product_attribute><![CDATA[1916]]></id_product_attribute>
<id_image><![CDATA[2807]]></id_image>
</product_attribute_image>
<product_attribute_image><id_product_attribute><![CDATA[1914]]></id_product_attribute>
<id_image><![CDATA[2808]]></id_image>
</product_attribute_image>
<product_attribute_image><id_product_attribute><![CDATA[1915]]></id_product_attribute>
<id_image><![CDATA[2809]]></id_image>
</product_attribute_image>
<product_attribute_image><id_product_attribute><![CDATA[1919]]></id_product_attribute>
<id_image><![CDATA[2810]]></id_image>
</product_attribute_image>
<product_attribute_image><id_product_attribute><![CDATA[1920]]></id_product_attribute>
<id_image><![CDATA[2811]]></id_image>
</product_attribute_image>
<product_attribute_image><id_product_attribute><![CDATA[1918]]></id_product_attribute>
<id_image><![CDATA[2812]]></id_image>
</product_attribute_image>
<product_attribute_image><id_product_attribute><![CDATA[1919]]></id_product_attribute>
<id_image><![CDATA[2813]]></id_image>
</product_attribute_image>
<product_attribute_image><id_product_attribute><![CDATA[1920]]></id_product_attribute>
<id_image><![CDATA[2814]]></id_image>
</product_attribute_image>
<product_attribute_image><id_product_attribute><![CDATA[1918]]></id_product_attribute>
<id_image><![CDATA[2815]]></id_image>
</product_attribute_image>
<product_attribute_image><id_product_attribute><![CDATA[1924]]></id_product_attribute>
<id_image><![CDATA[2816]]></id_image>
</product_attribute_image>
<product_attribute_image><id_product_attribute><![CDATA[1922]]></id_product_attribute>
<id_image><![CDATA[2817]]></id_image>
</product_attribute_image>
<product_attribute_image><id_product_attribute><![CDATA[1923]]></id_product_attribute>
<id_image><![CDATA[2818]]></id_image>
</product_attribute_image>
<product_attribute_image><id_product_attribute><![CDATA[1924]]></id_product_attribute>
<id_image><![CDATA[2819]]></id_image>
</product_attribute_image>
<product_attribute_image><id_product_attribute><![CDATA[1922]]></id_product_attribute>
<id_image><![CDATA[2820]]></id_image>
</product_attribute_image>
<product_attribute_image><id_product_attribute><![CDATA[1923]]></id_product_attribute>
<id_image><![CDATA[2821]]></id_image>
</product_attribute_image>
<product_attribute_image><id_product_attribute><![CDATA[1927]]></id_product_attribute>
<id_image><![CDATA[2822]]></id_image>
</product_attribute_image>
<product_attribute_image><id_product_attribute><![CDATA[1928]]></id_product_attribute>
<id_image><![CDATA[2823]]></id_image>
</product_attribute_image>
<product_attribute_image><id_product_attribute><![CDATA[1926]]></id_product_attribute>
<id_image><![CDATA[2824]]></id_image>
</product_attribute_image>
<product_attribute_image><id_product_attribute><![CDATA[1928]]></id_product_attribute>
<id_image><![CDATA[2825]]></id_image>
</product_attribute_image>
<product_attribute_image><id_product_attribute><![CDATA[1926]]></id_product_attribute>
<id_image><![CDATA[2826]]></id_image>
</product_attribute_image>
<product_attribute_image><id_product_attribute><![CDATA[1927]]></id_product_attribute>
<id_image><![CDATA[2827]]></id_image>
</product_attribute_image>
<product_attribute_image><id_product_attribute><![CDATA[1931]]></id_product_attribute>
<id_image><![CDATA[2830]]></id_image>
</product_attribute_image>
<product_attribute_image><id_product_attribute><![CDATA[1932]]></id_product_attribute>
<id_image><![CDATA[2831]]></id_image>
</product_attribute_image>
<product_attribute_image><id_product_attribute><![CDATA[1933]]></id_product_attribute>
<id_image><![CDATA[2832]]></id_image>
</product_attribute_image>
<product_attribute_image><id_product_attribute><![CDATA[1931]]></id_product_attribute>
<id_image><![CDATA[2833]]></id_image>
</product_attribute_image>
<product_attribute_image><id_product_attribute><![CDATA[1932]]></id_product_attribute>
<id_image><![CDATA[2834]]></id_image>
</product_attribute_image>
<product_attribute_image><id_product_attribute><![CDATA[1933]]></id_product_attribute>
<id_image><![CDATA[2835]]></id_image>
</product_attribute_image>
<product_attribute_image><id_product_attribute><![CDATA[1669]]></id_product_attribute>
<id_image><![CDATA[2836]]></id_image>
</product_attribute_image>
<product_attribute_image><id_product_attribute><![CDATA[1670]]></id_product_attribute>
<id_image><![CDATA[2837]]></id_image>
</product_attribute_image>
<product_attribute_image><id_product_attribute><![CDATA[1671]]></id_product_attribute>
<id_image><![CDATA[2838]]></id_image>
</product_attribute_image>
<product_attribute_image><id_product_attribute><![CDATA[1672]]></id_product_attribute>
<id_image><![CDATA[2839]]></id_image>
</product_attribute_image>
<product_attribute_image><id_product_attribute><![CDATA[1509]]></id_product_attribute>
<id_image><![CDATA[2840]]></id_image>
</product_attribute_image>
<product_attribute_image><id_product_attribute><![CDATA[1512]]></id_product_attribute>
<id_image><![CDATA[2841]]></id_image>
</product_attribute_image>
<product_attribute_image><id_product_attribute><![CDATA[1511]]></id_product_attribute>
<id_image><![CDATA[2842]]></id_image>
</product_attribute_image>
<product_attribute_image><id_product_attribute><![CDATA[1510]]></id_product_attribute>
<id_image><![CDATA[2843]]></id_image>
</product_attribute_image>
<product_attribute_image><id_product_attribute><![CDATA[1534]]></id_product_attribute>
<id_image><![CDATA[2844]]></id_image>
</product_attribute_image>
<product_attribute_image><id_product_attribute><![CDATA[1535]]></id_product_attribute>
<id_image><![CDATA[2845]]></id_image>
</product_attribute_image>
<product_attribute_image><id_product_attribute><![CDATA[1536]]></id_product_attribute>
<id_image><![CDATA[2846]]></id_image>
</product_attribute_image>
<product_attribute_image><id_product_attribute><![CDATA[1533]]></id_product_attribute>
<id_image><![CDATA[2847]]></id_image>
</product_attribute_image>
<product_attribute_image><id_product_attribute><![CDATA[1540]]></id_product_attribute>
<id_image><![CDATA[2848]]></id_image>
</product_attribute_image>
<product_attribute_image><id_product_attribute><![CDATA[1539]]></id_product_attribute>
<id_image><![CDATA[2849]]></id_image>
</product_attribute_image>
<product_attribute_image><id_product_attribute><![CDATA[1538]]></id_product_attribute>
<id_image><![CDATA[2850]]></id_image>
</product_attribute_image>
<product_attribute_image><id_product_attribute><![CDATA[1537]]></id_product_attribute>
<id_image><![CDATA[2851]]></id_image>
</product_attribute_image>
<product_attribute_image><id_product_attribute><![CDATA[6886]]></id_product_attribute>
<id_image><![CDATA[3331]]></id_image>
</product_attribute_image>
<product_attribute_image><id_product_attribute><![CDATA[6881]]></id_product_attribute>
<id_image><![CDATA[3358]]></id_image>
</product_attribute_image>
<product_attribute_image><id_product_attribute><![CDATA[6882]]></id_product_attribute>
<id_image><![CDATA[3359]]></id_image>
</product_attribute_image>
<product_attribute_image><id_product_attribute><![CDATA[6885]]></id_product_attribute>
<id_image><![CDATA[3373]]></id_image>
</product_attribute_image>
<product_attribute_image><id_product_attribute><![CDATA[6884]]></id_product_attribute>
<id_image><![CDATA[3374]]></id_image>
</product_attribute_image>
<product_attribute_image><id_product_attribute><![CDATA[4021]]></id_product_attribute>
<id_image><![CDATA[3405]]></id_image>
</product_attribute_image>
<product_attribute_image><id_product_attribute><![CDATA[4020]]></id_product_attribute>
<id_image><![CDATA[3406]]></id_image>
</product_attribute_image>
<product_attribute_image><id_product_attribute><![CDATA[4023]]></id_product_attribute>
<id_image><![CDATA[3409]]></id_image>
</product_attribute_image>
<product_attribute_image><id_product_attribute><![CDATA[4024]]></id_product_attribute>
<id_image><![CDATA[3410]]></id_image>
</product_attribute_image>
<product_attribute_image><id_product_attribute><![CDATA[4025]]></id_product_attribute>
<id_image><![CDATA[3411]]></id_image>
</product_attribute_image>
<product_attribute_image><id_product_attribute><![CDATA[4059]]></id_product_attribute>
<id_image><![CDATA[3420]]></id_image>
</product_attribute_image>
<product_attribute_image><id_product_attribute><![CDATA[4058]]></id_product_attribute>
<id_image><![CDATA[3421]]></id_image>
</product_attribute_image>
<product_attribute_image><id_product_attribute><![CDATA[4068]]></id_product_attribute>
<id_image><![CDATA[3422]]></id_image>
</product_attribute_image>
<product_attribute_image><id_product_attribute><![CDATA[4060]]></id_product_attribute>
<id_image><![CDATA[3423]]></id_image>
</product_attribute_image>
<product_attribute_image><id_product_attribute><![CDATA[4061]]></id_product_attribute>
<id_image><![CDATA[3424]]></id_image>
</product_attribute_image>
<product_attribute_image><id_product_attribute><![CDATA[4075]]></id_product_attribute>
<id_image><![CDATA[3430]]></id_image>
</product_attribute_image>
<product_attribute_image><id_product_attribute><![CDATA[4076]]></id_product_attribute>
<id_image><![CDATA[3431]]></id_image>
</product_attribute_image>
<product_attribute_image><id_product_attribute><![CDATA[4069]]></id_product_attribute>
<id_image><![CDATA[3432]]></id_image>
</product_attribute_image>
<product_attribute_image><id_product_attribute><![CDATA[4077]]></id_product_attribute>
<id_image><![CDATA[3433]]></id_image>
</product_attribute_image>
<product_attribute_image><id_product_attribute><![CDATA[4070]]></id_product_attribute>
<id_image><![CDATA[3434]]></id_image>
</product_attribute_image>
<product_attribute_image><id_product_attribute><![CDATA[4072]]></id_product_attribute>
<id_image><![CDATA[3435]]></id_image>
</product_attribute_image>
<product_attribute_image><id_product_attribute><![CDATA[1081]]></id_product_attribute>
<id_image><![CDATA[3438]]></id_image>
</product_attribute_image>
<product_attribute_image><id_product_attribute><![CDATA[5999]]></id_product_attribute>
<id_image><![CDATA[3810]]></id_image>
</product_attribute_image>
<product_attribute_image><id_product_attribute><![CDATA[6003]]></id_product_attribute>
<id_image><![CDATA[3810]]></id_image>
</product_attribute_image>
<product_attribute_image><id_product_attribute><![CDATA[6471]]></id_product_attribute>
<id_image><![CDATA[3810]]></id_image>
</product_attribute_image>
<product_attribute_image><id_product_attribute><![CDATA[6587]]></id_product_attribute>
<id_image><![CDATA[3810]]></id_image>
</product_attribute_image>
<product_attribute_image><id_product_attribute><![CDATA[7003]]></id_product_attribute>
<id_image><![CDATA[3810]]></id_image>
</product_attribute_image>
<product_attribute_image><id_product_attribute><![CDATA[7004]]></id_product_attribute>
<id_image><![CDATA[3810]]></id_image>
</product_attribute_image>
<product_attribute_image><id_product_attribute><![CDATA[7025]]></id_product_attribute>
<id_image><![CDATA[3810]]></id_image>
</product_attribute_image>
<product_attribute_image><id_product_attribute><![CDATA[7026]]></id_product_attribute>
<id_image><![CDATA[3810]]></id_image>
</product_attribute_image>
<product_attribute_image><id_product_attribute><![CDATA[7507]]></id_product_attribute>
<id_image><![CDATA[3810]]></id_image>
</product_attribute_image>
<product_attribute_image><id_product_attribute><![CDATA[7508]]></id_product_attribute>
<id_image><![CDATA[3810]]></id_image>
</product_attribute_image>
<product_attribute_image><id_product_attribute><![CDATA[6462]]></id_product_attribute>
<id_image><![CDATA[4143]]></id_image>
</product_attribute_image>
<product_attribute_image><id_product_attribute><![CDATA[6599]]></id_product_attribute>
<id_image><![CDATA[4494]]></id_image>
</product_attribute_image>
<product_attribute_image><id_product_attribute><![CDATA[6600]]></id_product_attribute>
<id_image><![CDATA[4495]]></id_image>
</product_attribute_image>
<product_attribute_image><id_product_attribute><![CDATA[6883]]></id_product_attribute>
<id_image><![CDATA[4728]]></id_image>
</product_attribute_image>
<product_attribute_image><id_product_attribute><![CDATA[7702]]></id_product_attribute>
<id_image><![CDATA[4800]]></id_image>
</product_attribute_image>
<product_attribute_image><id_product_attribute><![CDATA[7700]]></id_product_attribute>
<id_image><![CDATA[4801]]></id_image>
</product_attribute_image>
<product_attribute_image><id_product_attribute><![CDATA[7701]]></id_product_attribute>
<id_image><![CDATA[4802]]></id_image>
</product_attribute_image>
<product_attribute_image><id_product_attribute><![CDATA[7705]]></id_product_attribute>
<id_image><![CDATA[4816]]></id_image>
</product_attribute_image>
<product_attribute_image><id_product_attribute><![CDATA[7703]]></id_product_attribute>
<id_image><![CDATA[4817]]></id_image>
</product_attribute_image>
<product_attribute_image><id_product_attribute><![CDATA[7704]]></id_product_attribute>
<id_image><![CDATA[4818]]></id_image>
</product_attribute_image>
<product_attribute_image><id_product_attribute><![CDATA[7706]]></id_product_attribute>
<id_image><![CDATA[4826]]></id_image>
</product_attribute_image>
<product_attribute_image><id_product_attribute><![CDATA[7719]]></id_product_attribute>
<id_image><![CDATA[4845]]></id_image>
</product_attribute_image>
<product_attribute_image><id_product_attribute><![CDATA[7723]]></id_product_attribute>
<id_image><![CDATA[4845]]></id_image>
</product_attribute_image>
<product_attribute_image><id_product_attribute><![CDATA[7719]]></id_product_attribute>
<id_image><![CDATA[4853]]></id_image>
</product_attribute_image>
<product_attribute_image><id_product_attribute><![CDATA[7721]]></id_product_attribute>
<id_image><![CDATA[4853]]></id_image>
</product_attribute_image>
<product_attribute_image><id_product_attribute><![CDATA[7723]]></id_product_attribute>
<id_image><![CDATA[4853]]></id_image>
</product_attribute_image>
<product_attribute_image><id_product_attribute><![CDATA[7722]]></id_product_attribute>
<id_image><![CDATA[4854]]></id_image>
</product_attribute_image>
<product_attribute_image><id_product_attribute><![CDATA[7719]]></id_product_attribute>
<id_image><![CDATA[4855]]></id_image>
</product_attribute_image>
<product_attribute_image><id_product_attribute><![CDATA[7720]]></id_product_attribute>
<id_image><![CDATA[4855]]></id_image>
</product_attribute_image>
<product_attribute_image><id_product_attribute><![CDATA[7723]]></id_product_attribute>
<id_image><![CDATA[4855]]></id_image>
</product_attribute_image>
<product_attribute_image><id_product_attribute><![CDATA[7731]]></id_product_attribute>
<id_image><![CDATA[4883]]></id_image>
</product_attribute_image>
<product_attribute_image><id_product_attribute><![CDATA[7729]]></id_product_attribute>
<id_image><![CDATA[4884]]></id_image>
</product_attribute_image>
<product_attribute_image><id_product_attribute><![CDATA[7730]]></id_product_attribute>
<id_image><![CDATA[4885]]></id_image>
</product_attribute_image>
<product_attribute_image><id_product_attribute><![CDATA[7732]]></id_product_attribute>
<id_image><![CDATA[4886]]></id_image>
</product_attribute_image>
<product_attribute_image><id_product_attribute><![CDATA[7734]]></id_product_attribute>
<id_image><![CDATA[4898]]></id_image>
</product_attribute_image>
<product_attribute_image><id_product_attribute><![CDATA[7735]]></id_product_attribute>
<id_image><![CDATA[4899]]></id_image>
</product_attribute_image>
<product_attribute_image><id_product_attribute><![CDATA[7733]]></id_product_attribute>
<id_image><![CDATA[4900]]></id_image>
</product_attribute_image>
<product_attribute_image><id_product_attribute><![CDATA[7780]]></id_product_attribute>
<id_image><![CDATA[4907]]></id_image>
</product_attribute_image>
<product_attribute_image><id_product_attribute><![CDATA[7790]]></id_product_attribute>
<id_image><![CDATA[4917]]></id_image>
</product_attribute_image>
<product_attribute_image><id_product_attribute><![CDATA[7807]]></id_product_attribute>
<id_image><![CDATA[4917]]></id_image>
</product_attribute_image>
<product_attribute_image><id_product_attribute><![CDATA[7791]]></id_product_attribute>
<id_image><![CDATA[4918]]></id_image>
</product_attribute_image>
<product_attribute_image><id_product_attribute><![CDATA[7808]]></id_product_attribute>
<id_image><![CDATA[4918]]></id_image>
</product_attribute_image>
<product_attribute_image><id_product_attribute><![CDATA[7789]]></id_product_attribute>
<id_image><![CDATA[4919]]></id_image>
</product_attribute_image>
<product_attribute_image><id_product_attribute><![CDATA[7806]]></id_product_attribute>
<id_image><![CDATA[4919]]></id_image>
</product_attribute_image>
<product_attribute_image><id_product_attribute><![CDATA[7795]]></id_product_attribute>
<id_image><![CDATA[4928]]></id_image>
</product_attribute_image>
<product_attribute_image><id_product_attribute><![CDATA[7796]]></id_product_attribute>
<id_image><![CDATA[4929]]></id_image>
</product_attribute_image>
<product_attribute_image><id_product_attribute><![CDATA[7794]]></id_product_attribute>
<id_image><![CDATA[4930]]></id_image>
</product_attribute_image>
<product_attribute_image><id_product_attribute><![CDATA[7799]]></id_product_attribute>
<id_image><![CDATA[4938]]></id_image>
</product_attribute_image>
<product_attribute_image><id_product_attribute><![CDATA[7800]]></id_product_attribute>
<id_image><![CDATA[4940]]></id_image>
</product_attribute_image>
<product_attribute_image><id_product_attribute><![CDATA[7798]]></id_product_attribute>
<id_image><![CDATA[4941]]></id_image>
</product_attribute_image>
<product_attribute_image><id_product_attribute><![CDATA[7811]]></id_product_attribute>
<id_image><![CDATA[4946]]></id_image>
</product_attribute_image>
<product_attribute_image><id_product_attribute><![CDATA[7809]]></id_product_attribute>
<id_image><![CDATA[4947]]></id_image>
</product_attribute_image>
<product_attribute_image><id_product_attribute><![CDATA[7810]]></id_product_attribute>
<id_image><![CDATA[4948]]></id_image>
</product_attribute_image>
<product_attribute_image><id_product_attribute><![CDATA[7815]]></id_product_attribute>
<id_image><![CDATA[4957]]></id_image>
</product_attribute_image>
<product_attribute_image><id_product_attribute><![CDATA[7813]]></id_product_attribute>
<id_image><![CDATA[4958]]></id_image>
</product_attribute_image>
<product_attribute_image><id_product_attribute><![CDATA[7814]]></id_product_attribute>
<id_image><![CDATA[4959]]></id_image>
</product_attribute_image>
<product_attribute_image><id_product_attribute><![CDATA[7819]]></id_product_attribute>
<id_image><![CDATA[4964]]></id_image>
</product_attribute_image>
<product_attribute_image><id_product_attribute><![CDATA[7817]]></id_product_attribute>
<id_image><![CDATA[4965]]></id_image>
</product_attribute_image>
<product_attribute_image><id_product_attribute><![CDATA[7818]]></id_product_attribute>
<id_image><![CDATA[4966]]></id_image>
</product_attribute_image>
<product_attribute_image><id_product_attribute><![CDATA[7824]]></id_product_attribute>
<id_image><![CDATA[4994]]></id_image>
</product_attribute_image>
<product_attribute_image><id_product_attribute><![CDATA[7823]]></id_product_attribute>
<id_image><![CDATA[4995]]></id_image>
</product_attribute_image>
<product_attribute_image><id_product_attribute><![CDATA[7821]]></id_product_attribute>
<id_image><![CDATA[4996]]></id_image>
</product_attribute_image>
<product_attribute_image><id_product_attribute><![CDATA[7824]]></id_product_attribute>
<id_image><![CDATA[4996]]></id_image>
</product_attribute_image>
<product_attribute_image><id_product_attribute><![CDATA[7822]]></id_product_attribute>
<id_image><![CDATA[4997]]></id_image>
</product_attribute_image>
<product_attribute_image><id_product_attribute><![CDATA[7827]]></id_product_attribute>
<id_image><![CDATA[4998]]></id_image>
</product_attribute_image>
<product_attribute_image><id_product_attribute><![CDATA[7828]]></id_product_attribute>
<id_image><![CDATA[4999]]></id_image>
</product_attribute_image>
<product_attribute_image><id_product_attribute><![CDATA[7826]]></id_product_attribute>
<id_image><![CDATA[5000]]></id_image>
</product_attribute_image>
<product_attribute_image><id_product_attribute><![CDATA[7836]]></id_product_attribute>
<id_image><![CDATA[5018]]></id_image>
</product_attribute_image>
<product_attribute_image><id_product_attribute><![CDATA[7836]]></id_product_attribute>
<id_image><![CDATA[5019]]></id_image>
</product_attribute_image>
<product_attribute_image><id_product_attribute><![CDATA[7838]]></id_product_attribute>
<id_image><![CDATA[5021]]></id_image>
</product_attribute_image>
<product_attribute_image><id_product_attribute><![CDATA[7840]]></id_product_attribute>
<id_image><![CDATA[5021]]></id_image>
</product_attribute_image>
</entity_profile>
