<?xml version="1.0" encoding="UTF-8"?>
<entity_profile>
<product_attribute_combination><id_attribute><![CDATA[44]]></id_attribute>
<id_product_attribute><![CDATA[2548]]></id_product_attribute>
</product_attribute_combination>
<product_attribute_combination><id_attribute><![CDATA[45]]></id_attribute>
<id_product_attribute><![CDATA[2549]]></id_product_attribute>
</product_attribute_combination>
<product_attribute_combination><id_attribute><![CDATA[49]]></id_attribute>
<id_product_attribute><![CDATA[2552]]></id_product_attribute>
</product_attribute_combination>
<product_attribute_combination><id_attribute><![CDATA[50]]></id_attribute>
<id_product_attribute><![CDATA[2553]]></id_product_attribute>
</product_attribute_combination>
<product_attribute_combination><id_attribute><![CDATA[45]]></id_attribute>
<id_product_attribute><![CDATA[2556]]></id_product_attribute>
</product_attribute_combination>
<product_attribute_combination><id_attribute><![CDATA[23]]></id_attribute>
<id_product_attribute><![CDATA[2557]]></id_product_attribute>
</product_attribute_combination>
<product_attribute_combination><id_attribute><![CDATA[42]]></id_attribute>
<id_product_attribute><![CDATA[2558]]></id_product_attribute>
</product_attribute_combination>
<product_attribute_combination><id_attribute><![CDATA[43]]></id_attribute>
<id_product_attribute><![CDATA[2559]]></id_product_attribute>
</product_attribute_combination>
<product_attribute_combination><id_attribute><![CDATA[44]]></id_attribute>
<id_product_attribute><![CDATA[2560]]></id_product_attribute>
</product_attribute_combination>
<product_attribute_combination><id_attribute><![CDATA[21]]></id_attribute>
<id_product_attribute><![CDATA[2564]]></id_product_attribute>
</product_attribute_combination>
<product_attribute_combination><id_attribute><![CDATA[22]]></id_attribute>
<id_product_attribute><![CDATA[2565]]></id_product_attribute>
</product_attribute_combination>
<product_attribute_combination><id_attribute><![CDATA[50]]></id_attribute>
<id_product_attribute><![CDATA[2566]]></id_product_attribute>
</product_attribute_combination>
<product_attribute_combination><id_attribute><![CDATA[49]]></id_attribute>
<id_product_attribute><![CDATA[2567]]></id_product_attribute>
</product_attribute_combination>
<product_attribute_combination><id_attribute><![CDATA[49]]></id_attribute>
<id_product_attribute><![CDATA[2568]]></id_product_attribute>
</product_attribute_combination>
<product_attribute_combination><id_attribute><![CDATA[50]]></id_attribute>
<id_product_attribute><![CDATA[2569]]></id_product_attribute>
</product_attribute_combination>
<product_attribute_combination><id_attribute><![CDATA[45]]></id_attribute>
<id_product_attribute><![CDATA[2572]]></id_product_attribute>
</product_attribute_combination>
<product_attribute_combination><id_attribute><![CDATA[23]]></id_attribute>
<id_product_attribute><![CDATA[2573]]></id_product_attribute>
</product_attribute_combination>
<product_attribute_combination><id_attribute><![CDATA[42]]></id_attribute>
<id_product_attribute><![CDATA[2574]]></id_product_attribute>
</product_attribute_combination>
<product_attribute_combination><id_attribute><![CDATA[43]]></id_attribute>
<id_product_attribute><![CDATA[2575]]></id_product_attribute>
</product_attribute_combination>
<product_attribute_combination><id_attribute><![CDATA[44]]></id_attribute>
<id_product_attribute><![CDATA[2576]]></id_product_attribute>
</product_attribute_combination>
<product_attribute_combination><id_attribute><![CDATA[49]]></id_attribute>
<id_product_attribute><![CDATA[2580]]></id_product_attribute>
</product_attribute_combination>
<product_attribute_combination><id_attribute><![CDATA[50]]></id_attribute>
<id_product_attribute><![CDATA[2581]]></id_product_attribute>
</product_attribute_combination>
<product_attribute_combination><id_attribute><![CDATA[45]]></id_attribute>
<id_product_attribute><![CDATA[2584]]></id_product_attribute>
</product_attribute_combination>
<product_attribute_combination><id_attribute><![CDATA[23]]></id_attribute>
<id_product_attribute><![CDATA[2585]]></id_product_attribute>
</product_attribute_combination>
<product_attribute_combination><id_attribute><![CDATA[42]]></id_attribute>
<id_product_attribute><![CDATA[2586]]></id_product_attribute>
</product_attribute_combination>
<product_attribute_combination><id_attribute><![CDATA[43]]></id_attribute>
<id_product_attribute><![CDATA[2587]]></id_product_attribute>
</product_attribute_combination>
<product_attribute_combination><id_attribute><![CDATA[44]]></id_attribute>
<id_product_attribute><![CDATA[2588]]></id_product_attribute>
</product_attribute_combination>
<product_attribute_combination><id_attribute><![CDATA[21]]></id_attribute>
<id_product_attribute><![CDATA[2592]]></id_product_attribute>
</product_attribute_combination>
<product_attribute_combination><id_attribute><![CDATA[22]]></id_attribute>
<id_product_attribute><![CDATA[2593]]></id_product_attribute>
</product_attribute_combination>
<product_attribute_combination><id_attribute><![CDATA[45]]></id_attribute>
<id_product_attribute><![CDATA[2596]]></id_product_attribute>
</product_attribute_combination>
<product_attribute_combination><id_attribute><![CDATA[23]]></id_attribute>
<id_product_attribute><![CDATA[2597]]></id_product_attribute>
</product_attribute_combination>
<product_attribute_combination><id_attribute><![CDATA[42]]></id_attribute>
<id_product_attribute><![CDATA[2598]]></id_product_attribute>
</product_attribute_combination>
<product_attribute_combination><id_attribute><![CDATA[43]]></id_attribute>
<id_product_attribute><![CDATA[2599]]></id_product_attribute>
</product_attribute_combination>
<product_attribute_combination><id_attribute><![CDATA[44]]></id_attribute>
<id_product_attribute><![CDATA[2600]]></id_product_attribute>
</product_attribute_combination>
<product_attribute_combination><id_attribute><![CDATA[21]]></id_attribute>
<id_product_attribute><![CDATA[2604]]></id_product_attribute>
</product_attribute_combination>
<product_attribute_combination><id_attribute><![CDATA[22]]></id_attribute>
<id_product_attribute><![CDATA[2605]]></id_product_attribute>
</product_attribute_combination>
<product_attribute_combination><id_attribute><![CDATA[42]]></id_attribute>
<id_product_attribute><![CDATA[2609]]></id_product_attribute>
</product_attribute_combination>
<product_attribute_combination><id_attribute><![CDATA[23]]></id_attribute>
<id_product_attribute><![CDATA[2610]]></id_product_attribute>
</product_attribute_combination>
<product_attribute_combination><id_attribute><![CDATA[43]]></id_attribute>
<id_product_attribute><![CDATA[2611]]></id_product_attribute>
</product_attribute_combination>
<product_attribute_combination><id_attribute><![CDATA[44]]></id_attribute>
<id_product_attribute><![CDATA[2612]]></id_product_attribute>
</product_attribute_combination>
<product_attribute_combination><id_attribute><![CDATA[45]]></id_attribute>
<id_product_attribute><![CDATA[2615]]></id_product_attribute>
</product_attribute_combination>
<product_attribute_combination><id_attribute><![CDATA[21]]></id_attribute>
<id_product_attribute><![CDATA[2616]]></id_product_attribute>
</product_attribute_combination>
<product_attribute_combination><id_attribute><![CDATA[22]]></id_attribute>
<id_product_attribute><![CDATA[2617]]></id_product_attribute>
</product_attribute_combination>
<product_attribute_combination><id_attribute><![CDATA[19]]></id_attribute>
<id_product_attribute><![CDATA[2618]]></id_product_attribute>
</product_attribute_combination>
<product_attribute_combination><id_attribute><![CDATA[20]]></id_attribute>
<id_product_attribute><![CDATA[2619]]></id_product_attribute>
</product_attribute_combination>
<product_attribute_combination><id_attribute><![CDATA[21]]></id_attribute>
<id_product_attribute><![CDATA[2620]]></id_product_attribute>
</product_attribute_combination>
<product_attribute_combination><id_attribute><![CDATA[22]]></id_attribute>
<id_product_attribute><![CDATA[2621]]></id_product_attribute>
</product_attribute_combination>
<product_attribute_combination><id_attribute><![CDATA[23]]></id_attribute>
<id_product_attribute><![CDATA[2622]]></id_product_attribute>
</product_attribute_combination>
<product_attribute_combination><id_attribute><![CDATA[42]]></id_attribute>
<id_product_attribute><![CDATA[2628]]></id_product_attribute>
</product_attribute_combination>
<product_attribute_combination><id_attribute><![CDATA[43]]></id_attribute>
<id_product_attribute><![CDATA[2629]]></id_product_attribute>
</product_attribute_combination>
<product_attribute_combination><id_attribute><![CDATA[44]]></id_attribute>
<id_product_attribute><![CDATA[2630]]></id_product_attribute>
</product_attribute_combination>
<product_attribute_combination><id_attribute><![CDATA[45]]></id_attribute>
<id_product_attribute><![CDATA[2631]]></id_product_attribute>
</product_attribute_combination>
<product_attribute_combination><id_attribute><![CDATA[22]]></id_attribute>
<id_product_attribute><![CDATA[2633]]></id_product_attribute>
</product_attribute_combination>
<product_attribute_combination><id_attribute><![CDATA[42]]></id_attribute>
<id_product_attribute><![CDATA[2635]]></id_product_attribute>
</product_attribute_combination>
<product_attribute_combination><id_attribute><![CDATA[44]]></id_attribute>
<id_product_attribute><![CDATA[2637]]></id_product_attribute>
</product_attribute_combination>
<product_attribute_combination><id_attribute><![CDATA[45]]></id_attribute>
<id_product_attribute><![CDATA[2638]]></id_product_attribute>
</product_attribute_combination>
<product_attribute_combination><id_attribute><![CDATA[22]]></id_attribute>
<id_product_attribute><![CDATA[2639]]></id_product_attribute>
</product_attribute_combination>
<product_attribute_combination><id_attribute><![CDATA[23]]></id_attribute>
<id_product_attribute><![CDATA[2640]]></id_product_attribute>
</product_attribute_combination>
<product_attribute_combination><id_attribute><![CDATA[42]]></id_attribute>
<id_product_attribute><![CDATA[2641]]></id_product_attribute>
</product_attribute_combination>
<product_attribute_combination><id_attribute><![CDATA[43]]></id_attribute>
<id_product_attribute><![CDATA[2642]]></id_product_attribute>
</product_attribute_combination>
<product_attribute_combination><id_attribute><![CDATA[44]]></id_attribute>
<id_product_attribute><![CDATA[2643]]></id_product_attribute>
</product_attribute_combination>
<product_attribute_combination><id_attribute><![CDATA[45]]></id_attribute>
<id_product_attribute><![CDATA[2644]]></id_product_attribute>
</product_attribute_combination>
<product_attribute_combination><id_attribute><![CDATA[21]]></id_attribute>
<id_product_attribute><![CDATA[2645]]></id_product_attribute>
</product_attribute_combination>
<product_attribute_combination><id_attribute><![CDATA[22]]></id_attribute>
<id_product_attribute><![CDATA[2646]]></id_product_attribute>
</product_attribute_combination>
<product_attribute_combination><id_attribute><![CDATA[23]]></id_attribute>
<id_product_attribute><![CDATA[2647]]></id_product_attribute>
</product_attribute_combination>
<product_attribute_combination><id_attribute><![CDATA[42]]></id_attribute>
<id_product_attribute><![CDATA[2648]]></id_product_attribute>
</product_attribute_combination>
<product_attribute_combination><id_attribute><![CDATA[43]]></id_attribute>
<id_product_attribute><![CDATA[2649]]></id_product_attribute>
</product_attribute_combination>
<product_attribute_combination><id_attribute><![CDATA[44]]></id_attribute>
<id_product_attribute><![CDATA[2650]]></id_product_attribute>
</product_attribute_combination>
<product_attribute_combination><id_attribute><![CDATA[45]]></id_attribute>
<id_product_attribute><![CDATA[2651]]></id_product_attribute>
</product_attribute_combination>
<product_attribute_combination><id_attribute><![CDATA[21]]></id_attribute>
<id_product_attribute><![CDATA[2652]]></id_product_attribute>
</product_attribute_combination>
<product_attribute_combination><id_attribute><![CDATA[18]]></id_attribute>
<id_product_attribute><![CDATA[2667]]></id_product_attribute>
</product_attribute_combination>
<product_attribute_combination><id_attribute><![CDATA[19]]></id_attribute>
<id_product_attribute><![CDATA[2668]]></id_product_attribute>
</product_attribute_combination>
<product_attribute_combination><id_attribute><![CDATA[20]]></id_attribute>
<id_product_attribute><![CDATA[2669]]></id_product_attribute>
</product_attribute_combination>
<product_attribute_combination><id_attribute><![CDATA[46]]></id_attribute>
<id_product_attribute><![CDATA[2670]]></id_product_attribute>
</product_attribute_combination>
<product_attribute_combination><id_attribute><![CDATA[47]]></id_attribute>
<id_product_attribute><![CDATA[2671]]></id_product_attribute>
</product_attribute_combination>
<product_attribute_combination><id_attribute><![CDATA[48]]></id_attribute>
<id_product_attribute><![CDATA[2672]]></id_product_attribute>
</product_attribute_combination>
<product_attribute_combination><id_attribute><![CDATA[42]]></id_attribute>
<id_product_attribute><![CDATA[2679]]></id_product_attribute>
</product_attribute_combination>
<product_attribute_combination><id_attribute><![CDATA[43]]></id_attribute>
<id_product_attribute><![CDATA[2680]]></id_product_attribute>
</product_attribute_combination>
<product_attribute_combination><id_attribute><![CDATA[44]]></id_attribute>
<id_product_attribute><![CDATA[2681]]></id_product_attribute>
</product_attribute_combination>
<product_attribute_combination><id_attribute><![CDATA[45]]></id_attribute>
<id_product_attribute><![CDATA[2682]]></id_product_attribute>
</product_attribute_combination>
<product_attribute_combination><id_attribute><![CDATA[19]]></id_attribute>
<id_product_attribute><![CDATA[2689]]></id_product_attribute>
</product_attribute_combination>
<product_attribute_combination><id_attribute><![CDATA[20]]></id_attribute>
<id_product_attribute><![CDATA[2690]]></id_product_attribute>
</product_attribute_combination>
<product_attribute_combination><id_attribute><![CDATA[21]]></id_attribute>
<id_product_attribute><![CDATA[2691]]></id_product_attribute>
</product_attribute_combination>
<product_attribute_combination><id_attribute><![CDATA[22]]></id_attribute>
<id_product_attribute><![CDATA[2692]]></id_product_attribute>
</product_attribute_combination>
<product_attribute_combination><id_attribute><![CDATA[23]]></id_attribute>
<id_product_attribute><![CDATA[2693]]></id_product_attribute>
</product_attribute_combination>
<product_attribute_combination><id_attribute><![CDATA[22]]></id_attribute>
<id_product_attribute><![CDATA[2694]]></id_product_attribute>
</product_attribute_combination>
<product_attribute_combination><id_attribute><![CDATA[23]]></id_attribute>
<id_product_attribute><![CDATA[2695]]></id_product_attribute>
</product_attribute_combination>
<product_attribute_combination><id_attribute><![CDATA[42]]></id_attribute>
<id_product_attribute><![CDATA[2696]]></id_product_attribute>
</product_attribute_combination>
<product_attribute_combination><id_attribute><![CDATA[43]]></id_attribute>
<id_product_attribute><![CDATA[2697]]></id_product_attribute>
</product_attribute_combination>
<product_attribute_combination><id_attribute><![CDATA[44]]></id_attribute>
<id_product_attribute><![CDATA[2698]]></id_product_attribute>
</product_attribute_combination>
<product_attribute_combination><id_attribute><![CDATA[45]]></id_attribute>
<id_product_attribute><![CDATA[2699]]></id_product_attribute>
</product_attribute_combination>
<product_attribute_combination><id_attribute><![CDATA[21]]></id_attribute>
<id_product_attribute><![CDATA[2700]]></id_product_attribute>
</product_attribute_combination>
<product_attribute_combination><id_attribute><![CDATA[44]]></id_attribute>
<id_product_attribute><![CDATA[2705]]></id_product_attribute>
</product_attribute_combination>
<product_attribute_combination><id_attribute><![CDATA[45]]></id_attribute>
<id_product_attribute><![CDATA[2706]]></id_product_attribute>
</product_attribute_combination>
<product_attribute_combination><id_attribute><![CDATA[22]]></id_attribute>
<id_product_attribute><![CDATA[2708]]></id_product_attribute>
</product_attribute_combination>
<product_attribute_combination><id_attribute><![CDATA[43]]></id_attribute>
<id_product_attribute><![CDATA[2711]]></id_product_attribute>
</product_attribute_combination>
<product_attribute_combination><id_attribute><![CDATA[44]]></id_attribute>
<id_product_attribute><![CDATA[2712]]></id_product_attribute>
</product_attribute_combination>
<product_attribute_combination><id_attribute><![CDATA[23]]></id_attribute>
<id_product_attribute><![CDATA[2715]]></id_product_attribute>
</product_attribute_combination>
<product_attribute_combination><id_attribute><![CDATA[42]]></id_attribute>
<id_product_attribute><![CDATA[2716]]></id_product_attribute>
</product_attribute_combination>
<product_attribute_combination><id_attribute><![CDATA[43]]></id_attribute>
<id_product_attribute><![CDATA[2717]]></id_product_attribute>
</product_attribute_combination>
<product_attribute_combination><id_attribute><![CDATA[44]]></id_attribute>
<id_product_attribute><![CDATA[2718]]></id_product_attribute>
</product_attribute_combination>
<product_attribute_combination><id_attribute><![CDATA[21]]></id_attribute>
<id_product_attribute><![CDATA[2719]]></id_product_attribute>
</product_attribute_combination>
<product_attribute_combination><id_attribute><![CDATA[22]]></id_attribute>
<id_product_attribute><![CDATA[2720]]></id_product_attribute>
</product_attribute_combination>
<product_attribute_combination><id_attribute><![CDATA[45]]></id_attribute>
<id_product_attribute><![CDATA[2721]]></id_product_attribute>
</product_attribute_combination>
<product_attribute_combination><id_attribute><![CDATA[23]]></id_attribute>
<id_product_attribute><![CDATA[2722]]></id_product_attribute>
</product_attribute_combination>
<product_attribute_combination><id_attribute><![CDATA[42]]></id_attribute>
<id_product_attribute><![CDATA[2723]]></id_product_attribute>
</product_attribute_combination>
<product_attribute_combination><id_attribute><![CDATA[43]]></id_attribute>
<id_product_attribute><![CDATA[2724]]></id_product_attribute>
</product_attribute_combination>
<product_attribute_combination><id_attribute><![CDATA[44]]></id_attribute>
<id_product_attribute><![CDATA[2725]]></id_product_attribute>
</product_attribute_combination>
<product_attribute_combination><id_attribute><![CDATA[21]]></id_attribute>
<id_product_attribute><![CDATA[2726]]></id_product_attribute>
</product_attribute_combination>
<product_attribute_combination><id_attribute><![CDATA[45]]></id_attribute>
<id_product_attribute><![CDATA[2728]]></id_product_attribute>
</product_attribute_combination>
<product_attribute_combination><id_attribute><![CDATA[23]]></id_attribute>
<id_product_attribute><![CDATA[2729]]></id_product_attribute>
</product_attribute_combination>
<product_attribute_combination><id_attribute><![CDATA[42]]></id_attribute>
<id_product_attribute><![CDATA[2730]]></id_product_attribute>
</product_attribute_combination>
<product_attribute_combination><id_attribute><![CDATA[43]]></id_attribute>
<id_product_attribute><![CDATA[2731]]></id_product_attribute>
</product_attribute_combination>
<product_attribute_combination><id_attribute><![CDATA[44]]></id_attribute>
<id_product_attribute><![CDATA[2732]]></id_product_attribute>
</product_attribute_combination>
<product_attribute_combination><id_attribute><![CDATA[45]]></id_attribute>
<id_product_attribute><![CDATA[2735]]></id_product_attribute>
</product_attribute_combination>
<product_attribute_combination><id_attribute><![CDATA[42]]></id_attribute>
<id_product_attribute><![CDATA[2744]]></id_product_attribute>
</product_attribute_combination>
<product_attribute_combination><id_attribute><![CDATA[43]]></id_attribute>
<id_product_attribute><![CDATA[2745]]></id_product_attribute>
</product_attribute_combination>
<product_attribute_combination><id_attribute><![CDATA[45]]></id_attribute>
<id_product_attribute><![CDATA[2746]]></id_product_attribute>
</product_attribute_combination>
<product_attribute_combination><id_attribute><![CDATA[47]]></id_attribute>
<id_product_attribute><![CDATA[2748]]></id_product_attribute>
</product_attribute_combination>
<product_attribute_combination><id_attribute><![CDATA[48]]></id_attribute>
<id_product_attribute><![CDATA[2749]]></id_product_attribute>
</product_attribute_combination>
<product_attribute_combination><id_attribute><![CDATA[21]]></id_attribute>
<id_product_attribute><![CDATA[2761]]></id_product_attribute>
</product_attribute_combination>
<product_attribute_combination><id_attribute><![CDATA[23]]></id_attribute>
<id_product_attribute><![CDATA[2763]]></id_product_attribute>
</product_attribute_combination>
<product_attribute_combination><id_attribute><![CDATA[42]]></id_attribute>
<id_product_attribute><![CDATA[2764]]></id_product_attribute>
</product_attribute_combination>
<product_attribute_combination><id_attribute><![CDATA[43]]></id_attribute>
<id_product_attribute><![CDATA[2765]]></id_product_attribute>
</product_attribute_combination>
<product_attribute_combination><id_attribute><![CDATA[44]]></id_attribute>
<id_product_attribute><![CDATA[2766]]></id_product_attribute>
</product_attribute_combination>
<product_attribute_combination><id_attribute><![CDATA[45]]></id_attribute>
<id_product_attribute><![CDATA[2767]]></id_product_attribute>
</product_attribute_combination>
<product_attribute_combination><id_attribute><![CDATA[46]]></id_attribute>
<id_product_attribute><![CDATA[2775]]></id_product_attribute>
</product_attribute_combination>
<product_attribute_combination><id_attribute><![CDATA[47]]></id_attribute>
<id_product_attribute><![CDATA[2776]]></id_product_attribute>
</product_attribute_combination>
<product_attribute_combination><id_attribute><![CDATA[48]]></id_attribute>
<id_product_attribute><![CDATA[2777]]></id_product_attribute>
</product_attribute_combination>
<product_attribute_combination><id_attribute><![CDATA[19]]></id_attribute>
<id_product_attribute><![CDATA[2779]]></id_product_attribute>
</product_attribute_combination>
<product_attribute_combination><id_attribute><![CDATA[20]]></id_attribute>
<id_product_attribute><![CDATA[2780]]></id_product_attribute>
</product_attribute_combination>
<product_attribute_combination><id_attribute><![CDATA[42]]></id_attribute>
<id_product_attribute><![CDATA[2787]]></id_product_attribute>
</product_attribute_combination>
<product_attribute_combination><id_attribute><![CDATA[45]]></id_attribute>
<id_product_attribute><![CDATA[2790]]></id_product_attribute>
</product_attribute_combination>
<product_attribute_combination><id_attribute><![CDATA[43]]></id_attribute>
<id_product_attribute><![CDATA[2791]]></id_product_attribute>
</product_attribute_combination>
<product_attribute_combination><id_attribute><![CDATA[44]]></id_attribute>
<id_product_attribute><![CDATA[2792]]></id_product_attribute>
</product_attribute_combination>
<product_attribute_combination><id_attribute><![CDATA[45]]></id_attribute>
<id_product_attribute><![CDATA[2793]]></id_product_attribute>
</product_attribute_combination>
<product_attribute_combination><id_attribute><![CDATA[42]]></id_attribute>
<id_product_attribute><![CDATA[2794]]></id_product_attribute>
</product_attribute_combination>
<product_attribute_combination><id_attribute><![CDATA[43]]></id_attribute>
<id_product_attribute><![CDATA[2795]]></id_product_attribute>
</product_attribute_combination>
<product_attribute_combination><id_attribute><![CDATA[44]]></id_attribute>
<id_product_attribute><![CDATA[2796]]></id_product_attribute>
</product_attribute_combination>
<product_attribute_combination><id_attribute><![CDATA[45]]></id_attribute>
<id_product_attribute><![CDATA[2797]]></id_product_attribute>
</product_attribute_combination>
<product_attribute_combination><id_attribute><![CDATA[42]]></id_attribute>
<id_product_attribute><![CDATA[2798]]></id_product_attribute>
</product_attribute_combination>
<product_attribute_combination><id_attribute><![CDATA[43]]></id_attribute>
<id_product_attribute><![CDATA[2799]]></id_product_attribute>
</product_attribute_combination>
<product_attribute_combination><id_attribute><![CDATA[44]]></id_attribute>
<id_product_attribute><![CDATA[2800]]></id_product_attribute>
</product_attribute_combination>
<product_attribute_combination><id_attribute><![CDATA[45]]></id_attribute>
<id_product_attribute><![CDATA[2801]]></id_product_attribute>
</product_attribute_combination>
<product_attribute_combination><id_attribute><![CDATA[42]]></id_attribute>
<id_product_attribute><![CDATA[2802]]></id_product_attribute>
</product_attribute_combination>
<product_attribute_combination><id_attribute><![CDATA[46]]></id_attribute>
<id_product_attribute><![CDATA[2803]]></id_product_attribute>
</product_attribute_combination>
<product_attribute_combination><id_attribute><![CDATA[47]]></id_attribute>
<id_product_attribute><![CDATA[2804]]></id_product_attribute>
</product_attribute_combination>
<product_attribute_combination><id_attribute><![CDATA[48]]></id_attribute>
<id_product_attribute><![CDATA[2805]]></id_product_attribute>
</product_attribute_combination>
<product_attribute_combination><id_attribute><![CDATA[19]]></id_attribute>
<id_product_attribute><![CDATA[2806]]></id_product_attribute>
</product_attribute_combination>
<product_attribute_combination><id_attribute><![CDATA[20]]></id_attribute>
<id_product_attribute><![CDATA[2807]]></id_product_attribute>
</product_attribute_combination>
<product_attribute_combination><id_attribute><![CDATA[18]]></id_attribute>
<id_product_attribute><![CDATA[2808]]></id_product_attribute>
</product_attribute_combination>
<product_attribute_combination><id_attribute><![CDATA[22]]></id_attribute>
<id_product_attribute><![CDATA[2809]]></id_product_attribute>
</product_attribute_combination>
<product_attribute_combination><id_attribute><![CDATA[23]]></id_attribute>
<id_product_attribute><![CDATA[2810]]></id_product_attribute>
</product_attribute_combination>
<product_attribute_combination><id_attribute><![CDATA[42]]></id_attribute>
<id_product_attribute><![CDATA[2811]]></id_product_attribute>
</product_attribute_combination>
<product_attribute_combination><id_attribute><![CDATA[43]]></id_attribute>
<id_product_attribute><![CDATA[2812]]></id_product_attribute>
</product_attribute_combination>
<product_attribute_combination><id_attribute><![CDATA[44]]></id_attribute>
<id_product_attribute><![CDATA[2813]]></id_product_attribute>
</product_attribute_combination>
<product_attribute_combination><id_attribute><![CDATA[45]]></id_attribute>
<id_product_attribute><![CDATA[2814]]></id_product_attribute>
</product_attribute_combination>
<product_attribute_combination><id_attribute><![CDATA[21]]></id_attribute>
<id_product_attribute><![CDATA[2815]]></id_product_attribute>
</product_attribute_combination>
<product_attribute_combination><id_attribute><![CDATA[22]]></id_attribute>
<id_product_attribute><![CDATA[2816]]></id_product_attribute>
</product_attribute_combination>
<product_attribute_combination><id_attribute><![CDATA[23]]></id_attribute>
<id_product_attribute><![CDATA[2817]]></id_product_attribute>
</product_attribute_combination>
<product_attribute_combination><id_attribute><![CDATA[42]]></id_attribute>
<id_product_attribute><![CDATA[2818]]></id_product_attribute>
</product_attribute_combination>
<product_attribute_combination><id_attribute><![CDATA[43]]></id_attribute>
<id_product_attribute><![CDATA[2819]]></id_product_attribute>
</product_attribute_combination>
<product_attribute_combination><id_attribute><![CDATA[44]]></id_attribute>
<id_product_attribute><![CDATA[2820]]></id_product_attribute>
</product_attribute_combination>
<product_attribute_combination><id_attribute><![CDATA[45]]></id_attribute>
<id_product_attribute><![CDATA[2821]]></id_product_attribute>
</product_attribute_combination>
<product_attribute_combination><id_attribute><![CDATA[21]]></id_attribute>
<id_product_attribute><![CDATA[2822]]></id_product_attribute>
</product_attribute_combination>
<product_attribute_combination><id_attribute><![CDATA[22]]></id_attribute>
<id_product_attribute><![CDATA[2823]]></id_product_attribute>
</product_attribute_combination>
<product_attribute_combination><id_attribute><![CDATA[23]]></id_attribute>
<id_product_attribute><![CDATA[2824]]></id_product_attribute>
</product_attribute_combination>
<product_attribute_combination><id_attribute><![CDATA[42]]></id_attribute>
<id_product_attribute><![CDATA[2825]]></id_product_attribute>
</product_attribute_combination>
<product_attribute_combination><id_attribute><![CDATA[43]]></id_attribute>
<id_product_attribute><![CDATA[2826]]></id_product_attribute>
</product_attribute_combination>
<product_attribute_combination><id_attribute><![CDATA[44]]></id_attribute>
<id_product_attribute><![CDATA[2827]]></id_product_attribute>
</product_attribute_combination>
<product_attribute_combination><id_attribute><![CDATA[45]]></id_attribute>
<id_product_attribute><![CDATA[2828]]></id_product_attribute>
</product_attribute_combination>
<product_attribute_combination><id_attribute><![CDATA[21]]></id_attribute>
<id_product_attribute><![CDATA[2829]]></id_product_attribute>
</product_attribute_combination>
<product_attribute_combination><id_attribute><![CDATA[50]]></id_attribute>
<id_product_attribute><![CDATA[2837]]></id_product_attribute>
</product_attribute_combination>
<product_attribute_combination><id_attribute><![CDATA[49]]></id_attribute>
<id_product_attribute><![CDATA[2838]]></id_product_attribute>
</product_attribute_combination>
<product_attribute_combination><id_attribute><![CDATA[48]]></id_attribute>
<id_product_attribute><![CDATA[2839]]></id_product_attribute>
</product_attribute_combination>
<product_attribute_combination><id_attribute><![CDATA[47]]></id_attribute>
<id_product_attribute><![CDATA[2840]]></id_product_attribute>
</product_attribute_combination>
<product_attribute_combination><id_attribute><![CDATA[46]]></id_attribute>
<id_product_attribute><![CDATA[2841]]></id_product_attribute>
</product_attribute_combination>
<product_attribute_combination><id_attribute><![CDATA[45]]></id_attribute>
<id_product_attribute><![CDATA[2842]]></id_product_attribute>
</product_attribute_combination>
<product_attribute_combination><id_attribute><![CDATA[44]]></id_attribute>
<id_product_attribute><![CDATA[2843]]></id_product_attribute>
</product_attribute_combination>
<product_attribute_combination><id_attribute><![CDATA[43]]></id_attribute>
<id_product_attribute><![CDATA[2844]]></id_product_attribute>
</product_attribute_combination>
<product_attribute_combination><id_attribute><![CDATA[42]]></id_attribute>
<id_product_attribute><![CDATA[2845]]></id_product_attribute>
</product_attribute_combination>
<product_attribute_combination><id_attribute><![CDATA[23]]></id_attribute>
<id_product_attribute><![CDATA[2846]]></id_product_attribute>
</product_attribute_combination>
<product_attribute_combination><id_attribute><![CDATA[49]]></id_attribute>
<id_product_attribute><![CDATA[2847]]></id_product_attribute>
</product_attribute_combination>
<product_attribute_combination><id_attribute><![CDATA[48]]></id_attribute>
<id_product_attribute><![CDATA[2848]]></id_product_attribute>
</product_attribute_combination>
<product_attribute_combination><id_attribute><![CDATA[47]]></id_attribute>
<id_product_attribute><![CDATA[2849]]></id_product_attribute>
</product_attribute_combination>
<product_attribute_combination><id_attribute><![CDATA[46]]></id_attribute>
<id_product_attribute><![CDATA[2850]]></id_product_attribute>
</product_attribute_combination>
<product_attribute_combination><id_attribute><![CDATA[45]]></id_attribute>
<id_product_attribute><![CDATA[2851]]></id_product_attribute>
</product_attribute_combination>
<product_attribute_combination><id_attribute><![CDATA[44]]></id_attribute>
<id_product_attribute><![CDATA[2852]]></id_product_attribute>
</product_attribute_combination>
<product_attribute_combination><id_attribute><![CDATA[43]]></id_attribute>
<id_product_attribute><![CDATA[2853]]></id_product_attribute>
</product_attribute_combination>
<product_attribute_combination><id_attribute><![CDATA[42]]></id_attribute>
<id_product_attribute><![CDATA[2854]]></id_product_attribute>
</product_attribute_combination>
<product_attribute_combination><id_attribute><![CDATA[23]]></id_attribute>
<id_product_attribute><![CDATA[2855]]></id_product_attribute>
</product_attribute_combination>
<product_attribute_combination><id_attribute><![CDATA[50]]></id_attribute>
<id_product_attribute><![CDATA[2856]]></id_product_attribute>
</product_attribute_combination>
<product_attribute_combination><id_attribute><![CDATA[49]]></id_attribute>
<id_product_attribute><![CDATA[2857]]></id_product_attribute>
</product_attribute_combination>
<product_attribute_combination><id_attribute><![CDATA[48]]></id_attribute>
<id_product_attribute><![CDATA[2858]]></id_product_attribute>
</product_attribute_combination>
<product_attribute_combination><id_attribute><![CDATA[47]]></id_attribute>
<id_product_attribute><![CDATA[2859]]></id_product_attribute>
</product_attribute_combination>
<product_attribute_combination><id_attribute><![CDATA[46]]></id_attribute>
<id_product_attribute><![CDATA[2860]]></id_product_attribute>
</product_attribute_combination>
<product_attribute_combination><id_attribute><![CDATA[45]]></id_attribute>
<id_product_attribute><![CDATA[2861]]></id_product_attribute>
</product_attribute_combination>
<product_attribute_combination><id_attribute><![CDATA[44]]></id_attribute>
<id_product_attribute><![CDATA[2862]]></id_product_attribute>
</product_attribute_combination>
<product_attribute_combination><id_attribute><![CDATA[43]]></id_attribute>
<id_product_attribute><![CDATA[2863]]></id_product_attribute>
</product_attribute_combination>
<product_attribute_combination><id_attribute><![CDATA[42]]></id_attribute>
<id_product_attribute><![CDATA[2864]]></id_product_attribute>
</product_attribute_combination>
<product_attribute_combination><id_attribute><![CDATA[23]]></id_attribute>
<id_product_attribute><![CDATA[2865]]></id_product_attribute>
</product_attribute_combination>
<product_attribute_combination><id_attribute><![CDATA[50]]></id_attribute>
<id_product_attribute><![CDATA[2866]]></id_product_attribute>
</product_attribute_combination>
<product_attribute_combination><id_attribute><![CDATA[137]]></id_attribute>
<id_product_attribute><![CDATA[2867]]></id_product_attribute>
</product_attribute_combination>
<product_attribute_combination><id_attribute><![CDATA[33]]></id_attribute>
<id_product_attribute><![CDATA[2868]]></id_product_attribute>
</product_attribute_combination>
<product_attribute_combination><id_attribute><![CDATA[1]]></id_attribute>
<id_product_attribute><![CDATA[2869]]></id_product_attribute>
</product_attribute_combination>
<product_attribute_combination><id_attribute><![CDATA[2]]></id_attribute>
<id_product_attribute><![CDATA[2870]]></id_product_attribute>
</product_attribute_combination>
<product_attribute_combination><id_attribute><![CDATA[3]]></id_attribute>
<id_product_attribute><![CDATA[2871]]></id_product_attribute>
</product_attribute_combination>
<product_attribute_combination><id_attribute><![CDATA[32]]></id_attribute>
<id_product_attribute><![CDATA[2872]]></id_product_attribute>
</product_attribute_combination>
<product_attribute_combination><id_attribute><![CDATA[33]]></id_attribute>
<id_product_attribute><![CDATA[2883]]></id_product_attribute>
</product_attribute_combination>
<product_attribute_combination><id_attribute><![CDATA[1]]></id_attribute>
<id_product_attribute><![CDATA[2884]]></id_product_attribute>
</product_attribute_combination>
<product_attribute_combination><id_attribute><![CDATA[2]]></id_attribute>
<id_product_attribute><![CDATA[2885]]></id_product_attribute>
</product_attribute_combination>
<product_attribute_combination><id_attribute><![CDATA[3]]></id_attribute>
<id_product_attribute><![CDATA[2886]]></id_product_attribute>
</product_attribute_combination>
<product_attribute_combination><id_attribute><![CDATA[32]]></id_attribute>
<id_product_attribute><![CDATA[2887]]></id_product_attribute>
</product_attribute_combination>
<product_attribute_combination><id_attribute><![CDATA[1]]></id_attribute>
<id_product_attribute><![CDATA[2888]]></id_product_attribute>
</product_attribute_combination>
<product_attribute_combination><id_attribute><![CDATA[2]]></id_attribute>
<id_product_attribute><![CDATA[2889]]></id_product_attribute>
</product_attribute_combination>
<product_attribute_combination><id_attribute><![CDATA[3]]></id_attribute>
<id_product_attribute><![CDATA[2890]]></id_product_attribute>
</product_attribute_combination>
<product_attribute_combination><id_attribute><![CDATA[32]]></id_attribute>
<id_product_attribute><![CDATA[2891]]></id_product_attribute>
</product_attribute_combination>
<product_attribute_combination><id_attribute><![CDATA[33]]></id_attribute>
<id_product_attribute><![CDATA[2892]]></id_product_attribute>
</product_attribute_combination>
<product_attribute_combination><id_attribute><![CDATA[19]]></id_attribute>
<id_product_attribute><![CDATA[2917]]></id_product_attribute>
</product_attribute_combination>
<product_attribute_combination><id_attribute><![CDATA[20]]></id_attribute>
<id_product_attribute><![CDATA[2918]]></id_product_attribute>
</product_attribute_combination>
<product_attribute_combination><id_attribute><![CDATA[21]]></id_attribute>
<id_product_attribute><![CDATA[2919]]></id_product_attribute>
</product_attribute_combination>
<product_attribute_combination><id_attribute><![CDATA[22]]></id_attribute>
<id_product_attribute><![CDATA[2920]]></id_product_attribute>
</product_attribute_combination>
<product_attribute_combination><id_attribute><![CDATA[23]]></id_attribute>
<id_product_attribute><![CDATA[2921]]></id_product_attribute>
</product_attribute_combination>
<product_attribute_combination><id_attribute><![CDATA[33]]></id_attribute>
<id_product_attribute><![CDATA[2922]]></id_product_attribute>
</product_attribute_combination>
<product_attribute_combination><id_attribute><![CDATA[1]]></id_attribute>
<id_product_attribute><![CDATA[2923]]></id_product_attribute>
</product_attribute_combination>
<product_attribute_combination><id_attribute><![CDATA[2]]></id_attribute>
<id_product_attribute><![CDATA[2924]]></id_product_attribute>
</product_attribute_combination>
<product_attribute_combination><id_attribute><![CDATA[3]]></id_attribute>
<id_product_attribute><![CDATA[2925]]></id_product_attribute>
</product_attribute_combination>
<product_attribute_combination><id_attribute><![CDATA[32]]></id_attribute>
<id_product_attribute><![CDATA[2926]]></id_product_attribute>
</product_attribute_combination>
<product_attribute_combination><id_attribute><![CDATA[33]]></id_attribute>
<id_product_attribute><![CDATA[2927]]></id_product_attribute>
</product_attribute_combination>
<product_attribute_combination><id_attribute><![CDATA[1]]></id_attribute>
<id_product_attribute><![CDATA[2928]]></id_product_attribute>
</product_attribute_combination>
<product_attribute_combination><id_attribute><![CDATA[2]]></id_attribute>
<id_product_attribute><![CDATA[2929]]></id_product_attribute>
</product_attribute_combination>
<product_attribute_combination><id_attribute><![CDATA[3]]></id_attribute>
<id_product_attribute><![CDATA[2930]]></id_product_attribute>
</product_attribute_combination>
<product_attribute_combination><id_attribute><![CDATA[32]]></id_attribute>
<id_product_attribute><![CDATA[2931]]></id_product_attribute>
</product_attribute_combination>
<product_attribute_combination><id_attribute><![CDATA[33]]></id_attribute>
<id_product_attribute><![CDATA[2932]]></id_product_attribute>
</product_attribute_combination>
<product_attribute_combination><id_attribute><![CDATA[1]]></id_attribute>
<id_product_attribute><![CDATA[2933]]></id_product_attribute>
</product_attribute_combination>
<product_attribute_combination><id_attribute><![CDATA[2]]></id_attribute>
<id_product_attribute><![CDATA[2934]]></id_product_attribute>
</product_attribute_combination>
<product_attribute_combination><id_attribute><![CDATA[3]]></id_attribute>
<id_product_attribute><![CDATA[2935]]></id_product_attribute>
</product_attribute_combination>
<product_attribute_combination><id_attribute><![CDATA[32]]></id_attribute>
<id_product_attribute><![CDATA[2936]]></id_product_attribute>
</product_attribute_combination>
<product_attribute_combination><id_attribute><![CDATA[33]]></id_attribute>
<id_product_attribute><![CDATA[2937]]></id_product_attribute>
</product_attribute_combination>
<product_attribute_combination><id_attribute><![CDATA[1]]></id_attribute>
<id_product_attribute><![CDATA[2938]]></id_product_attribute>
</product_attribute_combination>
<product_attribute_combination><id_attribute><![CDATA[2]]></id_attribute>
<id_product_attribute><![CDATA[2939]]></id_product_attribute>
</product_attribute_combination>
<product_attribute_combination><id_attribute><![CDATA[3]]></id_attribute>
<id_product_attribute><![CDATA[2940]]></id_product_attribute>
</product_attribute_combination>
<product_attribute_combination><id_attribute><![CDATA[32]]></id_attribute>
<id_product_attribute><![CDATA[2941]]></id_product_attribute>
</product_attribute_combination>
<product_attribute_combination><id_attribute><![CDATA[33]]></id_attribute>
<id_product_attribute><![CDATA[2942]]></id_product_attribute>
</product_attribute_combination>
<product_attribute_combination><id_attribute><![CDATA[1]]></id_attribute>
<id_product_attribute><![CDATA[2943]]></id_product_attribute>
</product_attribute_combination>
<product_attribute_combination><id_attribute><![CDATA[2]]></id_attribute>
<id_product_attribute><![CDATA[2944]]></id_product_attribute>
</product_attribute_combination>
<product_attribute_combination><id_attribute><![CDATA[3]]></id_attribute>
<id_product_attribute><![CDATA[2945]]></id_product_attribute>
</product_attribute_combination>
<product_attribute_combination><id_attribute><![CDATA[32]]></id_attribute>
<id_product_attribute><![CDATA[2946]]></id_product_attribute>
</product_attribute_combination>
<product_attribute_combination><id_attribute><![CDATA[33]]></id_attribute>
<id_product_attribute><![CDATA[2947]]></id_product_attribute>
</product_attribute_combination>
<product_attribute_combination><id_attribute><![CDATA[1]]></id_attribute>
<id_product_attribute><![CDATA[2948]]></id_product_attribute>
</product_attribute_combination>
<product_attribute_combination><id_attribute><![CDATA[2]]></id_attribute>
<id_product_attribute><![CDATA[2949]]></id_product_attribute>
</product_attribute_combination>
<product_attribute_combination><id_attribute><![CDATA[3]]></id_attribute>
<id_product_attribute><![CDATA[2950]]></id_product_attribute>
</product_attribute_combination>
<product_attribute_combination><id_attribute><![CDATA[32]]></id_attribute>
<id_product_attribute><![CDATA[2951]]></id_product_attribute>
</product_attribute_combination>
<product_attribute_combination><id_attribute><![CDATA[33]]></id_attribute>
<id_product_attribute><![CDATA[2952]]></id_product_attribute>
</product_attribute_combination>
<product_attribute_combination><id_attribute><![CDATA[1]]></id_attribute>
<id_product_attribute><![CDATA[2953]]></id_product_attribute>
</product_attribute_combination>
<product_attribute_combination><id_attribute><![CDATA[2]]></id_attribute>
<id_product_attribute><![CDATA[2954]]></id_product_attribute>
</product_attribute_combination>
<product_attribute_combination><id_attribute><![CDATA[3]]></id_attribute>
<id_product_attribute><![CDATA[2955]]></id_product_attribute>
</product_attribute_combination>
<product_attribute_combination><id_attribute><![CDATA[32]]></id_attribute>
<id_product_attribute><![CDATA[2956]]></id_product_attribute>
</product_attribute_combination>
<product_attribute_combination><id_attribute><![CDATA[33]]></id_attribute>
<id_product_attribute><![CDATA[2957]]></id_product_attribute>
</product_attribute_combination>
<product_attribute_combination><id_attribute><![CDATA[1]]></id_attribute>
<id_product_attribute><![CDATA[2958]]></id_product_attribute>
</product_attribute_combination>
<product_attribute_combination><id_attribute><![CDATA[2]]></id_attribute>
<id_product_attribute><![CDATA[2959]]></id_product_attribute>
</product_attribute_combination>
<product_attribute_combination><id_attribute><![CDATA[3]]></id_attribute>
<id_product_attribute><![CDATA[2960]]></id_product_attribute>
</product_attribute_combination>
<product_attribute_combination><id_attribute><![CDATA[32]]></id_attribute>
<id_product_attribute><![CDATA[2961]]></id_product_attribute>
</product_attribute_combination>
<product_attribute_combination><id_attribute><![CDATA[33]]></id_attribute>
<id_product_attribute><![CDATA[2962]]></id_product_attribute>
</product_attribute_combination>
<product_attribute_combination><id_attribute><![CDATA[1]]></id_attribute>
<id_product_attribute><![CDATA[2963]]></id_product_attribute>
</product_attribute_combination>
<product_attribute_combination><id_attribute><![CDATA[2]]></id_attribute>
<id_product_attribute><![CDATA[2964]]></id_product_attribute>
</product_attribute_combination>
<product_attribute_combination><id_attribute><![CDATA[3]]></id_attribute>
<id_product_attribute><![CDATA[2965]]></id_product_attribute>
</product_attribute_combination>
<product_attribute_combination><id_attribute><![CDATA[32]]></id_attribute>
<id_product_attribute><![CDATA[2966]]></id_product_attribute>
</product_attribute_combination>
<product_attribute_combination><id_attribute><![CDATA[33]]></id_attribute>
<id_product_attribute><![CDATA[2967]]></id_product_attribute>
</product_attribute_combination>
<product_attribute_combination><id_attribute><![CDATA[1]]></id_attribute>
<id_product_attribute><![CDATA[2968]]></id_product_attribute>
</product_attribute_combination>
<product_attribute_combination><id_attribute><![CDATA[2]]></id_attribute>
<id_product_attribute><![CDATA[2969]]></id_product_attribute>
</product_attribute_combination>
<product_attribute_combination><id_attribute><![CDATA[3]]></id_attribute>
<id_product_attribute><![CDATA[2970]]></id_product_attribute>
</product_attribute_combination>
<product_attribute_combination><id_attribute><![CDATA[32]]></id_attribute>
<id_product_attribute><![CDATA[2971]]></id_product_attribute>
</product_attribute_combination>
<product_attribute_combination><id_attribute><![CDATA[33]]></id_attribute>
<id_product_attribute><![CDATA[2972]]></id_product_attribute>
</product_attribute_combination>
<product_attribute_combination><id_attribute><![CDATA[1]]></id_attribute>
<id_product_attribute><![CDATA[2973]]></id_product_attribute>
</product_attribute_combination>
<product_attribute_combination><id_attribute><![CDATA[2]]></id_attribute>
<id_product_attribute><![CDATA[2974]]></id_product_attribute>
</product_attribute_combination>
<product_attribute_combination><id_attribute><![CDATA[3]]></id_attribute>
<id_product_attribute><![CDATA[2975]]></id_product_attribute>
</product_attribute_combination>
<product_attribute_combination><id_attribute><![CDATA[32]]></id_attribute>
<id_product_attribute><![CDATA[2976]]></id_product_attribute>
</product_attribute_combination>
<product_attribute_combination><id_attribute><![CDATA[33]]></id_attribute>
<id_product_attribute><![CDATA[2977]]></id_product_attribute>
</product_attribute_combination>
<product_attribute_combination><id_attribute><![CDATA[1]]></id_attribute>
<id_product_attribute><![CDATA[2978]]></id_product_attribute>
</product_attribute_combination>
<product_attribute_combination><id_attribute><![CDATA[2]]></id_attribute>
<id_product_attribute><![CDATA[2979]]></id_product_attribute>
</product_attribute_combination>
<product_attribute_combination><id_attribute><![CDATA[3]]></id_attribute>
<id_product_attribute><![CDATA[2980]]></id_product_attribute>
</product_attribute_combination>
<product_attribute_combination><id_attribute><![CDATA[32]]></id_attribute>
<id_product_attribute><![CDATA[2981]]></id_product_attribute>
</product_attribute_combination>
<product_attribute_combination><id_attribute><![CDATA[33]]></id_attribute>
<id_product_attribute><![CDATA[2982]]></id_product_attribute>
</product_attribute_combination>
<product_attribute_combination><id_attribute><![CDATA[1]]></id_attribute>
<id_product_attribute><![CDATA[2983]]></id_product_attribute>
</product_attribute_combination>
<product_attribute_combination><id_attribute><![CDATA[2]]></id_attribute>
<id_product_attribute><![CDATA[2984]]></id_product_attribute>
</product_attribute_combination>
<product_attribute_combination><id_attribute><![CDATA[3]]></id_attribute>
<id_product_attribute><![CDATA[2985]]></id_product_attribute>
</product_attribute_combination>
<product_attribute_combination><id_attribute><![CDATA[32]]></id_attribute>
<id_product_attribute><![CDATA[2986]]></id_product_attribute>
</product_attribute_combination>
<product_attribute_combination><id_attribute><![CDATA[33]]></id_attribute>
<id_product_attribute><![CDATA[2987]]></id_product_attribute>
</product_attribute_combination>
<product_attribute_combination><id_attribute><![CDATA[1]]></id_attribute>
<id_product_attribute><![CDATA[2988]]></id_product_attribute>
</product_attribute_combination>
<product_attribute_combination><id_attribute><![CDATA[2]]></id_attribute>
<id_product_attribute><![CDATA[2989]]></id_product_attribute>
</product_attribute_combination>
<product_attribute_combination><id_attribute><![CDATA[3]]></id_attribute>
<id_product_attribute><![CDATA[2990]]></id_product_attribute>
</product_attribute_combination>
<product_attribute_combination><id_attribute><![CDATA[32]]></id_attribute>
<id_product_attribute><![CDATA[2991]]></id_product_attribute>
</product_attribute_combination>
<product_attribute_combination><id_attribute><![CDATA[33]]></id_attribute>
<id_product_attribute><![CDATA[2992]]></id_product_attribute>
</product_attribute_combination>
<product_attribute_combination><id_attribute><![CDATA[1]]></id_attribute>
<id_product_attribute><![CDATA[2993]]></id_product_attribute>
</product_attribute_combination>
<product_attribute_combination><id_attribute><![CDATA[2]]></id_attribute>
<id_product_attribute><![CDATA[2994]]></id_product_attribute>
</product_attribute_combination>
<product_attribute_combination><id_attribute><![CDATA[3]]></id_attribute>
<id_product_attribute><![CDATA[2995]]></id_product_attribute>
</product_attribute_combination>
<product_attribute_combination><id_attribute><![CDATA[32]]></id_attribute>
<id_product_attribute><![CDATA[2996]]></id_product_attribute>
</product_attribute_combination>
<product_attribute_combination><id_attribute><![CDATA[33]]></id_attribute>
<id_product_attribute><![CDATA[2997]]></id_product_attribute>
</product_attribute_combination>
<product_attribute_combination><id_attribute><![CDATA[1]]></id_attribute>
<id_product_attribute><![CDATA[2998]]></id_product_attribute>
</product_attribute_combination>
<product_attribute_combination><id_attribute><![CDATA[2]]></id_attribute>
<id_product_attribute><![CDATA[2999]]></id_product_attribute>
</product_attribute_combination>
<product_attribute_combination><id_attribute><![CDATA[3]]></id_attribute>
<id_product_attribute><![CDATA[3000]]></id_product_attribute>
</product_attribute_combination>
<product_attribute_combination><id_attribute><![CDATA[32]]></id_attribute>
<id_product_attribute><![CDATA[3001]]></id_product_attribute>
</product_attribute_combination>
<product_attribute_combination><id_attribute><![CDATA[33]]></id_attribute>
<id_product_attribute><![CDATA[3002]]></id_product_attribute>
</product_attribute_combination>
<product_attribute_combination><id_attribute><![CDATA[1]]></id_attribute>
<id_product_attribute><![CDATA[3003]]></id_product_attribute>
</product_attribute_combination>
<product_attribute_combination><id_attribute><![CDATA[2]]></id_attribute>
<id_product_attribute><![CDATA[3004]]></id_product_attribute>
</product_attribute_combination>
<product_attribute_combination><id_attribute><![CDATA[3]]></id_attribute>
<id_product_attribute><![CDATA[3005]]></id_product_attribute>
</product_attribute_combination>
<product_attribute_combination><id_attribute><![CDATA[32]]></id_attribute>
<id_product_attribute><![CDATA[3006]]></id_product_attribute>
</product_attribute_combination>
<product_attribute_combination><id_attribute><![CDATA[33]]></id_attribute>
<id_product_attribute><![CDATA[3007]]></id_product_attribute>
</product_attribute_combination>
<product_attribute_combination><id_attribute><![CDATA[1]]></id_attribute>
<id_product_attribute><![CDATA[3008]]></id_product_attribute>
</product_attribute_combination>
<product_attribute_combination><id_attribute><![CDATA[2]]></id_attribute>
<id_product_attribute><![CDATA[3009]]></id_product_attribute>
</product_attribute_combination>
<product_attribute_combination><id_attribute><![CDATA[3]]></id_attribute>
<id_product_attribute><![CDATA[3010]]></id_product_attribute>
</product_attribute_combination>
<product_attribute_combination><id_attribute><![CDATA[32]]></id_attribute>
<id_product_attribute><![CDATA[3011]]></id_product_attribute>
</product_attribute_combination>
<product_attribute_combination><id_attribute><![CDATA[33]]></id_attribute>
<id_product_attribute><![CDATA[3012]]></id_product_attribute>
</product_attribute_combination>
<product_attribute_combination><id_attribute><![CDATA[1]]></id_attribute>
<id_product_attribute><![CDATA[3013]]></id_product_attribute>
</product_attribute_combination>
<product_attribute_combination><id_attribute><![CDATA[2]]></id_attribute>
<id_product_attribute><![CDATA[3014]]></id_product_attribute>
</product_attribute_combination>
<product_attribute_combination><id_attribute><![CDATA[3]]></id_attribute>
<id_product_attribute><![CDATA[3015]]></id_product_attribute>
</product_attribute_combination>
<product_attribute_combination><id_attribute><![CDATA[32]]></id_attribute>
<id_product_attribute><![CDATA[3016]]></id_product_attribute>
</product_attribute_combination>
<product_attribute_combination><id_attribute><![CDATA[33]]></id_attribute>
<id_product_attribute><![CDATA[3017]]></id_product_attribute>
</product_attribute_combination>
<product_attribute_combination><id_attribute><![CDATA[1]]></id_attribute>
<id_product_attribute><![CDATA[3018]]></id_product_attribute>
</product_attribute_combination>
<product_attribute_combination><id_attribute><![CDATA[2]]></id_attribute>
<id_product_attribute><![CDATA[3019]]></id_product_attribute>
</product_attribute_combination>
<product_attribute_combination><id_attribute><![CDATA[3]]></id_attribute>
<id_product_attribute><![CDATA[3020]]></id_product_attribute>
</product_attribute_combination>
<product_attribute_combination><id_attribute><![CDATA[32]]></id_attribute>
<id_product_attribute><![CDATA[3021]]></id_product_attribute>
</product_attribute_combination>
<product_attribute_combination><id_attribute><![CDATA[33]]></id_attribute>
<id_product_attribute><![CDATA[3022]]></id_product_attribute>
</product_attribute_combination>
<product_attribute_combination><id_attribute><![CDATA[1]]></id_attribute>
<id_product_attribute><![CDATA[3023]]></id_product_attribute>
</product_attribute_combination>
<product_attribute_combination><id_attribute><![CDATA[2]]></id_attribute>
<id_product_attribute><![CDATA[3024]]></id_product_attribute>
</product_attribute_combination>
<product_attribute_combination><id_attribute><![CDATA[3]]></id_attribute>
<id_product_attribute><![CDATA[3025]]></id_product_attribute>
</product_attribute_combination>
<product_attribute_combination><id_attribute><![CDATA[32]]></id_attribute>
<id_product_attribute><![CDATA[3026]]></id_product_attribute>
</product_attribute_combination>
<product_attribute_combination><id_attribute><![CDATA[33]]></id_attribute>
<id_product_attribute><![CDATA[3027]]></id_product_attribute>
</product_attribute_combination>
<product_attribute_combination><id_attribute><![CDATA[1]]></id_attribute>
<id_product_attribute><![CDATA[3028]]></id_product_attribute>
</product_attribute_combination>
<product_attribute_combination><id_attribute><![CDATA[2]]></id_attribute>
<id_product_attribute><![CDATA[3029]]></id_product_attribute>
</product_attribute_combination>
<product_attribute_combination><id_attribute><![CDATA[3]]></id_attribute>
<id_product_attribute><![CDATA[3030]]></id_product_attribute>
</product_attribute_combination>
<product_attribute_combination><id_attribute><![CDATA[32]]></id_attribute>
<id_product_attribute><![CDATA[3031]]></id_product_attribute>
</product_attribute_combination>
<product_attribute_combination><id_attribute><![CDATA[33]]></id_attribute>
<id_product_attribute><![CDATA[3032]]></id_product_attribute>
</product_attribute_combination>
<product_attribute_combination><id_attribute><![CDATA[1]]></id_attribute>
<id_product_attribute><![CDATA[3033]]></id_product_attribute>
</product_attribute_combination>
<product_attribute_combination><id_attribute><![CDATA[2]]></id_attribute>
<id_product_attribute><![CDATA[3034]]></id_product_attribute>
</product_attribute_combination>
<product_attribute_combination><id_attribute><![CDATA[3]]></id_attribute>
<id_product_attribute><![CDATA[3035]]></id_product_attribute>
</product_attribute_combination>
<product_attribute_combination><id_attribute><![CDATA[32]]></id_attribute>
<id_product_attribute><![CDATA[3036]]></id_product_attribute>
</product_attribute_combination>
<product_attribute_combination><id_attribute><![CDATA[33]]></id_attribute>
<id_product_attribute><![CDATA[3037]]></id_product_attribute>
</product_attribute_combination>
<product_attribute_combination><id_attribute><![CDATA[1]]></id_attribute>
<id_product_attribute><![CDATA[3038]]></id_product_attribute>
</product_attribute_combination>
<product_attribute_combination><id_attribute><![CDATA[2]]></id_attribute>
<id_product_attribute><![CDATA[3039]]></id_product_attribute>
</product_attribute_combination>
<product_attribute_combination><id_attribute><![CDATA[3]]></id_attribute>
<id_product_attribute><![CDATA[3040]]></id_product_attribute>
</product_attribute_combination>
<product_attribute_combination><id_attribute><![CDATA[32]]></id_attribute>
<id_product_attribute><![CDATA[3041]]></id_product_attribute>
</product_attribute_combination>
<product_attribute_combination><id_attribute><![CDATA[33]]></id_attribute>
<id_product_attribute><![CDATA[3042]]></id_product_attribute>
</product_attribute_combination>
<product_attribute_combination><id_attribute><![CDATA[1]]></id_attribute>
<id_product_attribute><![CDATA[3043]]></id_product_attribute>
</product_attribute_combination>
<product_attribute_combination><id_attribute><![CDATA[2]]></id_attribute>
<id_product_attribute><![CDATA[3044]]></id_product_attribute>
</product_attribute_combination>
<product_attribute_combination><id_attribute><![CDATA[3]]></id_attribute>
<id_product_attribute><![CDATA[3045]]></id_product_attribute>
</product_attribute_combination>
<product_attribute_combination><id_attribute><![CDATA[32]]></id_attribute>
<id_product_attribute><![CDATA[3046]]></id_product_attribute>
</product_attribute_combination>
<product_attribute_combination><id_attribute><![CDATA[33]]></id_attribute>
<id_product_attribute><![CDATA[3047]]></id_product_attribute>
</product_attribute_combination>
<product_attribute_combination><id_attribute><![CDATA[1]]></id_attribute>
<id_product_attribute><![CDATA[3048]]></id_product_attribute>
</product_attribute_combination>
<product_attribute_combination><id_attribute><![CDATA[2]]></id_attribute>
<id_product_attribute><![CDATA[3049]]></id_product_attribute>
</product_attribute_combination>
<product_attribute_combination><id_attribute><![CDATA[3]]></id_attribute>
<id_product_attribute><![CDATA[3050]]></id_product_attribute>
</product_attribute_combination>
<product_attribute_combination><id_attribute><![CDATA[32]]></id_attribute>
<id_product_attribute><![CDATA[3051]]></id_product_attribute>
</product_attribute_combination>
<product_attribute_combination><id_attribute><![CDATA[33]]></id_attribute>
<id_product_attribute><![CDATA[3052]]></id_product_attribute>
</product_attribute_combination>
<product_attribute_combination><id_attribute><![CDATA[1]]></id_attribute>
<id_product_attribute><![CDATA[3053]]></id_product_attribute>
</product_attribute_combination>
<product_attribute_combination><id_attribute><![CDATA[2]]></id_attribute>
<id_product_attribute><![CDATA[3054]]></id_product_attribute>
</product_attribute_combination>
<product_attribute_combination><id_attribute><![CDATA[3]]></id_attribute>
<id_product_attribute><![CDATA[3055]]></id_product_attribute>
</product_attribute_combination>
<product_attribute_combination><id_attribute><![CDATA[32]]></id_attribute>
<id_product_attribute><![CDATA[3056]]></id_product_attribute>
</product_attribute_combination>
<product_attribute_combination><id_attribute><![CDATA[33]]></id_attribute>
<id_product_attribute><![CDATA[3057]]></id_product_attribute>
</product_attribute_combination>
<product_attribute_combination><id_attribute><![CDATA[1]]></id_attribute>
<id_product_attribute><![CDATA[3058]]></id_product_attribute>
</product_attribute_combination>
<product_attribute_combination><id_attribute><![CDATA[2]]></id_attribute>
<id_product_attribute><![CDATA[3059]]></id_product_attribute>
</product_attribute_combination>
<product_attribute_combination><id_attribute><![CDATA[3]]></id_attribute>
<id_product_attribute><![CDATA[3060]]></id_product_attribute>
</product_attribute_combination>
<product_attribute_combination><id_attribute><![CDATA[32]]></id_attribute>
<id_product_attribute><![CDATA[3061]]></id_product_attribute>
</product_attribute_combination>
<product_attribute_combination><id_attribute><![CDATA[33]]></id_attribute>
<id_product_attribute><![CDATA[3062]]></id_product_attribute>
</product_attribute_combination>
<product_attribute_combination><id_attribute><![CDATA[1]]></id_attribute>
<id_product_attribute><![CDATA[3063]]></id_product_attribute>
</product_attribute_combination>
<product_attribute_combination><id_attribute><![CDATA[2]]></id_attribute>
<id_product_attribute><![CDATA[3064]]></id_product_attribute>
</product_attribute_combination>
<product_attribute_combination><id_attribute><![CDATA[3]]></id_attribute>
<id_product_attribute><![CDATA[3065]]></id_product_attribute>
</product_attribute_combination>
<product_attribute_combination><id_attribute><![CDATA[32]]></id_attribute>
<id_product_attribute><![CDATA[3066]]></id_product_attribute>
</product_attribute_combination>
<product_attribute_combination><id_attribute><![CDATA[33]]></id_attribute>
<id_product_attribute><![CDATA[3067]]></id_product_attribute>
</product_attribute_combination>
<product_attribute_combination><id_attribute><![CDATA[1]]></id_attribute>
<id_product_attribute><![CDATA[3068]]></id_product_attribute>
</product_attribute_combination>
<product_attribute_combination><id_attribute><![CDATA[2]]></id_attribute>
<id_product_attribute><![CDATA[3069]]></id_product_attribute>
</product_attribute_combination>
<product_attribute_combination><id_attribute><![CDATA[3]]></id_attribute>
<id_product_attribute><![CDATA[3070]]></id_product_attribute>
</product_attribute_combination>
<product_attribute_combination><id_attribute><![CDATA[32]]></id_attribute>
<id_product_attribute><![CDATA[3071]]></id_product_attribute>
</product_attribute_combination>
<product_attribute_combination><id_attribute><![CDATA[33]]></id_attribute>
<id_product_attribute><![CDATA[3072]]></id_product_attribute>
</product_attribute_combination>
<product_attribute_combination><id_attribute><![CDATA[1]]></id_attribute>
<id_product_attribute><![CDATA[3073]]></id_product_attribute>
</product_attribute_combination>
<product_attribute_combination><id_attribute><![CDATA[2]]></id_attribute>
<id_product_attribute><![CDATA[3074]]></id_product_attribute>
</product_attribute_combination>
<product_attribute_combination><id_attribute><![CDATA[3]]></id_attribute>
<id_product_attribute><![CDATA[3075]]></id_product_attribute>
</product_attribute_combination>
<product_attribute_combination><id_attribute><![CDATA[32]]></id_attribute>
<id_product_attribute><![CDATA[3076]]></id_product_attribute>
</product_attribute_combination>
<product_attribute_combination><id_attribute><![CDATA[33]]></id_attribute>
<id_product_attribute><![CDATA[3077]]></id_product_attribute>
</product_attribute_combination>
<product_attribute_combination><id_attribute><![CDATA[1]]></id_attribute>
<id_product_attribute><![CDATA[3078]]></id_product_attribute>
</product_attribute_combination>
<product_attribute_combination><id_attribute><![CDATA[2]]></id_attribute>
<id_product_attribute><![CDATA[3079]]></id_product_attribute>
</product_attribute_combination>
<product_attribute_combination><id_attribute><![CDATA[3]]></id_attribute>
<id_product_attribute><![CDATA[3080]]></id_product_attribute>
</product_attribute_combination>
<product_attribute_combination><id_attribute><![CDATA[32]]></id_attribute>
<id_product_attribute><![CDATA[3081]]></id_product_attribute>
</product_attribute_combination>
<product_attribute_combination><id_attribute><![CDATA[33]]></id_attribute>
<id_product_attribute><![CDATA[3082]]></id_product_attribute>
</product_attribute_combination>
<product_attribute_combination><id_attribute><![CDATA[1]]></id_attribute>
<id_product_attribute><![CDATA[3083]]></id_product_attribute>
</product_attribute_combination>
<product_attribute_combination><id_attribute><![CDATA[2]]></id_attribute>
<id_product_attribute><![CDATA[3084]]></id_product_attribute>
</product_attribute_combination>
<product_attribute_combination><id_attribute><![CDATA[3]]></id_attribute>
<id_product_attribute><![CDATA[3085]]></id_product_attribute>
</product_attribute_combination>
<product_attribute_combination><id_attribute><![CDATA[32]]></id_attribute>
<id_product_attribute><![CDATA[3086]]></id_product_attribute>
</product_attribute_combination>
<product_attribute_combination><id_attribute><![CDATA[33]]></id_attribute>
<id_product_attribute><![CDATA[3087]]></id_product_attribute>
</product_attribute_combination>
<product_attribute_combination><id_attribute><![CDATA[1]]></id_attribute>
<id_product_attribute><![CDATA[3088]]></id_product_attribute>
</product_attribute_combination>
<product_attribute_combination><id_attribute><![CDATA[2]]></id_attribute>
<id_product_attribute><![CDATA[3089]]></id_product_attribute>
</product_attribute_combination>
<product_attribute_combination><id_attribute><![CDATA[3]]></id_attribute>
<id_product_attribute><![CDATA[3090]]></id_product_attribute>
</product_attribute_combination>
<product_attribute_combination><id_attribute><![CDATA[32]]></id_attribute>
<id_product_attribute><![CDATA[3091]]></id_product_attribute>
</product_attribute_combination>
<product_attribute_combination><id_attribute><![CDATA[33]]></id_attribute>
<id_product_attribute><![CDATA[3092]]></id_product_attribute>
</product_attribute_combination>
<product_attribute_combination><id_attribute><![CDATA[1]]></id_attribute>
<id_product_attribute><![CDATA[3093]]></id_product_attribute>
</product_attribute_combination>
<product_attribute_combination><id_attribute><![CDATA[2]]></id_attribute>
<id_product_attribute><![CDATA[3094]]></id_product_attribute>
</product_attribute_combination>
<product_attribute_combination><id_attribute><![CDATA[3]]></id_attribute>
<id_product_attribute><![CDATA[3095]]></id_product_attribute>
</product_attribute_combination>
<product_attribute_combination><id_attribute><![CDATA[32]]></id_attribute>
<id_product_attribute><![CDATA[3096]]></id_product_attribute>
</product_attribute_combination>
<product_attribute_combination><id_attribute><![CDATA[33]]></id_attribute>
<id_product_attribute><![CDATA[3097]]></id_product_attribute>
</product_attribute_combination>
<product_attribute_combination><id_attribute><![CDATA[1]]></id_attribute>
<id_product_attribute><![CDATA[3098]]></id_product_attribute>
</product_attribute_combination>
<product_attribute_combination><id_attribute><![CDATA[2]]></id_attribute>
<id_product_attribute><![CDATA[3099]]></id_product_attribute>
</product_attribute_combination>
<product_attribute_combination><id_attribute><![CDATA[3]]></id_attribute>
<id_product_attribute><![CDATA[3100]]></id_product_attribute>
</product_attribute_combination>
<product_attribute_combination><id_attribute><![CDATA[32]]></id_attribute>
<id_product_attribute><![CDATA[3101]]></id_product_attribute>
</product_attribute_combination>
<product_attribute_combination><id_attribute><![CDATA[33]]></id_attribute>
<id_product_attribute><![CDATA[3102]]></id_product_attribute>
</product_attribute_combination>
<product_attribute_combination><id_attribute><![CDATA[1]]></id_attribute>
<id_product_attribute><![CDATA[3103]]></id_product_attribute>
</product_attribute_combination>
<product_attribute_combination><id_attribute><![CDATA[2]]></id_attribute>
<id_product_attribute><![CDATA[3104]]></id_product_attribute>
</product_attribute_combination>
<product_attribute_combination><id_attribute><![CDATA[3]]></id_attribute>
<id_product_attribute><![CDATA[3105]]></id_product_attribute>
</product_attribute_combination>
<product_attribute_combination><id_attribute><![CDATA[32]]></id_attribute>
<id_product_attribute><![CDATA[3106]]></id_product_attribute>
</product_attribute_combination>
<product_attribute_combination><id_attribute><![CDATA[33]]></id_attribute>
<id_product_attribute><![CDATA[3107]]></id_product_attribute>
</product_attribute_combination>
<product_attribute_combination><id_attribute><![CDATA[1]]></id_attribute>
<id_product_attribute><![CDATA[3108]]></id_product_attribute>
</product_attribute_combination>
<product_attribute_combination><id_attribute><![CDATA[2]]></id_attribute>
<id_product_attribute><![CDATA[3109]]></id_product_attribute>
</product_attribute_combination>
<product_attribute_combination><id_attribute><![CDATA[3]]></id_attribute>
<id_product_attribute><![CDATA[3110]]></id_product_attribute>
</product_attribute_combination>
<product_attribute_combination><id_attribute><![CDATA[32]]></id_attribute>
<id_product_attribute><![CDATA[3111]]></id_product_attribute>
</product_attribute_combination>
<product_attribute_combination><id_attribute><![CDATA[33]]></id_attribute>
<id_product_attribute><![CDATA[3112]]></id_product_attribute>
</product_attribute_combination>
<product_attribute_combination><id_attribute><![CDATA[1]]></id_attribute>
<id_product_attribute><![CDATA[3113]]></id_product_attribute>
</product_attribute_combination>
<product_attribute_combination><id_attribute><![CDATA[2]]></id_attribute>
<id_product_attribute><![CDATA[3114]]></id_product_attribute>
</product_attribute_combination>
<product_attribute_combination><id_attribute><![CDATA[3]]></id_attribute>
<id_product_attribute><![CDATA[3115]]></id_product_attribute>
</product_attribute_combination>
<product_attribute_combination><id_attribute><![CDATA[32]]></id_attribute>
<id_product_attribute><![CDATA[3116]]></id_product_attribute>
</product_attribute_combination>
<product_attribute_combination><id_attribute><![CDATA[33]]></id_attribute>
<id_product_attribute><![CDATA[3117]]></id_product_attribute>
</product_attribute_combination>
<product_attribute_combination><id_attribute><![CDATA[1]]></id_attribute>
<id_product_attribute><![CDATA[3118]]></id_product_attribute>
</product_attribute_combination>
<product_attribute_combination><id_attribute><![CDATA[2]]></id_attribute>
<id_product_attribute><![CDATA[3119]]></id_product_attribute>
</product_attribute_combination>
<product_attribute_combination><id_attribute><![CDATA[3]]></id_attribute>
<id_product_attribute><![CDATA[3120]]></id_product_attribute>
</product_attribute_combination>
<product_attribute_combination><id_attribute><![CDATA[32]]></id_attribute>
<id_product_attribute><![CDATA[3121]]></id_product_attribute>
</product_attribute_combination>
<product_attribute_combination><id_attribute><![CDATA[33]]></id_attribute>
<id_product_attribute><![CDATA[3122]]></id_product_attribute>
</product_attribute_combination>
<product_attribute_combination><id_attribute><![CDATA[1]]></id_attribute>
<id_product_attribute><![CDATA[3123]]></id_product_attribute>
</product_attribute_combination>
<product_attribute_combination><id_attribute><![CDATA[2]]></id_attribute>
<id_product_attribute><![CDATA[3124]]></id_product_attribute>
</product_attribute_combination>
<product_attribute_combination><id_attribute><![CDATA[3]]></id_attribute>
<id_product_attribute><![CDATA[3125]]></id_product_attribute>
</product_attribute_combination>
<product_attribute_combination><id_attribute><![CDATA[32]]></id_attribute>
<id_product_attribute><![CDATA[3126]]></id_product_attribute>
</product_attribute_combination>
<product_attribute_combination><id_attribute><![CDATA[33]]></id_attribute>
<id_product_attribute><![CDATA[3127]]></id_product_attribute>
</product_attribute_combination>
<product_attribute_combination><id_attribute><![CDATA[1]]></id_attribute>
<id_product_attribute><![CDATA[3128]]></id_product_attribute>
</product_attribute_combination>
<product_attribute_combination><id_attribute><![CDATA[2]]></id_attribute>
<id_product_attribute><![CDATA[3129]]></id_product_attribute>
</product_attribute_combination>
<product_attribute_combination><id_attribute><![CDATA[3]]></id_attribute>
<id_product_attribute><![CDATA[3130]]></id_product_attribute>
</product_attribute_combination>
<product_attribute_combination><id_attribute><![CDATA[32]]></id_attribute>
<id_product_attribute><![CDATA[3131]]></id_product_attribute>
</product_attribute_combination>
<product_attribute_combination><id_attribute><![CDATA[33]]></id_attribute>
<id_product_attribute><![CDATA[3132]]></id_product_attribute>
</product_attribute_combination>
<product_attribute_combination><id_attribute><![CDATA[1]]></id_attribute>
<id_product_attribute><![CDATA[3133]]></id_product_attribute>
</product_attribute_combination>
<product_attribute_combination><id_attribute><![CDATA[2]]></id_attribute>
<id_product_attribute><![CDATA[3134]]></id_product_attribute>
</product_attribute_combination>
<product_attribute_combination><id_attribute><![CDATA[3]]></id_attribute>
<id_product_attribute><![CDATA[3135]]></id_product_attribute>
</product_attribute_combination>
<product_attribute_combination><id_attribute><![CDATA[32]]></id_attribute>
<id_product_attribute><![CDATA[3136]]></id_product_attribute>
</product_attribute_combination>
<product_attribute_combination><id_attribute><![CDATA[33]]></id_attribute>
<id_product_attribute><![CDATA[3137]]></id_product_attribute>
</product_attribute_combination>
<product_attribute_combination><id_attribute><![CDATA[1]]></id_attribute>
<id_product_attribute><![CDATA[3138]]></id_product_attribute>
</product_attribute_combination>
<product_attribute_combination><id_attribute><![CDATA[2]]></id_attribute>
<id_product_attribute><![CDATA[3139]]></id_product_attribute>
</product_attribute_combination>
<product_attribute_combination><id_attribute><![CDATA[3]]></id_attribute>
<id_product_attribute><![CDATA[3140]]></id_product_attribute>
</product_attribute_combination>
<product_attribute_combination><id_attribute><![CDATA[32]]></id_attribute>
<id_product_attribute><![CDATA[3141]]></id_product_attribute>
</product_attribute_combination>
<product_attribute_combination><id_attribute><![CDATA[2]]></id_attribute>
<id_product_attribute><![CDATA[3144]]></id_product_attribute>
</product_attribute_combination>
<product_attribute_combination><id_attribute><![CDATA[3]]></id_attribute>
<id_product_attribute><![CDATA[3145]]></id_product_attribute>
</product_attribute_combination>
<product_attribute_combination><id_attribute><![CDATA[32]]></id_attribute>
<id_product_attribute><![CDATA[3146]]></id_product_attribute>
</product_attribute_combination>
<product_attribute_combination><id_attribute><![CDATA[33]]></id_attribute>
<id_product_attribute><![CDATA[3147]]></id_product_attribute>
</product_attribute_combination>
<product_attribute_combination><id_attribute><![CDATA[1]]></id_attribute>
<id_product_attribute><![CDATA[3148]]></id_product_attribute>
</product_attribute_combination>
<product_attribute_combination><id_attribute><![CDATA[2]]></id_attribute>
<id_product_attribute><![CDATA[3149]]></id_product_attribute>
</product_attribute_combination>
<product_attribute_combination><id_attribute><![CDATA[3]]></id_attribute>
<id_product_attribute><![CDATA[3150]]></id_product_attribute>
</product_attribute_combination>
<product_attribute_combination><id_attribute><![CDATA[3]]></id_attribute>
<id_product_attribute><![CDATA[3155]]></id_product_attribute>
</product_attribute_combination>
<product_attribute_combination><id_attribute><![CDATA[33]]></id_attribute>
<id_product_attribute><![CDATA[3157]]></id_product_attribute>
</product_attribute_combination>
<product_attribute_combination><id_attribute><![CDATA[1]]></id_attribute>
<id_product_attribute><![CDATA[3158]]></id_product_attribute>
</product_attribute_combination>
<product_attribute_combination><id_attribute><![CDATA[2]]></id_attribute>
<id_product_attribute><![CDATA[3159]]></id_product_attribute>
</product_attribute_combination>
<product_attribute_combination><id_attribute><![CDATA[3]]></id_attribute>
<id_product_attribute><![CDATA[3160]]></id_product_attribute>
</product_attribute_combination>
<product_attribute_combination><id_attribute><![CDATA[32]]></id_attribute>
<id_product_attribute><![CDATA[3161]]></id_product_attribute>
</product_attribute_combination>
<product_attribute_combination><id_attribute><![CDATA[33]]></id_attribute>
<id_product_attribute><![CDATA[3162]]></id_product_attribute>
</product_attribute_combination>
<product_attribute_combination><id_attribute><![CDATA[1]]></id_attribute>
<id_product_attribute><![CDATA[3163]]></id_product_attribute>
</product_attribute_combination>
<product_attribute_combination><id_attribute><![CDATA[2]]></id_attribute>
<id_product_attribute><![CDATA[3164]]></id_product_attribute>
</product_attribute_combination>
<product_attribute_combination><id_attribute><![CDATA[3]]></id_attribute>
<id_product_attribute><![CDATA[3165]]></id_product_attribute>
</product_attribute_combination>
<product_attribute_combination><id_attribute><![CDATA[32]]></id_attribute>
<id_product_attribute><![CDATA[3166]]></id_product_attribute>
</product_attribute_combination>
<product_attribute_combination><id_attribute><![CDATA[33]]></id_attribute>
<id_product_attribute><![CDATA[3167]]></id_product_attribute>
</product_attribute_combination>
<product_attribute_combination><id_attribute><![CDATA[1]]></id_attribute>
<id_product_attribute><![CDATA[3168]]></id_product_attribute>
</product_attribute_combination>
<product_attribute_combination><id_attribute><![CDATA[2]]></id_attribute>
<id_product_attribute><![CDATA[3169]]></id_product_attribute>
</product_attribute_combination>
<product_attribute_combination><id_attribute><![CDATA[3]]></id_attribute>
<id_product_attribute><![CDATA[3170]]></id_product_attribute>
</product_attribute_combination>
<product_attribute_combination><id_attribute><![CDATA[32]]></id_attribute>
<id_product_attribute><![CDATA[3171]]></id_product_attribute>
</product_attribute_combination>
<product_attribute_combination><id_attribute><![CDATA[33]]></id_attribute>
<id_product_attribute><![CDATA[3172]]></id_product_attribute>
</product_attribute_combination>
<product_attribute_combination><id_attribute><![CDATA[1]]></id_attribute>
<id_product_attribute><![CDATA[3173]]></id_product_attribute>
</product_attribute_combination>
<product_attribute_combination><id_attribute><![CDATA[2]]></id_attribute>
<id_product_attribute><![CDATA[3174]]></id_product_attribute>
</product_attribute_combination>
<product_attribute_combination><id_attribute><![CDATA[3]]></id_attribute>
<id_product_attribute><![CDATA[3175]]></id_product_attribute>
</product_attribute_combination>
<product_attribute_combination><id_attribute><![CDATA[32]]></id_attribute>
<id_product_attribute><![CDATA[3176]]></id_product_attribute>
</product_attribute_combination>
<product_attribute_combination><id_attribute><![CDATA[33]]></id_attribute>
<id_product_attribute><![CDATA[3177]]></id_product_attribute>
</product_attribute_combination>
<product_attribute_combination><id_attribute><![CDATA[1]]></id_attribute>
<id_product_attribute><![CDATA[3178]]></id_product_attribute>
</product_attribute_combination>
<product_attribute_combination><id_attribute><![CDATA[2]]></id_attribute>
<id_product_attribute><![CDATA[3179]]></id_product_attribute>
</product_attribute_combination>
<product_attribute_combination><id_attribute><![CDATA[3]]></id_attribute>
<id_product_attribute><![CDATA[3180]]></id_product_attribute>
</product_attribute_combination>
<product_attribute_combination><id_attribute><![CDATA[32]]></id_attribute>
<id_product_attribute><![CDATA[3181]]></id_product_attribute>
</product_attribute_combination>
<product_attribute_combination><id_attribute><![CDATA[33]]></id_attribute>
<id_product_attribute><![CDATA[3182]]></id_product_attribute>
</product_attribute_combination>
<product_attribute_combination><id_attribute><![CDATA[1]]></id_attribute>
<id_product_attribute><![CDATA[3183]]></id_product_attribute>
</product_attribute_combination>
<product_attribute_combination><id_attribute><![CDATA[2]]></id_attribute>
<id_product_attribute><![CDATA[3184]]></id_product_attribute>
</product_attribute_combination>
<product_attribute_combination><id_attribute><![CDATA[3]]></id_attribute>
<id_product_attribute><![CDATA[3185]]></id_product_attribute>
</product_attribute_combination>
<product_attribute_combination><id_attribute><![CDATA[32]]></id_attribute>
<id_product_attribute><![CDATA[3186]]></id_product_attribute>
</product_attribute_combination>
<product_attribute_combination><id_attribute><![CDATA[33]]></id_attribute>
<id_product_attribute><![CDATA[3187]]></id_product_attribute>
</product_attribute_combination>
<product_attribute_combination><id_attribute><![CDATA[1]]></id_attribute>
<id_product_attribute><![CDATA[3188]]></id_product_attribute>
</product_attribute_combination>
<product_attribute_combination><id_attribute><![CDATA[2]]></id_attribute>
<id_product_attribute><![CDATA[3189]]></id_product_attribute>
</product_attribute_combination>
<product_attribute_combination><id_attribute><![CDATA[3]]></id_attribute>
<id_product_attribute><![CDATA[3190]]></id_product_attribute>
</product_attribute_combination>
<product_attribute_combination><id_attribute><![CDATA[32]]></id_attribute>
<id_product_attribute><![CDATA[3191]]></id_product_attribute>
</product_attribute_combination>
<product_attribute_combination><id_attribute><![CDATA[33]]></id_attribute>
<id_product_attribute><![CDATA[3192]]></id_product_attribute>
</product_attribute_combination>
<product_attribute_combination><id_attribute><![CDATA[1]]></id_attribute>
<id_product_attribute><![CDATA[3193]]></id_product_attribute>
</product_attribute_combination>
<product_attribute_combination><id_attribute><![CDATA[2]]></id_attribute>
<id_product_attribute><![CDATA[3194]]></id_product_attribute>
</product_attribute_combination>
<product_attribute_combination><id_attribute><![CDATA[3]]></id_attribute>
<id_product_attribute><![CDATA[3195]]></id_product_attribute>
</product_attribute_combination>
<product_attribute_combination><id_attribute><![CDATA[32]]></id_attribute>
<id_product_attribute><![CDATA[3196]]></id_product_attribute>
</product_attribute_combination>
<product_attribute_combination><id_attribute><![CDATA[33]]></id_attribute>
<id_product_attribute><![CDATA[3197]]></id_product_attribute>
</product_attribute_combination>
<product_attribute_combination><id_attribute><![CDATA[1]]></id_attribute>
<id_product_attribute><![CDATA[3198]]></id_product_attribute>
</product_attribute_combination>
<product_attribute_combination><id_attribute><![CDATA[2]]></id_attribute>
<id_product_attribute><![CDATA[3199]]></id_product_attribute>
</product_attribute_combination>
<product_attribute_combination><id_attribute><![CDATA[3]]></id_attribute>
<id_product_attribute><![CDATA[3200]]></id_product_attribute>
</product_attribute_combination>
<product_attribute_combination><id_attribute><![CDATA[32]]></id_attribute>
<id_product_attribute><![CDATA[3201]]></id_product_attribute>
</product_attribute_combination>
<product_attribute_combination><id_attribute><![CDATA[33]]></id_attribute>
<id_product_attribute><![CDATA[3202]]></id_product_attribute>
</product_attribute_combination>
<product_attribute_combination><id_attribute><![CDATA[1]]></id_attribute>
<id_product_attribute><![CDATA[3203]]></id_product_attribute>
</product_attribute_combination>
<product_attribute_combination><id_attribute><![CDATA[2]]></id_attribute>
<id_product_attribute><![CDATA[3204]]></id_product_attribute>
</product_attribute_combination>
<product_attribute_combination><id_attribute><![CDATA[3]]></id_attribute>
<id_product_attribute><![CDATA[3205]]></id_product_attribute>
</product_attribute_combination>
</entity_profile>
