<?xml version="1.0" encoding="UTF-8"?>
<entity_profile>
<product_tag><id_product><![CDATA[1259]]></id_product>
<id_tag><![CDATA[3283]]></id_tag>
<id_lang><![CDATA[1]]></id_lang>
</product_tag>
<product_tag><id_product><![CDATA[1260]]></id_product>
<id_tag><![CDATA[3283]]></id_tag>
<id_lang><![CDATA[1]]></id_lang>
</product_tag>
<product_tag><id_product><![CDATA[1261]]></id_product>
<id_tag><![CDATA[3283]]></id_tag>
<id_lang><![CDATA[1]]></id_lang>
</product_tag>
<product_tag><id_product><![CDATA[1262]]></id_product>
<id_tag><![CDATA[3283]]></id_tag>
<id_lang><![CDATA[1]]></id_lang>
</product_tag>
<product_tag><id_product><![CDATA[1263]]></id_product>
<id_tag><![CDATA[3283]]></id_tag>
<id_lang><![CDATA[1]]></id_lang>
</product_tag>
<product_tag><id_product><![CDATA[1264]]></id_product>
<id_tag><![CDATA[3283]]></id_tag>
<id_lang><![CDATA[1]]></id_lang>
</product_tag>
<product_tag><id_product><![CDATA[1265]]></id_product>
<id_tag><![CDATA[3283]]></id_tag>
<id_lang><![CDATA[1]]></id_lang>
</product_tag>
<product_tag><id_product><![CDATA[1266]]></id_product>
<id_tag><![CDATA[3283]]></id_tag>
<id_lang><![CDATA[1]]></id_lang>
</product_tag>
<product_tag><id_product><![CDATA[1267]]></id_product>
<id_tag><![CDATA[3283]]></id_tag>
<id_lang><![CDATA[1]]></id_lang>
</product_tag>
<product_tag><id_product><![CDATA[1268]]></id_product>
<id_tag><![CDATA[3283]]></id_tag>
<id_lang><![CDATA[1]]></id_lang>
</product_tag>
<product_tag><id_product><![CDATA[1269]]></id_product>
<id_tag><![CDATA[3283]]></id_tag>
<id_lang><![CDATA[1]]></id_lang>
</product_tag>
<product_tag><id_product><![CDATA[1270]]></id_product>
<id_tag><![CDATA[3283]]></id_tag>
<id_lang><![CDATA[1]]></id_lang>
</product_tag>
<product_tag><id_product><![CDATA[1271]]></id_product>
<id_tag><![CDATA[3283]]></id_tag>
<id_lang><![CDATA[1]]></id_lang>
</product_tag>
<product_tag><id_product><![CDATA[1272]]></id_product>
<id_tag><![CDATA[3283]]></id_tag>
<id_lang><![CDATA[1]]></id_lang>
</product_tag>
<product_tag><id_product><![CDATA[1273]]></id_product>
<id_tag><![CDATA[3283]]></id_tag>
<id_lang><![CDATA[1]]></id_lang>
</product_tag>
<product_tag><id_product><![CDATA[1274]]></id_product>
<id_tag><![CDATA[3283]]></id_tag>
<id_lang><![CDATA[1]]></id_lang>
</product_tag>
<product_tag><id_product><![CDATA[1275]]></id_product>
<id_tag><![CDATA[3283]]></id_tag>
<id_lang><![CDATA[1]]></id_lang>
</product_tag>
<product_tag><id_product><![CDATA[1276]]></id_product>
<id_tag><![CDATA[3283]]></id_tag>
<id_lang><![CDATA[1]]></id_lang>
</product_tag>
<product_tag><id_product><![CDATA[1277]]></id_product>
<id_tag><![CDATA[3283]]></id_tag>
<id_lang><![CDATA[1]]></id_lang>
</product_tag>
<product_tag><id_product><![CDATA[1279]]></id_product>
<id_tag><![CDATA[3283]]></id_tag>
<id_lang><![CDATA[1]]></id_lang>
</product_tag>
<product_tag><id_product><![CDATA[1283]]></id_product>
<id_tag><![CDATA[3283]]></id_tag>
<id_lang><![CDATA[1]]></id_lang>
</product_tag>
<product_tag><id_product><![CDATA[1284]]></id_product>
<id_tag><![CDATA[3283]]></id_tag>
<id_lang><![CDATA[1]]></id_lang>
</product_tag>
<product_tag><id_product><![CDATA[1285]]></id_product>
<id_tag><![CDATA[3283]]></id_tag>
<id_lang><![CDATA[1]]></id_lang>
</product_tag>
<product_tag><id_product><![CDATA[1286]]></id_product>
<id_tag><![CDATA[3283]]></id_tag>
<id_lang><![CDATA[1]]></id_lang>
</product_tag>
<product_tag><id_product><![CDATA[1287]]></id_product>
<id_tag><![CDATA[3283]]></id_tag>
<id_lang><![CDATA[1]]></id_lang>
</product_tag>
<product_tag><id_product><![CDATA[1288]]></id_product>
<id_tag><![CDATA[3283]]></id_tag>
<id_lang><![CDATA[1]]></id_lang>
</product_tag>
<product_tag><id_product><![CDATA[1289]]></id_product>
<id_tag><![CDATA[3283]]></id_tag>
<id_lang><![CDATA[1]]></id_lang>
</product_tag>
<product_tag><id_product><![CDATA[1290]]></id_product>
<id_tag><![CDATA[3283]]></id_tag>
<id_lang><![CDATA[1]]></id_lang>
</product_tag>
<product_tag><id_product><![CDATA[1291]]></id_product>
<id_tag><![CDATA[3283]]></id_tag>
<id_lang><![CDATA[1]]></id_lang>
</product_tag>
<product_tag><id_product><![CDATA[1292]]></id_product>
<id_tag><![CDATA[3283]]></id_tag>
<id_lang><![CDATA[1]]></id_lang>
</product_tag>
<product_tag><id_product><![CDATA[1293]]></id_product>
<id_tag><![CDATA[3283]]></id_tag>
<id_lang><![CDATA[1]]></id_lang>
</product_tag>
<product_tag><id_product><![CDATA[1294]]></id_product>
<id_tag><![CDATA[3283]]></id_tag>
<id_lang><![CDATA[1]]></id_lang>
</product_tag>
<product_tag><id_product><![CDATA[1296]]></id_product>
<id_tag><![CDATA[3283]]></id_tag>
<id_lang><![CDATA[1]]></id_lang>
</product_tag>
<product_tag><id_product><![CDATA[1297]]></id_product>
<id_tag><![CDATA[3283]]></id_tag>
<id_lang><![CDATA[1]]></id_lang>
</product_tag>
<product_tag><id_product><![CDATA[1298]]></id_product>
<id_tag><![CDATA[3283]]></id_tag>
<id_lang><![CDATA[1]]></id_lang>
</product_tag>
<product_tag><id_product><![CDATA[1299]]></id_product>
<id_tag><![CDATA[3283]]></id_tag>
<id_lang><![CDATA[1]]></id_lang>
</product_tag>
<product_tag><id_product><![CDATA[1301]]></id_product>
<id_tag><![CDATA[3283]]></id_tag>
<id_lang><![CDATA[1]]></id_lang>
</product_tag>
<product_tag><id_product><![CDATA[1302]]></id_product>
<id_tag><![CDATA[3283]]></id_tag>
<id_lang><![CDATA[1]]></id_lang>
</product_tag>
<product_tag><id_product><![CDATA[1303]]></id_product>
<id_tag><![CDATA[3283]]></id_tag>
<id_lang><![CDATA[1]]></id_lang>
</product_tag>
<product_tag><id_product><![CDATA[1304]]></id_product>
<id_tag><![CDATA[3283]]></id_tag>
<id_lang><![CDATA[1]]></id_lang>
</product_tag>
<product_tag><id_product><![CDATA[1305]]></id_product>
<id_tag><![CDATA[3283]]></id_tag>
<id_lang><![CDATA[1]]></id_lang>
</product_tag>
<product_tag><id_product><![CDATA[1306]]></id_product>
<id_tag><![CDATA[3283]]></id_tag>
<id_lang><![CDATA[1]]></id_lang>
</product_tag>
<product_tag><id_product><![CDATA[1307]]></id_product>
<id_tag><![CDATA[3283]]></id_tag>
<id_lang><![CDATA[1]]></id_lang>
</product_tag>
<product_tag><id_product><![CDATA[1308]]></id_product>
<id_tag><![CDATA[3283]]></id_tag>
<id_lang><![CDATA[1]]></id_lang>
</product_tag>
<product_tag><id_product><![CDATA[1309]]></id_product>
<id_tag><![CDATA[3283]]></id_tag>
<id_lang><![CDATA[1]]></id_lang>
</product_tag>
<product_tag><id_product><![CDATA[1310]]></id_product>
<id_tag><![CDATA[3283]]></id_tag>
<id_lang><![CDATA[1]]></id_lang>
</product_tag>
<product_tag><id_product><![CDATA[1311]]></id_product>
<id_tag><![CDATA[3283]]></id_tag>
<id_lang><![CDATA[1]]></id_lang>
</product_tag>
<product_tag><id_product><![CDATA[1312]]></id_product>
<id_tag><![CDATA[3283]]></id_tag>
<id_lang><![CDATA[1]]></id_lang>
</product_tag>
<product_tag><id_product><![CDATA[1313]]></id_product>
<id_tag><![CDATA[3283]]></id_tag>
<id_lang><![CDATA[1]]></id_lang>
</product_tag>
<product_tag><id_product><![CDATA[1314]]></id_product>
<id_tag><![CDATA[3283]]></id_tag>
<id_lang><![CDATA[1]]></id_lang>
</product_tag>
<product_tag><id_product><![CDATA[1315]]></id_product>
<id_tag><![CDATA[3283]]></id_tag>
<id_lang><![CDATA[1]]></id_lang>
</product_tag>
<product_tag><id_product><![CDATA[1316]]></id_product>
<id_tag><![CDATA[3283]]></id_tag>
<id_lang><![CDATA[1]]></id_lang>
</product_tag>
<product_tag><id_product><![CDATA[1317]]></id_product>
<id_tag><![CDATA[3283]]></id_tag>
<id_lang><![CDATA[1]]></id_lang>
</product_tag>
<product_tag><id_product><![CDATA[1318]]></id_product>
<id_tag><![CDATA[3283]]></id_tag>
<id_lang><![CDATA[1]]></id_lang>
</product_tag>
<product_tag><id_product><![CDATA[1319]]></id_product>
<id_tag><![CDATA[3283]]></id_tag>
<id_lang><![CDATA[1]]></id_lang>
</product_tag>
<product_tag><id_product><![CDATA[1320]]></id_product>
<id_tag><![CDATA[3283]]></id_tag>
<id_lang><![CDATA[1]]></id_lang>
</product_tag>
<product_tag><id_product><![CDATA[1321]]></id_product>
<id_tag><![CDATA[3283]]></id_tag>
<id_lang><![CDATA[1]]></id_lang>
</product_tag>
<product_tag><id_product><![CDATA[1322]]></id_product>
<id_tag><![CDATA[3283]]></id_tag>
<id_lang><![CDATA[1]]></id_lang>
</product_tag>
<product_tag><id_product><![CDATA[1323]]></id_product>
<id_tag><![CDATA[3283]]></id_tag>
<id_lang><![CDATA[1]]></id_lang>
</product_tag>
<product_tag><id_product><![CDATA[1324]]></id_product>
<id_tag><![CDATA[3283]]></id_tag>
<id_lang><![CDATA[1]]></id_lang>
</product_tag>
<product_tag><id_product><![CDATA[1325]]></id_product>
<id_tag><![CDATA[3283]]></id_tag>
<id_lang><![CDATA[1]]></id_lang>
</product_tag>
<product_tag><id_product><![CDATA[1326]]></id_product>
<id_tag><![CDATA[3283]]></id_tag>
<id_lang><![CDATA[1]]></id_lang>
</product_tag>
<product_tag><id_product><![CDATA[1327]]></id_product>
<id_tag><![CDATA[3283]]></id_tag>
<id_lang><![CDATA[1]]></id_lang>
</product_tag>
<product_tag><id_product><![CDATA[1328]]></id_product>
<id_tag><![CDATA[3283]]></id_tag>
<id_lang><![CDATA[1]]></id_lang>
</product_tag>
<product_tag><id_product><![CDATA[1329]]></id_product>
<id_tag><![CDATA[3283]]></id_tag>
<id_lang><![CDATA[1]]></id_lang>
</product_tag>
<product_tag><id_product><![CDATA[1330]]></id_product>
<id_tag><![CDATA[3283]]></id_tag>
<id_lang><![CDATA[1]]></id_lang>
</product_tag>
<product_tag><id_product><![CDATA[1331]]></id_product>
<id_tag><![CDATA[3283]]></id_tag>
<id_lang><![CDATA[1]]></id_lang>
</product_tag>
<product_tag><id_product><![CDATA[1332]]></id_product>
<id_tag><![CDATA[3283]]></id_tag>
<id_lang><![CDATA[1]]></id_lang>
</product_tag>
<product_tag><id_product><![CDATA[1333]]></id_product>
<id_tag><![CDATA[3283]]></id_tag>
<id_lang><![CDATA[1]]></id_lang>
</product_tag>
<product_tag><id_product><![CDATA[1334]]></id_product>
<id_tag><![CDATA[3283]]></id_tag>
<id_lang><![CDATA[1]]></id_lang>
</product_tag>
<product_tag><id_product><![CDATA[1335]]></id_product>
<id_tag><![CDATA[3283]]></id_tag>
<id_lang><![CDATA[1]]></id_lang>
</product_tag>
<product_tag><id_product><![CDATA[1336]]></id_product>
<id_tag><![CDATA[3283]]></id_tag>
<id_lang><![CDATA[1]]></id_lang>
</product_tag>
<product_tag><id_product><![CDATA[1337]]></id_product>
<id_tag><![CDATA[3283]]></id_tag>
<id_lang><![CDATA[1]]></id_lang>
</product_tag>
<product_tag><id_product><![CDATA[1338]]></id_product>
<id_tag><![CDATA[3283]]></id_tag>
<id_lang><![CDATA[1]]></id_lang>
</product_tag>
<product_tag><id_product><![CDATA[1339]]></id_product>
<id_tag><![CDATA[3283]]></id_tag>
<id_lang><![CDATA[1]]></id_lang>
</product_tag>
<product_tag><id_product><![CDATA[1340]]></id_product>
<id_tag><![CDATA[3283]]></id_tag>
<id_lang><![CDATA[1]]></id_lang>
</product_tag>
<product_tag><id_product><![CDATA[1341]]></id_product>
<id_tag><![CDATA[3283]]></id_tag>
<id_lang><![CDATA[1]]></id_lang>
</product_tag>
<product_tag><id_product><![CDATA[1342]]></id_product>
<id_tag><![CDATA[3283]]></id_tag>
<id_lang><![CDATA[1]]></id_lang>
</product_tag>
<product_tag><id_product><![CDATA[1343]]></id_product>
<id_tag><![CDATA[3283]]></id_tag>
<id_lang><![CDATA[1]]></id_lang>
</product_tag>
<product_tag><id_product><![CDATA[1344]]></id_product>
<id_tag><![CDATA[3283]]></id_tag>
<id_lang><![CDATA[1]]></id_lang>
</product_tag>
<product_tag><id_product><![CDATA[1345]]></id_product>
<id_tag><![CDATA[3283]]></id_tag>
<id_lang><![CDATA[1]]></id_lang>
</product_tag>
<product_tag><id_product><![CDATA[1346]]></id_product>
<id_tag><![CDATA[3283]]></id_tag>
<id_lang><![CDATA[1]]></id_lang>
</product_tag>
<product_tag><id_product><![CDATA[1347]]></id_product>
<id_tag><![CDATA[3283]]></id_tag>
<id_lang><![CDATA[1]]></id_lang>
</product_tag>
<product_tag><id_product><![CDATA[1348]]></id_product>
<id_tag><![CDATA[3283]]></id_tag>
<id_lang><![CDATA[1]]></id_lang>
</product_tag>
<product_tag><id_product><![CDATA[1349]]></id_product>
<id_tag><![CDATA[3283]]></id_tag>
<id_lang><![CDATA[1]]></id_lang>
</product_tag>
<product_tag><id_product><![CDATA[1350]]></id_product>
<id_tag><![CDATA[3283]]></id_tag>
<id_lang><![CDATA[1]]></id_lang>
</product_tag>
<product_tag><id_product><![CDATA[1351]]></id_product>
<id_tag><![CDATA[3283]]></id_tag>
<id_lang><![CDATA[1]]></id_lang>
</product_tag>
<product_tag><id_product><![CDATA[1352]]></id_product>
<id_tag><![CDATA[3283]]></id_tag>
<id_lang><![CDATA[1]]></id_lang>
</product_tag>
<product_tag><id_product><![CDATA[1353]]></id_product>
<id_tag><![CDATA[3283]]></id_tag>
<id_lang><![CDATA[1]]></id_lang>
</product_tag>
<product_tag><id_product><![CDATA[1354]]></id_product>
<id_tag><![CDATA[3283]]></id_tag>
<id_lang><![CDATA[1]]></id_lang>
</product_tag>
<product_tag><id_product><![CDATA[1355]]></id_product>
<id_tag><![CDATA[3283]]></id_tag>
<id_lang><![CDATA[1]]></id_lang>
</product_tag>
<product_tag><id_product><![CDATA[1356]]></id_product>
<id_tag><![CDATA[3283]]></id_tag>
<id_lang><![CDATA[1]]></id_lang>
</product_tag>
<product_tag><id_product><![CDATA[1357]]></id_product>
<id_tag><![CDATA[3283]]></id_tag>
<id_lang><![CDATA[1]]></id_lang>
</product_tag>
<product_tag><id_product><![CDATA[1358]]></id_product>
<id_tag><![CDATA[3283]]></id_tag>
<id_lang><![CDATA[1]]></id_lang>
</product_tag>
<product_tag><id_product><![CDATA[1359]]></id_product>
<id_tag><![CDATA[3283]]></id_tag>
<id_lang><![CDATA[1]]></id_lang>
</product_tag>
<product_tag><id_product><![CDATA[1361]]></id_product>
<id_tag><![CDATA[3283]]></id_tag>
<id_lang><![CDATA[1]]></id_lang>
</product_tag>
<product_tag><id_product><![CDATA[1362]]></id_product>
<id_tag><![CDATA[3283]]></id_tag>
<id_lang><![CDATA[1]]></id_lang>
</product_tag>
<product_tag><id_product><![CDATA[1363]]></id_product>
<id_tag><![CDATA[3283]]></id_tag>
<id_lang><![CDATA[1]]></id_lang>
</product_tag>
<product_tag><id_product><![CDATA[1364]]></id_product>
<id_tag><![CDATA[3283]]></id_tag>
<id_lang><![CDATA[1]]></id_lang>
</product_tag>
<product_tag><id_product><![CDATA[1415]]></id_product>
<id_tag><![CDATA[3283]]></id_tag>
<id_lang><![CDATA[1]]></id_lang>
</product_tag>
<product_tag><id_product><![CDATA[1436]]></id_product>
<id_tag><![CDATA[3283]]></id_tag>
<id_lang><![CDATA[1]]></id_lang>
</product_tag>
<product_tag><id_product><![CDATA[1437]]></id_product>
<id_tag><![CDATA[3283]]></id_tag>
<id_lang><![CDATA[1]]></id_lang>
</product_tag>
<product_tag><id_product><![CDATA[1438]]></id_product>
<id_tag><![CDATA[3283]]></id_tag>
<id_lang><![CDATA[1]]></id_lang>
</product_tag>
<product_tag><id_product><![CDATA[1439]]></id_product>
<id_tag><![CDATA[3283]]></id_tag>
<id_lang><![CDATA[1]]></id_lang>
</product_tag>
<product_tag><id_product><![CDATA[1440]]></id_product>
<id_tag><![CDATA[3283]]></id_tag>
<id_lang><![CDATA[1]]></id_lang>
</product_tag>
<product_tag><id_product><![CDATA[1441]]></id_product>
<id_tag><![CDATA[3283]]></id_tag>
<id_lang><![CDATA[1]]></id_lang>
</product_tag>
<product_tag><id_product><![CDATA[1442]]></id_product>
<id_tag><![CDATA[3283]]></id_tag>
<id_lang><![CDATA[1]]></id_lang>
</product_tag>
<product_tag><id_product><![CDATA[1443]]></id_product>
<id_tag><![CDATA[3283]]></id_tag>
<id_lang><![CDATA[1]]></id_lang>
</product_tag>
<product_tag><id_product><![CDATA[1444]]></id_product>
<id_tag><![CDATA[3283]]></id_tag>
<id_lang><![CDATA[1]]></id_lang>
</product_tag>
<product_tag><id_product><![CDATA[1445]]></id_product>
<id_tag><![CDATA[3283]]></id_tag>
<id_lang><![CDATA[1]]></id_lang>
</product_tag>
<product_tag><id_product><![CDATA[1447]]></id_product>
<id_tag><![CDATA[3283]]></id_tag>
<id_lang><![CDATA[1]]></id_lang>
</product_tag>
<product_tag><id_product><![CDATA[1448]]></id_product>
<id_tag><![CDATA[3283]]></id_tag>
<id_lang><![CDATA[1]]></id_lang>
</product_tag>
<product_tag><id_product><![CDATA[1449]]></id_product>
<id_tag><![CDATA[3283]]></id_tag>
<id_lang><![CDATA[1]]></id_lang>
</product_tag>
<product_tag><id_product><![CDATA[1450]]></id_product>
<id_tag><![CDATA[3283]]></id_tag>
<id_lang><![CDATA[1]]></id_lang>
</product_tag>
<product_tag><id_product><![CDATA[1451]]></id_product>
<id_tag><![CDATA[3283]]></id_tag>
<id_lang><![CDATA[1]]></id_lang>
</product_tag>
<product_tag><id_product><![CDATA[1452]]></id_product>
<id_tag><![CDATA[3283]]></id_tag>
<id_lang><![CDATA[1]]></id_lang>
</product_tag>
<product_tag><id_product><![CDATA[1453]]></id_product>
<id_tag><![CDATA[3283]]></id_tag>
<id_lang><![CDATA[1]]></id_lang>
</product_tag>
<product_tag><id_product><![CDATA[1454]]></id_product>
<id_tag><![CDATA[3283]]></id_tag>
<id_lang><![CDATA[1]]></id_lang>
</product_tag>
<product_tag><id_product><![CDATA[1455]]></id_product>
<id_tag><![CDATA[3283]]></id_tag>
<id_lang><![CDATA[1]]></id_lang>
</product_tag>
<product_tag><id_product><![CDATA[1456]]></id_product>
<id_tag><![CDATA[3283]]></id_tag>
<id_lang><![CDATA[1]]></id_lang>
</product_tag>
<product_tag><id_product><![CDATA[1457]]></id_product>
<id_tag><![CDATA[3283]]></id_tag>
<id_lang><![CDATA[1]]></id_lang>
</product_tag>
<product_tag><id_product><![CDATA[1496]]></id_product>
<id_tag><![CDATA[3283]]></id_tag>
<id_lang><![CDATA[1]]></id_lang>
</product_tag>
<product_tag><id_product><![CDATA[1497]]></id_product>
<id_tag><![CDATA[3283]]></id_tag>
<id_lang><![CDATA[1]]></id_lang>
</product_tag>
<product_tag><id_product><![CDATA[1498]]></id_product>
<id_tag><![CDATA[3283]]></id_tag>
<id_lang><![CDATA[1]]></id_lang>
</product_tag>
<product_tag><id_product><![CDATA[1499]]></id_product>
<id_tag><![CDATA[3283]]></id_tag>
<id_lang><![CDATA[1]]></id_lang>
</product_tag>
<product_tag><id_product><![CDATA[1512]]></id_product>
<id_tag><![CDATA[3283]]></id_tag>
<id_lang><![CDATA[1]]></id_lang>
</product_tag>
<product_tag><id_product><![CDATA[1513]]></id_product>
<id_tag><![CDATA[3283]]></id_tag>
<id_lang><![CDATA[1]]></id_lang>
</product_tag>
<product_tag><id_product><![CDATA[1514]]></id_product>
<id_tag><![CDATA[3283]]></id_tag>
<id_lang><![CDATA[1]]></id_lang>
</product_tag>
<product_tag><id_product><![CDATA[1515]]></id_product>
<id_tag><![CDATA[3283]]></id_tag>
<id_lang><![CDATA[1]]></id_lang>
</product_tag>
<product_tag><id_product><![CDATA[1516]]></id_product>
<id_tag><![CDATA[3283]]></id_tag>
<id_lang><![CDATA[1]]></id_lang>
</product_tag>
<product_tag><id_product><![CDATA[1518]]></id_product>
<id_tag><![CDATA[3283]]></id_tag>
<id_lang><![CDATA[1]]></id_lang>
</product_tag>
<product_tag><id_product><![CDATA[1519]]></id_product>
<id_tag><![CDATA[3283]]></id_tag>
<id_lang><![CDATA[1]]></id_lang>
</product_tag>
<product_tag><id_product><![CDATA[1520]]></id_product>
<id_tag><![CDATA[3283]]></id_tag>
<id_lang><![CDATA[1]]></id_lang>
</product_tag>
<product_tag><id_product><![CDATA[1521]]></id_product>
<id_tag><![CDATA[3283]]></id_tag>
<id_lang><![CDATA[1]]></id_lang>
</product_tag>
<product_tag><id_product><![CDATA[1522]]></id_product>
<id_tag><![CDATA[3283]]></id_tag>
<id_lang><![CDATA[1]]></id_lang>
</product_tag>
<product_tag><id_product><![CDATA[1523]]></id_product>
<id_tag><![CDATA[3283]]></id_tag>
<id_lang><![CDATA[1]]></id_lang>
</product_tag>
<product_tag><id_product><![CDATA[1525]]></id_product>
<id_tag><![CDATA[3283]]></id_tag>
<id_lang><![CDATA[1]]></id_lang>
</product_tag>
<product_tag><id_product><![CDATA[1526]]></id_product>
<id_tag><![CDATA[3283]]></id_tag>
<id_lang><![CDATA[1]]></id_lang>
</product_tag>
<product_tag><id_product><![CDATA[1527]]></id_product>
<id_tag><![CDATA[3283]]></id_tag>
<id_lang><![CDATA[1]]></id_lang>
</product_tag>
<product_tag><id_product><![CDATA[1528]]></id_product>
<id_tag><![CDATA[3283]]></id_tag>
<id_lang><![CDATA[1]]></id_lang>
</product_tag>
<product_tag><id_product><![CDATA[1530]]></id_product>
<id_tag><![CDATA[3283]]></id_tag>
<id_lang><![CDATA[1]]></id_lang>
</product_tag>
<product_tag><id_product><![CDATA[1531]]></id_product>
<id_tag><![CDATA[3283]]></id_tag>
<id_lang><![CDATA[1]]></id_lang>
</product_tag>
<product_tag><id_product><![CDATA[2241]]></id_product>
<id_tag><![CDATA[3283]]></id_tag>
<id_lang><![CDATA[1]]></id_lang>
</product_tag>
<product_tag><id_product><![CDATA[2242]]></id_product>
<id_tag><![CDATA[3283]]></id_tag>
<id_lang><![CDATA[1]]></id_lang>
</product_tag>
<product_tag><id_product><![CDATA[2243]]></id_product>
<id_tag><![CDATA[3283]]></id_tag>
<id_lang><![CDATA[1]]></id_lang>
</product_tag>
<product_tag><id_product><![CDATA[2987]]></id_product>
<id_tag><![CDATA[3283]]></id_tag>
<id_lang><![CDATA[1]]></id_lang>
</product_tag>
<product_tag><id_product><![CDATA[4048]]></id_product>
<id_tag><![CDATA[3283]]></id_tag>
<id_lang><![CDATA[1]]></id_lang>
</product_tag>
<product_tag><id_product><![CDATA[391]]></id_product>
<id_tag><![CDATA[3284]]></id_tag>
<id_lang><![CDATA[1]]></id_lang>
</product_tag>
<product_tag><id_product><![CDATA[392]]></id_product>
<id_tag><![CDATA[3284]]></id_tag>
<id_lang><![CDATA[1]]></id_lang>
</product_tag>
<product_tag><id_product><![CDATA[393]]></id_product>
<id_tag><![CDATA[3284]]></id_tag>
<id_lang><![CDATA[1]]></id_lang>
</product_tag>
<product_tag><id_product><![CDATA[394]]></id_product>
<id_tag><![CDATA[3284]]></id_tag>
<id_lang><![CDATA[1]]></id_lang>
</product_tag>
<product_tag><id_product><![CDATA[408]]></id_product>
<id_tag><![CDATA[3284]]></id_tag>
<id_lang><![CDATA[1]]></id_lang>
</product_tag>
<product_tag><id_product><![CDATA[409]]></id_product>
<id_tag><![CDATA[3284]]></id_tag>
<id_lang><![CDATA[1]]></id_lang>
</product_tag>
<product_tag><id_product><![CDATA[410]]></id_product>
<id_tag><![CDATA[3284]]></id_tag>
<id_lang><![CDATA[1]]></id_lang>
</product_tag>
<product_tag><id_product><![CDATA[420]]></id_product>
<id_tag><![CDATA[3284]]></id_tag>
<id_lang><![CDATA[1]]></id_lang>
</product_tag>
<product_tag><id_product><![CDATA[422]]></id_product>
<id_tag><![CDATA[3284]]></id_tag>
<id_lang><![CDATA[1]]></id_lang>
</product_tag>
<product_tag><id_product><![CDATA[431]]></id_product>
<id_tag><![CDATA[3284]]></id_tag>
<id_lang><![CDATA[1]]></id_lang>
</product_tag>
<product_tag><id_product><![CDATA[440]]></id_product>
<id_tag><![CDATA[3284]]></id_tag>
<id_lang><![CDATA[1]]></id_lang>
</product_tag>
<product_tag><id_product><![CDATA[444]]></id_product>
<id_tag><![CDATA[3284]]></id_tag>
<id_lang><![CDATA[1]]></id_lang>
</product_tag>
<product_tag><id_product><![CDATA[445]]></id_product>
<id_tag><![CDATA[3284]]></id_tag>
<id_lang><![CDATA[1]]></id_lang>
</product_tag>
<product_tag><id_product><![CDATA[394]]></id_product>
<id_tag><![CDATA[3285]]></id_tag>
<id_lang><![CDATA[1]]></id_lang>
</product_tag>
<product_tag><id_product><![CDATA[409]]></id_product>
<id_tag><![CDATA[3285]]></id_tag>
<id_lang><![CDATA[1]]></id_lang>
</product_tag>
<product_tag><id_product><![CDATA[410]]></id_product>
<id_tag><![CDATA[3285]]></id_tag>
<id_lang><![CDATA[1]]></id_lang>
</product_tag>
<product_tag><id_product><![CDATA[401]]></id_product>
<id_tag><![CDATA[3286]]></id_tag>
<id_lang><![CDATA[1]]></id_lang>
</product_tag>
<product_tag><id_product><![CDATA[404]]></id_product>
<id_tag><![CDATA[3286]]></id_tag>
<id_lang><![CDATA[1]]></id_lang>
</product_tag>
<product_tag><id_product><![CDATA[405]]></id_product>
<id_tag><![CDATA[3286]]></id_tag>
<id_lang><![CDATA[1]]></id_lang>
</product_tag>
<product_tag><id_product><![CDATA[407]]></id_product>
<id_tag><![CDATA[3286]]></id_tag>
<id_lang><![CDATA[1]]></id_lang>
</product_tag>
<product_tag><id_product><![CDATA[410]]></id_product>
<id_tag><![CDATA[3286]]></id_tag>
<id_lang><![CDATA[1]]></id_lang>
</product_tag>
<product_tag><id_product><![CDATA[422]]></id_product>
<id_tag><![CDATA[3290]]></id_tag>
<id_lang><![CDATA[1]]></id_lang>
</product_tag>
<product_tag><id_product><![CDATA[428]]></id_product>
<id_tag><![CDATA[3290]]></id_tag>
<id_lang><![CDATA[1]]></id_lang>
</product_tag>
<product_tag><id_product><![CDATA[431]]></id_product>
<id_tag><![CDATA[3290]]></id_tag>
<id_lang><![CDATA[1]]></id_lang>
</product_tag>
<product_tag><id_product><![CDATA[424]]></id_product>
<id_tag><![CDATA[3291]]></id_tag>
<id_lang><![CDATA[1]]></id_lang>
</product_tag>
<product_tag><id_product><![CDATA[426]]></id_product>
<id_tag><![CDATA[3291]]></id_tag>
<id_lang><![CDATA[1]]></id_lang>
</product_tag>
<product_tag><id_product><![CDATA[427]]></id_product>
<id_tag><![CDATA[3291]]></id_tag>
<id_lang><![CDATA[1]]></id_lang>
</product_tag>
<product_tag><id_product><![CDATA[431]]></id_product>
<id_tag><![CDATA[3291]]></id_tag>
<id_lang><![CDATA[1]]></id_lang>
</product_tag>
<product_tag><id_product><![CDATA[436]]></id_product>
<id_tag><![CDATA[3291]]></id_tag>
<id_lang><![CDATA[1]]></id_lang>
</product_tag>
<product_tag><id_product><![CDATA[447]]></id_product>
<id_tag><![CDATA[3291]]></id_tag>
<id_lang><![CDATA[1]]></id_lang>
</product_tag>
<product_tag><id_product><![CDATA[426]]></id_product>
<id_tag><![CDATA[3292]]></id_tag>
<id_lang><![CDATA[1]]></id_lang>
</product_tag>
<product_tag><id_product><![CDATA[427]]></id_product>
<id_tag><![CDATA[3292]]></id_tag>
<id_lang><![CDATA[1]]></id_lang>
</product_tag>
<product_tag><id_product><![CDATA[430]]></id_product>
<id_tag><![CDATA[3295]]></id_tag>
<id_lang><![CDATA[1]]></id_lang>
</product_tag>
<product_tag><id_product><![CDATA[461]]></id_product>
<id_tag><![CDATA[3295]]></id_tag>
<id_lang><![CDATA[1]]></id_lang>
</product_tag>
<product_tag><id_product><![CDATA[437]]></id_product>
<id_tag><![CDATA[3298]]></id_tag>
<id_lang><![CDATA[1]]></id_lang>
</product_tag>
<product_tag><id_product><![CDATA[439]]></id_product>
<id_tag><![CDATA[3298]]></id_tag>
<id_lang><![CDATA[1]]></id_lang>
</product_tag>
<product_tag><id_product><![CDATA[449]]></id_product>
<id_tag><![CDATA[3301]]></id_tag>
<id_lang><![CDATA[1]]></id_lang>
</product_tag>
<product_tag><id_product><![CDATA[451]]></id_product>
<id_tag><![CDATA[3301]]></id_tag>
<id_lang><![CDATA[1]]></id_lang>
</product_tag>
<product_tag><id_product><![CDATA[1167]]></id_product>
<id_tag><![CDATA[3301]]></id_tag>
<id_lang><![CDATA[1]]></id_lang>
</product_tag>
<product_tag><id_product><![CDATA[449]]></id_product>
<id_tag><![CDATA[3302]]></id_tag>
<id_lang><![CDATA[1]]></id_lang>
</product_tag>
<product_tag><id_product><![CDATA[451]]></id_product>
<id_tag><![CDATA[3302]]></id_tag>
<id_lang><![CDATA[1]]></id_lang>
</product_tag>
<product_tag><id_product><![CDATA[1167]]></id_product>
<id_tag><![CDATA[3302]]></id_tag>
<id_lang><![CDATA[1]]></id_lang>
</product_tag>
<product_tag><id_product><![CDATA[449]]></id_product>
<id_tag><![CDATA[3303]]></id_tag>
<id_lang><![CDATA[1]]></id_lang>
</product_tag>
<product_tag><id_product><![CDATA[451]]></id_product>
<id_tag><![CDATA[3303]]></id_tag>
<id_lang><![CDATA[1]]></id_lang>
</product_tag>
<product_tag><id_product><![CDATA[1167]]></id_product>
<id_tag><![CDATA[3303]]></id_tag>
<id_lang><![CDATA[1]]></id_lang>
</product_tag>
<product_tag><id_product><![CDATA[449]]></id_product>
<id_tag><![CDATA[3305]]></id_tag>
<id_lang><![CDATA[1]]></id_lang>
</product_tag>
<product_tag><id_product><![CDATA[451]]></id_product>
<id_tag><![CDATA[3305]]></id_tag>
<id_lang><![CDATA[1]]></id_lang>
</product_tag>
<product_tag><id_product><![CDATA[456]]></id_product>
<id_tag><![CDATA[3305]]></id_tag>
<id_lang><![CDATA[1]]></id_lang>
</product_tag>
<product_tag><id_product><![CDATA[457]]></id_product>
<id_tag><![CDATA[3305]]></id_tag>
<id_lang><![CDATA[1]]></id_lang>
</product_tag>
<product_tag><id_product><![CDATA[458]]></id_product>
<id_tag><![CDATA[3305]]></id_tag>
<id_lang><![CDATA[1]]></id_lang>
</product_tag>
<product_tag><id_product><![CDATA[459]]></id_product>
<id_tag><![CDATA[3305]]></id_tag>
<id_lang><![CDATA[1]]></id_lang>
</product_tag>
<product_tag><id_product><![CDATA[460]]></id_product>
<id_tag><![CDATA[3305]]></id_tag>
<id_lang><![CDATA[1]]></id_lang>
</product_tag>
<product_tag><id_product><![CDATA[461]]></id_product>
<id_tag><![CDATA[3305]]></id_tag>
<id_lang><![CDATA[1]]></id_lang>
</product_tag>
<product_tag><id_product><![CDATA[462]]></id_product>
<id_tag><![CDATA[3305]]></id_tag>
<id_lang><![CDATA[1]]></id_lang>
</product_tag>
<product_tag><id_product><![CDATA[463]]></id_product>
<id_tag><![CDATA[3305]]></id_tag>
<id_lang><![CDATA[1]]></id_lang>
</product_tag>
<product_tag><id_product><![CDATA[464]]></id_product>
<id_tag><![CDATA[3305]]></id_tag>
<id_lang><![CDATA[1]]></id_lang>
</product_tag>
<product_tag><id_product><![CDATA[465]]></id_product>
<id_tag><![CDATA[3305]]></id_tag>
<id_lang><![CDATA[1]]></id_lang>
</product_tag>
<product_tag><id_product><![CDATA[466]]></id_product>
<id_tag><![CDATA[3305]]></id_tag>
<id_lang><![CDATA[1]]></id_lang>
</product_tag>
<product_tag><id_product><![CDATA[467]]></id_product>
<id_tag><![CDATA[3305]]></id_tag>
<id_lang><![CDATA[1]]></id_lang>
</product_tag>
<product_tag><id_product><![CDATA[468]]></id_product>
<id_tag><![CDATA[3305]]></id_tag>
<id_lang><![CDATA[1]]></id_lang>
</product_tag>
<product_tag><id_product><![CDATA[469]]></id_product>
<id_tag><![CDATA[3305]]></id_tag>
<id_lang><![CDATA[1]]></id_lang>
</product_tag>
<product_tag><id_product><![CDATA[471]]></id_product>
<id_tag><![CDATA[3305]]></id_tag>
<id_lang><![CDATA[1]]></id_lang>
</product_tag>
<product_tag><id_product><![CDATA[472]]></id_product>
<id_tag><![CDATA[3305]]></id_tag>
<id_lang><![CDATA[1]]></id_lang>
</product_tag>
<product_tag><id_product><![CDATA[473]]></id_product>
<id_tag><![CDATA[3305]]></id_tag>
<id_lang><![CDATA[1]]></id_lang>
</product_tag>
<product_tag><id_product><![CDATA[474]]></id_product>
<id_tag><![CDATA[3305]]></id_tag>
<id_lang><![CDATA[1]]></id_lang>
</product_tag>
<product_tag><id_product><![CDATA[476]]></id_product>
<id_tag><![CDATA[3305]]></id_tag>
<id_lang><![CDATA[1]]></id_lang>
</product_tag>
<product_tag><id_product><![CDATA[1165]]></id_product>
<id_tag><![CDATA[3305]]></id_tag>
<id_lang><![CDATA[1]]></id_lang>
</product_tag>
<product_tag><id_product><![CDATA[1167]]></id_product>
<id_tag><![CDATA[3305]]></id_tag>
<id_lang><![CDATA[1]]></id_lang>
</product_tag>
<product_tag><id_product><![CDATA[454]]></id_product>
<id_tag><![CDATA[3310]]></id_tag>
<id_lang><![CDATA[1]]></id_lang>
</product_tag>
<product_tag><id_product><![CDATA[455]]></id_product>
<id_tag><![CDATA[3310]]></id_tag>
<id_lang><![CDATA[1]]></id_lang>
</product_tag>
<product_tag><id_product><![CDATA[456]]></id_product>
<id_tag><![CDATA[3310]]></id_tag>
<id_lang><![CDATA[1]]></id_lang>
</product_tag>
<product_tag><id_product><![CDATA[457]]></id_product>
<id_tag><![CDATA[3310]]></id_tag>
<id_lang><![CDATA[1]]></id_lang>
</product_tag>
<product_tag><id_product><![CDATA[454]]></id_product>
<id_tag><![CDATA[3311]]></id_tag>
<id_lang><![CDATA[1]]></id_lang>
</product_tag>
<product_tag><id_product><![CDATA[455]]></id_product>
<id_tag><![CDATA[3311]]></id_tag>
<id_lang><![CDATA[1]]></id_lang>
</product_tag>
<product_tag><id_product><![CDATA[456]]></id_product>
<id_tag><![CDATA[3311]]></id_tag>
<id_lang><![CDATA[1]]></id_lang>
</product_tag>
<product_tag><id_product><![CDATA[457]]></id_product>
<id_tag><![CDATA[3311]]></id_tag>
<id_lang><![CDATA[1]]></id_lang>
</product_tag>
<product_tag><id_product><![CDATA[458]]></id_product>
<id_tag><![CDATA[3311]]></id_tag>
<id_lang><![CDATA[1]]></id_lang>
</product_tag>
<product_tag><id_product><![CDATA[459]]></id_product>
<id_tag><![CDATA[3311]]></id_tag>
<id_lang><![CDATA[1]]></id_lang>
</product_tag>
<product_tag><id_product><![CDATA[460]]></id_product>
<id_tag><![CDATA[3311]]></id_tag>
<id_lang><![CDATA[1]]></id_lang>
</product_tag>
<product_tag><id_product><![CDATA[461]]></id_product>
<id_tag><![CDATA[3311]]></id_tag>
<id_lang><![CDATA[1]]></id_lang>
</product_tag>
<product_tag><id_product><![CDATA[462]]></id_product>
<id_tag><![CDATA[3311]]></id_tag>
<id_lang><![CDATA[1]]></id_lang>
</product_tag>
<product_tag><id_product><![CDATA[463]]></id_product>
<id_tag><![CDATA[3311]]></id_tag>
<id_lang><![CDATA[1]]></id_lang>
</product_tag>
<product_tag><id_product><![CDATA[464]]></id_product>
<id_tag><![CDATA[3311]]></id_tag>
<id_lang><![CDATA[1]]></id_lang>
</product_tag>
<product_tag><id_product><![CDATA[465]]></id_product>
<id_tag><![CDATA[3311]]></id_tag>
<id_lang><![CDATA[1]]></id_lang>
</product_tag>
<product_tag><id_product><![CDATA[466]]></id_product>
<id_tag><![CDATA[3311]]></id_tag>
<id_lang><![CDATA[1]]></id_lang>
</product_tag>
<product_tag><id_product><![CDATA[467]]></id_product>
<id_tag><![CDATA[3311]]></id_tag>
<id_lang><![CDATA[1]]></id_lang>
</product_tag>
<product_tag><id_product><![CDATA[468]]></id_product>
<id_tag><![CDATA[3311]]></id_tag>
<id_lang><![CDATA[1]]></id_lang>
</product_tag>
<product_tag><id_product><![CDATA[469]]></id_product>
<id_tag><![CDATA[3311]]></id_tag>
<id_lang><![CDATA[1]]></id_lang>
</product_tag>
<product_tag><id_product><![CDATA[471]]></id_product>
<id_tag><![CDATA[3311]]></id_tag>
<id_lang><![CDATA[1]]></id_lang>
</product_tag>
<product_tag><id_product><![CDATA[472]]></id_product>
<id_tag><![CDATA[3311]]></id_tag>
<id_lang><![CDATA[1]]></id_lang>
</product_tag>
<product_tag><id_product><![CDATA[473]]></id_product>
<id_tag><![CDATA[3311]]></id_tag>
<id_lang><![CDATA[1]]></id_lang>
</product_tag>
<product_tag><id_product><![CDATA[474]]></id_product>
<id_tag><![CDATA[3311]]></id_tag>
<id_lang><![CDATA[1]]></id_lang>
</product_tag>
<product_tag><id_product><![CDATA[475]]></id_product>
<id_tag><![CDATA[3311]]></id_tag>
<id_lang><![CDATA[1]]></id_lang>
</product_tag>
<product_tag><id_product><![CDATA[476]]></id_product>
<id_tag><![CDATA[3311]]></id_tag>
<id_lang><![CDATA[1]]></id_lang>
</product_tag>
<product_tag><id_product><![CDATA[454]]></id_product>
<id_tag><![CDATA[3312]]></id_tag>
<id_lang><![CDATA[1]]></id_lang>
</product_tag>
<product_tag><id_product><![CDATA[455]]></id_product>
<id_tag><![CDATA[3312]]></id_tag>
<id_lang><![CDATA[1]]></id_lang>
</product_tag>
<product_tag><id_product><![CDATA[456]]></id_product>
<id_tag><![CDATA[3312]]></id_tag>
<id_lang><![CDATA[1]]></id_lang>
</product_tag>
<product_tag><id_product><![CDATA[457]]></id_product>
<id_tag><![CDATA[3312]]></id_tag>
<id_lang><![CDATA[1]]></id_lang>
</product_tag>
<product_tag><id_product><![CDATA[458]]></id_product>
<id_tag><![CDATA[3312]]></id_tag>
<id_lang><![CDATA[1]]></id_lang>
</product_tag>
<product_tag><id_product><![CDATA[459]]></id_product>
<id_tag><![CDATA[3312]]></id_tag>
<id_lang><![CDATA[1]]></id_lang>
</product_tag>
<product_tag><id_product><![CDATA[460]]></id_product>
<id_tag><![CDATA[3312]]></id_tag>
<id_lang><![CDATA[1]]></id_lang>
</product_tag>
<product_tag><id_product><![CDATA[461]]></id_product>
<id_tag><![CDATA[3312]]></id_tag>
<id_lang><![CDATA[1]]></id_lang>
</product_tag>
<product_tag><id_product><![CDATA[462]]></id_product>
<id_tag><![CDATA[3312]]></id_tag>
<id_lang><![CDATA[1]]></id_lang>
</product_tag>
<product_tag><id_product><![CDATA[463]]></id_product>
<id_tag><![CDATA[3312]]></id_tag>
<id_lang><![CDATA[1]]></id_lang>
</product_tag>
<product_tag><id_product><![CDATA[464]]></id_product>
<id_tag><![CDATA[3312]]></id_tag>
<id_lang><![CDATA[1]]></id_lang>
</product_tag>
<product_tag><id_product><![CDATA[465]]></id_product>
<id_tag><![CDATA[3312]]></id_tag>
<id_lang><![CDATA[1]]></id_lang>
</product_tag>
<product_tag><id_product><![CDATA[466]]></id_product>
<id_tag><![CDATA[3312]]></id_tag>
<id_lang><![CDATA[1]]></id_lang>
</product_tag>
<product_tag><id_product><![CDATA[467]]></id_product>
<id_tag><![CDATA[3312]]></id_tag>
<id_lang><![CDATA[1]]></id_lang>
</product_tag>
<product_tag><id_product><![CDATA[468]]></id_product>
<id_tag><![CDATA[3312]]></id_tag>
<id_lang><![CDATA[1]]></id_lang>
</product_tag>
<product_tag><id_product><![CDATA[469]]></id_product>
<id_tag><![CDATA[3312]]></id_tag>
<id_lang><![CDATA[1]]></id_lang>
</product_tag>
<product_tag><id_product><![CDATA[471]]></id_product>
<id_tag><![CDATA[3312]]></id_tag>
<id_lang><![CDATA[1]]></id_lang>
</product_tag>
<product_tag><id_product><![CDATA[472]]></id_product>
<id_tag><![CDATA[3312]]></id_tag>
<id_lang><![CDATA[1]]></id_lang>
</product_tag>
<product_tag><id_product><![CDATA[473]]></id_product>
<id_tag><![CDATA[3312]]></id_tag>
<id_lang><![CDATA[1]]></id_lang>
</product_tag>
<product_tag><id_product><![CDATA[474]]></id_product>
<id_tag><![CDATA[3312]]></id_tag>
<id_lang><![CDATA[1]]></id_lang>
</product_tag>
<product_tag><id_product><![CDATA[475]]></id_product>
<id_tag><![CDATA[3312]]></id_tag>
<id_lang><![CDATA[1]]></id_lang>
</product_tag>
<product_tag><id_product><![CDATA[476]]></id_product>
<id_tag><![CDATA[3312]]></id_tag>
<id_lang><![CDATA[1]]></id_lang>
</product_tag>
<product_tag><id_product><![CDATA[449]]></id_product>
<id_tag><![CDATA[3317]]></id_tag>
<id_lang><![CDATA[1]]></id_lang>
</product_tag>
<product_tag><id_product><![CDATA[454]]></id_product>
<id_tag><![CDATA[3317]]></id_tag>
<id_lang><![CDATA[1]]></id_lang>
</product_tag>
<product_tag><id_product><![CDATA[455]]></id_product>
<id_tag><![CDATA[3317]]></id_tag>
<id_lang><![CDATA[1]]></id_lang>
</product_tag>
<product_tag><id_product><![CDATA[456]]></id_product>
<id_tag><![CDATA[3317]]></id_tag>
<id_lang><![CDATA[1]]></id_lang>
</product_tag>
<product_tag><id_product><![CDATA[459]]></id_product>
<id_tag><![CDATA[3317]]></id_tag>
<id_lang><![CDATA[1]]></id_lang>
</product_tag>
<product_tag><id_product><![CDATA[460]]></id_product>
<id_tag><![CDATA[3317]]></id_tag>
<id_lang><![CDATA[1]]></id_lang>
</product_tag>
<product_tag><id_product><![CDATA[461]]></id_product>
<id_tag><![CDATA[3317]]></id_tag>
<id_lang><![CDATA[1]]></id_lang>
</product_tag>
<product_tag><id_product><![CDATA[462]]></id_product>
<id_tag><![CDATA[3317]]></id_tag>
<id_lang><![CDATA[1]]></id_lang>
</product_tag>
<product_tag><id_product><![CDATA[463]]></id_product>
<id_tag><![CDATA[3317]]></id_tag>
<id_lang><![CDATA[1]]></id_lang>
</product_tag>
<product_tag><id_product><![CDATA[464]]></id_product>
<id_tag><![CDATA[3317]]></id_tag>
<id_lang><![CDATA[1]]></id_lang>
</product_tag>
<product_tag><id_product><![CDATA[465]]></id_product>
<id_tag><![CDATA[3317]]></id_tag>
<id_lang><![CDATA[1]]></id_lang>
</product_tag>
<product_tag><id_product><![CDATA[466]]></id_product>
<id_tag><![CDATA[3317]]></id_tag>
<id_lang><![CDATA[1]]></id_lang>
</product_tag>
<product_tag><id_product><![CDATA[467]]></id_product>
<id_tag><![CDATA[3317]]></id_tag>
<id_lang><![CDATA[1]]></id_lang>
</product_tag>
<product_tag><id_product><![CDATA[468]]></id_product>
<id_tag><![CDATA[3317]]></id_tag>
<id_lang><![CDATA[1]]></id_lang>
</product_tag>
<product_tag><id_product><![CDATA[469]]></id_product>
<id_tag><![CDATA[3317]]></id_tag>
<id_lang><![CDATA[1]]></id_lang>
</product_tag>
<product_tag><id_product><![CDATA[471]]></id_product>
<id_tag><![CDATA[3317]]></id_tag>
<id_lang><![CDATA[1]]></id_lang>
</product_tag>
<product_tag><id_product><![CDATA[472]]></id_product>
<id_tag><![CDATA[3317]]></id_tag>
<id_lang><![CDATA[1]]></id_lang>
</product_tag>
<product_tag><id_product><![CDATA[473]]></id_product>
<id_tag><![CDATA[3317]]></id_tag>
<id_lang><![CDATA[1]]></id_lang>
</product_tag>
<product_tag><id_product><![CDATA[474]]></id_product>
<id_tag><![CDATA[3317]]></id_tag>
<id_lang><![CDATA[1]]></id_lang>
</product_tag>
<product_tag><id_product><![CDATA[476]]></id_product>
<id_tag><![CDATA[3317]]></id_tag>
<id_lang><![CDATA[1]]></id_lang>
</product_tag>
<product_tag><id_product><![CDATA[1165]]></id_product>
<id_tag><![CDATA[3317]]></id_tag>
<id_lang><![CDATA[1]]></id_lang>
</product_tag>
<product_tag><id_product><![CDATA[455]]></id_product>
<id_tag><![CDATA[3340]]></id_tag>
<id_lang><![CDATA[1]]></id_lang>
</product_tag>
<product_tag><id_product><![CDATA[464]]></id_product>
<id_tag><![CDATA[3340]]></id_tag>
<id_lang><![CDATA[1]]></id_lang>
</product_tag>
<product_tag><id_product><![CDATA[466]]></id_product>
<id_tag><![CDATA[3340]]></id_tag>
<id_lang><![CDATA[1]]></id_lang>
</product_tag>
<product_tag><id_product><![CDATA[479]]></id_product>
<id_tag><![CDATA[3340]]></id_tag>
<id_lang><![CDATA[1]]></id_lang>
</product_tag>
<product_tag><id_product><![CDATA[455]]></id_product>
<id_tag><![CDATA[3341]]></id_tag>
<id_lang><![CDATA[1]]></id_lang>
</product_tag>
<product_tag><id_product><![CDATA[458]]></id_product>
<id_tag><![CDATA[3341]]></id_tag>
<id_lang><![CDATA[1]]></id_lang>
</product_tag>
<product_tag><id_product><![CDATA[459]]></id_product>
<id_tag><![CDATA[3341]]></id_tag>
<id_lang><![CDATA[1]]></id_lang>
</product_tag>
<product_tag><id_product><![CDATA[460]]></id_product>
<id_tag><![CDATA[3341]]></id_tag>
<id_lang><![CDATA[1]]></id_lang>
</product_tag>
<product_tag><id_product><![CDATA[461]]></id_product>
<id_tag><![CDATA[3341]]></id_tag>
<id_lang><![CDATA[1]]></id_lang>
</product_tag>
<product_tag><id_product><![CDATA[462]]></id_product>
<id_tag><![CDATA[3341]]></id_tag>
<id_lang><![CDATA[1]]></id_lang>
</product_tag>
<product_tag><id_product><![CDATA[463]]></id_product>
<id_tag><![CDATA[3341]]></id_tag>
<id_lang><![CDATA[1]]></id_lang>
</product_tag>
<product_tag><id_product><![CDATA[464]]></id_product>
<id_tag><![CDATA[3341]]></id_tag>
<id_lang><![CDATA[1]]></id_lang>
</product_tag>
<product_tag><id_product><![CDATA[465]]></id_product>
<id_tag><![CDATA[3341]]></id_tag>
<id_lang><![CDATA[1]]></id_lang>
</product_tag>
<product_tag><id_product><![CDATA[466]]></id_product>
<id_tag><![CDATA[3341]]></id_tag>
<id_lang><![CDATA[1]]></id_lang>
</product_tag>
<product_tag><id_product><![CDATA[468]]></id_product>
<id_tag><![CDATA[3341]]></id_tag>
<id_lang><![CDATA[1]]></id_lang>
</product_tag>
<product_tag><id_product><![CDATA[471]]></id_product>
<id_tag><![CDATA[3341]]></id_tag>
<id_lang><![CDATA[1]]></id_lang>
</product_tag>
<product_tag><id_product><![CDATA[473]]></id_product>
<id_tag><![CDATA[3341]]></id_tag>
<id_lang><![CDATA[1]]></id_lang>
</product_tag>
<product_tag><id_product><![CDATA[474]]></id_product>
<id_tag><![CDATA[3341]]></id_tag>
<id_lang><![CDATA[1]]></id_lang>
</product_tag>
<product_tag><id_product><![CDATA[475]]></id_product>
<id_tag><![CDATA[3341]]></id_tag>
<id_lang><![CDATA[1]]></id_lang>
</product_tag>
<product_tag><id_product><![CDATA[476]]></id_product>
<id_tag><![CDATA[3341]]></id_tag>
<id_lang><![CDATA[1]]></id_lang>
</product_tag>
<product_tag><id_product><![CDATA[477]]></id_product>
<id_tag><![CDATA[3341]]></id_tag>
<id_lang><![CDATA[1]]></id_lang>
</product_tag>
<product_tag><id_product><![CDATA[478]]></id_product>
<id_tag><![CDATA[3341]]></id_tag>
<id_lang><![CDATA[1]]></id_lang>
</product_tag>
<product_tag><id_product><![CDATA[479]]></id_product>
<id_tag><![CDATA[3341]]></id_tag>
<id_lang><![CDATA[1]]></id_lang>
</product_tag>
<product_tag><id_product><![CDATA[480]]></id_product>
<id_tag><![CDATA[3341]]></id_tag>
<id_lang><![CDATA[1]]></id_lang>
</product_tag>
<product_tag><id_product><![CDATA[481]]></id_product>
<id_tag><![CDATA[3341]]></id_tag>
<id_lang><![CDATA[1]]></id_lang>
</product_tag>
<product_tag><id_product><![CDATA[482]]></id_product>
<id_tag><![CDATA[3341]]></id_tag>
<id_lang><![CDATA[1]]></id_lang>
</product_tag>
<product_tag><id_product><![CDATA[483]]></id_product>
<id_tag><![CDATA[3341]]></id_tag>
<id_lang><![CDATA[1]]></id_lang>
</product_tag>
<product_tag><id_product><![CDATA[485]]></id_product>
<id_tag><![CDATA[3341]]></id_tag>
<id_lang><![CDATA[1]]></id_lang>
</product_tag>
<product_tag><id_product><![CDATA[501]]></id_product>
<id_tag><![CDATA[3341]]></id_tag>
<id_lang><![CDATA[1]]></id_lang>
</product_tag>
<product_tag><id_product><![CDATA[2986]]></id_product>
<id_tag><![CDATA[3341]]></id_tag>
<id_lang><![CDATA[1]]></id_lang>
</product_tag>
<product_tag><id_product><![CDATA[457]]></id_product>
<id_tag><![CDATA[3346]]></id_tag>
<id_lang><![CDATA[1]]></id_lang>
</product_tag>
<product_tag><id_product><![CDATA[472]]></id_product>
<id_tag><![CDATA[3346]]></id_tag>
<id_lang><![CDATA[1]]></id_lang>
</product_tag>
<product_tag><id_product><![CDATA[475]]></id_product>
<id_tag><![CDATA[3346]]></id_tag>
<id_lang><![CDATA[1]]></id_lang>
</product_tag>
<product_tag><id_product><![CDATA[476]]></id_product>
<id_tag><![CDATA[3346]]></id_tag>
<id_lang><![CDATA[1]]></id_lang>
</product_tag>
<product_tag><id_product><![CDATA[458]]></id_product>
<id_tag><![CDATA[3349]]></id_tag>
<id_lang><![CDATA[1]]></id_lang>
</product_tag>
<product_tag><id_product><![CDATA[460]]></id_product>
<id_tag><![CDATA[3349]]></id_tag>
<id_lang><![CDATA[1]]></id_lang>
</product_tag>
<product_tag><id_product><![CDATA[460]]></id_product>
<id_tag><![CDATA[3350]]></id_tag>
<id_lang><![CDATA[1]]></id_lang>
</product_tag>
<product_tag><id_product><![CDATA[461]]></id_product>
<id_tag><![CDATA[3350]]></id_tag>
<id_lang><![CDATA[1]]></id_lang>
</product_tag>
<product_tag><id_product><![CDATA[477]]></id_product>
<id_tag><![CDATA[3350]]></id_tag>
<id_lang><![CDATA[1]]></id_lang>
</product_tag>
<product_tag><id_product><![CDATA[478]]></id_product>
<id_tag><![CDATA[3350]]></id_tag>
<id_lang><![CDATA[1]]></id_lang>
</product_tag>
<product_tag><id_product><![CDATA[479]]></id_product>
<id_tag><![CDATA[3350]]></id_tag>
<id_lang><![CDATA[1]]></id_lang>
</product_tag>
<product_tag><id_product><![CDATA[480]]></id_product>
<id_tag><![CDATA[3350]]></id_tag>
<id_lang><![CDATA[1]]></id_lang>
</product_tag>
<product_tag><id_product><![CDATA[481]]></id_product>
<id_tag><![CDATA[3350]]></id_tag>
<id_lang><![CDATA[1]]></id_lang>
</product_tag>
<product_tag><id_product><![CDATA[482]]></id_product>
<id_tag><![CDATA[3350]]></id_tag>
<id_lang><![CDATA[1]]></id_lang>
</product_tag>
<product_tag><id_product><![CDATA[483]]></id_product>
<id_tag><![CDATA[3350]]></id_tag>
<id_lang><![CDATA[1]]></id_lang>
</product_tag>
<product_tag><id_product><![CDATA[460]]></id_product>
<id_tag><![CDATA[3366]]></id_tag>
<id_lang><![CDATA[1]]></id_lang>
</product_tag>
<product_tag><id_product><![CDATA[467]]></id_product>
<id_tag><![CDATA[3366]]></id_tag>
<id_lang><![CDATA[1]]></id_lang>
</product_tag>
<product_tag><id_product><![CDATA[466]]></id_product>
<id_tag><![CDATA[3367]]></id_tag>
<id_lang><![CDATA[1]]></id_lang>
</product_tag>
<product_tag><id_product><![CDATA[467]]></id_product>
<id_tag><![CDATA[3367]]></id_tag>
<id_lang><![CDATA[1]]></id_lang>
</product_tag>
<product_tag><id_product><![CDATA[469]]></id_product>
<id_tag><![CDATA[3367]]></id_tag>
<id_lang><![CDATA[1]]></id_lang>
</product_tag>
<product_tag><id_product><![CDATA[471]]></id_product>
<id_tag><![CDATA[3367]]></id_tag>
<id_lang><![CDATA[1]]></id_lang>
</product_tag>
<product_tag><id_product><![CDATA[472]]></id_product>
<id_tag><![CDATA[3367]]></id_tag>
<id_lang><![CDATA[1]]></id_lang>
</product_tag>
<product_tag><id_product><![CDATA[473]]></id_product>
<id_tag><![CDATA[3367]]></id_tag>
<id_lang><![CDATA[1]]></id_lang>
</product_tag>
<product_tag><id_product><![CDATA[474]]></id_product>
<id_tag><![CDATA[3367]]></id_tag>
<id_lang><![CDATA[1]]></id_lang>
</product_tag>
<product_tag><id_product><![CDATA[475]]></id_product>
<id_tag><![CDATA[3367]]></id_tag>
<id_lang><![CDATA[1]]></id_lang>
</product_tag>
<product_tag><id_product><![CDATA[476]]></id_product>
<id_tag><![CDATA[3367]]></id_tag>
<id_lang><![CDATA[1]]></id_lang>
</product_tag>
<product_tag><id_product><![CDATA[1165]]></id_product>
<id_tag><![CDATA[3367]]></id_tag>
<id_lang><![CDATA[1]]></id_lang>
</product_tag>
<product_tag><id_product><![CDATA[477]]></id_product>
<id_tag><![CDATA[3374]]></id_tag>
<id_lang><![CDATA[1]]></id_lang>
</product_tag>
<product_tag><id_product><![CDATA[478]]></id_product>
<id_tag><![CDATA[3374]]></id_tag>
<id_lang><![CDATA[1]]></id_lang>
</product_tag>
<product_tag><id_product><![CDATA[479]]></id_product>
<id_tag><![CDATA[3374]]></id_tag>
<id_lang><![CDATA[1]]></id_lang>
</product_tag>
<product_tag><id_product><![CDATA[481]]></id_product>
<id_tag><![CDATA[3374]]></id_tag>
<id_lang><![CDATA[1]]></id_lang>
</product_tag>
<product_tag><id_product><![CDATA[482]]></id_product>
<id_tag><![CDATA[3374]]></id_tag>
<id_lang><![CDATA[1]]></id_lang>
</product_tag>
<product_tag><id_product><![CDATA[483]]></id_product>
<id_tag><![CDATA[3374]]></id_tag>
<id_lang><![CDATA[1]]></id_lang>
</product_tag>
<product_tag><id_product><![CDATA[485]]></id_product>
<id_tag><![CDATA[3376]]></id_tag>
<id_lang><![CDATA[1]]></id_lang>
</product_tag>
<product_tag><id_product><![CDATA[553]]></id_product>
<id_tag><![CDATA[3376]]></id_tag>
<id_lang><![CDATA[1]]></id_lang>
</product_tag>
<product_tag><id_product><![CDATA[927]]></id_product>
<id_tag><![CDATA[3376]]></id_tag>
<id_lang><![CDATA[1]]></id_lang>
</product_tag>
<product_tag><id_product><![CDATA[928]]></id_product>
<id_tag><![CDATA[3376]]></id_tag>
<id_lang><![CDATA[1]]></id_lang>
</product_tag>
<product_tag><id_product><![CDATA[930]]></id_product>
<id_tag><![CDATA[3376]]></id_tag>
<id_lang><![CDATA[1]]></id_lang>
</product_tag>
<product_tag><id_product><![CDATA[932]]></id_product>
<id_tag><![CDATA[3376]]></id_tag>
<id_lang><![CDATA[1]]></id_lang>
</product_tag>
<product_tag><id_product><![CDATA[1021]]></id_product>
<id_tag><![CDATA[3376]]></id_tag>
<id_lang><![CDATA[1]]></id_lang>
</product_tag>
<product_tag><id_product><![CDATA[1024]]></id_product>
<id_tag><![CDATA[3376]]></id_tag>
<id_lang><![CDATA[1]]></id_lang>
</product_tag>
<product_tag><id_product><![CDATA[1025]]></id_product>
<id_tag><![CDATA[3376]]></id_tag>
<id_lang><![CDATA[1]]></id_lang>
</product_tag>
<product_tag><id_product><![CDATA[1026]]></id_product>
<id_tag><![CDATA[3376]]></id_tag>
<id_lang><![CDATA[1]]></id_lang>
</product_tag>
<product_tag><id_product><![CDATA[1027]]></id_product>
<id_tag><![CDATA[3376]]></id_tag>
<id_lang><![CDATA[1]]></id_lang>
</product_tag>
<product_tag><id_product><![CDATA[1029]]></id_product>
<id_tag><![CDATA[3376]]></id_tag>
<id_lang><![CDATA[1]]></id_lang>
</product_tag>
<product_tag><id_product><![CDATA[1030]]></id_product>
<id_tag><![CDATA[3376]]></id_tag>
<id_lang><![CDATA[1]]></id_lang>
</product_tag>
<product_tag><id_product><![CDATA[1041]]></id_product>
<id_tag><![CDATA[3376]]></id_tag>
<id_lang><![CDATA[1]]></id_lang>
</product_tag>
<product_tag><id_product><![CDATA[1042]]></id_product>
<id_tag><![CDATA[3376]]></id_tag>
<id_lang><![CDATA[1]]></id_lang>
</product_tag>
<product_tag><id_product><![CDATA[1043]]></id_product>
<id_tag><![CDATA[3376]]></id_tag>
<id_lang><![CDATA[1]]></id_lang>
</product_tag>
<product_tag><id_product><![CDATA[1044]]></id_product>
<id_tag><![CDATA[3376]]></id_tag>
<id_lang><![CDATA[1]]></id_lang>
</product_tag>
<product_tag><id_product><![CDATA[1045]]></id_product>
<id_tag><![CDATA[3376]]></id_tag>
<id_lang><![CDATA[1]]></id_lang>
</product_tag>
<product_tag><id_product><![CDATA[1426]]></id_product>
<id_tag><![CDATA[3376]]></id_tag>
<id_lang><![CDATA[1]]></id_lang>
</product_tag>
<product_tag><id_product><![CDATA[1427]]></id_product>
<id_tag><![CDATA[3376]]></id_tag>
<id_lang><![CDATA[1]]></id_lang>
</product_tag>
<product_tag><id_product><![CDATA[2752]]></id_product>
<id_tag><![CDATA[3376]]></id_tag>
<id_lang><![CDATA[1]]></id_lang>
</product_tag>
<product_tag><id_product><![CDATA[2753]]></id_product>
<id_tag><![CDATA[3376]]></id_tag>
<id_lang><![CDATA[1]]></id_lang>
</product_tag>
<product_tag><id_product><![CDATA[2986]]></id_product>
<id_tag><![CDATA[3376]]></id_tag>
<id_lang><![CDATA[1]]></id_lang>
</product_tag>
<product_tag><id_product><![CDATA[3162]]></id_product>
<id_tag><![CDATA[3376]]></id_tag>
<id_lang><![CDATA[1]]></id_lang>
</product_tag>
<product_tag><id_product><![CDATA[3554]]></id_product>
<id_tag><![CDATA[3376]]></id_tag>
<id_lang><![CDATA[1]]></id_lang>
</product_tag>
<product_tag><id_product><![CDATA[485]]></id_product>
<id_tag><![CDATA[3378]]></id_tag>
<id_lang><![CDATA[1]]></id_lang>
</product_tag>
<product_tag><id_product><![CDATA[534]]></id_product>
<id_tag><![CDATA[3378]]></id_tag>
<id_lang><![CDATA[1]]></id_lang>
</product_tag>
<product_tag><id_product><![CDATA[535]]></id_product>
<id_tag><![CDATA[3378]]></id_tag>
<id_lang><![CDATA[1]]></id_lang>
</product_tag>
<product_tag><id_product><![CDATA[537]]></id_product>
<id_tag><![CDATA[3378]]></id_tag>
<id_lang><![CDATA[1]]></id_lang>
</product_tag>
<product_tag><id_product><![CDATA[538]]></id_product>
<id_tag><![CDATA[3378]]></id_tag>
<id_lang><![CDATA[1]]></id_lang>
</product_tag>
<product_tag><id_product><![CDATA[539]]></id_product>
<id_tag><![CDATA[3378]]></id_tag>
<id_lang><![CDATA[1]]></id_lang>
</product_tag>
<product_tag><id_product><![CDATA[540]]></id_product>
<id_tag><![CDATA[3378]]></id_tag>
<id_lang><![CDATA[1]]></id_lang>
</product_tag>
<product_tag><id_product><![CDATA[541]]></id_product>
<id_tag><![CDATA[3378]]></id_tag>
<id_lang><![CDATA[1]]></id_lang>
</product_tag>
<product_tag><id_product><![CDATA[542]]></id_product>
<id_tag><![CDATA[3378]]></id_tag>
<id_lang><![CDATA[1]]></id_lang>
</product_tag>
<product_tag><id_product><![CDATA[543]]></id_product>
<id_tag><![CDATA[3378]]></id_tag>
<id_lang><![CDATA[1]]></id_lang>
</product_tag>
<product_tag><id_product><![CDATA[544]]></id_product>
<id_tag><![CDATA[3378]]></id_tag>
<id_lang><![CDATA[1]]></id_lang>
</product_tag>
<product_tag><id_product><![CDATA[545]]></id_product>
<id_tag><![CDATA[3378]]></id_tag>
<id_lang><![CDATA[1]]></id_lang>
</product_tag>
<product_tag><id_product><![CDATA[546]]></id_product>
<id_tag><![CDATA[3378]]></id_tag>
<id_lang><![CDATA[1]]></id_lang>
</product_tag>
<product_tag><id_product><![CDATA[547]]></id_product>
<id_tag><![CDATA[3378]]></id_tag>
<id_lang><![CDATA[1]]></id_lang>
</product_tag>
<product_tag><id_product><![CDATA[550]]></id_product>
<id_tag><![CDATA[3378]]></id_tag>
<id_lang><![CDATA[1]]></id_lang>
</product_tag>
<product_tag><id_product><![CDATA[551]]></id_product>
<id_tag><![CDATA[3378]]></id_tag>
<id_lang><![CDATA[1]]></id_lang>
</product_tag>
<product_tag><id_product><![CDATA[552]]></id_product>
<id_tag><![CDATA[3378]]></id_tag>
<id_lang><![CDATA[1]]></id_lang>
</product_tag>
<product_tag><id_product><![CDATA[553]]></id_product>
<id_tag><![CDATA[3378]]></id_tag>
<id_lang><![CDATA[1]]></id_lang>
</product_tag>
<product_tag><id_product><![CDATA[554]]></id_product>
<id_tag><![CDATA[3378]]></id_tag>
<id_lang><![CDATA[1]]></id_lang>
</product_tag>
<product_tag><id_product><![CDATA[555]]></id_product>
<id_tag><![CDATA[3378]]></id_tag>
<id_lang><![CDATA[1]]></id_lang>
</product_tag>
<product_tag><id_product><![CDATA[556]]></id_product>
<id_tag><![CDATA[3378]]></id_tag>
<id_lang><![CDATA[1]]></id_lang>
</product_tag>
<product_tag><id_product><![CDATA[557]]></id_product>
<id_tag><![CDATA[3378]]></id_tag>
<id_lang><![CDATA[1]]></id_lang>
</product_tag>
<product_tag><id_product><![CDATA[558]]></id_product>
<id_tag><![CDATA[3378]]></id_tag>
<id_lang><![CDATA[1]]></id_lang>
</product_tag>
<product_tag><id_product><![CDATA[560]]></id_product>
<id_tag><![CDATA[3378]]></id_tag>
<id_lang><![CDATA[1]]></id_lang>
</product_tag>
<product_tag><id_product><![CDATA[561]]></id_product>
<id_tag><![CDATA[3378]]></id_tag>
<id_lang><![CDATA[1]]></id_lang>
</product_tag>
<product_tag><id_product><![CDATA[562]]></id_product>
<id_tag><![CDATA[3378]]></id_tag>
<id_lang><![CDATA[1]]></id_lang>
</product_tag>
<product_tag><id_product><![CDATA[563]]></id_product>
<id_tag><![CDATA[3378]]></id_tag>
<id_lang><![CDATA[1]]></id_lang>
</product_tag>
<product_tag><id_product><![CDATA[1105]]></id_product>
<id_tag><![CDATA[3378]]></id_tag>
<id_lang><![CDATA[1]]></id_lang>
</product_tag>
<product_tag><id_product><![CDATA[1414]]></id_product>
<id_tag><![CDATA[3378]]></id_tag>
<id_lang><![CDATA[1]]></id_lang>
</product_tag>
<product_tag><id_product><![CDATA[2672]]></id_product>
<id_tag><![CDATA[3378]]></id_tag>
<id_lang><![CDATA[1]]></id_lang>
</product_tag>
<product_tag><id_product><![CDATA[2687]]></id_product>
<id_tag><![CDATA[3378]]></id_tag>
<id_lang><![CDATA[1]]></id_lang>
</product_tag>
<product_tag><id_product><![CDATA[2986]]></id_product>
<id_tag><![CDATA[3378]]></id_tag>
<id_lang><![CDATA[1]]></id_lang>
</product_tag>
<product_tag><id_product><![CDATA[3275]]></id_product>
<id_tag><![CDATA[3378]]></id_tag>
<id_lang><![CDATA[1]]></id_lang>
</product_tag>
<product_tag><id_product><![CDATA[3332]]></id_product>
<id_tag><![CDATA[3378]]></id_tag>
<id_lang><![CDATA[1]]></id_lang>
</product_tag>
<product_tag><id_product><![CDATA[3437]]></id_product>
<id_tag><![CDATA[3378]]></id_tag>
<id_lang><![CDATA[1]]></id_lang>
</product_tag>
<product_tag><id_product><![CDATA[3556]]></id_product>
<id_tag><![CDATA[3378]]></id_tag>
<id_lang><![CDATA[1]]></id_lang>
</product_tag>
<product_tag><id_product><![CDATA[489]]></id_product>
<id_tag><![CDATA[3381]]></id_tag>
<id_lang><![CDATA[1]]></id_lang>
</product_tag>
<product_tag><id_product><![CDATA[501]]></id_product>
<id_tag><![CDATA[3381]]></id_tag>
<id_lang><![CDATA[1]]></id_lang>
</product_tag>
<product_tag><id_product><![CDATA[509]]></id_product>
<id_tag><![CDATA[3381]]></id_tag>
<id_lang><![CDATA[1]]></id_lang>
</product_tag>
<product_tag><id_product><![CDATA[518]]></id_product>
<id_tag><![CDATA[3381]]></id_tag>
<id_lang><![CDATA[1]]></id_lang>
</product_tag>
<product_tag><id_product><![CDATA[525]]></id_product>
<id_tag><![CDATA[3381]]></id_tag>
<id_lang><![CDATA[1]]></id_lang>
</product_tag>
<product_tag><id_product><![CDATA[531]]></id_product>
<id_tag><![CDATA[3381]]></id_tag>
<id_lang><![CDATA[1]]></id_lang>
</product_tag>
<product_tag><id_product><![CDATA[540]]></id_product>
<id_tag><![CDATA[3381]]></id_tag>
<id_lang><![CDATA[1]]></id_lang>
</product_tag>
<product_tag><id_product><![CDATA[541]]></id_product>
<id_tag><![CDATA[3381]]></id_tag>
<id_lang><![CDATA[1]]></id_lang>
</product_tag>
<product_tag><id_product><![CDATA[545]]></id_product>
<id_tag><![CDATA[3381]]></id_tag>
<id_lang><![CDATA[1]]></id_lang>
</product_tag>
<product_tag><id_product><![CDATA[562]]></id_product>
<id_tag><![CDATA[3381]]></id_tag>
<id_lang><![CDATA[1]]></id_lang>
</product_tag>
<product_tag><id_product><![CDATA[563]]></id_product>
<id_tag><![CDATA[3381]]></id_tag>
<id_lang><![CDATA[1]]></id_lang>
</product_tag>
<product_tag><id_product><![CDATA[927]]></id_product>
<id_tag><![CDATA[3381]]></id_tag>
<id_lang><![CDATA[1]]></id_lang>
</product_tag>
<product_tag><id_product><![CDATA[928]]></id_product>
<id_tag><![CDATA[3381]]></id_tag>
<id_lang><![CDATA[1]]></id_lang>
</product_tag>
<product_tag><id_product><![CDATA[930]]></id_product>
<id_tag><![CDATA[3381]]></id_tag>
<id_lang><![CDATA[1]]></id_lang>
</product_tag>
<product_tag><id_product><![CDATA[932]]></id_product>
<id_tag><![CDATA[3381]]></id_tag>
<id_lang><![CDATA[1]]></id_lang>
</product_tag>
<product_tag><id_product><![CDATA[1024]]></id_product>
<id_tag><![CDATA[3381]]></id_tag>
<id_lang><![CDATA[1]]></id_lang>
</product_tag>
<product_tag><id_product><![CDATA[1025]]></id_product>
<id_tag><![CDATA[3381]]></id_tag>
<id_lang><![CDATA[1]]></id_lang>
</product_tag>
<product_tag><id_product><![CDATA[1026]]></id_product>
<id_tag><![CDATA[3381]]></id_tag>
<id_lang><![CDATA[1]]></id_lang>
</product_tag>
<product_tag><id_product><![CDATA[1027]]></id_product>
<id_tag><![CDATA[3381]]></id_tag>
<id_lang><![CDATA[1]]></id_lang>
</product_tag>
<product_tag><id_product><![CDATA[1041]]></id_product>
<id_tag><![CDATA[3381]]></id_tag>
<id_lang><![CDATA[1]]></id_lang>
</product_tag>
<product_tag><id_product><![CDATA[1042]]></id_product>
<id_tag><![CDATA[3381]]></id_tag>
<id_lang><![CDATA[1]]></id_lang>
</product_tag>
<product_tag><id_product><![CDATA[1043]]></id_product>
<id_tag><![CDATA[3381]]></id_tag>
<id_lang><![CDATA[1]]></id_lang>
</product_tag>
<product_tag><id_product><![CDATA[1044]]></id_product>
<id_tag><![CDATA[3381]]></id_tag>
<id_lang><![CDATA[1]]></id_lang>
</product_tag>
<product_tag><id_product><![CDATA[1045]]></id_product>
<id_tag><![CDATA[3381]]></id_tag>
<id_lang><![CDATA[1]]></id_lang>
</product_tag>
<product_tag><id_product><![CDATA[1101]]></id_product>
<id_tag><![CDATA[3381]]></id_tag>
<id_lang><![CDATA[1]]></id_lang>
</product_tag>
<product_tag><id_product><![CDATA[1114]]></id_product>
<id_tag><![CDATA[3381]]></id_tag>
<id_lang><![CDATA[1]]></id_lang>
</product_tag>
<product_tag><id_product><![CDATA[1117]]></id_product>
<id_tag><![CDATA[3381]]></id_tag>
<id_lang><![CDATA[1]]></id_lang>
</product_tag>
<product_tag><id_product><![CDATA[1131]]></id_product>
<id_tag><![CDATA[3381]]></id_tag>
<id_lang><![CDATA[1]]></id_lang>
</product_tag>
<product_tag><id_product><![CDATA[1132]]></id_product>
<id_tag><![CDATA[3381]]></id_tag>
<id_lang><![CDATA[1]]></id_lang>
</product_tag>
<product_tag><id_product><![CDATA[1142]]></id_product>
<id_tag><![CDATA[3381]]></id_tag>
<id_lang><![CDATA[1]]></id_lang>
</product_tag>
<product_tag><id_product><![CDATA[1143]]></id_product>
<id_tag><![CDATA[3381]]></id_tag>
<id_lang><![CDATA[1]]></id_lang>
</product_tag>
<product_tag><id_product><![CDATA[1405]]></id_product>
<id_tag><![CDATA[3381]]></id_tag>
<id_lang><![CDATA[1]]></id_lang>
</product_tag>
<product_tag><id_product><![CDATA[1406]]></id_product>
<id_tag><![CDATA[3381]]></id_tag>
<id_lang><![CDATA[1]]></id_lang>
</product_tag>
<product_tag><id_product><![CDATA[1407]]></id_product>
<id_tag><![CDATA[3381]]></id_tag>
<id_lang><![CDATA[1]]></id_lang>
</product_tag>
<product_tag><id_product><![CDATA[1408]]></id_product>
<id_tag><![CDATA[3381]]></id_tag>
<id_lang><![CDATA[1]]></id_lang>
</product_tag>
<product_tag><id_product><![CDATA[1410]]></id_product>
<id_tag><![CDATA[3381]]></id_tag>
<id_lang><![CDATA[1]]></id_lang>
</product_tag>
<product_tag><id_product><![CDATA[1411]]></id_product>
<id_tag><![CDATA[3381]]></id_tag>
<id_lang><![CDATA[1]]></id_lang>
</product_tag>
<product_tag><id_product><![CDATA[1413]]></id_product>
<id_tag><![CDATA[3381]]></id_tag>
<id_lang><![CDATA[1]]></id_lang>
</product_tag>
<product_tag><id_product><![CDATA[1418]]></id_product>
<id_tag><![CDATA[3381]]></id_tag>
<id_lang><![CDATA[1]]></id_lang>
</product_tag>
<product_tag><id_product><![CDATA[1419]]></id_product>
<id_tag><![CDATA[3381]]></id_tag>
<id_lang><![CDATA[1]]></id_lang>
</product_tag>
<product_tag><id_product><![CDATA[1420]]></id_product>
<id_tag><![CDATA[3381]]></id_tag>
<id_lang><![CDATA[1]]></id_lang>
</product_tag>
<product_tag><id_product><![CDATA[1421]]></id_product>
<id_tag><![CDATA[3381]]></id_tag>
<id_lang><![CDATA[1]]></id_lang>
</product_tag>
<product_tag><id_product><![CDATA[1422]]></id_product>
<id_tag><![CDATA[3381]]></id_tag>
<id_lang><![CDATA[1]]></id_lang>
</product_tag>
<product_tag><id_product><![CDATA[1426]]></id_product>
<id_tag><![CDATA[3381]]></id_tag>
<id_lang><![CDATA[1]]></id_lang>
</product_tag>
<product_tag><id_product><![CDATA[1427]]></id_product>
<id_tag><![CDATA[3381]]></id_tag>
<id_lang><![CDATA[1]]></id_lang>
</product_tag>
<product_tag><id_product><![CDATA[1473]]></id_product>
<id_tag><![CDATA[3381]]></id_tag>
<id_lang><![CDATA[1]]></id_lang>
</product_tag>
<product_tag><id_product><![CDATA[2752]]></id_product>
<id_tag><![CDATA[3381]]></id_tag>
<id_lang><![CDATA[1]]></id_lang>
</product_tag>
<product_tag><id_product><![CDATA[2753]]></id_product>
<id_tag><![CDATA[3381]]></id_tag>
<id_lang><![CDATA[1]]></id_lang>
</product_tag>
<product_tag><id_product><![CDATA[3162]]></id_product>
<id_tag><![CDATA[3381]]></id_tag>
<id_lang><![CDATA[1]]></id_lang>
</product_tag>
<product_tag><id_product><![CDATA[3200]]></id_product>
<id_tag><![CDATA[3381]]></id_tag>
<id_lang><![CDATA[1]]></id_lang>
</product_tag>
<product_tag><id_product><![CDATA[3288]]></id_product>
<id_tag><![CDATA[3381]]></id_tag>
<id_lang><![CDATA[1]]></id_lang>
</product_tag>
<product_tag><id_product><![CDATA[3554]]></id_product>
<id_tag><![CDATA[3381]]></id_tag>
<id_lang><![CDATA[1]]></id_lang>
</product_tag>
<product_tag><id_product><![CDATA[4139]]></id_product>
<id_tag><![CDATA[3381]]></id_tag>
<id_lang><![CDATA[1]]></id_lang>
</product_tag>
<product_tag><id_product><![CDATA[4141]]></id_product>
<id_tag><![CDATA[3381]]></id_tag>
<id_lang><![CDATA[1]]></id_lang>
</product_tag>
<product_tag><id_product><![CDATA[4142]]></id_product>
<id_tag><![CDATA[3381]]></id_tag>
<id_lang><![CDATA[1]]></id_lang>
</product_tag>
<product_tag><id_product><![CDATA[4143]]></id_product>
<id_tag><![CDATA[3381]]></id_tag>
<id_lang><![CDATA[1]]></id_lang>
</product_tag>
<product_tag><id_product><![CDATA[4303]]></id_product>
<id_tag><![CDATA[3381]]></id_tag>
<id_lang><![CDATA[1]]></id_lang>
</product_tag>
<product_tag><id_product><![CDATA[4304]]></id_product>
<id_tag><![CDATA[3381]]></id_tag>
<id_lang><![CDATA[1]]></id_lang>
</product_tag>
<product_tag><id_product><![CDATA[509]]></id_product>
<id_tag><![CDATA[3385]]></id_tag>
<id_lang><![CDATA[1]]></id_lang>
</product_tag>
<product_tag><id_product><![CDATA[518]]></id_product>
<id_tag><![CDATA[3385]]></id_tag>
<id_lang><![CDATA[1]]></id_lang>
</product_tag>
<product_tag><id_product><![CDATA[525]]></id_product>
<id_tag><![CDATA[3385]]></id_tag>
<id_lang><![CDATA[1]]></id_lang>
</product_tag>
<product_tag><id_product><![CDATA[1473]]></id_product>
<id_tag><![CDATA[3385]]></id_tag>
<id_lang><![CDATA[1]]></id_lang>
</product_tag>
<product_tag><id_product><![CDATA[4303]]></id_product>
<id_tag><![CDATA[3385]]></id_tag>
<id_lang><![CDATA[1]]></id_lang>
</product_tag>
<product_tag><id_product><![CDATA[4304]]></id_product>
<id_tag><![CDATA[3385]]></id_tag>
<id_lang><![CDATA[1]]></id_lang>
</product_tag>
<product_tag><id_product><![CDATA[534]]></id_product>
<id_tag><![CDATA[3389]]></id_tag>
<id_lang><![CDATA[1]]></id_lang>
</product_tag>
<product_tag><id_product><![CDATA[535]]></id_product>
<id_tag><![CDATA[3389]]></id_tag>
<id_lang><![CDATA[1]]></id_lang>
</product_tag>
<product_tag><id_product><![CDATA[537]]></id_product>
<id_tag><![CDATA[3389]]></id_tag>
<id_lang><![CDATA[1]]></id_lang>
</product_tag>
<product_tag><id_product><![CDATA[538]]></id_product>
<id_tag><![CDATA[3389]]></id_tag>
<id_lang><![CDATA[1]]></id_lang>
</product_tag>
<product_tag><id_product><![CDATA[539]]></id_product>
<id_tag><![CDATA[3389]]></id_tag>
<id_lang><![CDATA[1]]></id_lang>
</product_tag>
<product_tag><id_product><![CDATA[540]]></id_product>
<id_tag><![CDATA[3389]]></id_tag>
<id_lang><![CDATA[1]]></id_lang>
</product_tag>
<product_tag><id_product><![CDATA[541]]></id_product>
<id_tag><![CDATA[3389]]></id_tag>
<id_lang><![CDATA[1]]></id_lang>
</product_tag>
<product_tag><id_product><![CDATA[542]]></id_product>
<id_tag><![CDATA[3389]]></id_tag>
<id_lang><![CDATA[1]]></id_lang>
</product_tag>
<product_tag><id_product><![CDATA[543]]></id_product>
<id_tag><![CDATA[3389]]></id_tag>
<id_lang><![CDATA[1]]></id_lang>
</product_tag>
<product_tag><id_product><![CDATA[544]]></id_product>
<id_tag><![CDATA[3389]]></id_tag>
<id_lang><![CDATA[1]]></id_lang>
</product_tag>
<product_tag><id_product><![CDATA[545]]></id_product>
<id_tag><![CDATA[3389]]></id_tag>
<id_lang><![CDATA[1]]></id_lang>
</product_tag>
<product_tag><id_product><![CDATA[546]]></id_product>
<id_tag><![CDATA[3389]]></id_tag>
<id_lang><![CDATA[1]]></id_lang>
</product_tag>
<product_tag><id_product><![CDATA[547]]></id_product>
<id_tag><![CDATA[3389]]></id_tag>
<id_lang><![CDATA[1]]></id_lang>
</product_tag>
<product_tag><id_product><![CDATA[550]]></id_product>
<id_tag><![CDATA[3389]]></id_tag>
<id_lang><![CDATA[1]]></id_lang>
</product_tag>
<product_tag><id_product><![CDATA[551]]></id_product>
<id_tag><![CDATA[3389]]></id_tag>
<id_lang><![CDATA[1]]></id_lang>
</product_tag>
<product_tag><id_product><![CDATA[552]]></id_product>
<id_tag><![CDATA[3389]]></id_tag>
<id_lang><![CDATA[1]]></id_lang>
</product_tag>
<product_tag><id_product><![CDATA[553]]></id_product>
<id_tag><![CDATA[3389]]></id_tag>
<id_lang><![CDATA[1]]></id_lang>
</product_tag>
<product_tag><id_product><![CDATA[554]]></id_product>
<id_tag><![CDATA[3389]]></id_tag>
<id_lang><![CDATA[1]]></id_lang>
</product_tag>
<product_tag><id_product><![CDATA[555]]></id_product>
<id_tag><![CDATA[3389]]></id_tag>
<id_lang><![CDATA[1]]></id_lang>
</product_tag>
<product_tag><id_product><![CDATA[556]]></id_product>
<id_tag><![CDATA[3389]]></id_tag>
<id_lang><![CDATA[1]]></id_lang>
</product_tag>
<product_tag><id_product><![CDATA[557]]></id_product>
<id_tag><![CDATA[3389]]></id_tag>
<id_lang><![CDATA[1]]></id_lang>
</product_tag>
<product_tag><id_product><![CDATA[558]]></id_product>
<id_tag><![CDATA[3389]]></id_tag>
<id_lang><![CDATA[1]]></id_lang>
</product_tag>
<product_tag><id_product><![CDATA[560]]></id_product>
<id_tag><![CDATA[3389]]></id_tag>
<id_lang><![CDATA[1]]></id_lang>
</product_tag>
<product_tag><id_product><![CDATA[561]]></id_product>
<id_tag><![CDATA[3389]]></id_tag>
<id_lang><![CDATA[1]]></id_lang>
</product_tag>
<product_tag><id_product><![CDATA[562]]></id_product>
<id_tag><![CDATA[3389]]></id_tag>
<id_lang><![CDATA[1]]></id_lang>
</product_tag>
<product_tag><id_product><![CDATA[563]]></id_product>
<id_tag><![CDATA[3389]]></id_tag>
<id_lang><![CDATA[1]]></id_lang>
</product_tag>
<product_tag><id_product><![CDATA[1076]]></id_product>
<id_tag><![CDATA[3389]]></id_tag>
<id_lang><![CDATA[1]]></id_lang>
</product_tag>
<product_tag><id_product><![CDATA[1078]]></id_product>
<id_tag><![CDATA[3389]]></id_tag>
<id_lang><![CDATA[1]]></id_lang>
</product_tag>
</entity_profile>
