<?xml version="1.0" encoding="UTF-8"?>
<entity_profile>
<product_tag><id_product><![CDATA[852]]></id_product>
<id_tag><![CDATA[2922]]></id_tag>
<id_lang><![CDATA[1]]></id_lang>
</product_tag>
<product_tag><id_product><![CDATA[893]]></id_product>
<id_tag><![CDATA[2922]]></id_tag>
<id_lang><![CDATA[1]]></id_lang>
</product_tag>
<product_tag><id_product><![CDATA[913]]></id_product>
<id_tag><![CDATA[2922]]></id_tag>
<id_lang><![CDATA[1]]></id_lang>
</product_tag>
<product_tag><id_product><![CDATA[1089]]></id_product>
<id_tag><![CDATA[2922]]></id_tag>
<id_lang><![CDATA[1]]></id_lang>
</product_tag>
<product_tag><id_product><![CDATA[1090]]></id_product>
<id_tag><![CDATA[2922]]></id_tag>
<id_lang><![CDATA[1]]></id_lang>
</product_tag>
<product_tag><id_product><![CDATA[4145]]></id_product>
<id_tag><![CDATA[2922]]></id_tag>
<id_lang><![CDATA[1]]></id_lang>
</product_tag>
<product_tag><id_product><![CDATA[4173]]></id_product>
<id_tag><![CDATA[2922]]></id_tag>
<id_lang><![CDATA[1]]></id_lang>
</product_tag>
<product_tag><id_product><![CDATA[79]]></id_product>
<id_tag><![CDATA[2924]]></id_tag>
<id_lang><![CDATA[1]]></id_lang>
</product_tag>
<product_tag><id_product><![CDATA[268]]></id_product>
<id_tag><![CDATA[2924]]></id_tag>
<id_lang><![CDATA[1]]></id_lang>
</product_tag>
<product_tag><id_product><![CDATA[290]]></id_product>
<id_tag><![CDATA[2924]]></id_tag>
<id_lang><![CDATA[1]]></id_lang>
</product_tag>
<product_tag><id_product><![CDATA[299]]></id_product>
<id_tag><![CDATA[2924]]></id_tag>
<id_lang><![CDATA[1]]></id_lang>
</product_tag>
<product_tag><id_product><![CDATA[350]]></id_product>
<id_tag><![CDATA[2924]]></id_tag>
<id_lang><![CDATA[1]]></id_lang>
</product_tag>
<product_tag><id_product><![CDATA[611]]></id_product>
<id_tag><![CDATA[2924]]></id_tag>
<id_lang><![CDATA[1]]></id_lang>
</product_tag>
<product_tag><id_product><![CDATA[616]]></id_product>
<id_tag><![CDATA[2924]]></id_tag>
<id_lang><![CDATA[1]]></id_lang>
</product_tag>
<product_tag><id_product><![CDATA[643]]></id_product>
<id_tag><![CDATA[2924]]></id_tag>
<id_lang><![CDATA[1]]></id_lang>
</product_tag>
<product_tag><id_product><![CDATA[644]]></id_product>
<id_tag><![CDATA[2924]]></id_tag>
<id_lang><![CDATA[1]]></id_lang>
</product_tag>
<product_tag><id_product><![CDATA[647]]></id_product>
<id_tag><![CDATA[2924]]></id_tag>
<id_lang><![CDATA[1]]></id_lang>
</product_tag>
<product_tag><id_product><![CDATA[649]]></id_product>
<id_tag><![CDATA[2924]]></id_tag>
<id_lang><![CDATA[1]]></id_lang>
</product_tag>
<product_tag><id_product><![CDATA[664]]></id_product>
<id_tag><![CDATA[2924]]></id_tag>
<id_lang><![CDATA[1]]></id_lang>
</product_tag>
<product_tag><id_product><![CDATA[701]]></id_product>
<id_tag><![CDATA[2924]]></id_tag>
<id_lang><![CDATA[1]]></id_lang>
</product_tag>
<product_tag><id_product><![CDATA[702]]></id_product>
<id_tag><![CDATA[2924]]></id_tag>
<id_lang><![CDATA[1]]></id_lang>
</product_tag>
<product_tag><id_product><![CDATA[705]]></id_product>
<id_tag><![CDATA[2924]]></id_tag>
<id_lang><![CDATA[1]]></id_lang>
</product_tag>
<product_tag><id_product><![CDATA[707]]></id_product>
<id_tag><![CDATA[2924]]></id_tag>
<id_lang><![CDATA[1]]></id_lang>
</product_tag>
<product_tag><id_product><![CDATA[722]]></id_product>
<id_tag><![CDATA[2924]]></id_tag>
<id_lang><![CDATA[1]]></id_lang>
</product_tag>
<product_tag><id_product><![CDATA[759]]></id_product>
<id_tag><![CDATA[2924]]></id_tag>
<id_lang><![CDATA[1]]></id_lang>
</product_tag>
<product_tag><id_product><![CDATA[760]]></id_product>
<id_tag><![CDATA[2924]]></id_tag>
<id_lang><![CDATA[1]]></id_lang>
</product_tag>
<product_tag><id_product><![CDATA[763]]></id_product>
<id_tag><![CDATA[2924]]></id_tag>
<id_lang><![CDATA[1]]></id_lang>
</product_tag>
<product_tag><id_product><![CDATA[765]]></id_product>
<id_tag><![CDATA[2924]]></id_tag>
<id_lang><![CDATA[1]]></id_lang>
</product_tag>
<product_tag><id_product><![CDATA[780]]></id_product>
<id_tag><![CDATA[2924]]></id_tag>
<id_lang><![CDATA[1]]></id_lang>
</product_tag>
<product_tag><id_product><![CDATA[786]]></id_product>
<id_tag><![CDATA[2924]]></id_tag>
<id_lang><![CDATA[1]]></id_lang>
</product_tag>
<product_tag><id_product><![CDATA[787]]></id_product>
<id_tag><![CDATA[2924]]></id_tag>
<id_lang><![CDATA[1]]></id_lang>
</product_tag>
<product_tag><id_product><![CDATA[792]]></id_product>
<id_tag><![CDATA[2924]]></id_tag>
<id_lang><![CDATA[1]]></id_lang>
</product_tag>
<product_tag><id_product><![CDATA[797]]></id_product>
<id_tag><![CDATA[2924]]></id_tag>
<id_lang><![CDATA[1]]></id_lang>
</product_tag>
<product_tag><id_product><![CDATA[798]]></id_product>
<id_tag><![CDATA[2924]]></id_tag>
<id_lang><![CDATA[1]]></id_lang>
</product_tag>
<product_tag><id_product><![CDATA[922]]></id_product>
<id_tag><![CDATA[2924]]></id_tag>
<id_lang><![CDATA[1]]></id_lang>
</product_tag>
<product_tag><id_product><![CDATA[970]]></id_product>
<id_tag><![CDATA[2924]]></id_tag>
<id_lang><![CDATA[1]]></id_lang>
</product_tag>
<product_tag><id_product><![CDATA[974]]></id_product>
<id_tag><![CDATA[2924]]></id_tag>
<id_lang><![CDATA[1]]></id_lang>
</product_tag>
<product_tag><id_product><![CDATA[996]]></id_product>
<id_tag><![CDATA[2924]]></id_tag>
<id_lang><![CDATA[1]]></id_lang>
</product_tag>
<product_tag><id_product><![CDATA[1018]]></id_product>
<id_tag><![CDATA[2924]]></id_tag>
<id_lang><![CDATA[1]]></id_lang>
</product_tag>
<product_tag><id_product><![CDATA[1074]]></id_product>
<id_tag><![CDATA[2924]]></id_tag>
<id_lang><![CDATA[1]]></id_lang>
</product_tag>
<product_tag><id_product><![CDATA[4144]]></id_product>
<id_tag><![CDATA[2924]]></id_tag>
<id_lang><![CDATA[1]]></id_lang>
</product_tag>
<product_tag><id_product><![CDATA[4148]]></id_product>
<id_tag><![CDATA[2924]]></id_tag>
<id_lang><![CDATA[1]]></id_lang>
</product_tag>
<product_tag><id_product><![CDATA[4169]]></id_product>
<id_tag><![CDATA[2924]]></id_tag>
<id_lang><![CDATA[1]]></id_lang>
</product_tag>
<product_tag><id_product><![CDATA[4171]]></id_product>
<id_tag><![CDATA[2924]]></id_tag>
<id_lang><![CDATA[1]]></id_lang>
</product_tag>
<product_tag><id_product><![CDATA[135]]></id_product>
<id_tag><![CDATA[2925]]></id_tag>
<id_lang><![CDATA[1]]></id_lang>
</product_tag>
<product_tag><id_product><![CDATA[138]]></id_product>
<id_tag><![CDATA[2925]]></id_tag>
<id_lang><![CDATA[1]]></id_lang>
</product_tag>
<product_tag><id_product><![CDATA[139]]></id_product>
<id_tag><![CDATA[2925]]></id_tag>
<id_lang><![CDATA[1]]></id_lang>
</product_tag>
<product_tag><id_product><![CDATA[140]]></id_product>
<id_tag><![CDATA[2925]]></id_tag>
<id_lang><![CDATA[1]]></id_lang>
</product_tag>
<product_tag><id_product><![CDATA[141]]></id_product>
<id_tag><![CDATA[2925]]></id_tag>
<id_lang><![CDATA[1]]></id_lang>
</product_tag>
<product_tag><id_product><![CDATA[268]]></id_product>
<id_tag><![CDATA[2925]]></id_tag>
<id_lang><![CDATA[1]]></id_lang>
</product_tag>
<product_tag><id_product><![CDATA[350]]></id_product>
<id_tag><![CDATA[2925]]></id_tag>
<id_lang><![CDATA[1]]></id_lang>
</product_tag>
<product_tag><id_product><![CDATA[643]]></id_product>
<id_tag><![CDATA[2925]]></id_tag>
<id_lang><![CDATA[1]]></id_lang>
</product_tag>
<product_tag><id_product><![CDATA[644]]></id_product>
<id_tag><![CDATA[2925]]></id_tag>
<id_lang><![CDATA[1]]></id_lang>
</product_tag>
<product_tag><id_product><![CDATA[664]]></id_product>
<id_tag><![CDATA[2925]]></id_tag>
<id_lang><![CDATA[1]]></id_lang>
</product_tag>
<product_tag><id_product><![CDATA[701]]></id_product>
<id_tag><![CDATA[2925]]></id_tag>
<id_lang><![CDATA[1]]></id_lang>
</product_tag>
<product_tag><id_product><![CDATA[702]]></id_product>
<id_tag><![CDATA[2925]]></id_tag>
<id_lang><![CDATA[1]]></id_lang>
</product_tag>
<product_tag><id_product><![CDATA[722]]></id_product>
<id_tag><![CDATA[2925]]></id_tag>
<id_lang><![CDATA[1]]></id_lang>
</product_tag>
<product_tag><id_product><![CDATA[759]]></id_product>
<id_tag><![CDATA[2925]]></id_tag>
<id_lang><![CDATA[1]]></id_lang>
</product_tag>
<product_tag><id_product><![CDATA[760]]></id_product>
<id_tag><![CDATA[2925]]></id_tag>
<id_lang><![CDATA[1]]></id_lang>
</product_tag>
<product_tag><id_product><![CDATA[780]]></id_product>
<id_tag><![CDATA[2925]]></id_tag>
<id_lang><![CDATA[1]]></id_lang>
</product_tag>
<product_tag><id_product><![CDATA[797]]></id_product>
<id_tag><![CDATA[2925]]></id_tag>
<id_lang><![CDATA[1]]></id_lang>
</product_tag>
<product_tag><id_product><![CDATA[798]]></id_product>
<id_tag><![CDATA[2925]]></id_tag>
<id_lang><![CDATA[1]]></id_lang>
</product_tag>
<product_tag><id_product><![CDATA[916]]></id_product>
<id_tag><![CDATA[2925]]></id_tag>
<id_lang><![CDATA[1]]></id_lang>
</product_tag>
<product_tag><id_product><![CDATA[987]]></id_product>
<id_tag><![CDATA[2925]]></id_tag>
<id_lang><![CDATA[1]]></id_lang>
</product_tag>
<product_tag><id_product><![CDATA[4173]]></id_product>
<id_tag><![CDATA[2925]]></id_tag>
<id_lang><![CDATA[1]]></id_lang>
</product_tag>
<product_tag><id_product><![CDATA[278]]></id_product>
<id_tag><![CDATA[2929]]></id_tag>
<id_lang><![CDATA[1]]></id_lang>
</product_tag>
<product_tag><id_product><![CDATA[309]]></id_product>
<id_tag><![CDATA[2929]]></id_tag>
<id_lang><![CDATA[1]]></id_lang>
</product_tag>
<product_tag><id_product><![CDATA[645]]></id_product>
<id_tag><![CDATA[2929]]></id_tag>
<id_lang><![CDATA[1]]></id_lang>
</product_tag>
<product_tag><id_product><![CDATA[651]]></id_product>
<id_tag><![CDATA[2929]]></id_tag>
<id_lang><![CDATA[1]]></id_lang>
</product_tag>
<product_tag><id_product><![CDATA[703]]></id_product>
<id_tag><![CDATA[2929]]></id_tag>
<id_lang><![CDATA[1]]></id_lang>
</product_tag>
<product_tag><id_product><![CDATA[709]]></id_product>
<id_tag><![CDATA[2929]]></id_tag>
<id_lang><![CDATA[1]]></id_lang>
</product_tag>
<product_tag><id_product><![CDATA[761]]></id_product>
<id_tag><![CDATA[2929]]></id_tag>
<id_lang><![CDATA[1]]></id_lang>
</product_tag>
<product_tag><id_product><![CDATA[767]]></id_product>
<id_tag><![CDATA[2929]]></id_tag>
<id_lang><![CDATA[1]]></id_lang>
</product_tag>
<product_tag><id_product><![CDATA[805]]></id_product>
<id_tag><![CDATA[2929]]></id_tag>
<id_lang><![CDATA[1]]></id_lang>
</product_tag>
<product_tag><id_product><![CDATA[807]]></id_product>
<id_tag><![CDATA[2929]]></id_tag>
<id_lang><![CDATA[1]]></id_lang>
</product_tag>
<product_tag><id_product><![CDATA[814]]></id_product>
<id_tag><![CDATA[2929]]></id_tag>
<id_lang><![CDATA[1]]></id_lang>
</product_tag>
<product_tag><id_product><![CDATA[817]]></id_product>
<id_tag><![CDATA[2929]]></id_tag>
<id_lang><![CDATA[1]]></id_lang>
</product_tag>
<product_tag><id_product><![CDATA[820]]></id_product>
<id_tag><![CDATA[2929]]></id_tag>
<id_lang><![CDATA[1]]></id_lang>
</product_tag>
<product_tag><id_product><![CDATA[823]]></id_product>
<id_tag><![CDATA[2929]]></id_tag>
<id_lang><![CDATA[1]]></id_lang>
</product_tag>
<product_tag><id_product><![CDATA[827]]></id_product>
<id_tag><![CDATA[2929]]></id_tag>
<id_lang><![CDATA[1]]></id_lang>
</product_tag>
<product_tag><id_product><![CDATA[835]]></id_product>
<id_tag><![CDATA[2929]]></id_tag>
<id_lang><![CDATA[1]]></id_lang>
</product_tag>
<product_tag><id_product><![CDATA[840]]></id_product>
<id_tag><![CDATA[2929]]></id_tag>
<id_lang><![CDATA[1]]></id_lang>
</product_tag>
<product_tag><id_product><![CDATA[847]]></id_product>
<id_tag><![CDATA[2929]]></id_tag>
<id_lang><![CDATA[1]]></id_lang>
</product_tag>
<product_tag><id_product><![CDATA[869]]></id_product>
<id_tag><![CDATA[2929]]></id_tag>
<id_lang><![CDATA[1]]></id_lang>
</product_tag>
<product_tag><id_product><![CDATA[881]]></id_product>
<id_tag><![CDATA[2929]]></id_tag>
<id_lang><![CDATA[1]]></id_lang>
</product_tag>
<product_tag><id_product><![CDATA[941]]></id_product>
<id_tag><![CDATA[2929]]></id_tag>
<id_lang><![CDATA[1]]></id_lang>
</product_tag>
<product_tag><id_product><![CDATA[946]]></id_product>
<id_tag><![CDATA[2929]]></id_tag>
<id_lang><![CDATA[1]]></id_lang>
</product_tag>
<product_tag><id_product><![CDATA[960]]></id_product>
<id_tag><![CDATA[2929]]></id_tag>
<id_lang><![CDATA[1]]></id_lang>
</product_tag>
<product_tag><id_product><![CDATA[984]]></id_product>
<id_tag><![CDATA[2929]]></id_tag>
<id_lang><![CDATA[1]]></id_lang>
</product_tag>
<product_tag><id_product><![CDATA[994]]></id_product>
<id_tag><![CDATA[2929]]></id_tag>
<id_lang><![CDATA[1]]></id_lang>
</product_tag>
<product_tag><id_product><![CDATA[1009]]></id_product>
<id_tag><![CDATA[2929]]></id_tag>
<id_lang><![CDATA[1]]></id_lang>
</product_tag>
<product_tag><id_product><![CDATA[1059]]></id_product>
<id_tag><![CDATA[2929]]></id_tag>
<id_lang><![CDATA[1]]></id_lang>
</product_tag>
<product_tag><id_product><![CDATA[1061]]></id_product>
<id_tag><![CDATA[2929]]></id_tag>
<id_lang><![CDATA[1]]></id_lang>
</product_tag>
<product_tag><id_product><![CDATA[1063]]></id_product>
<id_tag><![CDATA[2929]]></id_tag>
<id_lang><![CDATA[1]]></id_lang>
</product_tag>
<product_tag><id_product><![CDATA[1065]]></id_product>
<id_tag><![CDATA[2929]]></id_tag>
<id_lang><![CDATA[1]]></id_lang>
</product_tag>
<product_tag><id_product><![CDATA[1066]]></id_product>
<id_tag><![CDATA[2929]]></id_tag>
<id_lang><![CDATA[1]]></id_lang>
</product_tag>
<product_tag><id_product><![CDATA[1068]]></id_product>
<id_tag><![CDATA[2929]]></id_tag>
<id_lang><![CDATA[1]]></id_lang>
</product_tag>
<product_tag><id_product><![CDATA[3055]]></id_product>
<id_tag><![CDATA[2929]]></id_tag>
<id_lang><![CDATA[1]]></id_lang>
</product_tag>
<product_tag><id_product><![CDATA[278]]></id_product>
<id_tag><![CDATA[2930]]></id_tag>
<id_lang><![CDATA[1]]></id_lang>
</product_tag>
<product_tag><id_product><![CDATA[534]]></id_product>
<id_tag><![CDATA[2930]]></id_tag>
<id_lang><![CDATA[1]]></id_lang>
</product_tag>
<product_tag><id_product><![CDATA[535]]></id_product>
<id_tag><![CDATA[2930]]></id_tag>
<id_lang><![CDATA[1]]></id_lang>
</product_tag>
<product_tag><id_product><![CDATA[537]]></id_product>
<id_tag><![CDATA[2930]]></id_tag>
<id_lang><![CDATA[1]]></id_lang>
</product_tag>
<product_tag><id_product><![CDATA[538]]></id_product>
<id_tag><![CDATA[2930]]></id_tag>
<id_lang><![CDATA[1]]></id_lang>
</product_tag>
<product_tag><id_product><![CDATA[539]]></id_product>
<id_tag><![CDATA[2930]]></id_tag>
<id_lang><![CDATA[1]]></id_lang>
</product_tag>
<product_tag><id_product><![CDATA[540]]></id_product>
<id_tag><![CDATA[2930]]></id_tag>
<id_lang><![CDATA[1]]></id_lang>
</product_tag>
<product_tag><id_product><![CDATA[541]]></id_product>
<id_tag><![CDATA[2930]]></id_tag>
<id_lang><![CDATA[1]]></id_lang>
</product_tag>
<product_tag><id_product><![CDATA[542]]></id_product>
<id_tag><![CDATA[2930]]></id_tag>
<id_lang><![CDATA[1]]></id_lang>
</product_tag>
<product_tag><id_product><![CDATA[543]]></id_product>
<id_tag><![CDATA[2930]]></id_tag>
<id_lang><![CDATA[1]]></id_lang>
</product_tag>
<product_tag><id_product><![CDATA[544]]></id_product>
<id_tag><![CDATA[2930]]></id_tag>
<id_lang><![CDATA[1]]></id_lang>
</product_tag>
<product_tag><id_product><![CDATA[545]]></id_product>
<id_tag><![CDATA[2930]]></id_tag>
<id_lang><![CDATA[1]]></id_lang>
</product_tag>
<product_tag><id_product><![CDATA[546]]></id_product>
<id_tag><![CDATA[2930]]></id_tag>
<id_lang><![CDATA[1]]></id_lang>
</product_tag>
<product_tag><id_product><![CDATA[547]]></id_product>
<id_tag><![CDATA[2930]]></id_tag>
<id_lang><![CDATA[1]]></id_lang>
</product_tag>
<product_tag><id_product><![CDATA[550]]></id_product>
<id_tag><![CDATA[2930]]></id_tag>
<id_lang><![CDATA[1]]></id_lang>
</product_tag>
<product_tag><id_product><![CDATA[551]]></id_product>
<id_tag><![CDATA[2930]]></id_tag>
<id_lang><![CDATA[1]]></id_lang>
</product_tag>
<product_tag><id_product><![CDATA[552]]></id_product>
<id_tag><![CDATA[2930]]></id_tag>
<id_lang><![CDATA[1]]></id_lang>
</product_tag>
<product_tag><id_product><![CDATA[553]]></id_product>
<id_tag><![CDATA[2930]]></id_tag>
<id_lang><![CDATA[1]]></id_lang>
</product_tag>
<product_tag><id_product><![CDATA[554]]></id_product>
<id_tag><![CDATA[2930]]></id_tag>
<id_lang><![CDATA[1]]></id_lang>
</product_tag>
<product_tag><id_product><![CDATA[555]]></id_product>
<id_tag><![CDATA[2930]]></id_tag>
<id_lang><![CDATA[1]]></id_lang>
</product_tag>
<product_tag><id_product><![CDATA[556]]></id_product>
<id_tag><![CDATA[2930]]></id_tag>
<id_lang><![CDATA[1]]></id_lang>
</product_tag>
<product_tag><id_product><![CDATA[557]]></id_product>
<id_tag><![CDATA[2930]]></id_tag>
<id_lang><![CDATA[1]]></id_lang>
</product_tag>
<product_tag><id_product><![CDATA[558]]></id_product>
<id_tag><![CDATA[2930]]></id_tag>
<id_lang><![CDATA[1]]></id_lang>
</product_tag>
<product_tag><id_product><![CDATA[560]]></id_product>
<id_tag><![CDATA[2930]]></id_tag>
<id_lang><![CDATA[1]]></id_lang>
</product_tag>
<product_tag><id_product><![CDATA[561]]></id_product>
<id_tag><![CDATA[2930]]></id_tag>
<id_lang><![CDATA[1]]></id_lang>
</product_tag>
<product_tag><id_product><![CDATA[562]]></id_product>
<id_tag><![CDATA[2930]]></id_tag>
<id_lang><![CDATA[1]]></id_lang>
</product_tag>
<product_tag><id_product><![CDATA[645]]></id_product>
<id_tag><![CDATA[2930]]></id_tag>
<id_lang><![CDATA[1]]></id_lang>
</product_tag>
<product_tag><id_product><![CDATA[703]]></id_product>
<id_tag><![CDATA[2930]]></id_tag>
<id_lang><![CDATA[1]]></id_lang>
</product_tag>
<product_tag><id_product><![CDATA[761]]></id_product>
<id_tag><![CDATA[2930]]></id_tag>
<id_lang><![CDATA[1]]></id_lang>
</product_tag>
<product_tag><id_product><![CDATA[869]]></id_product>
<id_tag><![CDATA[2930]]></id_tag>
<id_lang><![CDATA[1]]></id_lang>
</product_tag>
<product_tag><id_product><![CDATA[881]]></id_product>
<id_tag><![CDATA[2930]]></id_tag>
<id_lang><![CDATA[1]]></id_lang>
</product_tag>
<product_tag><id_product><![CDATA[921]]></id_product>
<id_tag><![CDATA[2930]]></id_tag>
<id_lang><![CDATA[1]]></id_lang>
</product_tag>
<product_tag><id_product><![CDATA[946]]></id_product>
<id_tag><![CDATA[2930]]></id_tag>
<id_lang><![CDATA[1]]></id_lang>
</product_tag>
<product_tag><id_product><![CDATA[960]]></id_product>
<id_tag><![CDATA[2930]]></id_tag>
<id_lang><![CDATA[1]]></id_lang>
</product_tag>
<product_tag><id_product><![CDATA[994]]></id_product>
<id_tag><![CDATA[2930]]></id_tag>
<id_lang><![CDATA[1]]></id_lang>
</product_tag>
<product_tag><id_product><![CDATA[1066]]></id_product>
<id_tag><![CDATA[2930]]></id_tag>
<id_lang><![CDATA[1]]></id_lang>
</product_tag>
<product_tag><id_product><![CDATA[1105]]></id_product>
<id_tag><![CDATA[2930]]></id_tag>
<id_lang><![CDATA[1]]></id_lang>
</product_tag>
<product_tag><id_product><![CDATA[1108]]></id_product>
<id_tag><![CDATA[2930]]></id_tag>
<id_lang><![CDATA[1]]></id_lang>
</product_tag>
<product_tag><id_product><![CDATA[1109]]></id_product>
<id_tag><![CDATA[2930]]></id_tag>
<id_lang><![CDATA[1]]></id_lang>
</product_tag>
<product_tag><id_product><![CDATA[1110]]></id_product>
<id_tag><![CDATA[2930]]></id_tag>
<id_lang><![CDATA[1]]></id_lang>
</product_tag>
<product_tag><id_product><![CDATA[1111]]></id_product>
<id_tag><![CDATA[2930]]></id_tag>
<id_lang><![CDATA[1]]></id_lang>
</product_tag>
<product_tag><id_product><![CDATA[1112]]></id_product>
<id_tag><![CDATA[2930]]></id_tag>
<id_lang><![CDATA[1]]></id_lang>
</product_tag>
<product_tag><id_product><![CDATA[1113]]></id_product>
<id_tag><![CDATA[2930]]></id_tag>
<id_lang><![CDATA[1]]></id_lang>
</product_tag>
<product_tag><id_product><![CDATA[1114]]></id_product>
<id_tag><![CDATA[2930]]></id_tag>
<id_lang><![CDATA[1]]></id_lang>
</product_tag>
<product_tag><id_product><![CDATA[1115]]></id_product>
<id_tag><![CDATA[2930]]></id_tag>
<id_lang><![CDATA[1]]></id_lang>
</product_tag>
<product_tag><id_product><![CDATA[1185]]></id_product>
<id_tag><![CDATA[2930]]></id_tag>
<id_lang><![CDATA[1]]></id_lang>
</product_tag>
<product_tag><id_product><![CDATA[1404]]></id_product>
<id_tag><![CDATA[2930]]></id_tag>
<id_lang><![CDATA[1]]></id_lang>
</product_tag>
<product_tag><id_product><![CDATA[1414]]></id_product>
<id_tag><![CDATA[2930]]></id_tag>
<id_lang><![CDATA[1]]></id_lang>
</product_tag>
<product_tag><id_product><![CDATA[1425]]></id_product>
<id_tag><![CDATA[2930]]></id_tag>
<id_lang><![CDATA[1]]></id_lang>
</product_tag>
<product_tag><id_product><![CDATA[1429]]></id_product>
<id_tag><![CDATA[2930]]></id_tag>
<id_lang><![CDATA[1]]></id_lang>
</product_tag>
<product_tag><id_product><![CDATA[1430]]></id_product>
<id_tag><![CDATA[2930]]></id_tag>
<id_lang><![CDATA[1]]></id_lang>
</product_tag>
<product_tag><id_product><![CDATA[1663]]></id_product>
<id_tag><![CDATA[2930]]></id_tag>
<id_lang><![CDATA[1]]></id_lang>
</product_tag>
<product_tag><id_product><![CDATA[2672]]></id_product>
<id_tag><![CDATA[2930]]></id_tag>
<id_lang><![CDATA[1]]></id_lang>
</product_tag>
<product_tag><id_product><![CDATA[2687]]></id_product>
<id_tag><![CDATA[2930]]></id_tag>
<id_lang><![CDATA[1]]></id_lang>
</product_tag>
<product_tag><id_product><![CDATA[3200]]></id_product>
<id_tag><![CDATA[2930]]></id_tag>
<id_lang><![CDATA[1]]></id_lang>
</product_tag>
<product_tag><id_product><![CDATA[3202]]></id_product>
<id_tag><![CDATA[2930]]></id_tag>
<id_lang><![CDATA[1]]></id_lang>
</product_tag>
<product_tag><id_product><![CDATA[3275]]></id_product>
<id_tag><![CDATA[2930]]></id_tag>
<id_lang><![CDATA[1]]></id_lang>
</product_tag>
<product_tag><id_product><![CDATA[3332]]></id_product>
<id_tag><![CDATA[2930]]></id_tag>
<id_lang><![CDATA[1]]></id_lang>
</product_tag>
<product_tag><id_product><![CDATA[3437]]></id_product>
<id_tag><![CDATA[2930]]></id_tag>
<id_lang><![CDATA[1]]></id_lang>
</product_tag>
<product_tag><id_product><![CDATA[3556]]></id_product>
<id_tag><![CDATA[2930]]></id_tag>
<id_lang><![CDATA[1]]></id_lang>
</product_tag>
<product_tag><id_product><![CDATA[212]]></id_product>
<id_tag><![CDATA[2936]]></id_tag>
<id_lang><![CDATA[1]]></id_lang>
</product_tag>
<product_tag><id_product><![CDATA[213]]></id_product>
<id_tag><![CDATA[2936]]></id_tag>
<id_lang><![CDATA[1]]></id_lang>
</product_tag>
<product_tag><id_product><![CDATA[214]]></id_product>
<id_tag><![CDATA[2936]]></id_tag>
<id_lang><![CDATA[1]]></id_lang>
</product_tag>
<product_tag><id_product><![CDATA[215]]></id_product>
<id_tag><![CDATA[2936]]></id_tag>
<id_lang><![CDATA[1]]></id_lang>
</product_tag>
<product_tag><id_product><![CDATA[290]]></id_product>
<id_tag><![CDATA[2936]]></id_tag>
<id_lang><![CDATA[1]]></id_lang>
</product_tag>
<product_tag><id_product><![CDATA[299]]></id_product>
<id_tag><![CDATA[2936]]></id_tag>
<id_lang><![CDATA[1]]></id_lang>
</product_tag>
<product_tag><id_product><![CDATA[324]]></id_product>
<id_tag><![CDATA[2936]]></id_tag>
<id_lang><![CDATA[1]]></id_lang>
</product_tag>
<product_tag><id_product><![CDATA[332]]></id_product>
<id_tag><![CDATA[2936]]></id_tag>
<id_lang><![CDATA[1]]></id_lang>
</product_tag>
<product_tag><id_product><![CDATA[467]]></id_product>
<id_tag><![CDATA[2936]]></id_tag>
<id_lang><![CDATA[1]]></id_lang>
</product_tag>
<product_tag><id_product><![CDATA[468]]></id_product>
<id_tag><![CDATA[2936]]></id_tag>
<id_lang><![CDATA[1]]></id_lang>
</product_tag>
<product_tag><id_product><![CDATA[469]]></id_product>
<id_tag><![CDATA[2936]]></id_tag>
<id_lang><![CDATA[1]]></id_lang>
</product_tag>
<product_tag><id_product><![CDATA[471]]></id_product>
<id_tag><![CDATA[2936]]></id_tag>
<id_lang><![CDATA[1]]></id_lang>
</product_tag>
<product_tag><id_product><![CDATA[472]]></id_product>
<id_tag><![CDATA[2936]]></id_tag>
<id_lang><![CDATA[1]]></id_lang>
</product_tag>
<product_tag><id_product><![CDATA[477]]></id_product>
<id_tag><![CDATA[2936]]></id_tag>
<id_lang><![CDATA[1]]></id_lang>
</product_tag>
<product_tag><id_product><![CDATA[478]]></id_product>
<id_tag><![CDATA[2936]]></id_tag>
<id_lang><![CDATA[1]]></id_lang>
</product_tag>
<product_tag><id_product><![CDATA[489]]></id_product>
<id_tag><![CDATA[2936]]></id_tag>
<id_lang><![CDATA[1]]></id_lang>
</product_tag>
<product_tag><id_product><![CDATA[501]]></id_product>
<id_tag><![CDATA[2936]]></id_tag>
<id_lang><![CDATA[1]]></id_lang>
</product_tag>
<product_tag><id_product><![CDATA[502]]></id_product>
<id_tag><![CDATA[2936]]></id_tag>
<id_lang><![CDATA[1]]></id_lang>
</product_tag>
<product_tag><id_product><![CDATA[509]]></id_product>
<id_tag><![CDATA[2936]]></id_tag>
<id_lang><![CDATA[1]]></id_lang>
</product_tag>
<product_tag><id_product><![CDATA[518]]></id_product>
<id_tag><![CDATA[2936]]></id_tag>
<id_lang><![CDATA[1]]></id_lang>
</product_tag>
<product_tag><id_product><![CDATA[525]]></id_product>
<id_tag><![CDATA[2936]]></id_tag>
<id_lang><![CDATA[1]]></id_lang>
</product_tag>
<product_tag><id_product><![CDATA[647]]></id_product>
<id_tag><![CDATA[2936]]></id_tag>
<id_lang><![CDATA[1]]></id_lang>
</product_tag>
<product_tag><id_product><![CDATA[649]]></id_product>
<id_tag><![CDATA[2936]]></id_tag>
<id_lang><![CDATA[1]]></id_lang>
</product_tag>
<product_tag><id_product><![CDATA[656]]></id_product>
<id_tag><![CDATA[2936]]></id_tag>
<id_lang><![CDATA[1]]></id_lang>
</product_tag>
<product_tag><id_product><![CDATA[658]]></id_product>
<id_tag><![CDATA[2936]]></id_tag>
<id_lang><![CDATA[1]]></id_lang>
</product_tag>
<product_tag><id_product><![CDATA[705]]></id_product>
<id_tag><![CDATA[2936]]></id_tag>
<id_lang><![CDATA[1]]></id_lang>
</product_tag>
<product_tag><id_product><![CDATA[707]]></id_product>
<id_tag><![CDATA[2936]]></id_tag>
<id_lang><![CDATA[1]]></id_lang>
</product_tag>
<product_tag><id_product><![CDATA[714]]></id_product>
<id_tag><![CDATA[2936]]></id_tag>
<id_lang><![CDATA[1]]></id_lang>
</product_tag>
<product_tag><id_product><![CDATA[716]]></id_product>
<id_tag><![CDATA[2936]]></id_tag>
<id_lang><![CDATA[1]]></id_lang>
</product_tag>
<product_tag><id_product><![CDATA[763]]></id_product>
<id_tag><![CDATA[2936]]></id_tag>
<id_lang><![CDATA[1]]></id_lang>
</product_tag>
<product_tag><id_product><![CDATA[765]]></id_product>
<id_tag><![CDATA[2936]]></id_tag>
<id_lang><![CDATA[1]]></id_lang>
</product_tag>
<product_tag><id_product><![CDATA[772]]></id_product>
<id_tag><![CDATA[2936]]></id_tag>
<id_lang><![CDATA[1]]></id_lang>
</product_tag>
<product_tag><id_product><![CDATA[774]]></id_product>
<id_tag><![CDATA[2936]]></id_tag>
<id_lang><![CDATA[1]]></id_lang>
</product_tag>
<product_tag><id_product><![CDATA[806]]></id_product>
<id_tag><![CDATA[2936]]></id_tag>
<id_lang><![CDATA[1]]></id_lang>
</product_tag>
<product_tag><id_product><![CDATA[808]]></id_product>
<id_tag><![CDATA[2936]]></id_tag>
<id_lang><![CDATA[1]]></id_lang>
</product_tag>
<product_tag><id_product><![CDATA[810]]></id_product>
<id_tag><![CDATA[2936]]></id_tag>
<id_lang><![CDATA[1]]></id_lang>
</product_tag>
<product_tag><id_product><![CDATA[828]]></id_product>
<id_tag><![CDATA[2936]]></id_tag>
<id_lang><![CDATA[1]]></id_lang>
</product_tag>
<product_tag><id_product><![CDATA[836]]></id_product>
<id_tag><![CDATA[2936]]></id_tag>
<id_lang><![CDATA[1]]></id_lang>
</product_tag>
<product_tag><id_product><![CDATA[841]]></id_product>
<id_tag><![CDATA[2936]]></id_tag>
<id_lang><![CDATA[1]]></id_lang>
</product_tag>
<product_tag><id_product><![CDATA[848]]></id_product>
<id_tag><![CDATA[2936]]></id_tag>
<id_lang><![CDATA[1]]></id_lang>
</product_tag>
<product_tag><id_product><![CDATA[1132]]></id_product>
<id_tag><![CDATA[2936]]></id_tag>
<id_lang><![CDATA[1]]></id_lang>
</product_tag>
<product_tag><id_product><![CDATA[1147]]></id_product>
<id_tag><![CDATA[2936]]></id_tag>
<id_lang><![CDATA[1]]></id_lang>
</product_tag>
<product_tag><id_product><![CDATA[1148]]></id_product>
<id_tag><![CDATA[2936]]></id_tag>
<id_lang><![CDATA[1]]></id_lang>
</product_tag>
<product_tag><id_product><![CDATA[1165]]></id_product>
<id_tag><![CDATA[2936]]></id_tag>
<id_lang><![CDATA[1]]></id_lang>
</product_tag>
<product_tag><id_product><![CDATA[1193]]></id_product>
<id_tag><![CDATA[2936]]></id_tag>
<id_lang><![CDATA[1]]></id_lang>
</product_tag>
<product_tag><id_product><![CDATA[1194]]></id_product>
<id_tag><![CDATA[2936]]></id_tag>
<id_lang><![CDATA[1]]></id_lang>
</product_tag>
<product_tag><id_product><![CDATA[1195]]></id_product>
<id_tag><![CDATA[2936]]></id_tag>
<id_lang><![CDATA[1]]></id_lang>
</product_tag>
<product_tag><id_product><![CDATA[1196]]></id_product>
<id_tag><![CDATA[2936]]></id_tag>
<id_lang><![CDATA[1]]></id_lang>
</product_tag>
<product_tag><id_product><![CDATA[1197]]></id_product>
<id_tag><![CDATA[2936]]></id_tag>
<id_lang><![CDATA[1]]></id_lang>
</product_tag>
<product_tag><id_product><![CDATA[1198]]></id_product>
<id_tag><![CDATA[2936]]></id_tag>
<id_lang><![CDATA[1]]></id_lang>
</product_tag>
<product_tag><id_product><![CDATA[1199]]></id_product>
<id_tag><![CDATA[2936]]></id_tag>
<id_lang><![CDATA[1]]></id_lang>
</product_tag>
<product_tag><id_product><![CDATA[1200]]></id_product>
<id_tag><![CDATA[2936]]></id_tag>
<id_lang><![CDATA[1]]></id_lang>
</product_tag>
<product_tag><id_product><![CDATA[1201]]></id_product>
<id_tag><![CDATA[2936]]></id_tag>
<id_lang><![CDATA[1]]></id_lang>
</product_tag>
<product_tag><id_product><![CDATA[1202]]></id_product>
<id_tag><![CDATA[2936]]></id_tag>
<id_lang><![CDATA[1]]></id_lang>
</product_tag>
<product_tag><id_product><![CDATA[1203]]></id_product>
<id_tag><![CDATA[2936]]></id_tag>
<id_lang><![CDATA[1]]></id_lang>
</product_tag>
<product_tag><id_product><![CDATA[1205]]></id_product>
<id_tag><![CDATA[2936]]></id_tag>
<id_lang><![CDATA[1]]></id_lang>
</product_tag>
<product_tag><id_product><![CDATA[1206]]></id_product>
<id_tag><![CDATA[2936]]></id_tag>
<id_lang><![CDATA[1]]></id_lang>
</product_tag>
<product_tag><id_product><![CDATA[1207]]></id_product>
<id_tag><![CDATA[2936]]></id_tag>
<id_lang><![CDATA[1]]></id_lang>
</product_tag>
<product_tag><id_product><![CDATA[1317]]></id_product>
<id_tag><![CDATA[2936]]></id_tag>
<id_lang><![CDATA[1]]></id_lang>
</product_tag>
<product_tag><id_product><![CDATA[1330]]></id_product>
<id_tag><![CDATA[2936]]></id_tag>
<id_lang><![CDATA[1]]></id_lang>
</product_tag>
<product_tag><id_product><![CDATA[1348]]></id_product>
<id_tag><![CDATA[2936]]></id_tag>
<id_lang><![CDATA[1]]></id_lang>
</product_tag>
<product_tag><id_product><![CDATA[1349]]></id_product>
<id_tag><![CDATA[2936]]></id_tag>
<id_lang><![CDATA[1]]></id_lang>
</product_tag>
<product_tag><id_product><![CDATA[1473]]></id_product>
<id_tag><![CDATA[2936]]></id_tag>
<id_lang><![CDATA[1]]></id_lang>
</product_tag>
<product_tag><id_product><![CDATA[1497]]></id_product>
<id_tag><![CDATA[2936]]></id_tag>
<id_lang><![CDATA[1]]></id_lang>
</product_tag>
<product_tag><id_product><![CDATA[4145]]></id_product>
<id_tag><![CDATA[2936]]></id_tag>
<id_lang><![CDATA[1]]></id_lang>
</product_tag>
<product_tag><id_product><![CDATA[4149]]></id_product>
<id_tag><![CDATA[2936]]></id_tag>
<id_lang><![CDATA[1]]></id_lang>
</product_tag>
<product_tag><id_product><![CDATA[4170]]></id_product>
<id_tag><![CDATA[2936]]></id_tag>
<id_lang><![CDATA[1]]></id_lang>
</product_tag>
<product_tag><id_product><![CDATA[299]]></id_product>
<id_tag><![CDATA[2940]]></id_tag>
<id_lang><![CDATA[1]]></id_lang>
</product_tag>
<product_tag><id_product><![CDATA[332]]></id_product>
<id_tag><![CDATA[2940]]></id_tag>
<id_lang><![CDATA[1]]></id_lang>
</product_tag>
<product_tag><id_product><![CDATA[649]]></id_product>
<id_tag><![CDATA[2940]]></id_tag>
<id_lang><![CDATA[1]]></id_lang>
</product_tag>
<product_tag><id_product><![CDATA[658]]></id_product>
<id_tag><![CDATA[2940]]></id_tag>
<id_lang><![CDATA[1]]></id_lang>
</product_tag>
<product_tag><id_product><![CDATA[707]]></id_product>
<id_tag><![CDATA[2940]]></id_tag>
<id_lang><![CDATA[1]]></id_lang>
</product_tag>
<product_tag><id_product><![CDATA[716]]></id_product>
<id_tag><![CDATA[2940]]></id_tag>
<id_lang><![CDATA[1]]></id_lang>
</product_tag>
<product_tag><id_product><![CDATA[765]]></id_product>
<id_tag><![CDATA[2940]]></id_tag>
<id_lang><![CDATA[1]]></id_lang>
</product_tag>
<product_tag><id_product><![CDATA[774]]></id_product>
<id_tag><![CDATA[2940]]></id_tag>
<id_lang><![CDATA[1]]></id_lang>
</product_tag>
<product_tag><id_product><![CDATA[299]]></id_product>
<id_tag><![CDATA[2941]]></id_tag>
<id_lang><![CDATA[1]]></id_lang>
</product_tag>
<product_tag><id_product><![CDATA[332]]></id_product>
<id_tag><![CDATA[2941]]></id_tag>
<id_lang><![CDATA[1]]></id_lang>
</product_tag>
<product_tag><id_product><![CDATA[649]]></id_product>
<id_tag><![CDATA[2941]]></id_tag>
<id_lang><![CDATA[1]]></id_lang>
</product_tag>
<product_tag><id_product><![CDATA[658]]></id_product>
<id_tag><![CDATA[2941]]></id_tag>
<id_lang><![CDATA[1]]></id_lang>
</product_tag>
<product_tag><id_product><![CDATA[707]]></id_product>
<id_tag><![CDATA[2941]]></id_tag>
<id_lang><![CDATA[1]]></id_lang>
</product_tag>
<product_tag><id_product><![CDATA[716]]></id_product>
<id_tag><![CDATA[2941]]></id_tag>
<id_lang><![CDATA[1]]></id_lang>
</product_tag>
<product_tag><id_product><![CDATA[765]]></id_product>
<id_tag><![CDATA[2941]]></id_tag>
<id_lang><![CDATA[1]]></id_lang>
</product_tag>
<product_tag><id_product><![CDATA[774]]></id_product>
<id_tag><![CDATA[2941]]></id_tag>
<id_lang><![CDATA[1]]></id_lang>
</product_tag>
<product_tag><id_product><![CDATA[806]]></id_product>
<id_tag><![CDATA[2941]]></id_tag>
<id_lang><![CDATA[1]]></id_lang>
</product_tag>
<product_tag><id_product><![CDATA[808]]></id_product>
<id_tag><![CDATA[2941]]></id_tag>
<id_lang><![CDATA[1]]></id_lang>
</product_tag>
<product_tag><id_product><![CDATA[810]]></id_product>
<id_tag><![CDATA[2941]]></id_tag>
<id_lang><![CDATA[1]]></id_lang>
</product_tag>
<product_tag><id_product><![CDATA[828]]></id_product>
<id_tag><![CDATA[2941]]></id_tag>
<id_lang><![CDATA[1]]></id_lang>
</product_tag>
<product_tag><id_product><![CDATA[836]]></id_product>
<id_tag><![CDATA[2941]]></id_tag>
<id_lang><![CDATA[1]]></id_lang>
</product_tag>
<product_tag><id_product><![CDATA[841]]></id_product>
<id_tag><![CDATA[2941]]></id_tag>
<id_lang><![CDATA[1]]></id_lang>
</product_tag>
<product_tag><id_product><![CDATA[848]]></id_product>
<id_tag><![CDATA[2941]]></id_tag>
<id_lang><![CDATA[1]]></id_lang>
</product_tag>
<product_tag><id_product><![CDATA[1012]]></id_product>
<id_tag><![CDATA[2941]]></id_tag>
<id_lang><![CDATA[1]]></id_lang>
</product_tag>
<product_tag><id_product><![CDATA[304]]></id_product>
<id_tag><![CDATA[2943]]></id_tag>
<id_lang><![CDATA[1]]></id_lang>
</product_tag>
<product_tag><id_product><![CDATA[650]]></id_product>
<id_tag><![CDATA[2943]]></id_tag>
<id_lang><![CDATA[1]]></id_lang>
</product_tag>
<product_tag><id_product><![CDATA[708]]></id_product>
<id_tag><![CDATA[2943]]></id_tag>
<id_lang><![CDATA[1]]></id_lang>
</product_tag>
<product_tag><id_product><![CDATA[766]]></id_product>
<id_tag><![CDATA[2943]]></id_tag>
<id_lang><![CDATA[1]]></id_lang>
</product_tag>
<product_tag><id_product><![CDATA[818]]></id_product>
<id_tag><![CDATA[2943]]></id_tag>
<id_lang><![CDATA[1]]></id_lang>
</product_tag>
<product_tag><id_product><![CDATA[854]]></id_product>
<id_tag><![CDATA[2943]]></id_tag>
<id_lang><![CDATA[1]]></id_lang>
</product_tag>
<product_tag><id_product><![CDATA[919]]></id_product>
<id_tag><![CDATA[2943]]></id_tag>
<id_lang><![CDATA[1]]></id_lang>
</product_tag>
<product_tag><id_product><![CDATA[309]]></id_product>
<id_tag><![CDATA[2948]]></id_tag>
<id_lang><![CDATA[1]]></id_lang>
</product_tag>
<product_tag><id_product><![CDATA[651]]></id_product>
<id_tag><![CDATA[2948]]></id_tag>
<id_lang><![CDATA[1]]></id_lang>
</product_tag>
<product_tag><id_product><![CDATA[709]]></id_product>
<id_tag><![CDATA[2948]]></id_tag>
<id_lang><![CDATA[1]]></id_lang>
</product_tag>
<product_tag><id_product><![CDATA[767]]></id_product>
<id_tag><![CDATA[2948]]></id_tag>
<id_lang><![CDATA[1]]></id_lang>
</product_tag>
<product_tag><id_product><![CDATA[807]]></id_product>
<id_tag><![CDATA[2948]]></id_tag>
<id_lang><![CDATA[1]]></id_lang>
</product_tag>
<product_tag><id_product><![CDATA[827]]></id_product>
<id_tag><![CDATA[2948]]></id_tag>
<id_lang><![CDATA[1]]></id_lang>
</product_tag>
<product_tag><id_product><![CDATA[840]]></id_product>
<id_tag><![CDATA[2948]]></id_tag>
<id_lang><![CDATA[1]]></id_lang>
</product_tag>
<product_tag><id_product><![CDATA[847]]></id_product>
<id_tag><![CDATA[2948]]></id_tag>
<id_lang><![CDATA[1]]></id_lang>
</product_tag>
<product_tag><id_product><![CDATA[956]]></id_product>
<id_tag><![CDATA[2948]]></id_tag>
<id_lang><![CDATA[1]]></id_lang>
</product_tag>
<product_tag><id_product><![CDATA[984]]></id_product>
<id_tag><![CDATA[2948]]></id_tag>
<id_lang><![CDATA[1]]></id_lang>
</product_tag>
<product_tag><id_product><![CDATA[1009]]></id_product>
<id_tag><![CDATA[2948]]></id_tag>
<id_lang><![CDATA[1]]></id_lang>
</product_tag>
<product_tag><id_product><![CDATA[1059]]></id_product>
<id_tag><![CDATA[2948]]></id_tag>
<id_lang><![CDATA[1]]></id_lang>
</product_tag>
<product_tag><id_product><![CDATA[1061]]></id_product>
<id_tag><![CDATA[2948]]></id_tag>
<id_lang><![CDATA[1]]></id_lang>
</product_tag>
<product_tag><id_product><![CDATA[1063]]></id_product>
<id_tag><![CDATA[2948]]></id_tag>
<id_lang><![CDATA[1]]></id_lang>
</product_tag>
<product_tag><id_product><![CDATA[1065]]></id_product>
<id_tag><![CDATA[2948]]></id_tag>
<id_lang><![CDATA[1]]></id_lang>
</product_tag>
<product_tag><id_product><![CDATA[1068]]></id_product>
<id_tag><![CDATA[2948]]></id_tag>
<id_lang><![CDATA[1]]></id_lang>
</product_tag>
<product_tag><id_product><![CDATA[3055]]></id_product>
<id_tag><![CDATA[2948]]></id_tag>
<id_lang><![CDATA[1]]></id_lang>
</product_tag>
<product_tag><id_product><![CDATA[135]]></id_product>
<id_tag><![CDATA[2957]]></id_tag>
<id_lang><![CDATA[1]]></id_lang>
</product_tag>
<product_tag><id_product><![CDATA[138]]></id_product>
<id_tag><![CDATA[2957]]></id_tag>
<id_lang><![CDATA[1]]></id_lang>
</product_tag>
<product_tag><id_product><![CDATA[139]]></id_product>
<id_tag><![CDATA[2957]]></id_tag>
<id_lang><![CDATA[1]]></id_lang>
</product_tag>
<product_tag><id_product><![CDATA[140]]></id_product>
<id_tag><![CDATA[2957]]></id_tag>
<id_lang><![CDATA[1]]></id_lang>
</product_tag>
<product_tag><id_product><![CDATA[141]]></id_product>
<id_tag><![CDATA[2957]]></id_tag>
<id_lang><![CDATA[1]]></id_lang>
</product_tag>
<product_tag><id_product><![CDATA[315]]></id_product>
<id_tag><![CDATA[2957]]></id_tag>
<id_lang><![CDATA[1]]></id_lang>
</product_tag>
<product_tag><id_product><![CDATA[653]]></id_product>
<id_tag><![CDATA[2957]]></id_tag>
<id_lang><![CDATA[1]]></id_lang>
</product_tag>
<product_tag><id_product><![CDATA[711]]></id_product>
<id_tag><![CDATA[2957]]></id_tag>
<id_lang><![CDATA[1]]></id_lang>
</product_tag>
<product_tag><id_product><![CDATA[769]]></id_product>
<id_tag><![CDATA[2957]]></id_tag>
<id_lang><![CDATA[1]]></id_lang>
</product_tag>
<product_tag><id_product><![CDATA[843]]></id_product>
<id_tag><![CDATA[2957]]></id_tag>
<id_lang><![CDATA[1]]></id_lang>
</product_tag>
<product_tag><id_product><![CDATA[321]]></id_product>
<id_tag><![CDATA[2964]]></id_tag>
<id_lang><![CDATA[1]]></id_lang>
</product_tag>
<product_tag><id_product><![CDATA[324]]></id_product>
<id_tag><![CDATA[2964]]></id_tag>
<id_lang><![CDATA[1]]></id_lang>
</product_tag>
<product_tag><id_product><![CDATA[655]]></id_product>
<id_tag><![CDATA[2964]]></id_tag>
<id_lang><![CDATA[1]]></id_lang>
</product_tag>
<product_tag><id_product><![CDATA[656]]></id_product>
<id_tag><![CDATA[2964]]></id_tag>
<id_lang><![CDATA[1]]></id_lang>
</product_tag>
<product_tag><id_product><![CDATA[713]]></id_product>
<id_tag><![CDATA[2964]]></id_tag>
<id_lang><![CDATA[1]]></id_lang>
</product_tag>
<product_tag><id_product><![CDATA[714]]></id_product>
<id_tag><![CDATA[2964]]></id_tag>
<id_lang><![CDATA[1]]></id_lang>
</product_tag>
<product_tag><id_product><![CDATA[771]]></id_product>
<id_tag><![CDATA[2964]]></id_tag>
<id_lang><![CDATA[1]]></id_lang>
</product_tag>
<product_tag><id_product><![CDATA[772]]></id_product>
<id_tag><![CDATA[2964]]></id_tag>
<id_lang><![CDATA[1]]></id_lang>
</product_tag>
<product_tag><id_product><![CDATA[4148]]></id_product>
<id_tag><![CDATA[2964]]></id_tag>
<id_lang><![CDATA[1]]></id_lang>
</product_tag>
<product_tag><id_product><![CDATA[4169]]></id_product>
<id_tag><![CDATA[2964]]></id_tag>
<id_lang><![CDATA[1]]></id_lang>
</product_tag>
<product_tag><id_product><![CDATA[4171]]></id_product>
<id_tag><![CDATA[2964]]></id_tag>
<id_lang><![CDATA[1]]></id_lang>
</product_tag>
<product_tag><id_product><![CDATA[4173]]></id_product>
<id_tag><![CDATA[2964]]></id_tag>
<id_lang><![CDATA[1]]></id_lang>
</product_tag>
<product_tag><id_product><![CDATA[321]]></id_product>
<id_tag><![CDATA[2965]]></id_tag>
<id_lang><![CDATA[1]]></id_lang>
</product_tag>
<product_tag><id_product><![CDATA[338]]></id_product>
<id_tag><![CDATA[2965]]></id_tag>
<id_lang><![CDATA[1]]></id_lang>
</product_tag>
<product_tag><id_product><![CDATA[655]]></id_product>
<id_tag><![CDATA[2965]]></id_tag>
<id_lang><![CDATA[1]]></id_lang>
</product_tag>
<product_tag><id_product><![CDATA[660]]></id_product>
<id_tag><![CDATA[2965]]></id_tag>
<id_lang><![CDATA[1]]></id_lang>
</product_tag>
<product_tag><id_product><![CDATA[713]]></id_product>
<id_tag><![CDATA[2965]]></id_tag>
<id_lang><![CDATA[1]]></id_lang>
</product_tag>
<product_tag><id_product><![CDATA[718]]></id_product>
<id_tag><![CDATA[2965]]></id_tag>
<id_lang><![CDATA[1]]></id_lang>
</product_tag>
<product_tag><id_product><![CDATA[771]]></id_product>
<id_tag><![CDATA[2965]]></id_tag>
<id_lang><![CDATA[1]]></id_lang>
</product_tag>
<product_tag><id_product><![CDATA[776]]></id_product>
<id_tag><![CDATA[2965]]></id_tag>
<id_lang><![CDATA[1]]></id_lang>
</product_tag>
<product_tag><id_product><![CDATA[832]]></id_product>
<id_tag><![CDATA[2965]]></id_tag>
<id_lang><![CDATA[1]]></id_lang>
</product_tag>
<product_tag><id_product><![CDATA[838]]></id_product>
<id_tag><![CDATA[2965]]></id_tag>
<id_lang><![CDATA[1]]></id_lang>
</product_tag>
<product_tag><id_product><![CDATA[853]]></id_product>
<id_tag><![CDATA[2965]]></id_tag>
<id_lang><![CDATA[1]]></id_lang>
</product_tag>
<product_tag><id_product><![CDATA[892]]></id_product>
<id_tag><![CDATA[2965]]></id_tag>
<id_lang><![CDATA[1]]></id_lang>
</product_tag>
<product_tag><id_product><![CDATA[4149]]></id_product>
<id_tag><![CDATA[2965]]></id_tag>
<id_lang><![CDATA[1]]></id_lang>
</product_tag>
<product_tag><id_product><![CDATA[4169]]></id_product>
<id_tag><![CDATA[2965]]></id_tag>
<id_lang><![CDATA[1]]></id_lang>
</product_tag>
<product_tag><id_product><![CDATA[119]]></id_product>
<id_tag><![CDATA[3007]]></id_tag>
<id_lang><![CDATA[1]]></id_lang>
</product_tag>
<product_tag><id_product><![CDATA[122]]></id_product>
<id_tag><![CDATA[3007]]></id_tag>
<id_lang><![CDATA[1]]></id_lang>
</product_tag>
<product_tag><id_product><![CDATA[123]]></id_product>
<id_tag><![CDATA[3007]]></id_tag>
<id_lang><![CDATA[1]]></id_lang>
</product_tag>
<product_tag><id_product><![CDATA[125]]></id_product>
<id_tag><![CDATA[3007]]></id_tag>
<id_lang><![CDATA[1]]></id_lang>
</product_tag>
<product_tag><id_product><![CDATA[126]]></id_product>
<id_tag><![CDATA[3007]]></id_tag>
<id_lang><![CDATA[1]]></id_lang>
</product_tag>
<product_tag><id_product><![CDATA[127]]></id_product>
<id_tag><![CDATA[3007]]></id_tag>
<id_lang><![CDATA[1]]></id_lang>
</product_tag>
<product_tag><id_product><![CDATA[128]]></id_product>
<id_tag><![CDATA[3007]]></id_tag>
<id_lang><![CDATA[1]]></id_lang>
</product_tag>
<product_tag><id_product><![CDATA[129]]></id_product>
<id_tag><![CDATA[3007]]></id_tag>
<id_lang><![CDATA[1]]></id_lang>
</product_tag>
<product_tag><id_product><![CDATA[130]]></id_product>
<id_tag><![CDATA[3007]]></id_tag>
<id_lang><![CDATA[1]]></id_lang>
</product_tag>
<product_tag><id_product><![CDATA[131]]></id_product>
<id_tag><![CDATA[3007]]></id_tag>
<id_lang><![CDATA[1]]></id_lang>
</product_tag>
<product_tag><id_product><![CDATA[132]]></id_product>
<id_tag><![CDATA[3007]]></id_tag>
<id_lang><![CDATA[1]]></id_lang>
</product_tag>
<product_tag><id_product><![CDATA[133]]></id_product>
<id_tag><![CDATA[3007]]></id_tag>
<id_lang><![CDATA[1]]></id_lang>
</product_tag>
<product_tag><id_product><![CDATA[134]]></id_product>
<id_tag><![CDATA[3007]]></id_tag>
<id_lang><![CDATA[1]]></id_lang>
</product_tag>
<product_tag><id_product><![CDATA[135]]></id_product>
<id_tag><![CDATA[3007]]></id_tag>
<id_lang><![CDATA[1]]></id_lang>
</product_tag>
<product_tag><id_product><![CDATA[138]]></id_product>
<id_tag><![CDATA[3007]]></id_tag>
<id_lang><![CDATA[1]]></id_lang>
</product_tag>
<product_tag><id_product><![CDATA[139]]></id_product>
<id_tag><![CDATA[3007]]></id_tag>
<id_lang><![CDATA[1]]></id_lang>
</product_tag>
<product_tag><id_product><![CDATA[140]]></id_product>
<id_tag><![CDATA[3007]]></id_tag>
<id_lang><![CDATA[1]]></id_lang>
</product_tag>
<product_tag><id_product><![CDATA[141]]></id_product>
<id_tag><![CDATA[3007]]></id_tag>
<id_lang><![CDATA[1]]></id_lang>
</product_tag>
<product_tag><id_product><![CDATA[142]]></id_product>
<id_tag><![CDATA[3007]]></id_tag>
<id_lang><![CDATA[1]]></id_lang>
</product_tag>
<product_tag><id_product><![CDATA[143]]></id_product>
<id_tag><![CDATA[3007]]></id_tag>
<id_lang><![CDATA[1]]></id_lang>
</product_tag>
<product_tag><id_product><![CDATA[144]]></id_product>
<id_tag><![CDATA[3007]]></id_tag>
<id_lang><![CDATA[1]]></id_lang>
</product_tag>
<product_tag><id_product><![CDATA[145]]></id_product>
<id_tag><![CDATA[3007]]></id_tag>
<id_lang><![CDATA[1]]></id_lang>
</product_tag>
<product_tag><id_product><![CDATA[146]]></id_product>
<id_tag><![CDATA[3007]]></id_tag>
<id_lang><![CDATA[1]]></id_lang>
</product_tag>
<product_tag><id_product><![CDATA[147]]></id_product>
<id_tag><![CDATA[3007]]></id_tag>
<id_lang><![CDATA[1]]></id_lang>
</product_tag>
<product_tag><id_product><![CDATA[148]]></id_product>
<id_tag><![CDATA[3007]]></id_tag>
<id_lang><![CDATA[1]]></id_lang>
</product_tag>
<product_tag><id_product><![CDATA[149]]></id_product>
<id_tag><![CDATA[3007]]></id_tag>
<id_lang><![CDATA[1]]></id_lang>
</product_tag>
<product_tag><id_product><![CDATA[150]]></id_product>
<id_tag><![CDATA[3007]]></id_tag>
<id_lang><![CDATA[1]]></id_lang>
</product_tag>
<product_tag><id_product><![CDATA[151]]></id_product>
<id_tag><![CDATA[3007]]></id_tag>
<id_lang><![CDATA[1]]></id_lang>
</product_tag>
<product_tag><id_product><![CDATA[152]]></id_product>
<id_tag><![CDATA[3007]]></id_tag>
<id_lang><![CDATA[1]]></id_lang>
</product_tag>
<product_tag><id_product><![CDATA[153]]></id_product>
<id_tag><![CDATA[3007]]></id_tag>
<id_lang><![CDATA[1]]></id_lang>
</product_tag>
<product_tag><id_product><![CDATA[154]]></id_product>
<id_tag><![CDATA[3007]]></id_tag>
<id_lang><![CDATA[1]]></id_lang>
</product_tag>
<product_tag><id_product><![CDATA[155]]></id_product>
<id_tag><![CDATA[3007]]></id_tag>
<id_lang><![CDATA[1]]></id_lang>
</product_tag>
<product_tag><id_product><![CDATA[156]]></id_product>
<id_tag><![CDATA[3007]]></id_tag>
<id_lang><![CDATA[1]]></id_lang>
</product_tag>
<product_tag><id_product><![CDATA[157]]></id_product>
<id_tag><![CDATA[3007]]></id_tag>
<id_lang><![CDATA[1]]></id_lang>
</product_tag>
<product_tag><id_product><![CDATA[158]]></id_product>
<id_tag><![CDATA[3007]]></id_tag>
<id_lang><![CDATA[1]]></id_lang>
</product_tag>
<product_tag><id_product><![CDATA[159]]></id_product>
<id_tag><![CDATA[3007]]></id_tag>
<id_lang><![CDATA[1]]></id_lang>
</product_tag>
<product_tag><id_product><![CDATA[160]]></id_product>
<id_tag><![CDATA[3007]]></id_tag>
<id_lang><![CDATA[1]]></id_lang>
</product_tag>
<product_tag><id_product><![CDATA[161]]></id_product>
<id_tag><![CDATA[3007]]></id_tag>
<id_lang><![CDATA[1]]></id_lang>
</product_tag>
<product_tag><id_product><![CDATA[162]]></id_product>
<id_tag><![CDATA[3007]]></id_tag>
<id_lang><![CDATA[1]]></id_lang>
</product_tag>
<product_tag><id_product><![CDATA[163]]></id_product>
<id_tag><![CDATA[3007]]></id_tag>
<id_lang><![CDATA[1]]></id_lang>
</product_tag>
<product_tag><id_product><![CDATA[164]]></id_product>
<id_tag><![CDATA[3007]]></id_tag>
<id_lang><![CDATA[1]]></id_lang>
</product_tag>
<product_tag><id_product><![CDATA[165]]></id_product>
<id_tag><![CDATA[3007]]></id_tag>
<id_lang><![CDATA[1]]></id_lang>
</product_tag>
<product_tag><id_product><![CDATA[166]]></id_product>
<id_tag><![CDATA[3007]]></id_tag>
<id_lang><![CDATA[1]]></id_lang>
</product_tag>
<product_tag><id_product><![CDATA[167]]></id_product>
<id_tag><![CDATA[3007]]></id_tag>
<id_lang><![CDATA[1]]></id_lang>
</product_tag>
<product_tag><id_product><![CDATA[168]]></id_product>
<id_tag><![CDATA[3007]]></id_tag>
<id_lang><![CDATA[1]]></id_lang>
</product_tag>
<product_tag><id_product><![CDATA[169]]></id_product>
<id_tag><![CDATA[3007]]></id_tag>
<id_lang><![CDATA[1]]></id_lang>
</product_tag>
<product_tag><id_product><![CDATA[170]]></id_product>
<id_tag><![CDATA[3007]]></id_tag>
<id_lang><![CDATA[1]]></id_lang>
</product_tag>
<product_tag><id_product><![CDATA[171]]></id_product>
<id_tag><![CDATA[3007]]></id_tag>
<id_lang><![CDATA[1]]></id_lang>
</product_tag>
<product_tag><id_product><![CDATA[172]]></id_product>
<id_tag><![CDATA[3007]]></id_tag>
<id_lang><![CDATA[1]]></id_lang>
</product_tag>
<product_tag><id_product><![CDATA[173]]></id_product>
<id_tag><![CDATA[3007]]></id_tag>
<id_lang><![CDATA[1]]></id_lang>
</product_tag>
<product_tag><id_product><![CDATA[174]]></id_product>
<id_tag><![CDATA[3007]]></id_tag>
<id_lang><![CDATA[1]]></id_lang>
</product_tag>
<product_tag><id_product><![CDATA[175]]></id_product>
<id_tag><![CDATA[3007]]></id_tag>
<id_lang><![CDATA[1]]></id_lang>
</product_tag>
<product_tag><id_product><![CDATA[205]]></id_product>
<id_tag><![CDATA[3007]]></id_tag>
<id_lang><![CDATA[1]]></id_lang>
</product_tag>
<product_tag><id_product><![CDATA[206]]></id_product>
<id_tag><![CDATA[3007]]></id_tag>
<id_lang><![CDATA[1]]></id_lang>
</product_tag>
<product_tag><id_product><![CDATA[207]]></id_product>
<id_tag><![CDATA[3007]]></id_tag>
<id_lang><![CDATA[1]]></id_lang>
</product_tag>
<product_tag><id_product><![CDATA[208]]></id_product>
<id_tag><![CDATA[3007]]></id_tag>
<id_lang><![CDATA[1]]></id_lang>
</product_tag>
<product_tag><id_product><![CDATA[209]]></id_product>
<id_tag><![CDATA[3007]]></id_tag>
<id_lang><![CDATA[1]]></id_lang>
</product_tag>
<product_tag><id_product><![CDATA[210]]></id_product>
<id_tag><![CDATA[3007]]></id_tag>
<id_lang><![CDATA[1]]></id_lang>
</product_tag>
<product_tag><id_product><![CDATA[211]]></id_product>
<id_tag><![CDATA[3007]]></id_tag>
<id_lang><![CDATA[1]]></id_lang>
</product_tag>
<product_tag><id_product><![CDATA[423]]></id_product>
<id_tag><![CDATA[3007]]></id_tag>
<id_lang><![CDATA[1]]></id_lang>
</product_tag>
<product_tag><id_product><![CDATA[531]]></id_product>
<id_tag><![CDATA[3007]]></id_tag>
<id_lang><![CDATA[1]]></id_lang>
</product_tag>
<product_tag><id_product><![CDATA[1144]]></id_product>
<id_tag><![CDATA[3007]]></id_tag>
<id_lang><![CDATA[1]]></id_lang>
</product_tag>
<product_tag><id_product><![CDATA[1146]]></id_product>
<id_tag><![CDATA[3007]]></id_tag>
<id_lang><![CDATA[1]]></id_lang>
</product_tag>
<product_tag><id_product><![CDATA[1158]]></id_product>
<id_tag><![CDATA[3007]]></id_tag>
<id_lang><![CDATA[1]]></id_lang>
</product_tag>
<product_tag><id_product><![CDATA[1159]]></id_product>
<id_tag><![CDATA[3007]]></id_tag>
<id_lang><![CDATA[1]]></id_lang>
</product_tag>
<product_tag><id_product><![CDATA[1160]]></id_product>
<id_tag><![CDATA[3007]]></id_tag>
<id_lang><![CDATA[1]]></id_lang>
</product_tag>
<product_tag><id_product><![CDATA[1161]]></id_product>
<id_tag><![CDATA[3007]]></id_tag>
<id_lang><![CDATA[1]]></id_lang>
</product_tag>
<product_tag><id_product><![CDATA[1162]]></id_product>
<id_tag><![CDATA[3007]]></id_tag>
<id_lang><![CDATA[1]]></id_lang>
</product_tag>
<product_tag><id_product><![CDATA[1163]]></id_product>
<id_tag><![CDATA[3007]]></id_tag>
<id_lang><![CDATA[1]]></id_lang>
</product_tag>
<product_tag><id_product><![CDATA[1234]]></id_product>
<id_tag><![CDATA[3007]]></id_tag>
<id_lang><![CDATA[1]]></id_lang>
</product_tag>
<product_tag><id_product><![CDATA[1235]]></id_product>
<id_tag><![CDATA[3007]]></id_tag>
<id_lang><![CDATA[1]]></id_lang>
</product_tag>
<product_tag><id_product><![CDATA[1458]]></id_product>
<id_tag><![CDATA[3007]]></id_tag>
<id_lang><![CDATA[1]]></id_lang>
</product_tag>
<product_tag><id_product><![CDATA[1459]]></id_product>
<id_tag><![CDATA[3007]]></id_tag>
<id_lang><![CDATA[1]]></id_lang>
</product_tag>
<product_tag><id_product><![CDATA[1460]]></id_product>
<id_tag><![CDATA[3007]]></id_tag>
<id_lang><![CDATA[1]]></id_lang>
</product_tag>
<product_tag><id_product><![CDATA[1461]]></id_product>
<id_tag><![CDATA[3007]]></id_tag>
<id_lang><![CDATA[1]]></id_lang>
</product_tag>
<product_tag><id_product><![CDATA[1496]]></id_product>
<id_tag><![CDATA[3007]]></id_tag>
<id_lang><![CDATA[1]]></id_lang>
</product_tag>
<product_tag><id_product><![CDATA[2241]]></id_product>
<id_tag><![CDATA[3007]]></id_tag>
<id_lang><![CDATA[1]]></id_lang>
</product_tag>
<product_tag><id_product><![CDATA[2242]]></id_product>
<id_tag><![CDATA[3007]]></id_tag>
<id_lang><![CDATA[1]]></id_lang>
</product_tag>
<product_tag><id_product><![CDATA[2243]]></id_product>
<id_tag><![CDATA[3007]]></id_tag>
<id_lang><![CDATA[1]]></id_lang>
</product_tag>
<product_tag><id_product><![CDATA[2244]]></id_product>
<id_tag><![CDATA[3007]]></id_tag>
<id_lang><![CDATA[1]]></id_lang>
</product_tag>
<product_tag><id_product><![CDATA[2987]]></id_product>
<id_tag><![CDATA[3007]]></id_tag>
<id_lang><![CDATA[1]]></id_lang>
</product_tag>
<product_tag><id_product><![CDATA[2988]]></id_product>
<id_tag><![CDATA[3007]]></id_tag>
<id_lang><![CDATA[1]]></id_lang>
</product_tag>
<product_tag><id_product><![CDATA[3557]]></id_product>
<id_tag><![CDATA[3007]]></id_tag>
<id_lang><![CDATA[1]]></id_lang>
</product_tag>
<product_tag><id_product><![CDATA[3560]]></id_product>
<id_tag><![CDATA[3007]]></id_tag>
<id_lang><![CDATA[1]]></id_lang>
</product_tag>
<product_tag><id_product><![CDATA[4048]]></id_product>
<id_tag><![CDATA[3007]]></id_tag>
<id_lang><![CDATA[1]]></id_lang>
</product_tag>
<product_tag><id_product><![CDATA[4049]]></id_product>
<id_tag><![CDATA[3007]]></id_tag>
<id_lang><![CDATA[1]]></id_lang>
</product_tag>
<product_tag><id_product><![CDATA[119]]></id_product>
<id_tag><![CDATA[3008]]></id_tag>
<id_lang><![CDATA[1]]></id_lang>
</product_tag>
<product_tag><id_product><![CDATA[122]]></id_product>
<id_tag><![CDATA[3008]]></id_tag>
<id_lang><![CDATA[1]]></id_lang>
</product_tag>
<product_tag><id_product><![CDATA[123]]></id_product>
<id_tag><![CDATA[3008]]></id_tag>
<id_lang><![CDATA[1]]></id_lang>
</product_tag>
<product_tag><id_product><![CDATA[125]]></id_product>
<id_tag><![CDATA[3008]]></id_tag>
<id_lang><![CDATA[1]]></id_lang>
</product_tag>
<product_tag><id_product><![CDATA[126]]></id_product>
<id_tag><![CDATA[3008]]></id_tag>
<id_lang><![CDATA[1]]></id_lang>
</product_tag>
<product_tag><id_product><![CDATA[127]]></id_product>
<id_tag><![CDATA[3008]]></id_tag>
<id_lang><![CDATA[1]]></id_lang>
</product_tag>
<product_tag><id_product><![CDATA[128]]></id_product>
<id_tag><![CDATA[3008]]></id_tag>
<id_lang><![CDATA[1]]></id_lang>
</product_tag>
<product_tag><id_product><![CDATA[129]]></id_product>
<id_tag><![CDATA[3008]]></id_tag>
<id_lang><![CDATA[1]]></id_lang>
</product_tag>
<product_tag><id_product><![CDATA[130]]></id_product>
<id_tag><![CDATA[3008]]></id_tag>
<id_lang><![CDATA[1]]></id_lang>
</product_tag>
<product_tag><id_product><![CDATA[131]]></id_product>
<id_tag><![CDATA[3008]]></id_tag>
<id_lang><![CDATA[1]]></id_lang>
</product_tag>
<product_tag><id_product><![CDATA[132]]></id_product>
<id_tag><![CDATA[3008]]></id_tag>
<id_lang><![CDATA[1]]></id_lang>
</product_tag>
<product_tag><id_product><![CDATA[133]]></id_product>
<id_tag><![CDATA[3008]]></id_tag>
<id_lang><![CDATA[1]]></id_lang>
</product_tag>
<product_tag><id_product><![CDATA[134]]></id_product>
<id_tag><![CDATA[3008]]></id_tag>
<id_lang><![CDATA[1]]></id_lang>
</product_tag>
<product_tag><id_product><![CDATA[135]]></id_product>
<id_tag><![CDATA[3008]]></id_tag>
<id_lang><![CDATA[1]]></id_lang>
</product_tag>
<product_tag><id_product><![CDATA[138]]></id_product>
<id_tag><![CDATA[3008]]></id_tag>
<id_lang><![CDATA[1]]></id_lang>
</product_tag>
<product_tag><id_product><![CDATA[139]]></id_product>
<id_tag><![CDATA[3008]]></id_tag>
<id_lang><![CDATA[1]]></id_lang>
</product_tag>
<product_tag><id_product><![CDATA[140]]></id_product>
<id_tag><![CDATA[3008]]></id_tag>
<id_lang><![CDATA[1]]></id_lang>
</product_tag>
<product_tag><id_product><![CDATA[141]]></id_product>
<id_tag><![CDATA[3008]]></id_tag>
<id_lang><![CDATA[1]]></id_lang>
</product_tag>
<product_tag><id_product><![CDATA[142]]></id_product>
<id_tag><![CDATA[3008]]></id_tag>
<id_lang><![CDATA[1]]></id_lang>
</product_tag>
<product_tag><id_product><![CDATA[143]]></id_product>
<id_tag><![CDATA[3008]]></id_tag>
<id_lang><![CDATA[1]]></id_lang>
</product_tag>
<product_tag><id_product><![CDATA[144]]></id_product>
<id_tag><![CDATA[3008]]></id_tag>
<id_lang><![CDATA[1]]></id_lang>
</product_tag>
<product_tag><id_product><![CDATA[145]]></id_product>
<id_tag><![CDATA[3008]]></id_tag>
<id_lang><![CDATA[1]]></id_lang>
</product_tag>
<product_tag><id_product><![CDATA[146]]></id_product>
<id_tag><![CDATA[3008]]></id_tag>
<id_lang><![CDATA[1]]></id_lang>
</product_tag>
<product_tag><id_product><![CDATA[147]]></id_product>
<id_tag><![CDATA[3008]]></id_tag>
<id_lang><![CDATA[1]]></id_lang>
</product_tag>
<product_tag><id_product><![CDATA[148]]></id_product>
<id_tag><![CDATA[3008]]></id_tag>
<id_lang><![CDATA[1]]></id_lang>
</product_tag>
<product_tag><id_product><![CDATA[149]]></id_product>
<id_tag><![CDATA[3008]]></id_tag>
<id_lang><![CDATA[1]]></id_lang>
</product_tag>
<product_tag><id_product><![CDATA[150]]></id_product>
<id_tag><![CDATA[3008]]></id_tag>
<id_lang><![CDATA[1]]></id_lang>
</product_tag>
<product_tag><id_product><![CDATA[151]]></id_product>
<id_tag><![CDATA[3008]]></id_tag>
<id_lang><![CDATA[1]]></id_lang>
</product_tag>
<product_tag><id_product><![CDATA[152]]></id_product>
<id_tag><![CDATA[3008]]></id_tag>
<id_lang><![CDATA[1]]></id_lang>
</product_tag>
<product_tag><id_product><![CDATA[153]]></id_product>
<id_tag><![CDATA[3008]]></id_tag>
<id_lang><![CDATA[1]]></id_lang>
</product_tag>
<product_tag><id_product><![CDATA[154]]></id_product>
<id_tag><![CDATA[3008]]></id_tag>
<id_lang><![CDATA[1]]></id_lang>
</product_tag>
<product_tag><id_product><![CDATA[155]]></id_product>
<id_tag><![CDATA[3008]]></id_tag>
<id_lang><![CDATA[1]]></id_lang>
</product_tag>
<product_tag><id_product><![CDATA[156]]></id_product>
<id_tag><![CDATA[3008]]></id_tag>
<id_lang><![CDATA[1]]></id_lang>
</product_tag>
<product_tag><id_product><![CDATA[157]]></id_product>
<id_tag><![CDATA[3008]]></id_tag>
<id_lang><![CDATA[1]]></id_lang>
</product_tag>
<product_tag><id_product><![CDATA[158]]></id_product>
<id_tag><![CDATA[3008]]></id_tag>
<id_lang><![CDATA[1]]></id_lang>
</product_tag>
<product_tag><id_product><![CDATA[159]]></id_product>
<id_tag><![CDATA[3008]]></id_tag>
<id_lang><![CDATA[1]]></id_lang>
</product_tag>
<product_tag><id_product><![CDATA[160]]></id_product>
<id_tag><![CDATA[3008]]></id_tag>
<id_lang><![CDATA[1]]></id_lang>
</product_tag>
<product_tag><id_product><![CDATA[161]]></id_product>
<id_tag><![CDATA[3008]]></id_tag>
<id_lang><![CDATA[1]]></id_lang>
</product_tag>
<product_tag><id_product><![CDATA[162]]></id_product>
<id_tag><![CDATA[3008]]></id_tag>
<id_lang><![CDATA[1]]></id_lang>
</product_tag>
<product_tag><id_product><![CDATA[163]]></id_product>
<id_tag><![CDATA[3008]]></id_tag>
<id_lang><![CDATA[1]]></id_lang>
</product_tag>
<product_tag><id_product><![CDATA[164]]></id_product>
<id_tag><![CDATA[3008]]></id_tag>
<id_lang><![CDATA[1]]></id_lang>
</product_tag>
<product_tag><id_product><![CDATA[165]]></id_product>
<id_tag><![CDATA[3008]]></id_tag>
<id_lang><![CDATA[1]]></id_lang>
</product_tag>
<product_tag><id_product><![CDATA[166]]></id_product>
<id_tag><![CDATA[3008]]></id_tag>
<id_lang><![CDATA[1]]></id_lang>
</product_tag>
<product_tag><id_product><![CDATA[167]]></id_product>
<id_tag><![CDATA[3008]]></id_tag>
<id_lang><![CDATA[1]]></id_lang>
</product_tag>
<product_tag><id_product><![CDATA[168]]></id_product>
<id_tag><![CDATA[3008]]></id_tag>
<id_lang><![CDATA[1]]></id_lang>
</product_tag>
<product_tag><id_product><![CDATA[169]]></id_product>
<id_tag><![CDATA[3008]]></id_tag>
<id_lang><![CDATA[1]]></id_lang>
</product_tag>
<product_tag><id_product><![CDATA[170]]></id_product>
<id_tag><![CDATA[3008]]></id_tag>
<id_lang><![CDATA[1]]></id_lang>
</product_tag>
<product_tag><id_product><![CDATA[171]]></id_product>
<id_tag><![CDATA[3008]]></id_tag>
<id_lang><![CDATA[1]]></id_lang>
</product_tag>
<product_tag><id_product><![CDATA[172]]></id_product>
<id_tag><![CDATA[3008]]></id_tag>
<id_lang><![CDATA[1]]></id_lang>
</product_tag>
<product_tag><id_product><![CDATA[173]]></id_product>
<id_tag><![CDATA[3008]]></id_tag>
<id_lang><![CDATA[1]]></id_lang>
</product_tag>
<product_tag><id_product><![CDATA[174]]></id_product>
<id_tag><![CDATA[3008]]></id_tag>
<id_lang><![CDATA[1]]></id_lang>
</product_tag>
<product_tag><id_product><![CDATA[175]]></id_product>
<id_tag><![CDATA[3008]]></id_tag>
<id_lang><![CDATA[1]]></id_lang>
</product_tag>
<product_tag><id_product><![CDATA[423]]></id_product>
<id_tag><![CDATA[3008]]></id_tag>
<id_lang><![CDATA[1]]></id_lang>
</product_tag>
<product_tag><id_product><![CDATA[531]]></id_product>
<id_tag><![CDATA[3008]]></id_tag>
<id_lang><![CDATA[1]]></id_lang>
</product_tag>
<product_tag><id_product><![CDATA[1144]]></id_product>
<id_tag><![CDATA[3008]]></id_tag>
<id_lang><![CDATA[1]]></id_lang>
</product_tag>
<product_tag><id_product><![CDATA[1146]]></id_product>
<id_tag><![CDATA[3008]]></id_tag>
<id_lang><![CDATA[1]]></id_lang>
</product_tag>
<product_tag><id_product><![CDATA[1158]]></id_product>
<id_tag><![CDATA[3008]]></id_tag>
<id_lang><![CDATA[1]]></id_lang>
</product_tag>
<product_tag><id_product><![CDATA[1159]]></id_product>
<id_tag><![CDATA[3008]]></id_tag>
<id_lang><![CDATA[1]]></id_lang>
</product_tag>
<product_tag><id_product><![CDATA[1160]]></id_product>
<id_tag><![CDATA[3008]]></id_tag>
<id_lang><![CDATA[1]]></id_lang>
</product_tag>
<product_tag><id_product><![CDATA[1161]]></id_product>
<id_tag><![CDATA[3008]]></id_tag>
<id_lang><![CDATA[1]]></id_lang>
</product_tag>
<product_tag><id_product><![CDATA[1162]]></id_product>
<id_tag><![CDATA[3008]]></id_tag>
<id_lang><![CDATA[1]]></id_lang>
</product_tag>
<product_tag><id_product><![CDATA[1163]]></id_product>
<id_tag><![CDATA[3008]]></id_tag>
<id_lang><![CDATA[1]]></id_lang>
</product_tag>
<product_tag><id_product><![CDATA[1234]]></id_product>
<id_tag><![CDATA[3008]]></id_tag>
<id_lang><![CDATA[1]]></id_lang>
</product_tag>
<product_tag><id_product><![CDATA[1235]]></id_product>
<id_tag><![CDATA[3008]]></id_tag>
<id_lang><![CDATA[1]]></id_lang>
</product_tag>
<product_tag><id_product><![CDATA[1458]]></id_product>
<id_tag><![CDATA[3008]]></id_tag>
<id_lang><![CDATA[1]]></id_lang>
</product_tag>
<product_tag><id_product><![CDATA[1459]]></id_product>
<id_tag><![CDATA[3008]]></id_tag>
<id_lang><![CDATA[1]]></id_lang>
</product_tag>
<product_tag><id_product><![CDATA[1460]]></id_product>
<id_tag><![CDATA[3008]]></id_tag>
<id_lang><![CDATA[1]]></id_lang>
</product_tag>
<product_tag><id_product><![CDATA[1461]]></id_product>
<id_tag><![CDATA[3008]]></id_tag>
<id_lang><![CDATA[1]]></id_lang>
</product_tag>
<product_tag><id_product><![CDATA[1496]]></id_product>
<id_tag><![CDATA[3008]]></id_tag>
<id_lang><![CDATA[1]]></id_lang>
</product_tag>
<product_tag><id_product><![CDATA[2241]]></id_product>
<id_tag><![CDATA[3008]]></id_tag>
<id_lang><![CDATA[1]]></id_lang>
</product_tag>
<product_tag><id_product><![CDATA[2242]]></id_product>
<id_tag><![CDATA[3008]]></id_tag>
<id_lang><![CDATA[1]]></id_lang>
</product_tag>
<product_tag><id_product><![CDATA[2243]]></id_product>
<id_tag><![CDATA[3008]]></id_tag>
<id_lang><![CDATA[1]]></id_lang>
</product_tag>
<product_tag><id_product><![CDATA[2244]]></id_product>
<id_tag><![CDATA[3008]]></id_tag>
<id_lang><![CDATA[1]]></id_lang>
</product_tag>
<product_tag><id_product><![CDATA[2987]]></id_product>
<id_tag><![CDATA[3008]]></id_tag>
<id_lang><![CDATA[1]]></id_lang>
</product_tag>
<product_tag><id_product><![CDATA[2988]]></id_product>
<id_tag><![CDATA[3008]]></id_tag>
<id_lang><![CDATA[1]]></id_lang>
</product_tag>
<product_tag><id_product><![CDATA[3557]]></id_product>
<id_tag><![CDATA[3008]]></id_tag>
<id_lang><![CDATA[1]]></id_lang>
</product_tag>
<product_tag><id_product><![CDATA[3560]]></id_product>
<id_tag><![CDATA[3008]]></id_tag>
<id_lang><![CDATA[1]]></id_lang>
</product_tag>
<product_tag><id_product><![CDATA[4048]]></id_product>
<id_tag><![CDATA[3008]]></id_tag>
<id_lang><![CDATA[1]]></id_lang>
</product_tag>
<product_tag><id_product><![CDATA[4049]]></id_product>
<id_tag><![CDATA[3008]]></id_tag>
<id_lang><![CDATA[1]]></id_lang>
</product_tag>
<product_tag><id_product><![CDATA[119]]></id_product>
<id_tag><![CDATA[3009]]></id_tag>
<id_lang><![CDATA[1]]></id_lang>
</product_tag>
<product_tag><id_product><![CDATA[131]]></id_product>
<id_tag><![CDATA[3009]]></id_tag>
<id_lang><![CDATA[1]]></id_lang>
</product_tag>
<product_tag><id_product><![CDATA[142]]></id_product>
<id_tag><![CDATA[3009]]></id_tag>
<id_lang><![CDATA[1]]></id_lang>
</product_tag>
<product_tag><id_product><![CDATA[150]]></id_product>
<id_tag><![CDATA[3009]]></id_tag>
<id_lang><![CDATA[1]]></id_lang>
</product_tag>
<product_tag><id_product><![CDATA[155]]></id_product>
<id_tag><![CDATA[3009]]></id_tag>
<id_lang><![CDATA[1]]></id_lang>
</product_tag>
<product_tag><id_product><![CDATA[161]]></id_product>
<id_tag><![CDATA[3009]]></id_tag>
<id_lang><![CDATA[1]]></id_lang>
</product_tag>
<product_tag><id_product><![CDATA[168]]></id_product>
<id_tag><![CDATA[3009]]></id_tag>
<id_lang><![CDATA[1]]></id_lang>
</product_tag>
<product_tag><id_product><![CDATA[170]]></id_product>
<id_tag><![CDATA[3009]]></id_tag>
<id_lang><![CDATA[1]]></id_lang>
</product_tag>
<product_tag><id_product><![CDATA[178]]></id_product>
<id_tag><![CDATA[3009]]></id_tag>
<id_lang><![CDATA[1]]></id_lang>
</product_tag>
<product_tag><id_product><![CDATA[184]]></id_product>
<id_tag><![CDATA[3009]]></id_tag>
<id_lang><![CDATA[1]]></id_lang>
</product_tag>
<product_tag><id_product><![CDATA[185]]></id_product>
<id_tag><![CDATA[3009]]></id_tag>
<id_lang><![CDATA[1]]></id_lang>
</product_tag>
<product_tag><id_product><![CDATA[200]]></id_product>
<id_tag><![CDATA[3009]]></id_tag>
<id_lang><![CDATA[1]]></id_lang>
</product_tag>
<product_tag><id_product><![CDATA[206]]></id_product>
<id_tag><![CDATA[3009]]></id_tag>
<id_lang><![CDATA[1]]></id_lang>
</product_tag>
<product_tag><id_product><![CDATA[212]]></id_product>
<id_tag><![CDATA[3009]]></id_tag>
<id_lang><![CDATA[1]]></id_lang>
</product_tag>
<product_tag><id_product><![CDATA[255]]></id_product>
<id_tag><![CDATA[3009]]></id_tag>
<id_lang><![CDATA[1]]></id_lang>
</product_tag>
<product_tag><id_product><![CDATA[277]]></id_product>
<id_tag><![CDATA[3009]]></id_tag>
<id_lang><![CDATA[1]]></id_lang>
</product_tag>
<product_tag><id_product><![CDATA[298]]></id_product>
<id_tag><![CDATA[3009]]></id_tag>
<id_lang><![CDATA[1]]></id_lang>
</product_tag>
<product_tag><id_product><![CDATA[327]]></id_product>
<id_tag><![CDATA[3009]]></id_tag>
<id_lang><![CDATA[1]]></id_lang>
</product_tag>
<product_tag><id_product><![CDATA[328]]></id_product>
<id_tag><![CDATA[3009]]></id_tag>
<id_lang><![CDATA[1]]></id_lang>
</product_tag>
<product_tag><id_product><![CDATA[1234]]></id_product>
<id_tag><![CDATA[3009]]></id_tag>
<id_lang><![CDATA[1]]></id_lang>
</product_tag>
<product_tag><id_product><![CDATA[1235]]></id_product>
<id_tag><![CDATA[3009]]></id_tag>
<id_lang><![CDATA[1]]></id_lang>
</product_tag>
<product_tag><id_product><![CDATA[1435]]></id_product>
<id_tag><![CDATA[3009]]></id_tag>
<id_lang><![CDATA[1]]></id_lang>
</product_tag>
<product_tag><id_product><![CDATA[119]]></id_product>
<id_tag><![CDATA[3010]]></id_tag>
<id_lang><![CDATA[1]]></id_lang>
</product_tag>
<product_tag><id_product><![CDATA[122]]></id_product>
<id_tag><![CDATA[3010]]></id_tag>
<id_lang><![CDATA[1]]></id_lang>
</product_tag>
<product_tag><id_product><![CDATA[123]]></id_product>
<id_tag><![CDATA[3010]]></id_tag>
<id_lang><![CDATA[1]]></id_lang>
</product_tag>
<product_tag><id_product><![CDATA[125]]></id_product>
<id_tag><![CDATA[3010]]></id_tag>
<id_lang><![CDATA[1]]></id_lang>
</product_tag>
</entity_profile>
