<?xml version="1.0" encoding="UTF-8"?>
<entity_profile>
<range_weight><id_range_weight><![CDATA[1]]></id_range_weight>
<id_carrier><![CDATA[3]]></id_carrier>
<delimiter1><![CDATA[0.000000]]></delimiter1>
<delimiter2><![CDATA[10000.000000]]></delimiter2>
</range_weight>
<range_weight><id_range_weight><![CDATA[2]]></id_range_weight>
<id_carrier><![CDATA[18]]></id_carrier>
<delimiter1><![CDATA[0.000000]]></delimiter1>
<delimiter2><![CDATA[10000.000000]]></delimiter2>
</range_weight>
<range_weight><id_range_weight><![CDATA[3]]></id_range_weight>
<id_carrier><![CDATA[31]]></id_carrier>
<delimiter1><![CDATA[0.000000]]></delimiter1>
<delimiter2><![CDATA[10000.000000]]></delimiter2>
</range_weight>
<range_weight><id_range_weight><![CDATA[4]]></id_range_weight>
<id_carrier><![CDATA[32]]></id_carrier>
<delimiter1><![CDATA[0.000000]]></delimiter1>
<delimiter2><![CDATA[10000.000000]]></delimiter2>
</range_weight>
<range_weight><id_range_weight><![CDATA[5]]></id_range_weight>
<id_carrier><![CDATA[33]]></id_carrier>
<delimiter1><![CDATA[0.000000]]></delimiter1>
<delimiter2><![CDATA[10000.000000]]></delimiter2>
</range_weight>
<range_weight><id_range_weight><![CDATA[6]]></id_range_weight>
<id_carrier><![CDATA[34]]></id_carrier>
<delimiter1><![CDATA[0.000000]]></delimiter1>
<delimiter2><![CDATA[10000.000000]]></delimiter2>
</range_weight>
<range_weight><id_range_weight><![CDATA[7]]></id_range_weight>
<id_carrier><![CDATA[47]]></id_carrier>
<delimiter1><![CDATA[0.000000]]></delimiter1>
<delimiter2><![CDATA[10000.000000]]></delimiter2>
</range_weight>
<range_weight><id_range_weight><![CDATA[8]]></id_range_weight>
<id_carrier><![CDATA[48]]></id_carrier>
<delimiter1><![CDATA[0.000000]]></delimiter1>
<delimiter2><![CDATA[10000.000000]]></delimiter2>
</range_weight>
<range_weight><id_range_weight><![CDATA[9]]></id_range_weight>
<id_carrier><![CDATA[49]]></id_carrier>
<delimiter1><![CDATA[0.000000]]></delimiter1>
<delimiter2><![CDATA[10000.000000]]></delimiter2>
</range_weight>
<range_weight><id_range_weight><![CDATA[10]]></id_range_weight>
<id_carrier><![CDATA[50]]></id_carrier>
<delimiter1><![CDATA[0.000000]]></delimiter1>
<delimiter2><![CDATA[10000.000000]]></delimiter2>
</range_weight>
<range_weight><id_range_weight><![CDATA[11]]></id_range_weight>
<id_carrier><![CDATA[51]]></id_carrier>
<delimiter1><![CDATA[0.000000]]></delimiter1>
<delimiter2><![CDATA[10000.000000]]></delimiter2>
</range_weight>
<range_weight><id_range_weight><![CDATA[14]]></id_range_weight>
<id_carrier><![CDATA[56]]></id_carrier>
<delimiter1><![CDATA[0.000000]]></delimiter1>
<delimiter2><![CDATA[10000.000000]]></delimiter2>
</range_weight>
<range_weight><id_range_weight><![CDATA[13]]></id_range_weight>
<id_carrier><![CDATA[57]]></id_carrier>
<delimiter1><![CDATA[0.000000]]></delimiter1>
<delimiter2><![CDATA[10000.000000]]></delimiter2>
</range_weight>
<range_weight><id_range_weight><![CDATA[12]]></id_range_weight>
<id_carrier><![CDATA[58]]></id_carrier>
<delimiter1><![CDATA[0.000000]]></delimiter1>
<delimiter2><![CDATA[10000.000000]]></delimiter2>
</range_weight>
<range_weight><id_range_weight><![CDATA[15]]></id_range_weight>
<id_carrier><![CDATA[59]]></id_carrier>
<delimiter1><![CDATA[0.000000]]></delimiter1>
<delimiter2><![CDATA[10000.000000]]></delimiter2>
</range_weight>
<range_weight><id_range_weight><![CDATA[16]]></id_range_weight>
<id_carrier><![CDATA[60]]></id_carrier>
<delimiter1><![CDATA[0.000000]]></delimiter1>
<delimiter2><![CDATA[10000.000000]]></delimiter2>
</range_weight>
<range_weight><id_range_weight><![CDATA[18]]></id_range_weight>
<id_carrier><![CDATA[61]]></id_carrier>
<delimiter1><![CDATA[0.000000]]></delimiter1>
<delimiter2><![CDATA[10000.000000]]></delimiter2>
</range_weight>
<range_weight><id_range_weight><![CDATA[19]]></id_range_weight>
<id_carrier><![CDATA[62]]></id_carrier>
<delimiter1><![CDATA[0.000000]]></delimiter1>
<delimiter2><![CDATA[10000.000000]]></delimiter2>
</range_weight>
<range_weight><id_range_weight><![CDATA[17]]></id_range_weight>
<id_carrier><![CDATA[63]]></id_carrier>
<delimiter1><![CDATA[0.000000]]></delimiter1>
<delimiter2><![CDATA[10000.000000]]></delimiter2>
</range_weight>
<range_weight><id_range_weight><![CDATA[20]]></id_range_weight>
<id_carrier><![CDATA[64]]></id_carrier>
<delimiter1><![CDATA[0.000000]]></delimiter1>
<delimiter2><![CDATA[10000.000000]]></delimiter2>
</range_weight>
<range_weight><id_range_weight><![CDATA[21]]></id_range_weight>
<id_carrier><![CDATA[65]]></id_carrier>
<delimiter1><![CDATA[0.000000]]></delimiter1>
<delimiter2><![CDATA[10000.000000]]></delimiter2>
</range_weight>
<range_weight><id_range_weight><![CDATA[22]]></id_range_weight>
<id_carrier><![CDATA[66]]></id_carrier>
<delimiter1><![CDATA[0.000000]]></delimiter1>
<delimiter2><![CDATA[10000.000000]]></delimiter2>
</range_weight>
<range_weight><id_range_weight><![CDATA[23]]></id_range_weight>
<id_carrier><![CDATA[67]]></id_carrier>
<delimiter1><![CDATA[0.000000]]></delimiter1>
<delimiter2><![CDATA[10000.000000]]></delimiter2>
</range_weight>
<range_weight><id_range_weight><![CDATA[24]]></id_range_weight>
<id_carrier><![CDATA[68]]></id_carrier>
<delimiter1><![CDATA[0.000000]]></delimiter1>
<delimiter2><![CDATA[10000.000000]]></delimiter2>
</range_weight>
<range_weight><id_range_weight><![CDATA[25]]></id_range_weight>
<id_carrier><![CDATA[69]]></id_carrier>
<delimiter1><![CDATA[0.000000]]></delimiter1>
<delimiter2><![CDATA[10000.000000]]></delimiter2>
</range_weight>
<range_weight><id_range_weight><![CDATA[26]]></id_range_weight>
<id_carrier><![CDATA[70]]></id_carrier>
<delimiter1><![CDATA[0.000000]]></delimiter1>
<delimiter2><![CDATA[10000.000000]]></delimiter2>
</range_weight>
<range_weight><id_range_weight><![CDATA[27]]></id_range_weight>
<id_carrier><![CDATA[71]]></id_carrier>
<delimiter1><![CDATA[0.000000]]></delimiter1>
<delimiter2><![CDATA[10000.000000]]></delimiter2>
</range_weight>
<range_weight><id_range_weight><![CDATA[28]]></id_range_weight>
<id_carrier><![CDATA[72]]></id_carrier>
<delimiter1><![CDATA[0.000000]]></delimiter1>
<delimiter2><![CDATA[10000.000000]]></delimiter2>
</range_weight>
<range_weight><id_range_weight><![CDATA[29]]></id_range_weight>
<id_carrier><![CDATA[73]]></id_carrier>
<delimiter1><![CDATA[0.000000]]></delimiter1>
<delimiter2><![CDATA[10000.000000]]></delimiter2>
</range_weight>
<range_weight><id_range_weight><![CDATA[30]]></id_range_weight>
<id_carrier><![CDATA[74]]></id_carrier>
<delimiter1><![CDATA[0.000000]]></delimiter1>
<delimiter2><![CDATA[10000.000000]]></delimiter2>
</range_weight>
<range_weight><id_range_weight><![CDATA[31]]></id_range_weight>
<id_carrier><![CDATA[75]]></id_carrier>
<delimiter1><![CDATA[0.000000]]></delimiter1>
<delimiter2><![CDATA[10000.000000]]></delimiter2>
</range_weight>
<range_weight><id_range_weight><![CDATA[32]]></id_range_weight>
<id_carrier><![CDATA[76]]></id_carrier>
<delimiter1><![CDATA[0.000000]]></delimiter1>
<delimiter2><![CDATA[10000.000000]]></delimiter2>
</range_weight>
<range_weight><id_range_weight><![CDATA[33]]></id_range_weight>
<id_carrier><![CDATA[77]]></id_carrier>
<delimiter1><![CDATA[0.000000]]></delimiter1>
<delimiter2><![CDATA[10000.000000]]></delimiter2>
</range_weight>
<range_weight><id_range_weight><![CDATA[34]]></id_range_weight>
<id_carrier><![CDATA[78]]></id_carrier>
<delimiter1><![CDATA[0.000000]]></delimiter1>
<delimiter2><![CDATA[10000.000000]]></delimiter2>
</range_weight>
<range_weight><id_range_weight><![CDATA[35]]></id_range_weight>
<id_carrier><![CDATA[79]]></id_carrier>
<delimiter1><![CDATA[0.000000]]></delimiter1>
<delimiter2><![CDATA[10000.000000]]></delimiter2>
</range_weight>
<range_weight><id_range_weight><![CDATA[36]]></id_range_weight>
<id_carrier><![CDATA[80]]></id_carrier>
<delimiter1><![CDATA[0.000000]]></delimiter1>
<delimiter2><![CDATA[1.000000]]></delimiter2>
</range_weight>
<range_weight><id_range_weight><![CDATA[37]]></id_range_weight>
<id_carrier><![CDATA[81]]></id_carrier>
<delimiter1><![CDATA[0.000000]]></delimiter1>
<delimiter2><![CDATA[0.030000]]></delimiter2>
</range_weight>
<range_weight><id_range_weight><![CDATA[38]]></id_range_weight>
<id_carrier><![CDATA[82]]></id_carrier>
<delimiter1><![CDATA[0.000000]]></delimiter1>
<delimiter2><![CDATA[0.030000]]></delimiter2>
</range_weight>
<range_weight><id_range_weight><![CDATA[39]]></id_range_weight>
<id_carrier><![CDATA[83]]></id_carrier>
<delimiter1><![CDATA[0.000000]]></delimiter1>
<delimiter2><![CDATA[0.030000]]></delimiter2>
</range_weight>
<range_weight><id_range_weight><![CDATA[40]]></id_range_weight>
<id_carrier><![CDATA[84]]></id_carrier>
<delimiter1><![CDATA[0.000000]]></delimiter1>
<delimiter2><![CDATA[0.030000]]></delimiter2>
</range_weight>
<range_weight><id_range_weight><![CDATA[41]]></id_range_weight>
<id_carrier><![CDATA[85]]></id_carrier>
<delimiter1><![CDATA[0.000000]]></delimiter1>
<delimiter2><![CDATA[0.038000]]></delimiter2>
</range_weight>
<range_weight><id_range_weight><![CDATA[42]]></id_range_weight>
<id_carrier><![CDATA[86]]></id_carrier>
<delimiter1><![CDATA[0.000000]]></delimiter1>
<delimiter2><![CDATA[0.038000]]></delimiter2>
</range_weight>
<range_weight><id_range_weight><![CDATA[43]]></id_range_weight>
<id_carrier><![CDATA[87]]></id_carrier>
<delimiter1><![CDATA[0.000000]]></delimiter1>
<delimiter2><![CDATA[0.030000]]></delimiter2>
</range_weight>
<range_weight><id_range_weight><![CDATA[44]]></id_range_weight>
<id_carrier><![CDATA[88]]></id_carrier>
<delimiter1><![CDATA[0.000000]]></delimiter1>
<delimiter2><![CDATA[0.038000]]></delimiter2>
</range_weight>
<range_weight><id_range_weight><![CDATA[45]]></id_range_weight>
<id_carrier><![CDATA[89]]></id_carrier>
<delimiter1><![CDATA[0.000000]]></delimiter1>
<delimiter2><![CDATA[0.030000]]></delimiter2>
</range_weight>
<range_weight><id_range_weight><![CDATA[46]]></id_range_weight>
<id_carrier><![CDATA[90]]></id_carrier>
<delimiter1><![CDATA[0.500000]]></delimiter1>
<delimiter2><![CDATA[10000.000000]]></delimiter2>
</range_weight>
<range_weight><id_range_weight><![CDATA[47]]></id_range_weight>
<id_carrier><![CDATA[91]]></id_carrier>
<delimiter1><![CDATA[0.500000]]></delimiter1>
<delimiter2><![CDATA[10000.000000]]></delimiter2>
</range_weight>
<range_weight><id_range_weight><![CDATA[48]]></id_range_weight>
<id_carrier><![CDATA[92]]></id_carrier>
<delimiter1><![CDATA[0.500000]]></delimiter1>
<delimiter2><![CDATA[10000.000000]]></delimiter2>
</range_weight>
<range_weight><id_range_weight><![CDATA[49]]></id_range_weight>
<id_carrier><![CDATA[93]]></id_carrier>
<delimiter1><![CDATA[0.050000]]></delimiter1>
<delimiter2><![CDATA[10000.000000]]></delimiter2>
</range_weight>
<range_weight><id_range_weight><![CDATA[50]]></id_range_weight>
<id_carrier><![CDATA[94]]></id_carrier>
<delimiter1><![CDATA[0.050000]]></delimiter1>
<delimiter2><![CDATA[10000.000000]]></delimiter2>
</range_weight>
<range_weight><id_range_weight><![CDATA[51]]></id_range_weight>
<id_carrier><![CDATA[95]]></id_carrier>
<delimiter1><![CDATA[0.050000]]></delimiter1>
<delimiter2><![CDATA[10000.000000]]></delimiter2>
</range_weight>
<range_weight><id_range_weight><![CDATA[52]]></id_range_weight>
<id_carrier><![CDATA[96]]></id_carrier>
<delimiter1><![CDATA[0.050000]]></delimiter1>
<delimiter2><![CDATA[10000.000000]]></delimiter2>
</range_weight>
<range_weight><id_range_weight><![CDATA[53]]></id_range_weight>
<id_carrier><![CDATA[97]]></id_carrier>
<delimiter1><![CDATA[0.000000]]></delimiter1>
<delimiter2><![CDATA[0.030000]]></delimiter2>
</range_weight>
<range_weight><id_range_weight><![CDATA[54]]></id_range_weight>
<id_carrier><![CDATA[98]]></id_carrier>
<delimiter1><![CDATA[0.033000]]></delimiter1>
<delimiter2><![CDATA[10000.000000]]></delimiter2>
</range_weight>
<range_weight><id_range_weight><![CDATA[55]]></id_range_weight>
<id_carrier><![CDATA[99]]></id_carrier>
<delimiter1><![CDATA[0.000000]]></delimiter1>
<delimiter2><![CDATA[0.030000]]></delimiter2>
</range_weight>
<range_weight><id_range_weight><![CDATA[56]]></id_range_weight>
<id_carrier><![CDATA[100]]></id_carrier>
<delimiter1><![CDATA[0.000000]]></delimiter1>
<delimiter2><![CDATA[0.030000]]></delimiter2>
</range_weight>
<range_weight><id_range_weight><![CDATA[57]]></id_range_weight>
<id_carrier><![CDATA[100]]></id_carrier>
<delimiter1><![CDATA[0.030000]]></delimiter1>
<delimiter2><![CDATA[0.040000]]></delimiter2>
</range_weight>
<range_weight><id_range_weight><![CDATA[58]]></id_range_weight>
<id_carrier><![CDATA[101]]></id_carrier>
<delimiter1><![CDATA[0.000000]]></delimiter1>
<delimiter2><![CDATA[0.030000]]></delimiter2>
</range_weight>
<range_weight><id_range_weight><![CDATA[59]]></id_range_weight>
<id_carrier><![CDATA[101]]></id_carrier>
<delimiter1><![CDATA[0.031000]]></delimiter1>
<delimiter2><![CDATA[0.040000]]></delimiter2>
</range_weight>
<range_weight><id_range_weight><![CDATA[60]]></id_range_weight>
<id_carrier><![CDATA[102]]></id_carrier>
<delimiter1><![CDATA[0.000000]]></delimiter1>
<delimiter2><![CDATA[0.030000]]></delimiter2>
</range_weight>
<range_weight><id_range_weight><![CDATA[61]]></id_range_weight>
<id_carrier><![CDATA[102]]></id_carrier>
<delimiter1><![CDATA[0.031000]]></delimiter1>
<delimiter2><![CDATA[0.040000]]></delimiter2>
</range_weight>
<range_weight><id_range_weight><![CDATA[62]]></id_range_weight>
<id_carrier><![CDATA[103]]></id_carrier>
<delimiter1><![CDATA[0.000000]]></delimiter1>
<delimiter2><![CDATA[0.030000]]></delimiter2>
</range_weight>
<range_weight><id_range_weight><![CDATA[63]]></id_range_weight>
<id_carrier><![CDATA[104]]></id_carrier>
<delimiter1><![CDATA[0.000000]]></delimiter1>
<delimiter2><![CDATA[0.030000]]></delimiter2>
</range_weight>
<range_weight><id_range_weight><![CDATA[64]]></id_range_weight>
<id_carrier><![CDATA[104]]></id_carrier>
<delimiter1><![CDATA[0.030000]]></delimiter1>
<delimiter2><![CDATA[0.060000]]></delimiter2>
</range_weight>
<range_weight><id_range_weight><![CDATA[65]]></id_range_weight>
<id_carrier><![CDATA[105]]></id_carrier>
<delimiter1><![CDATA[0.000000]]></delimiter1>
<delimiter2><![CDATA[0.031000]]></delimiter2>
</range_weight>
<range_weight><id_range_weight><![CDATA[66]]></id_range_weight>
<id_carrier><![CDATA[105]]></id_carrier>
<delimiter1><![CDATA[0.031000]]></delimiter1>
<delimiter2><![CDATA[0.060000]]></delimiter2>
</range_weight>
<range_weight><id_range_weight><![CDATA[67]]></id_range_weight>
<id_carrier><![CDATA[106]]></id_carrier>
<delimiter1><![CDATA[0.000000]]></delimiter1>
<delimiter2><![CDATA[0.030000]]></delimiter2>
</range_weight>
<range_weight><id_range_weight><![CDATA[68]]></id_range_weight>
<id_carrier><![CDATA[107]]></id_carrier>
<delimiter1><![CDATA[0.000000]]></delimiter1>
<delimiter2><![CDATA[0.029000]]></delimiter2>
</range_weight>
<range_weight><id_range_weight><![CDATA[69]]></id_range_weight>
<id_carrier><![CDATA[107]]></id_carrier>
<delimiter1><![CDATA[0.029000]]></delimiter1>
<delimiter2><![CDATA[59.000000]]></delimiter2>
</range_weight>
<range_weight><id_range_weight><![CDATA[70]]></id_range_weight>
<id_carrier><![CDATA[108]]></id_carrier>
<delimiter1><![CDATA[0.000000]]></delimiter1>
<delimiter2><![CDATA[0.029000]]></delimiter2>
</range_weight>
<range_weight><id_range_weight><![CDATA[71]]></id_range_weight>
<id_carrier><![CDATA[108]]></id_carrier>
<delimiter1><![CDATA[0.029000]]></delimiter1>
<delimiter2><![CDATA[0.058000]]></delimiter2>
</range_weight>
<range_weight><id_range_weight><![CDATA[72]]></id_range_weight>
<id_carrier><![CDATA[108]]></id_carrier>
<delimiter1><![CDATA[0.058000]]></delimiter1>
<delimiter2><![CDATA[0.116000]]></delimiter2>
</range_weight>
<range_weight><id_range_weight><![CDATA[73]]></id_range_weight>
<id_carrier><![CDATA[108]]></id_carrier>
<delimiter1><![CDATA[0.116000]]></delimiter1>
<delimiter2><![CDATA[0.232000]]></delimiter2>
</range_weight>
<range_weight><id_range_weight><![CDATA[74]]></id_range_weight>
<id_carrier><![CDATA[109]]></id_carrier>
<delimiter1><![CDATA[0.000000]]></delimiter1>
<delimiter2><![CDATA[10000.000000]]></delimiter2>
</range_weight>
<range_weight><id_range_weight><![CDATA[75]]></id_range_weight>
<id_carrier><![CDATA[110]]></id_carrier>
<delimiter1><![CDATA[0.000000]]></delimiter1>
<delimiter2><![CDATA[10000.000000]]></delimiter2>
</range_weight>
<range_weight><id_range_weight><![CDATA[76]]></id_range_weight>
<id_carrier><![CDATA[111]]></id_carrier>
<delimiter1><![CDATA[0.000000]]></delimiter1>
<delimiter2><![CDATA[10000.000000]]></delimiter2>
</range_weight>
<range_weight><id_range_weight><![CDATA[77]]></id_range_weight>
<id_carrier><![CDATA[112]]></id_carrier>
<delimiter1><![CDATA[0.000000]]></delimiter1>
<delimiter2><![CDATA[10000.000000]]></delimiter2>
</range_weight>
<range_weight><id_range_weight><![CDATA[78]]></id_range_weight>
<id_carrier><![CDATA[113]]></id_carrier>
<delimiter1><![CDATA[0.000000]]></delimiter1>
<delimiter2><![CDATA[10000.000000]]></delimiter2>
</range_weight>
<range_weight><id_range_weight><![CDATA[79]]></id_range_weight>
<id_carrier><![CDATA[114]]></id_carrier>
<delimiter1><![CDATA[0.000000]]></delimiter1>
<delimiter2><![CDATA[10000.000000]]></delimiter2>
</range_weight>
<range_weight><id_range_weight><![CDATA[80]]></id_range_weight>
<id_carrier><![CDATA[115]]></id_carrier>
<delimiter1><![CDATA[1.000000]]></delimiter1>
<delimiter2><![CDATA[10000.000000]]></delimiter2>
</range_weight>
<range_weight><id_range_weight><![CDATA[81]]></id_range_weight>
<id_carrier><![CDATA[116]]></id_carrier>
<delimiter1><![CDATA[1.000000]]></delimiter1>
<delimiter2><![CDATA[10000.000000]]></delimiter2>
</range_weight>
<range_weight><id_range_weight><![CDATA[82]]></id_range_weight>
<id_carrier><![CDATA[117]]></id_carrier>
<delimiter1><![CDATA[0.050000]]></delimiter1>
<delimiter2><![CDATA[10000.000000]]></delimiter2>
</range_weight>
<range_weight><id_range_weight><![CDATA[83]]></id_range_weight>
<id_carrier><![CDATA[118]]></id_carrier>
<delimiter1><![CDATA[0.050000]]></delimiter1>
<delimiter2><![CDATA[10000.000000]]></delimiter2>
</range_weight>
<range_weight><id_range_weight><![CDATA[84]]></id_range_weight>
<id_carrier><![CDATA[119]]></id_carrier>
<delimiter1><![CDATA[0.050000]]></delimiter1>
<delimiter2><![CDATA[10000.000000]]></delimiter2>
</range_weight>
<range_weight><id_range_weight><![CDATA[85]]></id_range_weight>
<id_carrier><![CDATA[120]]></id_carrier>
<delimiter1><![CDATA[0.050000]]></delimiter1>
<delimiter2><![CDATA[10000.000000]]></delimiter2>
</range_weight>
<range_weight><id_range_weight><![CDATA[86]]></id_range_weight>
<id_carrier><![CDATA[121]]></id_carrier>
<delimiter1><![CDATA[0.050000]]></delimiter1>
<delimiter2><![CDATA[10000.000000]]></delimiter2>
</range_weight>
<range_weight><id_range_weight><![CDATA[87]]></id_range_weight>
<id_carrier><![CDATA[122]]></id_carrier>
<delimiter1><![CDATA[0.050000]]></delimiter1>
<delimiter2><![CDATA[10000.000000]]></delimiter2>
</range_weight>
<range_weight><id_range_weight><![CDATA[88]]></id_range_weight>
<id_carrier><![CDATA[123]]></id_carrier>
<delimiter1><![CDATA[0.050000]]></delimiter1>
<delimiter2><![CDATA[10000.000000]]></delimiter2>
</range_weight>
<range_weight><id_range_weight><![CDATA[89]]></id_range_weight>
<id_carrier><![CDATA[124]]></id_carrier>
<delimiter1><![CDATA[0.050000]]></delimiter1>
<delimiter2><![CDATA[10000.000000]]></delimiter2>
</range_weight>
<range_weight><id_range_weight><![CDATA[90]]></id_range_weight>
<id_carrier><![CDATA[125]]></id_carrier>
<delimiter1><![CDATA[0.050000]]></delimiter1>
<delimiter2><![CDATA[10000.000000]]></delimiter2>
</range_weight>
<range_weight><id_range_weight><![CDATA[91]]></id_range_weight>
<id_carrier><![CDATA[127]]></id_carrier>
<delimiter1><![CDATA[0.000000]]></delimiter1>
<delimiter2><![CDATA[0.000000]]></delimiter2>
</range_weight>
<range_weight><id_range_weight><![CDATA[92]]></id_range_weight>
<id_carrier><![CDATA[128]]></id_carrier>
<delimiter1><![CDATA[0.000000]]></delimiter1>
<delimiter2><![CDATA[0.029000]]></delimiter2>
</range_weight>
<range_weight><id_range_weight><![CDATA[93]]></id_range_weight>
<id_carrier><![CDATA[128]]></id_carrier>
<delimiter1><![CDATA[0.029000]]></delimiter1>
<delimiter2><![CDATA[0.058000]]></delimiter2>
</range_weight>
<range_weight><id_range_weight><![CDATA[94]]></id_range_weight>
<id_carrier><![CDATA[128]]></id_carrier>
<delimiter1><![CDATA[0.058000]]></delimiter1>
<delimiter2><![CDATA[0.116000]]></delimiter2>
</range_weight>
<range_weight><id_range_weight><![CDATA[95]]></id_range_weight>
<id_carrier><![CDATA[128]]></id_carrier>
<delimiter1><![CDATA[0.116000]]></delimiter1>
<delimiter2><![CDATA[0.232000]]></delimiter2>
</range_weight>
<range_weight><id_range_weight><![CDATA[96]]></id_range_weight>
<id_carrier><![CDATA[129]]></id_carrier>
<delimiter1><![CDATA[0.000000]]></delimiter1>
<delimiter2><![CDATA[0.029000]]></delimiter2>
</range_weight>
<range_weight><id_range_weight><![CDATA[97]]></id_range_weight>
<id_carrier><![CDATA[129]]></id_carrier>
<delimiter1><![CDATA[0.029000]]></delimiter1>
<delimiter2><![CDATA[0.058000]]></delimiter2>
</range_weight>
<range_weight><id_range_weight><![CDATA[98]]></id_range_weight>
<id_carrier><![CDATA[129]]></id_carrier>
<delimiter1><![CDATA[0.058000]]></delimiter1>
<delimiter2><![CDATA[0.116000]]></delimiter2>
</range_weight>
<range_weight><id_range_weight><![CDATA[99]]></id_range_weight>
<id_carrier><![CDATA[129]]></id_carrier>
<delimiter1><![CDATA[0.116000]]></delimiter1>
<delimiter2><![CDATA[0.232000]]></delimiter2>
</range_weight>
<range_weight><id_range_weight><![CDATA[100]]></id_range_weight>
<id_carrier><![CDATA[130]]></id_carrier>
<delimiter1><![CDATA[0.000000]]></delimiter1>
<delimiter2><![CDATA[0.029000]]></delimiter2>
</range_weight>
<range_weight><id_range_weight><![CDATA[101]]></id_range_weight>
<id_carrier><![CDATA[130]]></id_carrier>
<delimiter1><![CDATA[0.029000]]></delimiter1>
<delimiter2><![CDATA[0.058000]]></delimiter2>
</range_weight>
<range_weight><id_range_weight><![CDATA[102]]></id_range_weight>
<id_carrier><![CDATA[130]]></id_carrier>
<delimiter1><![CDATA[0.058000]]></delimiter1>
<delimiter2><![CDATA[0.116000]]></delimiter2>
</range_weight>
<range_weight><id_range_weight><![CDATA[103]]></id_range_weight>
<id_carrier><![CDATA[130]]></id_carrier>
<delimiter1><![CDATA[0.116000]]></delimiter1>
<delimiter2><![CDATA[0.232000]]></delimiter2>
</range_weight>
<range_weight><id_range_weight><![CDATA[104]]></id_range_weight>
<id_carrier><![CDATA[131]]></id_carrier>
<delimiter1><![CDATA[0.000000]]></delimiter1>
<delimiter2><![CDATA[0.029000]]></delimiter2>
</range_weight>
<range_weight><id_range_weight><![CDATA[105]]></id_range_weight>
<id_carrier><![CDATA[131]]></id_carrier>
<delimiter1><![CDATA[0.029000]]></delimiter1>
<delimiter2><![CDATA[0.058000]]></delimiter2>
</range_weight>
<range_weight><id_range_weight><![CDATA[106]]></id_range_weight>
<id_carrier><![CDATA[131]]></id_carrier>
<delimiter1><![CDATA[0.058000]]></delimiter1>
<delimiter2><![CDATA[0.116000]]></delimiter2>
</range_weight>
<range_weight><id_range_weight><![CDATA[107]]></id_range_weight>
<id_carrier><![CDATA[131]]></id_carrier>
<delimiter1><![CDATA[0.116000]]></delimiter1>
<delimiter2><![CDATA[0.232000]]></delimiter2>
</range_weight>
<range_weight><id_range_weight><![CDATA[108]]></id_range_weight>
<id_carrier><![CDATA[132]]></id_carrier>
<delimiter1><![CDATA[0.000000]]></delimiter1>
<delimiter2><![CDATA[0.030000]]></delimiter2>
</range_weight>
<range_weight><id_range_weight><![CDATA[109]]></id_range_weight>
<id_carrier><![CDATA[133]]></id_carrier>
<delimiter1><![CDATA[0.000000]]></delimiter1>
<delimiter2><![CDATA[0.000000]]></delimiter2>
</range_weight>
<range_weight><id_range_weight><![CDATA[110]]></id_range_weight>
<id_carrier><![CDATA[134]]></id_carrier>
<delimiter1><![CDATA[0.050000]]></delimiter1>
<delimiter2><![CDATA[10000.000000]]></delimiter2>
</range_weight>
<range_weight><id_range_weight><![CDATA[111]]></id_range_weight>
<id_carrier><![CDATA[135]]></id_carrier>
<delimiter1><![CDATA[0.050000]]></delimiter1>
<delimiter2><![CDATA[10000.000000]]></delimiter2>
</range_weight>
<range_weight><id_range_weight><![CDATA[112]]></id_range_weight>
<id_carrier><![CDATA[136]]></id_carrier>
<delimiter1><![CDATA[0.050000]]></delimiter1>
<delimiter2><![CDATA[10000.000000]]></delimiter2>
</range_weight>
<range_weight><id_range_weight><![CDATA[113]]></id_range_weight>
<id_carrier><![CDATA[137]]></id_carrier>
<delimiter1><![CDATA[0.050000]]></delimiter1>
<delimiter2><![CDATA[10000.000000]]></delimiter2>
</range_weight>
<range_weight><id_range_weight><![CDATA[114]]></id_range_weight>
<id_carrier><![CDATA[138]]></id_carrier>
<delimiter1><![CDATA[0.050000]]></delimiter1>
<delimiter2><![CDATA[10000.000000]]></delimiter2>
</range_weight>
<range_weight><id_range_weight><![CDATA[115]]></id_range_weight>
<id_carrier><![CDATA[139]]></id_carrier>
<delimiter1><![CDATA[0.000000]]></delimiter1>
<delimiter2><![CDATA[0.000000]]></delimiter2>
</range_weight>
<range_weight><id_range_weight><![CDATA[116]]></id_range_weight>
<id_carrier><![CDATA[140]]></id_carrier>
<delimiter1><![CDATA[0.000000]]></delimiter1>
<delimiter2><![CDATA[0.000000]]></delimiter2>
</range_weight>
<range_weight><id_range_weight><![CDATA[117]]></id_range_weight>
<id_carrier><![CDATA[141]]></id_carrier>
<delimiter1><![CDATA[0.000000]]></delimiter1>
<delimiter2><![CDATA[0.029000]]></delimiter2>
</range_weight>
<range_weight><id_range_weight><![CDATA[118]]></id_range_weight>
<id_carrier><![CDATA[141]]></id_carrier>
<delimiter1><![CDATA[0.029000]]></delimiter1>
<delimiter2><![CDATA[0.058000]]></delimiter2>
</range_weight>
<range_weight><id_range_weight><![CDATA[119]]></id_range_weight>
<id_carrier><![CDATA[141]]></id_carrier>
<delimiter1><![CDATA[0.058000]]></delimiter1>
<delimiter2><![CDATA[0.116000]]></delimiter2>
</range_weight>
<range_weight><id_range_weight><![CDATA[120]]></id_range_weight>
<id_carrier><![CDATA[141]]></id_carrier>
<delimiter1><![CDATA[0.116000]]></delimiter1>
<delimiter2><![CDATA[0.232000]]></delimiter2>
</range_weight>
<range_weight><id_range_weight><![CDATA[121]]></id_range_weight>
<id_carrier><![CDATA[142]]></id_carrier>
<delimiter1><![CDATA[0.000000]]></delimiter1>
<delimiter2><![CDATA[0.029000]]></delimiter2>
</range_weight>
<range_weight><id_range_weight><![CDATA[122]]></id_range_weight>
<id_carrier><![CDATA[142]]></id_carrier>
<delimiter1><![CDATA[0.029000]]></delimiter1>
<delimiter2><![CDATA[0.058000]]></delimiter2>
</range_weight>
<range_weight><id_range_weight><![CDATA[123]]></id_range_weight>
<id_carrier><![CDATA[142]]></id_carrier>
<delimiter1><![CDATA[0.058000]]></delimiter1>
<delimiter2><![CDATA[0.116000]]></delimiter2>
</range_weight>
<range_weight><id_range_weight><![CDATA[124]]></id_range_weight>
<id_carrier><![CDATA[142]]></id_carrier>
<delimiter1><![CDATA[0.116000]]></delimiter1>
<delimiter2><![CDATA[0.232000]]></delimiter2>
</range_weight>
<range_weight><id_range_weight><![CDATA[125]]></id_range_weight>
<id_carrier><![CDATA[143]]></id_carrier>
<delimiter1><![CDATA[0.000000]]></delimiter1>
<delimiter2><![CDATA[0.029000]]></delimiter2>
</range_weight>
<range_weight><id_range_weight><![CDATA[126]]></id_range_weight>
<id_carrier><![CDATA[143]]></id_carrier>
<delimiter1><![CDATA[0.029000]]></delimiter1>
<delimiter2><![CDATA[0.058000]]></delimiter2>
</range_weight>
<range_weight><id_range_weight><![CDATA[127]]></id_range_weight>
<id_carrier><![CDATA[143]]></id_carrier>
<delimiter1><![CDATA[0.058000]]></delimiter1>
<delimiter2><![CDATA[0.116000]]></delimiter2>
</range_weight>
<range_weight><id_range_weight><![CDATA[128]]></id_range_weight>
<id_carrier><![CDATA[143]]></id_carrier>
<delimiter1><![CDATA[0.116000]]></delimiter1>
<delimiter2><![CDATA[0.232000]]></delimiter2>
</range_weight>
<range_weight><id_range_weight><![CDATA[129]]></id_range_weight>
<id_carrier><![CDATA[144]]></id_carrier>
<delimiter1><![CDATA[0.000000]]></delimiter1>
<delimiter2><![CDATA[0.029000]]></delimiter2>
</range_weight>
<range_weight><id_range_weight><![CDATA[130]]></id_range_weight>
<id_carrier><![CDATA[144]]></id_carrier>
<delimiter1><![CDATA[0.029000]]></delimiter1>
<delimiter2><![CDATA[0.058000]]></delimiter2>
</range_weight>
<range_weight><id_range_weight><![CDATA[131]]></id_range_weight>
<id_carrier><![CDATA[144]]></id_carrier>
<delimiter1><![CDATA[0.058000]]></delimiter1>
<delimiter2><![CDATA[0.116000]]></delimiter2>
</range_weight>
<range_weight><id_range_weight><![CDATA[132]]></id_range_weight>
<id_carrier><![CDATA[144]]></id_carrier>
<delimiter1><![CDATA[0.116000]]></delimiter1>
<delimiter2><![CDATA[0.232000]]></delimiter2>
</range_weight>
<range_weight><id_range_weight><![CDATA[133]]></id_range_weight>
<id_carrier><![CDATA[145]]></id_carrier>
<delimiter1><![CDATA[0.000000]]></delimiter1>
<delimiter2><![CDATA[0.029000]]></delimiter2>
</range_weight>
<range_weight><id_range_weight><![CDATA[134]]></id_range_weight>
<id_carrier><![CDATA[145]]></id_carrier>
<delimiter1><![CDATA[0.029000]]></delimiter1>
<delimiter2><![CDATA[0.058000]]></delimiter2>
</range_weight>
<range_weight><id_range_weight><![CDATA[135]]></id_range_weight>
<id_carrier><![CDATA[145]]></id_carrier>
<delimiter1><![CDATA[0.058000]]></delimiter1>
<delimiter2><![CDATA[0.116000]]></delimiter2>
</range_weight>
<range_weight><id_range_weight><![CDATA[136]]></id_range_weight>
<id_carrier><![CDATA[145]]></id_carrier>
<delimiter1><![CDATA[0.116000]]></delimiter1>
<delimiter2><![CDATA[0.232000]]></delimiter2>
</range_weight>
<range_weight><id_range_weight><![CDATA[137]]></id_range_weight>
<id_carrier><![CDATA[146]]></id_carrier>
<delimiter1><![CDATA[0.050000]]></delimiter1>
<delimiter2><![CDATA[10000.000000]]></delimiter2>
</range_weight>
<range_weight><id_range_weight><![CDATA[138]]></id_range_weight>
<id_carrier><![CDATA[147]]></id_carrier>
<delimiter1><![CDATA[0.000000]]></delimiter1>
<delimiter2><![CDATA[0.000000]]></delimiter2>
</range_weight>
<range_weight><id_range_weight><![CDATA[139]]></id_range_weight>
<id_carrier><![CDATA[148]]></id_carrier>
<delimiter1><![CDATA[0.050000]]></delimiter1>
<delimiter2><![CDATA[10000.000000]]></delimiter2>
</range_weight>
<range_weight><id_range_weight><![CDATA[140]]></id_range_weight>
<id_carrier><![CDATA[149]]></id_carrier>
<delimiter1><![CDATA[0.050000]]></delimiter1>
<delimiter2><![CDATA[10000.000000]]></delimiter2>
</range_weight>
<range_weight><id_range_weight><![CDATA[141]]></id_range_weight>
<id_carrier><![CDATA[150]]></id_carrier>
<delimiter1><![CDATA[0.050000]]></delimiter1>
<delimiter2><![CDATA[10000.000000]]></delimiter2>
</range_weight>
<range_weight><id_range_weight><![CDATA[142]]></id_range_weight>
<id_carrier><![CDATA[151]]></id_carrier>
<delimiter1><![CDATA[0.050000]]></delimiter1>
<delimiter2><![CDATA[10000.000000]]></delimiter2>
</range_weight>
<range_weight><id_range_weight><![CDATA[143]]></id_range_weight>
<id_carrier><![CDATA[152]]></id_carrier>
<delimiter1><![CDATA[0.050000]]></delimiter1>
<delimiter2><![CDATA[10000.000000]]></delimiter2>
</range_weight>
<range_weight><id_range_weight><![CDATA[144]]></id_range_weight>
<id_carrier><![CDATA[153]]></id_carrier>
<delimiter1><![CDATA[0.033000]]></delimiter1>
<delimiter2><![CDATA[10000.000000]]></delimiter2>
</range_weight>
<range_weight><id_range_weight><![CDATA[145]]></id_range_weight>
<id_carrier><![CDATA[154]]></id_carrier>
<delimiter1><![CDATA[0.000000]]></delimiter1>
<delimiter2><![CDATA[0.030000]]></delimiter2>
</range_weight>
<range_weight><id_range_weight><![CDATA[146]]></id_range_weight>
<id_carrier><![CDATA[155]]></id_carrier>
<delimiter1><![CDATA[0.050000]]></delimiter1>
<delimiter2><![CDATA[20000.000000]]></delimiter2>
</range_weight>
<range_weight><id_range_weight><![CDATA[147]]></id_range_weight>
<id_carrier><![CDATA[156]]></id_carrier>
<delimiter1><![CDATA[0.050000]]></delimiter1>
<delimiter2><![CDATA[20000.000000]]></delimiter2>
</range_weight>
<range_weight><id_range_weight><![CDATA[148]]></id_range_weight>
<id_carrier><![CDATA[157]]></id_carrier>
<delimiter1><![CDATA[0.050000]]></delimiter1>
<delimiter2><![CDATA[20000.000000]]></delimiter2>
</range_weight>
<range_weight><id_range_weight><![CDATA[149]]></id_range_weight>
<id_carrier><![CDATA[158]]></id_carrier>
<delimiter1><![CDATA[0.050000]]></delimiter1>
<delimiter2><![CDATA[20000.000000]]></delimiter2>
</range_weight>
<range_weight><id_range_weight><![CDATA[150]]></id_range_weight>
<id_carrier><![CDATA[159]]></id_carrier>
<delimiter1><![CDATA[0.000000]]></delimiter1>
<delimiter2><![CDATA[0.000000]]></delimiter2>
</range_weight>
<range_weight><id_range_weight><![CDATA[151]]></id_range_weight>
<id_carrier><![CDATA[160]]></id_carrier>
<delimiter1><![CDATA[0.000000]]></delimiter1>
<delimiter2><![CDATA[0.000000]]></delimiter2>
</range_weight>
<range_weight><id_range_weight><![CDATA[152]]></id_range_weight>
<id_carrier><![CDATA[161]]></id_carrier>
<delimiter1><![CDATA[0.000000]]></delimiter1>
<delimiter2><![CDATA[0.000000]]></delimiter2>
</range_weight>
<range_weight><id_range_weight><![CDATA[153]]></id_range_weight>
<id_carrier><![CDATA[162]]></id_carrier>
<delimiter1><![CDATA[0.050000]]></delimiter1>
<delimiter2><![CDATA[20000.000000]]></delimiter2>
</range_weight>
<range_weight><id_range_weight><![CDATA[154]]></id_range_weight>
<id_carrier><![CDATA[163]]></id_carrier>
<delimiter1><![CDATA[1.000000]]></delimiter1>
<delimiter2><![CDATA[10000.000000]]></delimiter2>
</range_weight>
<range_weight><id_range_weight><![CDATA[155]]></id_range_weight>
<id_carrier><![CDATA[164]]></id_carrier>
<delimiter1><![CDATA[0.000000]]></delimiter1>
<delimiter2><![CDATA[10000.000000]]></delimiter2>
</range_weight>
<range_weight><id_range_weight><![CDATA[156]]></id_range_weight>
<id_carrier><![CDATA[165]]></id_carrier>
<delimiter1><![CDATA[0.000000]]></delimiter1>
<delimiter2><![CDATA[10000.000000]]></delimiter2>
</range_weight>
<range_weight><id_range_weight><![CDATA[157]]></id_range_weight>
<id_carrier><![CDATA[166]]></id_carrier>
<delimiter1><![CDATA[1.000000]]></delimiter1>
<delimiter2><![CDATA[10000.000000]]></delimiter2>
</range_weight>
<range_weight><id_range_weight><![CDATA[158]]></id_range_weight>
<id_carrier><![CDATA[167]]></id_carrier>
<delimiter1><![CDATA[0.000000]]></delimiter1>
<delimiter2><![CDATA[10000.000000]]></delimiter2>
</range_weight>
<range_weight><id_range_weight><![CDATA[159]]></id_range_weight>
<id_carrier><![CDATA[168]]></id_carrier>
<delimiter1><![CDATA[0.000000]]></delimiter1>
<delimiter2><![CDATA[10.000000]]></delimiter2>
</range_weight>
<range_weight><id_range_weight><![CDATA[160]]></id_range_weight>
<id_carrier><![CDATA[170]]></id_carrier>
<delimiter1><![CDATA[0.000000]]></delimiter1>
<delimiter2><![CDATA[2.000000]]></delimiter2>
</range_weight>
<range_weight><id_range_weight><![CDATA[161]]></id_range_weight>
<id_carrier><![CDATA[171]]></id_carrier>
<delimiter1><![CDATA[0.033000]]></delimiter1>
<delimiter2><![CDATA[0.500000]]></delimiter2>
</range_weight>
<range_weight><id_range_weight><![CDATA[162]]></id_range_weight>
<id_carrier><![CDATA[172]]></id_carrier>
<delimiter1><![CDATA[0.000000]]></delimiter1>
<delimiter2><![CDATA[10000.000000]]></delimiter2>
</range_weight>
<range_weight><id_range_weight><![CDATA[163]]></id_range_weight>
<id_carrier><![CDATA[173]]></id_carrier>
<delimiter1><![CDATA[30.000000]]></delimiter1>
<delimiter2><![CDATA[40.000100]]></delimiter2>
</range_weight>
<range_weight><id_range_weight><![CDATA[164]]></id_range_weight>
<id_carrier><![CDATA[174]]></id_carrier>
<delimiter1><![CDATA[0.000000]]></delimiter1>
<delimiter2><![CDATA[0.029000]]></delimiter2>
</range_weight>
<range_weight><id_range_weight><![CDATA[165]]></id_range_weight>
<id_carrier><![CDATA[174]]></id_carrier>
<delimiter1><![CDATA[0.029000]]></delimiter1>
<delimiter2><![CDATA[0.058000]]></delimiter2>
</range_weight>
<range_weight><id_range_weight><![CDATA[166]]></id_range_weight>
<id_carrier><![CDATA[174]]></id_carrier>
<delimiter1><![CDATA[0.058000]]></delimiter1>
<delimiter2><![CDATA[0.116000]]></delimiter2>
</range_weight>
<range_weight><id_range_weight><![CDATA[167]]></id_range_weight>
<id_carrier><![CDATA[174]]></id_carrier>
<delimiter1><![CDATA[0.116000]]></delimiter1>
<delimiter2><![CDATA[0.232000]]></delimiter2>
</range_weight>
<range_weight><id_range_weight><![CDATA[168]]></id_range_weight>
<id_carrier><![CDATA[174]]></id_carrier>
<delimiter1><![CDATA[0.232000]]></delimiter1>
<delimiter2><![CDATA[4.000000]]></delimiter2>
</range_weight>
<range_weight><id_range_weight><![CDATA[169]]></id_range_weight>
<id_carrier><![CDATA[175]]></id_carrier>
<delimiter1><![CDATA[0.000000]]></delimiter1>
<delimiter2><![CDATA[0.029000]]></delimiter2>
</range_weight>
<range_weight><id_range_weight><![CDATA[170]]></id_range_weight>
<id_carrier><![CDATA[175]]></id_carrier>
<delimiter1><![CDATA[0.029000]]></delimiter1>
<delimiter2><![CDATA[0.058000]]></delimiter2>
</range_weight>
<range_weight><id_range_weight><![CDATA[171]]></id_range_weight>
<id_carrier><![CDATA[175]]></id_carrier>
<delimiter1><![CDATA[0.058000]]></delimiter1>
<delimiter2><![CDATA[0.116000]]></delimiter2>
</range_weight>
<range_weight><id_range_weight><![CDATA[172]]></id_range_weight>
<id_carrier><![CDATA[175]]></id_carrier>
<delimiter1><![CDATA[0.116000]]></delimiter1>
<delimiter2><![CDATA[0.232000]]></delimiter2>
</range_weight>
<range_weight><id_range_weight><![CDATA[173]]></id_range_weight>
<id_carrier><![CDATA[175]]></id_carrier>
<delimiter1><![CDATA[0.232000]]></delimiter1>
<delimiter2><![CDATA[4.000000]]></delimiter2>
</range_weight>
<range_weight><id_range_weight><![CDATA[174]]></id_range_weight>
<id_carrier><![CDATA[176]]></id_carrier>
<delimiter1><![CDATA[0.000000]]></delimiter1>
<delimiter2><![CDATA[0.029000]]></delimiter2>
</range_weight>
<range_weight><id_range_weight><![CDATA[175]]></id_range_weight>
<id_carrier><![CDATA[176]]></id_carrier>
<delimiter1><![CDATA[0.029000]]></delimiter1>
<delimiter2><![CDATA[0.058000]]></delimiter2>
</range_weight>
<range_weight><id_range_weight><![CDATA[176]]></id_range_weight>
<id_carrier><![CDATA[176]]></id_carrier>
<delimiter1><![CDATA[0.058000]]></delimiter1>
<delimiter2><![CDATA[0.116000]]></delimiter2>
</range_weight>
<range_weight><id_range_weight><![CDATA[177]]></id_range_weight>
<id_carrier><![CDATA[176]]></id_carrier>
<delimiter1><![CDATA[0.116000]]></delimiter1>
<delimiter2><![CDATA[0.232000]]></delimiter2>
</range_weight>
<range_weight><id_range_weight><![CDATA[178]]></id_range_weight>
<id_carrier><![CDATA[177]]></id_carrier>
<delimiter1><![CDATA[0.050000]]></delimiter1>
<delimiter2><![CDATA[20000.000000]]></delimiter2>
</range_weight>
<range_weight><id_range_weight><![CDATA[179]]></id_range_weight>
<id_carrier><![CDATA[178]]></id_carrier>
<delimiter1><![CDATA[0.000000]]></delimiter1>
<delimiter2><![CDATA[0.000000]]></delimiter2>
</range_weight>
<range_weight><id_range_weight><![CDATA[180]]></id_range_weight>
<id_carrier><![CDATA[179]]></id_carrier>
<delimiter1><![CDATA[0.050000]]></delimiter1>
<delimiter2><![CDATA[10000.000000]]></delimiter2>
</range_weight>
<range_weight><id_range_weight><![CDATA[181]]></id_range_weight>
<id_carrier><![CDATA[180]]></id_carrier>
<delimiter1><![CDATA[0.000000]]></delimiter1>
<delimiter2><![CDATA[0.029000]]></delimiter2>
</range_weight>
<range_weight><id_range_weight><![CDATA[182]]></id_range_weight>
<id_carrier><![CDATA[180]]></id_carrier>
<delimiter1><![CDATA[0.029000]]></delimiter1>
<delimiter2><![CDATA[0.058000]]></delimiter2>
</range_weight>
<range_weight><id_range_weight><![CDATA[183]]></id_range_weight>
<id_carrier><![CDATA[180]]></id_carrier>
<delimiter1><![CDATA[0.058000]]></delimiter1>
<delimiter2><![CDATA[0.116000]]></delimiter2>
</range_weight>
<range_weight><id_range_weight><![CDATA[184]]></id_range_weight>
<id_carrier><![CDATA[180]]></id_carrier>
<delimiter1><![CDATA[0.116000]]></delimiter1>
<delimiter2><![CDATA[0.232000]]></delimiter2>
</range_weight>
<range_weight><id_range_weight><![CDATA[185]]></id_range_weight>
<id_carrier><![CDATA[181]]></id_carrier>
<delimiter1><![CDATA[0.000000]]></delimiter1>
<delimiter2><![CDATA[0.029000]]></delimiter2>
</range_weight>
<range_weight><id_range_weight><![CDATA[186]]></id_range_weight>
<id_carrier><![CDATA[181]]></id_carrier>
<delimiter1><![CDATA[0.029000]]></delimiter1>
<delimiter2><![CDATA[0.058000]]></delimiter2>
</range_weight>
<range_weight><id_range_weight><![CDATA[187]]></id_range_weight>
<id_carrier><![CDATA[181]]></id_carrier>
<delimiter1><![CDATA[0.058000]]></delimiter1>
<delimiter2><![CDATA[0.116000]]></delimiter2>
</range_weight>
<range_weight><id_range_weight><![CDATA[188]]></id_range_weight>
<id_carrier><![CDATA[181]]></id_carrier>
<delimiter1><![CDATA[0.116000]]></delimiter1>
<delimiter2><![CDATA[0.232000]]></delimiter2>
</range_weight>
<range_weight><id_range_weight><![CDATA[189]]></id_range_weight>
<id_carrier><![CDATA[182]]></id_carrier>
<delimiter1><![CDATA[0.000000]]></delimiter1>
<delimiter2><![CDATA[0.029000]]></delimiter2>
</range_weight>
<range_weight><id_range_weight><![CDATA[190]]></id_range_weight>
<id_carrier><![CDATA[182]]></id_carrier>
<delimiter1><![CDATA[0.029000]]></delimiter1>
<delimiter2><![CDATA[0.058000]]></delimiter2>
</range_weight>
<range_weight><id_range_weight><![CDATA[191]]></id_range_weight>
<id_carrier><![CDATA[182]]></id_carrier>
<delimiter1><![CDATA[0.058000]]></delimiter1>
<delimiter2><![CDATA[0.116000]]></delimiter2>
</range_weight>
<range_weight><id_range_weight><![CDATA[192]]></id_range_weight>
<id_carrier><![CDATA[182]]></id_carrier>
<delimiter1><![CDATA[0.116000]]></delimiter1>
<delimiter2><![CDATA[0.232000]]></delimiter2>
</range_weight>
<range_weight><id_range_weight><![CDATA[193]]></id_range_weight>
<id_carrier><![CDATA[183]]></id_carrier>
<delimiter1><![CDATA[0.000000]]></delimiter1>
<delimiter2><![CDATA[0.029000]]></delimiter2>
</range_weight>
<range_weight><id_range_weight><![CDATA[194]]></id_range_weight>
<id_carrier><![CDATA[183]]></id_carrier>
<delimiter1><![CDATA[0.029000]]></delimiter1>
<delimiter2><![CDATA[0.058000]]></delimiter2>
</range_weight>
<range_weight><id_range_weight><![CDATA[195]]></id_range_weight>
<id_carrier><![CDATA[183]]></id_carrier>
<delimiter1><![CDATA[0.058000]]></delimiter1>
<delimiter2><![CDATA[0.116000]]></delimiter2>
</range_weight>
<range_weight><id_range_weight><![CDATA[196]]></id_range_weight>
<id_carrier><![CDATA[183]]></id_carrier>
<delimiter1><![CDATA[0.116000]]></delimiter1>
<delimiter2><![CDATA[0.232000]]></delimiter2>
</range_weight>
<range_weight><id_range_weight><![CDATA[197]]></id_range_weight>
<id_carrier><![CDATA[184]]></id_carrier>
<delimiter1><![CDATA[0.000000]]></delimiter1>
<delimiter2><![CDATA[0.029000]]></delimiter2>
</range_weight>
<range_weight><id_range_weight><![CDATA[198]]></id_range_weight>
<id_carrier><![CDATA[184]]></id_carrier>
<delimiter1><![CDATA[0.029000]]></delimiter1>
<delimiter2><![CDATA[0.058000]]></delimiter2>
</range_weight>
<range_weight><id_range_weight><![CDATA[199]]></id_range_weight>
<id_carrier><![CDATA[184]]></id_carrier>
<delimiter1><![CDATA[0.058000]]></delimiter1>
<delimiter2><![CDATA[0.116000]]></delimiter2>
</range_weight>
<range_weight><id_range_weight><![CDATA[200]]></id_range_weight>
<id_carrier><![CDATA[184]]></id_carrier>
<delimiter1><![CDATA[0.116000]]></delimiter1>
<delimiter2><![CDATA[0.232000]]></delimiter2>
</range_weight>
<range_weight><id_range_weight><![CDATA[201]]></id_range_weight>
<id_carrier><![CDATA[185]]></id_carrier>
<delimiter1><![CDATA[0.000000]]></delimiter1>
<delimiter2><![CDATA[0.029000]]></delimiter2>
</range_weight>
<range_weight><id_range_weight><![CDATA[202]]></id_range_weight>
<id_carrier><![CDATA[185]]></id_carrier>
<delimiter1><![CDATA[0.029000]]></delimiter1>
<delimiter2><![CDATA[0.058000]]></delimiter2>
</range_weight>
<range_weight><id_range_weight><![CDATA[203]]></id_range_weight>
<id_carrier><![CDATA[185]]></id_carrier>
<delimiter1><![CDATA[0.058000]]></delimiter1>
<delimiter2><![CDATA[0.116000]]></delimiter2>
</range_weight>
<range_weight><id_range_weight><![CDATA[204]]></id_range_weight>
<id_carrier><![CDATA[185]]></id_carrier>
<delimiter1><![CDATA[0.116000]]></delimiter1>
<delimiter2><![CDATA[0.232000]]></delimiter2>
</range_weight>
<range_weight><id_range_weight><![CDATA[205]]></id_range_weight>
<id_carrier><![CDATA[186]]></id_carrier>
<delimiter1><![CDATA[0.000000]]></delimiter1>
<delimiter2><![CDATA[0.030000]]></delimiter2>
</range_weight>
<range_weight><id_range_weight><![CDATA[206]]></id_range_weight>
<id_carrier><![CDATA[186]]></id_carrier>
<delimiter1><![CDATA[0.030000]]></delimiter1>
<delimiter2><![CDATA[0.100000]]></delimiter2>
</range_weight>
<range_weight><id_range_weight><![CDATA[207]]></id_range_weight>
<id_carrier><![CDATA[186]]></id_carrier>
<delimiter1><![CDATA[0.100000]]></delimiter1>
<delimiter2><![CDATA[0.200000]]></delimiter2>
</range_weight>
<range_weight><id_range_weight><![CDATA[208]]></id_range_weight>
<id_carrier><![CDATA[186]]></id_carrier>
<delimiter1><![CDATA[0.200000]]></delimiter1>
<delimiter2><![CDATA[0.300000]]></delimiter2>
</range_weight>
<range_weight><id_range_weight><![CDATA[209]]></id_range_weight>
<id_carrier><![CDATA[187]]></id_carrier>
<delimiter1><![CDATA[0.000000]]></delimiter1>
<delimiter2><![CDATA[2.000000]]></delimiter2>
</range_weight>
<range_weight><id_range_weight><![CDATA[210]]></id_range_weight>
<id_carrier><![CDATA[188]]></id_carrier>
<delimiter1><![CDATA[0.000000]]></delimiter1>
<delimiter2><![CDATA[2.000000]]></delimiter2>
</range_weight>
<range_weight><id_range_weight><![CDATA[211]]></id_range_weight>
<id_carrier><![CDATA[189]]></id_carrier>
<delimiter1><![CDATA[0.000000]]></delimiter1>
<delimiter2><![CDATA[2.000000]]></delimiter2>
</range_weight>
<range_weight><id_range_weight><![CDATA[212]]></id_range_weight>
<id_carrier><![CDATA[190]]></id_carrier>
<delimiter1><![CDATA[0.000000]]></delimiter1>
<delimiter2><![CDATA[2.000000]]></delimiter2>
</range_weight>
<range_weight><id_range_weight><![CDATA[213]]></id_range_weight>
<id_carrier><![CDATA[191]]></id_carrier>
<delimiter1><![CDATA[0.000000]]></delimiter1>
<delimiter2><![CDATA[2.000000]]></delimiter2>
</range_weight>
<range_weight><id_range_weight><![CDATA[214]]></id_range_weight>
<id_carrier><![CDATA[192]]></id_carrier>
<delimiter1><![CDATA[0.000000]]></delimiter1>
<delimiter2><![CDATA[2.000000]]></delimiter2>
</range_weight>
<range_weight><id_range_weight><![CDATA[215]]></id_range_weight>
<id_carrier><![CDATA[193]]></id_carrier>
<delimiter1><![CDATA[0.000000]]></delimiter1>
<delimiter2><![CDATA[2.000000]]></delimiter2>
</range_weight>
<range_weight><id_range_weight><![CDATA[216]]></id_range_weight>
<id_carrier><![CDATA[194]]></id_carrier>
<delimiter1><![CDATA[0.000000]]></delimiter1>
<delimiter2><![CDATA[0.100000]]></delimiter2>
</range_weight>
<range_weight><id_range_weight><![CDATA[217]]></id_range_weight>
<id_carrier><![CDATA[194]]></id_carrier>
<delimiter1><![CDATA[0.100000]]></delimiter1>
<delimiter2><![CDATA[0.300000]]></delimiter2>
</range_weight>
<range_weight><id_range_weight><![CDATA[218]]></id_range_weight>
<id_carrier><![CDATA[194]]></id_carrier>
<delimiter1><![CDATA[0.300000]]></delimiter1>
<delimiter2><![CDATA[0.500000]]></delimiter2>
</range_weight>
<range_weight><id_range_weight><![CDATA[219]]></id_range_weight>
<id_carrier><![CDATA[194]]></id_carrier>
<delimiter1><![CDATA[0.500000]]></delimiter1>
<delimiter2><![CDATA[3.000000]]></delimiter2>
</range_weight>
<range_weight><id_range_weight><![CDATA[220]]></id_range_weight>
<id_carrier><![CDATA[195]]></id_carrier>
<delimiter1><![CDATA[0.000000]]></delimiter1>
<delimiter2><![CDATA[0.100000]]></delimiter2>
</range_weight>
<range_weight><id_range_weight><![CDATA[221]]></id_range_weight>
<id_carrier><![CDATA[195]]></id_carrier>
<delimiter1><![CDATA[0.100000]]></delimiter1>
<delimiter2><![CDATA[0.300000]]></delimiter2>
</range_weight>
<range_weight><id_range_weight><![CDATA[222]]></id_range_weight>
<id_carrier><![CDATA[195]]></id_carrier>
<delimiter1><![CDATA[0.300000]]></delimiter1>
<delimiter2><![CDATA[0.500000]]></delimiter2>
</range_weight>
<range_weight><id_range_weight><![CDATA[223]]></id_range_weight>
<id_carrier><![CDATA[195]]></id_carrier>
<delimiter1><![CDATA[0.500000]]></delimiter1>
<delimiter2><![CDATA[3.000000]]></delimiter2>
</range_weight>
<range_weight><id_range_weight><![CDATA[224]]></id_range_weight>
<id_carrier><![CDATA[196]]></id_carrier>
<delimiter1><![CDATA[0.000000]]></delimiter1>
<delimiter2><![CDATA[2.000000]]></delimiter2>
</range_weight>
<range_weight><id_range_weight><![CDATA[225]]></id_range_weight>
<id_carrier><![CDATA[197]]></id_carrier>
<delimiter1><![CDATA[0.000000]]></delimiter1>
<delimiter2><![CDATA[2.000000]]></delimiter2>
</range_weight>
<range_weight><id_range_weight><![CDATA[226]]></id_range_weight>
<id_carrier><![CDATA[198]]></id_carrier>
<delimiter1><![CDATA[0.000000]]></delimiter1>
<delimiter2><![CDATA[0.100000]]></delimiter2>
</range_weight>
<range_weight><id_range_weight><![CDATA[227]]></id_range_weight>
<id_carrier><![CDATA[198]]></id_carrier>
<delimiter1><![CDATA[0.100000]]></delimiter1>
<delimiter2><![CDATA[0.300000]]></delimiter2>
</range_weight>
<range_weight><id_range_weight><![CDATA[228]]></id_range_weight>
<id_carrier><![CDATA[198]]></id_carrier>
<delimiter1><![CDATA[0.300000]]></delimiter1>
<delimiter2><![CDATA[0.500000]]></delimiter2>
</range_weight>
<range_weight><id_range_weight><![CDATA[229]]></id_range_weight>
<id_carrier><![CDATA[198]]></id_carrier>
<delimiter1><![CDATA[0.500000]]></delimiter1>
<delimiter2><![CDATA[1.000000]]></delimiter2>
</range_weight>
<range_weight><id_range_weight><![CDATA[230]]></id_range_weight>
<id_carrier><![CDATA[199]]></id_carrier>
<delimiter1><![CDATA[0.000000]]></delimiter1>
<delimiter2><![CDATA[0.100000]]></delimiter2>
</range_weight>
<range_weight><id_range_weight><![CDATA[231]]></id_range_weight>
<id_carrier><![CDATA[199]]></id_carrier>
<delimiter1><![CDATA[0.100000]]></delimiter1>
<delimiter2><![CDATA[0.300000]]></delimiter2>
</range_weight>
<range_weight><id_range_weight><![CDATA[232]]></id_range_weight>
<id_carrier><![CDATA[199]]></id_carrier>
<delimiter1><![CDATA[0.300000]]></delimiter1>
<delimiter2><![CDATA[0.500000]]></delimiter2>
</range_weight>
<range_weight><id_range_weight><![CDATA[233]]></id_range_weight>
<id_carrier><![CDATA[199]]></id_carrier>
<delimiter1><![CDATA[0.500000]]></delimiter1>
<delimiter2><![CDATA[1.000000]]></delimiter2>
</range_weight>
<range_weight><id_range_weight><![CDATA[234]]></id_range_weight>
<id_carrier><![CDATA[199]]></id_carrier>
<delimiter1><![CDATA[1.000000]]></delimiter1>
<delimiter2><![CDATA[2.000000]]></delimiter2>
</range_weight>
<range_weight><id_range_weight><![CDATA[235]]></id_range_weight>
<id_carrier><![CDATA[199]]></id_carrier>
<delimiter1><![CDATA[2.000000]]></delimiter1>
<delimiter2><![CDATA[3.000000]]></delimiter2>
</range_weight>
<range_weight><id_range_weight><![CDATA[236]]></id_range_weight>
<id_carrier><![CDATA[200]]></id_carrier>
<delimiter1><![CDATA[0.000000]]></delimiter1>
<delimiter2><![CDATA[0.100000]]></delimiter2>
</range_weight>
<range_weight><id_range_weight><![CDATA[237]]></id_range_weight>
<id_carrier><![CDATA[200]]></id_carrier>
<delimiter1><![CDATA[0.100000]]></delimiter1>
<delimiter2><![CDATA[0.300000]]></delimiter2>
</range_weight>
<range_weight><id_range_weight><![CDATA[238]]></id_range_weight>
<id_carrier><![CDATA[200]]></id_carrier>
<delimiter1><![CDATA[0.300000]]></delimiter1>
<delimiter2><![CDATA[0.500000]]></delimiter2>
</range_weight>
<range_weight><id_range_weight><![CDATA[239]]></id_range_weight>
<id_carrier><![CDATA[200]]></id_carrier>
<delimiter1><![CDATA[0.500000]]></delimiter1>
<delimiter2><![CDATA[1.000000]]></delimiter2>
</range_weight>
<range_weight><id_range_weight><![CDATA[240]]></id_range_weight>
<id_carrier><![CDATA[200]]></id_carrier>
<delimiter1><![CDATA[1.000000]]></delimiter1>
<delimiter2><![CDATA[2.000000]]></delimiter2>
</range_weight>
<range_weight><id_range_weight><![CDATA[241]]></id_range_weight>
<id_carrier><![CDATA[200]]></id_carrier>
<delimiter1><![CDATA[2.000000]]></delimiter1>
<delimiter2><![CDATA[3.000000]]></delimiter2>
</range_weight>
<range_weight><id_range_weight><![CDATA[242]]></id_range_weight>
<id_carrier><![CDATA[201]]></id_carrier>
<delimiter1><![CDATA[0.000000]]></delimiter1>
<delimiter2><![CDATA[0.100000]]></delimiter2>
</range_weight>
<range_weight><id_range_weight><![CDATA[243]]></id_range_weight>
<id_carrier><![CDATA[201]]></id_carrier>
<delimiter1><![CDATA[0.100000]]></delimiter1>
<delimiter2><![CDATA[0.300000]]></delimiter2>
</range_weight>
<range_weight><id_range_weight><![CDATA[244]]></id_range_weight>
<id_carrier><![CDATA[201]]></id_carrier>
<delimiter1><![CDATA[0.300000]]></delimiter1>
<delimiter2><![CDATA[0.500000]]></delimiter2>
</range_weight>
<range_weight><id_range_weight><![CDATA[245]]></id_range_weight>
<id_carrier><![CDATA[201]]></id_carrier>
<delimiter1><![CDATA[0.500000]]></delimiter1>
<delimiter2><![CDATA[1.000000]]></delimiter2>
</range_weight>
<range_weight><id_range_weight><![CDATA[246]]></id_range_weight>
<id_carrier><![CDATA[201]]></id_carrier>
<delimiter1><![CDATA[1.000000]]></delimiter1>
<delimiter2><![CDATA[2.000000]]></delimiter2>
</range_weight>
<range_weight><id_range_weight><![CDATA[247]]></id_range_weight>
<id_carrier><![CDATA[201]]></id_carrier>
<delimiter1><![CDATA[2.000000]]></delimiter1>
<delimiter2><![CDATA[3.000000]]></delimiter2>
</range_weight>
<range_weight><id_range_weight><![CDATA[248]]></id_range_weight>
<id_carrier><![CDATA[201]]></id_carrier>
<delimiter1><![CDATA[3.000000]]></delimiter1>
<delimiter2><![CDATA[5.000000]]></delimiter2>
</range_weight>
<range_weight><id_range_weight><![CDATA[249]]></id_range_weight>
<id_carrier><![CDATA[202]]></id_carrier>
<delimiter1><![CDATA[0.000000]]></delimiter1>
<delimiter2><![CDATA[0.100000]]></delimiter2>
</range_weight>
<range_weight><id_range_weight><![CDATA[250]]></id_range_weight>
<id_carrier><![CDATA[202]]></id_carrier>
<delimiter1><![CDATA[0.100000]]></delimiter1>
<delimiter2><![CDATA[0.300000]]></delimiter2>
</range_weight>
<range_weight><id_range_weight><![CDATA[251]]></id_range_weight>
<id_carrier><![CDATA[202]]></id_carrier>
<delimiter1><![CDATA[0.300000]]></delimiter1>
<delimiter2><![CDATA[0.750000]]></delimiter2>
</range_weight>
<range_weight><id_range_weight><![CDATA[252]]></id_range_weight>
<id_carrier><![CDATA[202]]></id_carrier>
<delimiter1><![CDATA[0.750000]]></delimiter1>
<delimiter2><![CDATA[1.500000]]></delimiter2>
</range_weight>
<range_weight><id_range_weight><![CDATA[253]]></id_range_weight>
<id_carrier><![CDATA[202]]></id_carrier>
<delimiter1><![CDATA[1.500000]]></delimiter1>
<delimiter2><![CDATA[3.000000]]></delimiter2>
</range_weight>
<range_weight><id_range_weight><![CDATA[254]]></id_range_weight>
<id_carrier><![CDATA[202]]></id_carrier>
<delimiter1><![CDATA[3.000000]]></delimiter1>
<delimiter2><![CDATA[5.000000]]></delimiter2>
</range_weight>
<range_weight><id_range_weight><![CDATA[255]]></id_range_weight>
<id_carrier><![CDATA[203]]></id_carrier>
<delimiter1><![CDATA[0.000000]]></delimiter1>
<delimiter2><![CDATA[4.000000]]></delimiter2>
</range_weight>
<range_weight><id_range_weight><![CDATA[256]]></id_range_weight>
<id_carrier><![CDATA[204]]></id_carrier>
<delimiter1><![CDATA[0.000000]]></delimiter1>
<delimiter2><![CDATA[0.099000]]></delimiter2>
</range_weight>
<range_weight><id_range_weight><![CDATA[257]]></id_range_weight>
<id_carrier><![CDATA[204]]></id_carrier>
<delimiter1><![CDATA[0.100000]]></delimiter1>
<delimiter2><![CDATA[0.299900]]></delimiter2>
</range_weight>
<range_weight><id_range_weight><![CDATA[258]]></id_range_weight>
<id_carrier><![CDATA[204]]></id_carrier>
<delimiter1><![CDATA[0.300000]]></delimiter1>
<delimiter2><![CDATA[0.750000]]></delimiter2>
</range_weight>
<range_weight><id_range_weight><![CDATA[259]]></id_range_weight>
<id_carrier><![CDATA[204]]></id_carrier>
<delimiter1><![CDATA[0.750000]]></delimiter1>
<delimiter2><![CDATA[0.999000]]></delimiter2>
</range_weight>
<range_weight><id_range_weight><![CDATA[260]]></id_range_weight>
<id_carrier><![CDATA[204]]></id_carrier>
<delimiter1><![CDATA[1.000000]]></delimiter1>
<delimiter2><![CDATA[2.999000]]></delimiter2>
</range_weight>
<range_weight><id_range_weight><![CDATA[261]]></id_range_weight>
<id_carrier><![CDATA[204]]></id_carrier>
<delimiter1><![CDATA[3.000000]]></delimiter1>
<delimiter2><![CDATA[5.000000]]></delimiter2>
</range_weight>
<range_weight><id_range_weight><![CDATA[262]]></id_range_weight>
<id_carrier><![CDATA[205]]></id_carrier>
<delimiter1><![CDATA[0.000000]]></delimiter1>
<delimiter2><![CDATA[0.099000]]></delimiter2>
</range_weight>
<range_weight><id_range_weight><![CDATA[263]]></id_range_weight>
<id_carrier><![CDATA[205]]></id_carrier>
<delimiter1><![CDATA[0.100000]]></delimiter1>
<delimiter2><![CDATA[0.299900]]></delimiter2>
</range_weight>
<range_weight><id_range_weight><![CDATA[264]]></id_range_weight>
<id_carrier><![CDATA[205]]></id_carrier>
<delimiter1><![CDATA[0.300000]]></delimiter1>
<delimiter2><![CDATA[0.750000]]></delimiter2>
</range_weight>
<range_weight><id_range_weight><![CDATA[265]]></id_range_weight>
<id_carrier><![CDATA[205]]></id_carrier>
<delimiter1><![CDATA[0.750000]]></delimiter1>
<delimiter2><![CDATA[0.999000]]></delimiter2>
</range_weight>
<range_weight><id_range_weight><![CDATA[266]]></id_range_weight>
<id_carrier><![CDATA[205]]></id_carrier>
<delimiter1><![CDATA[1.000000]]></delimiter1>
<delimiter2><![CDATA[3.000000]]></delimiter2>
</range_weight>
<range_weight><id_range_weight><![CDATA[267]]></id_range_weight>
<id_carrier><![CDATA[205]]></id_carrier>
<delimiter1><![CDATA[3.001000]]></delimiter1>
<delimiter2><![CDATA[5.000000]]></delimiter2>
</range_weight>
<range_weight><id_range_weight><![CDATA[268]]></id_range_weight>
<id_carrier><![CDATA[206]]></id_carrier>
<delimiter1><![CDATA[0.000000]]></delimiter1>
<delimiter2><![CDATA[0.099000]]></delimiter2>
</range_weight>
<range_weight><id_range_weight><![CDATA[269]]></id_range_weight>
<id_carrier><![CDATA[206]]></id_carrier>
<delimiter1><![CDATA[0.100000]]></delimiter1>
<delimiter2><![CDATA[0.299900]]></delimiter2>
</range_weight>
<range_weight><id_range_weight><![CDATA[270]]></id_range_weight>
<id_carrier><![CDATA[206]]></id_carrier>
<delimiter1><![CDATA[0.300000]]></delimiter1>
<delimiter2><![CDATA[0.750000]]></delimiter2>
</range_weight>
<range_weight><id_range_weight><![CDATA[271]]></id_range_weight>
<id_carrier><![CDATA[206]]></id_carrier>
<delimiter1><![CDATA[0.750000]]></delimiter1>
<delimiter2><![CDATA[0.999000]]></delimiter2>
</range_weight>
<range_weight><id_range_weight><![CDATA[272]]></id_range_weight>
<id_carrier><![CDATA[206]]></id_carrier>
<delimiter1><![CDATA[1.000000]]></delimiter1>
<delimiter2><![CDATA[3.000000]]></delimiter2>
</range_weight>
<range_weight><id_range_weight><![CDATA[273]]></id_range_weight>
<id_carrier><![CDATA[206]]></id_carrier>
<delimiter1><![CDATA[3.100000]]></delimiter1>
<delimiter2><![CDATA[5.000000]]></delimiter2>
</range_weight>
<range_weight><id_range_weight><![CDATA[274]]></id_range_weight>
<id_carrier><![CDATA[207]]></id_carrier>
<delimiter1><![CDATA[0.000000]]></delimiter1>
<delimiter2><![CDATA[0.099000]]></delimiter2>
</range_weight>
<range_weight><id_range_weight><![CDATA[275]]></id_range_weight>
<id_carrier><![CDATA[207]]></id_carrier>
<delimiter1><![CDATA[0.100000]]></delimiter1>
<delimiter2><![CDATA[0.299900]]></delimiter2>
</range_weight>
<range_weight><id_range_weight><![CDATA[276]]></id_range_weight>
<id_carrier><![CDATA[207]]></id_carrier>
<delimiter1><![CDATA[0.300000]]></delimiter1>
<delimiter2><![CDATA[0.750000]]></delimiter2>
</range_weight>
<range_weight><id_range_weight><![CDATA[277]]></id_range_weight>
<id_carrier><![CDATA[207]]></id_carrier>
<delimiter1><![CDATA[0.750000]]></delimiter1>
<delimiter2><![CDATA[0.999000]]></delimiter2>
</range_weight>
<range_weight><id_range_weight><![CDATA[278]]></id_range_weight>
<id_carrier><![CDATA[207]]></id_carrier>
<delimiter1><![CDATA[1.000000]]></delimiter1>
<delimiter2><![CDATA[3.750000]]></delimiter2>
</range_weight>
<range_weight><id_range_weight><![CDATA[279]]></id_range_weight>
<id_carrier><![CDATA[207]]></id_carrier>
<delimiter1><![CDATA[3.751000]]></delimiter1>
<delimiter2><![CDATA[5.000000]]></delimiter2>
</range_weight>
<range_weight><id_range_weight><![CDATA[280]]></id_range_weight>
<id_carrier><![CDATA[208]]></id_carrier>
<delimiter1><![CDATA[1.000000]]></delimiter1>
<delimiter2><![CDATA[3.750000]]></delimiter2>
</range_weight>
<range_weight><id_range_weight><![CDATA[281]]></id_range_weight>
<id_carrier><![CDATA[208]]></id_carrier>
<delimiter1><![CDATA[3.751000]]></delimiter1>
<delimiter2><![CDATA[5.000000]]></delimiter2>
</range_weight>
<range_weight><id_range_weight><![CDATA[282]]></id_range_weight>
<id_carrier><![CDATA[209]]></id_carrier>
<delimiter1><![CDATA[1.000000]]></delimiter1>
<delimiter2><![CDATA[3.750000]]></delimiter2>
</range_weight>
<range_weight><id_range_weight><![CDATA[283]]></id_range_weight>
<id_carrier><![CDATA[209]]></id_carrier>
<delimiter1><![CDATA[3.751000]]></delimiter1>
<delimiter2><![CDATA[5.000000]]></delimiter2>
</range_weight>
<range_weight><id_range_weight><![CDATA[284]]></id_range_weight>
<id_carrier><![CDATA[210]]></id_carrier>
<delimiter1><![CDATA[1.000000]]></delimiter1>
<delimiter2><![CDATA[3.750000]]></delimiter2>
</range_weight>
<range_weight><id_range_weight><![CDATA[285]]></id_range_weight>
<id_carrier><![CDATA[210]]></id_carrier>
<delimiter1><![CDATA[3.751000]]></delimiter1>
<delimiter2><![CDATA[5.000000]]></delimiter2>
</range_weight>
<range_weight><id_range_weight><![CDATA[286]]></id_range_weight>
<id_carrier><![CDATA[211]]></id_carrier>
<delimiter1><![CDATA[1.000000]]></delimiter1>
<delimiter2><![CDATA[3.750000]]></delimiter2>
</range_weight>
<range_weight><id_range_weight><![CDATA[287]]></id_range_weight>
<id_carrier><![CDATA[211]]></id_carrier>
<delimiter1><![CDATA[3.751000]]></delimiter1>
<delimiter2><![CDATA[5.000000]]></delimiter2>
</range_weight>
<range_weight><id_range_weight><![CDATA[288]]></id_range_weight>
<id_carrier><![CDATA[212]]></id_carrier>
<delimiter1><![CDATA[1.000000]]></delimiter1>
<delimiter2><![CDATA[3.750000]]></delimiter2>
</range_weight>
<range_weight><id_range_weight><![CDATA[289]]></id_range_weight>
<id_carrier><![CDATA[212]]></id_carrier>
<delimiter1><![CDATA[3.751000]]></delimiter1>
<delimiter2><![CDATA[5.000000]]></delimiter2>
</range_weight>
<range_weight><id_range_weight><![CDATA[290]]></id_range_weight>
<id_carrier><![CDATA[213]]></id_carrier>
<delimiter1><![CDATA[1.000000]]></delimiter1>
<delimiter2><![CDATA[3.750000]]></delimiter2>
</range_weight>
<range_weight><id_range_weight><![CDATA[291]]></id_range_weight>
<id_carrier><![CDATA[213]]></id_carrier>
<delimiter1><![CDATA[3.751000]]></delimiter1>
<delimiter2><![CDATA[5.000000]]></delimiter2>
</range_weight>
<range_weight><id_range_weight><![CDATA[292]]></id_range_weight>
<id_carrier><![CDATA[214]]></id_carrier>
<delimiter1><![CDATA[2.500000]]></delimiter1>
<delimiter2><![CDATA[3.750000]]></delimiter2>
</range_weight>
<range_weight><id_range_weight><![CDATA[293]]></id_range_weight>
<id_carrier><![CDATA[214]]></id_carrier>
<delimiter1><![CDATA[3.751000]]></delimiter1>
<delimiter2><![CDATA[5.000000]]></delimiter2>
</range_weight>
<range_weight><id_range_weight><![CDATA[294]]></id_range_weight>
<id_carrier><![CDATA[215]]></id_carrier>
<delimiter1><![CDATA[2.500000]]></delimiter1>
<delimiter2><![CDATA[3.750000]]></delimiter2>
</range_weight>
<range_weight><id_range_weight><![CDATA[295]]></id_range_weight>
<id_carrier><![CDATA[215]]></id_carrier>
<delimiter1><![CDATA[3.751000]]></delimiter1>
<delimiter2><![CDATA[5.000000]]></delimiter2>
</range_weight>
<range_weight><id_range_weight><![CDATA[296]]></id_range_weight>
<id_carrier><![CDATA[216]]></id_carrier>
<delimiter1><![CDATA[0.000000]]></delimiter1>
<delimiter2><![CDATA[2.000000]]></delimiter2>
</range_weight>
<range_weight><id_range_weight><![CDATA[297]]></id_range_weight>
<id_carrier><![CDATA[217]]></id_carrier>
<delimiter1><![CDATA[0.000000]]></delimiter1>
<delimiter2><![CDATA[0.099000]]></delimiter2>
</range_weight>
<range_weight><id_range_weight><![CDATA[298]]></id_range_weight>
<id_carrier><![CDATA[217]]></id_carrier>
<delimiter1><![CDATA[0.100000]]></delimiter1>
<delimiter2><![CDATA[0.299900]]></delimiter2>
</range_weight>
<range_weight><id_range_weight><![CDATA[299]]></id_range_weight>
<id_carrier><![CDATA[217]]></id_carrier>
<delimiter1><![CDATA[0.300000]]></delimiter1>
<delimiter2><![CDATA[0.750000]]></delimiter2>
</range_weight>
<range_weight><id_range_weight><![CDATA[300]]></id_range_weight>
<id_carrier><![CDATA[217]]></id_carrier>
<delimiter1><![CDATA[0.750000]]></delimiter1>
<delimiter2><![CDATA[1.500000]]></delimiter2>
</range_weight>
<range_weight><id_range_weight><![CDATA[301]]></id_range_weight>
<id_carrier><![CDATA[217]]></id_carrier>
<delimiter1><![CDATA[2.000000]]></delimiter1>
<delimiter2><![CDATA[3.750000]]></delimiter2>
</range_weight>
<range_weight><id_range_weight><![CDATA[302]]></id_range_weight>
<id_carrier><![CDATA[217]]></id_carrier>
<delimiter1><![CDATA[3.751000]]></delimiter1>
<delimiter2><![CDATA[5.000000]]></delimiter2>
</range_weight>
<range_weight><id_range_weight><![CDATA[303]]></id_range_weight>
<id_carrier><![CDATA[218]]></id_carrier>
<delimiter1><![CDATA[0.000000]]></delimiter1>
<delimiter2><![CDATA[0.100000]]></delimiter2>
</range_weight>
<range_weight><id_range_weight><![CDATA[304]]></id_range_weight>
<id_carrier><![CDATA[218]]></id_carrier>
<delimiter1><![CDATA[0.100000]]></delimiter1>
<delimiter2><![CDATA[0.300000]]></delimiter2>
</range_weight>
<range_weight><id_range_weight><![CDATA[305]]></id_range_weight>
<id_carrier><![CDATA[218]]></id_carrier>
<delimiter1><![CDATA[0.300000]]></delimiter1>
<delimiter2><![CDATA[0.500000]]></delimiter2>
</range_weight>
<range_weight><id_range_weight><![CDATA[306]]></id_range_weight>
<id_carrier><![CDATA[218]]></id_carrier>
<delimiter1><![CDATA[0.500000]]></delimiter1>
<delimiter2><![CDATA[1.750000]]></delimiter2>
</range_weight>
<range_weight><id_range_weight><![CDATA[307]]></id_range_weight>
<id_carrier><![CDATA[219]]></id_carrier>
<delimiter1><![CDATA[2.500000]]></delimiter1>
<delimiter2><![CDATA[3.750000]]></delimiter2>
</range_weight>
<range_weight><id_range_weight><![CDATA[308]]></id_range_weight>
<id_carrier><![CDATA[219]]></id_carrier>
<delimiter1><![CDATA[3.751000]]></delimiter1>
<delimiter2><![CDATA[5.000000]]></delimiter2>
</range_weight>
<range_weight><id_range_weight><![CDATA[309]]></id_range_weight>
<id_carrier><![CDATA[220]]></id_carrier>
<delimiter1><![CDATA[2.500000]]></delimiter1>
<delimiter2><![CDATA[3.750000]]></delimiter2>
</range_weight>
<range_weight><id_range_weight><![CDATA[310]]></id_range_weight>
<id_carrier><![CDATA[220]]></id_carrier>
<delimiter1><![CDATA[3.751000]]></delimiter1>
<delimiter2><![CDATA[5.000000]]></delimiter2>
</range_weight>
<range_weight><id_range_weight><![CDATA[311]]></id_range_weight>
<id_carrier><![CDATA[221]]></id_carrier>
<delimiter1><![CDATA[0.000000]]></delimiter1>
<delimiter2><![CDATA[0.099000]]></delimiter2>
</range_weight>
<range_weight><id_range_weight><![CDATA[312]]></id_range_weight>
<id_carrier><![CDATA[221]]></id_carrier>
<delimiter1><![CDATA[0.100000]]></delimiter1>
<delimiter2><![CDATA[0.299900]]></delimiter2>
</range_weight>
<range_weight><id_range_weight><![CDATA[313]]></id_range_weight>
<id_carrier><![CDATA[221]]></id_carrier>
<delimiter1><![CDATA[0.300000]]></delimiter1>
<delimiter2><![CDATA[0.750000]]></delimiter2>
</range_weight>
<range_weight><id_range_weight><![CDATA[314]]></id_range_weight>
<id_carrier><![CDATA[221]]></id_carrier>
<delimiter1><![CDATA[0.750000]]></delimiter1>
<delimiter2><![CDATA[1.500000]]></delimiter2>
</range_weight>
<range_weight><id_range_weight><![CDATA[315]]></id_range_weight>
<id_carrier><![CDATA[221]]></id_carrier>
<delimiter1><![CDATA[2.000000]]></delimiter1>
<delimiter2><![CDATA[3.750000]]></delimiter2>
</range_weight>
<range_weight><id_range_weight><![CDATA[316]]></id_range_weight>
<id_carrier><![CDATA[222]]></id_carrier>
<delimiter1><![CDATA[0.000000]]></delimiter1>
<delimiter2><![CDATA[1.499000]]></delimiter2>
</range_weight>
<range_weight><id_range_weight><![CDATA[317]]></id_range_weight>
<id_carrier><![CDATA[222]]></id_carrier>
<delimiter1><![CDATA[1.500000]]></delimiter1>
<delimiter2><![CDATA[2.000000]]></delimiter2>
</range_weight>
<range_weight><id_range_weight><![CDATA[318]]></id_range_weight>
<id_carrier><![CDATA[223]]></id_carrier>
<delimiter1><![CDATA[0.000000]]></delimiter1>
<delimiter2><![CDATA[0.999000]]></delimiter2>
</range_weight>
<range_weight><id_range_weight><![CDATA[319]]></id_range_weight>
<id_carrier><![CDATA[223]]></id_carrier>
<delimiter1><![CDATA[1.000000]]></delimiter1>
<delimiter2><![CDATA[1.999000]]></delimiter2>
</range_weight>
<range_weight><id_range_weight><![CDATA[320]]></id_range_weight>
<id_carrier><![CDATA[224]]></id_carrier>
<delimiter1><![CDATA[0.000000]]></delimiter1>
<delimiter2><![CDATA[0.999000]]></delimiter2>
</range_weight>
<range_weight><id_range_weight><![CDATA[321]]></id_range_weight>
<id_carrier><![CDATA[225]]></id_carrier>
<delimiter1><![CDATA[0.000000]]></delimiter1>
<delimiter2><![CDATA[3.000000]]></delimiter2>
</range_weight>
</entity_profile>
