<?xml version="1.0" encoding="UTF-8"?>
<entity_profile>
<tag><id_tag><![CDATA[6410]]></id_tag>
<id_lang><![CDATA[3]]></id_lang>
<name><![CDATA[seekers]]></name>
</tag>
<tag><id_tag><![CDATA[6416]]></id_tag>
<id_lang><![CDATA[1]]></id_lang>
<name><![CDATA[worf]]></name>
</tag>
<tag><id_tag><![CDATA[6418]]></id_tag>
<id_lang><![CDATA[3]]></id_lang>
<name><![CDATA[neige]]></name>
</tag>
<tag><id_tag><![CDATA[6442]]></id_tag>
<id_lang><![CDATA[1]]></id_lang>
<name><![CDATA[hope]]></name>
</tag>
<tag><id_tag><![CDATA[6530]]></id_tag>
<id_lang><![CDATA[1]]></id_lang>
<name><![CDATA[ballerina]]></name>
</tag>
<tag><id_tag><![CDATA[6531]]></id_tag>
<id_lang><![CDATA[3]]></id_lang>
<name><![CDATA[ballerine]]></name>
</tag>
<tag><id_tag><![CDATA[6532]]></id_tag>
<id_lang><![CDATA[3]]></id_lang>
<name><![CDATA[pantoufle]]></name>
</tag>
<tag><id_tag><![CDATA[6562]]></id_tag>
<id_lang><![CDATA[1]]></id_lang>
<name><![CDATA[sage]]></name>
</tag>
<tag><id_tag><![CDATA[6563]]></id_tag>
<id_lang><![CDATA[1]]></id_lang>
<name><![CDATA[purification]]></name>
</tag>
<tag><id_tag><![CDATA[6564]]></id_tag>
<id_lang><![CDATA[1]]></id_lang>
<name><![CDATA[smuge]]></name>
</tag>
<tag><id_tag><![CDATA[6565]]></id_tag>
<id_lang><![CDATA[3]]></id_lang>
<name><![CDATA[sauge]]></name>
</tag>
<tag><id_tag><![CDATA[6566]]></id_tag>
<id_lang><![CDATA[3]]></id_lang>
<name><![CDATA[fumigation]]></name>
</tag>
<tag><id_tag><![CDATA[6567]]></id_tag>
<id_lang><![CDATA[3]]></id_lang>
<name><![CDATA[smudge]]></name>
</tag>
<tag><id_tag><![CDATA[6568]]></id_tag>
<id_lang><![CDATA[3]]></id_lang>
<name><![CDATA[purification]]></name>
</tag>
<tag><id_tag><![CDATA[6571]]></id_tag>
<id_lang><![CDATA[1]]></id_lang>
<name><![CDATA[spoon]]></name>
</tag>
<tag><id_tag><![CDATA[6576]]></id_tag>
<id_lang><![CDATA[1]]></id_lang>
<name><![CDATA[john]]></name>
</tag>
<tag><id_tag><![CDATA[6577]]></id_tag>
<id_lang><![CDATA[1]]></id_lang>
<name><![CDATA[robson]]></name>
</tag>
<tag><id_tag><![CDATA[6578]]></id_tag>
<id_lang><![CDATA[1]]></id_lang>
<name><![CDATA[edenshaw]]></name>
</tag>
<tag><id_tag><![CDATA[6579]]></id_tag>
<id_lang><![CDATA[1]]></id_lang>
<name><![CDATA[clamshell]]></name>
</tag>
<tag><id_tag><![CDATA[6617]]></id_tag>
<id_lang><![CDATA[1]]></id_lang>
<name><![CDATA[concho]]></name>
</tag>
<tag><id_tag><![CDATA[6618]]></id_tag>
<id_lang><![CDATA[1]]></id_lang>
<name><![CDATA[mukluk]]></name>
</tag>
<tag><id_tag><![CDATA[6619]]></id_tag>
<id_lang><![CDATA[1]]></id_lang>
<name><![CDATA[boot]]></name>
</tag>
<tag><id_tag><![CDATA[6620]]></id_tag>
<id_lang><![CDATA[3]]></id_lang>
<name><![CDATA[concho]]></name>
</tag>
<tag><id_tag><![CDATA[6621]]></id_tag>
<id_lang><![CDATA[3]]></id_lang>
<name><![CDATA[mukluk]]></name>
</tag>
<tag><id_tag><![CDATA[6622]]></id_tag>
<id_lang><![CDATA[3]]></id_lang>
<name><![CDATA[bottine]]></name>
</tag>
<tag><id_tag><![CDATA[6623]]></id_tag>
<id_lang><![CDATA[3]]></id_lang>
<name><![CDATA[botte]]></name>
</tag>
<tag><id_tag><![CDATA[6627]]></id_tag>
<id_lang><![CDATA[3]]></id_lang>
<name><![CDATA[perlé]]></name>
</tag>
<tag><id_tag><![CDATA[6640]]></id_tag>
<id_lang><![CDATA[1]]></id_lang>
<name><![CDATA[sheep]]></name>
</tag>
<tag><id_tag><![CDATA[6641]]></id_tag>
<id_lang><![CDATA[3]]></id_lang>
<name><![CDATA[mouton]]></name>
</tag>
<tag><id_tag><![CDATA[6658]]></id_tag>
<id_lang><![CDATA[1]]></id_lang>
<name><![CDATA[mukluks]]></name>
</tag>
<tag><id_tag><![CDATA[6659]]></id_tag>
<id_lang><![CDATA[1]]></id_lang>
<name><![CDATA[boots]]></name>
</tag>
<tag><id_tag><![CDATA[6663]]></id_tag>
<id_lang><![CDATA[3]]></id_lang>
<name><![CDATA[orignal]]></name>
</tag>
<tag><id_tag><![CDATA[6667]]></id_tag>
<id_lang><![CDATA[3]]></id_lang>
<name><![CDATA[daim]]></name>
</tag>
<tag><id_tag><![CDATA[6688]]></id_tag>
<id_lang><![CDATA[3]]></id_lang>
<name><![CDATA[porte]]></name>
</tag>
<tag><id_tag><![CDATA[6689]]></id_tag>
<id_lang><![CDATA[3]]></id_lang>
<name><![CDATA[monnaie]]></name>
</tag>
<tag><id_tag><![CDATA[6691]]></id_tag>
<id_lang><![CDATA[1]]></id_lang>
<name><![CDATA[city]]></name>
</tag>
<tag><id_tag><![CDATA[6743]]></id_tag>
<id_lang><![CDATA[1]]></id_lang>
<name><![CDATA[gift]]></name>
</tag>
<tag><id_tag><![CDATA[6744]]></id_tag>
<id_lang><![CDATA[1]]></id_lang>
<name><![CDATA[card]]></name>
</tag>
<tag><id_tag><![CDATA[6745]]></id_tag>
<id_lang><![CDATA[3]]></id_lang>
<name><![CDATA[carte]]></name>
</tag>
<tag><id_tag><![CDATA[6746]]></id_tag>
<id_lang><![CDATA[3]]></id_lang>
<name><![CDATA[cadeau]]></name>
</tag>
<tag><id_tag><![CDATA[6751]]></id_tag>
<id_lang><![CDATA[1]]></id_lang>
<name><![CDATA[sheepskin]]></name>
</tag>
<tag><id_tag><![CDATA[6852]]></id_tag>
<id_lang><![CDATA[1]]></id_lang>
<name><![CDATA[wristlet]]></name>
</tag>
<tag><id_tag><![CDATA[6895]]></id_tag>
<id_lang><![CDATA[3]]></id_lang>
<name><![CDATA[passeport]]></name>
</tag>
<tag><id_tag><![CDATA[6902]]></id_tag>
<id_lang><![CDATA[3]]></id_lang>
<name><![CDATA[kelly]]></name>
</tag>
<tag><id_tag><![CDATA[6903]]></id_tag>
<id_lang><![CDATA[3]]></id_lang>
<name><![CDATA[robinson]]></name>
</tag>
<tag><id_tag><![CDATA[6906]]></id_tag>
<id_lang><![CDATA[3]]></id_lang>
<name><![CDATA[poignet]]></name>
</tag>
<tag><id_tag><![CDATA[6916]]></id_tag>
<id_lang><![CDATA[1]]></id_lang>
<name><![CDATA[dorothy]]></name>
</tag>
<tag><id_tag><![CDATA[6917]]></id_tag>
<id_lang><![CDATA[1]]></id_lang>
<name><![CDATA[grant]]></name>
</tag>
<tag><id_tag><![CDATA[6918]]></id_tag>
<id_lang><![CDATA[3]]></id_lang>
<name><![CDATA[dorothy]]></name>
</tag>
<tag><id_tag><![CDATA[6919]]></id_tag>
<id_lang><![CDATA[3]]></id_lang>
<name><![CDATA[grant]]></name>
</tag>
<tag><id_tag><![CDATA[6920]]></id_tag>
<id_lang><![CDATA[3]]></id_lang>
<name><![CDATA[hands]]></name>
</tag>
<tag><id_tag><![CDATA[6927]]></id_tag>
<id_lang><![CDATA[3]]></id_lang>
<name><![CDATA[mitaine]]></name>
</tag>
<tag><id_tag><![CDATA[6928]]></id_tag>
<id_lang><![CDATA[3]]></id_lang>
<name><![CDATA[four]]></name>
</tag>
<tag><id_tag><![CDATA[6974]]></id_tag>
<id_lang><![CDATA[1]]></id_lang>
<name><![CDATA[925]]></name>
</tag>
<tag><id_tag><![CDATA[6975]]></id_tag>
<id_lang><![CDATA[1]]></id_lang>
<name><![CDATA[semi]]></name>
</tag>
<tag><id_tag><![CDATA[6976]]></id_tag>
<id_lang><![CDATA[1]]></id_lang>
<name><![CDATA[precious]]></name>
</tag>
<tag><id_tag><![CDATA[6977]]></id_tag>
<id_lang><![CDATA[1]]></id_lang>
<name><![CDATA[stones]]></name>
</tag>
<tag><id_tag><![CDATA[6978]]></id_tag>
<id_lang><![CDATA[3]]></id_lang>
<name><![CDATA[argent]]></name>
</tag>
<tag><id_tag><![CDATA[6979]]></id_tag>
<id_lang><![CDATA[3]]></id_lang>
<name><![CDATA[sterling]]></name>
</tag>
<tag><id_tag><![CDATA[6980]]></id_tag>
<id_lang><![CDATA[3]]></id_lang>
<name><![CDATA[925]]></name>
</tag>
<tag><id_tag><![CDATA[6981]]></id_tag>
<id_lang><![CDATA[3]]></id_lang>
<name><![CDATA[pierres]]></name>
</tag>
<tag><id_tag><![CDATA[6982]]></id_tag>
<id_lang><![CDATA[3]]></id_lang>
<name><![CDATA[pendentif]]></name>
</tag>
<tag><id_tag><![CDATA[6993]]></id_tag>
<id_lang><![CDATA[1]]></id_lang>
<name><![CDATA[certificate]]></name>
</tag>
<tag><id_tag><![CDATA[6994]]></id_tag>
<id_lang><![CDATA[3]]></id_lang>
<name><![CDATA[certificat]]></name>
</tag>
<tag><id_tag><![CDATA[7023]]></id_tag>
<id_lang><![CDATA[3]]></id_lang>
<name><![CDATA[bill]]></name>
</tag>
<tag><id_tag><![CDATA[7024]]></id_tag>
<id_lang><![CDATA[3]]></id_lang>
<name><![CDATA[helin]]></name>
</tag>
<tag><id_tag><![CDATA[7025]]></id_tag>
<id_lang><![CDATA[3]]></id_lang>
<name><![CDATA[colibri]]></name>
</tag>
<tag><id_tag><![CDATA[7026]]></id_tag>
<id_lang><![CDATA[3]]></id_lang>
<name><![CDATA[étain]]></name>
</tag>
<tag><id_tag><![CDATA[7031]]></id_tag>
<id_lang><![CDATA[3]]></id_lang>
<name><![CDATA[boucle]]></name>
</tag>
<tag><id_tag><![CDATA[7032]]></id_tag>
<id_lang><![CDATA[3]]></id_lang>
<name><![CDATA[oreille]]></name>
</tag>
<tag><id_tag><![CDATA[7116]]></id_tag>
<id_lang><![CDATA[1]]></id_lang>
<name><![CDATA[bookend]]></name>
</tag>
<tag><id_tag><![CDATA[7117]]></id_tag>
<id_lang><![CDATA[3]]></id_lang>
<name><![CDATA[livre]]></name>
</tag>
<tag><id_tag><![CDATA[7118]]></id_tag>
<id_lang><![CDATA[3]]></id_lang>
<name><![CDATA[bookend]]></name>
</tag>
<tag><id_tag><![CDATA[7119]]></id_tag>
<id_lang><![CDATA[3]]></id_lang>
<name><![CDATA[serre]]></name>
</tag>
<tag><id_tag><![CDATA[7120]]></id_tag>
<id_lang><![CDATA[3]]></id_lang>
<name><![CDATA[oursons]]></name>
</tag>
<tag><id_tag><![CDATA[7121]]></id_tag>
<id_lang><![CDATA[3]]></id_lang>
<name><![CDATA[grenouille]]></name>
</tag>
<tag><id_tag><![CDATA[7122]]></id_tag>
<id_lang><![CDATA[3]]></id_lang>
<name><![CDATA[totem]]></name>
</tag>
<tag><id_tag><![CDATA[7126]]></id_tag>
<id_lang><![CDATA[1]]></id_lang>
<name><![CDATA[argillate]]></name>
</tag>
<tag><id_tag><![CDATA[7134]]></id_tag>
<id_lang><![CDATA[1]]></id_lang>
<name><![CDATA[recycled glass]]></name>
</tag>
<tag><id_tag><![CDATA[7213]]></id_tag>
<id_lang><![CDATA[1]]></id_lang>
<name><![CDATA[grinder]]></name>
</tag>
<tag><id_tag><![CDATA[7214]]></id_tag>
<id_lang><![CDATA[1]]></id_lang>
<name><![CDATA[chief]]></name>
</tag>
<tag><id_tag><![CDATA[7215]]></id_tag>
<id_lang><![CDATA[1]]></id_lang>
<name><![CDATA[princess]]></name>
</tag>
<tag><id_tag><![CDATA[7216]]></id_tag>
<id_lang><![CDATA[1]]></id_lang>
<name><![CDATA[salt]]></name>
</tag>
<tag><id_tag><![CDATA[7217]]></id_tag>
<id_lang><![CDATA[1]]></id_lang>
<name><![CDATA[pepper]]></name>
</tag>
<tag><id_tag><![CDATA[7218]]></id_tag>
<id_lang><![CDATA[1]]></id_lang>
<name><![CDATA[herbs]]></name>
</tag>
<tag><id_tag><![CDATA[7219]]></id_tag>
<id_lang><![CDATA[3]]></id_lang>
<name><![CDATA[moulin]]></name>
</tag>
<tag><id_tag><![CDATA[7220]]></id_tag>
<id_lang><![CDATA[3]]></id_lang>
<name><![CDATA[sel]]></name>
</tag>
<tag><id_tag><![CDATA[7221]]></id_tag>
<id_lang><![CDATA[3]]></id_lang>
<name><![CDATA[poivre]]></name>
</tag>
<tag><id_tag><![CDATA[7222]]></id_tag>
<id_lang><![CDATA[3]]></id_lang>
<name><![CDATA[herbe]]></name>
</tag>
<tag><id_tag><![CDATA[7223]]></id_tag>
<id_lang><![CDATA[3]]></id_lang>
<name><![CDATA[chef]]></name>
</tag>
<tag><id_tag><![CDATA[7224]]></id_tag>
<id_lang><![CDATA[3]]></id_lang>
<name><![CDATA[princess]]></name>
</tag>
<tag><id_tag><![CDATA[7225]]></id_tag>
<id_lang><![CDATA[3]]></id_lang>
<name><![CDATA[grinder]]></name>
</tag>
<tag><id_tag><![CDATA[7238]]></id_tag>
<id_lang><![CDATA[1]]></id_lang>
<name><![CDATA[brooch]]></name>
</tag>
<tag><id_tag><![CDATA[7239]]></id_tag>
<id_lang><![CDATA[3]]></id_lang>
<name><![CDATA[broche]]></name>
</tag>
<tag><id_tag><![CDATA[7267]]></id_tag>
<id_lang><![CDATA[1]]></id_lang>
<name><![CDATA[mariage]]></name>
</tag>
<tag><id_tag><![CDATA[7268]]></id_tag>
<id_lang><![CDATA[3]]></id_lang>
<name><![CDATA[mariage]]></name>
</tag>
<tag><id_tag><![CDATA[7277]]></id_tag>
<id_lang><![CDATA[1]]></id_lang>
<name><![CDATA[masters]]></name>
</tag>
<tag><id_tag><![CDATA[7278]]></id_tag>
<id_lang><![CDATA[3]]></id_lang>
<name><![CDATA[maitres]]></name>
</tag>
<tag><id_tag><![CDATA[7283]]></id_tag>
<id_lang><![CDATA[3]]></id_lang>
<name><![CDATA[tasse]]></name>
</tag>
<tag><id_tag><![CDATA[7284]]></id_tag>
<id_lang><![CDATA[1]]></id_lang>
<name><![CDATA[monster]]></name>
</tag>
<tag><id_tag><![CDATA[7287]]></id_tag>
<id_lang><![CDATA[1]]></id_lang>
<name><![CDATA[gwaii]]></name>
</tag>
<tag><id_tag><![CDATA[7294]]></id_tag>
<id_lang><![CDATA[3]]></id_lang>
<name><![CDATA[masque]]></name>
</tag>
<tag><id_tag><![CDATA[7304]]></id_tag>
<id_lang><![CDATA[1]]></id_lang>
<name><![CDATA[slotted]]></name>
</tag>
<tag><id_tag><![CDATA[7305]]></id_tag>
<id_lang><![CDATA[1]]></id_lang>
<name><![CDATA[brush]]></name>
</tag>
<tag><id_tag><![CDATA[7306]]></id_tag>
<id_lang><![CDATA[1]]></id_lang>
<name><![CDATA[ladle]]></name>
</tag>
<tag><id_tag><![CDATA[7307]]></id_tag>
<id_lang><![CDATA[3]]></id_lang>
<name><![CDATA[louche]]></name>
</tag>
<tag><id_tag><![CDATA[7308]]></id_tag>
<id_lang><![CDATA[3]]></id_lang>
<name><![CDATA[cuillère]]></name>
</tag>
<tag><id_tag><![CDATA[7315]]></id_tag>
<id_lang><![CDATA[1]]></id_lang>
<name><![CDATA[sea wolf]]></name>
</tag>
<tag><id_tag><![CDATA[7316]]></id_tag>
<id_lang><![CDATA[1]]></id_lang>
<name><![CDATA[wasgo]]></name>
</tag>
<tag><id_tag><![CDATA[7317]]></id_tag>
<id_lang><![CDATA[1]]></id_lang>
<name><![CDATA[sharsk]]></name>
</tag>
<tag><id_tag><![CDATA[7335]]></id_tag>
<id_lang><![CDATA[1]]></id_lang>
<name><![CDATA[nino]]></name>
</tag>
<tag><id_tag><![CDATA[7336]]></id_tag>
<id_lang><![CDATA[1]]></id_lang>
<name><![CDATA[foret]]></name>
</tag>
<tag><id_tag><![CDATA[7337]]></id_tag>
<id_lang><![CDATA[3]]></id_lang>
<name><![CDATA[world]]></name>
</tag>
<tag><id_tag><![CDATA[7339]]></id_tag>
<id_lang><![CDATA[1]]></id_lang>
<name><![CDATA[esprit]]></name>
</tag>
<tag><id_tag><![CDATA[7344]]></id_tag>
<id_lang><![CDATA[3]]></id_lang>
<name><![CDATA[garcon]]></name>
</tag>
<tag><id_tag><![CDATA[7352]]></id_tag>
<id_lang><![CDATA[3]]></id_lang>
<name><![CDATA[gardiens]]></name>
</tag>
<tag><id_tag><![CDATA[7364]]></id_tag>
<id_lang><![CDATA[1]]></id_lang>
<name><![CDATA[teacher]]></name>
</tag>
<tag><id_tag><![CDATA[7365]]></id_tag>
<id_lang><![CDATA[3]]></id_lang>
<name><![CDATA[futur]]></name>
</tag>
<tag><id_tag><![CDATA[7366]]></id_tag>
<id_lang><![CDATA[3]]></id_lang>
<name><![CDATA[présent]]></name>
</tag>
<tag><id_tag><![CDATA[7367]]></id_tag>
<id_lang><![CDATA[3]]></id_lang>
<name><![CDATA[passé]]></name>
</tag>
<tag><id_tag><![CDATA[7368]]></id_tag>
<id_lang><![CDATA[3]]></id_lang>
<name><![CDATA[enseignant]]></name>
</tag>
<tag><id_tag><![CDATA[7369]]></id_tag>
<id_lang><![CDATA[1]]></id_lang>
<name><![CDATA[balance]]></name>
</tag>
<tag><id_tag><![CDATA[7370]]></id_tag>
<id_lang><![CDATA[3]]></id_lang>
<name><![CDATA[equilibre]]></name>
</tag>
<tag><id_tag><![CDATA[7371]]></id_tag>
<id_lang><![CDATA[3]]></id_lang>
<name><![CDATA[harmonie]]></name>
</tag>
<tag><id_tag><![CDATA[7376]]></id_tag>
<id_lang><![CDATA[3]]></id_lang>
<name><![CDATA[yoga]]></name>
</tag>
<tag><id_tag><![CDATA[7377]]></id_tag>
<id_lang><![CDATA[1]]></id_lang>
<name><![CDATA[shirt]]></name>
</tag>
<tag><id_tag><![CDATA[7380]]></id_tag>
<id_lang><![CDATA[1]]></id_lang>
<name><![CDATA[cassatt]]></name>
</tag>
<tag><id_tag><![CDATA[7381]]></id_tag>
<id_lang><![CDATA[1]]></id_lang>
<name><![CDATA[merging]]></name>
</tag>
<tag><id_tag><![CDATA[7392]]></id_tag>
<id_lang><![CDATA[3]]></id_lang>
<name><![CDATA[métamorphose]]></name>
</tag>
<tag><id_tag><![CDATA[7397]]></id_tag>
<id_lang><![CDATA[1]]></id_lang>
<name><![CDATA[ceremony]]></name>
</tag>
<tag><id_tag><![CDATA[7398]]></id_tag>
<id_lang><![CDATA[3]]></id_lang>
<name><![CDATA[cérémonie]]></name>
</tag>
<tag><id_tag><![CDATA[7404]]></id_tag>
<id_lang><![CDATA[3]]></id_lang>
<name><![CDATA[nuit]]></name>
</tag>
<tag><id_tag><![CDATA[7405]]></id_tag>
<id_lang><![CDATA[1]]></id_lang>
<name><![CDATA[artic]]></name>
</tag>
<tag><id_tag><![CDATA[7407]]></id_tag>
<id_lang><![CDATA[1]]></id_lang>
<name><![CDATA[masque]]></name>
</tag>
<tag><id_tag><![CDATA[7410]]></id_tag>
<id_lang><![CDATA[1]]></id_lang>
<name><![CDATA[deerskin]]></name>
</tag>
<tag><id_tag><![CDATA[7413]]></id_tag>
<id_lang><![CDATA[1]]></id_lang>
<name><![CDATA[nexus]]></name>
</tag>
<tag><id_tag><![CDATA[7415]]></id_tag>
<id_lang><![CDATA[1]]></id_lang>
<name><![CDATA[women]]></name>
</tag>
<tag><id_tag><![CDATA[7416]]></id_tag>
<id_lang><![CDATA[3]]></id_lang>
<name><![CDATA[oie]]></name>
</tag>
<tag><id_tag><![CDATA[7417]]></id_tag>
<id_lang><![CDATA[3]]></id_lang>
<name><![CDATA[bernache]]></name>
</tag>
<tag><id_tag><![CDATA[7423]]></id_tag>
<id_lang><![CDATA[3]]></id_lang>
<name><![CDATA[mule]]></name>
</tag>
<tag><id_tag><![CDATA[7431]]></id_tag>
<id_lang><![CDATA[3]]></id_lang>
<name><![CDATA[rêve]]></name>
</tag>
<tag><id_tag><![CDATA[7432]]></id_tag>
<id_lang><![CDATA[3]]></id_lang>
<name><![CDATA[fleur]]></name>
</tag>
<tag><id_tag><![CDATA[7433]]></id_tag>
<id_lang><![CDATA[3]]></id_lang>
<name><![CDATA[feu]]></name>
</tag>
<tag><id_tag><![CDATA[7434]]></id_tag>
<id_lang><![CDATA[3]]></id_lang>
<name><![CDATA[vent]]></name>
</tag>
<tag><id_tag><![CDATA[7435]]></id_tag>
<id_lang><![CDATA[3]]></id_lang>
<name><![CDATA[relations]]></name>
</tag>
<tag><id_tag><![CDATA[7436]]></id_tag>
<id_lang><![CDATA[1]]></id_lang>
<name><![CDATA[bears]]></name>
</tag>
<tag><id_tag><![CDATA[7437]]></id_tag>
<id_lang><![CDATA[3]]></id_lang>
<name><![CDATA[ourson]]></name>
</tag>
<tag><id_tag><![CDATA[7438]]></id_tag>
<id_lang><![CDATA[3]]></id_lang>
<name><![CDATA[tambour]]></name>
</tag>
<tag><id_tag><![CDATA[7443]]></id_tag>
<id_lang><![CDATA[1]]></id_lang>
<name><![CDATA[camille]]></name>
</tag>
<tag><id_tag><![CDATA[7444]]></id_tag>
<id_lang><![CDATA[3]]></id_lang>
<name><![CDATA[camille]]></name>
</tag>
<tag><id_tag><![CDATA[7452]]></id_tag>
<id_lang><![CDATA[1]]></id_lang>
<name><![CDATA[186]]></name>
</tag>
<tag><id_tag><![CDATA[7458]]></id_tag>
<id_lang><![CDATA[1]]></id_lang>
<name><![CDATA[shaman]]></name>
</tag>
<tag><id_tag><![CDATA[7465]]></id_tag>
<id_lang><![CDATA[3]]></id_lang>
<name><![CDATA[corrine]]></name>
</tag>
<tag><id_tag><![CDATA[7466]]></id_tag>
<id_lang><![CDATA[3]]></id_lang>
<name><![CDATA[hunt]]></name>
</tag>
<tag><id_tag><![CDATA[7469]]></id_tag>
<id_lang><![CDATA[1]]></id_lang>
<name><![CDATA[mini]]></name>
</tag>
<tag><id_tag><![CDATA[7470]]></id_tag>
<id_lang><![CDATA[3]]></id_lang>
<name><![CDATA[sous]]></name>
</tag>
<tag><id_tag><![CDATA[7483]]></id_tag>
<id_lang><![CDATA[1]]></id_lang>
<name><![CDATA[father]]></name>
</tag>
<tag><id_tag><![CDATA[7484]]></id_tag>
<id_lang><![CDATA[3]]></id_lang>
<name><![CDATA[papa]]></name>
</tag>
<tag><id_tag><![CDATA[7485]]></id_tag>
<id_lang><![CDATA[3]]></id_lang>
<name><![CDATA[maman]]></name>
</tag>
<tag><id_tag><![CDATA[7486]]></id_tag>
<id_lang><![CDATA[1]]></id_lang>
<name><![CDATA[hung]]></name>
</tag>
<tag><id_tag><![CDATA[7487]]></id_tag>
<id_lang><![CDATA[1]]></id_lang>
<name><![CDATA[sterline]]></name>
</tag>
<tag><id_tag><![CDATA[7488]]></id_tag>
<id_lang><![CDATA[1]]></id_lang>
<name><![CDATA[corinne]]></name>
</tag>
<tag><id_tag><![CDATA[7493]]></id_tag>
<id_lang><![CDATA[1]]></id_lang>
<name><![CDATA[cord]]></name>
</tag>
<tag><id_tag><![CDATA[7498]]></id_tag>
<id_lang><![CDATA[1]]></id_lang>
<name><![CDATA[mules]]></name>
</tag>
<tag><id_tag><![CDATA[7500]]></id_tag>
<id_lang><![CDATA[1]]></id_lang>
<name><![CDATA[mule]]></name>
</tag>
<tag><id_tag><![CDATA[7502]]></id_tag>
<id_lang><![CDATA[1]]></id_lang>
<name><![CDATA[wool]]></name>
</tag>
<tag><id_tag><![CDATA[7504]]></id_tag>
<id_lang><![CDATA[1]]></id_lang>
<name><![CDATA[linx]]></name>
</tag>
<tag><id_tag><![CDATA[7505]]></id_tag>
<id_lang><![CDATA[1]]></id_lang>
<name><![CDATA[cushion]]></name>
</tag>
<tag><id_tag><![CDATA[7509]]></id_tag>
<id_lang><![CDATA[1]]></id_lang>
<name><![CDATA[orignal]]></name>
</tag>
<tag><id_tag><![CDATA[7586]]></id_tag>
<id_lang><![CDATA[1]]></id_lang>
<name><![CDATA[footprint]]></name>
</tag>
<tag><id_tag><![CDATA[7587]]></id_tag>
<id_lang><![CDATA[1]]></id_lang>
<name><![CDATA[empreinte]]></name>
</tag>
<tag><id_tag><![CDATA[7588]]></id_tag>
<id_lang><![CDATA[3]]></id_lang>
<name><![CDATA[Footprint]]></name>
</tag>
<tag><id_tag><![CDATA[7590]]></id_tag>
<id_lang><![CDATA[3]]></id_lang>
<name><![CDATA[empreinte]]></name>
</tag>
<tag><id_tag><![CDATA[7614]]></id_tag>
<id_lang><![CDATA[1]]></id_lang>
<name><![CDATA[smith]]></name>
</tag>
<tag><id_tag><![CDATA[7615]]></id_tag>
<id_lang><![CDATA[3]]></id_lang>
<name><![CDATA[smith]]></name>
</tag>
<tag><id_tag><![CDATA[7630]]></id_tag>
<id_lang><![CDATA[1]]></id_lang>
<name><![CDATA[relations]]></name>
</tag>
<tag><id_tag><![CDATA[7635]]></id_tag>
<id_lang><![CDATA[1]]></id_lang>
<name><![CDATA[bébé]]></name>
</tag>
<tag><id_tag><![CDATA[7636]]></id_tag>
<id_lang><![CDATA[1]]></id_lang>
<name><![CDATA[tortue]]></name>
</tag>
<tag><id_tag><![CDATA[7637]]></id_tag>
<id_lang><![CDATA[1]]></id_lang>
<name><![CDATA[eau]]></name>
</tag>
<tag><id_tag><![CDATA[7638]]></id_tag>
<id_lang><![CDATA[1]]></id_lang>
<name><![CDATA[confiance]]></name>
</tag>
<tag><id_tag><![CDATA[7639]]></id_tag>
<id_lang><![CDATA[1]]></id_lang>
<name><![CDATA[femme]]></name>
</tag>
<tag><id_tag><![CDATA[7641]]></id_tag>
<id_lang><![CDATA[1]]></id_lang>
<name><![CDATA[aigle]]></name>
</tag>
<tag><id_tag><![CDATA[7642]]></id_tag>
<id_lang><![CDATA[1]]></id_lang>
<name><![CDATA[loup]]></name>
</tag>
<tag><id_tag><![CDATA[7687]]></id_tag>
<id_lang><![CDATA[3]]></id_lang>
<name><![CDATA[vie]]></name>
</tag>
<tag><id_tag><![CDATA[7716]]></id_tag>
<id_lang><![CDATA[3]]></id_lang>
<name><![CDATA[soeur]]></name>
</tag>
<tag><id_tag><![CDATA[7717]]></id_tag>
<id_lang><![CDATA[3]]></id_lang>
<name><![CDATA[confiance]]></name>
</tag>
<tag><id_tag><![CDATA[7721]]></id_tag>
<id_lang><![CDATA[3]]></id_lang>
<name><![CDATA[soie]]></name>
</tag>
<tag><id_tag><![CDATA[7722]]></id_tag>
<id_lang><![CDATA[3]]></id_lang>
<name><![CDATA[adolescente]]></name>
</tag>
<tag><id_tag><![CDATA[7790]]></id_tag>
<id_lang><![CDATA[3]]></id_lang>
<name><![CDATA[aile]]></name>
</tag>
<tag><id_tag><![CDATA[7793]]></id_tag>
<id_lang><![CDATA[3]]></id_lang>
<name><![CDATA[retour]]></name>
</tag>
<tag><id_tag><![CDATA[7794]]></id_tag>
<id_lang><![CDATA[3]]></id_lang>
<name><![CDATA[future]]></name>
</tag>
<tag><id_tag><![CDATA[7796]]></id_tag>
<id_lang><![CDATA[1]]></id_lang>
<name><![CDATA[couple]]></name>
</tag>
<tag><id_tag><![CDATA[7807]]></id_tag>
<id_lang><![CDATA[3]]></id_lang>
<name><![CDATA[abondance]]></name>
</tag>
<tag><id_tag><![CDATA[7814]]></id_tag>
<id_lang><![CDATA[3]]></id_lang>
<name><![CDATA[ombre]]></name>
</tag>
<tag><id_tag><![CDATA[7815]]></id_tag>
<id_lang><![CDATA[3]]></id_lang>
<name><![CDATA[naissance]]></name>
</tag>
<tag><id_tag><![CDATA[7816]]></id_tag>
<id_lang><![CDATA[3]]></id_lang>
<name><![CDATA[souffle]]></name>
</tag>
<tag><id_tag><![CDATA[7824]]></id_tag>
<id_lang><![CDATA[3]]></id_lang>
<name><![CDATA[wolf]]></name>
</tag>
<tag><id_tag><![CDATA[7825]]></id_tag>
<id_lang><![CDATA[3]]></id_lang>
<name><![CDATA[dialogue]]></name>
</tag>
<tag><id_tag><![CDATA[7826]]></id_tag>
<id_lang><![CDATA[1]]></id_lang>
<name><![CDATA[lune]]></name>
</tag>
<tag><id_tag><![CDATA[7827]]></id_tag>
<id_lang><![CDATA[3]]></id_lang>
<name><![CDATA[forest]]></name>
</tag>
<tag><id_tag><![CDATA[7829]]></id_tag>
<id_lang><![CDATA[3]]></id_lang>
<name><![CDATA[maison]]></name>
</tag>
<tag><id_tag><![CDATA[7830]]></id_tag>
<id_lang><![CDATA[1]]></id_lang>
<name><![CDATA[humility]]></name>
</tag>
<tag><id_tag><![CDATA[7831]]></id_tag>
<id_lang><![CDATA[3]]></id_lang>
<name><![CDATA[humilité]]></name>
</tag>
<tag><id_tag><![CDATA[7834]]></id_tag>
<id_lang><![CDATA[3]]></id_lang>
<name><![CDATA[amitié]]></name>
</tag>
<tag><id_tag><![CDATA[7936]]></id_tag>
<id_lang><![CDATA[1]]></id_lang>
<name><![CDATA[ladies]]></name>
</tag>
<tag><id_tag><![CDATA[7937]]></id_tag>
<id_lang><![CDATA[3]]></id_lang>
<name><![CDATA[dame]]></name>
</tag>
<tag><id_tag><![CDATA[7938]]></id_tag>
<id_lang><![CDATA[1]]></id_lang>
<name><![CDATA[flora]]></name>
</tag>
<tag><id_tag><![CDATA[7939]]></id_tag>
<id_lang><![CDATA[1]]></id_lang>
<name><![CDATA[fauna]]></name>
</tag>
<tag><id_tag><![CDATA[7940]]></id_tag>
<id_lang><![CDATA[3]]></id_lang>
<name><![CDATA[mémoire]]></name>
</tag>
<tag><id_tag><![CDATA[7941]]></id_tag>
<id_lang><![CDATA[3]]></id_lang>
<name><![CDATA[faune]]></name>
</tag>
<tag><id_tag><![CDATA[7942]]></id_tag>
<id_lang><![CDATA[3]]></id_lang>
<name><![CDATA[flore]]></name>
</tag>
<tag><id_tag><![CDATA[7943]]></id_tag>
<id_lang><![CDATA[3]]></id_lang>
<name><![CDATA[nostalgie]]></name>
</tag>
<tag><id_tag><![CDATA[7944]]></id_tag>
<id_lang><![CDATA[3]]></id_lang>
<name><![CDATA[origine]]></name>
</tag>
<tag><id_tag><![CDATA[7946]]></id_tag>
<id_lang><![CDATA[3]]></id_lang>
<name><![CDATA[passage]]></name>
</tag>
<tag><id_tag><![CDATA[7947]]></id_tag>
<id_lang><![CDATA[1]]></id_lang>
<name><![CDATA[deerhide]]></name>
</tag>
<tag><id_tag><![CDATA[7948]]></id_tag>
<id_lang><![CDATA[1]]></id_lang>
<name><![CDATA[grass]]></name>
</tag>
<tag><id_tag><![CDATA[7949]]></id_tag>
<id_lang><![CDATA[3]]></id_lang>
<name><![CDATA[patience]]></name>
</tag>
<tag><id_tag><![CDATA[7950]]></id_tag>
<id_lang><![CDATA[3]]></id_lang>
<name><![CDATA[jeux]]></name>
</tag>
<tag><id_tag><![CDATA[7953]]></id_tag>
<id_lang><![CDATA[3]]></id_lang>
<name><![CDATA[chaleur]]></name>
</tag>
<tag><id_tag><![CDATA[7954]]></id_tag>
<id_lang><![CDATA[3]]></id_lang>
<name><![CDATA[reaching]]></name>
</tag>
<tag><id_tag><![CDATA[7980]]></id_tag>
<id_lang><![CDATA[3]]></id_lang>
<name><![CDATA[semence]]></name>
</tag>
<tag><id_tag><![CDATA[7981]]></id_tag>
<id_lang><![CDATA[3]]></id_lang>
<name><![CDATA[ancetre]]></name>
</tag>
<tag><id_tag><![CDATA[7982]]></id_tag>
<id_lang><![CDATA[3]]></id_lang>
<name><![CDATA[renaissance]]></name>
</tag>
<tag><id_tag><![CDATA[7983]]></id_tag>
<id_lang><![CDATA[3]]></id_lang>
<name><![CDATA[rebirth]]></name>
</tag>
<tag><id_tag><![CDATA[7984]]></id_tag>
<id_lang><![CDATA[1]]></id_lang>
<name><![CDATA[seed]]></name>
</tag>
<tag><id_tag><![CDATA[7985]]></id_tag>
<id_lang><![CDATA[3]]></id_lang>
<name><![CDATA[médecine]]></name>
</tag>
<tag><id_tag><![CDATA[7986]]></id_tag>
<id_lang><![CDATA[3]]></id_lang>
<name><![CDATA[départure]]></name>
</tag>
<tag><id_tag><![CDATA[7987]]></id_tag>
<id_lang><![CDATA[3]]></id_lang>
<name><![CDATA[chant]]></name>
</tag>
<tag><id_tag><![CDATA[7988]]></id_tag>
<id_lang><![CDATA[3]]></id_lang>
<name><![CDATA[enseignement]]></name>
</tag>
<tag><id_tag><![CDATA[7989]]></id_tag>
<id_lang><![CDATA[3]]></id_lang>
<name><![CDATA[tranquilité]]></name>
</tag>
<tag><id_tag><![CDATA[7992]]></id_tag>
<id_lang><![CDATA[3]]></id_lang>
<name><![CDATA[union]]></name>
</tag>
<tag><id_tag><![CDATA[7993]]></id_tag>
<id_lang><![CDATA[3]]></id_lang>
<name><![CDATA[fraise]]></name>
</tag>
<tag><id_tag><![CDATA[7994]]></id_tag>
<id_lang><![CDATA[3]]></id_lang>
<name><![CDATA[ski]]></name>
</tag>
<tag><id_tag><![CDATA[8011]]></id_tag>
<id_lang><![CDATA[3]]></id_lang>
<name><![CDATA[étoile]]></name>
</tag>
<tag><id_tag><![CDATA[8012]]></id_tag>
<id_lang><![CDATA[3]]></id_lang>
<name><![CDATA[paix]]></name>
</tag>
<tag><id_tag><![CDATA[8013]]></id_tag>
<id_lang><![CDATA[1]]></id_lang>
<name><![CDATA[den]]></name>
</tag>
<tag><id_tag><![CDATA[8014]]></id_tag>
<id_lang><![CDATA[3]]></id_lang>
<name><![CDATA[terroir]]></name>
</tag>
<tag><id_tag><![CDATA[8019]]></id_tag>
<id_lang><![CDATA[3]]></id_lang>
<name><![CDATA[emporté]]></name>
</tag>
<tag><id_tag><![CDATA[8021]]></id_tag>
<id_lang><![CDATA[1]]></id_lang>
<name><![CDATA[child]]></name>
</tag>
<tag><id_tag><![CDATA[8027]]></id_tag>
<id_lang><![CDATA[3]]></id_lang>
<name><![CDATA[départ]]></name>
</tag>
<tag><id_tag><![CDATA[8029]]></id_tag>
<id_lang><![CDATA[3]]></id_lang>
<name><![CDATA[teamwork]]></name>
</tag>
<tag><id_tag><![CDATA[8031]]></id_tag>
<id_lang><![CDATA[3]]></id_lang>
<name><![CDATA[enseinte]]></name>
</tag>
<tag><id_tag><![CDATA[8034]]></id_tag>
<id_lang><![CDATA[3]]></id_lang>
<name><![CDATA[glace]]></name>
</tag>
<tag><id_tag><![CDATA[8035]]></id_tag>
<id_lang><![CDATA[3]]></id_lang>
<name><![CDATA[utérus]]></name>
</tag>
<tag><id_tag><![CDATA[8036]]></id_tag>
<id_lang><![CDATA[3]]></id_lang>
<name><![CDATA[cougar]]></name>
</tag>
<tag><id_tag><![CDATA[8037]]></id_tag>
<id_lang><![CDATA[3]]></id_lang>
<name><![CDATA[messager]]></name>
</tag>
<tag><id_tag><![CDATA[8040]]></id_tag>
<id_lang><![CDATA[3]]></id_lang>
<name><![CDATA[tendresse]]></name>
</tag>
<tag><id_tag><![CDATA[8043]]></id_tag>
<id_lang><![CDATA[3]]></id_lang>
<name><![CDATA[altérité]]></name>
</tag>
<tag><id_tag><![CDATA[8049]]></id_tag>
<id_lang><![CDATA[3]]></id_lang>
<name><![CDATA[sentier]]></name>
</tag>
<tag><id_tag><![CDATA[8054]]></id_tag>
<id_lang><![CDATA[3]]></id_lang>
<name><![CDATA[pole]]></name>
</tag>
<tag><id_tag><![CDATA[8055]]></id_tag>
<id_lang><![CDATA[3]]></id_lang>
<name><![CDATA[traversé]]></name>
</tag>
<tag><id_tag><![CDATA[8063]]></id_tag>
<id_lang><![CDATA[3]]></id_lang>
<name><![CDATA[jeu]]></name>
</tag>
<tag><id_tag><![CDATA[8064]]></id_tag>
<id_lang><![CDATA[3]]></id_lang>
<name><![CDATA[balancoir]]></name>
</tag>
<tag><id_tag><![CDATA[8086]]></id_tag>
<id_lang><![CDATA[3]]></id_lang>
<name><![CDATA[silent]]></name>
</tag>
<tag><id_tag><![CDATA[8097]]></id_tag>
<id_lang><![CDATA[3]]></id_lang>
<name><![CDATA[élément]]></name>
</tag>
<tag><id_tag><![CDATA[8098]]></id_tag>
<id_lang><![CDATA[3]]></id_lang>
<name><![CDATA[roue]]></name>
</tag>
<tag><id_tag><![CDATA[8099]]></id_tag>
<id_lang><![CDATA[3]]></id_lang>
<name><![CDATA[direction]]></name>
</tag>
<tag><id_tag><![CDATA[8130]]></id_tag>
<id_lang><![CDATA[1]]></id_lang>
<name><![CDATA[warmth]]></name>
</tag>
<tag><id_tag><![CDATA[8137]]></id_tag>
<id_lang><![CDATA[3]]></id_lang>
<name><![CDATA[flamme]]></name>
</tag>
<tag><id_tag><![CDATA[8138]]></id_tag>
<id_lang><![CDATA[1]]></id_lang>
<name><![CDATA[dog]]></name>
</tag>
<tag><id_tag><![CDATA[8139]]></id_tag>
<id_lang><![CDATA[3]]></id_lang>
<name><![CDATA[chien]]></name>
</tag>
<tag><id_tag><![CDATA[8141]]></id_tag>
<id_lang><![CDATA[3]]></id_lang>
<name><![CDATA[poles]]></name>
</tag>
<tag><id_tag><![CDATA[8143]]></id_tag>
<id_lang><![CDATA[3]]></id_lang>
<name><![CDATA[fille]]></name>
</tag>
<tag><id_tag><![CDATA[8146]]></id_tag>
<id_lang><![CDATA[1]]></id_lang>
<name><![CDATA[sharing]]></name>
</tag>
<tag><id_tag><![CDATA[8147]]></id_tag>
<id_lang><![CDATA[1]]></id_lang>
<name><![CDATA[honor]]></name>
</tag>
<tag><id_tag><![CDATA[8148]]></id_tag>
<id_lang><![CDATA[3]]></id_lang>
<name><![CDATA[partage]]></name>
</tag>
<tag><id_tag><![CDATA[8149]]></id_tag>
<id_lang><![CDATA[3]]></id_lang>
<name><![CDATA[respect]]></name>
</tag>
<tag><id_tag><![CDATA[8150]]></id_tag>
<id_lang><![CDATA[3]]></id_lang>
<name><![CDATA[force]]></name>
</tag>
<tag><id_tag><![CDATA[8152]]></id_tag>
<id_lang><![CDATA[3]]></id_lang>
<name><![CDATA[guérison]]></name>
</tag>
<tag><id_tag><![CDATA[8156]]></id_tag>
<id_lang><![CDATA[3]]></id_lang>
<name><![CDATA[relation]]></name>
</tag>
<tag><id_tag><![CDATA[8157]]></id_tag>
<id_lang><![CDATA[3]]></id_lang>
<name><![CDATA[empreintes ancestrales]]></name>
</tag>
<tag><id_tag><![CDATA[8160]]></id_tag>
<id_lang><![CDATA[1]]></id_lang>
<name><![CDATA[courage]]></name>
</tag>
<tag><id_tag><![CDATA[8161]]></id_tag>
<id_lang><![CDATA[3]]></id_lang>
<name><![CDATA[courage]]></name>
</tag>
<tag><id_tag><![CDATA[8163]]></id_tag>
<id_lang><![CDATA[3]]></id_lang>
<name><![CDATA[trust]]></name>
</tag>
<tag><id_tag><![CDATA[8164]]></id_tag>
<id_lang><![CDATA[1]]></id_lang>
<name><![CDATA[fusion]]></name>
</tag>
<tag><id_tag><![CDATA[8170]]></id_tag>
<id_lang><![CDATA[1]]></id_lang>
<name><![CDATA[outarde]]></name>
</tag>
<tag><id_tag><![CDATA[8171]]></id_tag>
<id_lang><![CDATA[1]]></id_lang>
<name><![CDATA[amitié]]></name>
</tag>
<tag><id_tag><![CDATA[8172]]></id_tag>
<id_lang><![CDATA[1]]></id_lang>
<name><![CDATA[abondance]]></name>
</tag>
<tag><id_tag><![CDATA[8173]]></id_tag>
<id_lang><![CDATA[1]]></id_lang>
<name><![CDATA[famille]]></name>
</tag>
<tag><id_tag><![CDATA[8174]]></id_tag>
<id_lang><![CDATA[1]]></id_lang>
<name><![CDATA[protecteur]]></name>
</tag>
<tag><id_tag><![CDATA[8175]]></id_tag>
<id_lang><![CDATA[1]]></id_lang>
<name><![CDATA[vie]]></name>
</tag>
<tag><id_tag><![CDATA[8176]]></id_tag>
<id_lang><![CDATA[1]]></id_lang>
<name><![CDATA[souffle]]></name>
</tag>
<tag><id_tag><![CDATA[8177]]></id_tag>
<id_lang><![CDATA[1]]></id_lang>
<name><![CDATA[carried]]></name>
</tag>
<tag><id_tag><![CDATA[8182]]></id_tag>
<id_lang><![CDATA[1]]></id_lang>
<name><![CDATA[hiver]]></name>
</tag>
<tag><id_tag><![CDATA[8183]]></id_tag>
<id_lang><![CDATA[1]]></id_lang>
<name><![CDATA[passé]]></name>
</tag>
<tag><id_tag><![CDATA[8184]]></id_tag>
<id_lang><![CDATA[1]]></id_lang>
<name><![CDATA[future]]></name>
</tag>
<tag><id_tag><![CDATA[8185]]></id_tag>
<id_lang><![CDATA[1]]></id_lang>
<name><![CDATA[neige]]></name>
</tag>
<tag><id_tag><![CDATA[8186]]></id_tag>
<id_lang><![CDATA[3]]></id_lang>
<name><![CDATA[traversée]]></name>
</tag>
<tag><id_tag><![CDATA[8187]]></id_tag>
<id_lang><![CDATA[3]]></id_lang>
<name><![CDATA[quenouilles]]></name>
</tag>
<tag><id_tag><![CDATA[8188]]></id_tag>
<id_lang><![CDATA[3]]></id_lang>
<name><![CDATA[chemin]]></name>
</tag>
<tag><id_tag><![CDATA[8192]]></id_tag>
<id_lang><![CDATA[3]]></id_lang>
<name><![CDATA[serène]]></name>
</tag>
<tag><id_tag><![CDATA[8194]]></id_tag>
<id_lang><![CDATA[3]]></id_lang>
<name><![CDATA[our]]></name>
</tag>
<tag><id_tag><![CDATA[8196]]></id_tag>
<id_lang><![CDATA[1]]></id_lang>
<name><![CDATA[safety]]></name>
</tag>
<tag><id_tag><![CDATA[8197]]></id_tag>
<id_lang><![CDATA[1]]></id_lang>
<name><![CDATA[ciel]]></name>
</tag>
<tag><id_tag><![CDATA[8198]]></id_tag>
<id_lang><![CDATA[1]]></id_lang>
<name><![CDATA[soeur]]></name>
</tag>
<tag><id_tag><![CDATA[8199]]></id_tag>
<id_lang><![CDATA[1]]></id_lang>
<name><![CDATA[relation]]></name>
</tag>
<tag><id_tag><![CDATA[8214]]></id_tag>
<id_lang><![CDATA[3]]></id_lang>
<name><![CDATA[insole]]></name>
</tag>
<tag><id_tag><![CDATA[8215]]></id_tag>
<id_lang><![CDATA[3]]></id_lang>
<name><![CDATA[semelle]]></name>
</tag>
<tag><id_tag><![CDATA[8216]]></id_tag>
<id_lang><![CDATA[3]]></id_lang>
<name><![CDATA[sheepskin]]></name>
</tag>
<tag><id_tag><![CDATA[8217]]></id_tag>
<id_lang><![CDATA[3]]></id_lang>
<name><![CDATA[trajet]]></name>
</tag>
<tag><id_tag><![CDATA[8218]]></id_tag>
<id_lang><![CDATA[1]]></id_lang>
<name><![CDATA[hummingbirg]]></name>
</tag>
<tag><id_tag><![CDATA[8219]]></id_tag>
<id_lang><![CDATA[1]]></id_lang>
<name><![CDATA[crossbody]]></name>
</tag>
<tag><id_tag><![CDATA[8220]]></id_tag>
<id_lang><![CDATA[3]]></id_lang>
<name><![CDATA[bandouliere]]></name>
</tag>
<tag><id_tag><![CDATA[8227]]></id_tag>
<id_lang><![CDATA[3]]></id_lang>
<name><![CDATA[connie]]></name>
</tag>
<tag><id_tag><![CDATA[8228]]></id_tag>
<id_lang><![CDATA[3]]></id_lang>
<name><![CDATA[dickens]]></name>
</tag>
<tag><id_tag><![CDATA[8231]]></id_tag>
<id_lang><![CDATA[1]]></id_lang>
<name><![CDATA[solo]]></name>
</tag>
<tag><id_tag><![CDATA[8238]]></id_tag>
<id_lang><![CDATA[3]]></id_lang>
<name><![CDATA[bear]]></name>
</tag>
<tag><id_tag><![CDATA[8239]]></id_tag>
<id_lang><![CDATA[3]]></id_lang>
<name><![CDATA[box]]></name>
</tag>
<tag><id_tag><![CDATA[8245]]></id_tag>
<id_lang><![CDATA[1]]></id_lang>
<name><![CDATA[coquille]]></name>
</tag>
<tag><id_tag><![CDATA[8246]]></id_tag>
<id_lang><![CDATA[1]]></id_lang>
<name><![CDATA[smudge]]></name>
</tag>
<tag><id_tag><![CDATA[8247]]></id_tag>
<id_lang><![CDATA[3]]></id_lang>
<name><![CDATA[shell]]></name>
</tag>
<tag><id_tag><![CDATA[8248]]></id_tag>
<id_lang><![CDATA[3]]></id_lang>
<name><![CDATA[coquille]]></name>
</tag>
<tag><id_tag><![CDATA[8249]]></id_tag>
<id_lang><![CDATA[3]]></id_lang>
<name><![CDATA[ormeau]]></name>
</tag>
<tag><id_tag><![CDATA[8253]]></id_tag>
<id_lang><![CDATA[1]]></id_lang>
<name><![CDATA[curious]]></name>
</tag>
<tag><id_tag><![CDATA[8254]]></id_tag>
<id_lang><![CDATA[1]]></id_lang>
<name><![CDATA[curieusement]]></name>
</tag>
<tag><id_tag><![CDATA[8255]]></id_tag>
<id_lang><![CDATA[1]]></id_lang>
<name><![CDATA[curieux]]></name>
</tag>
<tag><id_tag><![CDATA[8256]]></id_tag>
<id_lang><![CDATA[3]]></id_lang>
<name><![CDATA[abundance]]></name>
</tag>
<tag><id_tag><![CDATA[8257]]></id_tag>
<id_lang><![CDATA[3]]></id_lang>
<name><![CDATA[enceinte]]></name>
</tag>
<tag><id_tag><![CDATA[8258]]></id_tag>
<id_lang><![CDATA[1]]></id_lang>
<name><![CDATA[healing]]></name>
</tag>
<tag><id_tag><![CDATA[8260]]></id_tag>
<id_lang><![CDATA[3]]></id_lang>
<name><![CDATA[depth]]></name>
</tag>
<tag><id_tag><![CDATA[8261]]></id_tag>
<id_lang><![CDATA[3]]></id_lang>
<name><![CDATA[orca]]></name>
</tag>
<tag><id_tag><![CDATA[8262]]></id_tag>
<id_lang><![CDATA[3]]></id_lang>
<name><![CDATA[whale]]></name>
</tag>
<tag><id_tag><![CDATA[8263]]></id_tag>
<id_lang><![CDATA[3]]></id_lang>
<name><![CDATA[orc]]></name>
</tag>
<tag><id_tag><![CDATA[8264]]></id_tag>
<id_lang><![CDATA[1]]></id_lang>
<name><![CDATA[womg]]></name>
</tag>
<tag><id_tag><![CDATA[8265]]></id_tag>
<id_lang><![CDATA[3]]></id_lang>
<name><![CDATA[moose]]></name>
</tag>
<tag><id_tag><![CDATA[8266]]></id_tag>
<id_lang><![CDATA[3]]></id_lang>
<name><![CDATA[goose]]></name>
</tag>
<tag><id_tag><![CDATA[8272]]></id_tag>
<id_lang><![CDATA[3]]></id_lang>
<name><![CDATA[bouleau]]></name>
</tag>
<tag><id_tag><![CDATA[8273]]></id_tag>
<id_lang><![CDATA[1]]></id_lang>
<name><![CDATA[ear]]></name>
</tag>
<tag><id_tag><![CDATA[8274]]></id_tag>
<id_lang><![CDATA[1]]></id_lang>
<name><![CDATA[baleine]]></name>
</tag>
<tag><id_tag><![CDATA[8275]]></id_tag>
<id_lang><![CDATA[1]]></id_lang>
<name><![CDATA[orque]]></name>
</tag>
<tag><id_tag><![CDATA[8276]]></id_tag>
<id_lang><![CDATA[1]]></id_lang>
<name><![CDATA[profondeur]]></name>
</tag>
<tag><id_tag><![CDATA[8277]]></id_tag>
<id_lang><![CDATA[3]]></id_lang>
<name><![CDATA[velour]]></name>
</tag>
<tag><id_tag><![CDATA[8278]]></id_tag>
<id_lang><![CDATA[1]]></id_lang>
<name><![CDATA[ocean]]></name>
</tag>
<tag><id_tag><![CDATA[8281]]></id_tag>
<id_lang><![CDATA[1]]></id_lang>
<name><![CDATA[white raven]]></name>
</tag>
<tag><id_tag><![CDATA[8282]]></id_tag>
<id_lang><![CDATA[3]]></id_lang>
<name><![CDATA[arbres]]></name>
</tag>
</entity_profile>
