<?xml version="1.0" encoding="UTF-8"?>
<entity_profile>
<tax_rules_group><id_tax_rules_group><![CDATA[1]]></id_tax_rules_group>
<name><![CDATA[CA Standard Rate]]></name>
<active><![CDATA[1]]></active>
<deleted><![CDATA[1]]></deleted>
<date_add><![CDATA[2018-07-06 09:19:04]]></date_add>
<date_upd><![CDATA[2020-04-16 17:20:11]]></date_upd>
<datashop id_shop="1"></datashop>
</tax_rules_group>
<tax_rules_group><id_tax_rules_group><![CDATA[3]]></id_tax_rules_group>
<name><![CDATA[Gift card (0%)]]></name>
<active><![CDATA[1]]></active>
<deleted><![CDATA[1]]></deleted>
<date_add><![CDATA[2020-04-08 15:44:03]]></date_add>
<date_upd><![CDATA[2020-06-13 13:44:33]]></date_upd>
<datashop id_shop="1"></datashop>
</tax_rules_group>
<tax_rules_group><id_tax_rules_group><![CDATA[4]]></id_tax_rules_group>
<name><![CDATA[CA Standard Rate]]></name>
<active><![CDATA[1]]></active>
<deleted><![CDATA[1]]></deleted>
<date_add><![CDATA[2018-07-06 09:19:04]]></date_add>
<date_upd><![CDATA[2020-06-13 13:38:20]]></date_upd>
<datashop id_shop="1"></datashop>
</tax_rules_group>
<tax_rules_group><id_tax_rules_group><![CDATA[5]]></id_tax_rules_group>
<name><![CDATA[Gift card (0%)]]></name>
<active><![CDATA[1]]></active>
<deleted><![CDATA[0]]></deleted>
<date_add><![CDATA[2020-05-02 14:48:34]]></date_add>
<date_upd><![CDATA[2020-05-02 14:48:34]]></date_upd>
<datashop id_shop="1"></datashop>
</tax_rules_group>
<tax_rules_group><id_tax_rules_group><![CDATA[6]]></id_tax_rules_group>
<name><![CDATA[CA Standard Rate]]></name>
<active><![CDATA[1]]></active>
<deleted><![CDATA[1]]></deleted>
<date_add><![CDATA[2018-07-06 09:19:04]]></date_add>
<date_upd><![CDATA[2020-07-09 15:55:18]]></date_upd>
<datashop id_shop="1"></datashop>
</tax_rules_group>
<tax_rules_group><id_tax_rules_group><![CDATA[8]]></id_tax_rules_group>
<name><![CDATA[Gift card (0%)]]></name>
<active><![CDATA[0]]></active>
<deleted><![CDATA[0]]></deleted>
<date_add><![CDATA[2020-04-08 15:44:03]]></date_add>
<date_upd><![CDATA[2020-06-13 14:08:40]]></date_upd>
<datashop id_shop="1"></datashop>
</tax_rules_group>
<tax_rules_group><id_tax_rules_group><![CDATA[9]]></id_tax_rules_group>
<name><![CDATA[Instore]]></name>
<active><![CDATA[1]]></active>
<deleted><![CDATA[1]]></deleted>
<date_add><![CDATA[2020-06-16 13:39:33]]></date_add>
<date_upd><![CDATA[2020-07-10 14:34:09]]></date_upd>
<datashop id_shop="1"></datashop>
</tax_rules_group>
<tax_rules_group><id_tax_rules_group><![CDATA[10]]></id_tax_rules_group>
<name><![CDATA[CA Standard Rate]]></name>
<active><![CDATA[1]]></active>
<deleted><![CDATA[1]]></deleted>
<date_add><![CDATA[2018-07-06 09:19:04]]></date_add>
<date_upd><![CDATA[2020-08-30 16:17:34]]></date_upd>
<datashop id_shop="1"></datashop>
</tax_rules_group>
<tax_rules_group><id_tax_rules_group><![CDATA[11]]></id_tax_rules_group>
<name><![CDATA[Instore]]></name>
<active><![CDATA[1]]></active>
<deleted><![CDATA[1]]></deleted>
<date_add><![CDATA[2020-06-16 13:39:33]]></date_add>
<date_upd><![CDATA[2020-07-19 11:54:55]]></date_upd>
<datashop id_shop="1"></datashop>
</tax_rules_group>
<tax_rules_group><id_tax_rules_group><![CDATA[12]]></id_tax_rules_group>
<name><![CDATA[Instore]]></name>
<active><![CDATA[1]]></active>
<deleted><![CDATA[1]]></deleted>
<date_add><![CDATA[2020-06-16 13:39:33]]></date_add>
<date_upd><![CDATA[2020-10-03 18:39:46]]></date_upd>
<datashop id_shop="1"></datashop>
</tax_rules_group>
<tax_rules_group><id_tax_rules_group><![CDATA[13]]></id_tax_rules_group>
<name><![CDATA[Books]]></name>
<active><![CDATA[1]]></active>
<deleted><![CDATA[0]]></deleted>
<date_add><![CDATA[2020-08-30 16:12:14]]></date_add>
<date_upd><![CDATA[2020-08-30 16:13:21]]></date_upd>
<datashop id_shop="1"></datashop>
</tax_rules_group>
<tax_rules_group><id_tax_rules_group><![CDATA[14]]></id_tax_rules_group>
<name><![CDATA[CA Standard Rate]]></name>
<active><![CDATA[1]]></active>
<deleted><![CDATA[1]]></deleted>
<date_add><![CDATA[2018-07-06 09:19:04]]></date_add>
<date_upd><![CDATA[2020-10-03 19:30:38]]></date_upd>
<datashop id_shop="1"></datashop>
</tax_rules_group>
<tax_rules_group><id_tax_rules_group><![CDATA[17]]></id_tax_rules_group>
<name><![CDATA[Instore2]]></name>
<active><![CDATA[1]]></active>
<deleted><![CDATA[1]]></deleted>
<date_add><![CDATA[2020-10-03 18:51:13]]></date_add>
<date_upd><![CDATA[2020-10-03 19:38:39]]></date_upd>
<datashop id_shop="1"></datashop>
</tax_rules_group>
<tax_rules_group><id_tax_rules_group><![CDATA[18]]></id_tax_rules_group>
<name><![CDATA[CA Standard Rate]]></name>
<active><![CDATA[1]]></active>
<deleted><![CDATA[1]]></deleted>
<date_add><![CDATA[2018-07-06 09:19:04]]></date_add>
<date_upd><![CDATA[2021-01-14 16:04:22]]></date_upd>
<datashop id_shop="1"></datashop>
</tax_rules_group>
<tax_rules_group><id_tax_rules_group><![CDATA[19]]></id_tax_rules_group>
<name><![CDATA[Instore]]></name>
<active><![CDATA[1]]></active>
<deleted><![CDATA[1]]></deleted>
<date_add><![CDATA[2020-10-03 18:51:13]]></date_add>
<date_upd><![CDATA[2021-01-14 16:05:03]]></date_upd>
<datashop id_shop="1"></datashop>
</tax_rules_group>
<tax_rules_group><id_tax_rules_group><![CDATA[20]]></id_tax_rules_group>
<name><![CDATA[No Tax]]></name>
<active><![CDATA[1]]></active>
<deleted><![CDATA[0]]></deleted>
<date_add><![CDATA[2020-12-11 13:28:41]]></date_add>
<date_upd><![CDATA[2020-12-13 17:28:24]]></date_upd>
<datashop id_shop="1"></datashop>
</tax_rules_group>
<tax_rules_group><id_tax_rules_group><![CDATA[21]]></id_tax_rules_group>
<name><![CDATA[CA Standard Rate]]></name>
<active><![CDATA[0]]></active>
<deleted><![CDATA[1]]></deleted>
<date_add><![CDATA[2018-07-06 09:19:04]]></date_add>
<date_upd><![CDATA[2021-01-15 13:18:02]]></date_upd>
<datashop id_shop="1"></datashop>
</tax_rules_group>
<tax_rules_group><id_tax_rules_group><![CDATA[22]]></id_tax_rules_group>
<name><![CDATA[Instore]]></name>
<active><![CDATA[0]]></active>
<deleted><![CDATA[0]]></deleted>
<date_add><![CDATA[2020-10-03 18:51:13]]></date_add>
<date_upd><![CDATA[2021-01-18 14:19:32]]></date_upd>
<datashop id_shop="1"></datashop>
</tax_rules_group>
<tax_rules_group><id_tax_rules_group><![CDATA[23]]></id_tax_rules_group>
<name><![CDATA[CA Standard Rate]]></name>
<active><![CDATA[1]]></active>
<deleted><![CDATA[1]]></deleted>
<date_add><![CDATA[2018-07-06 09:19:04]]></date_add>
<date_upd><![CDATA[2021-01-15 15:43:45]]></date_upd>
<datashop id_shop="1"></datashop>
</tax_rules_group>
<tax_rules_group><id_tax_rules_group><![CDATA[24]]></id_tax_rules_group>
<name><![CDATA[CA Standard Rate]]></name>
<active><![CDATA[1]]></active>
<deleted><![CDATA[0]]></deleted>
<date_add><![CDATA[2018-07-06 09:19:04]]></date_add>
<date_upd><![CDATA[2021-01-15 15:43:45]]></date_upd>
<datashop id_shop="1"></datashop>
</tax_rules_group>
</entity_profile>
